evaluation,entry,valid,reason,cost,best_cost,tt,tb,TBase,Base,LToe,StemDB,StemSP,ToeDB,ToeSP,HeelDB,HeelSP
1,initial,True,PASS_IMPLEMENTED_PROJECT_CHECKS,21582.5343600000,21582.5343600000,0.6000000000,0.6000000000,0.7500000000,3.5000000000,1.0000000000,104,110,104,110,104,110
2,neighbor,True,PASS_IMPLEMENTED_PROJECT_CHECKS,19468.9164200000,19468.9164200000,0.5500000000,0.5500000000,0.7500000000,3.5000000000,0.9000000000,104,110,102,110,104,112
3,neighbor,False,MINIMUM_MAIN_STEEL,999999999.0000000000,19468.9164200000,0.5750000000,0.6000000000,0.7500000000,3.0000000000,0.9000000000,104,112,104,110,102,113
4,neighbor,True,PASS_IMPLEMENTED_PROJECT_CHECKS,16576.7687070000,16576.7687070000,0.5750000000,0.6000000000,0.7500000000,3.0000000000,0.8000000000,104,111,102,112,104,113
5,neighbor,True,PASS_IMPLEMENTED_PROJECT_CHECKS,16646.0372800000,16576.7687070000,0.5000000000,0.5000000000,0.6500000000,3.0000000000,0.8000000000,104,110,102,111,103,113
6,neighbor,False,MINIMUM_MAIN_STEEL,999999999.0000000000,16576.7687070000,0.5750000000,0.6000000000,0.7500000000,3.0000000000,1.0000000000,104,111,100,112,102,113
7,neighbor,False,MINIMUM_MAIN_STEEL,999999999.0000000000,16576.7687070000,0.5500000000,0.5500000000,0.6500000000,3.5000000000,0.8000000000,102,111,100,110,103,113
8,neighbor,False,MINIMUM_MAIN_STEEL,999999999.0000000000,16576.7687070000,0.5500000000,0.5500000000,0.7500000000,3.0000000000,0.7000000000,102,110,101,111,104,111
9,neighbor,False,MINIMUM_MAIN_STEEL,999999999.0000000000,16576.7687070000,0.6000000000,0.6000000000,0.7000000000,2.5000000000,0.9000000000,104,110,102,113,103,113
10,neighbor,False,ENVELOPE_BASE_CONTACT,999999999.0000000000,16576.7687070000,0.5000000000,0.5000000000,0.6500000000,2.5000000000,0.6000000000,104,112,101,110,104,113
11,neighbor,True,PASS_IMPLEMENTED_PROJECT_CHECKS,18541.3346970000,16576.7687070000,0.5250000000,0.6000000000,0.7500000000,3.0000000000,0.8000000000,104,110,104,110,104,113
12,neighbor,False,ENVELOPE_BASE_CONTACT,999999999.0000000000,16576.7687070000,0.5500000000,0.6000000000,0.5000000000,2.5000000000,0.8000000000,104,113,104,112,104,111
13,neighbor,False,ENVELOPE_BASE_CONTACT,999999999.0000000000,16576.7687070000,0.5250000000,0.6000000000,0.7500000000,2.5000000000,0.8000000000,104,110,102,110,103,113
14,neighbor,False,MINIMUM_MAIN_STEEL,999999999.0000000000,16576.7687070000,0.5500000000,0.6000000000,0.7500000000,3.5000000000,0.7000000000,102,112,104,112,103,113
15,neighbor,False,INVALID_GEOMETRY_OR_INPUT,999999999.0000000000,16576.7687070000,0.5250000000,0.6000000000,0.7500000000,2.5000000000,1.0000000000,102,110,102,111,104,113
16,neighbor,False,INVALID_GEOMETRY_OR_INPUT,999999999.0000000000,16576.7687070000,0.5500000000,0.5500000000,0.7500000000,2.5000000000,1.0000000000,104,111,102,113,104,113
17,neighbor,False,ENVELOPE_BASE_CONTACT,999999999.0000000000,16576.7687070000,0.5500000000,0.5500000000,0.7500000000,2.5000000000,0.6000000000,102,110,104,112,104,113
18,neighbor,False,MINIMUM_MAIN_STEEL,999999999.0000000000,16576.7687070000,0.5500000000,0.6000000000,0.6500000000,3.5000000000,0.9000000000,103,110,101,113,103,112
19,neighbor,True,PASS_IMPLEMENTED_PROJECT_CHECKS,14518.1994600000,14518.1994600000,0.5500000000,0.5500000000,0.5000000000,3.0000000000,1.0000000000,102,110,103,110,104,113
20,neighbor,True,PASS_IMPLEMENTED_PROJECT_CHECKS,13580.8093300000,13580.8093300000,0.4500000000,0.4500000000,0.5500000000,3.0000000000,1.0000000000,103,112,103,110,104,111
21,neighbor,False,STEM_STRESS_OR_INTERVAL_BOUND,999999999.0000000000,13580.8093300000,0.4500000000,0.4500000000,0.5500000000,3.5000000000,0.8000000000,101,111,103,110,104,112
22,neighbor,True,PASS_IMPLEMENTED_PROJECT_CHECKS,14922.0361000000,13580.8093300000,0.4500000000,0.5500000000,0.7500000000,3.0000000000,0.8000000000,101,110,103,110,104,111
23,neighbor,False,ENVELOPE_BASE_CONTACT,999999999.0000000000,13580.8093300000,0.3500000000,0.3500000000,0.3000000000,2.5000000000,0.9000000000,101,112,103,110,104,110
24,neighbor,True,PASS_IMPLEMENTED_PROJECT_CHECKS,11060.8635000000,11060.8635000000,0.4000000000,0.4000000000,0.3000000000,3.0000000000,1.0000000000,102,111,102,110,103,110
25,neighbor,False,ENVELOPE_BASE_CONTACT,999999999.0000000000,11060.8635000000,0.3500000000,0.3500000000,0.4500000000,2.5000000000,0.9000000000,103,110,101,110,104,110
26,neighbor,False,ENVELOPE_BASE_CONTACT,999999999.0000000000,11060.8635000000,0.4000000000,0.4000000000,0.3000000000,2.5000000000,1.0000000000,101,110,104,110,102,112
27,neighbor,False,MINIMUM_MAIN_STEEL,999999999.0000000000,11060.8635000000,0.3500000000,0.3500000000,0.3000000000,3.5000000000,1.0000000000,100,112,100,110,101,111
28,neighbor,False,MAXIMUM_MAIN_STEEL,999999999.0000000000,11060.8635000000,0.4500000000,0.4500000000,0.3000000000,3.5000000000,1.0000000000,101,110,102,110,104,110
29,neighbor,False,ENVELOPE_BASE_CONTACT,999999999.0000000000,11060.8635000000,0.3000000000,0.3000000000,0.3500000000,2.5000000000,1.0000000000,101,110,100,110,104,111
30,neighbor,False,ENVELOPE_BASE_CONTACT,999999999.0000000000,11060.8635000000,0.3500000000,0.3500000000,0.3000000000,2.5000000000,1.0000000000,103,110,101,110,103,110
31,neighbor,False,ENVELOPE_BASE_CONTACT,999999999.0000000000,11060.8635000000,0.3750000000,0.4000000000,0.4500000000,2.5000000000,1.0000000000,101,110,102,110,101,110
32,neighbor,False,STEM_STRESS_OR_INTERVAL_BOUND,999999999.0000000000,11060.8635000000,0.3500000000,0.3500000000,0.5000000000,3.5000000000,1.0000000000,101,111,103,112,104,110
33,neighbor,False,MINIMUM_MAIN_STEEL,999999999.0000000000,11060.8635000000,0.3750000000,0.4500000000,0.5500000000,3.5000000000,0.9000000000,102,110,100,111,104,110
34,neighbor,True,PASS_IMPLEMENTED_PROJECT_CHECKS,11107.3747200000,11060.8635000000,0.3000000000,0.3000000000,0.3000000000,3.5000000000,0.9000000000,102,110,104,111,104,112
35,neighbor,False,STEM_STRESS_OR_INTERVAL_BOUND,999999999.0000000000,11060.8635000000,0.3500000000,0.4000000000,0.3500000000,3.0000000000,0.9000000000,102,112,101,111,102,110
36,neighbor,False,STEM_STRESS_OR_INTERVAL_BOUND,999999999.0000000000,11060.8635000000,0.3750000000,0.4500000000,0.3000000000,3.5000000000,1.0000000000,102,112,102,110,104,111
37,neighbor,False,MINIMUM_MAIN_STEEL,999999999.0000000000,11060.8635000000,0.3500000000,0.5000000000,0.4000000000,3.0000000000,0.8000000000,100,112,102,110,104,110
38,neighbor,False,MINIMUM_MAIN_STEEL,999999999.0000000000,11060.8635000000,0.3750000000,0.4500000000,0.3000000000,2.5000000000,1.0000000000,102,113,104,111,104,110
39,neighbor,False,MINIMUM_MAIN_STEEL,999999999.0000000000,11060.8635000000,0.3000000000,0.3000000000,0.3000000000,2.5000000000,1.0000000000,102,112,100,112,104,110
40,neighbor,False,ENVELOPE_BASE_CONTACT,999999999.0000000000,11060.8635000000,0.3000000000,0.3000000000,0.3000000000,2.5000000000,0.9000000000,101,111,100,110,102,110
41,neighbor,False,STEM_STRESS_OR_INTERVAL_BOUND,999999999.0000000000,11060.8635000000,0.3000000000,0.3000000000,0.3000000000,3.5000000000,1.0000000000,102,113,104,111,104,111
42,neighbor,False,ENVELOPE_BASE_CONTACT,999999999.0000000000,11060.8635000000,0.3500000000,0.3500000000,0.3500000000,2.5000000000,1.0000000000,103,110,104,110,104,111
43,neighbor,True,PASS_IMPLEMENTED_PROJECT_CHECKS,13478.0238720000,11060.8635000000,0.3500000000,0.4500000000,0.4000000000,3.5000000000,0.9000000000,104,113,102,110,104,110
44,neighbor,False,ENVELOPE_BASE_CONTACT,999999999.0000000000,11060.8635000000,0.4250000000,0.4500000000,0.3500000000,2.5000000000,1.0000000000,102,112,100,111,103,111
45,neighbor,False,MINIMUM_MAIN_STEEL,999999999.0000000000,11060.8635000000,0.3000000000,0.3000000000,0.3000000000,2.5000000000,1.0000000000,100,113,103,110,102,110
46,neighbor,False,STEM_STRESS_OR_INTERVAL_BOUND,999999999.0000000000,11060.8635000000,0.3000000000,0.3000000000,0.3000000000,3.5000000000,1.0000000000,101,110,100,110,102,110
47,neighbor,False,MEMBER_FLEXURE,999999999.0000000000,11060.8635000000,0.3000000000,0.3000000000,0.3000000000,3.0000000000,1.0000000000,103,110,102,110,102,112
48,neighbor,False,MINIMUM_MAIN_STEEL,999999999.0000000000,11060.8635000000,0.3500000000,0.3500000000,0.5000000000,2.5000000000,0.9000000000,100,111,104,110,104,110
49,neighbor,True,PASS_IMPLEMENTED_PROJECT_CHECKS,17365.4780200000,11060.8635000000,0.4000000000,0.4500000000,0.5000000000,3.5000000000,1.0000000000,104,110,101,110,104,110
50,neighbor,False,MINIMUM_MAIN_STEEL,999999999.0000000000,11060.8635000000,0.4000000000,0.5000000000,0.3000000000,3.0000000000,1.0000000000,100,110,101,110,101,112
51,neighbor,False,ENVELOPE_BASE_CONTACT,999999999.0000000000,11060.8635000000,0.3500000000,0.4500000000,0.3000000000,2.5000000000,1.0000000000,103,111,103,110,104,110
52,neighbor,False,MINIMUM_MAIN_STEEL,999999999.0000000000,11060.8635000000,0.4000000000,0.4000000000,0.3000000000,2.5000000000,1.0000000000,100,113,104,112,104,112
53,neighbor,False,MEMBER_FLEXURE,999999999.0000000000,11060.8635000000,0.3000000000,0.3000000000,0.3000000000,3.5000000000,1.0000000000,102,110,102,110,101,111
54,neighbor,False,MINIMUM_MAIN_STEEL,999999999.0000000000,11060.8635000000,0.4250000000,0.5000000000,0.4500000000,3.0000000000,1.0000000000,101,111,100,110,104,110
55,neighbor,True,PASS_IMPLEMENTED_PROJECT_CHECKS,10702.8325000000,10702.8325000000,0.3000000000,0.3000000000,0.3000000000,3.5000000000,0.8000000000,103,111,103,112,103,112
56,neighbor,False,MAXIMUM_MAIN_STEEL,999999999.0000000000,10702.8325000000,0.2500000000,0.3500000000,0.5500000000,3.5000000000,0.8000000000,104,111,103,111,104,113
57,neighbor,False,MAXIMUM_MAIN_STEEL,999999999.0000000000,10702.8325000000,0.2750000000,0.4000000000,0.4500000000,3.0000000000,0.7000000000,104,110,101,112,102,112
58,neighbor,False,STEM_STRESS_OR_INTERVAL_BOUND,999999999.0000000000,10702.8325000000,0.2500000000,0.3000000000,0.3000000000,3.5000000000,0.9000000000,103,112,104,113,102,113
59,neighbor,False,STEM_STRESS_OR_INTERVAL_BOUND,999999999.0000000000,10702.8325000000,0.2500000000,0.2500000000,0.3000000000,3.0000000000,0.7000000000,101,112,101,113,104,113
60,neighbor,False,STEM_STRESS_OR_INTERVAL_BOUND,999999999.0000000000,10702.8325000000,0.2500000000,0.3500000000,0.5000000000,3.5000000000,0.7000000000,103,113,104,110,104,113
61,neighbor,False,STEM_STRESS_OR_INTERVAL_BOUND,999999999.0000000000,10702.8325000000,0.2000000000,0.2000000000,0.5500000000,3.5000000000,1.0000000000,102,112,103,113,102,113
62,neighbor,True,PASS_IMPLEMENTED_PROJECT_CHECKS,10216.8346820000,10216.8346820000,0.3000000000,0.3500000000,0.3000000000,3.5000000000,0.8000000000,103,112,101,110,104,113
63,neighbor,False,STEM_STRESS_OR_INTERVAL_BOUND,999999999.0000000000,10216.8346820000,0.2500000000,0.2500000000,0.3500000000,3.0000000000,0.8000000000,104,110,100,111,103,113
64,neighbor,True,PASS_IMPLEMENTED_PROJECT_CHECKS,9770.9159500000,9770.9159500000,0.2500000000,0.4000000000,0.4000000000,3.0000000000,0.6000000000,101,110,100,110,103,112
65,neighbor,False,ENVELOPE_BASE_CONTACT,999999999.0000000000,9770.9159500000,0.2000000000,0.5000000000,0.4500000000,2.5000000000,0.6000000000,102,110,100,110,104,111
66,neighbor,False,MINIMUM_MAIN_STEEL,999999999.0000000000,9770.9159500000,0.2250000000,0.4000000000,0.6500000000,3.5000000000,0.7000000000,100,112,102,111,104,111
67,neighbor,False,MINIMUM_MAIN_STEEL,999999999.0000000000,9770.9159500000,0.2500000000,0.3000000000,0.3000000000,3.5000000000,0.5000000000,100,112,100,111,104,110
68,neighbor,False,MINIMUM_MAIN_STEEL,999999999.0000000000,9770.9159500000,0.2000000000,0.5000000000,0.4000000000,2.5000000000,0.6000000000,100,111,100,110,103,113
69,neighbor,False,MAXIMUM_MAIN_STEEL,999999999.0000000000,9770.9159500000,0.2500000000,0.5000000000,0.3000000000,3.0000000000,0.8000000000,103,110,102,111,104,113
70,neighbor,False,MINIMUM_MAIN_STEEL,999999999.0000000000,9770.9159500000,0.2250000000,0.5000000000,0.3500000000,3.0000000000,0.7000000000,100,110,100,111,103,113
71,neighbor,False,STEM_STRESS_OR_INTERVAL_BOUND,999999999.0000000000,9770.9159500000,0.3000000000,0.3500000000,0.5000000000,3.5000000000,0.5000000000,101,110,100,110,104,111
72,neighbor,True,PASS_IMPLEMENTED_PROJECT_CHECKS,15239.4937500000,9770.9159500000,0.3000000000,0.4500000000,0.6000000000,3.5000000000,0.7000000000,103,110,102,110,103,112
73,neighbor,False,MINIMUM_MAIN_STEEL,999999999.0000000000,9770.9159500000,0.2500000000,0.5000000000,0.6000000000,2.5000000000,0.7000000000,101,112,100,112,101,111
74,neighbor,False,ENVELOPE_BASE_CONTACT,999999999.0000000000,9770.9159500000,0.2500000000,0.5000000000,0.3000000000,2.5000000000,0.7000000000,103,110,100,110,103,113
75,neighbor,False,MINIMUM_MAIN_STEEL,999999999.0000000000,9770.9159500000,0.2000000000,0.5000000000,0.3000000000,3.0000000000,0.8000000000,100,112,100,110,101,110
76,neighbor,True,PASS_IMPLEMENTED_PROJECT_CHECKS,10532.1722400000,9770.9159500000,0.2250000000,0.4500000000,0.5000000000,3.0000000000,0.7000000000,101,110,100,110,103,112
77,neighbor,False,MINIMUM_MAIN_STEEL,999999999.0000000000,9770.9159500000,0.2500000000,0.4000000000,0.5500000000,2.5000000000,0.7000000000,100,110,102,110,102,110
78,neighbor,False,MINIMUM_MAIN_STEEL,999999999.0000000000,9770.9159500000,0.2500000000,0.4000000000,0.3000000000,3.5000000000,0.5000000000,100,111,100,110,104,112
79,neighbor,False,MINIMUM_MAIN_STEEL,999999999.0000000000,9770.9159500000,0.2750000000,0.4500000000,0.4500000000,3.5000000000,0.7000000000,100,110,100,110,101,110
80,neighbor,False,MINIMUM_MAIN_STEEL,999999999.0000000000,9770.9159500000,0.2250000000,0.5000000000,0.5500000000,3.0000000000,0.6000000000,101,110,101,111,101,113
81,neighbor,True,PASS_IMPLEMENTED_PROJECT_CHECKS,11452.8833200000,9770.9159500000,0.3000000000,0.3000000000,0.5000000000,3.0000000000,0.8000000000,103,111,101,111,102,110
82,neighbor,False,ENVELOPE_BASE_CONTACT,999999999.0000000000,9770.9159500000,0.2500000000,0.4500000000,0.3000000000,2.5000000000,0.5000000000,103,110,101,111,104,110
83,neighbor,False,MINIMUM_MAIN_STEEL,999999999.0000000000,9770.9159500000,0.3000000000,0.4500000000,0.6000000000,3.0000000000,0.5000000000,100,110,100,111,101,113
84,neighbor,False,ENVELOPE_BASE_CONTACT,999999999.0000000000,9770.9159500000,0.3000000000,0.4500000000,0.4500000000,2.5000000000,0.5000000000,102,110,100,110,104,113
85,neighbor,False,MINIMUM_MAIN_STEEL,999999999.0000000000,9770.9159500000,0.3000000000,0.5000000000,0.6000000000,3.5000000000,0.5000000000,100,110,100,110,103,110
86,neighbor,False,ENVELOPE_BASE_CONTACT,999999999.0000000000,9770.9159500000,0.2250000000,0.4000000000,0.4500000000,2.5000000000,0.5000000000,101,110,101,110,104,110
87,neighbor,False,MINIMUM_MAIN_STEEL,999999999.0000000000,9770.9159500000,0.3000000000,0.3500000000,0.6500000000,3.5000000000,0.6000000000,103,110,100,112,103,110
88,neighbor,True,PASS_IMPLEMENTED_PROJECT_CHECKS,12180.6301440000,9770.9159500000,0.3000000000,0.4500000000,0.3000000000,3.0000000000,0.8000000000,103,110,100,110,104,113
89,neighbor,False,MINIMUM_MAIN_STEEL,999999999.0000000000,9770.9159500000,0.2250000000,0.4500000000,0.4000000000,2.5000000000,0.8000000000,101,112,101,111,101,111
90,neighbor,False,MINIMUM_MAIN_STEEL,999999999.0000000000,9770.9159500000,0.2000000000,0.3500000000,0.5500000000,2.5000000000,0.8000000000,100,111,100,112,104,111
91,neighbor,False,MINIMUM_MAIN_STEEL,999999999.0000000000,9770.9159500000,0.2250000000,0.5000000000,0.3000000000,2.5000000000,0.6000000000,100,111,100,110,104,111
92,neighbor,False,MINIMUM_MAIN_STEEL,999999999.0000000000,9770.9159500000,0.2250000000,0.4500000000,0.3000000000,2.5000000000,0.5000000000,100,110,100,111,104,113
93,neighbor,False,MINIMUM_MAIN_STEEL,999999999.0000000000,9770.9159500000,0.2000000000,0.3500000000,0.6000000000,3.5000000000,0.5000000000,100,110,102,112,101,113
94,neighbor,False,ENVELOPE_BASE_CONTACT,999999999.0000000000,9770.9159500000,0.2750000000,0.3000000000,0.6500000000,2.5000000000,0.6000000000,101,110,102,112,101,110
95,neighbor,False,ENVELOPE_BASE_CONTACT,999999999.0000000000,9770.9159500000,0.2250000000,0.4500000000,0.3000000000,2.5000000000,0.6000000000,102,111,101,110,102,110
96,neighbor,False,MINIMUM_MAIN_STEEL,999999999.0000000000,9770.9159500000,0.2500000000,0.3000000000,0.4500000000,2.5000000000,0.7000000000,100,111,100,110,103,110
97,neighbor,False,ENVELOPE_BASE_CONTACT,999999999.0000000000,9770.9159500000,0.2750000000,0.4500000000,0.5500000000,2.5000000000,0.5000000000,101,110,100,110,101,111
98,neighbor,False,STEM_STRESS_OR_INTERVAL_BOUND,999999999.0000000000,9770.9159500000,0.2250000000,0.3500000000,0.3000000000,3.5000000000,0.6000000000,102,112,100,110,104,113
99,neighbor,False,STEM_STRESS_OR_INTERVAL_BOUND,999999999.0000000000,9770.9159500000,0.2250000000,0.3500000000,0.4000000000,3.5000000000,0.5000000000,102,112,100,110,102,113
100,neighbor,False,MEMBER_FLEXURE,999999999.0000000000,9770.9159500000,0.2500000000,0.4500000000,0.3000000000,3.0000000000,0.5000000000,101,110,100,111,102,112
101,neighbor,False,STEM_STRESS_OR_INTERVAL_BOUND,999999999.0000000000,9770.9159500000,0.2500000000,0.3500000000,0.3000000000,3.5000000000,0.5000000000,101,112,101,110,101,111
102,neighbor,False,MAXIMUM_MAIN_STEEL,999999999.0000000000,9770.9159500000,0.2000000000,0.4500000000,0.4500000000,3.5000000000,0.5000000000,103,110,102,112,103,113
103,neighbor,False,ENVELOPE_BASE_CONTACT,999999999.0000000000,9770.9159500000,0.2250000000,0.3000000000,0.6500000000,2.5000000000,0.5000000000,101,110,102,110,104,113
104,neighbor,False,MINIMUM_MAIN_STEEL,999999999.0000000000,9770.9159500000,0.2250000000,0.5000000000,0.4500000000,2.5000000000,0.6000000000,100,112,100,110,102,113
105,neighbor,False,STEM_STRESS_OR_INTERVAL_BOUND,999999999.0000000000,9770.9159500000,0.2750000000,0.3500000000,0.3000000000,3.0000000000,0.6000000000,100,110,102,110,102,112
106,neighbor,False,MINIMUM_MAIN_STEEL,999999999.0000000000,9770.9159500000,0.2250000000,0.4500000000,0.3000000000,3.5000000000,0.6000000000,100,110,101,111,101,113
107,neighbor,False,MINIMUM_MAIN_STEEL,999999999.0000000000,9770.9159500000,0.2750000000,0.3000000000,0.4500000000,3.5000000000,0.8000000000,100,110,100,112,101,111
108,neighbor,False,MINIMUM_MAIN_STEEL,999999999.0000000000,9770.9159500000,0.2500000000,0.4500000000,0.3500000000,3.5000000000,0.5000000000,100,112,102,110,102,112
109,neighbor,False,MINIMUM_MAIN_STEEL,999999999.0000000000,9770.9159500000,0.2000000000,0.4000000000,0.4500000000,2.5000000000,0.8000000000,101,110,100,112,102,112
110,neighbor,False,ENVELOPE_BASE_CONTACT,999999999.0000000000,9770.9159500000,0.2000000000,0.5000000000,0.3500000000,2.5000000000,0.6000000000,103,110,100,110,101,113
111,neighbor,False,MINIMUM_MAIN_STEEL,999999999.0000000000,9770.9159500000,0.2000000000,0.5000000000,0.4500000000,3.0000000000,0.7000000000,100,111,101,111,104,111
112,neighbor,True,PASS_IMPLEMENTED_PROJECT_CHECKS,11858.7450400000,9770.9159500000,0.2500000000,0.3000000000,0.6000000000,3.0000000000,0.5000000000,102,110,101,110,102,110
113,neighbor,False,MINIMUM_MAIN_STEEL,999999999.0000000000,9770.9159500000,0.3000000000,0.3000000000,0.3000000000,2.5000000000,0.6000000000,100,110,100,112,101,111
114,neighbor,False,MINIMUM_MAIN_STEEL,999999999.0000000000,9770.9159500000,0.2750000000,0.4500000000,0.5500000000,2.5000000000,0.6000000000,100,111,101,110,101,110
115,neighbor,False,MAXIMUM_MAIN_STEEL,999999999.0000000000,9770.9159500000,0.2000000000,0.3500000000,0.6500000000,3.5000000000,0.5000000000,102,110,102,110,104,112
116,neighbor,False,MINIMUM_MAIN_STEEL,999999999.0000000000,9770.9159500000,0.2750000000,0.3000000000,0.6500000000,2.5000000000,0.8000000000,103,110,100,110,101,111
117,neighbor,True,PASS_IMPLEMENTED_PROJECT_CHECKS,11391.7994400000,9770.9159500000,0.2000000000,0.5000000000,0.4000000000,3.5000000000,0.8000000000,101,110,100,110,104,111
118,neighbor,False,MINIMUM_MAIN_STEEL,999999999.0000000000,9770.9159500000,0.3000000000,0.3500000000,0.4000000000,3.5000000000,0.8000000000,101,111,100,112,103,110
119,neighbor,False,MINIMUM_MAIN_STEEL,999999999.0000000000,9770.9159500000,0.2000000000,0.4000000000,0.3000000000,2.5000000000,0.5000000000,101,112,100,111,104,110
120,neighbor,False,MAXIMUM_MAIN_STEEL,999999999.0000000000,9770.9159500000,0.2250000000,0.3500000000,0.3000000000,3.5000000000,0.5000000000,102,110,101,110,104,110
121,neighbor,True,PASS_IMPLEMENTED_PROJECT_CHECKS,12543.0485000000,9770.9159500000,0.3000000000,0.4000000000,0.4000000000,3.0000000000,0.5000000000,103,110,102,110,103,113
122,neighbor,False,MINIMUM_MAIN_STEEL,999999999.0000000000,9770.9159500000,0.2000000000,0.4500000000,0.4000000000,2.5000000000,0.8000000000,100,110,100,112,103,113
123,neighbor,False,MINIMUM_MAIN_STEEL,999999999.0000000000,9770.9159500000,0.2750000000,0.5000000000,0.3000000000,2.5000000000,0.7000000000,101,111,100,110,101,111
124,neighbor,False,MAXIMUM_MAIN_STEEL,999999999.0000000000,9770.9159500000,0.2500000000,0.3000000000,0.3000000000,3.5000000000,0.6000000000,103,110,100,110,104,111
125,neighbor,False,MINIMUM_MAIN_STEEL,999999999.0000000000,9770.9159500000,0.2250000000,0.4500000000,0.3000000000,3.5000000000,0.5000000000,101,112,100,112,103,113
126,neighbor,False,MINIMUM_MAIN_STEEL,999999999.0000000000,9770.9159500000,0.2750000000,0.3000000000,0.6000000000,2.5000000000,0.5000000000,103,110,100,112,104,110
127,neighbor,False,MINIMUM_MAIN_STEEL,999999999.0000000000,9770.9159500000,0.2250000000,0.4500000000,0.3000000000,3.0000000000,0.5000000000,100,112,102,110,104,113
128,neighbor,False,ENVELOPE_BASE_CONTACT,999999999.0000000000,9770.9159500000,0.2750000000,0.3500000000,0.6000000000,2.5000000000,0.5000000000,100,110,101,110,102,113
129,neighbor,False,MINIMUM_MAIN_STEEL,999999999.0000000000,9770.9159500000,0.2500000000,0.5000000000,0.6000000000,3.5000000000,0.6000000000,102,112,100,111,104,113
130,neighbor,False,MINIMUM_MAIN_STEEL,999999999.0000000000,9770.9159500000,0.2250000000,0.4000000000,0.4000000000,3.0000000000,0.6000000000,100,110,102,110,104,112
131,neighbor,False,MINIMUM_MAIN_STEEL,999999999.0000000000,9770.9159500000,0.3000000000,0.5000000000,0.4500000000,3.0000000000,0.5000000000,100,110,102,110,101,113
132,neighbor,True,PASS_IMPLEMENTED_PROJECT_CHECKS,12227.1007500000,9770.9159500000,0.3000000000,0.3500000000,0.3500000000,3.0000000000,0.7000000000,103,110,100,110,103,111
133,neighbor,False,MINIMUM_MAIN_STEEL,999999999.0000000000,9770.9159500000,0.2750000000,0.5000000000,0.3500000000,3.0000000000,0.7000000000,100,110,102,110,104,110
134,neighbor,False,MINIMUM_MAIN_STEEL,999999999.0000000000,9770.9159500000,0.2000000000,0.3000000000,0.6000000000,3.5000000000,0.7000000000,102,110,100,112,102,111
135,neighbor,False,MINIMUM_MAIN_STEEL,999999999.0000000000,9770.9159500000,0.2000000000,0.5000000000,0.4000000000,3.5000000000,0.5000000000,103,110,100,112,101,113
136,neighbor,False,MINIMUM_MAIN_STEEL,999999999.0000000000,9770.9159500000,0.3000000000,0.4000000000,0.6000000000,2.5000000000,0.5000000000,101,110,100,110,104,113
137,neighbor,False,MEMBER_FLEXURE,999999999.0000000000,9770.9159500000,0.2750000000,0.4500000000,0.3000000000,3.5000000000,0.7000000000,101,110,100,111,103,113
138,neighbor,False,ENVELOPE_BASE_CONTACT,999999999.0000000000,9770.9159500000,0.2500000000,0.5000000000,0.5000000000,2.5000000000,0.8000000000,103,110,100,110,103,110
139,neighbor,False,MINIMUM_MAIN_STEEL,999999999.0000000000,9770.9159500000,0.3000000000,0.5000000000,0.5500000000,3.5000000000,0.5000000000,103,110,100,110,101,112
140,neighbor,False,MINIMUM_MAIN_STEEL,999999999.0000000000,9770.9159500000,0.2750000000,0.3500000000,0.5500000000,3.0000000000,0.7000000000,100,110,101,110,101,113
141,neighbor,False,ENVELOPE_BASE_CONTACT,999999999.0000000000,9770.9159500000,0.3000000000,0.3500000000,0.5000000000,2.5000000000,0.6000000000,103,110,100,110,101,110
142,neighbor,False,MINIMUM_MAIN_STEEL,999999999.0000000000,9770.9159500000,0.2000000000,0.4000000000,0.6500000000,3.0000000000,0.8000000000,102,110,100,110,102,113
143,neighbor,True,PASS_IMPLEMENTED_PROJECT_CHECKS,10240.4415200000,9770.9159500000,0.2000000000,0.5000000000,0.4000000000,3.0000000000,0.6000000000,101,110,100,110,104,112
144,neighbor,False,MINIMUM_MAIN_STEEL,999999999.0000000000,9770.9159500000,0.3000000000,0.3500000000,0.5500000000,3.5000000000,0.5000000000,101,110,100,112,103,111
145,neighbor,False,ENVELOPE_BASE_CONTACT,999999999.0000000000,9770.9159500000,0.2750000000,0.3500000000,0.5000000000,2.5000000000,0.8000000000,103,110,100,110,104,112
146,neighbor,False,MINIMUM_MAIN_STEEL,999999999.0000000000,9770.9159500000,0.3000000000,0.3000000000,0.3000000000,3.0000000000,0.6000000000,100,112,102,110,103,111
147,neighbor,False,MAXIMUM_MAIN_STEEL,999999999.0000000000,9770.9159500000,0.2500000000,0.3500000000,0.6500000000,3.5000000000,0.7000000000,103,110,101,110,104,110
148,neighbor,False,ENVELOPE_BASE_CONTACT,999999999.0000000000,9770.9159500000,0.2500000000,0.5000000000,0.3000000000,2.5000000000,0.5000000000,103,110,101,110,103,113
149,neighbor,False,MINIMUM_MAIN_STEEL,999999999.0000000000,9770.9159500000,0.2500000000,0.4000000000,0.3000000000,3.5000000000,0.6000000000,100,110,102,112,103,113
150,neighbor,False,MINIMUM_MAIN_STEEL,999999999.0000000000,9770.9159500000,0.2250000000,0.4000000000,0.4000000000,2.5000000000,0.5000000000,101,110,100,111,101,110
151,neighbor,True,PASS_IMPLEMENTED_PROJECT_CHECKS,11559.1042300000,9770.9159500000,0.3000000000,0.4500000000,0.3500000000,3.5000000000,0.8000000000,102,110,101,110,103,113
152,neighbor,False,ENVELOPE_BASE_CONTACT,999999999.0000000000,9770.9159500000,0.2750000000,0.3000000000,0.3000000000,2.5000000000,0.5000000000,102,112,100,110,104,111
153,neighbor,False,ENVELOPE_BASE_CONTACT,999999999.0000000000,9770.9159500000,0.2500000000,0.4000000000,0.6500000000,2.5000000000,0.5000000000,101,110,102,112,103,112
154,neighbor,False,MINIMUM_MAIN_STEEL,999999999.0000000000,9770.9159500000,0.2000000000,0.5000000000,0.3500000000,3.5000000000,0.7000000000,100,110,100,112,101,111
155,neighbor,False,ENVELOPE_BASE_CONTACT,999999999.0000000000,9770.9159500000,0.2500000000,0.3000000000,0.4500000000,2.5000000000,0.7000000000,103,112,101,111,103,112
156,neighbor,False,ENVELOPE_BASE_CONTACT,999999999.0000000000,9770.9159500000,0.2500000000,0.3000000000,0.4000000000,2.5000000000,0.6000000000,101,111,100,110,102,112
157,neighbor,False,STEM_STRESS_OR_INTERVAL_BOUND,999999999.0000000000,9770.9159500000,0.3000000000,0.3500000000,0.5500000000,3.0000000000,0.8000000000,100,110,101,110,104,113
158,neighbor,True,PASS_IMPLEMENTED_PROJECT_CHECKS,12390.7057500000,9770.9159500000,0.3000000000,0.5000000000,0.4000000000,3.5000000000,0.6000000000,102,110,102,112,103,112
159,neighbor,False,STEM_STRESS_OR_INTERVAL_BOUND,999999999.0000000000,9770.9159500000,0.2000000000,0.3000000000,0.4000000000,3.5000000000,0.7000000000,100,110,102,110,104,113
160,neighbor,False,MINIMUM_MAIN_STEEL,999999999.0000000000,9770.9159500000,0.2750000000,0.5000000000,0.3000000000,2.5000000000,0.8000000000,101,112,101,110,102,110
161,neighbor,False,ENVELOPE_BASE_CONTACT,999999999.0000000000,9770.9159500000,0.2750000000,0.3000000000,0.3000000000,2.5000000000,0.5000000000,103,110,100,110,104,113
162,neighbor,False,MAXIMUM_MAIN_STEEL,999999999.0000000000,9770.9159500000,0.2500000000,0.5000000000,0.4000000000,3.0000000000,0.6000000000,103,110,101,111,102,113
163,neighbor,False,MINIMUM_MAIN_STEEL,999999999.0000000000,9770.9159500000,0.3000000000,0.5000000000,0.6000000000,2.5000000000,0.5000000000,100,112,100,110,104,112
164,neighbor,True,PASS_IMPLEMENTED_PROJECT_CHECKS,11933.7616650000,9770.9159500000,0.2750000000,0.5000000000,0.6500000000,3.0000000000,0.5000000000,102,111,101,110,102,112
165,neighbor,False,MINIMUM_MAIN_STEEL,999999999.0000000000,9770.9159500000,0.2750000000,0.3000000000,0.6500000000,3.0000000000,0.6000000000,100,111,101,112,104,113
166,neighbor,False,STEM_STRESS_OR_INTERVAL_BOUND,999999999.0000000000,9770.9159500000,0.2000000000,0.3000000000,0.4000000000,3.0000000000,0.5000000000,101,110,101,110,104,112
167,neighbor,False,MINIMUM_MAIN_STEEL,999999999.0000000000,9770.9159500000,0.2250000000,0.5000000000,0.3000000000,3.0000000000,0.7000000000,100,110,100,110,104,113
168,neighbor,False,MINIMUM_MAIN_STEEL,999999999.0000000000,9770.9159500000,0.2750000000,0.3000000000,0.3000000000,2.5000000000,0.5000000000,103,111,100,112,103,110
169,neighbor,True,PASS_IMPLEMENTED_PROJECT_CHECKS,13997.1580550000,9770.9159500000,0.2750000000,0.5000000000,0.5500000000,3.5000000000,0.7000000000,102,110,100,110,104,111
170,neighbor,False,MAXIMUM_MAIN_STEEL,999999999.0000000000,9770.9159500000,0.2250000000,0.3500000000,0.5500000000,3.5000000000,0.5000000000,103,110,102,111,104,113
171,neighbor,False,MINIMUM_MAIN_STEEL,999999999.0000000000,9770.9159500000,0.2750000000,0.4000000000,0.3000000000,3.0000000000,0.5000000000,100,110,102,110,104,110
172,neighbor,False,MAXIMUM_MAIN_STEEL,999999999.0000000000,9770.9159500000,0.2000000000,0.4000000000,0.4500000000,3.0000000000,0.6000000000,103,110,101,110,102,110
173,neighbor,False,MINIMUM_MAIN_STEEL,999999999.0000000000,9770.9159500000,0.2000000000,0.5000000000,0.6000000000,2.5000000000,0.7000000000,103,111,102,110,101,113
174,neighbor,False,MINIMUM_MAIN_STEEL,999999999.0000000000,9770.9159500000,0.2000000000,0.5000000000,0.5000000000,3.5000000000,0.7000000000,100,110,100,110,104,111
175,neighbor,False,MINIMUM_MAIN_STEEL,999999999.0000000000,9770.9159500000,0.2750000000,0.3500000000,0.3000000000,2.5000000000,0.7000000000,100,110,100,112,104,113
176,neighbor,False,MINIMUM_MAIN_STEEL,999999999.0000000000,9770.9159500000,0.2750000000,0.3500000000,0.5500000000,3.5000000000,0.7000000000,100,110,100,112,102,112
177,neighbor,False,STEM_STRESS_OR_INTERVAL_BOUND,999999999.0000000000,9770.9159500000,0.2250000000,0.3000000000,0.5000000000,3.0000000000,0.6000000000,100,110,100,110,103,110
178,neighbor,False,MINIMUM_MAIN_STEEL,999999999.0000000000,9770.9159500000,0.2250000000,0.5000000000,0.6500000000,3.0000000000,0.5000000000,100,110,101,110,102,112
179,neighbor,False,MINIMUM_MAIN_STEEL,999999999.0000000000,9770.9159500000,0.2500000000,0.4000000000,0.3000000000,3.0000000000,0.5000000000,103,111,100,112,102,112
180,neighbor,False,MINIMUM_MAIN_STEEL,999999999.0000000000,9770.9159500000,0.3000000000,0.4000000000,0.4500000000,3.5000000000,0.7000000000,100,111,100,110,102,113
181,neighbor,False,MINIMUM_MAIN_STEEL,999999999.0000000000,9770.9159500000,0.2500000000,0.4000000000,0.3000000000,2.5000000000,0.5000000000,100,110,100,110,102,113
182,neighbor,True,PASS_IMPLEMENTED_PROJECT_CHECKS,12122.7627400000,9770.9159500000,0.3000000000,0.4500000000,0.3000000000,3.5000000000,0.5000000000,102,110,101,111,104,111
183,neighbor,False,MINIMUM_MAIN_STEEL,999999999.0000000000,9770.9159500000,0.2750000000,0.4000000000,0.3500000000,2.5000000000,0.6000000000,100,110,101,110,101,110
184,neighbor,False,MINIMUM_MAIN_STEEL,999999999.0000000000,9770.9159500000,0.2250000000,0.4500000000,0.3000000000,3.0000000000,0.6000000000,100,110,101,110,102,113
185,neighbor,False,MINIMUM_MAIN_STEEL,999999999.0000000000,9770.9159500000,0.2000000000,0.4500000000,0.3500000000,2.5000000000,0.8000000000,100,110,100,111,103,113
186,neighbor,True,PASS_IMPLEMENTED_PROJECT_CHECKS,10093.3120240000,9770.9159500000,0.2000000000,0.5000000000,0.3000000000,3.5000000000,0.5000000000,101,110,101,110,104,113
187,neighbor,False,MINIMUM_MAIN_STEEL,999999999.0000000000,9770.9159500000,0.2750000000,0.4000000000,0.6500000000,3.0000000000,0.8000000000,103,110,100,110,104,113
188,neighbor,False,MINIMUM_MAIN_STEEL,999999999.0000000000,9770.9159500000,0.2250000000,0.5000000000,0.3500000000,3.5000000000,0.5000000000,100,112,101,110,101,111
189,neighbor,False,MINIMUM_MAIN_STEEL,999999999.0000000000,9770.9159500000,0.2500000000,0.4000000000,0.3500000000,2.5000000000,0.7000000000,100,110,100,112,104,110
190,neighbor,False,MINIMUM_MAIN_STEEL,999999999.0000000000,9770.9159500000,0.2750000000,0.4000000000,0.3000000000,2.5000000000,0.5000000000,100,110,100,112,104,112
191,neighbor,False,MINIMUM_MAIN_STEEL,999999999.0000000000,9770.9159500000,0.2000000000,0.4000000000,0.5000000000,2.5000000000,0.6000000000,100,110,100,111,101,113
192,neighbor,False,MINIMUM_MAIN_STEEL,999999999.0000000000,9770.9159500000,0.2000000000,0.4500000000,0.5500000000,3.0000000000,0.7000000000,103,110,100,111,102,110
193,neighbor,False,MINIMUM_MAIN_STEEL,999999999.0000000000,9770.9159500000,0.2250000000,0.5000000000,0.3000000000,2.5000000000,0.6000000000,100,111,100,110,103,113
194,neighbor,True,PASS_IMPLEMENTED_PROJECT_CHECKS,14903.9586500000,9770.9159500000,0.3000000000,0.4500000000,0.6500000000,3.5000000000,0.6000000000,102,110,102,110,104,111
195,neighbor,False,STEM_STRESS_OR_INTERVAL_BOUND,999999999.0000000000,9770.9159500000,0.2750000000,0.3000000000,0.6000000000,3.0000000000,0.6000000000,101,110,102,111,103,112
196,neighbor,False,MINIMUM_MAIN_STEEL,999999999.0000000000,9770.9159500000,0.3000000000,0.4500000000,0.6500000000,3.0000000000,0.5000000000,103,110,100,110,101,113
197,neighbor,False,MINIMUM_MAIN_STEEL,999999999.0000000000,9770.9159500000,0.2500000000,0.4500000000,0.6500000000,3.5000000000,0.6000000000,103,110,100,110,104,113
198,neighbor,False,MINIMUM_MAIN_STEEL,999999999.0000000000,9770.9159500000,0.2750000000,0.3500000000,0.5500000000,2.5000000000,0.5000000000,100,111,102,110,102,111
199,neighbor,False,MINIMUM_MAIN_STEEL,999999999.0000000000,9770.9159500000,0.2750000000,0.4500000000,0.3500000000,2.5000000000,0.5000000000,100,110,100,110,102,111
200,neighbor,False,STEM_STRESS_OR_INTERVAL_BOUND,999999999.0000000000,9770.9159500000,0.2250000000,0.3500000000,0.5000000000,3.0000000000,0.5000000000,100,110,102,110,102,113
201,neighbor,False,ENVELOPE_BASE_CONTACT,999999999.0000000000,9770.9159500000,0.3000000000,0.4000000000,0.5000000000,2.5000000000,0.5000000000,103,110,102,110,104,113
202,neighbor,False,MINIMUM_MAIN_STEEL,999999999.0000000000,9770.9159500000,0.2750000000,0.4500000000,0.3000000000,3.0000000000,0.7000000000,101,112,100,110,103,110
203,neighbor,False,STEM_STRESS_OR_INTERVAL_BOUND,999999999.0000000000,9770.9159500000,0.2000000000,0.3500000000,0.3000000000,3.5000000000,0.7000000000,100,110,100,110,102,113
204,neighbor,False,MINIMUM_MAIN_STEEL,999999999.0000000000,9770.9159500000,0.3000000000,0.4500000000,0.6000000000,3.0000000000,0.5000000000,102,110,100,110,101,112
205,neighbor,False,MEMBER_FLEXURE,999999999.0000000000,9770.9159500000,0.3000000000,0.4000000000,0.3000000000,3.5000000000,0.5000000000,102,110,100,111,102,113
206,neighbor,False,MEMBER_FLEXURE,999999999.0000000000,9770.9159500000,0.2500000000,0.4000000000,0.3000000000,3.0000000000,0.5000000000,103,111,100,110,102,111
207,neighbor,False,STEM_STRESS_OR_INTERVAL_BOUND,999999999.0000000000,9770.9159500000,0.2500000000,0.3500000000,0.3000000000,3.5000000000,0.5000000000,101,110,100,110,104,111
208,neighbor,True,PASS_IMPLEMENTED_PROJECT_CHECKS,9625.4097500000,9625.4097500000,0.2000000000,0.5000000000,0.4000000000,3.0000000000,0.7000000000,102,112,100,110,103,112
209,neighbor,False,MINIMUM_MAIN_STEEL,999999999.0000000000,9625.4097500000,0.2000000000,0.5000000000,0.3500000000,2.5000000000,0.9000000000,101,113,100,110,103,110
210,neighbor,False,MINIMUM_MAIN_STEEL,999999999.0000000000,9625.4097500000,0.2000000000,0.4000000000,0.3000000000,3.5000000000,0.9000000000,101,112,100,110,104,112
211,neighbor,True,PASS_IMPLEMENTED_PROJECT_CHECKS,11777.7996240000,9625.4097500000,0.2000000000,0.5500000000,0.6000000000,3.0000000000,0.7000000000,103,113,102,110,104,113
212,neighbor,False,MAXIMUM_MAIN_STEEL,999999999.0000000000,9625.4097500000,0.2500000000,0.5500000000,0.5500000000,3.5000000000,0.9000000000,104,110,101,110,104,113
213,neighbor,False,MINIMUM_MAIN_STEEL,999999999.0000000000,9625.4097500000,0.2500000000,0.4000000000,0.5500000000,3.0000000000,0.9000000000,100,113,101,110,101,111
214,neighbor,False,STEM_STRESS_OR_INTERVAL_BOUND,999999999.0000000000,9625.4097500000,0.2000000000,0.4500000000,0.3000000000,3.0000000000,0.6000000000,101,111,101,112,104,113
215,neighbor,False,MINIMUM_MAIN_STEEL,999999999.0000000000,9625.4097500000,0.2000000000,0.6000000000,0.3000000000,3.0000000000,0.6000000000,102,113,100,110,104,111
216,neighbor,False,MINIMUM_MAIN_STEEL,999999999.0000000000,9625.4097500000,0.2000000000,0.6000000000,0.3000000000,2.5000000000,0.7000000000,102,112,100,110,104,111
217,neighbor,False,MINIMUM_MAIN_STEEL,999999999.0000000000,9625.4097500000,0.2000000000,0.5000000000,0.6500000000,3.0000000000,0.9000000000,102,113,100,110,104,113
218,neighbor,True,PASS_IMPLEMENTED_PROJECT_CHECKS,11780.2187380000,9625.4097500000,0.2000000000,0.5000000000,0.4500000000,3.5000000000,0.8000000000,104,113,102,110,103,112
219,neighbor,True,PASS_IMPLEMENTED_PROJECT_CHECKS,13126.8012100000,9625.4097500000,0.2000000000,0.5500000000,0.6500000000,3.5000000000,0.8000000000,102,111,102,110,101,110
220,neighbor,False,MINIMUM_MAIN_STEEL,999999999.0000000000,9625.4097500000,0.2000000000,0.5500000000,0.6000000000,3.5000000000,0.8000000000,100,112,100,111,104,113
221,neighbor,False,MINIMUM_MAIN_STEEL,999999999.0000000000,9625.4097500000,0.2500000000,0.4000000000,0.6500000000,3.5000000000,0.9000000000,101,111,100,110,101,113
222,neighbor,False,MINIMUM_MAIN_STEEL,999999999.0000000000,9625.4097500000,0.2000000000,0.6000000000,0.5000000000,3.5000000000,0.8000000000,100,113,100,111,102,113
223,neighbor,False,MINIMUM_MAIN_STEEL,999999999.0000000000,9625.4097500000,0.2000000000,0.4000000000,0.6000000000,3.5000000000,0.5000000000,100,111,100,110,101,112
224,neighbor,False,MINIMUM_MAIN_STEEL,999999999.0000000000,9625.4097500000,0.2000000000,0.5000000000,0.3500000000,2.5000000000,0.5000000000,101,111,100,110,102,113
225,neighbor,False,MINIMUM_MAIN_STEEL,999999999.0000000000,9625.4097500000,0.2250000000,0.6000000000,0.3000000000,2.5000000000,0.5000000000,103,113,100,112,104,111
226,neighbor,False,MINIMUM_MAIN_STEEL,999999999.0000000000,9625.4097500000,0.2500000000,0.6000000000,0.4500000000,3.0000000000,0.5000000000,103,113,100,112,103,110
227,neighbor,False,MINIMUM_MAIN_STEEL,999999999.0000000000,9625.4097500000,0.2500000000,0.4000000000,0.3000000000,3.0000000000,0.9000000000,100,112,102,110,102,111
228,neighbor,False,MINIMUM_MAIN_STEEL,999999999.0000000000,9625.4097500000,0.2000000000,0.4000000000,0.3000000000,3.0000000000,0.5000000000,101,113,100,110,102,111
229,neighbor,False,STEM_STRESS_OR_INTERVAL_BOUND,999999999.0000000000,9625.4097500000,0.2000000000,0.4000000000,0.3000000000,3.5000000000,0.9000000000,101,111,102,110,104,112
230,neighbor,False,MINIMUM_MAIN_STEEL,999999999.0000000000,9625.4097500000,0.2000000000,0.4500000000,0.5500000000,2.5000000000,0.6000000000,102,113,100,110,103,111
231,neighbor,False,MINIMUM_MAIN_STEEL,999999999.0000000000,9625.4097500000,0.2000000000,0.4500000000,0.3000000000,3.0000000000,0.7000000000,100,113,102,110,104,113
232,neighbor,False,ENVELOPE_BASE_CONTACT,999999999.0000000000,9625.4097500000,0.2500000000,0.4500000000,0.3000000000,2.5000000000,0.9000000000,102,112,100,110,102,113
233,neighbor,False,MINIMUM_MAIN_STEEL,999999999.0000000000,9625.4097500000,0.2000000000,0.6000000000,0.4500000000,2.5000000000,0.5000000000,102,112,101,110,104,113
234,neighbor,False,MINIMUM_MAIN_STEEL,999999999.0000000000,9625.4097500000,0.2500000000,0.5000000000,0.4500000000,3.0000000000,0.8000000000,101,113,100,112,102,111
235,neighbor,False,ENVELOPE_BASE_CONTACT,999999999.0000000000,9625.4097500000,0.2500000000,0.5500000000,0.5000000000,2.5000000000,0.8000000000,103,113,102,110,103,112
236,neighbor,False,MINIMUM_MAIN_STEEL,999999999.0000000000,9625.4097500000,0.2500000000,0.6000000000,0.5000000000,2.5000000000,0.8000000000,103,113,100,111,101,113
237,neighbor,False,STEM_STRESS_OR_INTERVAL_BOUND,999999999.0000000000,9625.4097500000,0.2500000000,0.4000000000,0.3000000000,3.0000000000,0.7000000000,101,111,100,110,102,112
238,neighbor,False,ENVELOPE_BASE_CONTACT,999999999.0000000000,9625.4097500000,0.2000000000,0.6000000000,0.3000000000,2.5000000000,0.8000000000,103,113,102,112,102,110
239,neighbor,False,MINIMUM_MAIN_STEEL,999999999.0000000000,9625.4097500000,0.2250000000,0.4500000000,0.6500000000,3.5000000000,0.6000000000,102,113,101,110,104,110
240,neighbor,False,MAXIMUM_MAIN_STEEL,999999999.0000000000,9625.4097500000,0.2500000000,0.6000000000,0.3000000000,3.0000000000,0.7000000000,104,111,102,110,102,112
241,neighbor,False,ENVELOPE_BASE_CONTACT,999999999.0000000000,9625.4097500000,0.2000000000,0.5500000000,0.3000000000,2.5000000000,0.6000000000,102,110,101,110,104,111
242,neighbor,False,MINIMUM_MAIN_STEEL,999999999.0000000000,9625.4097500000,0.2000000000,0.5000000000,0.3500000000,2.5000000000,0.8000000000,101,111,100,110,104,113
243,neighbor,False,MINIMUM_MAIN_STEEL,999999999.0000000000,9625.4097500000,0.2000000000,0.5500000000,0.3000000000,3.5000000000,0.5000000000,100,110,101,110,104,113
244,neighbor,False,MINIMUM_MAIN_STEEL,999999999.0000000000,9625.4097500000,0.2000000000,0.6000000000,0.5000000000,3.5000000000,0.5000000000,104,111,100,112,101,110
245,neighbor,True,PASS_IMPLEMENTED_PROJECT_CHECKS,9208.9762500000,9208.9762500000,0.2250000000,0.4500000000,0.3000000000,3.0000000000,0.8000000000,102,111,102,112,102,111
246,neighbor,False,MAXIMUM_MAIN_STEEL,999999999.0000000000,9208.9762500000,0.2250000000,0.5500000000,0.3000000000,3.5000000000,0.6000000000,104,110,101,110,100,110
247,neighbor,True,PASS_IMPLEMENTED_PROJECT_CHECKS,10659.2957500000,9208.9762500000,0.2250000000,0.5000000000,0.3000000000,3.5000000000,0.8000000000,103,113,102,110,103,111
248,neighbor,False,ENVELOPE_BASE_CONTACT,999999999.0000000000,9208.9762500000,0.2750000000,0.4500000000,0.4500000000,2.5000000000,1.0000000000,104,110,103,113,102,110
249,neighbor,False,MINIMUM_MAIN_STEEL,999999999.0000000000,9208.9762500000,0.2500000000,0.4500000000,0.3000000000,3.5000000000,0.9000000000,100,110,100,110,100,110
250,neighbor,False,MAXIMUM_MAIN_STEEL,999999999.0000000000,9208.9762500000,0.2000000000,0.5500000000,0.3000000000,3.0000000000,0.9000000000,104,110,101,113,102,111
251,neighbor,False,MEMBER_FLEXURE,999999999.0000000000,9208.9762500000,0.2750000000,0.4500000000,0.3000000000,3.0000000000,0.7000000000,103,111,102,110,101,112
252,neighbor,False,MAXIMUM_MAIN_STEEL,999999999.0000000000,9208.9762500000,0.2000000000,0.5000000000,0.4500000000,3.5000000000,0.6000000000,104,112,101,110,104,113
253,neighbor,False,ENVELOPE_BASE_CONTACT,999999999.0000000000,9208.9762500000,0.2500000000,0.3500000000,0.3000000000,2.5000000000,0.6000000000,101,110,103,113,104,110
254,neighbor,False,ENVELOPE_BASE_CONTACT,999999999.0000000000,9208.9762500000,0.2000000000,0.5000000000,0.3500000000,2.5000000000,0.9000000000,104,113,104,112,102,110
255,neighbor,False,MINIMUM_MAIN_STEEL,999999999.0000000000,9208.9762500000,0.2000000000,0.4500000000,0.3000000000,3.0000000000,0.9000000000,100,110,102,113,103,110
256,neighbor,False,MINIMUM_MAIN_STEEL,999999999.0000000000,9208.9762500000,0.2250000000,0.3500000000,0.3000000000,3.0000000000,0.9000000000,104,110,103,111,100,113
257,neighbor,False,ENVELOPE_BASE_CONTACT,999999999.0000000000,9208.9762500000,0.2000000000,0.4500000000,0.3000000000,2.5000000000,0.7000000000,102,111,100,111,102,110
258,neighbor,False,MAXIMUM_MAIN_STEEL,999999999.0000000000,9208.9762500000,0.2000000000,0.4000000000,0.3000000000,3.0000000000,0.7000000000,102,110,104,112,101,112
259,neighbor,False,MINIMUM_MAIN_STEEL,999999999.0000000000,9208.9762500000,0.2750000000,0.3500000000,0.3500000000,3.5000000000,0.9000000000,103,110,104,113,100,112
260,neighbor,True,PASS_IMPLEMENTED_PROJECT_CHECKS,12287.4566400000,9208.9762500000,0.2500000000,0.5500000000,0.5000000000,3.0000000000,0.7000000000,104,112,104,110,100,110
261,neighbor,True,PASS_IMPLEMENTED_PROJECT_CHECKS,9609.8731250000,9208.9762500000,0.2250000000,0.3500000000,0.3500000000,3.0000000000,0.7000000000,103,112,101,111,104,112
262,neighbor,False,MINIMUM_MAIN_STEEL,999999999.0000000000,9208.9762500000,0.2000000000,0.4000000000,0.5000000000,3.5000000000,0.8000000000,100,110,102,111,100,112
263,neighbor,False,MINIMUM_MAIN_STEEL,999999999.0000000000,9208.9762500000,0.2000000000,0.4000000000,0.3000000000,3.5000000000,0.7000000000,101,112,100,113,103,112
264,neighbor,False,MINIMUM_MAIN_STEEL,999999999.0000000000,9208.9762500000,0.2750000000,0.4000000000,0.5500000000,2.5000000000,1.0000000000,100,111,104,111,101,110
265,neighbor,True,PASS_IMPLEMENTED_PROJECT_CHECKS,12040.2250700000,9208.9762500000,0.2500000000,0.5500000000,0.4000000000,3.5000000000,0.9000000000,102,110,103,112,101,111
266,neighbor,False,MINIMUM_MAIN_STEEL,999999999.0000000000,9208.9762500000,0.2750000000,0.4000000000,0.3500000000,2.5000000000,1.0000000000,101,111,100,112,101,113
267,neighbor,False,STEM_STRESS_OR_INTERVAL_BOUND,999999999.0000000000,9208.9762500000,0.2250000000,0.3500000000,0.3000000000,3.5000000000,0.9000000000,101,110,101,111,103,110
268,neighbor,False,MINIMUM_MAIN_STEEL,999999999.0000000000,9208.9762500000,0.2750000000,0.4500000000,0.5500000000,3.0000000000,0.7000000000,102,110,100,113,102,111
269,neighbor,False,MINIMUM_MAIN_STEEL,999999999.0000000000,9208.9762500000,0.2500000000,0.5500000000,0.3000000000,3.5000000000,0.6000000000,100,110,101,113,103,113
270,neighbor,False,MINIMUM_MAIN_STEEL,999999999.0000000000,9208.9762500000,0.2500000000,0.4000000000,0.3000000000,3.0000000000,0.9000000000,104,110,100,113,101,112
271,neighbor,False,MINIMUM_MAIN_STEEL,999999999.0000000000,9208.9762500000,0.2000000000,0.4500000000,0.3000000000,3.0000000000,0.7000000000,101,113,100,111,104,111
272,neighbor,False,MAXIMUM_MAIN_STEEL,999999999.0000000000,9208.9762500000,0.2000000000,0.5000000000,0.4000000000,3.0000000000,0.9000000000,104,111,101,110,101,110
273,neighbor,False,MINIMUM_MAIN_STEEL,999999999.0000000000,9208.9762500000,0.2750000000,0.4500000000,0.3000000000,3.5000000000,0.8000000000,101,113,103,113,103,113
274,neighbor,False,STEM_STRESS_OR_INTERVAL_BOUND,999999999.0000000000,9208.9762500000,0.2000000000,0.3500000000,0.3000000000,3.5000000000,0.9000000000,103,113,102,113,101,111
275,neighbor,False,MINIMUM_MAIN_STEEL,999999999.0000000000,9208.9762500000,0.2500000000,0.5000000000,0.3000000000,2.5000000000,0.7000000000,101,111,102,113,103,110
276,neighbor,True,PASS_IMPLEMENTED_PROJECT_CHECKS,10525.3810440000,9208.9762500000,0.2750000000,0.4500000000,0.3000000000,3.0000000000,1.0000000000,103,112,104,113,104,111
277,neighbor,False,MINIMUM_MAIN_STEEL,999999999.0000000000,9208.9762500000,0.2000000000,0.4500000000,0.3000000000,3.5000000000,0.7000000000,101,110,104,113,100,112
278,neighbor,False,MINIMUM_MAIN_STEEL,999999999.0000000000,9208.9762500000,0.2000000000,0.5500000000,0.4500000000,3.5000000000,0.9000000000,100,110,100,113,102,111
279,neighbor,False,MINIMUM_MAIN_STEEL,999999999.0000000000,9208.9762500000,0.2250000000,0.5500000000,0.3000000000,3.0000000000,0.8000000000,102,112,103,111,103,113
280,neighbor,False,ENVELOPE_BASE_CONTACT,999999999.0000000000,9208.9762500000,0.2000000000,0.3500000000,0.3000000000,2.5000000000,0.7000000000,104,112,103,110,104,112
281,neighbor,False,MINIMUM_MAIN_STEEL,999999999.0000000000,9208.9762500000,0.2000000000,0.4500000000,0.3000000000,3.0000000000,1.0000000000,100,110,102,113,100,110
282,neighbor,False,MINIMUM_MAIN_STEEL,999999999.0000000000,9208.9762500000,0.2000000000,0.5000000000,0.3000000000,2.5000000000,0.9000000000,100,111,104,113,104,112
283,neighbor,False,STEM_STRESS_OR_INTERVAL_BOUND,999999999.0000000000,9208.9762500000,0.2750000000,0.3500000000,0.3000000000,3.5000000000,0.8000000000,101,111,103,110,104,112
284,neighbor,False,MEMBER_FLEXURE,999999999.0000000000,9208.9762500000,0.2750000000,0.3500000000,0.3000000000,3.5000000000,0.7000000000,104,113,103,113,101,110
285,neighbor,False,ENVELOPE_BASE_CONTACT,999999999.0000000000,9208.9762500000,0.2750000000,0.3500000000,0.3000000000,2.5000000000,0.8000000000,103,111,104,113,100,110
286,neighbor,False,MINIMUM_MAIN_STEEL,999999999.0000000000,9208.9762500000,0.2000000000,0.4000000000,0.3000000000,3.5000000000,0.6000000000,102,112,100,110,100,112
287,neighbor,True,PASS_IMPLEMENTED_PROJECT_CHECKS,12691.1752050000,9208.9762500000,0.2250000000,0.5000000000,0.5500000000,3.5000000000,0.8000000000,104,113,104,111,102,111
288,neighbor,False,MAXIMUM_MAIN_STEEL,999999999.0000000000,9208.9762500000,0.2750000000,0.5500000000,0.3000000000,3.5000000000,1.0000000000,104,110,103,113,103,111
289,neighbor,False,MINIMUM_MAIN_STEEL,999999999.0000000000,9208.9762500000,0.2750000000,0.4500000000,0.5500000000,3.0000000000,0.9000000000,100,111,104,113,104,110
290,neighbor,False,MINIMUM_MAIN_STEEL,999999999.0000000000,9208.9762500000,0.2750000000,0.5500000000,0.3000000000,3.0000000000,1.0000000000,101,110,100,112,101,112
291,neighbor,False,MAXIMUM_MAIN_STEEL,999999999.0000000000,9208.9762500000,0.2750000000,0.5000000000,0.3000000000,3.5000000000,0.6000000000,104,112,102,110,104,110
292,neighbor,True,PASS_IMPLEMENTED_PROJECT_CHECKS,12034.7404450000,9208.9762500000,0.2750000000,0.5000000000,0.4500000000,3.0000000000,1.0000000000,101,110,104,112,104,110
293,neighbor,False,INVALID_GEOMETRY_OR_INPUT,999999999.0000000000,9208.9762500000,0.2000000000,0.5500000000,0.5500000000,2.5000000000,1.0000000000,101,110,100,113,103,113
294,neighbor,False,ENVELOPE_BASE_CONTACT,999999999.0000000000,9208.9762500000,0.2750000000,0.3500000000,0.3000000000,2.5000000000,0.6000000000,101,110,101,110,102,111
295,neighbor,False,ENVELOPE_BASE_CONTACT,999999999.0000000000,9208.9762500000,0.2000000000,0.3500000000,0.3000000000,2.5000000000,0.8000000000,100,110,102,113,103,110
296,neighbor,False,MINIMUM_MAIN_STEEL,999999999.0000000000,9208.9762500000,0.2250000000,0.4000000000,0.4000000000,3.0000000000,0.8000000000,101,113,101,110,104,113
297,neighbor,False,MINIMUM_MAIN_STEEL,999999999.0000000000,9208.9762500000,0.2000000000,0.3500000000,0.3000000000,2.5000000000,1.0000000000,102,110,100,111,100,113
298,neighbor,False,STEM_STRESS_OR_INTERVAL_BOUND,999999999.0000000000,9208.9762500000,0.2750000000,0.4000000000,0.3000000000,3.5000000000,1.0000000000,103,113,104,110,103,111
299,neighbor,True,PASS_IMPLEMENTED_PROJECT_CHECKS,9685.7800300000,9208.9762500000,0.2000000000,0.5000000000,0.3000000000,3.0000000000,0.7000000000,103,112,103,113,101,110
300,neighbor,False,MINIMUM_MAIN_STEEL,999999999.0000000000,9208.9762500000,0.2500000000,0.4500000000,0.3500000000,3.5000000000,0.9000000000,100,110,101,113,102,110
301,neighbor,False,MINIMUM_MAIN_STEEL,999999999.0000000000,9208.9762500000,0.2750000000,0.5500000000,0.3000000000,3.0000000000,0.6000000000,100,113,101,113,101,113
302,neighbor,False,MINIMUM_MAIN_STEEL,999999999.0000000000,9208.9762500000,0.2250000000,0.4500000000,0.3000000000,2.5000000000,0.7000000000,102,112,100,113,104,112
303,neighbor,True,PASS_IMPLEMENTED_PROJECT_CHECKS,10563.5947100000,9208.9762500000,0.2000000000,0.4500000000,0.3500000000,3.0000000000,0.7000000000,101,110,104,111,103,110
304,neighbor,False,MINIMUM_MAIN_STEEL,999999999.0000000000,9208.9762500000,0.2000000000,0.4500000000,0.3000000000,3.0000000000,1.0000000000,100,112,103,111,101,113
305,neighbor,False,MINIMUM_MAIN_STEEL,999999999.0000000000,9208.9762500000,0.2250000000,0.4000000000,0.3500000000,3.5000000000,0.9000000000,102,113,100,113,102,113
306,neighbor,False,STEM_STRESS_OR_INTERVAL_BOUND,999999999.0000000000,9208.9762500000,0.2000000000,0.3500000000,0.4500000000,3.5000000000,0.8000000000,101,112,101,112,103,113
307,neighbor,False,MINIMUM_MAIN_STEEL,999999999.0000000000,9208.9762500000,0.2500000000,0.3500000000,0.4500000000,3.0000000000,0.6000000000,101,110,103,111,100,112
308,neighbor,False,STEM_STRESS_OR_INTERVAL_BOUND,999999999.0000000000,9208.9762500000,0.2250000000,0.4500000000,0.3000000000,3.0000000000,0.9000000000,102,112,102,112,102,110
309,neighbor,False,MINIMUM_MAIN_STEEL,999999999.0000000000,9208.9762500000,0.2250000000,0.4000000000,0.3000000000,2.5000000000,1.0000000000,100,110,102,113,103,110
310,neighbor,False,ENVELOPE_BASE_CONTACT,999999999.0000000000,9208.9762500000,0.2000000000,0.5000000000,0.3000000000,2.5000000000,0.9000000000,104,110,104,110,103,110
311,neighbor,False,MAXIMUM_MAIN_STEEL,999999999.0000000000,9208.9762500000,0.2000000000,0.3500000000,0.3000000000,3.0000000000,0.6000000000,102,110,100,110,103,110
312,neighbor,False,MINIMUM_MAIN_STEEL,999999999.0000000000,9208.9762500000,0.2250000000,0.5000000000,0.4000000000,3.5000000000,0.8000000000,104,113,104,112,100,111
313,neighbor,False,ENVELOPE_BASE_CONTACT,999999999.0000000000,9208.9762500000,0.2250000000,0.5000000000,0.3500000000,2.5000000000,0.9000000000,104,113,100,111,104,112
314,neighbor,False,MINIMUM_MAIN_STEEL,999999999.0000000000,9208.9762500000,0.2250000000,0.4000000000,0.4500000000,2.5000000000,0.8000000000,100,112,102,113,103,113
315,neighbor,True,PASS_IMPLEMENTED_PROJECT_CHECKS,10722.8753820000,9208.9762500000,0.2750000000,0.5500000000,0.3000000000,3.5000000000,0.6000000000,103,113,101,111,104,113
316,neighbor,False,ENVELOPE_BASE_CONTACT,999999999.0000000000,9208.9762500000,0.2500000000,0.3500000000,0.4500000000,2.5000000000,0.9000000000,100,110,102,113,104,111
317,neighbor,True,PASS_IMPLEMENTED_PROJECT_CHECKS,11277.3294120000,9208.9762500000,0.2750000000,0.5000000000,0.4000000000,3.5000000000,0.6000000000,102,111,104,113,102,111
318,neighbor,False,MINIMUM_MAIN_STEEL,999999999.0000000000,9208.9762500000,0.2000000000,0.4500000000,0.3000000000,2.5000000000,0.8000000000,104,113,100,113,103,111
319,neighbor,False,MINIMUM_MAIN_STEEL,999999999.0000000000,9208.9762500000,0.2750000000,0.4000000000,0.5500000000,2.5000000000,0.9000000000,102,111,101,113,104,110
320,neighbor,True,PASS_IMPLEMENTED_PROJECT_CHECKS,9965.3412500000,9208.9762500000,0.2250000000,0.5000000000,0.3000000000,3.0000000000,0.9000000000,103,112,103,113,103,112
321,neighbor,False,MINIMUM_MAIN_STEEL,999999999.0000000000,9208.9762500000,0.2750000000,0.4500000000,0.4500000000,3.5000000000,0.8000000000,102,113,100,110,101,112
322,neighbor,False,INVALID_GEOMETRY_OR_INPUT,999999999.0000000000,9208.9762500000,0.2250000000,0.5500000000,0.4000000000,2.5000000000,1.0000000000,100,112,101,113,103,113
323,neighbor,True,PASS_IMPLEMENTED_PROJECT_CHECKS,11134.0215000000,9208.9762500000,0.2500000000,0.5000000000,0.3500000000,3.0000000000,0.6000000000,103,111,102,112,103,112
324,neighbor,False,MINIMUM_MAIN_STEEL,999999999.0000000000,9208.9762500000,0.2000000000,0.4500000000,0.5500000000,3.0000000000,1.0000000000,103,110,100,113,100,110
325,neighbor,False,MINIMUM_MAIN_STEEL,999999999.0000000000,9208.9762500000,0.2250000000,0.5000000000,0.3000000000,3.0000000000,0.9000000000,100,110,100,113,103,110
326,neighbor,True,PASS_IMPLEMENTED_PROJECT_CHECKS,12820.4735440000,9208.9762500000,0.2500000000,0.5500000000,0.5000000000,3.5000000000,0.9000000000,104,113,103,113,102,110
327,neighbor,False,MINIMUM_MAIN_STEEL,999999999.0000000000,9208.9762500000,0.2250000000,0.5500000000,0.4500000000,2.5000000000,0.8000000000,102,113,101,113,102,110
328,neighbor,False,MAXIMUM_MAIN_STEEL,999999999.0000000000,9208.9762500000,0.2250000000,0.5500000000,0.3500000000,3.0000000000,0.8000000000,103,110,104,113,100,110
329,neighbor,False,MINIMUM_MAIN_STEEL,999999999.0000000000,9208.9762500000,0.2000000000,0.5500000000,0.5500000000,2.5000000000,0.8000000000,100,110,102,111,102,110
330,neighbor,False,MINIMUM_MAIN_STEEL,999999999.0000000000,9208.9762500000,0.2000000000,0.4000000000,0.4500000000,3.0000000000,1.0000000000,100,110,101,112,103,113
331,neighbor,False,MINIMUM_MAIN_STEEL,999999999.0000000000,9208.9762500000,0.2500000000,0.5500000000,0.3000000000,3.5000000000,0.9000000000,101,111,104,112,104,110
332,neighbor,False,STEM_STRESS_OR_INTERVAL_BOUND,999999999.0000000000,9208.9762500000,0.2000000000,0.4500000000,0.3500000000,3.5000000000,0.7000000000,102,112,103,113,103,111
333,neighbor,False,MINIMUM_MAIN_STEEL,999999999.0000000000,9208.9762500000,0.2250000000,0.3500000000,0.3000000000,2.5000000000,0.7000000000,104,110,100,112,104,110
334,neighbor,False,MAXIMUM_MAIN_STEEL,999999999.0000000000,9208.9762500000,0.2000000000,0.5000000000,0.3500000000,3.0000000000,0.7000000000,102,110,103,113,104,110
335,neighbor,True,PASS_IMPLEMENTED_PROJECT_CHECKS,8919.7419500000,8919.7419500000,0.2250000000,0.4000000000,0.3000000000,3.0000000000,0.8000000000,101,110,102,111,102,111
336,neighbor,False,MINIMUM_MAIN_STEEL,999999999.0000000000,8919.7419500000,0.2000000000,0.4000000000,0.3000000000,3.5000000000,1.0000000000,102,110,100,112,100,113
337,neighbor,False,MINIMUM_MAIN_STEEL,999999999.0000000000,8919.7419500000,0.2000000000,0.3000000000,0.5000000000,3.5000000000,0.9000000000,102,110,100,113,101,110
338,neighbor,False,MINIMUM_MAIN_STEEL,999999999.0000000000,8919.7419500000,0.2000000000,0.3000000000,0.3000000000,3.0000000000,1.0000000000,100,112,101,110,104,113
339,neighbor,False,MEMBER_FLEXURE,999999999.0000000000,8919.7419500000,0.2500000000,0.3000000000,0.3000000000,3.0000000000,0.9000000000,102,110,101,111,102,112
340,neighbor,False,MINIMUM_MAIN_STEEL,999999999.0000000000,8919.7419500000,0.2000000000,0.3500000000,0.3000000000,3.5000000000,0.9000000000,100,112,100,113,100,113
341,neighbor,False,MAXIMUM_MAIN_STEEL,999999999.0000000000,8919.7419500000,0.2750000000,0.3500000000,0.4000000000,3.0000000000,0.6000000000,103,110,104,113,101,112
342,neighbor,False,MINIMUM_MAIN_STEEL,999999999.0000000000,8919.7419500000,0.2750000000,0.5000000000,0.3000000000,2.5000000000,0.6000000000,100,110,104,112,100,112
343,neighbor,False,STEM_STRESS_OR_INTERVAL_BOUND,999999999.0000000000,8919.7419500000,0.2250000000,0.3500000000,0.3000000000,3.5000000000,0.6000000000,100,110,103,110,103,113
344,neighbor,False,MINIMUM_MAIN_STEEL,999999999.0000000000,8919.7419500000,0.2250000000,0.4000000000,0.5000000000,2.5000000000,0.9000000000,100,110,103,112,102,110
345,neighbor,False,STEM_STRESS_OR_INTERVAL_BOUND,999999999.0000000000,8919.7419500000,0.2750000000,0.3000000000,0.3000000000,3.5000000000,1.0000000000,100,110,102,112,103,112
346,neighbor,False,MINIMUM_MAIN_STEEL,999999999.0000000000,8919.7419500000,0.2500000000,0.3500000000,0.5000000000,2.5000000000,0.7000000000,101,112,100,113,104,112
347,neighbor,False,MINIMUM_MAIN_STEEL,999999999.0000000000,8919.7419500000,0.2250000000,0.3000000000,0.4500000000,2.5000000000,1.0000000000,101,110,100,112,101,110
348,neighbor,False,MINIMUM_MAIN_STEEL,999999999.0000000000,8919.7419500000,0.2000000000,0.3000000000,0.5000000000,2.5000000000,0.7000000000,100,110,100,112,102,113
349,neighbor,False,MINIMUM_MAIN_STEEL,999999999.0000000000,8919.7419500000,0.2250000000,0.3000000000,0.3000000000,3.0000000000,1.0000000000,100,112,103,112,103,110
350,neighbor,False,MINIMUM_MAIN_STEEL,999999999.0000000000,8919.7419500000,0.2750000000,0.3500000000,0.4000000000,3.5000000000,0.6000000000,101,110,103,112,100,113
351,neighbor,False,MEMBER_FLEXURE,999999999.0000000000,8919.7419500000,0.2250000000,0.4500000000,0.3000000000,3.5000000000,0.9000000000,102,111,100,110,102,113
352,neighbor,False,ENVELOPE_BASE_CONTACT,999999999.0000000000,8919.7419500000,0.2500000000,0.4000000000,0.5000000000,2.5000000000,0.7000000000,103,112,104,113,100,110
353,neighbor,False,MINIMUM_MAIN_STEEL,999999999.0000000000,8919.7419500000,0.2500000000,0.3000000000,0.4500000000,3.0000000000,0.9000000000,100,110,101,113,100,113
354,neighbor,False,MINIMUM_MAIN_STEEL,999999999.0000000000,8919.7419500000,0.2500000000,0.5000000000,0.3000000000,3.0000000000,1.0000000000,100,110,104,110,102,110
355,neighbor,False,MINIMUM_MAIN_STEEL,999999999.0000000000,8919.7419500000,0.2500000000,0.3500000000,0.3000000000,2.5000000000,0.7000000000,100,112,103,113,100,110
356,neighbor,False,ENVELOPE_BASE_CONTACT,999999999.0000000000,8919.7419500000,0.2500000000,0.4500000000,0.3000000000,2.5000000000,0.8000000000,101,111,103,111,100,110
357,neighbor,False,STEM_STRESS_OR_INTERVAL_BOUND,999999999.0000000000,8919.7419500000,0.2000000000,0.4000000000,0.4500000000,3.5000000000,0.8000000000,102,112,101,111,104,111
358,neighbor,False,MINIMUM_MAIN_STEEL,999999999.0000000000,8919.7419500000,0.2750000000,0.3500000000,0.3000000000,2.5000000000,0.8000000000,100,111,103,110,103,111
359,neighbor,False,ENVELOPE_BASE_CONTACT,999999999.0000000000,8919.7419500000,0.2750000000,0.3000000000,0.3000000000,2.5000000000,0.7000000000,101,110,101,113,101,111
360,neighbor,False,MINIMUM_MAIN_STEEL,999999999.0000000000,8919.7419500000,0.2250000000,0.5000000000,0.3000000000,2.5000000000,0.9000000000,101,112,101,110,103,110
361,neighbor,False,STEM_STRESS_OR_INTERVAL_BOUND,999999999.0000000000,8919.7419500000,0.2750000000,0.3000000000,0.4500000000,3.0000000000,0.8000000000,100,110,101,110,101,110
362,neighbor,False,MINIMUM_MAIN_STEEL,999999999.0000000000,8919.7419500000,0.2000000000,0.3500000000,0.3000000000,3.0000000000,0.8000000000,100,110,101,113,100,112
363,neighbor,False,MAXIMUM_MAIN_STEEL,999999999.0000000000,8919.7419500000,0.2000000000,0.3000000000,0.3500000000,3.5000000000,0.6000000000,103,111,102,110,103,112
364,neighbor,False,STEM_STRESS_OR_INTERVAL_BOUND,999999999.0000000000,8919.7419500000,0.2000000000,0.3500000000,0.5500000000,3.5000000000,0.6000000000,100,110,103,113,101,110
365,neighbor,False,MINIMUM_MAIN_STEEL,999999999.0000000000,8919.7419500000,0.2000000000,0.4500000000,0.5500000000,2.5000000000,0.6000000000,101,111,103,110,101,113
366,neighbor,False,MAXIMUM_MAIN_STEEL,999999999.0000000000,8919.7419500000,0.2500000000,0.3500000000,0.4500000000,3.5000000000,0.8000000000,103,110,104,113,103,110
367,neighbor,False,MINIMUM_MAIN_STEEL,999999999.0000000000,8919.7419500000,0.2750000000,0.4500000000,0.4500000000,3.0000000000,0.8000000000,100,111,104,112,100,112
368,neighbor,False,MINIMUM_MAIN_STEEL,999999999.0000000000,8919.7419500000,0.2750000000,0.4500000000,0.3000000000,3.0000000000,0.6000000000,100,112,103,113,104,110
369,neighbor,False,STEM_STRESS_OR_INTERVAL_BOUND,999999999.0000000000,8919.7419500000,0.2000000000,0.3000000000,0.3500000000,3.5000000000,0.8000000000,101,110,102,111,102,112
370,neighbor,False,STEM_STRESS_OR_INTERVAL_BOUND,999999999.0000000000,8919.7419500000,0.2000000000,0.3500000000,0.3000000000,3.0000000000,1.0000000000,102,111,103,112,101,110
371,neighbor,False,MINIMUM_MAIN_STEEL,999999999.0000000000,8919.7419500000,0.2000000000,0.3500000000,0.3000000000,3.0000000000,0.9000000000,103,110,104,113,100,112
372,neighbor,False,MINIMUM_MAIN_STEEL,999999999.0000000000,8919.7419500000,0.2000000000,0.5000000000,0.3000000000,2.5000000000,0.8000000000,100,111,104,110,104,111
373,neighbor,False,MINIMUM_MAIN_STEEL,999999999.0000000000,8919.7419500000,0.2500000000,0.3500000000,0.3000000000,2.5000000000,0.8000000000,103,111,104,110,100,113
374,neighbor,False,MINIMUM_MAIN_STEEL,999999999.0000000000,8919.7419500000,0.2250000000,0.5000000000,0.3000000000,3.0000000000,0.7000000000,100,111,103,110,102,110
375,neighbor,False,MINIMUM_MAIN_STEEL,999999999.0000000000,8919.7419500000,0.2250000000,0.3000000000,0.5500000000,2.5000000000,0.6000000000,102,110,100,112,103,110
376,neighbor,True,PASS_IMPLEMENTED_PROJECT_CHECKS,10251.4417200000,8919.7419500000,0.2000000000,0.4500000000,0.4000000000,3.0000000000,0.9000000000,102,111,104,112,102,110
377,neighbor,False,ENVELOPE_BASE_CONTACT,999999999.0000000000,8919.7419500000,0.2000000000,0.5000000000,0.3000000000,2.5000000000,0.7000000000,102,112,104,112,103,110
378,neighbor,False,MINIMUM_MAIN_STEEL,999999999.0000000000,8919.7419500000,0.2250000000,0.5000000000,0.3000000000,3.0000000000,0.9000000000,102,110,100,113,104,113
379,neighbor,False,MINIMUM_MAIN_STEEL,999999999.0000000000,8919.7419500000,0.2500000000,0.4000000000,0.4000000000,2.5000000000,0.6000000000,102,110,102,112,100,111
380,neighbor,False,STEM_STRESS_OR_INTERVAL_BOUND,999999999.0000000000,8919.7419500000,0.2750000000,0.3000000000,0.3000000000,3.0000000000,0.6000000000,101,112,100,111,104,113
381,neighbor,False,ENVELOPE_BASE_CONTACT,999999999.0000000000,8919.7419500000,0.2250000000,0.4000000000,0.3000000000,2.5000000000,0.8000000000,101,111,101,111,101,110
382,neighbor,False,MINIMUM_MAIN_STEEL,999999999.0000000000,8919.7419500000,0.2750000000,0.4000000000,0.3000000000,3.5000000000,0.7000000000,100,112,102,113,101,113
383,neighbor,False,ENVELOPE_BASE_CONTACT,999999999.0000000000,8919.7419500000,0.2250000000,0.5000000000,0.3000000000,2.5000000000,0.7000000000,103,110,101,111,102,113
384,neighbor,False,MINIMUM_MAIN_STEEL,999999999.0000000000,8919.7419500000,0.2500000000,0.4500000000,0.5000000000,3.0000000000,0.8000000000,100,112,100,111,102,112
385,neighbor,False,MINIMUM_MAIN_STEEL,999999999.0000000000,8919.7419500000,0.2000000000,0.4500000000,0.3000000000,3.0000000000,0.6000000000,100,111,100,111,100,113
386,neighbor,False,STEM_STRESS_OR_INTERVAL_BOUND,999999999.0000000000,8919.7419500000,0.2500000000,0.3000000000,0.3000000000,3.0000000000,0.9000000000,100,110,100,110,103,110
387,neighbor,False,MINIMUM_MAIN_STEEL,999999999.0000000000,8919.7419500000,0.2250000000,0.5000000000,0.3000000000,3.5000000000,0.9000000000,100,110,104,113,103,113
388,neighbor,False,ENVELOPE_BASE_CONTACT,999999999.0000000000,8919.7419500000,0.2750000000,0.3500000000,0.5500000000,2.5000000000,1.0000000000,103,110,104,111,100,110
389,neighbor,False,MINIMUM_MAIN_STEEL,999999999.0000000000,8919.7419500000,0.2250000000,0.4000000000,0.3000000000,2.5000000000,0.7000000000,100,110,103,113,100,111
390,neighbor,False,MINIMUM_MAIN_STEEL,999999999.0000000000,8919.7419500000,0.2000000000,0.4500000000,0.3500000000,2.5000000000,1.0000000000,100,111,103,110,101,110
391,neighbor,False,MAXIMUM_MAIN_STEEL,999999999.0000000000,8919.7419500000,0.2000000000,0.5000000000,0.4000000000,3.5000000000,0.8000000000,103,111,101,113,100,110
392,neighbor,False,MAXIMUM_MAIN_STEEL,999999999.0000000000,8919.7419500000,0.2500000000,0.5000000000,0.3000000000,3.5000000000,0.7000000000,103,110,104,110,102,111
393,neighbor,False,MINIMUM_MAIN_STEEL,999999999.0000000000,8919.7419500000,0.2000000000,0.3000000000,0.3000000000,3.0000000000,1.0000000000,102,112,100,111,100,112
394,neighbor,False,MAXIMUM_MAIN_STEEL,999999999.0000000000,8919.7419500000,0.2250000000,0.4000000000,0.3000000000,3.5000000000,0.9000000000,103,110,102,110,101,113
395,neighbor,True,PASS_IMPLEMENTED_PROJECT_CHECKS,10309.9119450000,8919.7419500000,0.2250000000,0.4000000000,0.5500000000,3.0000000000,0.8000000000,101,110,101,111,102,112
396,neighbor,False,MINIMUM_MAIN_STEEL,999999999.0000000000,8919.7419500000,0.2000000000,0.3500000000,0.3500000000,3.5000000000,0.7000000000,100,112,100,111,103,111
397,neighbor,False,MINIMUM_MAIN_STEEL,999999999.0000000000,8919.7419500000,0.2250000000,0.5000000000,0.5000000000,3.0000000000,1.0000000000,100,110,104,112,100,111
398,neighbor,False,STEM_STRESS_OR_INTERVAL_BOUND,999999999.0000000000,8919.7419500000,0.2000000000,0.3000000000,0.4000000000,3.5000000000,0.8000000000,100,110,101,110,100,110
399,neighbor,False,MINIMUM_MAIN_STEEL,999999999.0000000000,8919.7419500000,0.2250000000,0.4000000000,0.4500000000,3.0000000000,1.0000000000,100,110,103,110,102,111
400,neighbor,False,MINIMUM_MAIN_STEEL,999999999.0000000000,8919.7419500000,0.2000000000,0.5000000000,0.3500000000,2.5000000000,0.7000000000,103,110,102,112,100,112
401,neighbor,False,MINIMUM_MAIN_STEEL,999999999.0000000000,8919.7419500000,0.2250000000,0.5000000000,0.3000000000,3.0000000000,0.6000000000,103,111,101,111,100,113
402,neighbor,False,MINIMUM_MAIN_STEEL,999999999.0000000000,8919.7419500000,0.2500000000,0.4500000000,0.3000000000,3.5000000000,0.7000000000,103,110,100,112,103,112
403,neighbor,False,MINIMUM_MAIN_STEEL,999999999.0000000000,8919.7419500000,0.2250000000,0.4500000000,0.4000000000,3.0000000000,1.0000000000,101,110,100,111,103,110
404,neighbor,False,STEM_STRESS_OR_INTERVAL_BOUND,999999999.0000000000,8919.7419500000,0.2250000000,0.4500000000,0.3000000000,3.5000000000,0.9000000000,101,111,104,112,103,110
405,neighbor,False,ENVELOPE_BASE_CONTACT,999999999.0000000000,8919.7419500000,0.2000000000,0.3500000000,0.3500000000,2.5000000000,0.7000000000,100,110,102,113,101,113
406,neighbor,False,MINIMUM_MAIN_STEEL,999999999.0000000000,8919.7419500000,0.2250000000,0.3000000000,0.3000000000,3.0000000000,1.0000000000,100,112,100,110,101,110
407,neighbor,False,MEMBER_FLEXURE,999999999.0000000000,8919.7419500000,0.2750000000,0.5000000000,0.3000000000,3.0000000000,1.0000000000,102,110,101,113,102,111
408,neighbor,False,MINIMUM_MAIN_STEEL,999999999.0000000000,8919.7419500000,0.2000000000,0.5000000000,0.3000000000,3.5000000000,0.6000000000,100,111,104,110,102,111
409,neighbor,False,MINIMUM_MAIN_STEEL,999999999.0000000000,8919.7419500000,0.2500000000,0.3000000000,0.3500000000,3.5000000000,0.7000000000,100,111,100,113,100,112
410,neighbor,False,ENVELOPE_BASE_CONTACT,999999999.0000000000,8919.7419500000,0.2750000000,0.5000000000,0.3000000000,2.5000000000,0.7000000000,102,110,100,111,103,110
411,neighbor,False,MINIMUM_MAIN_STEEL,999999999.0000000000,8919.7419500000,0.2250000000,0.4500000000,0.4000000000,2.5000000000,0.7000000000,101,112,102,111,100,113
412,neighbor,False,MINIMUM_MAIN_STEEL,999999999.0000000000,8919.7419500000,0.2500000000,0.4000000000,0.5500000000,2.5000000000,0.7000000000,100,112,101,110,100,110
413,neighbor,False,ENVELOPE_BASE_CONTACT,999999999.0000000000,8919.7419500000,0.2500000000,0.3000000000,0.3000000000,2.5000000000,0.8000000000,100,110,102,110,100,110
414,neighbor,False,ENVELOPE_BASE_CONTACT,999999999.0000000000,8919.7419500000,0.2000000000,0.4000000000,0.3000000000,2.5000000000,0.8000000000,103,110,103,112,102,113
415,neighbor,False,MAXIMUM_MAIN_STEEL,999999999.0000000000,8919.7419500000,0.2250000000,0.4000000000,0.3000000000,3.5000000000,0.6000000000,102,110,102,112,104,110
416,neighbor,False,MAXIMUM_MAIN_STEEL,999999999.0000000000,8919.7419500000,0.2000000000,0.3500000000,0.3500000000,3.5000000000,1.0000000000,103,110,103,111,100,110
417,neighbor,False,MINIMUM_MAIN_STEEL,999999999.0000000000,8919.7419500000,0.2750000000,0.3000000000,0.3000000000,3.5000000000,1.0000000000,100,112,103,112,103,111
418,neighbor,False,MINIMUM_MAIN_STEEL,999999999.0000000000,8919.7419500000,0.2500000000,0.3500000000,0.3000000000,2.5000000000,0.8000000000,100,111,101,110,103,111
419,neighbor,False,ENVELOPE_BASE_CONTACT,999999999.0000000000,8919.7419500000,0.2000000000,0.4500000000,0.3500000000,2.5000000000,0.8000000000,103,112,102,111,104,113
420,neighbor,False,MINIMUM_MAIN_STEEL,999999999.0000000000,8919.7419500000,0.2000000000,0.4500000000,0.4000000000,3.5000000000,1.0000000000,101,112,102,112,103,110
421,neighbor,True,PASS_IMPLEMENTED_PROJECT_CHECKS,11932.3501450000,8919.7419500000,0.2250000000,0.4000000000,0.3500000000,3.5000000000,0.8000000000,102,110,100,110,103,110
422,neighbor,False,MINIMUM_MAIN_STEEL,999999999.0000000000,8919.7419500000,0.2250000000,0.4500000000,0.5500000000,3.0000000000,0.7000000000,100,110,104,110,102,110
423,neighbor,False,MEMBER_FLEXURE,999999999.0000000000,8919.7419500000,0.2750000000,0.5000000000,0.3000000000,3.5000000000,1.0000000000,103,112,100,111,104,110
424,neighbor,False,MINIMUM_MAIN_STEEL,999999999.0000000000,8919.7419500000,0.2500000000,0.4500000000,0.4500000000,3.5000000000,0.6000000000,100,112,103,111,102,110
425,neighbor,False,MAXIMUM_MAIN_STEEL,999999999.0000000000,8919.7419500000,0.2000000000,0.4000000000,0.4000000000,3.5000000000,0.9000000000,102,110,101,113,104,111
426,neighbor,False,MINIMUM_MAIN_STEEL,999999999.0000000000,8919.7419500000,0.2000000000,0.4000000000,0.3500000000,3.0000000000,0.7000000000,100,110,100,110,101,113
427,neighbor,False,MEMBER_FLEXURE,999999999.0000000000,8919.7419500000,0.2750000000,0.4000000000,0.3000000000,3.0000000000,0.7000000000,103,112,100,111,103,113
428,neighbor,False,INVALID_GEOMETRY_OR_INPUT,999999999.0000000000,8919.7419500000,0.2500000000,0.5000000000,0.3500000000,2.5000000000,1.0000000000,100,110,100,113,101,112
429,neighbor,False,ENVELOPE_BASE_CONTACT,999999999.0000000000,8919.7419500000,0.2250000000,0.5000000000,0.4500000000,2.5000000000,0.7000000000,103,112,104,110,104,110
430,neighbor,False,MINIMUM_MAIN_STEEL,999999999.0000000000,8919.7419500000,0.2250000000,0.4000000000,0.3500000000,3.5000000000,0.9000000000,100,112,104,110,102,113
431,neighbor,True,PASS_IMPLEMENTED_PROJECT_CHECKS,10697.6497000000,8919.7419500000,0.2000000000,0.4000000000,0.3000000000,3.5000000000,0.8000000000,101,110,103,111,103,110
432,neighbor,False,MINIMUM_MAIN_STEEL,999999999.0000000000,8919.7419500000,0.2000000000,0.4500000000,0.5500000000,3.0000000000,1.0000000000,100,112,102,112,104,110
433,neighbor,False,ENVELOPE_BASE_CONTACT,999999999.0000000000,8919.7419500000,0.2250000000,0.4000000000,0.4500000000,2.5000000000,0.7000000000,101,110,102,110,102,110
434,neighbor,False,MINIMUM_MAIN_STEEL,999999999.0000000000,8919.7419500000,0.2000000000,0.3000000000,0.4000000000,3.5000000000,1.0000000000,101,112,102,112,100,113
435,neighbor,False,ENVELOPE_BASE_CONTACT,999999999.0000000000,8919.7419500000,0.2000000000,0.5000000000,0.3000000000,2.5000000000,0.8000000000,103,112,103,113,103,110
436,neighbor,False,MINIMUM_MAIN_STEEL,999999999.0000000000,8919.7419500000,0.2500000000,0.4500000000,0.3000000000,2.5000000000,0.7000000000,100,110,102,111,102,110
437,neighbor,False,STEM_STRESS_OR_INTERVAL_BOUND,999999999.0000000000,8919.7419500000,0.2750000000,0.4500000000,0.4500000000,3.0000000000,0.7000000000,101,111,103,110,101,110
438,neighbor,False,ENVELOPE_BASE_CONTACT,999999999.0000000000,8919.7419500000,0.2500000000,0.3500000000,0.3500000000,2.5000000000,0.6000000000,102,111,104,111,101,110
439,neighbor,False,MEMBER_FLEXURE,999999999.0000000000,8919.7419500000,0.2750000000,0.5000000000,0.3000000000,3.0000000000,0.7000000000,101,110,102,110,101,111
440,neighbor,False,MINIMUM_MAIN_STEEL,999999999.0000000000,8919.7419500000,0.2250000000,0.4500000000,0.3000000000,2.5000000000,0.8000000000,100,112,102,111,103,110
441,neighbor,False,MEMBER_FLEXURE,999999999.0000000000,8919.7419500000,0.2000000000,0.5000000000,0.3000000000,3.0000000000,0.9000000000,102,111,102,110,101,111
442,neighbor,False,MAXIMUM_MAIN_STEEL,999999999.0000000000,8919.7419500000,0.2000000000,0.4000000000,0.3000000000,3.5000000000,0.8000000000,103,111,100,110,100,110
443,neighbor,False,ENVELOPE_BASE_CONTACT,999999999.0000000000,8919.7419500000,0.2000000000,0.5000000000,0.3000000000,2.5000000000,0.8000000000,102,112,103,113,103,113
444,neighbor,False,MAXIMUM_MAIN_STEEL,999999999.0000000000,8919.7419500000,0.2000000000,0.4000000000,0.5500000000,3.0000000000,0.6000000000,103,110,100,110,103,113
445,neighbor,False,MINIMUM_MAIN_STEEL,999999999.0000000000,8919.7419500000,0.2500000000,0.4500000000,0.4000000000,2.5000000000,0.6000000000,103,112,102,113,100,111
446,neighbor,False,MAXIMUM_MAIN_STEEL,999999999.0000000000,8919.7419500000,0.2250000000,0.4500000000,0.4000000000,3.5000000000,0.6000000000,103,110,100,110,100,110
447,neighbor,False,MINIMUM_MAIN_STEEL,999999999.0000000000,8919.7419500000,0.2750000000,0.5000000000,0.3500000000,2.5000000000,0.6000000000,100,110,102,110,102,113
448,neighbor,False,ENVELOPE_BASE_CONTACT,999999999.0000000000,8919.7419500000,0.2750000000,0.4500000000,0.3000000000,2.5000000000,1.0000000000,101,111,103,112,102,110
449,neighbor,False,MINIMUM_MAIN_STEEL,999999999.0000000000,8919.7419500000,0.2750000000,0.4500000000,0.3000000000,2.5000000000,0.9000000000,100,110,103,110,100,112
450,neighbor,False,MINIMUM_MAIN_STEEL,999999999.0000000000,8919.7419500000,0.2500000000,0.4500000000,0.3000000000,3.0000000000,1.0000000000,100,110,104,110,101,113
451,neighbor,False,MINIMUM_MAIN_STEEL,999999999.0000000000,8919.7419500000,0.2250000000,0.3500000000,0.3000000000,3.0000000000,0.6000000000,103,112,101,110,100,113
452,neighbor,False,ENVELOPE_BASE_CONTACT,999999999.0000000000,8919.7419500000,0.2750000000,0.3000000000,0.3500000000,2.5000000000,1.0000000000,101,110,104,111,104,111
453,neighbor,False,ENVELOPE_BASE_CONTACT,999999999.0000000000,8919.7419500000,0.2000000000,0.5000000000,0.3000000000,2.5000000000,0.7000000000,101,110,102,112,102,110
454,neighbor,False,ENVELOPE_BASE_CONTACT,999999999.0000000000,8919.7419500000,0.2750000000,0.4500000000,0.4000000000,2.5000000000,1.0000000000,103,110,104,113,101,110
455,neighbor,False,MINIMUM_MAIN_STEEL,999999999.0000000000,8919.7419500000,0.2250000000,0.3000000000,0.4500000000,2.5000000000,0.6000000000,100,112,100,112,102,113
456,neighbor,False,ENVELOPE_BASE_CONTACT,999999999.0000000000,8919.7419500000,0.2000000000,0.3000000000,0.3500000000,2.5000000000,0.9000000000,100,110,103,110,102,113
457,neighbor,False,STEM_STRESS_OR_INTERVAL_BOUND,999999999.0000000000,8919.7419500000,0.2000000000,0.3500000000,0.3000000000,3.0000000000,0.9000000000,101,110,102,113,104,111
458,neighbor,False,MINIMUM_MAIN_STEEL,999999999.0000000000,8919.7419500000,0.2250000000,0.4000000000,0.5500000000,3.5000000000,0.6000000000,100,111,102,113,100,112
459,neighbor,False,MINIMUM_MAIN_STEEL,999999999.0000000000,8919.7419500000,0.2750000000,0.4500000000,0.3000000000,3.5000000000,0.9000000000,100,110,101,110,102,110
460,neighbor,False,MINIMUM_MAIN_STEEL,999999999.0000000000,8919.7419500000,0.2500000000,0.5000000000,0.4500000000,3.5000000000,1.0000000000,101,110,103,110,100,113
461,neighbor,False,MINIMUM_MAIN_STEEL,999999999.0000000000,8919.7419500000,0.2000000000,0.3500000000,0.3000000000,2.5000000000,0.9000000000,100,111,103,113,102,110
462,neighbor,True,PASS_IMPLEMENTED_PROJECT_CHECKS,11876.9672500000,8919.7419500000,0.2750000000,0.4500000000,0.5000000000,3.5000000000,0.8000000000,102,112,102,110,102,110
463,neighbor,False,MINIMUM_MAIN_STEEL,999999999.0000000000,8919.7419500000,0.2000000000,0.4500000000,0.5000000000,2.5000000000,0.6000000000,100,111,101,111,103,113
464,neighbor,False,MINIMUM_MAIN_STEEL,999999999.0000000000,8919.7419500000,0.2000000000,0.4500000000,0.4000000000,3.5000000000,0.8000000000,100,110,100,112,104,110
465,neighbor,False,ENVELOPE_BASE_CONTACT,999999999.0000000000,8919.7419500000,0.2250000000,0.5000000000,0.3000000000,2.5000000000,0.8000000000,103,112,100,111,104,113
466,neighbor,True,PASS_IMPLEMENTED_PROJECT_CHECKS,12172.9941900000,8919.7419500000,0.2750000000,0.4500000000,0.3000000000,3.5000000000,0.8000000000,103,111,102,110,104,111
467,neighbor,True,PASS_IMPLEMENTED_PROJECT_CHECKS,11166.2434950000,8919.7419500000,0.2250000000,0.3000000000,0.4500000000,3.5000000000,0.6000000000,102,110,102,110,101,110
468,neighbor,False,ENVELOPE_BASE_CONTACT,999999999.0000000000,8919.7419500000,0.2250000000,0.4000000000,0.3000000000,2.5000000000,0.6000000000,103,110,101,113,103,113
469,neighbor,False,MINIMUM_MAIN_STEEL,999999999.0000000000,8919.7419500000,0.2000000000,0.4000000000,0.3000000000,3.0000000000,0.9000000000,101,112,102,112,100,113
470,neighbor,False,STEM_STRESS_OR_INTERVAL_BOUND,999999999.0000000000,8919.7419500000,0.2000000000,0.4000000000,0.3000000000,3.5000000000,0.7000000000,101,111,100,110,104,112
471,neighbor,False,ENVELOPE_BASE_CONTACT,999999999.0000000000,8919.7419500000,0.2250000000,0.3500000000,0.3000000000,2.5000000000,0.9000000000,103,111,100,110,100,110
472,neighbor,False,STEM_STRESS_OR_INTERVAL_BOUND,999999999.0000000000,8919.7419500000,0.2750000000,0.4500000000,0.3000000000,3.0000000000,0.7000000000,101,111,104,112,103,111
473,neighbor,False,MEMBER_FLEXURE,999999999.0000000000,8919.7419500000,0.2750000000,0.3000000000,0.3000000000,3.0000000000,0.7000000000,102,110,101,112,101,112
474,neighbor,False,ENVELOPE_BASE_CONTACT,999999999.0000000000,8919.7419500000,0.2500000000,0.3500000000,0.3000000000,2.5000000000,0.9000000000,103,110,102,111,102,113
475,neighbor,False,MINIMUM_MAIN_STEEL,999999999.0000000000,8919.7419500000,0.2750000000,0.4000000000,0.4000000000,3.5000000000,0.9000000000,100,112,104,112,101,110
476,neighbor,False,MINIMUM_MAIN_STEEL,999999999.0000000000,8919.7419500000,0.2500000000,0.3000000000,0.3000000000,3.0000000000,0.7000000000,102,110,100,113,104,113
477,neighbor,False,MINIMUM_MAIN_STEEL,999999999.0000000000,8919.7419500000,0.2000000000,0.4000000000,0.5500000000,3.5000000000,0.6000000000,101,110,101,113,103,110
478,neighbor,False,MINIMUM_MAIN_STEEL,999999999.0000000000,8919.7419500000,0.2000000000,0.4500000000,0.3000000000,3.5000000000,0.7000000000,100,110,101,110,102,112
479,neighbor,False,MINIMUM_MAIN_STEEL,999999999.0000000000,8919.7419500000,0.2000000000,0.3500000000,0.4500000000,3.5000000000,1.0000000000,100,111,103,110,101,110
480,neighbor,False,MINIMUM_MAIN_STEEL,999999999.0000000000,8919.7419500000,0.2000000000,0.5000000000,0.3000000000,3.0000000000,0.8000000000,102,111,100,112,103,111
481,neighbor,False,STEM_STRESS_OR_INTERVAL_BOUND,999999999.0000000000,8919.7419500000,0.2250000000,0.3500000000,0.5500000000,3.5000000000,1.0000000000,102,112,102,110,103,113
482,neighbor,False,MINIMUM_MAIN_STEEL,999999999.0000000000,8919.7419500000,0.2500000000,0.3000000000,0.3000000000,3.0000000000,0.9000000000,103,110,100,112,103,110
483,neighbor,True,PASS_IMPLEMENTED_PROJECT_CHECKS,11860.4736250000,8919.7419500000,0.2750000000,0.4000000000,0.5500000000,3.5000000000,0.7000000000,101,110,101,111,103,112
484,neighbor,False,MINIMUM_MAIN_STEEL,999999999.0000000000,8919.7419500000,0.2000000000,0.4500000000,0.3500000000,2.5000000000,0.9000000000,100,110,104,113,100,111
485,neighbor,True,PASS_IMPLEMENTED_PROJECT_CHECKS,12132.4718750000,8919.7419500000,0.2250000000,0.4500000000,0.5500000000,3.0000000000,0.7000000000,103,111,100,110,102,110
486,neighbor,False,STEM_STRESS_OR_INTERVAL_BOUND,999999999.0000000000,8919.7419500000,0.2000000000,0.3000000000,0.5500000000,3.0000000000,0.6000000000,102,111,104,110,103,112
487,neighbor,False,STEM_STRESS_OR_INTERVAL_BOUND,999999999.0000000000,8919.7419500000,0.2000000000,0.3500000000,0.3500000000,3.0000000000,1.0000000000,100,110,101,110,104,110
488,neighbor,False,MINIMUM_MAIN_STEEL,999999999.0000000000,8919.7419500000,0.2250000000,0.4500000000,0.5500000000,2.5000000000,0.9000000000,100,110,104,110,100,111
489,neighbor,False,ENVELOPE_BASE_CONTACT,999999999.0000000000,8919.7419500000,0.2000000000,0.4000000000,0.5000000000,2.5000000000,0.7000000000,102,110,104,110,102,111
490,neighbor,False,ENVELOPE_BASE_CONTACT,999999999.0000000000,8919.7419500000,0.2000000000,0.3500000000,0.3000000000,2.5000000000,1.0000000000,103,112,100,111,104,113
491,neighbor,False,MINIMUM_MAIN_STEEL,999999999.0000000000,8919.7419500000,0.2500000000,0.5000000000,0.3000000000,3.5000000000,0.6000000000,100,110,103,113,103,112
492,neighbor,False,MINIMUM_MAIN_STEEL,999999999.0000000000,8919.7419500000,0.2000000000,0.5000000000,0.3000000000,2.5000000000,0.8000000000,101,112,101,112,104,112
493,neighbor,False,MINIMUM_MAIN_STEEL,999999999.0000000000,8919.7419500000,0.2000000000,0.4000000000,0.3500000000,2.5000000000,0.8000000000,100,110,100,113,103,110
494,neighbor,True,PASS_IMPLEMENTED_PROJECT_CHECKS,9845.8219300000,8919.7419500000,0.2250000000,0.4000000000,0.3000000000,3.0000000000,0.6000000000,101,110,100,110,103,110
495,neighbor,False,MINIMUM_MAIN_STEEL,999999999.0000000000,8919.7419500000,0.2250000000,0.4500000000,0.3000000000,3.0000000000,0.6000000000,100,112,103,110,101,112
496,neighbor,False,MINIMUM_MAIN_STEEL,999999999.0000000000,8919.7419500000,0.2000000000,0.5000000000,0.3000000000,3.0000000000,0.9000000000,102,110,101,110,100,112
497,neighbor,False,ENVELOPE_BASE_CONTACT,999999999.0000000000,8919.7419500000,0.2250000000,0.3500000000,0.3000000000,2.5000000000,0.6000000000,103,111,104,113,102,111
498,neighbor,False,MINIMUM_MAIN_STEEL,999999999.0000000000,8919.7419500000,0.2500000000,0.3000000000,0.4000000000,2.5000000000,1.0000000000,100,112,102,110,100,110
499,neighbor,False,MINIMUM_MAIN_STEEL,999999999.0000000000,8919.7419500000,0.2000000000,0.5000000000,0.4000000000,3.0000000000,0.9000000000,103,110,101,110,100,112
500,neighbor,False,ENVELOPE_BASE_CONTACT,999999999.0000000000,8919.7419500000,0.2000000000,0.5000000000,0.5000000000,2.5000000000,0.8000000000,101,110,104,110,103,111
501,neighbor,False,MINIMUM_MAIN_STEEL,999999999.0000000000,8919.7419500000,0.2000000000,0.4500000000,0.3500000000,3.5000000000,1.0000000000,101,112,104,110,100,113
502,neighbor,False,MINIMUM_MAIN_STEEL,999999999.0000000000,8919.7419500000,0.2000000000,0.4000000000,0.3000000000,2.5000000000,0.9000000000,100,112,103,111,103,111
503,neighbor,False,MINIMUM_MAIN_STEEL,999999999.0000000000,8919.7419500000,0.2500000000,0.5000000000,0.3500000000,2.5000000000,0.6000000000,100,112,100,112,102,111
504,neighbor,False,MINIMUM_MAIN_STEEL,999999999.0000000000,8919.7419500000,0.2000000000,0.3000000000,0.5000000000,3.0000000000,0.8000000000,103,112,100,111,101,113
505,neighbor,False,ENVELOPE_BASE_CONTACT,999999999.0000000000,8919.7419500000,0.2500000000,0.4000000000,0.3000000000,2.5000000000,0.7000000000,102,112,101,111,101,110
506,neighbor,False,MINIMUM_MAIN_STEEL,999999999.0000000000,8919.7419500000,0.2000000000,0.4500000000,0.5000000000,2.5000000000,1.0000000000,100,112,104,111,104,112
507,neighbor,False,MINIMUM_MAIN_STEEL,999999999.0000000000,8919.7419500000,0.2500000000,0.5000000000,0.4000000000,3.0000000000,0.8000000000,100,110,103,113,101,110
508,neighbor,False,MAXIMUM_MAIN_STEEL,999999999.0000000000,8919.7419500000,0.2250000000,0.4500000000,0.3000000000,3.5000000000,0.6000000000,103,110,104,110,100,110
509,neighbor,True,PASS_IMPLEMENTED_PROJECT_CHECKS,11697.7570000000,8919.7419500000,0.2500000000,0.4500000000,0.4500000000,3.0000000000,0.9000000000,102,110,103,110,103,113
510,neighbor,False,MINIMUM_MAIN_STEEL,999999999.0000000000,8919.7419500000,0.2500000000,0.5000000000,0.3500000000,2.5000000000,0.8000000000,100,111,101,110,102,113
511,neighbor,False,MINIMUM_MAIN_STEEL,999999999.0000000000,8919.7419500000,0.2750000000,0.5000000000,0.5500000000,2.5000000000,0.6000000000,100,110,101,111,101,113
512,neighbor,False,STEM_STRESS_OR_INTERVAL_BOUND,999999999.0000000000,8919.7419500000,0.2000000000,0.3500000000,0.4000000000,3.0000000000,1.0000000000,102,112,100,110,101,110
513,neighbor,False,ENVELOPE_BASE_CONTACT,999999999.0000000000,8919.7419500000,0.2500000000,0.3500000000,0.4000000000,2.5000000000,0.6000000000,100,110,102,111,102,112
514,neighbor,False,MINIMUM_MAIN_STEEL,999999999.0000000000,8919.7419500000,0.2000000000,0.4000000000,0.3500000000,3.0000000000,1.0000000000,100,110,102,110,100,110
515,neighbor,False,MEMBER_FLEXURE,999999999.0000000000,8919.7419500000,0.2500000000,0.4000000000,0.3000000000,3.5000000000,1.0000000000,102,110,104,113,102,113
516,neighbor,False,ENVELOPE_BASE_CONTACT,999999999.0000000000,8919.7419500000,0.2250000000,0.4000000000,0.4000000000,2.5000000000,0.8000000000,103,110,100,110,104,111
517,neighbor,False,MINIMUM_MAIN_STEEL,999999999.0000000000,8919.7419500000,0.2750000000,0.3000000000,0.3500000000,3.5000000000,0.6000000000,103,110,103,113,100,112
518,neighbor,False,STEM_STRESS_OR_INTERVAL_BOUND,999999999.0000000000,8919.7419500000,0.2000000000,0.4000000000,0.3000000000,3.5000000000,0.7000000000,102,112,101,110,101,110
519,neighbor,False,STEM_STRESS_OR_INTERVAL_BOUND,999999999.0000000000,8919.7419500000,0.2250000000,0.3500000000,0.4000000000,3.5000000000,1.0000000000,100,110,101,110,101,110
520,neighbor,False,ENVELOPE_BASE_CONTACT,999999999.0000000000,8919.7419500000,0.2000000000,0.3500000000,0.3000000000,2.5000000000,0.8000000000,103,110,104,110,102,111
521,neighbor,True,PASS_IMPLEMENTED_PROJECT_CHECKS,10195.7949400000,8919.7419500000,0.2500000000,0.3000000000,0.3000000000,3.0000000000,1.0000000000,102,110,104,111,103,111
522,neighbor,False,STEM_STRESS_OR_INTERVAL_BOUND,999999999.0000000000,8919.7419500000,0.2000000000,0.3000000000,0.3500000000,3.5000000000,0.9000000000,101,110,101,112,103,110
523,neighbor,False,STEM_STRESS_OR_INTERVAL_BOUND,999999999.0000000000,8919.7419500000,0.2000000000,0.3000000000,0.3000000000,3.5000000000,0.7000000000,101,110,101,113,102,110
524,neighbor,False,MINIMUM_MAIN_STEEL,999999999.0000000000,8919.7419500000,0.2750000000,0.5000000000,0.4500000000,3.5000000000,1.0000000000,100,111,102,112,104,111
525,neighbor,False,MINIMUM_MAIN_STEEL,999999999.0000000000,8919.7419500000,0.2500000000,0.4500000000,0.3000000000,3.0000000000,0.7000000000,100,110,101,110,100,112
526,neighbor,False,STEM_STRESS_OR_INTERVAL_BOUND,999999999.0000000000,8919.7419500000,0.2250000000,0.3000000000,0.5500000000,3.5000000000,0.9000000000,100,110,101,110,104,111
527,neighbor,False,ENVELOPE_BASE_CONTACT,999999999.0000000000,8919.7419500000,0.2500000000,0.4500000000,0.3000000000,2.5000000000,0.9000000000,102,110,100,110,103,112
528,neighbor,False,STEM_STRESS_OR_INTERVAL_BOUND,999999999.0000000000,8919.7419500000,0.2250000000,0.4500000000,0.3000000000,3.5000000000,0.6000000000,101,111,104,111,101,112
529,neighbor,False,MINIMUM_MAIN_STEEL,999999999.0000000000,8919.7419500000,0.2750000000,0.4500000000,0.3000000000,3.0000000000,0.8000000000,100,111,101,112,101,113
530,neighbor,False,MINIMUM_MAIN_STEEL,999999999.0000000000,8919.7419500000,0.2500000000,0.4500000000,0.3000000000,3.5000000000,0.7000000000,101,112,102,110,103,110
531,neighbor,False,STEM_STRESS_OR_INTERVAL_BOUND,999999999.0000000000,8919.7419500000,0.2250000000,0.3000000000,0.3500000000,3.5000000000,0.7000000000,101,110,102,113,104,110
532,neighbor,False,MAXIMUM_MAIN_STEEL,999999999.0000000000,8919.7419500000,0.2000000000,0.3500000000,0.5500000000,3.5000000000,0.7000000000,103,110,104,111,103,110
533,neighbor,False,MINIMUM_MAIN_STEEL,999999999.0000000000,8919.7419500000,0.2750000000,0.3500000000,0.3000000000,3.0000000000,0.9000000000,100,110,103,110,100,113
534,neighbor,False,MINIMUM_MAIN_STEEL,999999999.0000000000,8919.7419500000,0.2750000000,0.4000000000,0.3000000000,3.5000000000,0.9000000000,100,111,100,113,102,110
535,neighbor,False,MAXIMUM_MAIN_STEEL,999999999.0000000000,8919.7419500000,0.2000000000,0.4000000000,0.5000000000,3.5000000000,0.7000000000,103,110,103,111,104,112
536,neighbor,False,STEM_STRESS_OR_INTERVAL_BOUND,999999999.0000000000,8919.7419500000,0.2250000000,0.3000000000,0.3000000000,3.0000000000,0.7000000000,101,111,102,110,103,113
537,neighbor,False,STEM_STRESS_OR_INTERVAL_BOUND,999999999.0000000000,8919.7419500000,0.2000000000,0.3500000000,0.5500000000,3.5000000000,0.8000000000,101,112,104,112,104,111
538,neighbor,False,MINIMUM_MAIN_STEEL,999999999.0000000000,8919.7419500000,0.2500000000,0.4000000000,0.5500000000,3.5000000000,1.0000000000,101,112,102,110,101,112
539,neighbor,False,STEM_STRESS_OR_INTERVAL_BOUND,999999999.0000000000,8919.7419500000,0.2250000000,0.3500000000,0.3000000000,3.0000000000,1.0000000000,100,110,100,110,102,111
540,neighbor,False,MINIMUM_MAIN_STEEL,999999999.0000000000,8919.7419500000,0.2000000000,0.4000000000,0.3000000000,2.5000000000,0.9000000000,100,110,100,112,103,113
541,neighbor,False,MINIMUM_MAIN_STEEL,999999999.0000000000,8919.7419500000,0.2250000000,0.4000000000,0.3000000000,3.5000000000,0.8000000000,100,112,103,113,103,110
542,neighbor,True,PASS_IMPLEMENTED_PROJECT_CHECKS,10383.4633900000,8919.7419500000,0.2250000000,0.4000000000,0.3000000000,3.0000000000,0.6000000000,102,110,104,112,102,110
543,neighbor,False,ENVELOPE_BASE_CONTACT,999999999.0000000000,8919.7419500000,0.2250000000,0.3500000000,0.3000000000,2.5000000000,0.8000000000,101,111,102,110,102,111
544,neighbor,False,MINIMUM_MAIN_STEEL,999999999.0000000000,8919.7419500000,0.2000000000,0.3000000000,0.5500000000,3.5000000000,0.9000000000,100,112,103,110,101,110
545,neighbor,True,PASS_IMPLEMENTED_PROJECT_CHECKS,11620.4306700000,8919.7419500000,0.2750000000,0.4000000000,0.5000000000,3.0000000000,0.9000000000,101,110,101,112,104,110
546,neighbor,False,MINIMUM_MAIN_STEEL,999999999.0000000000,8919.7419500000,0.2500000000,0.5000000000,0.3000000000,3.0000000000,0.6000000000,100,110,100,112,102,110
547,neighbor,False,MINIMUM_MAIN_STEEL,999999999.0000000000,8919.7419500000,0.2250000000,0.5000000000,0.3000000000,2.5000000000,0.9000000000,100,111,104,110,103,113
548,neighbor,False,ENVELOPE_BASE_CONTACT,999999999.0000000000,8919.7419500000,0.2250000000,0.3000000000,0.4500000000,2.5000000000,0.8000000000,100,110,104,113,102,111
549,neighbor,False,MINIMUM_MAIN_STEEL,999999999.0000000000,8919.7419500000,0.2500000000,0.5000000000,0.4500000000,2.5000000000,0.6000000000,103,110,101,113,100,110
550,neighbor,False,MAXIMUM_MAIN_STEEL,999999999.0000000000,8919.7419500000,0.2000000000,0.3000000000,0.3000000000,3.5000000000,0.9000000000,103,110,101,113,101,110
551,neighbor,False,MINIMUM_MAIN_STEEL,999999999.0000000000,8919.7419500000,0.2000000000,0.5000000000,0.3000000000,3.0000000000,1.0000000000,102,110,100,112,101,110
552,neighbor,False,MINIMUM_MAIN_STEEL,999999999.0000000000,8919.7419500000,0.2750000000,0.4000000000,0.3000000000,2.5000000000,1.0000000000,100,112,101,111,102,110
553,neighbor,False,ENVELOPE_BASE_CONTACT,999999999.0000000000,8919.7419500000,0.2750000000,0.4000000000,0.5500000000,2.5000000000,1.0000000000,102,112,102,110,104,113
554,neighbor,False,MINIMUM_MAIN_STEEL,999999999.0000000000,8919.7419500000,0.2000000000,0.4500000000,0.3000000000,3.0000000000,0.6000000000,100,110,101,113,102,110
555,neighbor,False,STEM_STRESS_OR_INTERVAL_BOUND,999999999.0000000000,8919.7419500000,0.2500000000,0.3000000000,0.3000000000,3.5000000000,1.0000000000,100,110,103,113,102,112
556,neighbor,False,STEM_STRESS_OR_INTERVAL_BOUND,999999999.0000000000,8919.7419500000,0.2750000000,0.3500000000,0.3500000000,3.0000000000,1.0000000000,101,110,104,110,101,113
557,neighbor,False,MINIMUM_MAIN_STEEL,999999999.0000000000,8919.7419500000,0.2250000000,0.5000000000,0.3000000000,3.5000000000,0.8000000000,100,110,104,110,102,110
558,neighbor,False,MINIMUM_MAIN_STEEL,999999999.0000000000,8919.7419500000,0.2250000000,0.3000000000,0.3000000000,3.5000000000,1.0000000000,103,112,100,113,102,113
559,neighbor,False,STEM_STRESS_OR_INTERVAL_BOUND,999999999.0000000000,8919.7419500000,0.2750000000,0.3500000000,0.4500000000,3.5000000000,0.7000000000,100,110,103,112,103,113
560,neighbor,False,MINIMUM_MAIN_STEEL,999999999.0000000000,8919.7419500000,0.2250000000,0.3000000000,0.3000000000,2.5000000000,0.7000000000,100,112,101,112,101,111
561,neighbor,False,STEM_STRESS_OR_INTERVAL_BOUND,999999999.0000000000,8919.7419500000,0.2750000000,0.3500000000,0.3000000000,3.0000000000,0.8000000000,102,112,102,113,104,113
562,neighbor,False,MINIMUM_MAIN_STEEL,999999999.0000000000,8919.7419500000,0.2000000000,0.3000000000,0.4000000000,3.5000000000,0.6000000000,102,111,100,111,103,111
563,neighbor,False,MINIMUM_MAIN_STEEL,999999999.0000000000,8919.7419500000,0.2000000000,0.4500000000,0.3000000000,3.0000000000,0.8000000000,102,112,100,112,103,110
564,neighbor,False,STEM_STRESS_OR_INTERVAL_BOUND,999999999.0000000000,8919.7419500000,0.2500000000,0.3000000000,0.3000000000,3.0000000000,0.6000000000,100,110,104,110,101,111
565,neighbor,False,MINIMUM_MAIN_STEEL,999999999.0000000000,8919.7419500000,0.2750000000,0.4000000000,0.3500000000,3.0000000000,0.8000000000,100,110,100,113,100,112
566,neighbor,False,MINIMUM_MAIN_STEEL,999999999.0000000000,8919.7419500000,0.2000000000,0.3000000000,0.4500000000,3.5000000000,0.9000000000,100,112,102,110,102,110
567,neighbor,False,MINIMUM_MAIN_STEEL,999999999.0000000000,8919.7419500000,0.2000000000,0.5000000000,0.3000000000,2.5000000000,0.9000000000,100,111,101,112,100,112
568,neighbor,False,MEMBER_FLEXURE,999999999.0000000000,8919.7419500000,0.2000000000,0.4500000000,0.3500000000,3.0000000000,0.8000000000,102,111,104,110,101,113
569,neighbor,False,ENVELOPE_BASE_CONTACT,999999999.0000000000,8919.7419500000,0.2250000000,0.3500000000,0.4500000000,2.5000000000,0.6000000000,100,110,102,110,103,113
570,neighbor,False,MINIMUM_MAIN_STEEL,999999999.0000000000,8919.7419500000,0.2250000000,0.4000000000,0.4000000000,3.0000000000,0.8000000000,100,110,102,113,104,110
571,neighbor,False,MAXIMUM_MAIN_STEEL,999999999.0000000000,8919.7419500000,0.2000000000,0.3000000000,0.3000000000,3.0000000000,0.6000000000,102,110,101,110,104,112
572,neighbor,False,MINIMUM_MAIN_STEEL,999999999.0000000000,8919.7419500000,0.2500000000,0.4500000000,0.4500000000,3.0000000000,0.6000000000,100,110,102,110,104,112
573,neighbor,False,STEM_STRESS_OR_INTERVAL_BOUND,999999999.0000000000,8919.7419500000,0.2500000000,0.4000000000,0.3000000000,3.0000000000,1.0000000000,101,111,101,113,103,112
574,neighbor,False,MINIMUM_MAIN_STEEL,999999999.0000000000,8919.7419500000,0.2000000000,0.4000000000,0.4500000000,2.5000000000,0.7000000000,103,112,100,113,102,110
575,neighbor,True,PASS_IMPLEMENTED_PROJECT_CHECKS,9262.4699040000,8919.7419500000,0.2000000000,0.5000000000,0.3000000000,3.0000000000,1.0000000000,102,112,103,111,104,113
576,neighbor,False,MINIMUM_MAIN_STEEL,999999999.0000000000,8919.7419500000,0.2750000000,0.4000000000,0.3000000000,3.0000000000,0.9000000000,103,110,100,113,103,111
577,neighbor,False,MINIMUM_MAIN_STEEL,999999999.0000000000,8919.7419500000,0.2000000000,0.4000000000,0.4000000000,3.5000000000,0.6000000000,100,112,102,111,104,112
578,neighbor,False,STEM_STRESS_OR_INTERVAL_BOUND,999999999.0000000000,8919.7419500000,0.2500000000,0.3000000000,0.3000000000,3.5000000000,0.8000000000,103,112,103,110,104,110
579,neighbor,False,MINIMUM_MAIN_STEEL,999999999.0000000000,8919.7419500000,0.2750000000,0.4000000000,0.4500000000,2.5000000000,0.6000000000,100,110,100,110,103,110
580,neighbor,False,MINIMUM_MAIN_STEEL,999999999.0000000000,8919.7419500000,0.2750000000,0.4000000000,0.5000000000,3.0000000000,1.0000000000,100,110,104,112,100,110
581,neighbor,True,PASS_IMPLEMENTED_PROJECT_CHECKS,11021.1742500000,8919.7419500000,0.2500000000,0.4000000000,0.3500000000,3.0000000000,0.8000000000,103,111,104,110,101,110
582,neighbor,False,MINIMUM_MAIN_STEEL,999999999.0000000000,8919.7419500000,0.2500000000,0.4500000000,0.3000000000,2.5000000000,1.0000000000,100,111,102,113,103,111
583,neighbor,False,MINIMUM_MAIN_STEEL,999999999.0000000000,8919.7419500000,0.2250000000,0.3500000000,0.3000000000,2.5000000000,0.9000000000,100,112,103,112,101,110
584,neighbor,False,STEM_STRESS_OR_INTERVAL_BOUND,999999999.0000000000,8919.7419500000,0.2500000000,0.3000000000,0.3500000000,3.0000000000,0.8000000000,100,110,101,110,103,110
585,neighbor,False,MEMBER_FLEXURE,999999999.0000000000,8919.7419500000,0.2750000000,0.4000000000,0.3000000000,3.0000000000,0.6000000000,103,112,103,112,100,110
586,neighbor,False,MINIMUM_MAIN_STEEL,999999999.0000000000,8919.7419500000,0.2750000000,0.3500000000,0.5000000000,3.5000000000,0.7000000000,100,111,102,111,103,113
587,neighbor,False,ENVELOPE_BASE_CONTACT,999999999.0000000000,8919.7419500000,0.2250000000,0.4500000000,0.3000000000,2.5000000000,1.0000000000,103,111,102,112,101,110
588,neighbor,False,MINIMUM_MAIN_STEEL,999999999.0000000000,8919.7419500000,0.2500000000,0.3000000000,0.3000000000,3.0000000000,1.0000000000,100,111,101,110,103,110
589,neighbor,False,STEM_STRESS_OR_INTERVAL_BOUND,999999999.0000000000,8919.7419500000,0.2000000000,0.3000000000,0.3000000000,3.5000000000,0.8000000000,101,112,100,110,103,110
590,neighbor,False,MINIMUM_MAIN_STEEL,999999999.0000000000,8919.7419500000,0.2000000000,0.5000000000,0.4000000000,3.0000000000,1.0000000000,100,110,101,111,104,111
591,neighbor,False,MAXIMUM_MAIN_STEEL,999999999.0000000000,8919.7419500000,0.2000000000,0.4000000000,0.3000000000,3.0000000000,0.8000000000,101,110,104,110,102,111
592,neighbor,False,MINIMUM_MAIN_STEEL,999999999.0000000000,8919.7419500000,0.2000000000,0.4500000000,0.3000000000,2.5000000000,0.6000000000,100,110,102,113,104,111
593,neighbor,False,STEM_STRESS_OR_INTERVAL_BOUND,999999999.0000000000,8919.7419500000,0.2500000000,0.3000000000,0.5000000000,3.5000000000,0.6000000000,103,112,101,112,101,112
594,neighbor,False,MINIMUM_MAIN_STEEL,999999999.0000000000,8919.7419500000,0.2750000000,0.4500000000,0.4000000000,3.5000000000,0.7000000000,100,111,103,110,102,110
595,neighbor,False,MINIMUM_MAIN_STEEL,999999999.0000000000,8919.7419500000,0.2250000000,0.4000000000,0.4500000000,3.5000000000,0.8000000000,100,112,102,112,100,112
596,neighbor,False,ENVELOPE_BASE_CONTACT,999999999.0000000000,8919.7419500000,0.2000000000,0.3000000000,0.4000000000,2.5000000000,0.8000000000,101,111,102,110,103,112
597,neighbor,True,PASS_IMPLEMENTED_PROJECT_CHECKS,9820.6160000000,8919.7419500000,0.2000000000,0.4500000000,0.3000000000,3.0000000000,0.8000000000,103,112,103,112,102,110
598,neighbor,False,MAXIMUM_MAIN_STEEL,999999999.0000000000,8919.7419500000,0.2000000000,0.5000000000,0.3000000000,3.5000000000,0.6000000000,103,110,103,110,104,112
599,neighbor,False,MINIMUM_MAIN_STEEL,999999999.0000000000,8919.7419500000,0.2250000000,0.3000000000,0.3500000000,3.5000000000,0.7000000000,103,110,100,113,104,112
600,neighbor,False,ENVELOPE_BASE_CONTACT,999999999.0000000000,8919.7419500000,0.2500000000,0.4000000000,0.5000000000,2.5000000000,0.9000000000,103,110,103,112,101,110
601,neighbor,False,ENVELOPE_BASE_CONTACT,999999999.0000000000,8919.7419500000,0.2500000000,0.5000000000,0.5000000000,2.5000000000,0.9000000000,103,110,102,112,102,113
602,neighbor,False,MINIMUM_MAIN_STEEL,999999999.0000000000,8919.7419500000,0.2500000000,0.5000000000,0.3500000000,2.5000000000,0.9000000000,100,112,101,110,104,110
603,neighbor,False,MINIMUM_MAIN_STEEL,999999999.0000000000,8919.7419500000,0.2750000000,0.5000000000,0.3500000000,2.5000000000,0.8000000000,101,112,102,113,101,111
604,neighbor,False,MINIMUM_MAIN_STEEL,999999999.0000000000,8919.7419500000,0.2500000000,0.4000000000,0.3500000000,2.5000000000,0.8000000000,100,110,101,110,100,112
605,neighbor,False,ENVELOPE_BASE_CONTACT,999999999.0000000000,8919.7419500000,0.2250000000,0.3500000000,0.5000000000,2.5000000000,0.8000000000,101,110,102,112,101,111
606,neighbor,False,MAXIMUM_MAIN_STEEL,999999999.0000000000,8919.7419500000,0.2000000000,0.5000000000,0.5000000000,3.5000000000,0.8000000000,103,110,102,110,103,111
607,neighbor,False,MINIMUM_MAIN_STEEL,999999999.0000000000,8919.7419500000,0.2500000000,0.5000000000,0.5000000000,3.0000000000,1.0000000000,100,111,104,112,101,110
608,neighbor,False,MINIMUM_MAIN_STEEL,999999999.0000000000,8919.7419500000,0.2000000000,0.4000000000,0.5500000000,2.5000000000,0.8000000000,102,110,102,111,100,113
609,neighbor,False,ENVELOPE_BASE_CONTACT,999999999.0000000000,8919.7419500000,0.2000000000,0.4500000000,0.3500000000,2.5000000000,0.9000000000,103,110,101,111,104,112
610,neighbor,False,MINIMUM_MAIN_STEEL,999999999.0000000000,8919.7419500000,0.2000000000,0.4000000000,0.3000000000,3.5000000000,0.9000000000,103,110,100,113,102,110
611,neighbor,False,MINIMUM_MAIN_STEEL,999999999.0000000000,8919.7419500000,0.2000000000,0.3000000000,0.5500000000,2.5000000000,0.6000000000,101,111,100,112,101,113
612,neighbor,False,MINIMUM_MAIN_STEEL,999999999.0000000000,8919.7419500000,0.2500000000,0.5000000000,0.5500000000,3.0000000000,0.7000000000,101,112,104,110,101,112
613,neighbor,False,STEM_STRESS_OR_INTERVAL_BOUND,999999999.0000000000,8919.7419500000,0.2500000000,0.4500000000,0.4500000000,3.5000000000,0.7000000000,101,111,102,113,102,113
614,neighbor,False,MINIMUM_MAIN_STEEL,999999999.0000000000,8919.7419500000,0.2250000000,0.4000000000,0.5000000000,3.0000000000,0.6000000000,100,111,100,112,104,111
615,neighbor,True,PASS_IMPLEMENTED_PROJECT_CHECKS,13786.1687350000,8919.7419500000,0.2750000000,0.5000000000,0.5500000000,3.5000000000,1.0000000000,101,110,103,113,104,110
616,neighbor,False,INVALID_GEOMETRY_OR_INPUT,999999999.0000000000,8919.7419500000,0.2250000000,0.5000000000,0.3000000000,2.5000000000,1.0000000000,101,110,100,110,100,110
617,neighbor,False,MINIMUM_MAIN_STEEL,999999999.0000000000,8919.7419500000,0.2000000000,0.4000000000,0.4500000000,3.0000000000,0.8000000000,101,111,100,113,104,111
618,neighbor,False,MINIMUM_MAIN_STEEL,999999999.0000000000,8919.7419500000,0.2250000000,0.4000000000,0.3000000000,2.5000000000,0.9000000000,100,110,101,113,100,113
619,neighbor,False,MINIMUM_MAIN_STEEL,999999999.0000000000,8919.7419500000,0.2000000000,0.4000000000,0.4000000000,3.5000000000,0.9000000000,100,110,101,110,101,112
620,neighbor,False,MEMBER_FLEXURE,999999999.0000000000,8919.7419500000,0.2250000000,0.4500000000,0.3000000000,3.5000000000,1.0000000000,103,112,104,111,100,110
621,neighbor,False,ENVELOPE_BASE_CONTACT,999999999.0000000000,8919.7419500000,0.2750000000,0.4000000000,0.3000000000,2.5000000000,1.0000000000,101,110,104,110,101,113
622,neighbor,False,MINIMUM_MAIN_STEEL,999999999.0000000000,8919.7419500000,0.2250000000,0.3000000000,0.3000000000,3.5000000000,0.7000000000,100,111,103,112,100,111
623,neighbor,True,PASS_IMPLEMENTED_PROJECT_CHECKS,12373.2006250000,8919.7419500000,0.2250000000,0.4500000000,0.5500000000,3.5000000000,0.8000000000,102,111,103,112,103,111
624,neighbor,False,STEM_STRESS_OR_INTERVAL_BOUND,999999999.0000000000,8919.7419500000,0.2000000000,0.3000000000,0.3000000000,3.0000000000,0.9000000000,100,110,102,111,100,110
625,neighbor,False,STEM_STRESS_OR_INTERVAL_BOUND,999999999.0000000000,8919.7419500000,0.2250000000,0.3500000000,0.5000000000,3.0000000000,0.6000000000,102,111,100,110,103,111
626,neighbor,False,INVALID_GEOMETRY_OR_INPUT,999999999.0000000000,8919.7419500000,0.2000000000,0.5000000000,0.3000000000,2.5000000000,1.0000000000,101,110,102,112,104,110
627,neighbor,False,MINIMUM_MAIN_STEEL,999999999.0000000000,8919.7419500000,0.2750000000,0.4000000000,0.3000000000,2.5000000000,0.6000000000,100,112,104,113,103,113
628,neighbor,False,MINIMUM_MAIN_STEEL,999999999.0000000000,8919.7419500000,0.2750000000,0.5000000000,0.3000000000,3.0000000000,0.9000000000,100,110,101,113,100,113
629,neighbor,False,MAXIMUM_MAIN_STEEL,999999999.0000000000,8919.7419500000,0.2000000000,0.4000000000,0.3000000000,3.0000000000,0.7000000000,102,110,104,111,100,111
630,neighbor,True,PASS_IMPLEMENTED_PROJECT_CHECKS,9483.6715580000,8919.7419500000,0.2500000000,0.3500000000,0.3000000000,3.0000000000,0.6000000000,103,112,101,113,103,111
631,neighbor,False,MINIMUM_MAIN_STEEL,999999999.0000000000,8919.7419500000,0.2000000000,0.4500000000,0.3000000000,2.5000000000,0.9000000000,101,112,100,110,102,113
632,neighbor,False,STEM_STRESS_OR_INTERVAL_BOUND,999999999.0000000000,8919.7419500000,0.2250000000,0.3500000000,0.3000000000,3.0000000000,0.7000000000,101,112,102,112,101,112
633,neighbor,False,ENVELOPE_BASE_CONTACT,999999999.0000000000,8919.7419500000,0.2000000000,0.3000000000,0.4000000000,2.5000000000,0.8000000000,102,110,101,111,101,111
634,neighbor,False,MAXIMUM_MAIN_STEEL,999999999.0000000000,8919.7419500000,0.2000000000,0.4000000000,0.3000000000,3.5000000000,0.7000000000,103,110,102,113,101,110
635,neighbor,False,ENVELOPE_BASE_CONTACT,999999999.0000000000,8919.7419500000,0.2000000000,0.4000000000,0.3000000000,2.5000000000,0.6000000000,101,111,100,111,100,111
636,neighbor,False,ENVELOPE_BASE_CONTACT,999999999.0000000000,8919.7419500000,0.2250000000,0.3000000000,0.3000000000,2.5000000000,0.9000000000,102,112,102,113,103,113
637,neighbor,False,MINIMUM_MAIN_STEEL,999999999.0000000000,8919.7419500000,0.2250000000,0.5000000000,0.3000000000,3.0000000000,0.8000000000,100,111,100,113,100,112
638,neighbor,False,MINIMUM_MAIN_STEEL,999999999.0000000000,8919.7419500000,0.2250000000,0.4000000000,0.5000000000,3.5000000000,0.6000000000,102,112,100,112,103,111
639,neighbor,False,MINIMUM_MAIN_STEEL,999999999.0000000000,8919.7419500000,0.2250000000,0.4000000000,0.3500000000,3.0000000000,0.7000000000,100,110,101,111,104,110
640,neighbor,False,MAXIMUM_MAIN_STEEL,999999999.0000000000,8919.7419500000,0.2750000000,0.5000000000,0.4000000000,3.5000000000,0.8000000000,103,110,102,111,102,112
641,neighbor,False,STEM_STRESS_OR_INTERVAL_BOUND,999999999.0000000000,8919.7419500000,0.2250000000,0.4500000000,0.5000000000,3.0000000000,0.7000000000,101,111,101,110,104,110
642,neighbor,True,PASS_IMPLEMENTED_PROJECT_CHECKS,9499.2106200000,8919.7419500000,0.2000000000,0.4500000000,0.3000000000,3.5000000000,0.8000000000,102,111,100,111,101,110
643,neighbor,False,MINIMUM_MAIN_STEEL,999999999.0000000000,8919.7419500000,0.2500000000,0.5000000000,0.3000000000,3.0000000000,0.7000000000,100,111,104,112,102,110
644,neighbor,False,MINIMUM_MAIN_STEEL,999999999.0000000000,8919.7419500000,0.2500000000,0.4500000000,0.3000000000,2.5000000000,0.7000000000,100,112,102,112,100,110
645,neighbor,False,MINIMUM_MAIN_STEEL,999999999.0000000000,8919.7419500000,0.2250000000,0.5000000000,0.3000000000,3.5000000000,0.8000000000,101,112,103,110,100,110
646,neighbor,False,MAXIMUM_MAIN_STEEL,999999999.0000000000,8919.7419500000,0.2000000000,0.3500000000,0.3000000000,3.0000000000,0.8000000000,102,110,102,113,103,112
647,neighbor,False,ENVELOPE_BASE_CONTACT,999999999.0000000000,8919.7419500000,0.2000000000,0.5000000000,0.3000000000,2.5000000000,0.7000000000,102,112,101,110,100,110
648,neighbor,False,MINIMUM_MAIN_STEEL,999999999.0000000000,8919.7419500000,0.2000000000,0.4000000000,0.4500000000,2.5000000000,0.8000000000,100,110,103,111,101,110
649,neighbor,False,ENVELOPE_BASE_CONTACT,999999999.0000000000,8919.7419500000,0.2250000000,0.3000000000,0.3000000000,2.5000000000,0.6000000000,103,110,100,111,100,111
650,neighbor,False,MINIMUM_MAIN_STEEL,999999999.0000000000,8919.7419500000,0.2000000000,0.4000000000,0.3000000000,3.0000000000,0.8000000000,101,112,104,113,100,113
651,neighbor,False,MINIMUM_MAIN_STEEL,999999999.0000000000,8919.7419500000,0.2250000000,0.5000000000,0.3000000000,2.5000000000,0.7000000000,100,110,101,111,103,111
652,neighbor,False,MINIMUM_MAIN_STEEL,999999999.0000000000,8919.7419500000,0.2500000000,0.3500000000,0.3000000000,3.0000000000,1.0000000000,102,110,102,110,100,112
653,neighbor,False,ENVELOPE_BASE_CONTACT,999999999.0000000000,8919.7419500000,0.2000000000,0.3000000000,0.3000000000,2.5000000000,0.6000000000,100,110,101,112,100,111
654,neighbor,False,MINIMUM_MAIN_STEEL,999999999.0000000000,8919.7419500000,0.2250000000,0.3000000000,0.4500000000,3.5000000000,0.6000000000,100,110,100,113,102,110
655,neighbor,False,MINIMUM_MAIN_STEEL,999999999.0000000000,8919.7419500000,0.2750000000,0.3500000000,0.3000000000,3.5000000000,0.8000000000,100,112,101,113,102,113
656,neighbor,False,ENVELOPE_BASE_CONTACT,999999999.0000000000,8919.7419500000,0.2750000000,0.3500000000,0.3000000000,2.5000000000,0.6000000000,102,111,102,111,102,110
657,neighbor,False,ENVELOPE_BASE_CONTACT,999999999.0000000000,8919.7419500000,0.2500000000,0.5000000000,0.3000000000,2.5000000000,0.9000000000,102,110,101,110,101,112
658,neighbor,False,STEM_STRESS_OR_INTERVAL_BOUND,999999999.0000000000,8919.7419500000,0.2000000000,0.3000000000,0.3000000000,3.0000000000,0.8000000000,102,112,104,111,101,112
659,neighbor,False,STEM_STRESS_OR_INTERVAL_BOUND,999999999.0000000000,8919.7419500000,0.2000000000,0.3000000000,0.3000000000,3.0000000000,1.0000000000,100,110,103,113,104,112
660,neighbor,False,MINIMUM_MAIN_STEEL,999999999.0000000000,8919.7419500000,0.2000000000,0.4500000000,0.3000000000,2.5000000000,1.0000000000,100,110,103,111,100,112
661,neighbor,False,STEM_STRESS_OR_INTERVAL_BOUND,999999999.0000000000,8919.7419500000,0.2500000000,0.3500000000,0.3000000000,3.5000000000,0.8000000000,102,112,102,110,103,110
662,neighbor,False,ENVELOPE_BASE_CONTACT,999999999.0000000000,8919.7419500000,0.2250000000,0.4500000000,0.3000000000,2.5000000000,0.6000000000,101,111,102,111,103,113
663,neighbor,False,MINIMUM_MAIN_STEEL,999999999.0000000000,8919.7419500000,0.2000000000,0.5000000000,0.4500000000,2.5000000000,0.8000000000,100,110,103,113,103,110
664,neighbor,False,MEMBER_FLEXURE,999999999.0000000000,8919.7419500000,0.2000000000,0.5000000000,0.4000000000,3.0000000000,0.6000000000,102,112,104,112,101,112
665,neighbor,False,MINIMUM_MAIN_STEEL,999999999.0000000000,8919.7419500000,0.2750000000,0.3000000000,0.3000000000,3.0000000000,0.8000000000,101,111,103,110,100,112
666,neighbor,False,MINIMUM_MAIN_STEEL,999999999.0000000000,8919.7419500000,0.2000000000,0.3500000000,0.3000000000,2.5000000000,0.6000000000,100,112,100,110,100,110
667,neighbor,True,PASS_IMPLEMENTED_PROJECT_CHECKS,11261.6652000000,8919.7419500000,0.2500000000,0.5000000000,0.3000000000,3.5000000000,0.7000000000,101,110,100,111,103,110
668,neighbor,False,MAXIMUM_MAIN_STEEL,999999999.0000000000,8919.7419500000,0.2000000000,0.5000000000,0.3000000000,3.5000000000,0.6000000000,103,110,101,110,104,110
669,neighbor,False,MAXIMUM_MAIN_STEEL,999999999.0000000000,8919.7419500000,0.2000000000,0.3000000000,0.3000000000,3.5000000000,0.9000000000,102,110,101,110,104,110
670,neighbor,False,MINIMUM_MAIN_STEEL,999999999.0000000000,8919.7419500000,0.2000000000,0.4000000000,0.3000000000,3.5000000000,0.8000000000,100,110,103,110,101,110
671,neighbor,False,MINIMUM_MAIN_STEEL,999999999.0000000000,8919.7419500000,0.2000000000,0.3500000000,0.4500000000,2.5000000000,0.9000000000,101,111,101,113,102,112
672,neighbor,False,STEM_STRESS_OR_INTERVAL_BOUND,999999999.0000000000,8919.7419500000,0.2500000000,0.3500000000,0.5000000000,3.0000000000,0.8000000000,101,110,103,112,102,111
673,neighbor,False,MINIMUM_MAIN_STEEL,999999999.0000000000,8919.7419500000,0.2500000000,0.3000000000,0.5500000000,2.5000000000,1.0000000000,102,110,100,113,102,110
674,neighbor,False,MEMBER_FLEXURE,999999999.0000000000,8919.7419500000,0.2750000000,0.4500000000,0.3000000000,3.0000000000,0.6000000000,102,110,103,110,102,112
675,neighbor,False,MINIMUM_MAIN_STEEL,999999999.0000000000,8919.7419500000,0.2000000000,0.3500000000,0.3000000000,2.5000000000,0.8000000000,100,112,104,110,101,111
676,neighbor,True,PASS_IMPLEMENTED_PROJECT_CHECKS,10805.0444290000,8919.7419500000,0.2250000000,0.5000000000,0.5500000000,3.0000000000,1.0000000000,102,112,104,113,101,110
677,neighbor,False,MINIMUM_MAIN_STEEL,999999999.0000000000,8919.7419500000,0.2250000000,0.5000000000,0.4000000000,2.5000000000,0.9000000000,101,112,100,110,100,112
678,neighbor,False,ENVELOPE_BASE_CONTACT,999999999.0000000000,8919.7419500000,0.2250000000,0.3500000000,0.3000000000,2.5000000000,0.9000000000,102,112,103,112,101,112
679,neighbor,False,MINIMUM_MAIN_STEEL,999999999.0000000000,8919.7419500000,0.2750000000,0.4500000000,0.3000000000,2.5000000000,0.9000000000,100,110,102,112,100,112
680,neighbor,False,MINIMUM_MAIN_STEEL,999999999.0000000000,8919.7419500000,0.2000000000,0.4000000000,0.4500000000,3.0000000000,0.6000000000,102,111,100,111,103,112
681,neighbor,False,MEMBER_FLEXURE,999999999.0000000000,8919.7419500000,0.2250000000,0.5000000000,0.3000000000,3.5000000000,0.9000000000,103,112,101,112,100,110
682,neighbor,False,MINIMUM_MAIN_STEEL,999999999.0000000000,8919.7419500000,0.2500000000,0.3500000000,0.3000000000,2.5000000000,0.8000000000,100,111,103,110,102,111
683,neighbor,False,ENVELOPE_BASE_CONTACT,999999999.0000000000,8919.7419500000,0.2250000000,0.3500000000,0.4500000000,2.5000000000,0.6000000000,100,110,103,113,101,110
684,neighbor,False,MINIMUM_MAIN_STEEL,999999999.0000000000,8919.7419500000,0.2500000000,0.5000000000,0.3500000000,3.5000000000,0.6000000000,101,112,104,113,104,113
685,neighbor,False,MAXIMUM_MAIN_STEEL,999999999.0000000000,8919.7419500000,0.2000000000,0.3000000000,0.4000000000,3.5000000000,0.9000000000,103,110,100,110,103,112
686,neighbor,False,MINIMUM_MAIN_STEEL,999999999.0000000000,8919.7419500000,0.2750000000,0.3500000000,0.5500000000,3.0000000000,0.9000000000,100,112,102,112,103,112
687,neighbor,False,MINIMUM_MAIN_STEEL,999999999.0000000000,8919.7419500000,0.2000000000,0.5000000000,0.3000000000,2.5000000000,0.8000000000,100,110,100,113,104,110
688,neighbor,False,MINIMUM_MAIN_STEEL,999999999.0000000000,8919.7419500000,0.2250000000,0.4500000000,0.5000000000,3.0000000000,0.8000000000,101,110,103,111,100,113
689,neighbor,False,MINIMUM_MAIN_STEEL,999999999.0000000000,8919.7419500000,0.2000000000,0.5000000000,0.4500000000,3.0000000000,1.0000000000,101,112,101,110,102,113
690,neighbor,False,ENVELOPE_BASE_CONTACT,999999999.0000000000,8919.7419500000,0.2000000000,0.3500000000,0.3500000000,2.5000000000,0.7000000000,103,110,101,112,102,113
691,neighbor,False,ENVELOPE_BASE_CONTACT,999999999.0000000000,8919.7419500000,0.2000000000,0.4000000000,0.3000000000,2.5000000000,0.6000000000,103,110,102,112,101,111
692,neighbor,False,MINIMUM_MAIN_STEEL,999999999.0000000000,8919.7419500000,0.2250000000,0.4000000000,0.3500000000,3.5000000000,0.6000000000,100,110,103,110,104,111
693,neighbor,False,MINIMUM_MAIN_STEEL,999999999.0000000000,8919.7419500000,0.2250000000,0.5000000000,0.5000000000,3.5000000000,0.8000000000,100,110,102,110,100,113
694,neighbor,False,ENVELOPE_BASE_CONTACT,999999999.0000000000,8919.7419500000,0.2000000000,0.4000000000,0.5500000000,2.5000000000,0.7000000000,102,110,103,112,103,113
695,neighbor,True,PASS_IMPLEMENTED_PROJECT_CHECKS,11471.4951400000,8919.7419500000,0.2500000000,0.3000000000,0.5000000000,3.5000000000,0.9000000000,102,110,101,111,103,113
696,neighbor,False,MAXIMUM_MAIN_STEEL,999999999.0000000000,8919.7419500000,0.2000000000,0.4500000000,0.3000000000,3.5000000000,0.9000000000,103,110,103,112,104,111
697,neighbor,False,ENVELOPE_BASE_CONTACT,999999999.0000000000,8919.7419500000,0.2000000000,0.4500000000,0.4000000000,2.5000000000,0.9000000000,101,110,104,112,101,113
698,neighbor,False,MINIMUM_MAIN_STEEL,999999999.0000000000,8919.7419500000,0.2000000000,0.4000000000,0.5500000000,3.0000000000,1.0000000000,100,112,103,110,101,112
699,neighbor,False,MINIMUM_MAIN_STEEL,999999999.0000000000,8919.7419500000,0.2750000000,0.5000000000,0.3000000000,3.0000000000,0.7000000000,103,111,100,112,102,110
700,neighbor,False,MINIMUM_MAIN_STEEL,999999999.0000000000,8919.7419500000,0.2000000000,0.5000000000,0.3000000000,3.0000000000,1.0000000000,100,111,102,112,101,113
701,neighbor,False,STEM_STRESS_OR_INTERVAL_BOUND,999999999.0000000000,8919.7419500000,0.2000000000,0.3500000000,0.5500000000,3.5000000000,0.8000000000,101,112,104,113,102,111
702,neighbor,False,MINIMUM_MAIN_STEEL,999999999.0000000000,8919.7419500000,0.2250000000,0.4000000000,0.4000000000,2.5000000000,1.0000000000,100,111,100,111,100,112
703,neighbor,False,ENVELOPE_BASE_CONTACT,999999999.0000000000,8919.7419500000,0.2500000000,0.4000000000,0.3000000000,2.5000000000,1.0000000000,101,110,104,110,101,110
704,neighbor,False,MINIMUM_MAIN_STEEL,999999999.0000000000,8919.7419500000,0.2750000000,0.3500000000,0.3000000000,3.0000000000,1.0000000000,100,110,100,112,101,111
705,neighbor,False,MINIMUM_MAIN_STEEL,999999999.0000000000,8919.7419500000,0.2750000000,0.4500000000,0.3000000000,2.5000000000,0.8000000000,100,110,104,112,103,112
706,neighbor,False,ENVELOPE_BASE_CONTACT,999999999.0000000000,8919.7419500000,0.2000000000,0.4000000000,0.3500000000,2.5000000000,1.0000000000,102,112,102,111,101,113
707,neighbor,False,ENVELOPE_BASE_CONTACT,999999999.0000000000,8919.7419500000,0.2750000000,0.4000000000,0.3000000000,2.5000000000,0.7000000000,101,110,104,112,103,112
708,neighbor,False,MINIMUM_MAIN_STEEL,999999999.0000000000,8919.7419500000,0.2250000000,0.4500000000,0.4500000000,3.0000000000,1.0000000000,100,110,100,111,104,110
709,neighbor,False,MINIMUM_MAIN_STEEL,999999999.0000000000,8919.7419500000,0.2500000000,0.3000000000,0.3000000000,2.5000000000,0.8000000000,101,110,100,113,100,111
710,neighbor,False,MINIMUM_MAIN_STEEL,999999999.0000000000,8919.7419500000,0.2750000000,0.5000000000,0.3000000000,3.0000000000,0.9000000000,100,110,102,112,103,110
711,neighbor,False,MAXIMUM_MAIN_STEEL,999999999.0000000000,8919.7419500000,0.2500000000,0.4000000000,0.3000000000,3.0000000000,0.8000000000,103,110,102,112,103,110
712,neighbor,False,MINIMUM_MAIN_STEEL,999999999.0000000000,8919.7419500000,0.2750000000,0.5000000000,0.4000000000,3.0000000000,0.7000000000,100,110,103,112,103,111
713,neighbor,False,MINIMUM_MAIN_STEEL,999999999.0000000000,8919.7419500000,0.2000000000,0.4500000000,0.3000000000,3.0000000000,0.8000000000,100,111,101,111,101,110
714,neighbor,False,MINIMUM_MAIN_STEEL,999999999.0000000000,8919.7419500000,0.2250000000,0.4500000000,0.3000000000,3.5000000000,0.8000000000,100,110,100,111,102,111
715,neighbor,False,MEMBER_FLEXURE,999999999.0000000000,8919.7419500000,0.2500000000,0.4500000000,0.3000000000,3.0000000000,0.6000000000,101,110,102,112,101,113
716,neighbor,False,MINIMUM_MAIN_STEEL,999999999.0000000000,8919.7419500000,0.2500000000,0.3000000000,0.4000000000,3.0000000000,0.8000000000,103,111,101,112,100,112
717,neighbor,False,ENVELOPE_BASE_CONTACT,999999999.0000000000,8919.7419500000,0.2250000000,0.4000000000,0.4500000000,2.5000000000,1.0000000000,102,110,101,110,104,111
718,neighbor,False,MINIMUM_MAIN_STEEL,999999999.0000000000,8919.7419500000,0.2250000000,0.3000000000,0.3000000000,3.0000000000,0.9000000000,100,112,103,110,101,110
719,neighbor,False,MINIMUM_MAIN_STEEL,999999999.0000000000,8919.7419500000,0.2000000000,0.4000000000,0.3500000000,2.5000000000,0.6000000000,100,110,101,110,104,110
720,neighbor,False,MINIMUM_MAIN_STEEL,999999999.0000000000,8919.7419500000,0.2000000000,0.3500000000,0.4000000000,3.5000000000,1.0000000000,100,111,100,110,104,112
721,neighbor,False,MINIMUM_MAIN_STEEL,999999999.0000000000,8919.7419500000,0.2000000000,0.4500000000,0.3000000000,3.5000000000,0.8000000000,100,110,103,110,101,110
722,neighbor,False,MAXIMUM_MAIN_STEEL,999999999.0000000000,8919.7419500000,0.2250000000,0.3000000000,0.3500000000,3.5000000000,0.9000000000,103,110,104,111,103,110
723,neighbor,False,MINIMUM_MAIN_STEEL,999999999.0000000000,8919.7419500000,0.2000000000,0.4500000000,0.3000000000,3.0000000000,0.9000000000,102,110,101,113,100,113
724,neighbor,False,MAXIMUM_MAIN_STEEL,999999999.0000000000,8919.7419500000,0.2750000000,0.4000000000,0.3000000000,3.0000000000,0.9000000000,103,110,102,111,104,112
725,neighbor,False,MINIMUM_MAIN_STEEL,999999999.0000000000,8919.7419500000,0.2000000000,0.4500000000,0.4000000000,3.0000000000,0.8000000000,100,110,103,112,103,112
726,neighbor,False,MINIMUM_MAIN_STEEL,999999999.0000000000,8919.7419500000,0.2750000000,0.4000000000,0.5000000000,2.5000000000,0.8000000000,102,110,101,112,100,113
727,neighbor,False,MINIMUM_MAIN_STEEL,999999999.0000000000,8919.7419500000,0.2000000000,0.4000000000,0.3000000000,3.5000000000,0.9000000000,100,110,103,110,101,113
728,neighbor,False,MINIMUM_MAIN_STEEL,999999999.0000000000,8919.7419500000,0.2750000000,0.5000000000,0.3000000000,2.5000000000,0.8000000000,100,111,100,110,101,112
729,neighbor,False,MAXIMUM_MAIN_STEEL,999999999.0000000000,8919.7419500000,0.2250000000,0.4000000000,0.4000000000,3.0000000000,0.9000000000,103,110,102,111,101,111
730,neighbor,False,STEM_STRESS_OR_INTERVAL_BOUND,999999999.0000000000,8919.7419500000,0.2250000000,0.4500000000,0.3000000000,3.0000000000,0.8000000000,101,111,102,111,101,110
731,neighbor,False,MINIMUM_MAIN_STEEL,999999999.0000000000,8919.7419500000,0.2750000000,0.3000000000,0.3000000000,3.0000000000,0.6000000000,100,112,103,110,100,113
732,neighbor,False,ENVELOPE_BASE_CONTACT,999999999.0000000000,8919.7419500000,0.2000000000,0.3500000000,0.3000000000,2.5000000000,0.9000000000,102,112,104,111,104,111
733,neighbor,False,MINIMUM_MAIN_STEEL,999999999.0000000000,8919.7419500000,0.2750000000,0.4000000000,0.3000000000,2.5000000000,0.6000000000,101,111,100,113,102,110
734,neighbor,False,MINIMUM_MAIN_STEEL,999999999.0000000000,8919.7419500000,0.2500000000,0.5000000000,0.5500000000,2.5000000000,0.9000000000,103,110,100,113,102,110
735,neighbor,False,MAXIMUM_MAIN_STEEL,999999999.0000000000,8919.7419500000,0.2000000000,0.4000000000,0.3500000000,3.0000000000,0.9000000000,102,110,103,110,104,110
736,neighbor,False,MINIMUM_MAIN_STEEL,999999999.0000000000,8919.7419500000,0.2750000000,0.4500000000,0.3000000000,3.5000000000,0.8000000000,100,112,103,111,102,111
737,neighbor,False,MEMBER_FLEXURE,999999999.0000000000,8919.7419500000,0.2250000000,0.5000000000,0.4000000000,3.5000000000,0.6000000000,102,112,101,113,102,113
738,neighbor,False,STEM_STRESS_OR_INTERVAL_BOUND,999999999.0000000000,8919.7419500000,0.2500000000,0.3000000000,0.4000000000,3.0000000000,1.0000000000,100,110,104,113,102,113
739,neighbor,False,ENVELOPE_BASE_CONTACT,999999999.0000000000,8919.7419500000,0.2250000000,0.3000000000,0.3000000000,2.5000000000,0.9000000000,100,110,103,110,102,111
740,neighbor,False,MINIMUM_MAIN_STEEL,999999999.0000000000,8919.7419500000,0.2000000000,0.4500000000,0.3000000000,3.5000000000,0.9000000000,100,110,103,112,101,112
741,neighbor,False,ENVELOPE_BASE_CONTACT,999999999.0000000000,8919.7419500000,0.2750000000,0.4000000000,0.3000000000,2.5000000000,0.6000000000,102,112,100,111,103,110
742,neighbor,False,MEMBER_FLEXURE,999999999.0000000000,8919.7419500000,0.2500000000,0.4500000000,0.3000000000,3.5000000000,0.7000000000,103,111,100,111,101,110
743,neighbor,False,ENVELOPE_BASE_CONTACT,999999999.0000000000,8919.7419500000,0.2000000000,0.5000000000,0.3000000000,2.5000000000,0.9000000000,103,110,103,111,104,111
744,neighbor,False,MINIMUM_MAIN_STEEL,999999999.0000000000,8919.7419500000,0.2500000000,0.3500000000,0.5500000000,3.0000000000,0.8000000000,101,110,101,112,100,113
745,neighbor,False,ENVELOPE_BASE_CONTACT,999999999.0000000000,8919.7419500000,0.2500000000,0.5000000000,0.3000000000,2.5000000000,0.7000000000,103,111,100,110,102,112
746,neighbor,False,MINIMUM_MAIN_STEEL,999999999.0000000000,8919.7419500000,0.2500000000,0.4500000000,0.3000000000,3.0000000000,0.6000000000,100,110,101,110,101,112
747,neighbor,False,INVALID_GEOMETRY_OR_INPUT,999999999.0000000000,8919.7419500000,0.2750000000,0.5000000000,0.5500000000,2.5000000000,1.0000000000,101,112,101,112,102,111
748,neighbor,False,MINIMUM_MAIN_STEEL,999999999.0000000000,8919.7419500000,0.2000000000,0.4500000000,0.4000000000,3.0000000000,0.6000000000,100,110,102,110,103,110
749,neighbor,False,MINIMUM_MAIN_STEEL,999999999.0000000000,8919.7419500000,0.2000000000,0.4000000000,0.3000000000,2.5000000000,0.7000000000,100,110,100,111,101,111
750,neighbor,False,ENVELOPE_BASE_CONTACT,999999999.0000000000,8919.7419500000,0.2750000000,0.3500000000,0.3000000000,2.5000000000,0.7000000000,101,112,102,110,104,113
751,neighbor,False,MINIMUM_MAIN_STEEL,999999999.0000000000,8919.7419500000,0.2000000000,0.4000000000,0.3000000000,3.5000000000,0.6000000000,100,110,104,110,101,112
752,neighbor,True,PASS_IMPLEMENTED_PROJECT_CHECKS,10678.1690000000,8919.7419500000,0.2500000000,0.4500000000,0.3000000000,3.0000000000,0.8000000000,102,110,102,111,102,110
753,neighbor,False,MINIMUM_MAIN_STEEL,999999999.0000000000,8919.7419500000,0.2000000000,0.5000000000,0.4500000000,3.5000000000,0.8000000000,103,110,104,110,100,113
754,neighbor,False,MINIMUM_MAIN_STEEL,999999999.0000000000,8919.7419500000,0.2750000000,0.5000000000,0.3000000000,3.0000000000,0.9000000000,100,112,100,112,104,111
755,neighbor,True,PASS_IMPLEMENTED_PROJECT_CHECKS,10503.0286100000,8919.7419500000,0.2750000000,0.3000000000,0.3000000000,3.0000000000,0.6000000000,102,110,104,112,104,111
756,neighbor,False,STEM_STRESS_OR_INTERVAL_BOUND,999999999.0000000000,8919.7419500000,0.2000000000,0.3000000000,0.3000000000,3.0000000000,0.7000000000,100,110,100,110,102,113
757,neighbor,False,MINIMUM_MAIN_STEEL,999999999.0000000000,8919.7419500000,0.2750000000,0.5000000000,0.4000000000,3.0000000000,0.8000000000,100,110,101,111,102,111
758,neighbor,True,PASS_IMPLEMENTED_PROJECT_CHECKS,10230.4044500000,8919.7419500000,0.2750000000,0.4500000000,0.3000000000,3.0000000000,0.8000000000,101,110,103,110,102,110
759,neighbor,False,STEM_STRESS_OR_INTERVAL_BOUND,999999999.0000000000,8919.7419500000,0.2000000000,0.4500000000,0.3000000000,3.5000000000,0.8000000000,101,111,102,112,101,110
760,neighbor,False,MINIMUM_MAIN_STEEL,999999999.0000000000,8919.7419500000,0.2250000000,0.4500000000,0.3000000000,2.5000000000,0.7000000000,101,110,100,112,100,111
761,neighbor,False,MINIMUM_MAIN_STEEL,999999999.0000000000,8919.7419500000,0.2500000000,0.5000000000,0.4000000000,2.5000000000,0.6000000000,100,110,104,113,100,112
762,neighbor,False,STEM_STRESS_OR_INTERVAL_BOUND,999999999.0000000000,8919.7419500000,0.2500000000,0.3000000000,0.5500000000,3.0000000000,0.6000000000,100,110,104,111,100,110
763,neighbor,False,MAXIMUM_MAIN_STEEL,999999999.0000000000,8919.7419500000,0.2500000000,0.4500000000,0.3000000000,3.0000000000,0.6000000000,103,110,103,112,100,110
764,neighbor,False,MINIMUM_MAIN_STEEL,999999999.0000000000,8919.7419500000,0.2000000000,0.4000000000,0.3000000000,2.5000000000,0.6000000000,100,110,103,113,101,110
765,neighbor,False,MAXIMUM_MAIN_STEEL,999999999.0000000000,8919.7419500000,0.2250000000,0.5000000000,0.3000000000,3.0000000000,0.6000000000,103,110,102,112,102,110
766,neighbor,False,MINIMUM_MAIN_STEEL,999999999.0000000000,8919.7419500000,0.2000000000,0.3500000000,0.5500000000,3.0000000000,0.6000000000,100,112,104,113,100,111
767,neighbor,False,MAXIMUM_MAIN_STEEL,999999999.0000000000,8919.7419500000,0.2000000000,0.4500000000,0.3000000000,3.0000000000,0.9000000000,102,110,102,113,102,110
768,neighbor,False,ENVELOPE_BASE_CONTACT,999999999.0000000000,8919.7419500000,0.2500000000,0.3500000000,0.5000000000,2.5000000000,0.9000000000,102,111,102,110,104,113
769,neighbor,False,MAXIMUM_MAIN_STEEL,999999999.0000000000,8919.7419500000,0.2250000000,0.4000000000,0.3000000000,3.0000000000,0.9000000000,103,110,103,110,102,110
770,neighbor,False,MAXIMUM_MAIN_STEEL,999999999.0000000000,8919.7419500000,0.2750000000,0.4000000000,0.3000000000,3.5000000000,1.0000000000,103,111,104,110,101,110
771,neighbor,False,INVALID_GEOMETRY_OR_INPUT,999999999.0000000000,8919.7419500000,0.2000000000,0.5000000000,0.5000000000,2.5000000000,1.0000000000,102,110,104,111,100,110
772,neighbor,False,MINIMUM_MAIN_STEEL,999999999.0000000000,8919.7419500000,0.2000000000,0.4500000000,0.5500000000,3.5000000000,0.7000000000,100,110,104,111,100,113
773,neighbor,True,PASS_IMPLEMENTED_PROJECT_CHECKS,9445.9607680000,8919.7419500000,0.2000000000,0.5000000000,0.3000000000,3.0000000000,0.7000000000,101,110,103,113,104,113
774,neighbor,False,MINIMUM_MAIN_STEEL,999999999.0000000000,8919.7419500000,0.2750000000,0.3500000000,0.3000000000,2.5000000000,0.8000000000,100,111,104,110,102,110
775,neighbor,False,STEM_STRESS_OR_INTERVAL_BOUND,999999999.0000000000,8919.7419500000,0.2250000000,0.3500000000,0.3500000000,3.5000000000,0.6000000000,102,112,101,111,103,110
776,neighbor,False,MINIMUM_MAIN_STEEL,999999999.0000000000,8919.7419500000,0.2500000000,0.4000000000,0.3000000000,3.5000000000,0.7000000000,101,112,101,111,100,110
777,neighbor,False,ENVELOPE_BASE_CONTACT,999999999.0000000000,8919.7419500000,0.2250000000,0.3000000000,0.3000000000,2.5000000000,0.6000000000,100,110,103,111,101,110
778,neighbor,False,MINIMUM_MAIN_STEEL,999999999.0000000000,8919.7419500000,0.2000000000,0.4000000000,0.3000000000,2.5000000000,0.8000000000,101,112,104,110,104,112
779,neighbor,False,MINIMUM_MAIN_STEEL,999999999.0000000000,8919.7419500000,0.2000000000,0.4500000000,0.3000000000,3.5000000000,0.7000000000,100,110,100,110,100,110
780,neighbor,False,MINIMUM_MAIN_STEEL,999999999.0000000000,8919.7419500000,0.2000000000,0.3500000000,0.4000000000,3.0000000000,0.7000000000,101,110,100,112,101,113
781,neighbor,False,MINIMUM_MAIN_STEEL,999999999.0000000000,8919.7419500000,0.2250000000,0.3000000000,0.4000000000,3.0000000000,0.8000000000,100,110,100,113,103,113
782,neighbor,False,MAXIMUM_MAIN_STEEL,999999999.0000000000,8919.7419500000,0.2000000000,0.3000000000,0.3000000000,3.0000000000,0.9000000000,103,110,103,110,100,110
783,neighbor,False,STEM_STRESS_OR_INTERVAL_BOUND,999999999.0000000000,8919.7419500000,0.2750000000,0.3500000000,0.4000000000,3.0000000000,0.7000000000,100,110,102,113,100,110
784,neighbor,False,ENVELOPE_BASE_CONTACT,999999999.0000000000,8919.7419500000,0.2000000000,0.4000000000,0.4500000000,2.5000000000,0.7000000000,101,110,102,113,104,111
785,neighbor,False,ENVELOPE_BASE_CONTACT,999999999.0000000000,8919.7419500000,0.2000000000,0.3500000000,0.3000000000,2.5000000000,1.0000000000,103,111,102,110,100,111
786,neighbor,False,ENVELOPE_BASE_CONTACT,999999999.0000000000,8919.7419500000,0.2000000000,0.3500000000,0.5000000000,2.5000000000,0.7000000000,100,110,101,110,102,111
787,neighbor,False,ENVELOPE_BASE_CONTACT,999999999.0000000000,8919.7419500000,0.2000000000,0.4500000000,0.3000000000,2.5000000000,0.8000000000,103,110,102,112,100,110
788,neighbor,False,MINIMUM_MAIN_STEEL,999999999.0000000000,8919.7419500000,0.2000000000,0.4000000000,0.5000000000,3.5000000000,0.7000000000,100,110,103,113,104,111
789,neighbor,False,MINIMUM_MAIN_STEEL,999999999.0000000000,8919.7419500000,0.2500000000,0.3000000000,0.4000000000,2.5000000000,0.8000000000,100,112,100,112,104,110
790,neighbor,False,MINIMUM_MAIN_STEEL,999999999.0000000000,8919.7419500000,0.2000000000,0.5000000000,0.3000000000,3.5000000000,1.0000000000,100,110,104,112,102,113
791,neighbor,False,ENVELOPE_BASE_CONTACT,999999999.0000000000,8919.7419500000,0.2250000000,0.5000000000,0.3000000000,2.5000000000,0.9000000000,102,110,103,110,100,110
792,neighbor,False,MAXIMUM_MAIN_STEEL,999999999.0000000000,8919.7419500000,0.2250000000,0.3000000000,0.3000000000,3.5000000000,0.8000000000,102,110,104,110,101,113
793,neighbor,False,MINIMUM_MAIN_STEEL,999999999.0000000000,8919.7419500000,0.2000000000,0.4500000000,0.3000000000,2.5000000000,0.7000000000,100,110,102,112,104,110
794,neighbor,False,MINIMUM_MAIN_STEEL,999999999.0000000000,8919.7419500000,0.2750000000,0.4500000000,0.3000000000,2.5000000000,0.6000000000,101,110,100,113,103,112
795,neighbor,False,STEM_STRESS_OR_INTERVAL_BOUND,999999999.0000000000,8919.7419500000,0.2000000000,0.3500000000,0.4500000000,3.0000000000,0.9000000000,101,110,104,113,103,113
796,neighbor,True,PASS_IMPLEMENTED_PROJECT_CHECKS,10138.7182880000,8919.7419500000,0.2500000000,0.4500000000,0.3000000000,3.5000000000,1.0000000000,102,111,103,113,104,113
797,neighbor,False,ENVELOPE_BASE_CONTACT,999999999.0000000000,8919.7419500000,0.2500000000,0.3500000000,0.5000000000,2.5000000000,0.6000000000,100,110,102,112,102,110
798,neighbor,False,STEM_STRESS_OR_INTERVAL_BOUND,999999999.0000000000,8919.7419500000,0.2750000000,0.3000000000,0.3000000000,3.0000000000,1.0000000000,101,110,104,110,103,110
799,neighbor,False,ENVELOPE_BASE_CONTACT,999999999.0000000000,8919.7419500000,0.2250000000,0.3500000000,0.3000000000,2.5000000000,0.8000000000,101,111,103,112,104,112
800,neighbor,False,MINIMUM_MAIN_STEEL,999999999.0000000000,8919.7419500000,0.2000000000,0.5000000000,0.3500000000,3.5000000000,0.7000000000,100,111,103,110,103,110
801,neighbor,False,ENVELOPE_BASE_CONTACT,999999999.0000000000,8919.7419500000,0.2000000000,0.4500000000,0.3000000000,2.5000000000,1.0000000000,101,111,103,110,103,110
802,neighbor,False,MINIMUM_MAIN_STEEL,999999999.0000000000,8919.7419500000,0.2000000000,0.4500000000,0.5500000000,3.5000000000,1.0000000000,100,112,100,110,104,110
803,neighbor,False,ENVELOPE_BASE_CONTACT,999999999.0000000000,8919.7419500000,0.2750000000,0.3000000000,0.3000000000,2.5000000000,0.7000000000,102,110,102,112,103,112
804,neighbor,False,ENVELOPE_BASE_CONTACT,999999999.0000000000,8919.7419500000,0.2500000000,0.5000000000,0.3000000000,2.5000000000,0.9000000000,101,110,103,110,101,113
805,neighbor,False,ENVELOPE_BASE_CONTACT,999999999.0000000000,8919.7419500000,0.2000000000,0.5000000000,0.3000000000,2.5000000000,0.7000000000,103,112,100,110,101,110
806,neighbor,True,PASS_IMPLEMENTED_PROJECT_CHECKS,11136.5112760000,8919.7419500000,0.2000000000,0.5000000000,0.4500000000,3.5000000000,0.9000000000,101,110,104,113,101,110
807,neighbor,True,PASS_IMPLEMENTED_PROJECT_CHECKS,11307.4406200000,8919.7419500000,0.2250000000,0.4500000000,0.5000000000,3.5000000000,0.6000000000,103,112,101,110,100,110
808,neighbor,False,ENVELOPE_BASE_CONTACT,999999999.0000000000,8919.7419500000,0.2500000000,0.5000000000,0.3500000000,2.5000000000,0.9000000000,103,110,102,111,100,110
809,neighbor,False,ENVELOPE_BASE_CONTACT,999999999.0000000000,8919.7419500000,0.2500000000,0.5000000000,0.5000000000,2.5000000000,0.6000000000,103,110,100,110,104,112
810,neighbor,False,MINIMUM_MAIN_STEEL,999999999.0000000000,8919.7419500000,0.2750000000,0.5000000000,0.3000000000,3.5000000000,0.8000000000,103,110,100,112,101,110
811,neighbor,False,MINIMUM_MAIN_STEEL,999999999.0000000000,8919.7419500000,0.2000000000,0.3000000000,0.3000000000,3.5000000000,0.9000000000,100,112,100,113,103,110
812,neighbor,False,MINIMUM_MAIN_STEEL,999999999.0000000000,8919.7419500000,0.2500000000,0.5000000000,0.3500000000,2.5000000000,0.6000000000,100,110,103,112,100,110
813,neighbor,False,MINIMUM_MAIN_STEEL,999999999.0000000000,8919.7419500000,0.2500000000,0.4000000000,0.3000000000,3.5000000000,0.9000000000,100,110,102,110,104,110
814,neighbor,True,PASS_IMPLEMENTED_PROJECT_CHECKS,11360.5580000000,8919.7419500000,0.2500000000,0.3000000000,0.4000000000,3.5000000000,0.7000000000,103,111,101,111,102,110
815,neighbor,False,ENVELOPE_BASE_CONTACT,999999999.0000000000,8919.7419500000,0.2500000000,0.3500000000,0.5000000000,2.5000000000,0.7000000000,101,110,104,113,101,110
816,neighbor,False,ENVELOPE_BASE_CONTACT,999999999.0000000000,8919.7419500000,0.2750000000,0.4000000000,0.5500000000,2.5000000000,0.8000000000,103,110,104,110,103,111
817,neighbor,False,STEM_STRESS_OR_INTERVAL_BOUND,999999999.0000000000,8919.7419500000,0.2750000000,0.3500000000,0.3500000000,3.0000000000,0.9000000000,102,112,104,111,101,110
818,neighbor,False,ENVELOPE_BASE_CONTACT,999999999.0000000000,8919.7419500000,0.2750000000,0.3500000000,0.3500000000,2.5000000000,0.7000000000,100,110,104,113,101,113
819,neighbor,False,MINIMUM_MAIN_STEEL,999999999.0000000000,8919.7419500000,0.2000000000,0.4000000000,0.3000000000,3.0000000000,1.0000000000,100,110,101,112,101,113
820,neighbor,False,MINIMUM_MAIN_STEEL,999999999.0000000000,8919.7419500000,0.2750000000,0.5000000000,0.3500000000,2.5000000000,0.9000000000,101,112,104,111,102,113
821,neighbor,False,MINIMUM_MAIN_STEEL,999999999.0000000000,8919.7419500000,0.2500000000,0.4500000000,0.3500000000,3.5000000000,0.7000000000,101,112,100,111,100,111
822,neighbor,True,PASS_IMPLEMENTED_PROJECT_CHECKS,10760.4612500000,8919.7419500000,0.2500000000,0.4000000000,0.3000000000,3.0000000000,0.6000000000,103,112,103,110,103,110
823,neighbor,False,ENVELOPE_BASE_CONTACT,999999999.0000000000,8919.7419500000,0.2500000000,0.4000000000,0.3000000000,2.5000000000,1.0000000000,102,112,102,112,101,110
824,neighbor,False,MINIMUM_MAIN_STEEL,999999999.0000000000,8919.7419500000,0.2750000000,0.5000000000,0.4500000000,3.0000000000,1.0000000000,100,110,102,112,103,113
825,neighbor,False,MINIMUM_MAIN_STEEL,999999999.0000000000,8919.7419500000,0.2250000000,0.4000000000,0.3000000000,2.5000000000,0.8000000000,100,110,104,111,100,112
826,neighbor,False,STEM_STRESS_OR_INTERVAL_BOUND,999999999.0000000000,8919.7419500000,0.2750000000,0.3500000000,0.3000000000,3.5000000000,0.8000000000,100,110,103,113,101,111
827,neighbor,False,MINIMUM_MAIN_STEEL,999999999.0000000000,8919.7419500000,0.2250000000,0.5000000000,0.5500000000,3.0000000000,0.9000000000,100,110,104,113,102,110
828,neighbor,False,MAXIMUM_MAIN_STEEL,999999999.0000000000,8919.7419500000,0.2000000000,0.5000000000,0.4500000000,3.5000000000,0.7000000000,103,110,102,113,103,111
829,neighbor,False,ENVELOPE_BASE_CONTACT,999999999.0000000000,8919.7419500000,0.2000000000,0.5000000000,0.3000000000,2.5000000000,0.8000000000,101,110,103,113,101,111
830,neighbor,False,MINIMUM_MAIN_STEEL,999999999.0000000000,8919.7419500000,0.2000000000,0.4500000000,0.3000000000,3.0000000000,1.0000000000,100,110,100,113,103,112
831,neighbor,False,MINIMUM_MAIN_STEEL,999999999.0000000000,8919.7419500000,0.2250000000,0.4500000000,0.4000000000,3.5000000000,0.6000000000,100,111,102,110,102,113
832,neighbor,False,MINIMUM_MAIN_STEEL,999999999.0000000000,8919.7419500000,0.2000000000,0.5000000000,0.3000000000,3.0000000000,0.9000000000,100,112,102,110,101,111
833,neighbor,False,MINIMUM_MAIN_STEEL,999999999.0000000000,8919.7419500000,0.2750000000,0.4000000000,0.3000000000,3.0000000000,0.6000000000,100,112,103,111,101,112
834,neighbor,False,MINIMUM_MAIN_STEEL,999999999.0000000000,8919.7419500000,0.2500000000,0.4000000000,0.3000000000,3.5000000000,0.9000000000,100,110,103,110,102,110
835,neighbor,False,ENVELOPE_BASE_CONTACT,999999999.0000000000,8919.7419500000,0.2500000000,0.3500000000,0.4500000000,2.5000000000,0.9000000000,102,111,103,110,100,110
836,neighbor,False,ENVELOPE_BASE_CONTACT,999999999.0000000000,8919.7419500000,0.2500000000,0.5000000000,0.3000000000,2.5000000000,0.7000000000,103,110,102,113,101,110
837,neighbor,False,MINIMUM_MAIN_STEEL,999999999.0000000000,8919.7419500000,0.2000000000,0.3000000000,0.4500000000,3.5000000000,1.0000000000,100,110,101,113,102,113
838,neighbor,False,MAXIMUM_MAIN_STEEL,999999999.0000000000,8919.7419500000,0.2250000000,0.3500000000,0.3000000000,3.0000000000,0.8000000000,103,110,104,111,100,110
839,neighbor,False,ENVELOPE_BASE_CONTACT,999999999.0000000000,8919.7419500000,0.2000000000,0.4500000000,0.3000000000,2.5000000000,0.8000000000,103,110,101,112,100,110
840,neighbor,False,MINIMUM_MAIN_STEEL,999999999.0000000000,8919.7419500000,0.2250000000,0.4000000000,0.5000000000,2.5000000000,0.9000000000,102,110,100,111,101,110
841,neighbor,False,MINIMUM_MAIN_STEEL,999999999.0000000000,8919.7419500000,0.2250000000,0.5000000000,0.3000000000,3.0000000000,1.0000000000,103,110,100,110,100,113
842,neighbor,False,MINIMUM_MAIN_STEEL,999999999.0000000000,8919.7419500000,0.2000000000,0.4500000000,0.3500000000,3.5000000000,0.9000000000,102,110,100,112,103,110
843,neighbor,False,ENVELOPE_BASE_CONTACT,999999999.0000000000,8919.7419500000,0.2250000000,0.5000000000,0.5500000000,2.5000000000,0.8000000000,103,110,102,110,103,113
844,neighbor,False,MINIMUM_MAIN_STEEL,999999999.0000000000,8919.7419500000,0.2250000000,0.4500000000,0.3000000000,2.5000000000,0.8000000000,100,111,104,110,102,110
845,neighbor,False,MINIMUM_MAIN_STEEL,999999999.0000000000,8919.7419500000,0.2500000000,0.4000000000,0.4000000000,2.5000000000,0.9000000000,100,112,101,110,103,111
846,neighbor,False,MINIMUM_MAIN_STEEL,999999999.0000000000,8919.7419500000,0.2250000000,0.4000000000,0.3000000000,2.5000000000,0.9000000000,100,112,104,112,103,113
847,neighbor,False,ENVELOPE_BASE_CONTACT,999999999.0000000000,8919.7419500000,0.2000000000,0.4500000000,0.5500000000,2.5000000000,0.9000000000,103,111,102,112,104,112
848,neighbor,False,MINIMUM_MAIN_STEEL,999999999.0000000000,8919.7419500000,0.2000000000,0.4000000000,0.3000000000,2.5000000000,1.0000000000,100,110,104,110,100,111
849,neighbor,False,MINIMUM_MAIN_STEEL,999999999.0000000000,8919.7419500000,0.2500000000,0.4000000000,0.4500000000,2.5000000000,1.0000000000,103,111,101,110,100,111
850,neighbor,False,MINIMUM_MAIN_STEEL,999999999.0000000000,8919.7419500000,0.2250000000,0.3000000000,0.3000000000,3.0000000000,0.7000000000,100,112,100,113,101,110
851,neighbor,False,MINIMUM_MAIN_STEEL,999999999.0000000000,8919.7419500000,0.2750000000,0.3000000000,0.4500000000,3.5000000000,1.0000000000,102,110,104,112,100,113
852,neighbor,False,MINIMUM_MAIN_STEEL,999999999.0000000000,8919.7419500000,0.2000000000,0.4000000000,0.3000000000,2.5000000000,0.9000000000,100,110,103,110,103,112
853,neighbor,False,MINIMUM_MAIN_STEEL,999999999.0000000000,8919.7419500000,0.2250000000,0.5000000000,0.3000000000,3.5000000000,0.6000000000,100,110,101,113,102,110
854,neighbor,True,PASS_IMPLEMENTED_PROJECT_CHECKS,13144.6646880000,8919.7419500000,0.2000000000,0.5000000000,0.5500000000,3.5000000000,0.8000000000,102,111,104,113,103,110
855,neighbor,False,MINIMUM_MAIN_STEEL,999999999.0000000000,8919.7419500000,0.2000000000,0.4500000000,0.3000000000,2.5000000000,0.6000000000,102,111,100,112,100,111
856,neighbor,False,MAXIMUM_MAIN_STEEL,999999999.0000000000,8919.7419500000,0.2250000000,0.4500000000,0.3000000000,3.0000000000,1.0000000000,102,110,100,110,104,110
857,neighbor,True,PASS_IMPLEMENTED_PROJECT_CHECKS,10797.4650000000,8919.7419500000,0.2000000000,0.4500000000,0.3000000000,3.5000000000,0.9000000000,102,111,103,113,103,110
858,neighbor,True,PASS_IMPLEMENTED_PROJECT_CHECKS,12858.4482600000,8919.7419500000,0.2000000000,0.5000000000,0.5500000000,3.5000000000,0.7000000000,102,111,104,110,104,112
859,neighbor,False,MAXIMUM_MAIN_STEEL,999999999.0000000000,8919.7419500000,0.2250000000,0.3500000000,0.3500000000,3.5000000000,0.8000000000,103,110,102,111,100,111
860,neighbor,False,MINIMUM_MAIN_STEEL,999999999.0000000000,8919.7419500000,0.2250000000,0.4500000000,0.3000000000,3.0000000000,0.8000000000,101,112,103,110,102,110
861,neighbor,False,MINIMUM_MAIN_STEEL,999999999.0000000000,8919.7419500000,0.2000000000,0.3000000000,0.3000000000,3.5000000000,1.0000000000,100,111,101,111,100,110
862,neighbor,False,MAXIMUM_MAIN_STEEL,999999999.0000000000,8919.7419500000,0.2500000000,0.4500000000,0.3000000000,3.0000000000,0.9000000000,102,110,101,112,104,110
863,neighbor,False,STEM_STRESS_OR_INTERVAL_BOUND,999999999.0000000000,8919.7419500000,0.2000000000,0.3500000000,0.3000000000,3.0000000000,0.7000000000,101,112,100,110,103,112
864,neighbor,False,MAXIMUM_MAIN_STEEL,999999999.0000000000,8919.7419500000,0.2250000000,0.3500000000,0.4500000000,3.5000000000,0.8000000000,103,110,104,110,103,111
865,neighbor,False,MINIMUM_MAIN_STEEL,999999999.0000000000,8919.7419500000,0.2500000000,0.3500000000,0.3000000000,3.0000000000,0.7000000000,100,110,100,112,103,112
866,neighbor,False,ENVELOPE_BASE_CONTACT,999999999.0000000000,8919.7419500000,0.2250000000,0.3000000000,0.3000000000,2.5000000000,0.6000000000,103,110,101,113,104,111
867,neighbor,False,MINIMUM_MAIN_STEEL,999999999.0000000000,8919.7419500000,0.2000000000,0.3500000000,0.3000000000,2.5000000000,1.0000000000,100,111,103,110,103,112
868,neighbor,False,ENVELOPE_BASE_CONTACT,999999999.0000000000,8919.7419500000,0.2000000000,0.4500000000,0.3000000000,2.5000000000,0.9000000000,102,111,104,113,103,111
869,neighbor,False,MINIMUM_MAIN_STEEL,999999999.0000000000,8919.7419500000,0.2500000000,0.5000000000,0.3000000000,2.5000000000,0.6000000000,101,110,100,113,102,110
870,neighbor,False,MINIMUM_MAIN_STEEL,999999999.0000000000,8919.7419500000,0.2750000000,0.4500000000,0.3000000000,3.5000000000,1.0000000000,100,111,104,111,102,110
871,neighbor,False,MINIMUM_MAIN_STEEL,999999999.0000000000,8919.7419500000,0.2000000000,0.4000000000,0.3000000000,3.0000000000,0.7000000000,100,111,100,111,101,113
872,neighbor,False,STEM_STRESS_OR_INTERVAL_BOUND,999999999.0000000000,8919.7419500000,0.2000000000,0.3000000000,0.3000000000,3.5000000000,0.7000000000,100,110,100,111,102,113
873,neighbor,False,MAXIMUM_MAIN_STEEL,999999999.0000000000,8919.7419500000,0.2000000000,0.4500000000,0.3000000000,3.0000000000,0.8000000000,102,110,100,110,103,113
874,neighbor,False,ENVELOPE_BASE_CONTACT,999999999.0000000000,8919.7419500000,0.2000000000,0.3000000000,0.3000000000,2.5000000000,0.6000000000,103,112,102,113,100,110
875,neighbor,False,MINIMUM_MAIN_STEEL,999999999.0000000000,8919.7419500000,0.2250000000,0.4500000000,0.3000000000,3.5000000000,0.9000000000,100,110,104,112,102,111
876,neighbor,False,MINIMUM_MAIN_STEEL,999999999.0000000000,8919.7419500000,0.2000000000,0.5000000000,0.5500000000,2.5000000000,0.8000000000,100,111,101,111,103,112
877,neighbor,False,MINIMUM_MAIN_STEEL,999999999.0000000000,8919.7419500000,0.2000000000,0.4500000000,0.5000000000,3.0000000000,0.9000000000,100,112,101,110,102,110
878,neighbor,False,STEM_STRESS_OR_INTERVAL_BOUND,999999999.0000000000,8919.7419500000,0.2250000000,0.3000000000,0.3000000000,3.0000000000,1.0000000000,100,110,102,110,101,113
879,neighbor,False,ENVELOPE_BASE_CONTACT,999999999.0000000000,8919.7419500000,0.2000000000,0.3000000000,0.3000000000,2.5000000000,0.8000000000,100,110,103,111,104,112
880,neighbor,False,MINIMUM_MAIN_STEEL,999999999.0000000000,8919.7419500000,0.2500000000,0.3500000000,0.4500000000,2.5000000000,0.6000000000,100,112,101,110,103,113
881,neighbor,False,MINIMUM_MAIN_STEEL,999999999.0000000000,8919.7419500000,0.2250000000,0.4000000000,0.5500000000,3.5000000000,0.7000000000,101,112,102,110,103,111
882,neighbor,False,MINIMUM_MAIN_STEEL,999999999.0000000000,8919.7419500000,0.2250000000,0.4500000000,0.5000000000,2.5000000000,0.8000000000,102,111,100,110,100,111
883,neighbor,True,PASS_IMPLEMENTED_PROJECT_CHECKS,9024.2711300000,8919.7419500000,0.2250000000,0.4500000000,0.3000000000,3.0000000000,0.8000000000,101,110,100,111,102,111
884,neighbor,False,MAXIMUM_MAIN_STEEL,999999999.0000000000,8919.7419500000,0.2000000000,0.4000000000,0.3500000000,3.0000000000,0.7000000000,102,110,101,111,103,110
885,neighbor,False,ENVELOPE_BASE_CONTACT,999999999.0000000000,8919.7419500000,0.2750000000,0.4500000000,0.3000000000,2.5000000000,0.8000000000,103,110,103,110,104,110
886,neighbor,False,MEMBER_FLEXURE,999999999.0000000000,8919.7419500000,0.2500000000,0.4000000000,0.3000000000,3.0000000000,0.6000000000,102,110,102,112,100,111
887,neighbor,False,STEM_STRESS_OR_INTERVAL_BOUND,999999999.0000000000,8919.7419500000,0.2500000000,0.3000000000,0.3500000000,3.0000000000,0.9000000000,100,110,104,112,101,112
888,neighbor,False,STEM_STRESS_OR_INTERVAL_BOUND,999999999.0000000000,8919.7419500000,0.2000000000,0.3000000000,0.3000000000,3.5000000000,0.7000000000,100,110,103,110,100,110
889,neighbor,False,MINIMUM_MAIN_STEEL,999999999.0000000000,8919.7419500000,0.2750000000,0.5000000000,0.3000000000,3.5000000000,0.9000000000,103,111,104,111,100,112
890,neighbor,False,MINIMUM_MAIN_STEEL,999999999.0000000000,8919.7419500000,0.2250000000,0.4500000000,0.3000000000,3.0000000000,0.6000000000,103,110,100,112,102,112
891,neighbor,False,STEM_STRESS_OR_INTERVAL_BOUND,999999999.0000000000,8919.7419500000,0.2750000000,0.3000000000,0.3000000000,3.5000000000,0.8000000000,102,112,102,110,103,113
892,neighbor,False,MEMBER_FLEXURE,999999999.0000000000,8919.7419500000,0.2000000000,0.5000000000,0.4500000000,3.5000000000,0.7000000000,101,110,104,111,101,112
893,neighbor,False,MINIMUM_MAIN_STEEL,999999999.0000000000,8919.7419500000,0.2750000000,0.4500000000,0.3000000000,3.0000000000,0.8000000000,103,112,100,111,100,113
894,neighbor,True,PASS_IMPLEMENTED_PROJECT_CHECKS,10629.5840000000,8919.7419500000,0.2000000000,0.4000000000,0.5500000000,3.0000000000,0.9000000000,102,111,102,110,103,113
895,neighbor,False,ENVELOPE_BASE_CONTACT,999999999.0000000000,8919.7419500000,0.2250000000,0.4000000000,0.4000000000,2.5000000000,0.7000000000,102,112,103,110,104,110
896,neighbor,False,ENVELOPE_BASE_CONTACT,999999999.0000000000,8919.7419500000,0.2000000000,0.4500000000,0.3000000000,2.5000000000,0.7000000000,101,110,104,112,104,113
897,neighbor,False,MINIMUM_MAIN_STEEL,999999999.0000000000,8919.7419500000,0.2750000000,0.5000000000,0.3000000000,2.5000000000,0.6000000000,100,111,102,110,104,110
898,neighbor,False,ENVELOPE_BASE_CONTACT,999999999.0000000000,8919.7419500000,0.2250000000,0.3500000000,0.4500000000,2.5000000000,1.0000000000,100,110,104,111,101,110
899,neighbor,False,MINIMUM_MAIN_STEEL,999999999.0000000000,8919.7419500000,0.2500000000,0.5000000000,0.3000000000,2.5000000000,0.9000000000,100,111,100,110,103,111
900,neighbor,False,MINIMUM_MAIN_STEEL,999999999.0000000000,8919.7419500000,0.2000000000,0.4000000000,0.3500000000,3.5000000000,0.7000000000,100,110,102,112,102,110
901,neighbor,False,ENVELOPE_BASE_CONTACT,999999999.0000000000,8919.7419500000,0.2250000000,0.3500000000,0.3000000000,2.5000000000,0.9000000000,100,110,102,113,103,112
902,neighbor,False,MINIMUM_MAIN_STEEL,999999999.0000000000,8919.7419500000,0.2000000000,0.4000000000,0.4000000000,3.0000000000,0.7000000000,100,110,103,112,100,110
903,neighbor,False,MINIMUM_MAIN_STEEL,999999999.0000000000,8919.7419500000,0.2000000000,0.4000000000,0.3000000000,2.5000000000,1.0000000000,100,111,100,113,100,111
904,neighbor,False,STEM_STRESS_OR_INTERVAL_BOUND,999999999.0000000000,8919.7419500000,0.2000000000,0.3000000000,0.3500000000,3.5000000000,0.6000000000,100,110,104,112,101,110
905,neighbor,False,MINIMUM_MAIN_STEEL,999999999.0000000000,8919.7419500000,0.2500000000,0.5000000000,0.3000000000,3.5000000000,0.7000000000,100,112,102,112,102,110
906,neighbor,False,MAXIMUM_MAIN_STEEL,999999999.0000000000,8919.7419500000,0.2000000000,0.3000000000,0.3000000000,3.5000000000,0.8000000000,102,110,102,112,104,113
907,neighbor,True,PASS_IMPLEMENTED_PROJECT_CHECKS,11243.5337500000,8919.7419500000,0.2250000000,0.4500000000,0.3000000000,3.0000000000,0.8000000000,102,110,103,111,103,110
908,neighbor,False,ENVELOPE_BASE_CONTACT,999999999.0000000000,8919.7419500000,0.2500000000,0.3000000000,0.3000000000,2.5000000000,0.7000000000,102,110,101,113,101,110
909,neighbor,False,MINIMUM_MAIN_STEEL,999999999.0000000000,8919.7419500000,0.2000000000,0.4500000000,0.3500000000,3.5000000000,0.6000000000,100,111,103,112,101,113
910,neighbor,False,ENVELOPE_BASE_CONTACT,999999999.0000000000,8919.7419500000,0.2750000000,0.3500000000,0.3000000000,2.5000000000,0.8000000000,101,110,100,110,103,110
911,neighbor,False,MINIMUM_MAIN_STEEL,999999999.0000000000,8919.7419500000,0.2000000000,0.4000000000,0.3000000000,2.5000000000,0.6000000000,102,112,102,111,100,113
912,neighbor,False,ENVELOPE_BASE_CONTACT,999999999.0000000000,8919.7419500000,0.2250000000,0.3500000000,0.3000000000,2.5000000000,0.8000000000,102,110,103,111,102,110
913,neighbor,False,ENVELOPE_BASE_CONTACT,999999999.0000000000,8919.7419500000,0.2000000000,0.3000000000,0.3000000000,2.5000000000,1.0000000000,103,111,104,113,102,113
914,neighbor,True,PASS_IMPLEMENTED_PROJECT_CHECKS,10263.7943600000,8919.7419500000,0.2750000000,0.4500000000,0.5000000000,3.0000000000,0.8000000000,102,112,103,112,101,111
915,neighbor,False,MINIMUM_MAIN_STEEL,999999999.0000000000,8919.7419500000,0.2250000000,0.4500000000,0.3000000000,3.5000000000,1.0000000000,100,110,101,113,102,110
916,neighbor,False,ENVELOPE_BASE_CONTACT,999999999.0000000000,8919.7419500000,0.2500000000,0.3000000000,0.5500000000,2.5000000000,0.8000000000,100,110,101,111,104,110
917,neighbor,False,STEM_STRESS_OR_INTERVAL_BOUND,999999999.0000000000,8919.7419500000,0.2500000000,0.3000000000,0.5000000000,3.0000000000,1.0000000000,101,110,100,110,104,110
918,neighbor,True,PASS_IMPLEMENTED_PROJECT_CHECKS,11138.4622300000,8919.7419500000,0.2000000000,0.5000000000,0.4500000000,3.5000000000,0.8000000000,103,112,101,110,102,113
919,neighbor,False,ENVELOPE_BASE_CONTACT,999999999.0000000000,8919.7419500000,0.2000000000,0.4500000000,0.4000000000,2.5000000000,0.9000000000,101,110,100,110,104,113
920,neighbor,False,MAXIMUM_MAIN_STEEL,999999999.0000000000,8919.7419500000,0.2750000000,0.3000000000,0.3000000000,3.5000000000,0.8000000000,103,110,101,110,104,111
921,neighbor,True,PASS_IMPLEMENTED_PROJECT_CHECKS,10641.1102050000,8919.7419500000,0.2750000000,0.5000000000,0.4500000000,3.0000000000,0.9000000000,101,110,102,113,102,111
922,neighbor,False,STEM_STRESS_OR_INTERVAL_BOUND,999999999.0000000000,8919.7419500000,0.2000000000,0.3500000000,0.3000000000,3.5000000000,1.0000000000,100,110,102,112,102,110
923,neighbor,False,MINIMUM_MAIN_STEEL,999999999.0000000000,8919.7419500000,0.2000000000,0.4500000000,0.3500000000,3.0000000000,0.9000000000,100,110,101,111,104,113
924,neighbor,True,PASS_IMPLEMENTED_PROJECT_CHECKS,12617.8523750000,8919.7419500000,0.2750000000,0.3000000000,0.5500000000,3.5000000000,1.0000000000,103,111,102,112,102,110
925,neighbor,False,MINIMUM_MAIN_STEEL,999999999.0000000000,8919.7419500000,0.2000000000,0.4500000000,0.4000000000,2.5000000000,1.0000000000,101,111,100,113,103,111
926,neighbor,False,MINIMUM_MAIN_STEEL,999999999.0000000000,8919.7419500000,0.2750000000,0.4000000000,0.3000000000,2.5000000000,0.6000000000,100,110,102,111,104,110
927,neighbor,True,PASS_IMPLEMENTED_PROJECT_CHECKS,10084.8462500000,8919.7419500000,0.2500000000,0.4000000000,0.3000000000,3.0000000000,0.7000000000,102,110,102,113,103,112
928,neighbor,True,PASS_IMPLEMENTED_PROJECT_CHECKS,12229.9430250000,8919.7419500000,0.2250000000,0.5000000000,0.5500000000,3.5000000000,1.0000000000,101,110,103,110,102,113
929,neighbor,False,ENVELOPE_BASE_CONTACT,999999999.0000000000,8919.7419500000,0.2500000000,0.4000000000,0.3500000000,2.5000000000,0.9000000000,103,110,101,113,101,111
930,neighbor,False,MINIMUM_MAIN_STEEL,999999999.0000000000,8919.7419500000,0.2750000000,0.3000000000,0.3000000000,3.5000000000,0.6000000000,100,112,100,111,104,112
931,neighbor,False,STEM_STRESS_OR_INTERVAL_BOUND,999999999.0000000000,8919.7419500000,0.2750000000,0.3000000000,0.3000000000,3.5000000000,0.8000000000,102,111,102,111,104,110
932,neighbor,False,ENVELOPE_BASE_CONTACT,999999999.0000000000,8919.7419500000,0.2500000000,0.4000000000,0.4000000000,2.5000000000,0.7000000000,102,111,100,110,101,110
933,neighbor,False,MEMBER_FLEXURE,999999999.0000000000,8919.7419500000,0.2500000000,0.3500000000,0.3000000000,3.5000000000,0.6000000000,102,110,102,111,100,110
934,neighbor,False,MINIMUM_MAIN_STEEL,999999999.0000000000,8919.7419500000,0.2000000000,0.4000000000,0.3000000000,2.5000000000,0.7000000000,100,110,100,110,102,111
935,neighbor,False,STEM_STRESS_OR_INTERVAL_BOUND,999999999.0000000000,8919.7419500000,0.2500000000,0.3000000000,0.3000000000,3.0000000000,0.6000000000,101,110,103,110,102,110
936,neighbor,False,STEM_STRESS_OR_INTERVAL_BOUND,999999999.0000000000,8919.7419500000,0.2000000000,0.4000000000,0.3000000000,3.5000000000,0.8000000000,102,112,100,110,104,110
937,neighbor,False,MINIMUM_MAIN_STEEL,999999999.0000000000,8919.7419500000,0.2500000000,0.3000000000,0.3500000000,3.5000000000,1.0000000000,100,112,103,113,104,110
938,neighbor,False,MINIMUM_MAIN_STEEL,999999999.0000000000,8919.7419500000,0.2500000000,0.4000000000,0.3000000000,2.5000000000,1.0000000000,100,112,102,112,103,110
939,neighbor,False,MAXIMUM_MAIN_STEEL,999999999.0000000000,8919.7419500000,0.2000000000,0.4000000000,0.3000000000,3.5000000000,0.6000000000,103,110,100,111,103,111
940,neighbor,False,MINIMUM_MAIN_STEEL,999999999.0000000000,8919.7419500000,0.2750000000,0.5000000000,0.3500000000,3.0000000000,0.6000000000,100,111,103,110,102,111
941,neighbor,False,MINIMUM_MAIN_STEEL,999999999.0000000000,8919.7419500000,0.2750000000,0.5000000000,0.4500000000,3.5000000000,0.9000000000,102,110,101,113,103,113
942,neighbor,False,MINIMUM_MAIN_STEEL,999999999.0000000000,8919.7419500000,0.2500000000,0.3500000000,0.3500000000,3.0000000000,0.8000000000,100,110,100,112,103,110
943,neighbor,False,ENVELOPE_BASE_CONTACT,999999999.0000000000,8919.7419500000,0.2500000000,0.4000000000,0.3500000000,2.5000000000,0.8000000000,103,112,100,110,103,111
944,neighbor,False,MINIMUM_MAIN_STEEL,999999999.0000000000,8919.7419500000,0.2750000000,0.4000000000,0.3000000000,3.5000000000,0.6000000000,100,110,103,112,100,110
945,neighbor,False,MINIMUM_MAIN_STEEL,999999999.0000000000,8919.7419500000,0.2000000000,0.4000000000,0.3500000000,2.5000000000,1.0000000000,100,110,104,112,101,112
946,neighbor,False,MINIMUM_MAIN_STEEL,999999999.0000000000,8919.7419500000,0.2500000000,0.4000000000,0.4000000000,2.5000000000,0.6000000000,101,111,104,111,100,111
947,neighbor,False,MINIMUM_MAIN_STEEL,999999999.0000000000,8919.7419500000,0.2000000000,0.3500000000,0.3000000000,3.0000000000,0.7000000000,103,110,102,113,100,112
948,neighbor,False,MINIMUM_MAIN_STEEL,999999999.0000000000,8919.7419500000,0.2750000000,0.4000000000,0.3000000000,3.0000000000,0.9000000000,100,112,103,110,104,112
949,neighbor,False,STEM_STRESS_OR_INTERVAL_BOUND,999999999.0000000000,8919.7419500000,0.2000000000,0.3000000000,0.4000000000,3.0000000000,1.0000000000,100,110,103,110,101,111
950,neighbor,False,ENVELOPE_BASE_CONTACT,999999999.0000000000,8919.7419500000,0.2000000000,0.4500000000,0.3000000000,2.5000000000,0.6000000000,102,111,100,110,102,113
951,neighbor,False,ENVELOPE_BASE_CONTACT,999999999.0000000000,8919.7419500000,0.2000000000,0.3000000000,0.4500000000,2.5000000000,0.9000000000,101,110,104,110,104,110
952,neighbor,False,STEM_STRESS_OR_INTERVAL_BOUND,999999999.0000000000,8919.7419500000,0.2250000000,0.3000000000,0.5000000000,3.0000000000,0.6000000000,101,111,101,110,101,111
953,neighbor,False,STEM_STRESS_OR_INTERVAL_BOUND,999999999.0000000000,8919.7419500000,0.2000000000,0.3500000000,0.3000000000,3.0000000000,0.8000000000,101,111,103,112,104,110
954,neighbor,False,ENVELOPE_BASE_CONTACT,999999999.0000000000,8919.7419500000,0.2000000000,0.5000000000,0.3000000000,2.5000000000,0.8000000000,103,110,103,110,103,110
955,neighbor,False,MINIMUM_MAIN_STEEL,999999999.0000000000,8919.7419500000,0.2750000000,0.3500000000,0.3000000000,3.5000000000,0.8000000000,102,112,104,112,100,112
956,neighbor,False,STEM_STRESS_OR_INTERVAL_BOUND,999999999.0000000000,8919.7419500000,0.2750000000,0.3000000000,0.5000000000,3.0000000000,0.8000000000,100,110,101,112,102,111
957,neighbor,False,ENVELOPE_BASE_CONTACT,999999999.0000000000,8919.7419500000,0.2500000000,0.4000000000,0.3000000000,2.5000000000,0.8000000000,103,112,102,113,104,110
958,neighbor,False,STEM_STRESS_OR_INTERVAL_BOUND,999999999.0000000000,8919.7419500000,0.2500000000,0.3500000000,0.3000000000,3.5000000000,0.8000000000,102,111,100,110,103,110
959,neighbor,False,MINIMUM_MAIN_STEEL,999999999.0000000000,8919.7419500000,0.2250000000,0.4500000000,0.3000000000,3.0000000000,0.9000000000,100,110,104,111,102,110
960,neighbor,False,MINIMUM_MAIN_STEEL,999999999.0000000000,8919.7419500000,0.2750000000,0.4000000000,0.3000000000,2.5000000000,0.9000000000,100,110,102,110,103,110
961,neighbor,False,INVALID_GEOMETRY_OR_INPUT,999999999.0000000000,8919.7419500000,0.2000000000,0.5000000000,0.4500000000,2.5000000000,1.0000000000,102,111,104,110,104,110
962,neighbor,False,ENVELOPE_BASE_CONTACT,999999999.0000000000,8919.7419500000,0.2750000000,0.3500000000,0.3000000000,2.5000000000,0.7000000000,101,111,100,110,102,112
963,neighbor,False,MINIMUM_MAIN_STEEL,999999999.0000000000,8919.7419500000,0.2000000000,0.4500000000,0.3000000000,3.5000000000,0.8000000000,100,112,103,111,103,112
964,neighbor,False,MAXIMUM_MAIN_STEEL,999999999.0000000000,8919.7419500000,0.2000000000,0.5000000000,0.3000000000,3.0000000000,0.8000000000,103,110,104,111,101,113
965,neighbor,False,MINIMUM_MAIN_STEEL,999999999.0000000000,8919.7419500000,0.2500000000,0.3500000000,0.3500000000,3.5000000000,0.9000000000,103,112,100,111,100,113
966,neighbor,False,MINIMUM_MAIN_STEEL,999999999.0000000000,8919.7419500000,0.2250000000,0.5000000000,0.3000000000,3.5000000000,1.0000000000,103,110,103,113,100,113
967,neighbor,False,MINIMUM_MAIN_STEEL,999999999.0000000000,8919.7419500000,0.2250000000,0.4500000000,0.4500000000,3.5000000000,0.9000000000,100,110,104,113,100,113
968,neighbor,False,MINIMUM_MAIN_STEEL,999999999.0000000000,8919.7419500000,0.2750000000,0.5000000000,0.3000000000,2.5000000000,0.6000000000,100,110,101,113,104,113
969,neighbor,False,MINIMUM_MAIN_STEEL,999999999.0000000000,8919.7419500000,0.2000000000,0.5000000000,0.5500000000,3.0000000000,0.6000000000,100,112,101,110,100,113
970,neighbor,False,MINIMUM_MAIN_STEEL,999999999.0000000000,8919.7419500000,0.2000000000,0.3500000000,0.3000000000,3.0000000000,1.0000000000,100,111,103,110,100,110
971,neighbor,False,STEM_STRESS_OR_INTERVAL_BOUND,999999999.0000000000,8919.7419500000,0.2750000000,0.3000000000,0.5000000000,3.5000000000,1.0000000000,100,110,102,112,100,110
972,neighbor,False,ENVELOPE_BASE_CONTACT,999999999.0000000000,8919.7419500000,0.2000000000,0.3000000000,0.3500000000,2.5000000000,1.0000000000,103,110,100,110,103,113
973,neighbor,False,STEM_STRESS_OR_INTERVAL_BOUND,999999999.0000000000,8919.7419500000,0.2000000000,0.3500000000,0.3000000000,3.5000000000,1.0000000000,100,110,100,111,101,110
974,neighbor,False,MAXIMUM_MAIN_STEEL,999999999.0000000000,8919.7419500000,0.2000000000,0.5000000000,0.4000000000,3.5000000000,0.9000000000,103,110,104,113,104,113
975,neighbor,False,MINIMUM_MAIN_STEEL,999999999.0000000000,8919.7419500000,0.2750000000,0.4000000000,0.3000000000,3.0000000000,0.7000000000,100,110,103,112,103,111
976,neighbor,False,MINIMUM_MAIN_STEEL,999999999.0000000000,8919.7419500000,0.2000000000,0.4000000000,0.3000000000,2.5000000000,0.6000000000,100,110,104,110,102,112
977,neighbor,False,MINIMUM_MAIN_STEEL,999999999.0000000000,8919.7419500000,0.2250000000,0.4500000000,0.4500000000,3.5000000000,0.6000000000,102,110,100,112,103,111
978,neighbor,False,ENVELOPE_BASE_CONTACT,999999999.0000000000,8919.7419500000,0.2000000000,0.4500000000,0.3000000000,2.5000000000,0.8000000000,103,110,100,110,103,111
979,neighbor,False,MINIMUM_MAIN_STEEL,999999999.0000000000,8919.7419500000,0.2250000000,0.3500000000,0.5000000000,2.5000000000,0.6000000000,102,110,101,110,100,112
980,neighbor,False,STEM_STRESS_OR_INTERVAL_BOUND,999999999.0000000000,8919.7419500000,0.2000000000,0.3000000000,0.5500000000,3.0000000000,0.8000000000,100,110,102,110,103,112
981,neighbor,False,STEM_STRESS_OR_INTERVAL_BOUND,999999999.0000000000,8919.7419500000,0.2500000000,0.3000000000,0.3000000000,3.5000000000,1.0000000000,100,110,102,110,104,111
982,neighbor,False,MAXIMUM_MAIN_STEEL,999999999.0000000000,8919.7419500000,0.2000000000,0.3000000000,0.3000000000,3.0000000000,1.0000000000,103,110,104,111,102,111
983,neighbor,False,MINIMUM_MAIN_STEEL,999999999.0000000000,8919.7419500000,0.2500000000,0.4000000000,0.3000000000,3.0000000000,0.7000000000,100,111,101,113,101,112
984,neighbor,False,INVALID_GEOMETRY_OR_INPUT,999999999.0000000000,8919.7419500000,0.2250000000,0.5000000000,0.5500000000,2.5000000000,1.0000000000,100,112,103,113,100,111
985,neighbor,False,MINIMUM_MAIN_STEEL,999999999.0000000000,8919.7419500000,0.2750000000,0.4000000000,0.3000000000,3.0000000000,0.7000000000,100,110,104,110,103,113
986,neighbor,False,MAXIMUM_MAIN_STEEL,999999999.0000000000,8919.7419500000,0.2500000000,0.4000000000,0.3000000000,3.0000000000,0.9000000000,103,110,103,112,101,110
987,neighbor,False,MINIMUM_MAIN_STEEL,999999999.0000000000,8919.7419500000,0.2000000000,0.3500000000,0.3500000000,2.5000000000,1.0000000000,100,110,100,112,104,111
988,neighbor,False,STEM_STRESS_OR_INTERVAL_BOUND,999999999.0000000000,8919.7419500000,0.2000000000,0.4000000000,0.3500000000,3.5000000000,0.7000000000,101,111,104,112,103,111
989,neighbor,False,MINIMUM_MAIN_STEEL,999999999.0000000000,8919.7419500000,0.2250000000,0.5000000000,0.3000000000,3.0000000000,1.0000000000,100,110,104,112,101,111
990,neighbor,False,MINIMUM_MAIN_STEEL,999999999.0000000000,8919.7419500000,0.2000000000,0.3500000000,0.3000000000,2.5000000000,1.0000000000,100,111,100,110,100,113
991,neighbor,False,STEM_STRESS_OR_INTERVAL_BOUND,999999999.0000000000,8919.7419500000,0.2750000000,0.3500000000,0.3000000000,3.5000000000,0.8000000000,101,110,104,110,104,111
992,neighbor,False,STEM_STRESS_OR_INTERVAL_BOUND,999999999.0000000000,8919.7419500000,0.2750000000,0.3500000000,0.4500000000,3.5000000000,0.7000000000,100,110,100,110,104,113
993,neighbor,False,INVALID_GEOMETRY_OR_INPUT,999999999.0000000000,8919.7419500000,0.2750000000,0.5000000000,0.3000000000,2.5000000000,1.0000000000,100,110,104,111,101,110
994,neighbor,False,ENVELOPE_BASE_CONTACT,999999999.0000000000,8919.7419500000,0.2250000000,0.3500000000,0.3000000000,2.5000000000,0.8000000000,102,112,101,113,103,110
995,neighbor,False,ENVELOPE_BASE_CONTACT,999999999.0000000000,8919.7419500000,0.2750000000,0.4500000000,0.3000000000,2.5000000000,1.0000000000,101,110,101,111,102,110
996,neighbor,False,STEM_STRESS_OR_INTERVAL_BOUND,999999999.0000000000,8919.7419500000,0.2500000000,0.3000000000,0.5000000000,3.5000000000,0.7000000000,101,111,104,110,104,113
997,neighbor,False,MINIMUM_MAIN_STEEL,999999999.0000000000,8919.7419500000,0.2000000000,0.3000000000,0.3000000000,2.5000000000,0.6000000000,100,112,101,110,103,110
998,neighbor,False,ENVELOPE_BASE_CONTACT,999999999.0000000000,8919.7419500000,0.2750000000,0.3000000000,0.5500000000,2.5000000000,1.0000000000,103,112,103,113,104,111
999,neighbor,False,MINIMUM_MAIN_STEEL,999999999.0000000000,8919.7419500000,0.2000000000,0.4000000000,0.5500000000,2.5000000000,0.7000000000,101,110,104,110,100,112
1000,neighbor,False,STEM_STRESS_OR_INTERVAL_BOUND,999999999.0000000000,8919.7419500000,0.2250000000,0.3000000000,0.3000000000,3.0000000000,0.8000000000,102,111,101,113,100,110
1001,neighbor,False,MINIMUM_MAIN_STEEL,999999999.0000000000,8919.7419500000,0.2000000000,0.5000000000,0.3000000000,2.5000000000,0.7000000000,100,111,103,110,100,113
1002,neighbor,False,MINIMUM_MAIN_STEEL,999999999.0000000000,8919.7419500000,0.2500000000,0.4500000000,0.5000000000,3.0000000000,0.8000000000,100,110,103,112,103,111
1003,neighbor,False,MINIMUM_MAIN_STEEL,999999999.0000000000,8919.7419500000,0.2000000000,0.3500000000,0.5500000000,3.0000000000,0.6000000000,100,111,103,111,100,110
1004,neighbor,False,MINIMUM_MAIN_STEEL,999999999.0000000000,8919.7419500000,0.2000000000,0.4000000000,0.3000000000,3.5000000000,1.0000000000,100,111,104,113,101,113
1005,neighbor,False,INVALID_GEOMETRY_OR_INPUT,999999999.0000000000,8919.7419500000,0.2750000000,0.5000000000,0.4000000000,2.5000000000,1.0000000000,103,110,104,110,100,110
1006,neighbor,False,MINIMUM_MAIN_STEEL,999999999.0000000000,8919.7419500000,0.2250000000,0.4000000000,0.4000000000,3.0000000000,0.7000000000,100,110,104,110,104,112
1007,neighbor,False,MINIMUM_MAIN_STEEL,999999999.0000000000,8919.7419500000,0.2750000000,0.4000000000,0.3000000000,3.0000000000,0.7000000000,100,110,103,112,103,110
1008,neighbor,False,ENVELOPE_BASE_CONTACT,999999999.0000000000,8919.7419500000,0.2000000000,0.5000000000,0.5000000000,2.5000000000,0.6000000000,103,110,104,113,102,112
1009,neighbor,False,MAXIMUM_MAIN_STEEL,999999999.0000000000,8919.7419500000,0.2000000000,0.5000000000,0.3000000000,3.5000000000,0.7000000000,101,110,104,110,103,111
1010,neighbor,False,MINIMUM_MAIN_STEEL,999999999.0000000000,8919.7419500000,0.2000000000,0.4000000000,0.4000000000,2.5000000000,0.6000000000,100,110,103,111,101,110
1011,neighbor,False,STEM_STRESS_OR_INTERVAL_BOUND,999999999.0000000000,8919.7419500000,0.2000000000,0.3500000000,0.3000000000,3.5000000000,0.8000000000,101,112,102,111,104,112
1012,neighbor,False,MINIMUM_MAIN_STEEL,999999999.0000000000,8919.7419500000,0.2750000000,0.5000000000,0.3500000000,3.0000000000,0.8000000000,100,111,104,110,103,110
1013,neighbor,False,ENVELOPE_BASE_CONTACT,999999999.0000000000,8919.7419500000,0.2500000000,0.5000000000,0.3000000000,2.5000000000,0.7000000000,103,110,100,111,101,110
1014,neighbor,True,PASS_IMPLEMENTED_PROJECT_CHECKS,11886.0402900000,8919.7419500000,0.2000000000,0.4500000000,0.5500000000,3.5000000000,0.9000000000,101,110,100,110,102,110
1015,neighbor,False,MEMBER_FLEXURE,999999999.0000000000,8919.7419500000,0.2250000000,0.4000000000,0.4000000000,3.5000000000,0.8000000000,101,110,103,110,100,110
1016,neighbor,False,MINIMUM_MAIN_STEEL,999999999.0000000000,8919.7419500000,0.2000000000,0.4000000000,0.5500000000,2.5000000000,0.7000000000,100,110,101,111,100,110
1017,neighbor,False,MAXIMUM_MAIN_STEEL,999999999.0000000000,8919.7419500000,0.2500000000,0.3000000000,0.3000000000,3.0000000000,0.9000000000,103,110,103,111,101,110
1018,neighbor,False,MINIMUM_MAIN_STEEL,999999999.0000000000,8919.7419500000,0.2500000000,0.3000000000,0.4500000000,3.5000000000,0.7000000000,103,111,100,111,101,112
1019,neighbor,False,ENVELOPE_BASE_CONTACT,999999999.0000000000,8919.7419500000,0.2750000000,0.3000000000,0.3000000000,2.5000000000,0.7000000000,100,110,101,111,103,110
1020,neighbor,False,STEM_STRESS_OR_INTERVAL_BOUND,999999999.0000000000,8919.7419500000,0.2000000000,0.3500000000,0.5500000000,3.0000000000,0.6000000000,101,111,103,113,101,111
1021,neighbor,False,STEM_STRESS_OR_INTERVAL_BOUND,999999999.0000000000,8919.7419500000,0.2500000000,0.3500000000,0.3000000000,3.0000000000,0.7000000000,100,110,102,110,103,110
1022,neighbor,False,MINIMUM_MAIN_STEEL,999999999.0000000000,8919.7419500000,0.2750000000,0.3000000000,0.4500000000,2.5000000000,0.9000000000,100,112,102,110,102,113
1023,neighbor,False,MINIMUM_MAIN_STEEL,999999999.0000000000,8919.7419500000,0.2750000000,0.5000000000,0.3000000000,3.5000000000,0.7000000000,100,110,104,110,100,113
1024,neighbor,False,MINIMUM_MAIN_STEEL,999999999.0000000000,8919.7419500000,0.2250000000,0.5000000000,0.5000000000,3.5000000000,0.8000000000,100,110,104,112,101,112
1025,neighbor,False,MINIMUM_MAIN_STEEL,999999999.0000000000,8919.7419500000,0.2500000000,0.4500000000,0.3000000000,3.0000000000,0.8000000000,100,110,103,113,101,110
1026,neighbor,False,MINIMUM_MAIN_STEEL,999999999.0000000000,8919.7419500000,0.2500000000,0.4500000000,0.3000000000,3.0000000000,0.9000000000,103,110,100,113,100,112
1027,neighbor,False,MAXIMUM_MAIN_STEEL,999999999.0000000000,8919.7419500000,0.2750000000,0.4000000000,0.3000000000,3.5000000000,1.0000000000,103,110,101,113,104,112
1028,neighbor,False,STEM_STRESS_OR_INTERVAL_BOUND,999999999.0000000000,8919.7419500000,0.2750000000,0.3000000000,0.4500000000,3.5000000000,0.8000000000,101,110,102,110,102,111
1029,neighbor,False,MINIMUM_MAIN_STEEL,999999999.0000000000,8919.7419500000,0.2000000000,0.5000000000,0.3000000000,2.5000000000,0.9000000000,100,110,100,110,102,113
1030,neighbor,False,MINIMUM_MAIN_STEEL,999999999.0000000000,8919.7419500000,0.2250000000,0.5000000000,0.5500000000,3.0000000000,0.6000000000,102,111,104,113,100,112
1031,neighbor,False,MINIMUM_MAIN_STEEL,999999999.0000000000,8919.7419500000,0.2000000000,0.5000000000,0.5500000000,2.5000000000,0.9000000000,100,110,100,110,101,112
1032,neighbor,False,MINIMUM_MAIN_STEEL,999999999.0000000000,8919.7419500000,0.2750000000,0.4500000000,0.3000000000,3.0000000000,0.8000000000,100,112,101,111,102,113
1033,neighbor,False,MAXIMUM_MAIN_STEEL,999999999.0000000000,8919.7419500000,0.2000000000,0.4500000000,0.3000000000,3.5000000000,0.7000000000,102,110,102,113,102,112
1034,neighbor,False,STEM_STRESS_OR_INTERVAL_BOUND,999999999.0000000000,8919.7419500000,0.2000000000,0.3500000000,0.3000000000,3.0000000000,0.8000000000,100,110,103,111,100,110
1035,neighbor,False,MINIMUM_MAIN_STEEL,999999999.0000000000,8919.7419500000,0.2250000000,0.5000000000,0.3000000000,3.0000000000,0.9000000000,100,110,101,113,102,111
1036,neighbor,False,ENVELOPE_BASE_CONTACT,999999999.0000000000,8919.7419500000,0.2750000000,0.4000000000,0.3500000000,2.5000000000,1.0000000000,101,110,104,110,101,113
1037,neighbor,False,MINIMUM_MAIN_STEEL,999999999.0000000000,8919.7419500000,0.2750000000,0.5000000000,0.3000000000,3.0000000000,0.7000000000,100,110,100,110,102,112
1038,neighbor,False,MINIMUM_MAIN_STEEL,999999999.0000000000,8919.7419500000,0.2250000000,0.3500000000,0.5500000000,3.0000000000,0.7000000000,103,110,100,110,101,112
1039,neighbor,False,STEM_STRESS_OR_INTERVAL_BOUND,999999999.0000000000,8919.7419500000,0.2000000000,0.3000000000,0.5000000000,3.0000000000,0.6000000000,100,110,101,111,104,111
1040,neighbor,False,MINIMUM_MAIN_STEEL,999999999.0000000000,8919.7419500000,0.2500000000,0.4500000000,0.3000000000,2.5000000000,0.6000000000,102,110,100,111,100,112
1041,neighbor,False,MINIMUM_MAIN_STEEL,999999999.0000000000,8919.7419500000,0.2000000000,0.3000000000,0.3000000000,3.5000000000,1.0000000000,100,111,102,112,102,110
1042,neighbor,False,MINIMUM_MAIN_STEEL,999999999.0000000000,8919.7419500000,0.2750000000,0.4500000000,0.3000000000,3.5000000000,0.6000000000,101,112,104,111,103,111
1043,neighbor,False,MINIMUM_MAIN_STEEL,999999999.0000000000,8919.7419500000,0.2000000000,0.3500000000,0.5500000000,3.5000000000,0.7000000000,100,111,104,113,103,110
1044,neighbor,False,MAXIMUM_MAIN_STEEL,999999999.0000000000,8919.7419500000,0.2000000000,0.3500000000,0.3000000000,3.5000000000,0.9000000000,102,110,100,110,101,110
1045,neighbor,True,PASS_IMPLEMENTED_PROJECT_CHECKS,11937.0512380000,8919.7419500000,0.2500000000,0.5000000000,0.5500000000,3.5000000000,0.8000000000,101,110,104,113,101,111
1046,neighbor,False,MINIMUM_MAIN_STEEL,999999999.0000000000,8919.7419500000,0.2000000000,0.3000000000,0.5000000000,2.5000000000,0.8000000000,100,111,100,111,103,110
1047,neighbor,False,STEM_STRESS_OR_INTERVAL_BOUND,999999999.0000000000,8919.7419500000,0.2000000000,0.3000000000,0.3500000000,3.0000000000,0.9000000000,101,110,102,113,101,110
1048,neighbor,False,MINIMUM_MAIN_STEEL,999999999.0000000000,8919.7419500000,0.2750000000,0.3500000000,0.3000000000,3.5000000000,1.0000000000,103,110,102,113,100,112
1049,neighbor,False,INVALID_GEOMETRY_OR_INPUT,999999999.0000000000,8919.7419500000,0.2000000000,0.5000000000,0.3000000000,2.5000000000,1.0000000000,103,110,102,113,102,110
1050,neighbor,False,MINIMUM_MAIN_STEEL,999999999.0000000000,8919.7419500000,0.2250000000,0.3500000000,0.3500000000,3.0000000000,0.7000000000,100,110,101,112,100,113
1051,neighbor,False,MAXIMUM_MAIN_STEEL,999999999.0000000000,8919.7419500000,0.2250000000,0.5000000000,0.3000000000,3.5000000000,0.9000000000,101,110,102,113,104,110
1052,neighbor,False,MINIMUM_MAIN_STEEL,999999999.0000000000,8919.7419500000,0.2500000000,0.5000000000,0.3000000000,3.0000000000,0.6000000000,100,110,102,111,104,110
1053,neighbor,False,MINIMUM_MAIN_STEEL,999999999.0000000000,8919.7419500000,0.2500000000,0.4000000000,0.4500000000,3.0000000000,0.9000000000,100,110,101,111,102,111
1054,neighbor,False,MAXIMUM_MAIN_STEEL,999999999.0000000000,8919.7419500000,0.2250000000,0.5000000000,0.3000000000,3.5000000000,0.8000000000,102,110,104,110,102,110
1055,neighbor,True,PASS_IMPLEMENTED_PROJECT_CHECKS,10041.6486000000,8919.7419500000,0.2250000000,0.4500000000,0.3000000000,3.0000000000,0.9000000000,103,112,100,110,104,111
1056,neighbor,False,STEM_STRESS_OR_INTERVAL_BOUND,999999999.0000000000,8919.7419500000,0.2250000000,0.3500000000,0.5500000000,3.5000000000,0.8000000000,100,110,103,113,102,110
1057,neighbor,False,ENVELOPE_BASE_CONTACT,999999999.0000000000,8919.7419500000,0.2000000000,0.3500000000,0.3000000000,2.5000000000,1.0000000000,100,110,103,112,101,111
1058,neighbor,False,MINIMUM_MAIN_STEEL,999999999.0000000000,8919.7419500000,0.2750000000,0.4500000000,0.3000000000,3.0000000000,0.7000000000,102,112,103,112,100,113
1059,neighbor,False,MINIMUM_MAIN_STEEL,999999999.0000000000,8919.7419500000,0.2000000000,0.4000000000,0.3000000000,2.5000000000,0.9000000000,100,110,100,112,100,111
1060,neighbor,False,ENVELOPE_BASE_CONTACT,999999999.0000000000,8919.7419500000,0.2750000000,0.3500000000,0.3000000000,2.5000000000,0.8000000000,102,111,100,110,102,110
1061,neighbor,False,MINIMUM_MAIN_STEEL,999999999.0000000000,8919.7419500000,0.2750000000,0.4500000000,0.3000000000,2.5000000000,1.0000000000,100,111,101,110,100,110
1062,neighbor,False,MINIMUM_MAIN_STEEL,999999999.0000000000,8919.7419500000,0.2500000000,0.4500000000,0.3000000000,3.5000000000,0.6000000000,100,111,100,110,102,112
1063,neighbor,False,ENVELOPE_BASE_CONTACT,999999999.0000000000,8919.7419500000,0.2250000000,0.3000000000,0.5000000000,2.5000000000,0.9000000000,103,110,102,113,104,110
1064,neighbor,False,MINIMUM_MAIN_STEEL,999999999.0000000000,8919.7419500000,0.2000000000,0.4000000000,0.5500000000,3.0000000000,0.8000000000,100,110,101,110,104,110
1065,neighbor,False,MINIMUM_MAIN_STEEL,999999999.0000000000,8919.7419500000,0.2250000000,0.4500000000,0.3000000000,2.5000000000,0.6000000000,100,110,100,110,101,110
1066,neighbor,False,ENVELOPE_BASE_CONTACT,999999999.0000000000,8919.7419500000,0.2750000000,0.3500000000,0.3000000000,2.5000000000,0.9000000000,103,110,100,111,104,111
1067,neighbor,False,MAXIMUM_MAIN_STEEL,999999999.0000000000,8919.7419500000,0.2000000000,0.4500000000,0.3000000000,3.5000000000,0.6000000000,102,110,101,110,102,110
1068,neighbor,True,PASS_IMPLEMENTED_PROJECT_CHECKS,11052.4258750000,8919.7419500000,0.2250000000,0.3500000000,0.3500000000,3.5000000000,0.7000000000,102,110,103,113,102,110
1069,neighbor,False,ENVELOPE_BASE_CONTACT,999999999.0000000000,8919.7419500000,0.2250000000,0.4000000000,0.3000000000,2.5000000000,0.9000000000,102,110,101,111,102,112
1070,neighbor,False,STEM_STRESS_OR_INTERVAL_BOUND,999999999.0000000000,8919.7419500000,0.2000000000,0.3500000000,0.3500000000,3.5000000000,0.8000000000,101,110,102,110,102,110
1071,neighbor,False,MINIMUM_MAIN_STEEL,999999999.0000000000,8919.7419500000,0.2000000000,0.4500000000,0.5000000000,3.5000000000,0.7000000000,100,112,102,110,101,112
1072,neighbor,True,PASS_IMPLEMENTED_PROJECT_CHECKS,10145.9430700000,8919.7419500000,0.2250000000,0.4000000000,0.3000000000,3.0000000000,0.7000000000,102,110,102,113,104,112
1073,neighbor,False,MINIMUM_MAIN_STEEL,999999999.0000000000,8919.7419500000,0.2000000000,0.4000000000,0.4500000000,3.5000000000,0.8000000000,100,112,104,113,102,112
1074,neighbor,False,MINIMUM_MAIN_STEEL,999999999.0000000000,8919.7419500000,0.2500000000,0.4000000000,0.4500000000,3.0000000000,0.6000000000,103,112,101,112,100,113
1075,neighbor,False,MAXIMUM_MAIN_STEEL,999999999.0000000000,8919.7419500000,0.2000000000,0.3000000000,0.5000000000,3.5000000000,0.7000000000,103,110,104,110,102,113
1076,neighbor,False,STEM_STRESS_OR_INTERVAL_BOUND,999999999.0000000000,8919.7419500000,0.2750000000,0.3500000000,0.3000000000,3.0000000000,1.0000000000,100,110,103,112,100,110
1077,neighbor,False,MINIMUM_MAIN_STEEL,999999999.0000000000,8919.7419500000,0.2250000000,0.5000000000,0.3000000000,3.5000000000,0.7000000000,100,110,103,111,103,110
1078,neighbor,False,MINIMUM_MAIN_STEEL,999999999.0000000000,8919.7419500000,0.2000000000,0.4000000000,0.3000000000,3.5000000000,1.0000000000,100,110,101,113,104,110
1079,neighbor,False,INVALID_GEOMETRY_OR_INPUT,999999999.0000000000,8919.7419500000,0.2500000000,0.5000000000,0.3000000000,2.5000000000,1.0000000000,103,111,102,113,103,110
1080,neighbor,False,MINIMUM_MAIN_STEEL,999999999.0000000000,8919.7419500000,0.2750000000,0.3500000000,0.3000000000,2.5000000000,0.8000000000,103,110,101,112,100,113
1081,neighbor,False,ENVELOPE_BASE_CONTACT,999999999.0000000000,8919.7419500000,0.2000000000,0.3500000000,0.3000000000,2.5000000000,1.0000000000,103,110,104,113,104,110
1082,neighbor,True,PASS_IMPLEMENTED_PROJECT_CHECKS,10553.6660500000,8919.7419500000,0.2750000000,0.4000000000,0.3000000000,3.0000000000,0.8000000000,103,111,102,113,102,110
1083,neighbor,False,MINIMUM_MAIN_STEEL,999999999.0000000000,8919.7419500000,0.2000000000,0.3500000000,0.5500000000,3.5000000000,0.9000000000,100,110,100,113,100,110
1084,neighbor,False,MINIMUM_MAIN_STEEL,999999999.0000000000,8919.7419500000,0.2500000000,0.3500000000,0.4500000000,3.0000000000,0.8000000000,100,112,104,113,102,112
1085,neighbor,False,MINIMUM_MAIN_STEEL,999999999.0000000000,8919.7419500000,0.2500000000,0.5000000000,0.3000000000,3.0000000000,0.6000000000,100,110,100,113,103,112
1086,neighbor,False,MINIMUM_MAIN_STEEL,999999999.0000000000,8919.7419500000,0.2250000000,0.3500000000,0.3500000000,3.0000000000,0.7000000000,100,110,100,112,104,110
1087,neighbor,True,PASS_IMPLEMENTED_PROJECT_CHECKS,11340.7367500000,8919.7419500000,0.2500000000,0.5000000000,0.5500000000,3.0000000000,0.9000000000,102,111,102,111,102,111
1088,neighbor,False,MINIMUM_MAIN_STEEL,999999999.0000000000,8919.7419500000,0.2500000000,0.5000000000,0.4000000000,2.5000000000,0.6000000000,100,110,104,111,102,112
1089,neighbor,False,MINIMUM_MAIN_STEEL,999999999.0000000000,8919.7419500000,0.2000000000,0.5000000000,0.3000000000,3.0000000000,0.9000000000,100,112,102,110,102,110
1090,neighbor,False,MEMBER_FLEXURE,999999999.0000000000,8919.7419500000,0.2750000000,0.5000000000,0.3000000000,3.5000000000,0.8000000000,101,110,103,113,102,112
1091,neighbor,False,STEM_STRESS_OR_INTERVAL_BOUND,999999999.0000000000,8919.7419500000,0.2000000000,0.3000000000,0.3000000000,3.5000000000,0.8000000000,100,110,102,113,103,110
1092,neighbor,False,MAXIMUM_MAIN_STEEL,999999999.0000000000,8919.7419500000,0.2000000000,0.4500000000,0.3000000000,3.0000000000,0.6000000000,102,110,103,112,104,111
1093,neighbor,False,ENVELOPE_BASE_CONTACT,999999999.0000000000,8919.7419500000,0.2250000000,0.4500000000,0.3000000000,2.5000000000,0.7000000000,102,110,100,110,102,113
1094,neighbor,False,MINIMUM_MAIN_STEEL,999999999.0000000000,8919.7419500000,0.2750000000,0.4500000000,0.4000000000,3.0000000000,0.7000000000,100,110,104,110,103,112
1095,neighbor,False,MINIMUM_MAIN_STEEL,999999999.0000000000,8919.7419500000,0.2000000000,0.4500000000,0.4500000000,3.0000000000,1.0000000000,100,112,102,110,103,110
1096,neighbor,False,ENVELOPE_BASE_CONTACT,999999999.0000000000,8919.7419500000,0.2750000000,0.3000000000,0.3000000000,2.5000000000,0.6000000000,103,110,101,111,100,110
1097,neighbor,False,MAXIMUM_MAIN_STEEL,999999999.0000000000,8919.7419500000,0.2750000000,0.5000000000,0.3000000000,3.5000000000,0.8000000000,103,110,104,110,103,110
1098,neighbor,False,MINIMUM_MAIN_STEEL,999999999.0000000000,8919.7419500000,0.2000000000,0.4500000000,0.5500000000,3.0000000000,0.6000000000,100,111,100,112,103,112
1099,neighbor,False,ENVELOPE_BASE_CONTACT,999999999.0000000000,8919.7419500000,0.2750000000,0.4500000000,0.3000000000,2.5000000000,0.8000000000,101,110,101,111,103,110
1100,neighbor,False,MINIMUM_MAIN_STEEL,999999999.0000000000,8919.7419500000,0.2250000000,0.3000000000,0.3000000000,3.5000000000,1.0000000000,100,110,103,112,100,113
1101,neighbor,False,MINIMUM_MAIN_STEEL,999999999.0000000000,8919.7419500000,0.2750000000,0.4000000000,0.3000000000,2.5000000000,0.8000000000,100,110,102,113,103,110
1102,neighbor,False,ENVELOPE_BASE_CONTACT,999999999.0000000000,8919.7419500000,0.2750000000,0.3500000000,0.5000000000,2.5000000000,0.6000000000,101,110,103,112,100,110
1103,neighbor,True,PASS_IMPLEMENTED_PROJECT_CHECKS,11601.1521950000,8919.7419500000,0.2750000000,0.4000000000,0.3500000000,3.0000000000,1.0000000000,102,110,103,110,104,111
1104,neighbor,False,MINIMUM_MAIN_STEEL,999999999.0000000000,8919.7419500000,0.2250000000,0.3000000000,0.4500000000,2.5000000000,0.7000000000,102,110,100,111,104,112
1105,neighbor,False,STEM_STRESS_OR_INTERVAL_BOUND,999999999.0000000000,8919.7419500000,0.2000000000,0.3000000000,0.3000000000,3.5000000000,0.6000000000,101,110,100,111,104,111
1106,neighbor,False,MINIMUM_MAIN_STEEL,999999999.0000000000,8919.7419500000,0.2000000000,0.4500000000,0.3500000000,3.0000000000,1.0000000000,100,110,100,113,103,113
1107,neighbor,False,MINIMUM_MAIN_STEEL,999999999.0000000000,8919.7419500000,0.2000000000,0.4500000000,0.3000000000,3.5000000000,0.7000000000,100,110,102,110,101,110
1108,neighbor,True,PASS_IMPLEMENTED_PROJECT_CHECKS,12093.4368000000,8919.7419500000,0.2500000000,0.3500000000,0.4500000000,3.5000000000,0.7000000000,102,110,102,110,104,112
1109,neighbor,False,MINIMUM_MAIN_STEEL,999999999.0000000000,8919.7419500000,0.2000000000,0.3000000000,0.4500000000,2.5000000000,1.0000000000,100,110,101,112,100,113
1110,neighbor,False,MINIMUM_MAIN_STEEL,999999999.0000000000,8919.7419500000,0.2500000000,0.4000000000,0.3000000000,3.5000000000,0.6000000000,100,110,104,113,103,110
1111,neighbor,False,MINIMUM_MAIN_STEEL,999999999.0000000000,8919.7419500000,0.2000000000,0.3000000000,0.5500000000,2.5000000000,0.8000000000,100,112,100,113,101,110
1112,neighbor,False,MINIMUM_MAIN_STEEL,999999999.0000000000,8919.7419500000,0.2750000000,0.5000000000,0.4000000000,2.5000000000,0.7000000000,100,112,104,112,103,110
1113,neighbor,False,ENVELOPE_BASE_CONTACT,999999999.0000000000,8919.7419500000,0.2500000000,0.3000000000,0.3000000000,2.5000000000,0.8000000000,102,111,100,111,101,110
1114,neighbor,False,MINIMUM_MAIN_STEEL,999999999.0000000000,8919.7419500000,0.2000000000,0.4000000000,0.5500000000,2.5000000000,1.0000000000,100,110,104,110,103,111
1115,neighbor,False,MINIMUM_MAIN_STEEL,999999999.0000000000,8919.7419500000,0.2250000000,0.3000000000,0.4500000000,2.5000000000,0.6000000000,103,111,101,113,103,111
1116,neighbor,False,STEM_STRESS_OR_INTERVAL_BOUND,999999999.0000000000,8919.7419500000,0.2250000000,0.4500000000,0.3000000000,3.5000000000,0.7000000000,101,111,101,110,103,113
1117,neighbor,False,MINIMUM_MAIN_STEEL,999999999.0000000000,8919.7419500000,0.2250000000,0.3500000000,0.3000000000,3.5000000000,1.0000000000,100,112,100,110,100,110
1118,neighbor,False,MINIMUM_MAIN_STEEL,999999999.0000000000,8919.7419500000,0.2250000000,0.5000000000,0.3000000000,3.5000000000,1.0000000000,100,110,101,113,104,112
1119,neighbor,False,ENVELOPE_BASE_CONTACT,999999999.0000000000,8919.7419500000,0.2250000000,0.3500000000,0.3000000000,2.5000000000,0.9000000000,101,110,102,110,102,113
1120,neighbor,False,STEM_STRESS_OR_INTERVAL_BOUND,999999999.0000000000,8919.7419500000,0.2000000000,0.4500000000,0.3000000000,3.0000000000,0.6000000000,101,111,101,110,104,111
1121,neighbor,False,ENVELOPE_BASE_CONTACT,999999999.0000000000,8919.7419500000,0.2750000000,0.3500000000,0.4000000000,2.5000000000,0.7000000000,103,111,103,112,101,110
1122,neighbor,False,MINIMUM_MAIN_STEEL,999999999.0000000000,8919.7419500000,0.2500000000,0.4500000000,0.5000000000,3.5000000000,0.6000000000,103,110,100,111,103,112
1123,neighbor,False,STEM_STRESS_OR_INTERVAL_BOUND,999999999.0000000000,8919.7419500000,0.2000000000,0.3500000000,0.3000000000,3.5000000000,0.8000000000,101,110,102,110,101,112
1124,neighbor,False,MAXIMUM_MAIN_STEEL,999999999.0000000000,8919.7419500000,0.2750000000,0.4500000000,0.4500000000,3.5000000000,0.8000000000,103,110,102,111,101,110
1125,neighbor,False,MINIMUM_MAIN_STEEL,999999999.0000000000,8919.7419500000,0.2500000000,0.5000000000,0.3500000000,3.5000000000,0.7000000000,100,111,100,110,101,112
1126,neighbor,False,MINIMUM_MAIN_STEEL,999999999.0000000000,8919.7419500000,0.2750000000,0.4000000000,0.4500000000,3.0000000000,0.6000000000,101,112,102,112,101,113
1127,neighbor,True,PASS_IMPLEMENTED_PROJECT_CHECKS,11079.1157800000,8919.7419500000,0.2000000000,0.5000000000,0.4500000000,3.0000000000,0.6000000000,102,111,101,110,104,111
1128,neighbor,False,ENVELOPE_BASE_CONTACT,999999999.0000000000,8919.7419500000,0.2000000000,0.4000000000,0.4500000000,2.5000000000,0.6000000000,103,110,103,111,100,110
1129,neighbor,False,MINIMUM_MAIN_STEEL,999999999.0000000000,8919.7419500000,0.2000000000,0.4000000000,0.4000000000,3.0000000000,0.9000000000,100,112,101,110,104,113
1130,neighbor,False,MINIMUM_MAIN_STEEL,999999999.0000000000,8919.7419500000,0.2250000000,0.3500000000,0.3000000000,3.0000000000,0.8000000000,100,110,100,110,100,112
1131,neighbor,False,MEMBER_FLEXURE,999999999.0000000000,8919.7419500000,0.2750000000,0.4000000000,0.3500000000,3.0000000000,0.6000000000,101,110,104,110,102,113
1132,neighbor,False,MINIMUM_MAIN_STEEL,999999999.0000000000,8919.7419500000,0.2500000000,0.3000000000,0.3000000000,3.0000000000,0.6000000000,103,112,103,110,100,112
1133,neighbor,False,STEM_STRESS_OR_INTERVAL_BOUND,999999999.0000000000,8919.7419500000,0.2000000000,0.3500000000,0.3000000000,3.5000000000,0.6000000000,100,110,104,110,104,111
1134,neighbor,False,STEM_STRESS_OR_INTERVAL_BOUND,999999999.0000000000,8919.7419500000,0.2500000000,0.3500000000,0.3000000000,3.0000000000,0.7000000000,101,112,102,110,100,110
1135,neighbor,False,MINIMUM_MAIN_STEEL,999999999.0000000000,8919.7419500000,0.2750000000,0.5000000000,0.3000000000,3.0000000000,0.8000000000,100,111,100,113,102,111
1136,neighbor,False,MINIMUM_MAIN_STEEL,999999999.0000000000,8919.7419500000,0.2000000000,0.5000000000,0.3000000000,3.5000000000,0.6000000000,102,110,100,110,100,112
1137,neighbor,False,MAXIMUM_MAIN_STEEL,999999999.0000000000,8919.7419500000,0.2750000000,0.3000000000,0.5000000000,3.5000000000,1.0000000000,103,110,103,110,103,113
1138,neighbor,False,MINIMUM_MAIN_STEEL,999999999.0000000000,8919.7419500000,0.2500000000,0.3500000000,0.3000000000,3.0000000000,0.9000000000,100,112,103,110,102,112
1139,neighbor,False,ENVELOPE_BASE_CONTACT,999999999.0000000000,8919.7419500000,0.2750000000,0.5000000000,0.3000000000,2.5000000000,0.9000000000,102,111,101,112,103,110
1140,neighbor,False,ENVELOPE_BASE_CONTACT,999999999.0000000000,8919.7419500000,0.2000000000,0.3500000000,0.3000000000,2.5000000000,0.7000000000,100,110,104,110,102,112
1141,neighbor,False,MINIMUM_MAIN_STEEL,999999999.0000000000,8919.7419500000,0.2750000000,0.4500000000,0.4500000000,3.5000000000,1.0000000000,101,110,104,110,100,113
1142,neighbor,False,MINIMUM_MAIN_STEEL,999999999.0000000000,8919.7419500000,0.2000000000,0.4000000000,0.4500000000,2.5000000000,0.8000000000,100,110,102,113,103,112
1143,neighbor,False,STEM_STRESS_OR_INTERVAL_BOUND,999999999.0000000000,8919.7419500000,0.2250000000,0.3000000000,0.3500000000,3.5000000000,0.8000000000,101,111,103,113,100,111
1144,neighbor,False,MINIMUM_MAIN_STEEL,999999999.0000000000,8919.7419500000,0.2500000000,0.5000000000,0.4500000000,3.0000000000,0.7000000000,101,110,100,111,100,112
1145,neighbor,False,MINIMUM_MAIN_STEEL,999999999.0000000000,8919.7419500000,0.2500000000,0.4000000000,0.3000000000,3.0000000000,1.0000000000,100,112,104,112,102,111
1146,neighbor,False,MINIMUM_MAIN_STEEL,999999999.0000000000,8919.7419500000,0.2000000000,0.3500000000,0.5500000000,2.5000000000,1.0000000000,101,112,100,113,103,110
1147,neighbor,False,MINIMUM_MAIN_STEEL,999999999.0000000000,8919.7419500000,0.2750000000,0.4000000000,0.3000000000,3.0000000000,0.7000000000,100,110,101,110,100,110
1148,neighbor,False,MAXIMUM_MAIN_STEEL,999999999.0000000000,8919.7419500000,0.2250000000,0.4500000000,0.5500000000,3.5000000000,0.9000000000,103,110,102,112,103,113
1149,neighbor,False,MINIMUM_MAIN_STEEL,999999999.0000000000,8919.7419500000,0.2000000000,0.5000000000,0.3000000000,2.5000000000,0.6000000000,101,111,100,112,100,111
1150,neighbor,False,MINIMUM_MAIN_STEEL,999999999.0000000000,8919.7419500000,0.2750000000,0.5000000000,0.3000000000,3.0000000000,0.6000000000,100,112,101,111,102,110
1151,neighbor,False,MINIMUM_MAIN_STEEL,999999999.0000000000,8919.7419500000,0.2500000000,0.4500000000,0.4000000000,3.0000000000,0.8000000000,100,111,101,113,101,113
1152,neighbor,False,ENVELOPE_BASE_CONTACT,999999999.0000000000,8919.7419500000,0.2000000000,0.3000000000,0.3500000000,2.5000000000,1.0000000000,102,112,101,110,104,111
1153,neighbor,True,PASS_IMPLEMENTED_PROJECT_CHECKS,10763.6617500000,8919.7419500000,0.2750000000,0.3000000000,0.3000000000,3.0000000000,0.7000000000,103,111,101,110,103,110
1154,neighbor,False,INVALID_GEOMETRY_OR_INPUT,999999999.0000000000,8919.7419500000,0.2500000000,0.5000000000,0.3000000000,2.5000000000,1.0000000000,102,110,102,113,103,112
1155,neighbor,False,MINIMUM_MAIN_STEEL,999999999.0000000000,8919.7419500000,0.2250000000,0.3000000000,0.3500000000,3.0000000000,0.6000000000,100,111,102,110,101,110
1156,neighbor,True,PASS_IMPLEMENTED_PROJECT_CHECKS,10423.5106800000,8919.7419500000,0.2500000000,0.4000000000,0.4000000000,3.0000000000,1.0000000000,102,110,102,111,100,110
1157,neighbor,False,MINIMUM_MAIN_STEEL,999999999.0000000000,8919.7419500000,0.2750000000,0.4500000000,0.3000000000,3.0000000000,0.7000000000,101,112,103,110,100,111
1158,neighbor,True,PASS_IMPLEMENTED_PROJECT_CHECKS,9889.4337500000,8919.7419500000,0.2250000000,0.4000000000,0.3000000000,3.5000000000,0.8000000000,101,110,102,113,103,111
1159,neighbor,False,STEM_STRESS_OR_INTERVAL_BOUND,999999999.0000000000,8919.7419500000,0.2750000000,0.3000000000,0.3000000000,3.0000000000,1.0000000000,101,110,104,113,101,112
1160,neighbor,False,MINIMUM_MAIN_STEEL,999999999.0000000000,8919.7419500000,0.2250000000,0.3000000000,0.4000000000,3.5000000000,0.9000000000,100,112,102,112,102,110
1161,neighbor,False,MAXIMUM_MAIN_STEEL,999999999.0000000000,8919.7419500000,0.2750000000,0.3500000000,0.5500000000,3.0000000000,0.8000000000,103,110,104,110,101,111
1162,neighbor,False,ENVELOPE_BASE_CONTACT,999999999.0000000000,8919.7419500000,0.2250000000,0.3000000000,0.5500000000,2.5000000000,0.8000000000,103,112,102,111,102,110
1163,neighbor,True,PASS_IMPLEMENTED_PROJECT_CHECKS,11436.4563900000,8919.7419500000,0.2750000000,0.3000000000,0.5000000000,3.0000000000,0.6000000000,102,110,104,112,102,110
1164,neighbor,False,MEMBER_FLEXURE,999999999.0000000000,8919.7419500000,0.2000000000,0.4500000000,0.3000000000,3.5000000000,1.0000000000,101,110,101,110,101,111
1165,neighbor,False,MINIMUM_MAIN_STEEL,999999999.0000000000,8919.7419500000,0.2750000000,0.4500000000,0.3000000000,3.5000000000,1.0000000000,103,110,100,112,103,110
1166,neighbor,False,MINIMUM_MAIN_STEEL,999999999.0000000000,8919.7419500000,0.2500000000,0.4500000000,0.3000000000,2.5000000000,0.8000000000,100,110,100,111,102,110
1167,neighbor,False,STEM_STRESS_OR_INTERVAL_BOUND,999999999.0000000000,8919.7419500000,0.2250000000,0.3000000000,0.3000000000,3.5000000000,1.0000000000,100,110,104,113,101,110
1168,neighbor,False,MINIMUM_MAIN_STEEL,999999999.0000000000,8919.7419500000,0.2000000000,0.5000000000,0.3500000000,2.5000000000,0.9000000000,100,110,103,113,104,111
1169,neighbor,False,MINIMUM_MAIN_STEEL,999999999.0000000000,8919.7419500000,0.2000000000,0.4000000000,0.3000000000,3.5000000000,0.9000000000,100,110,101,113,101,110
1170,neighbor,False,MAXIMUM_MAIN_STEEL,999999999.0000000000,8919.7419500000,0.2250000000,0.3500000000,0.3000000000,3.5000000000,1.0000000000,103,110,101,111,103,112
1171,neighbor,False,MINIMUM_MAIN_STEEL,999999999.0000000000,8919.7419500000,0.2500000000,0.3500000000,0.3000000000,3.0000000000,1.0000000000,103,110,100,112,100,113
1172,neighbor,False,MINIMUM_MAIN_STEEL,999999999.0000000000,8919.7419500000,0.2000000000,0.5000000000,0.3000000000,3.0000000000,0.9000000000,100,110,103,110,100,112
1173,neighbor,False,MINIMUM_MAIN_STEEL,999999999.0000000000,8919.7419500000,0.2500000000,0.4500000000,0.5000000000,3.0000000000,0.8000000000,101,112,101,111,102,112
1174,neighbor,False,STEM_STRESS_OR_INTERVAL_BOUND,999999999.0000000000,8919.7419500000,0.2250000000,0.3000000000,0.3000000000,3.0000000000,0.7000000000,100,110,104,110,101,110
1175,neighbor,False,MINIMUM_MAIN_STEEL,999999999.0000000000,8919.7419500000,0.2500000000,0.3500000000,0.5500000000,2.5000000000,0.8000000000,102,110,102,112,100,112
1176,neighbor,False,ENVELOPE_BASE_CONTACT,999999999.0000000000,8919.7419500000,0.2000000000,0.3500000000,0.3000000000,2.5000000000,1.0000000000,103,112,101,113,104,110
1177,neighbor,False,ENVELOPE_BASE_CONTACT,999999999.0000000000,8919.7419500000,0.2500000000,0.4000000000,0.3000000000,2.5000000000,1.0000000000,103,111,102,112,100,110
1178,neighbor,True,PASS_IMPLEMENTED_PROJECT_CHECKS,10702.9153900000,8919.7419500000,0.2250000000,0.5000000000,0.3000000000,3.0000000000,0.9000000000,102,110,101,111,103,111
1179,neighbor,False,MINIMUM_MAIN_STEEL,999999999.0000000000,8919.7419500000,0.2750000000,0.5000000000,0.3000000000,3.5000000000,0.8000000000,100,110,100,111,104,110
1180,neighbor,False,ENVELOPE_BASE_CONTACT,999999999.0000000000,8919.7419500000,0.2000000000,0.3000000000,0.3000000000,2.5000000000,0.9000000000,101,110,104,111,104,110
1181,neighbor,False,ENVELOPE_BASE_CONTACT,999999999.0000000000,8919.7419500000,0.2750000000,0.4500000000,0.3000000000,2.5000000000,0.9000000000,103,110,104,112,103,112
1182,neighbor,False,MAXIMUM_MAIN_STEEL,999999999.0000000000,8919.7419500000,0.2500000000,0.5000000000,0.3000000000,3.5000000000,0.9000000000,102,111,102,112,104,110
1183,neighbor,False,MINIMUM_MAIN_STEEL,999999999.0000000000,8919.7419500000,0.2000000000,0.5000000000,0.4500000000,2.5000000000,0.6000000000,100,110,101,113,102,110
1184,neighbor,False,ENVELOPE_BASE_CONTACT,999999999.0000000000,8919.7419500000,0.2000000000,0.3000000000,0.4500000000,2.5000000000,1.0000000000,103,112,103,111,101,112
1185,neighbor,False,STEM_STRESS_OR_INTERVAL_BOUND,999999999.0000000000,8919.7419500000,0.2000000000,0.3000000000,0.5500000000,3.0000000000,0.9000000000,103,112,101,111,104,113
1186,neighbor,False,MINIMUM_MAIN_STEEL,999999999.0000000000,8919.7419500000,0.2750000000,0.4000000000,0.3000000000,3.0000000000,0.9000000000,100,110,101,111,102,110
1187,neighbor,False,STEM_STRESS_OR_INTERVAL_BOUND,999999999.0000000000,8919.7419500000,0.2250000000,0.3000000000,0.3000000000,3.0000000000,0.7000000000,100,110,101,110,104,110
1188,neighbor,False,ENVELOPE_BASE_CONTACT,999999999.0000000000,8919.7419500000,0.2750000000,0.3500000000,0.3000000000,2.5000000000,0.6000000000,103,110,104,110,103,110
1189,neighbor,False,MINIMUM_MAIN_STEEL,999999999.0000000000,8919.7419500000,0.2750000000,0.4500000000,0.4500000000,3.0000000000,1.0000000000,100,110,102,110,103,110
1190,neighbor,False,ENVELOPE_BASE_CONTACT,999999999.0000000000,8919.7419500000,0.2750000000,0.4000000000,0.4000000000,2.5000000000,0.7000000000,102,110,104,110,103,112
1191,neighbor,False,MINIMUM_MAIN_STEEL,999999999.0000000000,8919.7419500000,0.2500000000,0.4500000000,0.3000000000,3.5000000000,0.6000000000,100,110,104,110,103,111
1192,neighbor,False,STEM_STRESS_OR_INTERVAL_BOUND,999999999.0000000000,8919.7419500000,0.2000000000,0.4500000000,0.3000000000,3.0000000000,1.0000000000,101,111,103,112,101,110
1193,neighbor,True,PASS_IMPLEMENTED_PROJECT_CHECKS,11568.4435550000,8919.7419500000,0.2750000000,0.5000000000,0.3500000000,3.5000000000,1.0000000000,102,111,101,110,104,111
1194,neighbor,False,ENVELOPE_BASE_CONTACT,999999999.0000000000,8919.7419500000,0.2750000000,0.3500000000,0.5000000000,2.5000000000,0.7000000000,101,112,103,110,104,113
1195,neighbor,False,MINIMUM_MAIN_STEEL,999999999.0000000000,8919.7419500000,0.2000000000,0.4000000000,0.3000000000,2.5000000000,0.9000000000,100,110,100,110,104,111
1196,neighbor,False,MINIMUM_MAIN_STEEL,999999999.0000000000,8919.7419500000,0.2250000000,0.5000000000,0.4000000000,3.0000000000,0.7000000000,100,111,103,110,104,112
1197,neighbor,False,MINIMUM_MAIN_STEEL,999999999.0000000000,8919.7419500000,0.2750000000,0.3000000000,0.5000000000,3.5000000000,0.8000000000,100,111,102,111,103,112
1198,neighbor,False,MINIMUM_MAIN_STEEL,999999999.0000000000,8919.7419500000,0.2500000000,0.4500000000,0.4000000000,3.5000000000,0.7000000000,100,112,104,112,102,112
1199,neighbor,False,MINIMUM_MAIN_STEEL,999999999.0000000000,8919.7419500000,0.2250000000,0.4500000000,0.4000000000,3.5000000000,0.9000000000,100,110,101,110,100,110
1200,neighbor,False,MINIMUM_MAIN_STEEL,999999999.0000000000,8919.7419500000,0.2250000000,0.5000000000,0.5500000000,3.5000000000,0.6000000000,100,110,104,113,102,111
1201,neighbor,False,MEMBER_FLEXURE,999999999.0000000000,8919.7419500000,0.2250000000,0.4000000000,0.3000000000,3.0000000000,0.8000000000,101,110,101,110,100,110
1202,neighbor,False,MINIMUM_MAIN_STEEL,999999999.0000000000,8919.7419500000,0.2250000000,0.4500000000,0.5000000000,2.5000000000,0.9000000000,100,110,101,112,101,112
1203,neighbor,False,ENVELOPE_BASE_CONTACT,999999999.0000000000,8919.7419500000,0.2000000000,0.3000000000,0.3000000000,2.5000000000,0.9000000000,103,110,103,112,101,110
1204,neighbor,False,STEM_STRESS_OR_INTERVAL_BOUND,999999999.0000000000,8919.7419500000,0.2000000000,0.3000000000,0.4000000000,3.0000000000,0.8000000000,101,111,101,113,100,110
1205,neighbor,False,STEM_STRESS_OR_INTERVAL_BOUND,999999999.0000000000,8919.7419500000,0.2000000000,0.3500000000,0.5500000000,3.0000000000,0.8000000000,101,111,102,111,101,110
1206,neighbor,False,MINIMUM_MAIN_STEEL,999999999.0000000000,8919.7419500000,0.2750000000,0.4500000000,0.3000000000,3.0000000000,1.0000000000,101,110,100,112,101,110
1207,neighbor,False,MINIMUM_MAIN_STEEL,999999999.0000000000,8919.7419500000,0.2750000000,0.5000000000,0.3000000000,3.5000000000,0.7000000000,100,112,101,113,101,111
1208,neighbor,False,MAXIMUM_MAIN_STEEL,999999999.0000000000,8919.7419500000,0.2000000000,0.4000000000,0.3000000000,3.0000000000,0.9000000000,103,112,102,112,104,110
1209,neighbor,False,ENVELOPE_BASE_CONTACT,999999999.0000000000,8919.7419500000,0.2750000000,0.4000000000,0.3000000000,2.5000000000,0.8000000000,101,110,103,112,104,110
1210,neighbor,False,STEM_STRESS_OR_INTERVAL_BOUND,999999999.0000000000,8919.7419500000,0.2750000000,0.3000000000,0.3000000000,3.0000000000,0.6000000000,100,110,104,110,104,112
1211,neighbor,False,MINIMUM_MAIN_STEEL,999999999.0000000000,8919.7419500000,0.2000000000,0.4000000000,0.3000000000,3.5000000000,0.6000000000,100,111,102,111,102,110
1212,neighbor,True,PASS_IMPLEMENTED_PROJECT_CHECKS,10036.3962000000,8919.7419500000,0.2500000000,0.3500000000,0.3000000000,3.0000000000,0.7000000000,102,110,101,113,103,111
1213,neighbor,False,STEM_STRESS_OR_INTERVAL_BOUND,999999999.0000000000,8919.7419500000,0.2750000000,0.3000000000,0.4500000000,3.0000000000,0.7000000000,100,110,104,112,103,110
1214,neighbor,False,MINIMUM_MAIN_STEEL,999999999.0000000000,8919.7419500000,0.2000000000,0.4000000000,0.5500000000,3.5000000000,1.0000000000,103,110,101,110,100,111
1215,neighbor,False,MAXIMUM_MAIN_STEEL,999999999.0000000000,8919.7419500000,0.2000000000,0.5000000000,0.5500000000,3.0000000000,1.0000000000,103,110,101,110,101,111
1216,neighbor,False,ENVELOPE_BASE_CONTACT,999999999.0000000000,8919.7419500000,0.2750000000,0.3500000000,0.3000000000,2.5000000000,0.6000000000,102,111,103,111,102,113
1217,neighbor,False,MINIMUM_MAIN_STEEL,999999999.0000000000,8919.7419500000,0.2000000000,0.3500000000,0.3000000000,2.5000000000,0.9000000000,103,111,103,110,100,112
1218,neighbor,False,MINIMUM_MAIN_STEEL,999999999.0000000000,8919.7419500000,0.2250000000,0.3500000000,0.4500000000,3.5000000000,0.8000000000,100,112,102,112,101,110
1219,neighbor,False,MINIMUM_MAIN_STEEL,999999999.0000000000,8919.7419500000,0.2000000000,0.3000000000,0.3500000000,3.5000000000,0.8000000000,102,110,102,110,100,113
1220,neighbor,False,MINIMUM_MAIN_STEEL,999999999.0000000000,8919.7419500000,0.2250000000,0.3500000000,0.4000000000,2.5000000000,0.9000000000,102,112,102,111,100,111
1221,neighbor,False,ENVELOPE_BASE_CONTACT,999999999.0000000000,8919.7419500000,0.2500000000,0.3500000000,0.3500000000,2.5000000000,0.8000000000,102,110,103,111,103,110
1222,neighbor,False,MINIMUM_MAIN_STEEL,999999999.0000000000,8919.7419500000,0.2500000000,0.4000000000,0.5000000000,2.5000000000,0.8000000000,100,110,102,110,104,112
1223,neighbor,False,ENVELOPE_BASE_CONTACT,999999999.0000000000,8919.7419500000,0.2750000000,0.4500000000,0.3000000000,2.5000000000,0.8000000000,102,110,100,110,101,110
1224,neighbor,False,STEM_STRESS_OR_INTERVAL_BOUND,999999999.0000000000,8919.7419500000,0.2250000000,0.3000000000,0.4500000000,3.0000000000,0.6000000000,102,111,101,112,100,110
1225,neighbor,False,STEM_STRESS_OR_INTERVAL_BOUND,999999999.0000000000,8919.7419500000,0.2750000000,0.4500000000,0.4000000000,3.5000000000,1.0000000000,101,111,103,110,100,110
1226,neighbor,False,MINIMUM_MAIN_STEEL,999999999.0000000000,8919.7419500000,0.2000000000,0.4500000000,0.3000000000,2.5000000000,0.7000000000,100,110,104,112,102,110
1227,neighbor,False,ENVELOPE_BASE_CONTACT,999999999.0000000000,8919.7419500000,0.2000000000,0.3500000000,0.3000000000,2.5000000000,0.6000000000,102,110,100,111,102,112
1228,neighbor,False,ENVELOPE_BASE_CONTACT,999999999.0000000000,8919.7419500000,0.2500000000,0.5000000000,0.3000000000,2.5000000000,0.8000000000,101,110,100,111,101,113
1229,neighbor,False,ENVELOPE_BASE_CONTACT,999999999.0000000000,8919.7419500000,0.2250000000,0.3500000000,0.4000000000,2.5000000000,0.8000000000,101,112,103,112,104,110
1230,neighbor,False,MINIMUM_MAIN_STEEL,999999999.0000000000,8919.7419500000,0.2000000000,0.5000000000,0.4000000000,3.5000000000,0.8000000000,100,110,100,110,101,111
1231,neighbor,True,PASS_IMPLEMENTED_PROJECT_CHECKS,13091.0996950000,8919.7419500000,0.2750000000,0.5000000000,0.5500000000,3.0000000000,0.9000000000,102,110,102,110,104,111
1232,neighbor,False,STEM_STRESS_OR_INTERVAL_BOUND,999999999.0000000000,8919.7419500000,0.2250000000,0.3500000000,0.3000000000,3.5000000000,1.0000000000,102,111,102,110,103,110
1233,neighbor,False,MINIMUM_MAIN_STEEL,999999999.0000000000,8919.7419500000,0.2000000000,0.5000000000,0.5000000000,2.5000000000,0.6000000000,100,111,101,113,104,110
1234,neighbor,False,MINIMUM_MAIN_STEEL,999999999.0000000000,8919.7419500000,0.2500000000,0.3500000000,0.3500000000,3.5000000000,1.0000000000,100,110,100,112,101,111
1235,neighbor,True,PASS_IMPLEMENTED_PROJECT_CHECKS,11468.5300500000,8919.7419500000,0.2250000000,0.5000000000,0.5000000000,3.0000000000,0.8000000000,102,110,102,113,102,112
1236,neighbor,False,MINIMUM_MAIN_STEEL,999999999.0000000000,8919.7419500000,0.2000000000,0.3000000000,0.3000000000,3.5000000000,0.6000000000,100,112,101,112,103,112
1237,neighbor,False,MAXIMUM_MAIN_STEEL,999999999.0000000000,8919.7419500000,0.2000000000,0.3500000000,0.5500000000,3.0000000000,0.7000000000,102,110,103,110,104,111
1238,neighbor,False,MINIMUM_MAIN_STEEL,999999999.0000000000,8919.7419500000,0.2000000000,0.4500000000,0.3000000000,2.5000000000,1.0000000000,103,110,100,112,101,111
1239,neighbor,False,MINIMUM_MAIN_STEEL,999999999.0000000000,8919.7419500000,0.2250000000,0.4000000000,0.3000000000,2.5000000000,0.9000000000,100,111,104,113,102,110
1240,neighbor,False,STEM_STRESS_OR_INTERVAL_BOUND,999999999.0000000000,8919.7419500000,0.2500000000,0.3500000000,0.3000000000,3.5000000000,0.7000000000,101,112,103,111,104,110
1241,neighbor,False,MAXIMUM_MAIN_STEEL,999999999.0000000000,8919.7419500000,0.2000000000,0.3500000000,0.4000000000,3.0000000000,0.9000000000,103,111,102,110,103,110
1242,neighbor,False,MINIMUM_MAIN_STEEL,999999999.0000000000,8919.7419500000,0.2000000000,0.5000000000,0.3000000000,3.0000000000,0.9000000000,100,110,101,113,100,113
1243,neighbor,False,MINIMUM_MAIN_STEEL,999999999.0000000000,8919.7419500000,0.2750000000,0.5000000000,0.5500000000,3.0000000000,0.6000000000,100,110,100,110,101,111
1244,neighbor,False,MAXIMUM_MAIN_STEEL,999999999.0000000000,8919.7419500000,0.2000000000,0.4000000000,0.5000000000,3.5000000000,0.9000000000,102,110,100,110,101,110
1245,neighbor,False,MINIMUM_MAIN_STEEL,999999999.0000000000,8919.7419500000,0.2250000000,0.5000000000,0.3000000000,3.0000000000,0.7000000000,100,110,103,110,101,111
1246,neighbor,False,STEM_STRESS_OR_INTERVAL_BOUND,999999999.0000000000,8919.7419500000,0.2000000000,0.3000000000,0.4500000000,3.0000000000,1.0000000000,101,112,100,110,102,110
1247,neighbor,False,STEM_STRESS_OR_INTERVAL_BOUND,999999999.0000000000,8919.7419500000,0.2500000000,0.3500000000,0.3000000000,3.5000000000,0.9000000000,101,110,103,112,102,110
1248,neighbor,False,MINIMUM_MAIN_STEEL,999999999.0000000000,8919.7419500000,0.2750000000,0.4000000000,0.4500000000,3.5000000000,1.0000000000,100,110,102,110,104,111
1249,neighbor,False,MINIMUM_MAIN_STEEL,999999999.0000000000,8919.7419500000,0.2500000000,0.5000000000,0.3500000000,2.5000000000,0.7000000000,100,110,101,113,103,112
1250,neighbor,False,STEM_STRESS_OR_INTERVAL_BOUND,999999999.0000000000,8919.7419500000,0.2000000000,0.4000000000,0.3000000000,3.5000000000,1.0000000000,101,111,103,110,101,110
1251,neighbor,False,ENVELOPE_BASE_CONTACT,999999999.0000000000,8919.7419500000,0.2000000000,0.3500000000,0.3000000000,2.5000000000,1.0000000000,103,110,100,110,104,111
1252,neighbor,False,MAXIMUM_MAIN_STEEL,999999999.0000000000,8919.7419500000,0.2000000000,0.5000000000,0.4500000000,3.5000000000,0.7000000000,102,110,104,112,104,110
1253,neighbor,False,ENVELOPE_BASE_CONTACT,999999999.0000000000,8919.7419500000,0.2500000000,0.4500000000,0.3500000000,2.5000000000,0.8000000000,102,111,101,110,100,110
1254,neighbor,False,MINIMUM_MAIN_STEEL,999999999.0000000000,8919.7419500000,0.2750000000,0.3500000000,0.5000000000,3.0000000000,0.9000000000,103,110,100,112,103,113
1255,neighbor,False,MINIMUM_MAIN_STEEL,999999999.0000000000,8919.7419500000,0.2000000000,0.5000000000,0.4500000000,3.5000000000,0.8000000000,102,110,100,110,100,112
1256,neighbor,False,MINIMUM_MAIN_STEEL,999999999.0000000000,8919.7419500000,0.2750000000,0.3000000000,0.5000000000,3.5000000000,0.9000000000,103,112,102,113,100,113
1257,neighbor,False,MINIMUM_MAIN_STEEL,999999999.0000000000,8919.7419500000,0.2250000000,0.4500000000,0.4000000000,2.5000000000,0.8000000000,102,110,103,112,100,113
1258,neighbor,False,MAXIMUM_MAIN_STEEL,999999999.0000000000,8919.7419500000,0.2000000000,0.3000000000,0.3000000000,3.0000000000,1.0000000000,103,111,102,110,101,112
1259,neighbor,False,STEM_STRESS_OR_INTERVAL_BOUND,999999999.0000000000,8919.7419500000,0.2500000000,0.3500000000,0.3000000000,3.0000000000,0.9000000000,100,110,102,110,102,111
1260,neighbor,True,PASS_IMPLEMENTED_PROJECT_CHECKS,11576.5727500000,8919.7419500000,0.2500000000,0.3000000000,0.4500000000,3.0000000000,0.8000000000,102,110,102,110,103,110
1261,neighbor,False,STEM_STRESS_OR_INTERVAL_BOUND,999999999.0000000000,8919.7419500000,0.2000000000,0.4500000000,0.3000000000,3.5000000000,0.6000000000,101,111,104,111,104,113
1262,neighbor,False,MINIMUM_MAIN_STEEL,999999999.0000000000,8919.7419500000,0.2000000000,0.5000000000,0.3000000000,3.0000000000,0.6000000000,100,111,102,112,102,110
1263,neighbor,False,ENVELOPE_BASE_CONTACT,999999999.0000000000,8919.7419500000,0.2500000000,0.5000000000,0.3000000000,2.5000000000,0.8000000000,102,110,104,110,103,110
1264,neighbor,False,MINIMUM_MAIN_STEEL,999999999.0000000000,8919.7419500000,0.2750000000,0.5000000000,0.3000000000,3.0000000000,0.8000000000,101,110,100,111,100,112
1265,neighbor,False,MINIMUM_MAIN_STEEL,999999999.0000000000,8919.7419500000,0.2750000000,0.3000000000,0.3500000000,3.0000000000,0.9000000000,102,110,102,113,100,112
1266,neighbor,False,MINIMUM_MAIN_STEEL,999999999.0000000000,8919.7419500000,0.2000000000,0.3000000000,0.3000000000,2.5000000000,0.6000000000,102,110,100,112,100,112
1267,neighbor,False,MINIMUM_MAIN_STEEL,999999999.0000000000,8919.7419500000,0.2250000000,0.4000000000,0.5500000000,3.5000000000,0.9000000000,100,111,102,110,100,113
1268,neighbor,False,MINIMUM_MAIN_STEEL,999999999.0000000000,8919.7419500000,0.2250000000,0.5000000000,0.3000000000,2.5000000000,0.7000000000,100,110,101,110,101,111
1269,neighbor,False,ENVELOPE_BASE_CONTACT,999999999.0000000000,8919.7419500000,0.2500000000,0.3000000000,0.3500000000,2.5000000000,0.7000000000,100,110,103,113,104,110
1270,neighbor,False,ENVELOPE_BASE_CONTACT,999999999.0000000000,8919.7419500000,0.2000000000,0.4500000000,0.3500000000,2.5000000000,0.7000000000,102,110,101,111,103,112
1271,neighbor,False,STEM_STRESS_OR_INTERVAL_BOUND,999999999.0000000000,8919.7419500000,0.2000000000,0.3000000000,0.3000000000,3.0000000000,0.6000000000,100,110,104,113,104,113
1272,neighbor,True,PASS_IMPLEMENTED_PROJECT_CHECKS,10419.1940800000,8919.7419500000,0.2000000000,0.4000000000,0.5000000000,3.5000000000,0.8000000000,101,110,100,110,100,110
1273,neighbor,False,STEM_STRESS_OR_INTERVAL_BOUND,999999999.0000000000,8919.7419500000,0.2000000000,0.3000000000,0.3000000000,3.0000000000,0.7000000000,102,111,103,110,103,111
1274,neighbor,False,MINIMUM_MAIN_STEEL,999999999.0000000000,8919.7419500000,0.2000000000,0.4000000000,0.3000000000,3.5000000000,0.9000000000,100,112,104,111,102,111
1275,neighbor,False,STEM_STRESS_OR_INTERVAL_BOUND,999999999.0000000000,8919.7419500000,0.2250000000,0.3000000000,0.4000000000,3.0000000000,0.9000000000,100,110,102,111,104,113
1276,neighbor,False,MINIMUM_MAIN_STEEL,999999999.0000000000,8919.7419500000,0.2500000000,0.5000000000,0.4500000000,3.5000000000,0.6000000000,100,110,104,110,100,111
1277,neighbor,False,STEM_STRESS_OR_INTERVAL_BOUND,999999999.0000000000,8919.7419500000,0.2500000000,0.3500000000,0.4500000000,3.5000000000,0.7000000000,100,110,102,111,104,112
1278,neighbor,False,MINIMUM_MAIN_STEEL,999999999.0000000000,8919.7419500000,0.2750000000,0.3000000000,0.5500000000,3.0000000000,0.6000000000,100,111,100,111,102,110
1279,neighbor,False,MINIMUM_MAIN_STEEL,999999999.0000000000,8919.7419500000,0.2250000000,0.3500000000,0.3000000000,2.5000000000,0.6000000000,100,111,104,110,101,110
1280,neighbor,False,MINIMUM_MAIN_STEEL,999999999.0000000000,8919.7419500000,0.2000000000,0.3500000000,0.3500000000,3.0000000000,0.9000000000,103,112,100,110,100,113
1281,neighbor,False,MAXIMUM_MAIN_STEEL,999999999.0000000000,8919.7419500000,0.2000000000,0.3500000000,0.3000000000,3.5000000000,0.6000000000,103,110,102,110,104,111
1282,neighbor,False,MINIMUM_MAIN_STEEL,999999999.0000000000,8919.7419500000,0.2250000000,0.5000000000,0.3000000000,3.0000000000,1.0000000000,100,111,101,110,101,110
1283,neighbor,False,MAXIMUM_MAIN_STEEL,999999999.0000000000,8919.7419500000,0.2750000000,0.3500000000,0.3000000000,3.5000000000,0.9000000000,103,110,103,112,104,111
1284,neighbor,False,MAXIMUM_MAIN_STEEL,999999999.0000000000,8919.7419500000,0.2000000000,0.5000000000,0.3000000000,3.0000000000,0.7000000000,103,110,103,110,101,113
1285,neighbor,True,PASS_IMPLEMENTED_PROJECT_CHECKS,12531.7128950000,8919.7419500000,0.2750000000,0.4500000000,0.4500000000,3.5000000000,0.8000000000,102,110,100,110,102,110
1286,neighbor,True,PASS_IMPLEMENTED_PROJECT_CHECKS,12040.2937100000,8919.7419500000,0.2500000000,0.3500000000,0.5000000000,3.5000000000,1.0000000000,103,112,102,112,104,111
1287,neighbor,False,STEM_STRESS_OR_INTERVAL_BOUND,999999999.0000000000,8919.7419500000,0.2750000000,0.3500000000,0.4000000000,3.0000000000,0.7000000000,100,110,104,111,104,110
1288,neighbor,False,STEM_STRESS_OR_INTERVAL_BOUND,999999999.0000000000,8919.7419500000,0.2500000000,0.3000000000,0.3000000000,3.0000000000,0.9000000000,100,110,102,110,100,110
1289,neighbor,False,MINIMUM_MAIN_STEEL,999999999.0000000000,8919.7419500000,0.2750000000,0.5000000000,0.5500000000,2.5000000000,0.8000000000,100,110,103,110,104,113
1290,neighbor,False,STEM_STRESS_OR_INTERVAL_BOUND,999999999.0000000000,8919.7419500000,0.2750000000,0.4500000000,0.3000000000,3.0000000000,0.8000000000,101,111,104,113,101,110
1291,neighbor,False,MINIMUM_MAIN_STEEL,999999999.0000000000,8919.7419500000,0.2750000000,0.4000000000,0.4000000000,2.5000000000,0.8000000000,100,112,101,112,102,112
1292,neighbor,False,ENVELOPE_BASE_CONTACT,999999999.0000000000,8919.7419500000,0.2750000000,0.4500000000,0.3000000000,2.5000000000,0.7000000000,103,111,104,110,101,111
1293,neighbor,False,ENVELOPE_BASE_CONTACT,999999999.0000000000,8919.7419500000,0.2750000000,0.3000000000,0.3500000000,2.5000000000,1.0000000000,103,110,104,112,102,110
1294,neighbor,False,INVALID_GEOMETRY_OR_INPUT,999999999.0000000000,8919.7419500000,0.2500000000,0.5000000000,0.3000000000,2.5000000000,1.0000000000,101,110,103,112,104,110
1295,neighbor,False,MINIMUM_MAIN_STEEL,999999999.0000000000,8919.7419500000,0.2500000000,0.3500000000,0.5500000000,3.5000000000,1.0000000000,101,111,101,112,101,110
1296,neighbor,False,MINIMUM_MAIN_STEEL,999999999.0000000000,8919.7419500000,0.2250000000,0.4500000000,0.3000000000,2.5000000000,0.8000000000,100,110,102,110,104,113
1297,neighbor,False,ENVELOPE_BASE_CONTACT,999999999.0000000000,8919.7419500000,0.2000000000,0.3000000000,0.5000000000,2.5000000000,0.7000000000,103,112,101,112,104,110
1298,neighbor,True,PASS_IMPLEMENTED_PROJECT_CHECKS,12630.8093750000,8919.7419500000,0.2250000000,0.3500000000,0.5500000000,3.5000000000,0.7000000000,102,110,102,111,102,110
1299,neighbor,True,PASS_IMPLEMENTED_PROJECT_CHECKS,9726.3771500000,8919.7419500000,0.2250000000,0.5000000000,0.3000000000,3.0000000000,0.7000000000,101,110,101,113,103,111
1300,neighbor,False,ENVELOPE_BASE_CONTACT,999999999.0000000000,8919.7419500000,0.2000000000,0.3500000000,0.3000000000,2.5000000000,0.8000000000,100,110,100,110,100,111
1301,neighbor,False,ENVELOPE_BASE_CONTACT,999999999.0000000000,8919.7419500000,0.2500000000,0.4500000000,0.4000000000,2.5000000000,1.0000000000,101,111,101,111,102,113
1302,neighbor,False,ENVELOPE_BASE_CONTACT,999999999.0000000000,8919.7419500000,0.2750000000,0.5000000000,0.3000000000,2.5000000000,0.8000000000,103,110,104,112,101,112
1303,neighbor,False,ENVELOPE_BASE_CONTACT,999999999.0000000000,8919.7419500000,0.2000000000,0.3500000000,0.4000000000,2.5000000000,0.7000000000,100,110,100,110,102,112
1304,neighbor,False,ENVELOPE_BASE_CONTACT,999999999.0000000000,8919.7419500000,0.2750000000,0.4500000000,0.4000000000,2.5000000000,0.8000000000,103,111,103,110,100,110
1305,neighbor,True,PASS_IMPLEMENTED_PROJECT_CHECKS,10153.4105000000,8919.7419500000,0.2000000000,0.5000000000,0.3000000000,3.0000000000,0.9000000000,102,111,103,110,102,110
1306,neighbor,False,MAXIMUM_MAIN_STEEL,999999999.0000000000,8919.7419500000,0.2250000000,0.4500000000,0.3000000000,3.0000000000,0.9000000000,103,110,103,110,102,110
1307,neighbor,False,ENVELOPE_BASE_CONTACT,999999999.0000000000,8919.7419500000,0.2750000000,0.5000000000,0.3000000000,2.5000000000,0.7000000000,103,112,103,110,103,113
1308,neighbor,False,ENVELOPE_BASE_CONTACT,999999999.0000000000,8919.7419500000,0.2000000000,0.5000000000,0.3000000000,2.5000000000,0.7000000000,103,110,102,111,103,110
1309,neighbor,False,MINIMUM_MAIN_STEEL,999999999.0000000000,8919.7419500000,0.2000000000,0.3500000000,0.4500000000,2.5000000000,1.0000000000,100,112,100,110,103,110
1310,neighbor,False,INVALID_GEOMETRY_OR_INPUT,999999999.0000000000,8919.7419500000,0.2000000000,0.5000000000,0.4000000000,2.5000000000,1.0000000000,100,110,104,110,100,110
1311,neighbor,False,STEM_STRESS_OR_INTERVAL_BOUND,999999999.0000000000,8919.7419500000,0.2500000000,0.3500000000,0.3000000000,3.0000000000,0.6000000000,100,110,104,111,102,113
1312,neighbor,False,STEM_STRESS_OR_INTERVAL_BOUND,999999999.0000000000,8919.7419500000,0.2750000000,0.3500000000,0.3000000000,3.0000000000,0.8000000000,100,110,103,110,104,112
1313,neighbor,False,MAXIMUM_MAIN_STEEL,999999999.0000000000,8919.7419500000,0.2000000000,0.5000000000,0.3000000000,3.5000000000,0.7000000000,101,110,102,112,104,110
1314,neighbor,False,MINIMUM_MAIN_STEEL,999999999.0000000000,8919.7419500000,0.2000000000,0.4000000000,0.3000000000,2.5000000000,0.7000000000,100,110,101,110,102,110
1315,neighbor,False,MAXIMUM_MAIN_STEEL,999999999.0000000000,8919.7419500000,0.2000000000,0.5000000000,0.3000000000,3.5000000000,1.0000000000,102,110,104,111,103,112
1316,neighbor,False,MAXIMUM_MAIN_STEEL,999999999.0000000000,8919.7419500000,0.2750000000,0.5000000000,0.5000000000,3.0000000000,0.8000000000,103,110,101,110,104,113
1317,neighbor,False,MINIMUM_MAIN_STEEL,999999999.0000000000,8919.7419500000,0.2500000000,0.4000000000,0.5000000000,3.5000000000,1.0000000000,103,110,100,113,102,111
1318,neighbor,True,PASS_IMPLEMENTED_PROJECT_CHECKS,10405.7220400000,8919.7419500000,0.2750000000,0.5000000000,0.3000000000,3.0000000000,1.0000000000,101,110,103,112,104,111
1319,neighbor,True,PASS_IMPLEMENTED_PROJECT_CHECKS,11221.9387500000,8919.7419500000,0.2750000000,0.4000000000,0.3000000000,3.0000000000,0.6000000000,102,110,103,113,103,110
1320,neighbor,False,STEM_STRESS_OR_INTERVAL_BOUND,999999999.0000000000,8919.7419500000,0.2000000000,0.3000000000,0.3500000000,3.0000000000,0.8000000000,101,112,101,110,103,112
1321,neighbor,False,MINIMUM_MAIN_STEEL,999999999.0000000000,8919.7419500000,0.2750000000,0.4000000000,0.4500000000,2.5000000000,0.7000000000,103,111,101,112,100,112
1322,neighbor,False,MAXIMUM_MAIN_STEEL,999999999.0000000000,8919.7419500000,0.2250000000,0.3500000000,0.3000000000,3.5000000000,0.6000000000,103,110,101,110,103,113
1323,neighbor,False,MINIMUM_MAIN_STEEL,999999999.0000000000,8919.7419500000,0.2000000000,0.5000000000,0.5000000000,3.0000000000,0.9000000000,102,111,100,110,100,112
1324,neighbor,False,ENVELOPE_BASE_CONTACT,999999999.0000000000,8919.7419500000,0.2750000000,0.4500000000,0.4000000000,2.5000000000,0.7000000000,103,110,104,110,104,112
1325,neighbor,False,MINIMUM_MAIN_STEEL,999999999.0000000000,8919.7419500000,0.2000000000,0.5000000000,0.3000000000,3.0000000000,0.8000000000,101,111,104,112,101,112
1326,neighbor,False,MINIMUM_MAIN_STEEL,999999999.0000000000,8919.7419500000,0.2500000000,0.4500000000,0.5000000000,2.5000000000,0.8000000000,100,110,103,111,104,113
1327,neighbor,False,ENVELOPE_BASE_CONTACT,999999999.0000000000,8919.7419500000,0.2000000000,0.4000000000,0.5000000000,2.5000000000,0.9000000000,102,111,102,110,104,112
1328,neighbor,False,STEM_STRESS_OR_INTERVAL_BOUND,999999999.0000000000,8919.7419500000,0.2000000000,0.3500000000,0.5000000000,3.0000000000,0.9000000000,100,110,104,112,103,110
1329,neighbor,False,STEM_STRESS_OR_INTERVAL_BOUND,999999999.0000000000,8919.7419500000,0.2500000000,0.3000000000,0.5000000000,3.5000000000,0.9000000000,100,110,103,110,103,112
1330,neighbor,False,ENVELOPE_BASE_CONTACT,999999999.0000000000,8919.7419500000,0.2000000000,0.4500000000,0.5500000000,2.5000000000,0.7000000000,103,110,103,110,102,110
1331,neighbor,False,MINIMUM_MAIN_STEEL,999999999.0000000000,8919.7419500000,0.2750000000,0.3000000000,0.3000000000,3.5000000000,0.8000000000,100,111,102,110,103,113
1332,neighbor,False,MINIMUM_MAIN_STEEL,999999999.0000000000,8919.7419500000,0.2500000000,0.5000000000,0.3000000000,3.0000000000,0.8000000000,103,110,100,113,104,111
1333,neighbor,False,MINIMUM_MAIN_STEEL,999999999.0000000000,8919.7419500000,0.2250000000,0.3000000000,0.3000000000,3.5000000000,0.9000000000,100,112,103,110,104,113
1334,neighbor,False,STEM_STRESS_OR_INTERVAL_BOUND,999999999.0000000000,8919.7419500000,0.2000000000,0.3500000000,0.3000000000,3.0000000000,0.6000000000,101,110,103,112,102,112
1335,neighbor,False,ENVELOPE_BASE_CONTACT,999999999.0000000000,8919.7419500000,0.2000000000,0.3500000000,0.3000000000,2.5000000000,0.7000000000,103,110,102,110,104,112
1336,neighbor,False,MINIMUM_MAIN_STEEL,999999999.0000000000,8919.7419500000,0.2250000000,0.4500000000,0.3000000000,3.5000000000,0.6000000000,100,110,103,110,102,111
1337,neighbor,False,ENVELOPE_BASE_CONTACT,999999999.0000000000,8919.7419500000,0.2000000000,0.5000000000,0.3000000000,2.5000000000,0.7000000000,101,110,104,112,104,113
1338,neighbor,False,STEM_STRESS_OR_INTERVAL_BOUND,999999999.0000000000,8919.7419500000,0.2000000000,0.3500000000,0.3000000000,3.0000000000,0.9000000000,100,110,101,113,103,113
1339,neighbor,False,MINIMUM_MAIN_STEEL,999999999.0000000000,8919.7419500000,0.2000000000,0.3000000000,0.3000000000,3.5000000000,1.0000000000,103,110,100,113,101,113
1340,neighbor,False,MINIMUM_MAIN_STEEL,999999999.0000000000,8919.7419500000,0.2500000000,0.3500000000,0.4500000000,3.0000000000,0.9000000000,103,110,102,111,100,111
1341,neighbor,False,ENVELOPE_BASE_CONTACT,999999999.0000000000,8919.7419500000,0.2250000000,0.3000000000,0.3000000000,2.5000000000,0.6000000000,100,110,102,112,102,112
1342,neighbor,False,STEM_STRESS_OR_INTERVAL_BOUND,999999999.0000000000,8919.7419500000,0.2750000000,0.3000000000,0.3000000000,3.5000000000,0.9000000000,101,110,101,110,102,110
1343,neighbor,False,MINIMUM_MAIN_STEEL,999999999.0000000000,8919.7419500000,0.2000000000,0.4000000000,0.3000000000,3.0000000000,0.7000000000,102,112,100,112,100,112
1344,neighbor,False,MINIMUM_MAIN_STEEL,999999999.0000000000,8919.7419500000,0.2000000000,0.4500000000,0.3000000000,2.5000000000,0.8000000000,100,110,100,113,100,110
1345,neighbor,True,PASS_IMPLEMENTED_PROJECT_CHECKS,11380.5129700000,8919.7419500000,0.2250000000,0.4000000000,0.3000000000,3.5000000000,1.0000000000,102,110,101,112,103,110
1346,neighbor,False,MINIMUM_MAIN_STEEL,999999999.0000000000,8919.7419500000,0.2750000000,0.3500000000,0.4500000000,3.0000000000,1.0000000000,100,112,102,113,100,113
1347,neighbor,True,PASS_IMPLEMENTED_PROJECT_CHECKS,11873.7710000000,8919.7419500000,0.2500000000,0.5000000000,0.4000000000,3.0000000000,1.0000000000,103,111,102,110,103,111
1348,neighbor,True,PASS_IMPLEMENTED_PROJECT_CHECKS,10501.8473750000,8919.7419500000,0.2250000000,0.5000000000,0.4500000000,3.0000000000,0.7000000000,102,111,102,111,103,113
1349,neighbor,False,MINIMUM_MAIN_STEEL,999999999.0000000000,8919.7419500000,0.2000000000,0.3500000000,0.4500000000,2.5000000000,0.6000000000,102,110,101,110,100,113
1350,neighbor,True,PASS_IMPLEMENTED_PROJECT_CHECKS,11476.4797500000,8919.7419500000,0.2000000000,0.4500000000,0.4500000000,3.5000000000,0.8000000000,102,111,102,110,102,110
1351,neighbor,False,MEMBER_FLEXURE,999999999.0000000000,8919.7419500000,0.2750000000,0.4500000000,0.4000000000,3.5000000000,0.6000000000,101,110,103,112,102,113
1352,neighbor,False,ENVELOPE_BASE_CONTACT,999999999.0000000000,8919.7419500000,0.2750000000,0.5000000000,0.3000000000,2.5000000000,0.9000000000,103,110,100,110,104,112
1353,neighbor,False,MINIMUM_MAIN_STEEL,999999999.0000000000,8919.7419500000,0.2000000000,0.4500000000,0.3000000000,3.5000000000,0.7000000000,100,112,103,110,102,112
1354,neighbor,False,MINIMUM_MAIN_STEEL,999999999.0000000000,8919.7419500000,0.2000000000,0.3000000000,0.5500000000,3.5000000000,0.9000000000,100,110,101,113,102,110
1355,neighbor,False,INVALID_GEOMETRY_OR_INPUT,999999999.0000000000,8919.7419500000,0.2250000000,0.5000000000,0.3000000000,2.5000000000,1.0000000000,102,111,103,113,102,110
1356,neighbor,False,MINIMUM_MAIN_STEEL,999999999.0000000000,8919.7419500000,0.2500000000,0.4000000000,0.3000000000,3.5000000000,0.8000000000,100,111,104,111,102,113
1357,neighbor,False,ENVELOPE_BASE_CONTACT,999999999.0000000000,8919.7419500000,0.2250000000,0.5000000000,0.4000000000,2.5000000000,0.6000000000,102,111,103,111,104,113
1358,neighbor,False,MEMBER_FLEXURE,999999999.0000000000,8919.7419500000,0.2500000000,0.4000000000,0.3000000000,3.5000000000,0.7000000000,101,110,102,111,101,110
1359,neighbor,False,MAXIMUM_MAIN_STEEL,999999999.0000000000,8919.7419500000,0.2500000000,0.4000000000,0.3000000000,3.0000000000,0.7000000000,103,110,101,111,102,112
1360,neighbor,False,ENVELOPE_BASE_CONTACT,999999999.0000000000,8919.7419500000,0.2500000000,0.3000000000,0.3000000000,2.5000000000,0.8000000000,100,110,101,110,101,110
1361,neighbor,True,PASS_IMPLEMENTED_PROJECT_CHECKS,12899.9839750000,8919.7419500000,0.2750000000,0.5000000000,0.5500000000,3.5000000000,0.6000000000,102,110,102,111,102,113
1362,neighbor,False,MINIMUM_MAIN_STEEL,999999999.0000000000,8919.7419500000,0.2500000000,0.3500000000,0.3000000000,3.5000000000,0.6000000000,101,110,100,112,102,110
1363,neighbor,False,MAXIMUM_MAIN_STEEL,999999999.0000000000,8919.7419500000,0.2000000000,0.4000000000,0.5500000000,3.0000000000,0.9000000000,103,111,100,110,103,113
1364,neighbor,False,ENVELOPE_BASE_CONTACT,999999999.0000000000,8919.7419500000,0.2000000000,0.3500000000,0.4000000000,2.5000000000,0.8000000000,101,110,100,110,102,112
1365,neighbor,False,MINIMUM_MAIN_STEEL,999999999.0000000000,8919.7419500000,0.2500000000,0.4000000000,0.5500000000,3.5000000000,0.6000000000,100,110,103,113,101,113
1366,neighbor,False,MAXIMUM_MAIN_STEEL,999999999.0000000000,8919.7419500000,0.2000000000,0.5000000000,0.5500000000,3.0000000000,0.6000000000,103,111,101,110,100,110
1367,neighbor,False,MINIMUM_MAIN_STEEL,999999999.0000000000,8919.7419500000,0.2750000000,0.4000000000,0.5000000000,3.0000000000,0.9000000000,100,112,100,111,102,113
1368,neighbor,False,MEMBER_FLEXURE,999999999.0000000000,8919.7419500000,0.2750000000,0.3500000000,0.3000000000,3.0000000000,1.0000000000,102,110,100,111,103,111
1369,neighbor,False,MAXIMUM_MAIN_STEEL,999999999.0000000000,8919.7419500000,0.2000000000,0.3000000000,0.5000000000,3.0000000000,0.8000000000,103,110,104,110,102,113
1370,neighbor,False,ENVELOPE_BASE_CONTACT,999999999.0000000000,8919.7419500000,0.2250000000,0.4500000000,0.3500000000,2.5000000000,0.8000000000,103,110,100,111,102,110
1371,neighbor,False,MINIMUM_MAIN_STEEL,999999999.0000000000,8919.7419500000,0.2500000000,0.4500000000,0.3000000000,3.0000000000,1.0000000000,101,112,102,112,104,113
1372,neighbor,False,MINIMUM_MAIN_STEEL,999999999.0000000000,8919.7419500000,0.2750000000,0.4500000000,0.5000000000,3.0000000000,0.7000000000,100,112,100,113,103,110
1373,neighbor,False,MINIMUM_MAIN_STEEL,999999999.0000000000,8919.7419500000,0.2250000000,0.5000000000,0.5000000000,3.0000000000,1.0000000000,101,111,104,113,101,110
1374,neighbor,False,STEM_STRESS_OR_INTERVAL_BOUND,999999999.0000000000,8919.7419500000,0.2000000000,0.3000000000,0.3500000000,3.0000000000,0.9000000000,102,111,102,113,103,110
1375,neighbor,False,ENVELOPE_BASE_CONTACT,999999999.0000000000,8919.7419500000,0.2500000000,0.4000000000,0.3500000000,2.5000000000,0.7000000000,101,110,102,110,104,111
1376,neighbor,False,MINIMUM_MAIN_STEEL,999999999.0000000000,8919.7419500000,0.2500000000,0.4500000000,0.4500000000,3.5000000000,0.8000000000,100,110,103,111,103,113
1377,neighbor,False,MINIMUM_MAIN_STEEL,999999999.0000000000,8919.7419500000,0.2250000000,0.4000000000,0.5500000000,2.5000000000,0.9000000000,100,110,104,110,103,113
1378,neighbor,False,STEM_STRESS_OR_INTERVAL_BOUND,999999999.0000000000,8919.7419500000,0.2000000000,0.3500000000,0.3000000000,3.0000000000,0.9000000000,100,110,104,112,100,111
1379,neighbor,False,MINIMUM_MAIN_STEEL,999999999.0000000000,8919.7419500000,0.2500000000,0.4000000000,0.5000000000,3.0000000000,0.6000000000,103,110,101,112,101,113
1380,neighbor,False,MINIMUM_MAIN_STEEL,999999999.0000000000,8919.7419500000,0.2000000000,0.3500000000,0.5500000000,3.5000000000,0.9000000000,100,111,104,113,102,113
1381,neighbor,False,STEM_STRESS_OR_INTERVAL_BOUND,999999999.0000000000,8919.7419500000,0.2500000000,0.3000000000,0.3000000000,3.0000000000,0.9000000000,103,112,103,113,102,110
1382,neighbor,False,STEM_STRESS_OR_INTERVAL_BOUND,999999999.0000000000,8919.7419500000,0.2500000000,0.3000000000,0.3000000000,3.5000000000,0.8000000000,101,110,102,113,101,113
1383,neighbor,False,MAXIMUM_MAIN_STEEL,999999999.0000000000,8919.7419500000,0.2750000000,0.3500000000,0.5000000000,3.0000000000,0.9000000000,103,110,101,110,102,110
1384,neighbor,True,PASS_IMPLEMENTED_PROJECT_CHECKS,10236.5359500000,8919.7419500000,0.2500000000,0.5000000000,0.3000000000,3.0000000000,1.0000000000,101,110,103,110,103,112
1385,neighbor,False,MEMBER_FLEXURE,999999999.0000000000,8919.7419500000,0.2750000000,0.3000000000,0.3500000000,3.0000000000,0.9000000000,102,110,103,112,102,113
1386,neighbor,False,INVALID_GEOMETRY_OR_INPUT,999999999.0000000000,8919.7419500000,0.2000000000,0.5000000000,0.3000000000,2.5000000000,1.0000000000,100,112,100,110,100,110
1387,neighbor,True,PASS_IMPLEMENTED_PROJECT_CHECKS,9920.0386800000,8919.7419500000,0.2500000000,0.4500000000,0.3000000000,3.5000000000,1.0000000000,101,110,102,111,101,110
1388,neighbor,False,ENVELOPE_BASE_CONTACT,999999999.0000000000,8919.7419500000,0.2750000000,0.3500000000,0.3000000000,2.5000000000,0.9000000000,100,110,102,113,102,110
1389,neighbor,False,STEM_STRESS_OR_INTERVAL_BOUND,999999999.0000000000,8919.7419500000,0.2750000000,0.3500000000,0.3000000000,3.5000000000,0.6000000000,102,111,101,110,101,110
1390,neighbor,False,MINIMUM_MAIN_STEEL,999999999.0000000000,8919.7419500000,0.2000000000,0.5000000000,0.5000000000,2.5000000000,0.8000000000,100,110,102,110,102,110
1391,neighbor,False,MINIMUM_MAIN_STEEL,999999999.0000000000,8919.7419500000,0.2500000000,0.5000000000,0.3000000000,3.5000000000,1.0000000000,100,110,104,111,103,111
1392,neighbor,False,STEM_STRESS_OR_INTERVAL_BOUND,999999999.0000000000,8919.7419500000,0.2750000000,0.3500000000,0.3500000000,3.0000000000,0.9000000000,101,112,104,110,104,112
1393,neighbor,True,PASS_IMPLEMENTED_PROJECT_CHECKS,11839.6993750000,8919.7419500000,0.2250000000,0.5000000000,0.3500000000,3.5000000000,0.6000000000,103,111,103,111,103,112
1394,neighbor,True,PASS_IMPLEMENTED_PROJECT_CHECKS,10930.3902500000,8919.7419500000,0.2750000000,0.5000000000,0.3000000000,3.5000000000,0.7000000000,101,110,104,113,103,111
1395,neighbor,False,MINIMUM_MAIN_STEEL,999999999.0000000000,8919.7419500000,0.2000000000,0.3500000000,0.3500000000,3.5000000000,1.0000000000,100,112,103,111,100,110
1396,neighbor,False,MINIMUM_MAIN_STEEL,999999999.0000000000,8919.7419500000,0.2000000000,0.4500000000,0.5500000000,3.5000000000,0.9000000000,101,112,101,110,103,113
1397,neighbor,False,MINIMUM_MAIN_STEEL,999999999.0000000000,8919.7419500000,0.2750000000,0.5000000000,0.4500000000,3.5000000000,0.8000000000,101,110,102,113,100,112
1398,neighbor,False,ENVELOPE_BASE_CONTACT,999999999.0000000000,8919.7419500000,0.2500000000,0.3000000000,0.3000000000,2.5000000000,0.6000000000,103,110,104,110,102,110
1399,neighbor,False,ENVELOPE_BASE_CONTACT,999999999.0000000000,8919.7419500000,0.2000000000,0.3000000000,0.3000000000,2.5000000000,1.0000000000,102,111,102,110,104,110
1400,neighbor,False,MINIMUM_MAIN_STEEL,999999999.0000000000,8919.7419500000,0.2500000000,0.3000000000,0.3000000000,3.5000000000,0.9000000000,103,110,100,110,100,112
1401,neighbor,False,ENVELOPE_BASE_CONTACT,999999999.0000000000,8919.7419500000,0.2250000000,0.5000000000,0.3000000000,2.5000000000,0.6000000000,102,111,100,110,100,110
1402,neighbor,False,MEMBER_FLEXURE,999999999.0000000000,8919.7419500000,0.2250000000,0.4000000000,0.3000000000,3.0000000000,1.0000000000,102,111,101,113,104,110
1403,neighbor,False,STEM_STRESS_OR_INTERVAL_BOUND,999999999.0000000000,8919.7419500000,0.2000000000,0.3500000000,0.3500000000,3.5000000000,0.8000000000,101,111,104,110,101,110
1404,neighbor,False,MAXIMUM_MAIN_STEEL,999999999.0000000000,8919.7419500000,0.2000000000,0.3500000000,0.3000000000,3.5000000000,0.6000000000,103,110,101,110,104,111
1405,neighbor,False,MAXIMUM_MAIN_STEEL,999999999.0000000000,8919.7419500000,0.2750000000,0.4000000000,0.4500000000,3.0000000000,0.8000000000,103,110,104,110,102,113
1406,neighbor,False,MINIMUM_MAIN_STEEL,999999999.0000000000,8919.7419500000,0.2000000000,0.4000000000,0.3000000000,2.5000000000,0.8000000000,100,112,104,111,104,111
1407,neighbor,False,MINIMUM_MAIN_STEEL,999999999.0000000000,8919.7419500000,0.2500000000,0.3500000000,0.3500000000,2.5000000000,0.6000000000,100,111,102,111,101,112
1408,neighbor,False,ENVELOPE_BASE_CONTACT,999999999.0000000000,8919.7419500000,0.2500000000,0.3500000000,0.4000000000,2.5000000000,0.6000000000,100,110,102,112,102,110
1409,neighbor,False,MEMBER_FLEXURE,999999999.0000000000,8919.7419500000,0.2000000000,0.4500000000,0.3000000000,3.5000000000,1.0000000000,103,112,104,113,101,112
1410,neighbor,False,MINIMUM_MAIN_STEEL,999999999.0000000000,8919.7419500000,0.2000000000,0.4000000000,0.4000000000,2.5000000000,0.8000000000,101,112,100,112,103,113
1411,neighbor,False,ENVELOPE_BASE_CONTACT,999999999.0000000000,8919.7419500000,0.2000000000,0.3500000000,0.3000000000,2.5000000000,0.7000000000,101,111,104,113,104,113
1412,neighbor,False,STEM_STRESS_OR_INTERVAL_BOUND,999999999.0000000000,8919.7419500000,0.2000000000,0.3000000000,0.3000000000,3.0000000000,0.9000000000,100,110,100,110,100,110
1413,neighbor,False,MINIMUM_MAIN_STEEL,999999999.0000000000,8919.7419500000,0.2000000000,0.5000000000,0.3000000000,3.5000000000,0.6000000000,100,110,101,112,104,110
1414,neighbor,False,ENVELOPE_BASE_CONTACT,999999999.0000000000,8919.7419500000,0.2250000000,0.3500000000,0.3000000000,2.5000000000,0.6000000000,103,111,104,110,102,113
1415,neighbor,False,STEM_STRESS_OR_INTERVAL_BOUND,999999999.0000000000,8919.7419500000,0.2000000000,0.4000000000,0.3000000000,3.5000000000,0.9000000000,101,111,103,110,101,112
1416,neighbor,False,ENVELOPE_BASE_CONTACT,999999999.0000000000,8919.7419500000,0.2500000000,0.3000000000,0.3000000000,2.5000000000,0.9000000000,103,110,102,110,102,110
1417,neighbor,False,MEMBER_FLEXURE,999999999.0000000000,8919.7419500000,0.2750000000,0.4000000000,0.3000000000,3.5000000000,0.9000000000,102,110,103,112,102,113
1418,neighbor,False,ENVELOPE_BASE_CONTACT,999999999.0000000000,8919.7419500000,0.2000000000,0.5000000000,0.3000000000,2.5000000000,0.8000000000,101,110,104,110,100,111
1419,neighbor,False,MINIMUM_MAIN_STEEL,999999999.0000000000,8919.7419500000,0.2250000000,0.3000000000,0.5000000000,3.0000000000,1.0000000000,100,111,103,113,104,110
1420,neighbor,False,MEMBER_FLEXURE,999999999.0000000000,8919.7419500000,0.2500000000,0.3500000000,0.3000000000,3.5000000000,0.7000000000,102,110,101,113,101,110
1421,neighbor,False,MINIMUM_MAIN_STEEL,999999999.0000000000,8919.7419500000,0.2000000000,0.3500000000,0.3500000000,3.5000000000,0.8000000000,102,111,102,112,100,112
1422,neighbor,False,MEMBER_FLEXURE,999999999.0000000000,8919.7419500000,0.2500000000,0.3500000000,0.3000000000,3.5000000000,0.8000000000,102,110,100,111,100,110
1423,neighbor,False,INVALID_GEOMETRY_OR_INPUT,999999999.0000000000,8919.7419500000,0.2750000000,0.5000000000,0.3000000000,2.5000000000,1.0000000000,100,110,103,110,104,110
1424,neighbor,False,ENVELOPE_BASE_CONTACT,999999999.0000000000,8919.7419500000,0.2750000000,0.3500000000,0.3000000000,2.5000000000,0.9000000000,103,112,103,110,104,113
1425,neighbor,True,PASS_IMPLEMENTED_PROJECT_CHECKS,9525.2003900000,8919.7419500000,0.2250000000,0.5000000000,0.3000000000,3.5000000000,1.0000000000,102,112,102,113,101,110
1426,neighbor,False,MINIMUM_MAIN_STEEL,999999999.0000000000,8919.7419500000,0.2000000000,0.5000000000,0.3000000000,3.0000000000,1.0000000000,100,110,103,112,103,112
1427,neighbor,False,MINIMUM_MAIN_STEEL,999999999.0000000000,8919.7419500000,0.2500000000,0.3000000000,0.5000000000,3.0000000000,0.8000000000,102,112,100,113,100,113
1428,neighbor,False,MINIMUM_MAIN_STEEL,999999999.0000000000,8919.7419500000,0.2000000000,0.3000000000,0.5000000000,3.5000000000,0.6000000000,100,111,102,112,102,110
1429,neighbor,False,MINIMUM_MAIN_STEEL,999999999.0000000000,8919.7419500000,0.2750000000,0.4000000000,0.3000000000,3.0000000000,0.8000000000,100,110,104,110,104,110
1430,neighbor,False,MINIMUM_MAIN_STEEL,999999999.0000000000,8919.7419500000,0.2250000000,0.5000000000,0.4500000000,2.5000000000,0.7000000000,102,110,100,112,102,110
1431,neighbor,True,PASS_IMPLEMENTED_PROJECT_CHECKS,10269.2254800000,8919.7419500000,0.2500000000,0.5000000000,0.4000000000,3.0000000000,0.6000000000,101,110,102,111,101,110
1432,neighbor,False,ENVELOPE_BASE_CONTACT,999999999.0000000000,8919.7419500000,0.2000000000,0.4500000000,0.3000000000,2.5000000000,0.9000000000,103,111,103,111,103,112
1433,neighbor,False,MINIMUM_MAIN_STEEL,999999999.0000000000,8919.7419500000,0.2250000000,0.4500000000,0.3000000000,3.0000000000,0.6000000000,100,110,104,112,101,112
1434,neighbor,False,MINIMUM_MAIN_STEEL,999999999.0000000000,8919.7419500000,0.2000000000,0.5000000000,0.4500000000,3.5000000000,0.9000000000,100,110,102,110,100,113
1435,neighbor,False,MINIMUM_MAIN_STEEL,999999999.0000000000,8919.7419500000,0.2750000000,0.5000000000,0.3000000000,2.5000000000,0.9000000000,100,110,103,112,103,111
1436,neighbor,False,STEM_STRESS_OR_INTERVAL_BOUND,999999999.0000000000,8919.7419500000,0.2250000000,0.3000000000,0.5500000000,3.0000000000,0.7000000000,102,111,102,112,100,110
1437,neighbor,False,STEM_STRESS_OR_INTERVAL_BOUND,999999999.0000000000,8919.7419500000,0.2000000000,0.3500000000,0.4000000000,3.5000000000,0.7000000000,101,110,103,110,104,110
1438,neighbor,False,ENVELOPE_BASE_CONTACT,999999999.0000000000,8919.7419500000,0.2500000000,0.4500000000,0.3000000000,2.5000000000,0.6000000000,102,112,103,111,104,113
1439,neighbor,True,PASS_IMPLEMENTED_PROJECT_CHECKS,11152.3752100000,8919.7419500000,0.2750000000,0.4500000000,0.3000000000,3.0000000000,1.0000000000,102,110,101,111,103,110
1440,neighbor,False,MAXIMUM_MAIN_STEEL,999999999.0000000000,8919.7419500000,0.2000000000,0.3000000000,0.3000000000,3.0000000000,0.9000000000,102,110,102,110,102,113
1441,neighbor,False,ENVELOPE_BASE_CONTACT,999999999.0000000000,8919.7419500000,0.2000000000,0.4500000000,0.3000000000,2.5000000000,0.8000000000,101,111,104,113,101,113
1442,neighbor,False,MINIMUM_MAIN_STEEL,999999999.0000000000,8919.7419500000,0.2750000000,0.5000000000,0.3000000000,3.0000000000,0.6000000000,101,111,100,110,103,111
1443,neighbor,False,MINIMUM_MAIN_STEEL,999999999.0000000000,8919.7419500000,0.2500000000,0.5000000000,0.4500000000,3.5000000000,0.6000000000,102,110,100,113,101,111
1444,neighbor,False,MINIMUM_MAIN_STEEL,999999999.0000000000,8919.7419500000,0.2500000000,0.4500000000,0.4500000000,2.5000000000,0.8000000000,100,110,102,110,101,110
1445,neighbor,False,STEM_STRESS_OR_INTERVAL_BOUND,999999999.0000000000,8919.7419500000,0.2000000000,0.3000000000,0.4000000000,3.0000000000,1.0000000000,100,110,100,110,104,113
1446,neighbor,False,ENVELOPE_BASE_CONTACT,999999999.0000000000,8919.7419500000,0.2000000000,0.3500000000,0.4000000000,2.5000000000,0.9000000000,100,110,102,111,101,110
1447,neighbor,False,MINIMUM_MAIN_STEEL,999999999.0000000000,8919.7419500000,0.2250000000,0.5000000000,0.3000000000,3.0000000000,1.0000000000,100,111,104,110,104,113
1448,neighbor,False,MINIMUM_MAIN_STEEL,999999999.0000000000,8919.7419500000,0.2000000000,0.5000000000,0.3000000000,3.0000000000,0.8000000000,100,112,102,113,102,110
1449,neighbor,False,MINIMUM_MAIN_STEEL,999999999.0000000000,8919.7419500000,0.2750000000,0.4000000000,0.5000000000,3.5000000000,0.6000000000,100,112,100,112,102,113
1450,neighbor,False,MINIMUM_MAIN_STEEL,999999999.0000000000,8919.7419500000,0.2500000000,0.4500000000,0.3000000000,2.5000000000,0.9000000000,102,112,100,111,100,112
1451,neighbor,False,ENVELOPE_BASE_CONTACT,999999999.0000000000,8919.7419500000,0.2250000000,0.5000000000,0.3000000000,2.5000000000,0.8000000000,103,112,103,113,104,110
1452,neighbor,False,MINIMUM_MAIN_STEEL,999999999.0000000000,8919.7419500000,0.2250000000,0.4500000000,0.4000000000,3.0000000000,0.7000000000,100,112,100,111,101,110
1453,neighbor,False,MAXIMUM_MAIN_STEEL,999999999.0000000000,8919.7419500000,0.2500000000,0.4500000000,0.3000000000,3.0000000000,0.6000000000,103,110,103,110,104,110
1454,neighbor,True,PASS_IMPLEMENTED_PROJECT_CHECKS,11218.7553140000,8919.7419500000,0.2750000000,0.3500000000,0.3000000000,3.5000000000,0.9000000000,103,111,103,110,104,113
1455,neighbor,False,STEM_STRESS_OR_INTERVAL_BOUND,999999999.0000000000,8919.7419500000,0.2000000000,0.3000000000,0.4000000000,3.5000000000,0.6000000000,101,110,104,113,104,112
1456,neighbor,True,PASS_IMPLEMENTED_PROJECT_CHECKS,10464.2850000000,8919.7419500000,0.2000000000,0.4500000000,0.3000000000,3.5000000000,0.6000000000,102,111,103,110,102,110
1457,neighbor,False,STEM_STRESS_OR_INTERVAL_BOUND,999999999.0000000000,8919.7419500000,0.2000000000,0.4000000000,0.4000000000,3.5000000000,0.8000000000,101,111,102,110,103,112
1458,neighbor,False,MINIMUM_MAIN_STEEL,999999999.0000000000,8919.7419500000,0.2000000000,0.4500000000,0.3000000000,3.0000000000,1.0000000000,101,112,102,110,104,112
1459,neighbor,False,MINIMUM_MAIN_STEEL,999999999.0000000000,8919.7419500000,0.2500000000,0.5000000000,0.3000000000,3.5000000000,0.9000000000,100,110,104,110,103,113
1460,neighbor,True,PASS_IMPLEMENTED_PROJECT_CHECKS,10481.4617500000,8919.7419500000,0.2250000000,0.5000000000,0.3000000000,3.0000000000,1.0000000000,102,110,102,111,102,111
1461,neighbor,False,STEM_STRESS_OR_INTERVAL_BOUND,999999999.0000000000,8919.7419500000,0.2000000000,0.3500000000,0.5000000000,3.0000000000,0.8000000000,101,110,104,110,104,110
1462,neighbor,False,STEM_STRESS_OR_INTERVAL_BOUND,999999999.0000000000,8919.7419500000,0.2250000000,0.3500000000,0.3000000000,3.0000000000,0.6000000000,100,110,103,112,102,113
1463,neighbor,True,PASS_IMPLEMENTED_PROJECT_CHECKS,10991.3717500000,8919.7419500000,0.2000000000,0.4500000000,0.5500000000,3.0000000000,0.9000000000,101,110,103,110,102,112
1464,neighbor,False,MINIMUM_MAIN_STEEL,999999999.0000000000,8919.7419500000,0.2500000000,0.3000000000,0.3000000000,2.5000000000,0.8000000000,100,111,100,112,101,112
1465,neighbor,False,MEMBER_FLEXURE,999999999.0000000000,8919.7419500000,0.2250000000,0.4000000000,0.4000000000,3.0000000000,0.8000000000,102,110,104,113,100,110
1466,neighbor,False,MINIMUM_MAIN_STEEL,999999999.0000000000,8919.7419500000,0.2750000000,0.4000000000,0.5500000000,3.0000000000,0.9000000000,101,110,103,110,100,111
1467,neighbor,True,PASS_IMPLEMENTED_PROJECT_CHECKS,9949.6167500000,8919.7419500000,0.2500000000,0.3500000000,0.4000000000,3.0000000000,0.6000000000,103,112,103,111,102,111
1468,neighbor,True,PASS_IMPLEMENTED_PROJECT_CHECKS,13384.9764600000,8919.7419500000,0.2500000000,0.3500000000,0.5500000000,3.5000000000,1.0000000000,103,111,101,111,103,110
1469,neighbor,False,ENVELOPE_BASE_CONTACT,999999999.0000000000,8919.7419500000,0.2250000000,0.3000000000,0.3000000000,2.5000000000,1.0000000000,100,110,101,112,102,110
1470,neighbor,False,STEM_STRESS_OR_INTERVAL_BOUND,999999999.0000000000,8919.7419500000,0.2750000000,0.3000000000,0.3000000000,3.0000000000,0.6000000000,101,110,102,111,101,112
1471,neighbor,True,PASS_IMPLEMENTED_PROJECT_CHECKS,12112.0201620000,8919.7419500000,0.2000000000,0.4500000000,0.4000000000,3.5000000000,0.6000000000,103,112,104,113,103,110
1472,neighbor,False,MINIMUM_MAIN_STEEL,999999999.0000000000,8919.7419500000,0.2000000000,0.5000000000,0.3000000000,3.0000000000,0.7000000000,101,110,100,113,100,110
1473,neighbor,False,STEM_STRESS_OR_INTERVAL_BOUND,999999999.0000000000,8919.7419500000,0.2000000000,0.3000000000,0.4000000000,3.5000000000,0.6000000000,102,112,101,110,101,112
1474,neighbor,False,ENVELOPE_BASE_CONTACT,999999999.0000000000,8919.7419500000,0.2750000000,0.3000000000,0.3500000000,2.5000000000,0.6000000000,101,110,103,111,103,110
1475,neighbor,False,MINIMUM_MAIN_STEEL,999999999.0000000000,8919.7419500000,0.2750000000,0.4500000000,0.4500000000,3.0000000000,0.8000000000,100,112,102,110,102,110
1476,neighbor,False,MAXIMUM_MAIN_STEEL,999999999.0000000000,8919.7419500000,0.2500000000,0.3500000000,0.3000000000,3.0000000000,0.6000000000,102,110,104,110,100,110
1477,neighbor,False,MINIMUM_MAIN_STEEL,999999999.0000000000,8919.7419500000,0.2750000000,0.3500000000,0.3000000000,2.5000000000,0.7000000000,102,112,104,113,100,113
1478,neighbor,False,ENVELOPE_BASE_CONTACT,999999999.0000000000,8919.7419500000,0.2750000000,0.3000000000,0.3000000000,2.5000000000,0.8000000000,101,111,104,110,103,110
1479,neighbor,True,PASS_IMPLEMENTED_PROJECT_CHECKS,9953.0588150000,8919.7419500000,0.2750000000,0.4000000000,0.3500000000,3.0000000000,1.0000000000,102,111,101,110,103,111
1480,neighbor,False,MINIMUM_MAIN_STEEL,999999999.0000000000,8919.7419500000,0.2750000000,0.4000000000,0.4000000000,3.5000000000,0.7000000000,100,111,103,110,102,110
1481,neighbor,True,PASS_IMPLEMENTED_PROJECT_CHECKS,11999.3319600000,8919.7419500000,0.2500000000,0.3500000000,0.4500000000,3.5000000000,0.9000000000,102,110,101,110,103,111
1482,neighbor,False,STEM_STRESS_OR_INTERVAL_BOUND,999999999.0000000000,8919.7419500000,0.2500000000,0.3500000000,0.3000000000,3.0000000000,1.0000000000,101,110,101,110,104,111
1483,neighbor,True,PASS_IMPLEMENTED_PROJECT_CHECKS,9562.9538400000,8919.7419500000,0.2000000000,0.5000000000,0.3000000000,3.0000000000,0.9000000000,101,110,101,111,103,111
1484,neighbor,False,ENVELOPE_BASE_CONTACT,999999999.0000000000,8919.7419500000,0.2500000000,0.4500000000,0.3000000000,2.5000000000,1.0000000000,102,111,101,113,103,110
1485,neighbor,False,MEMBER_FLEXURE,999999999.0000000000,8919.7419500000,0.2250000000,0.5000000000,0.3000000000,3.0000000000,1.0000000000,102,111,101,113,103,110
1486,neighbor,False,ENVELOPE_BASE_CONTACT,999999999.0000000000,8919.7419500000,0.2500000000,0.3000000000,0.3000000000,2.5000000000,0.7000000000,102,110,102,111,101,110
1487,neighbor,False,MINIMUM_MAIN_STEEL,999999999.0000000000,8919.7419500000,0.2500000000,0.4000000000,0.3000000000,2.5000000000,0.6000000000,100,110,103,110,103,110
1488,neighbor,False,MEMBER_FLEXURE,999999999.0000000000,8919.7419500000,0.2750000000,0.4500000000,0.3000000000,3.5000000000,0.8000000000,101,110,101,110,101,111
1489,neighbor,False,MINIMUM_MAIN_STEEL,999999999.0000000000,8919.7419500000,0.2750000000,0.3000000000,0.4500000000,2.5000000000,0.9000000000,100,110,100,112,104,111
1490,neighbor,True,PASS_IMPLEMENTED_PROJECT_CHECKS,9795.7109200000,8919.7419500000,0.2000000000,0.5000000000,0.3000000000,3.0000000000,0.9000000000,101,110,104,112,102,110
1491,neighbor,False,ENVELOPE_BASE_CONTACT,999999999.0000000000,8919.7419500000,0.2250000000,0.4500000000,0.4000000000,2.5000000000,0.9000000000,103,110,103,110,104,110
1492,neighbor,False,STEM_STRESS_OR_INTERVAL_BOUND,999999999.0000000000,8919.7419500000,0.2000000000,0.3500000000,0.4000000000,3.5000000000,1.0000000000,101,110,103,113,104,112
1493,neighbor,False,ENVELOPE_BASE_CONTACT,999999999.0000000000,8919.7419500000,0.2000000000,0.4000000000,0.5000000000,2.5000000000,0.6000000000,102,111,102,112,101,111
1494,neighbor,False,MINIMUM_MAIN_STEEL,999999999.0000000000,8919.7419500000,0.2000000000,0.5000000000,0.3000000000,3.0000000000,1.0000000000,103,110,103,110,100,113
1495,neighbor,False,ENVELOPE_BASE_CONTACT,999999999.0000000000,8919.7419500000,0.2750000000,0.3000000000,0.5000000000,2.5000000000,0.8000000000,102,110,100,110,103,113
1496,neighbor,False,MAXIMUM_MAIN_STEEL,999999999.0000000000,8919.7419500000,0.2250000000,0.4500000000,0.3500000000,3.0000000000,0.6000000000,103,110,101,112,104,110
1497,neighbor,True,PASS_IMPLEMENTED_PROJECT_CHECKS,10093.2530000000,8919.7419500000,0.2500000000,0.4500000000,0.3000000000,3.0000000000,0.6000000000,102,111,102,112,104,111
1498,neighbor,False,MAXIMUM_MAIN_STEEL,999999999.0000000000,8919.7419500000,0.2250000000,0.4500000000,0.3000000000,3.5000000000,1.0000000000,103,110,101,113,104,112
1499,neighbor,False,MINIMUM_MAIN_STEEL,999999999.0000000000,8919.7419500000,0.2500000000,0.3500000000,0.3000000000,3.5000000000,0.9000000000,100,111,103,113,102,111
1500,neighbor,False,ENVELOPE_BASE_CONTACT,999999999.0000000000,8919.7419500000,0.2750000000,0.4000000000,0.3000000000,2.5000000000,0.6000000000,101,111,102,113,103,110
1501,neighbor,False,ENVELOPE_BASE_CONTACT,999999999.0000000000,8919.7419500000,0.2000000000,0.3500000000,0.4000000000,2.5000000000,0.9000000000,102,111,102,110,102,113
1502,neighbor,False,MINIMUM_MAIN_STEEL,999999999.0000000000,8919.7419500000,0.2000000000,0.3000000000,0.4500000000,3.0000000000,0.9000000000,101,111,101,113,102,112
1503,neighbor,False,ENVELOPE_BASE_CONTACT,999999999.0000000000,8919.7419500000,0.2250000000,0.4500000000,0.5000000000,2.5000000000,1.0000000000,102,111,104,110,103,112
1504,neighbor,False,MAXIMUM_MAIN_STEEL,999999999.0000000000,8919.7419500000,0.2000000000,0.3500000000,0.3000000000,3.5000000000,0.6000000000,103,111,104,111,102,111
1505,neighbor,True,PASS_IMPLEMENTED_PROJECT_CHECKS,10568.6335500000,8919.7419500000,0.2750000000,0.3000000000,0.5000000000,3.0000000000,1.0000000000,103,111,102,113,101,112
1506,neighbor,False,MINIMUM_MAIN_STEEL,999999999.0000000000,8919.7419500000,0.2000000000,0.4500000000,0.3000000000,3.5000000000,0.9000000000,101,112,104,110,101,113
1507,neighbor,False,MINIMUM_MAIN_STEEL,999999999.0000000000,8919.7419500000,0.2000000000,0.3000000000,0.5000000000,3.5000000000,1.0000000000,101,110,100,111,102,112
1508,neighbor,False,MINIMUM_MAIN_STEEL,999999999.0000000000,8919.7419500000,0.2250000000,0.5000000000,0.3000000000,2.5000000000,0.9000000000,100,110,103,110,100,110
1509,neighbor,True,PASS_IMPLEMENTED_PROJECT_CHECKS,10024.7320500000,8919.7419500000,0.2250000000,0.3000000000,0.4000000000,3.0000000000,1.0000000000,102,110,103,112,101,110
1510,neighbor,False,ENVELOPE_BASE_CONTACT,999999999.0000000000,8919.7419500000,0.2250000000,0.3500000000,0.3500000000,2.5000000000,1.0000000000,103,110,104,112,103,113
1511,neighbor,False,MINIMUM_MAIN_STEEL,999999999.0000000000,8919.7419500000,0.2000000000,0.3000000000,0.3000000000,3.5000000000,0.8000000000,103,111,100,110,100,113
1512,neighbor,False,MEMBER_FLEXURE,999999999.0000000000,8919.7419500000,0.2500000000,0.3000000000,0.4000000000,3.0000000000,0.7000000000,102,110,101,110,101,112
1513,neighbor,False,ENVELOPE_BASE_CONTACT,999999999.0000000000,8919.7419500000,0.2750000000,0.3000000000,0.3000000000,2.5000000000,0.9000000000,100,110,103,110,102,112
1514,neighbor,False,ENVELOPE_BASE_CONTACT,999999999.0000000000,8919.7419500000,0.2750000000,0.3000000000,0.3000000000,2.5000000000,0.7000000000,100,110,103,113,102,112
1515,neighbor,True,PASS_IMPLEMENTED_PROJECT_CHECKS,10224.8252900000,8919.7419500000,0.2500000000,0.5000000000,0.3000000000,3.0000000000,0.9000000000,103,112,100,110,103,111
1516,neighbor,False,ENVELOPE_BASE_CONTACT,999999999.0000000000,8919.7419500000,0.2250000000,0.4500000000,0.3000000000,2.5000000000,1.0000000000,103,110,102,112,104,113
1517,neighbor,False,MINIMUM_MAIN_STEEL,999999999.0000000000,8919.7419500000,0.2000000000,0.5000000000,0.5500000000,2.5000000000,0.6000000000,100,110,104,113,104,113
1518,neighbor,False,MAXIMUM_MAIN_STEEL,999999999.0000000000,8919.7419500000,0.2000000000,0.4000000000,0.3000000000,3.5000000000,0.9000000000,102,110,100,110,104,113
1519,neighbor,False,MINIMUM_MAIN_STEEL,999999999.0000000000,8919.7419500000,0.2000000000,0.4500000000,0.3000000000,2.5000000000,1.0000000000,100,110,101,111,100,111
1520,neighbor,False,ENVELOPE_BASE_CONTACT,999999999.0000000000,8919.7419500000,0.2250000000,0.4500000000,0.3000000000,2.5000000000,0.8000000000,101,110,101,110,101,113
1521,neighbor,True,PASS_IMPLEMENTED_PROJECT_CHECKS,11433.0210500000,8919.7419500000,0.2500000000,0.4000000000,0.4500000000,3.0000000000,0.9000000000,102,110,103,110,101,110
1522,neighbor,False,MINIMUM_MAIN_STEEL,999999999.0000000000,8919.7419500000,0.2250000000,0.5000000000,0.3000000000,2.5000000000,0.8000000000,100,110,101,111,101,113
1523,neighbor,False,MINIMUM_MAIN_STEEL,999999999.0000000000,8919.7419500000,0.2250000000,0.5000000000,0.3000000000,3.5000000000,0.9000000000,100,110,102,110,102,111
1524,neighbor,False,MINIMUM_MAIN_STEEL,999999999.0000000000,8919.7419500000,0.2750000000,0.4000000000,0.3000000000,2.5000000000,0.8000000000,100,110,103,110,100,113
1525,neighbor,False,ENVELOPE_BASE_CONTACT,999999999.0000000000,8919.7419500000,0.2500000000,0.3000000000,0.3000000000,2.5000000000,0.8000000000,103,110,102,112,101,113
1526,neighbor,False,MEMBER_FLEXURE,999999999.0000000000,8919.7419500000,0.2500000000,0.3500000000,0.3000000000,3.5000000000,0.6000000000,102,110,100,110,100,111
1527,neighbor,False,MINIMUM_MAIN_STEEL,999999999.0000000000,8919.7419500000,0.2000000000,0.4000000000,0.3500000000,3.0000000000,0.7000000000,103,110,100,113,104,112
1528,neighbor,False,MAXIMUM_MAIN_STEEL,999999999.0000000000,8919.7419500000,0.2000000000,0.4000000000,0.3000000000,3.5000000000,1.0000000000,102,110,101,110,100,110
1529,neighbor,False,MINIMUM_MAIN_STEEL,999999999.0000000000,8919.7419500000,0.2000000000,0.4500000000,0.5000000000,3.5000000000,0.6000000000,102,112,100,111,103,112
1530,neighbor,True,PASS_IMPLEMENTED_PROJECT_CHECKS,9904.0497000000,8919.7419500000,0.2000000000,0.4000000000,0.3000000000,3.0000000000,0.6000000000,101,110,103,111,103,110
1531,neighbor,False,MAXIMUM_MAIN_STEEL,999999999.0000000000,8919.7419500000,0.2250000000,0.4500000000,0.3000000000,3.5000000000,0.8000000000,103,111,101,111,104,110
1532,neighbor,True,PASS_IMPLEMENTED_PROJECT_CHECKS,8879.6221420000,8879.6221420000,0.2250000000,0.4000000000,0.3000000000,3.0000000000,1.0000000000,101,110,102,113,104,113
1533,neighbor,False,ENVELOPE_BASE_CONTACT,999999999.0000000000,8879.6221420000,0.2000000000,0.4500000000,0.3500000000,2.5000000000,0.8000000000,103,110,102,113,102,113
1534,neighbor,False,MINIMUM_MAIN_STEEL,999999999.0000000000,8879.6221420000,0.2000000000,0.3500000000,0.3000000000,3.0000000000,0.9000000000,100,112,104,112,103,112
1535,neighbor,False,MINIMUM_MAIN_STEEL,999999999.0000000000,8879.6221420000,0.2000000000,0.3000000000,0.5500000000,3.0000000000,0.8000000000,100,110,101,112,102,113
1536,neighbor,False,STEM_STRESS_OR_INTERVAL_BOUND,999999999.0000000000,8879.6221420000,0.2000000000,0.3000000000,0.3000000000,3.5000000000,1.0000000000,100,110,101,113,104,112
1537,neighbor,False,MINIMUM_MAIN_STEEL,999999999.0000000000,8879.6221420000,0.2000000000,0.5000000000,0.5500000000,3.0000000000,0.8000000000,100,112,104,111,104,113
1538,neighbor,False,MINIMUM_MAIN_STEEL,999999999.0000000000,8879.6221420000,0.2000000000,0.3000000000,0.3000000000,3.5000000000,1.0000000000,102,110,100,113,104,113
1539,neighbor,False,MINIMUM_MAIN_STEEL,999999999.0000000000,8879.6221420000,0.2750000000,0.5000000000,0.4000000000,3.5000000000,0.9000000000,100,110,101,111,103,113
1540,neighbor,False,STEM_STRESS_OR_INTERVAL_BOUND,999999999.0000000000,8879.6221420000,0.2000000000,0.3000000000,0.3000000000,3.5000000000,0.9000000000,100,110,103,113,104,112
1541,neighbor,False,ENVELOPE_BASE_CONTACT,999999999.0000000000,8879.6221420000,0.2750000000,0.4000000000,0.3000000000,2.5000000000,0.9000000000,101,111,102,113,103,113
1542,neighbor,False,MINIMUM_MAIN_STEEL,999999999.0000000000,8879.6221420000,0.2500000000,0.4000000000,0.3000000000,2.5000000000,0.8000000000,100,110,103,113,104,113
1543,neighbor,False,MINIMUM_MAIN_STEEL,999999999.0000000000,8879.6221420000,0.2250000000,0.4500000000,0.5500000000,3.5000000000,0.9000000000,100,111,102,113,104,113
1544,neighbor,False,ENVELOPE_BASE_CONTACT,999999999.0000000000,8879.6221420000,0.2000000000,0.4500000000,0.5000000000,2.5000000000,0.9000000000,101,110,102,113,104,113
1545,neighbor,False,MINIMUM_MAIN_STEEL,999999999.0000000000,8879.6221420000,0.2000000000,0.5000000000,0.5000000000,3.5000000000,1.0000000000,100,110,100,111,104,111
1546,neighbor,True,PASS_IMPLEMENTED_PROJECT_CHECKS,11189.7295000000,8879.6221420000,0.2750000000,0.4000000000,0.4000000000,3.0000000000,1.0000000000,102,110,102,111,103,111
1547,neighbor,False,MINIMUM_MAIN_STEEL,999999999.0000000000,8879.6221420000,0.2500000000,0.5000000000,0.3000000000,3.0000000000,1.0000000000,100,112,104,113,104,113
1548,neighbor,False,ENVELOPE_BASE_CONTACT,999999999.0000000000,8879.6221420000,0.2000000000,0.4500000000,0.3000000000,2.5000000000,1.0000000000,103,110,101,113,102,113
1549,neighbor,True,PASS_IMPLEMENTED_PROJECT_CHECKS,9754.3494620000,8879.6221420000,0.2250000000,0.5000000000,0.3000000000,3.0000000000,0.9000000000,101,110,104,112,104,113
1550,neighbor,False,MAXIMUM_MAIN_STEEL,999999999.0000000000,8879.6221420000,0.2000000000,0.4500000000,0.3000000000,3.0000000000,0.9000000000,102,110,101,111,103,112
1551,neighbor,False,MINIMUM_MAIN_STEEL,999999999.0000000000,8879.6221420000,0.2000000000,0.5000000000,0.3000000000,3.5000000000,1.0000000000,100,110,104,113,102,112
1552,neighbor,False,MINIMUM_MAIN_STEEL,999999999.0000000000,8879.6221420000,0.2000000000,0.3500000000,0.4500000000,3.5000000000,1.0000000000,100,111,100,112,103,113
1553,neighbor,False,ENVELOPE_BASE_CONTACT,999999999.0000000000,8879.6221420000,0.2750000000,0.3000000000,0.5500000000,2.5000000000,0.9000000000,100,110,104,113,103,113
1554,neighbor,False,MINIMUM_MAIN_STEEL,999999999.0000000000,8879.6221420000,0.2000000000,0.5000000000,0.4500000000,3.5000000000,0.8000000000,100,111,103,111,104,113
1555,neighbor,False,MAXIMUM_MAIN_STEEL,999999999.0000000000,8879.6221420000,0.2000000000,0.4500000000,0.3000000000,3.5000000000,1.0000000000,103,110,103,113,104,111
1556,neighbor,False,ENVELOPE_BASE_CONTACT,999999999.0000000000,8879.6221420000,0.2750000000,0.4500000000,0.4500000000,2.5000000000,1.0000000000,102,112,104,113,103,111
1557,neighbor,False,MINIMUM_MAIN_STEEL,999999999.0000000000,8879.6221420000,0.2000000000,0.3500000000,0.3000000000,2.5000000000,1.0000000000,102,112,100,113,102,113
1558,neighbor,False,ENVELOPE_BASE_CONTACT,999999999.0000000000,8879.6221420000,0.2000000000,0.4500000000,0.4000000000,2.5000000000,1.0000000000,102,110,101,111,104,113
1559,neighbor,False,MINIMUM_MAIN_STEEL,999999999.0000000000,8879.6221420000,0.2000000000,0.3000000000,0.3000000000,3.5000000000,1.0000000000,100,112,103,113,104,112
1560,neighbor,False,STEM_STRESS_OR_INTERVAL_BOUND,999999999.0000000000,8879.6221420000,0.2500000000,0.3500000000,0.3000000000,3.5000000000,0.9000000000,102,111,101,111,104,113
1561,neighbor,False,MINIMUM_MAIN_STEEL,999999999.0000000000,8879.6221420000,0.2750000000,0.3500000000,0.3000000000,3.0000000000,0.9000000000,102,111,100,113,104,111
1562,neighbor,False,ENVELOPE_BASE_CONTACT,999999999.0000000000,8879.6221420000,0.2750000000,0.3500000000,0.4000000000,2.5000000000,0.9000000000,100,110,102,113,104,113
1563,neighbor,False,STEM_STRESS_OR_INTERVAL_BOUND,999999999.0000000000,8879.6221420000,0.2250000000,0.4500000000,0.3000000000,3.0000000000,0.8000000000,102,112,102,112,104,112
1564,neighbor,False,STEM_STRESS_OR_INTERVAL_BOUND,999999999.0000000000,8879.6221420000,0.2500000000,0.4500000000,0.3000000000,3.5000000000,1.0000000000,101,111,103,113,103,113
1565,neighbor,False,MINIMUM_MAIN_STEEL,999999999.0000000000,8879.6221420000,0.2000000000,0.4000000000,0.4500000000,3.5000000000,1.0000000000,100,111,104,113,104,113
1566,neighbor,False,STEM_STRESS_OR_INTERVAL_BOUND,999999999.0000000000,8879.6221420000,0.2250000000,0.3500000000,0.3000000000,3.0000000000,0.9000000000,101,111,100,111,103,113
1567,neighbor,False,MINIMUM_MAIN_STEEL,999999999.0000000000,8879.6221420000,0.2500000000,0.3000000000,0.3000000000,2.5000000000,1.0000000000,100,112,100,113,104,113
1568,neighbor,False,ENVELOPE_BASE_CONTACT,999999999.0000000000,8879.6221420000,0.2000000000,0.3000000000,0.3000000000,2.5000000000,0.8000000000,101,112,102,111,104,112
1569,neighbor,False,MINIMUM_MAIN_STEEL,999999999.0000000000,8879.6221420000,0.2500000000,0.4500000000,0.3000000000,3.5000000000,0.9000000000,100,110,100,112,103,111
1570,neighbor,False,MAXIMUM_MAIN_STEEL,999999999.0000000000,8879.6221420000,0.2750000000,0.4000000000,0.3000000000,3.0000000000,1.0000000000,103,110,103,113,103,113
1571,neighbor,False,STEM_STRESS_OR_INTERVAL_BOUND,999999999.0000000000,8879.6221420000,0.2500000000,0.3500000000,0.4500000000,3.0000000000,0.8000000000,100,110,104,113,104,111
1572,neighbor,False,MINIMUM_MAIN_STEEL,999999999.0000000000,8879.6221420000,0.2250000000,0.5000000000,0.5000000000,3.5000000000,0.8000000000,100,110,101,113,104,112
1573,neighbor,False,MINIMUM_MAIN_STEEL,999999999.0000000000,8879.6221420000,0.2500000000,0.3500000000,0.3000000000,2.5000000000,1.0000000000,100,111,101,113,104,113
1574,neighbor,False,MINIMUM_MAIN_STEEL,999999999.0000000000,8879.6221420000,0.2750000000,0.3000000000,0.3000000000,3.0000000000,1.0000000000,103,110,100,113,104,113
1575,neighbor,False,MINIMUM_MAIN_STEEL,999999999.0000000000,8879.6221420000,0.2500000000,0.4500000000,0.3000000000,2.5000000000,0.8000000000,100,110,103,112,104,113
1576,neighbor,False,MINIMUM_MAIN_STEEL,999999999.0000000000,8879.6221420000,0.2500000000,0.3000000000,0.3000000000,3.5000000000,1.0000000000,102,112,100,112,104,111
1577,neighbor,False,STEM_STRESS_OR_INTERVAL_BOUND,999999999.0000000000,8879.6221420000,0.2250000000,0.4500000000,0.4000000000,3.5000000000,0.9000000000,101,111,103,112,103,111
1578,neighbor,False,MINIMUM_MAIN_STEEL,999999999.0000000000,8879.6221420000,0.2500000000,0.5000000000,0.3000000000,3.0000000000,1.0000000000,100,110,100,112,103,112
1579,neighbor,False,MINIMUM_MAIN_STEEL,999999999.0000000000,8879.6221420000,0.2500000000,0.4000000000,0.3000000000,2.5000000000,1.0000000000,100,112,102,113,104,111
1580,neighbor,False,MINIMUM_MAIN_STEEL,999999999.0000000000,8879.6221420000,0.2250000000,0.5000000000,0.4500000000,2.5000000000,0.9000000000,101,112,101,112,102,113
1581,neighbor,False,MAXIMUM_MAIN_STEEL,999999999.0000000000,8879.6221420000,0.2000000000,0.4500000000,0.4000000000,3.0000000000,1.0000000000,103,110,103,113,102,113
1582,neighbor,False,MINIMUM_MAIN_STEEL,999999999.0000000000,8879.6221420000,0.2250000000,0.4000000000,0.3000000000,3.5000000000,1.0000000000,102,110,100,113,103,113
1583,neighbor,False,ENVELOPE_BASE_CONTACT,999999999.0000000000,8879.6221420000,0.2750000000,0.4000000000,0.5000000000,2.5000000000,0.8000000000,103,110,104,113,102,111
1584,neighbor,False,MINIMUM_MAIN_STEEL,999999999.0000000000,8879.6221420000,0.2750000000,0.4000000000,0.5500000000,3.0000000000,1.0000000000,101,111,101,113,104,111
1585,neighbor,False,MINIMUM_MAIN_STEEL,999999999.0000000000,8879.6221420000,0.2500000000,0.4500000000,0.4000000000,2.5000000000,1.0000000000,100,110,100,113,104,113
1586,neighbor,False,MINIMUM_MAIN_STEEL,999999999.0000000000,8879.6221420000,0.2750000000,0.5000000000,0.3000000000,2.5000000000,0.9000000000,100,111,104,111,104,113
1587,neighbor,False,MAXIMUM_MAIN_STEEL,999999999.0000000000,8879.6221420000,0.2000000000,0.5000000000,0.3000000000,3.5000000000,1.0000000000,103,110,101,111,103,112
1588,neighbor,False,ENVELOPE_BASE_CONTACT,999999999.0000000000,8879.6221420000,0.2000000000,0.3000000000,0.4000000000,2.5000000000,1.0000000000,102,112,101,113,102,113
1589,neighbor,False,MAXIMUM_MAIN_STEEL,999999999.0000000000,8879.6221420000,0.2500000000,0.3000000000,0.5500000000,3.5000000000,0.9000000000,103,110,101,111,104,113
1590,neighbor,False,ENVELOPE_BASE_CONTACT,999999999.0000000000,8879.6221420000,0.2000000000,0.4500000000,0.3000000000,2.5000000000,1.0000000000,103,112,102,113,103,113
1591,neighbor,False,MAXIMUM_MAIN_STEEL,999999999.0000000000,8879.6221420000,0.2000000000,0.3500000000,0.4000000000,3.0000000000,1.0000000000,102,110,101,112,103,113
1592,neighbor,False,ENVELOPE_BASE_CONTACT,999999999.0000000000,8879.6221420000,0.2500000000,0.3500000000,0.3000000000,2.5000000000,0.8000000000,100,110,102,113,102,113
1593,neighbor,False,MINIMUM_MAIN_STEEL,999999999.0000000000,8879.6221420000,0.2500000000,0.3500000000,0.4500000000,3.5000000000,1.0000000000,100,110,101,113,104,112
1594,neighbor,False,MINIMUM_MAIN_STEEL,999999999.0000000000,8879.6221420000,0.2750000000,0.4500000000,0.4000000000,3.5000000000,1.0000000000,100,110,103,113,104,113
1595,neighbor,False,MINIMUM_MAIN_STEEL,999999999.0000000000,8879.6221420000,0.2000000000,0.4500000000,0.4000000000,3.0000000000,1.0000000000,100,110,102,113,103,113
1596,neighbor,False,MINIMUM_MAIN_STEEL,999999999.0000000000,8879.6221420000,0.2750000000,0.3500000000,0.5000000000,2.5000000000,1.0000000000,101,110,100,112,103,113
1597,neighbor,False,MINIMUM_MAIN_STEEL,999999999.0000000000,8879.6221420000,0.2750000000,0.5000000000,0.3000000000,3.5000000000,0.8000000000,102,111,100,113,103,112
1598,neighbor,False,MINIMUM_MAIN_STEEL,999999999.0000000000,8879.6221420000,0.2500000000,0.3500000000,0.3000000000,3.5000000000,1.0000000000,100,111,103,113,102,113
1599,neighbor,False,MAXIMUM_MAIN_STEEL,999999999.0000000000,8879.6221420000,0.2250000000,0.3500000000,0.3000000000,3.0000000000,0.8000000000,103,110,104,113,102,111
1600,neighbor,False,MEMBER_FLEXURE,999999999.0000000000,8879.6221420000,0.2750000000,0.5000000000,0.3000000000,3.5000000000,1.0000000000,102,112,101,113,104,113
1601,neighbor,False,MAXIMUM_MAIN_STEEL,999999999.0000000000,8879.6221420000,0.2000000000,0.3000000000,0.4500000000,3.5000000000,1.0000000000,102,110,103,113,104,112
1602,neighbor,False,MINIMUM_MAIN_STEEL,999999999.0000000000,8879.6221420000,0.2500000000,0.4500000000,0.3000000000,2.5000000000,1.0000000000,103,110,100,113,102,113
1603,neighbor,False,STEM_STRESS_OR_INTERVAL_BOUND,999999999.0000000000,8879.6221420000,0.2750000000,0.3000000000,0.4500000000,3.0000000000,0.9000000000,101,110,103,113,104,111
1604,neighbor,True,PASS_IMPLEMENTED_PROJECT_CHECKS,11509.4801150000,8879.6221420000,0.2250000000,0.4000000000,0.4500000000,3.5000000000,0.8000000000,102,110,101,112,102,111
1605,neighbor,False,MAXIMUM_MAIN_STEEL,999999999.0000000000,8879.6221420000,0.2750000000,0.4500000000,0.4000000000,3.5000000000,0.8000000000,103,110,101,112,102,111
1606,neighbor,False,ENVELOPE_BASE_CONTACT,999999999.0000000000,8879.6221420000,0.2750000000,0.4000000000,0.4000000000,2.5000000000,0.8000000000,103,110,102,113,104,112
1607,neighbor,False,MINIMUM_MAIN_STEEL,999999999.0000000000,8879.6221420000,0.2750000000,0.4000000000,0.3000000000,3.0000000000,1.0000000000,100,112,104,113,103,113
1608,neighbor,False,MAXIMUM_MAIN_STEEL,999999999.0000000000,8879.6221420000,0.2000000000,0.4500000000,0.3000000000,3.5000000000,1.0000000000,102,110,101,112,104,111
1609,neighbor,False,MINIMUM_MAIN_STEEL,999999999.0000000000,8879.6221420000,0.2250000000,0.3000000000,0.3000000000,3.5000000000,0.8000000000,100,110,100,113,104,113
1610,neighbor,False,ENVELOPE_BASE_CONTACT,999999999.0000000000,8879.6221420000,0.2000000000,0.3000000000,0.3500000000,2.5000000000,0.9000000000,103,110,104,113,104,111
1611,neighbor,False,MINIMUM_MAIN_STEEL,999999999.0000000000,8879.6221420000,0.2000000000,0.5000000000,0.4000000000,3.0000000000,1.0000000000,100,111,103,113,102,111
1612,neighbor,False,MINIMUM_MAIN_STEEL,999999999.0000000000,8879.6221420000,0.2250000000,0.4500000000,0.3000000000,3.5000000000,1.0000000000,100,111,100,113,104,113
1613,neighbor,True,PASS_IMPLEMENTED_PROJECT_CHECKS,9861.9197100000,8879.6221420000,0.2750000000,0.4500000000,0.3000000000,3.0000000000,0.9000000000,102,111,104,111,103,113
1614,neighbor,True,PASS_IMPLEMENTED_PROJECT_CHECKS,11623.4494600000,8879.6221420000,0.2250000000,0.5000000000,0.4000000000,3.5000000000,1.0000000000,103,111,101,111,102,112
1615,neighbor,False,MINIMUM_MAIN_STEEL,999999999.0000000000,8879.6221420000,0.2500000000,0.5000000000,0.5000000000,3.5000000000,1.0000000000,100,110,100,113,104,113
1616,neighbor,False,MINIMUM_MAIN_STEEL,999999999.0000000000,8879.6221420000,0.2000000000,0.5000000000,0.3000000000,3.5000000000,1.0000000000,100,110,102,113,103,113
1617,neighbor,False,MAXIMUM_MAIN_STEEL,999999999.0000000000,8879.6221420000,0.2000000000,0.4500000000,0.3000000000,3.0000000000,0.9000000000,102,110,104,111,102,113
1618,neighbor,False,INVALID_GEOMETRY_OR_INPUT,999999999.0000000000,8879.6221420000,0.2000000000,0.5000000000,0.3000000000,2.5000000000,1.0000000000,100,112,104,113,104,112
1619,neighbor,False,MINIMUM_MAIN_STEEL,999999999.0000000000,8879.6221420000,0.2000000000,0.3500000000,0.3000000000,2.5000000000,1.0000000000,101,110,100,113,103,113
1620,neighbor,False,MINIMUM_MAIN_STEEL,999999999.0000000000,8879.6221420000,0.2500000000,0.5000000000,0.3000000000,2.5000000000,0.8000000000,100,110,101,113,104,113
1621,neighbor,False,MAXIMUM_MAIN_STEEL,999999999.0000000000,8879.6221420000,0.2250000000,0.4000000000,0.4000000000,3.0000000000,1.0000000000,103,110,104,113,102,113
1622,neighbor,False,MINIMUM_MAIN_STEEL,999999999.0000000000,8879.6221420000,0.2000000000,0.5000000000,0.3000000000,3.0000000000,1.0000000000,100,110,101,113,104,113
1623,neighbor,False,MINIMUM_MAIN_STEEL,999999999.0000000000,8879.6221420000,0.2750000000,0.4000000000,0.3000000000,2.5000000000,0.9000000000,100,110,104,113,104,113
1624,neighbor,True,PASS_IMPLEMENTED_PROJECT_CHECKS,11385.7569780000,8879.6221420000,0.2250000000,0.4500000000,0.3000000000,3.5000000000,1.0000000000,103,111,104,111,104,113
1625,neighbor,False,MINIMUM_MAIN_STEEL,999999999.0000000000,8879.6221420000,0.2000000000,0.5000000000,0.3000000000,3.5000000000,1.0000000000,100,110,104,113,104,113
1626,neighbor,False,ENVELOPE_BASE_CONTACT,999999999.0000000000,8879.6221420000,0.2000000000,0.3500000000,0.5000000000,2.5000000000,0.9000000000,102,112,103,113,103,112
1627,neighbor,True,PASS_IMPLEMENTED_PROJECT_CHECKS,9975.3832300000,8879.6221420000,0.2000000000,0.4500000000,0.4500000000,3.0000000000,0.8000000000,101,110,102,112,102,111
1628,neighbor,False,MINIMUM_MAIN_STEEL,999999999.0000000000,8879.6221420000,0.2250000000,0.4500000000,0.4000000000,2.5000000000,0.8000000000,100,110,100,113,104,112
1629,neighbor,False,INVALID_GEOMETRY_OR_INPUT,999999999.0000000000,8879.6221420000,0.2000000000,0.5000000000,0.4500000000,2.5000000000,1.0000000000,102,111,103,113,104,112
1630,neighbor,True,PASS_IMPLEMENTED_PROJECT_CHECKS,9718.6955000000,8879.6221420000,0.2250000000,0.5000000000,0.3000000000,3.0000000000,1.0000000000,103,112,103,113,102,112
1631,neighbor,False,ENVELOPE_BASE_CONTACT,999999999.0000000000,8879.6221420000,0.2000000000,0.5000000000,0.4500000000,2.5000000000,0.8000000000,103,110,104,111,104,113
1632,neighbor,False,MINIMUM_MAIN_STEEL,999999999.0000000000,8879.6221420000,0.2000000000,0.3500000000,0.5500000000,2.5000000000,1.0000000000,101,110,100,113,102,112
1633,neighbor,False,MINIMUM_MAIN_STEEL,999999999.0000000000,8879.6221420000,0.2000000000,0.5000000000,0.3000000000,3.5000000000,1.0000000000,100,110,104,113,103,113
1634,neighbor,False,MAXIMUM_MAIN_STEEL,999999999.0000000000,8879.6221420000,0.2000000000,0.3000000000,0.5500000000,3.5000000000,1.0000000000,103,111,102,112,104,111
1635,neighbor,False,MEMBER_FLEXURE,999999999.0000000000,8879.6221420000,0.2750000000,0.4500000000,0.3000000000,3.5000000000,1.0000000000,101,110,101,113,104,112
1636,neighbor,False,MINIMUM_MAIN_STEEL,999999999.0000000000,8879.6221420000,0.2500000000,0.3000000000,0.3500000000,3.0000000000,1.0000000000,101,112,100,112,104,113
1637,neighbor,False,MINIMUM_MAIN_STEEL,999999999.0000000000,8879.6221420000,0.2750000000,0.3000000000,0.4000000000,3.0000000000,0.9000000000,100,112,104,112,104,113
1638,neighbor,False,MINIMUM_MAIN_STEEL,999999999.0000000000,8879.6221420000,0.2000000000,0.3500000000,0.3000000000,2.5000000000,0.9000000000,100,111,101,113,103,113
1639,neighbor,False,MAXIMUM_MAIN_STEEL,999999999.0000000000,8879.6221420000,0.2000000000,0.3500000000,0.3000000000,3.0000000000,1.0000000000,103,110,101,113,104,113
1640,neighbor,False,ENVELOPE_BASE_CONTACT,999999999.0000000000,8879.6221420000,0.2750000000,0.4000000000,0.3000000000,2.5000000000,1.0000000000,103,111,101,113,103,113
1641,neighbor,False,ENVELOPE_BASE_CONTACT,999999999.0000000000,8879.6221420000,0.2250000000,0.3500000000,0.5000000000,2.5000000000,1.0000000000,101,110,102,113,104,113
1642,neighbor,False,MAXIMUM_MAIN_STEEL,999999999.0000000000,8879.6221420000,0.2000000000,0.3000000000,0.3500000000,3.5000000000,1.0000000000,103,110,101,112,104,111
1643,neighbor,False,ENVELOPE_BASE_CONTACT,999999999.0000000000,8879.6221420000,0.2500000000,0.4500000000,0.3000000000,2.5000000000,1.0000000000,103,110,104,111,104,113
1644,neighbor,False,MINIMUM_MAIN_STEEL,999999999.0000000000,8879.6221420000,0.2000000000,0.3500000000,0.3500000000,3.5000000000,0.9000000000,100,112,101,111,104,112
1645,neighbor,False,MINIMUM_MAIN_STEEL,999999999.0000000000,8879.6221420000,0.2000000000,0.4500000000,0.5000000000,3.0000000000,0.8000000000,100,110,103,113,104,113
1646,neighbor,True,PASS_IMPLEMENTED_PROJECT_CHECKS,9840.4557600000,8879.6221420000,0.2500000000,0.4500000000,0.3000000000,3.0000000000,1.0000000000,101,110,103,111,104,112
1647,neighbor,False,MINIMUM_MAIN_STEEL,999999999.0000000000,8879.6221420000,0.2250000000,0.3500000000,0.3000000000,3.0000000000,0.9000000000,101,110,100,113,104,111
1648,neighbor,True,PASS_IMPLEMENTED_PROJECT_CHECKS,11141.8518000000,8879.6221420000,0.2500000000,0.3500000000,0.3500000000,3.5000000000,0.8000000000,102,110,102,113,103,111
1649,neighbor,True,PASS_IMPLEMENTED_PROJECT_CHECKS,11031.5859000000,8879.6221420000,0.2500000000,0.5000000000,0.3000000000,3.5000000000,1.0000000000,102,110,102,113,103,113
1650,neighbor,False,MINIMUM_MAIN_STEEL,999999999.0000000000,8879.6221420000,0.2000000000,0.4500000000,0.3000000000,3.5000000000,1.0000000000,100,110,100,113,102,113
1651,neighbor,False,MINIMUM_MAIN_STEEL,999999999.0000000000,8879.6221420000,0.2750000000,0.4500000000,0.3000000000,2.5000000000,1.0000000000,100,110,101,113,104,112
1652,neighbor,False,MINIMUM_MAIN_STEEL,999999999.0000000000,8879.6221420000,0.2000000000,0.3500000000,0.5000000000,3.5000000000,1.0000000000,100,110,101,113,103,112
1653,neighbor,False,INVALID_GEOMETRY_OR_INPUT,999999999.0000000000,8879.6221420000,0.2000000000,0.5000000000,0.3000000000,2.5000000000,1.0000000000,103,110,103,111,104,113
1654,neighbor,False,MINIMUM_MAIN_STEEL,999999999.0000000000,8879.6221420000,0.2500000000,0.4500000000,0.4500000000,3.5000000000,0.8000000000,100,111,104,113,104,112
1655,neighbor,True,PASS_IMPLEMENTED_PROJECT_CHECKS,12006.7348230000,8879.6221420000,0.2750000000,0.3000000000,0.5500000000,3.0000000000,0.8000000000,102,110,104,113,104,111
1656,neighbor,False,MAXIMUM_MAIN_STEEL,999999999.0000000000,8879.6221420000,0.2250000000,0.3000000000,0.3000000000,3.0000000000,0.8000000000,103,110,102,113,103,113
1657,neighbor,False,MINIMUM_MAIN_STEEL,999999999.0000000000,8879.6221420000,0.2000000000,0.5000000000,0.5500000000,3.0000000000,0.9000000000,100,110,102,113,103,113
1658,neighbor,False,MINIMUM_MAIN_STEEL,999999999.0000000000,8879.6221420000,0.2000000000,0.3000000000,0.3000000000,3.5000000000,1.0000000000,102,110,100,113,102,113
1659,neighbor,False,MINIMUM_MAIN_STEEL,999999999.0000000000,8879.6221420000,0.2500000000,0.4500000000,0.3000000000,2.5000000000,0.8000000000,100,110,100,112,102,113
1660,neighbor,True,PASS_IMPLEMENTED_PROJECT_CHECKS,10502.3358330000,8879.6221420000,0.2750000000,0.4500000000,0.3500000000,3.5000000000,1.0000000000,101,110,101,111,104,113
1661,neighbor,False,MINIMUM_MAIN_STEEL,999999999.0000000000,8879.6221420000,0.2000000000,0.4500000000,0.3000000000,3.0000000000,1.0000000000,100,112,104,113,104,113
1662,neighbor,False,ENVELOPE_BASE_CONTACT,999999999.0000000000,8879.6221420000,0.2000000000,0.4000000000,0.3000000000,2.5000000000,1.0000000000,101,110,103,112,102,113
1663,neighbor,False,MINIMUM_MAIN_STEEL,999999999.0000000000,8879.6221420000,0.2500000000,0.3500000000,0.3000000000,3.5000000000,1.0000000000,102,112,100,113,104,111
1664,neighbor,False,INVALID_GEOMETRY_OR_INPUT,999999999.0000000000,8879.6221420000,0.2000000000,0.5000000000,0.3500000000,2.5000000000,1.0000000000,103,110,103,112,104,112
1665,neighbor,True,PASS_IMPLEMENTED_PROJECT_CHECKS,12370.6365100000,8879.6221420000,0.2750000000,0.4000000000,0.5000000000,3.5000000000,0.9000000000,102,110,101,111,104,113
1666,neighbor,False,STEM_STRESS_OR_INTERVAL_BOUND,999999999.0000000000,8879.6221420000,0.2000000000,0.3500000000,0.3000000000,3.0000000000,1.0000000000,102,111,101,112,104,113
1667,neighbor,False,ENVELOPE_BASE_CONTACT,999999999.0000000000,8879.6221420000,0.2250000000,0.4000000000,0.5000000000,2.5000000000,1.0000000000,102,110,102,112,104,113
1668,neighbor,False,ENVELOPE_BASE_CONTACT,999999999.0000000000,8879.6221420000,0.2000000000,0.3000000000,0.3000000000,2.5000000000,0.8000000000,101,110,101,111,104,111
1669,neighbor,False,MAXIMUM_MAIN_STEEL,999999999.0000000000,8879.6221420000,0.2500000000,0.3000000000,0.5000000000,3.0000000000,0.9000000000,103,110,102,113,104,111
1670,neighbor,False,MINIMUM_MAIN_STEEL,999999999.0000000000,8879.6221420000,0.2000000000,0.5000000000,0.3000000000,3.0000000000,0.8000000000,100,110,104,113,104,113
1671,neighbor,False,STEM_STRESS_OR_INTERVAL_BOUND,999999999.0000000000,8879.6221420000,0.2750000000,0.4500000000,0.3000000000,3.0000000000,0.8000000000,101,111,101,113,103,113
1672,neighbor,False,MINIMUM_MAIN_STEEL,999999999.0000000000,8879.6221420000,0.2000000000,0.3000000000,0.4000000000,3.5000000000,1.0000000000,101,112,100,112,104,113
1673,neighbor,False,STEM_STRESS_OR_INTERVAL_BOUND,999999999.0000000000,8879.6221420000,0.2750000000,0.3500000000,0.4500000000,3.0000000000,1.0000000000,101,112,103,113,102,113
1674,neighbor,False,MAXIMUM_MAIN_STEEL,999999999.0000000000,8879.6221420000,0.2500000000,0.5000000000,0.5500000000,3.5000000000,1.0000000000,103,110,102,112,104,111
1675,neighbor,False,MINIMUM_MAIN_STEEL,999999999.0000000000,8879.6221420000,0.2250000000,0.4500000000,0.3000000000,3.0000000000,0.9000000000,100,110,100,112,102,111
1676,neighbor,False,MEMBER_FLEXURE,999999999.0000000000,8879.6221420000,0.2500000000,0.4500000000,0.3000000000,3.5000000000,1.0000000000,101,110,103,113,102,113
1677,neighbor,False,MINIMUM_MAIN_STEEL,999999999.0000000000,8879.6221420000,0.2000000000,0.3000000000,0.3000000000,3.0000000000,1.0000000000,100,110,100,113,104,113
1678,neighbor,False,STEM_STRESS_OR_INTERVAL_BOUND,999999999.0000000000,8879.6221420000,0.2500000000,0.3500000000,0.3000000000,3.5000000000,0.9000000000,101,110,101,112,104,113
1679,neighbor,False,MINIMUM_MAIN_STEEL,999999999.0000000000,8879.6221420000,0.2000000000,0.3000000000,0.3500000000,3.5000000000,1.0000000000,100,110,100,112,102,113
1680,neighbor,True,PASS_IMPLEMENTED_PROJECT_CHECKS,10322.6055080000,8879.6221420000,0.2500000000,0.3000000000,0.3000000000,3.5000000000,0.9000000000,103,111,103,113,104,113
1681,neighbor,False,MAXIMUM_MAIN_STEEL,999999999.0000000000,8879.6221420000,0.2000000000,0.4500000000,0.3500000000,3.0000000000,1.0000000000,103,110,102,113,104,112
1682,neighbor,False,ENVELOPE_BASE_CONTACT,999999999.0000000000,8879.6221420000,0.2250000000,0.4000000000,0.5500000000,2.5000000000,1.0000000000,103,110,104,113,102,112
1683,neighbor,False,ENVELOPE_BASE_CONTACT,999999999.0000000000,8879.6221420000,0.2250000000,0.5000000000,0.3000000000,2.5000000000,0.9000000000,102,110,101,113,104,111
1684,neighbor,False,MINIMUM_MAIN_STEEL,999999999.0000000000,8879.6221420000,0.2250000000,0.4500000000,0.3000000000,3.5000000000,0.8000000000,100,111,101,112,103,113
1685,neighbor,False,MINIMUM_MAIN_STEEL,999999999.0000000000,8879.6221420000,0.2000000000,0.3000000000,0.3500000000,3.5000000000,1.0000000000,100,110,100,113,102,113
1686,neighbor,True,PASS_IMPLEMENTED_PROJECT_CHECKS,10324.2227900000,8879.6221420000,0.2000000000,0.4000000000,0.3000000000,3.5000000000,1.0000000000,103,112,103,111,104,112
1687,neighbor,False,MINIMUM_MAIN_STEEL,999999999.0000000000,8879.6221420000,0.2000000000,0.3000000000,0.5500000000,3.0000000000,0.9000000000,100,112,103,113,104,113
1688,neighbor,False,STEM_STRESS_OR_INTERVAL_BOUND,999999999.0000000000,8879.6221420000,0.2250000000,0.3500000000,0.3000000000,3.5000000000,1.0000000000,101,112,103,113,104,113
1689,neighbor,False,ENVELOPE_BASE_CONTACT,999999999.0000000000,8879.6221420000,0.2000000000,0.4500000000,0.3000000000,2.5000000000,0.9000000000,103,111,102,113,104,113
1690,neighbor,False,MINIMUM_MAIN_STEEL,999999999.0000000000,8879.6221420000,0.2250000000,0.3500000000,0.5500000000,2.5000000000,1.0000000000,100,111,104,113,103,113
1691,neighbor,False,ENVELOPE_BASE_CONTACT,999999999.0000000000,8879.6221420000,0.2000000000,0.3500000000,0.3000000000,2.5000000000,0.9000000000,100,110,104,113,102,113
1692,neighbor,False,MEMBER_FLEXURE,999999999.0000000000,8879.6221420000,0.2000000000,0.5000000000,0.3000000000,3.5000000000,1.0000000000,101,110,101,112,102,112
1693,neighbor,False,ENVELOPE_BASE_CONTACT,999999999.0000000000,8879.6221420000,0.2000000000,0.3000000000,0.3000000000,2.5000000000,1.0000000000,102,111,103,113,103,113
1694,neighbor,False,ENVELOPE_BASE_CONTACT,999999999.0000000000,8879.6221420000,0.2750000000,0.4500000000,0.5500000000,2.5000000000,0.9000000000,103,111,104,111,104,113
1695,neighbor,True,PASS_IMPLEMENTED_PROJECT_CHECKS,11108.7001240000,8879.6221420000,0.2250000000,0.4500000000,0.4000000000,3.0000000000,0.8000000000,102,110,103,111,104,113
1696,neighbor,False,MAXIMUM_MAIN_STEEL,999999999.0000000000,8879.6221420000,0.2000000000,0.4000000000,0.4000000000,3.0000000000,0.9000000000,102,110,102,113,102,112
1697,neighbor,False,MAXIMUM_MAIN_STEEL,999999999.0000000000,8879.6221420000,0.2000000000,0.4500000000,0.3000000000,3.0000000000,1.0000000000,102,110,101,113,104,113
1698,neighbor,True,PASS_IMPLEMENTED_PROJECT_CHECKS,12377.6455650000,8879.6221420000,0.2750000000,0.3500000000,0.5500000000,3.5000000000,1.0000000000,103,112,104,111,103,112
1699,neighbor,False,MINIMUM_MAIN_STEEL,999999999.0000000000,8879.6221420000,0.2750000000,0.3000000000,0.3000000000,2.5000000000,1.0000000000,100,110,100,113,104,111
1700,neighbor,True,PASS_IMPLEMENTED_PROJECT_CHECKS,9333.3787500000,8879.6221420000,0.2250000000,0.4000000000,0.3000000000,3.0000000000,0.9000000000,102,111,103,113,103,111
1701,neighbor,False,MINIMUM_MAIN_STEEL,999999999.0000000000,8879.6221420000,0.2750000000,0.3500000000,0.3000000000,3.5000000000,0.8000000000,102,110,100,113,104,113
1702,neighbor,True,PASS_IMPLEMENTED_PROJECT_CHECKS,12128.4121850000,8879.6221420000,0.2750000000,0.4500000000,0.3500000000,3.5000000000,0.9000000000,102,110,102,113,104,111
1703,neighbor,False,MINIMUM_MAIN_STEEL,999999999.0000000000,8879.6221420000,0.2500000000,0.5000000000,0.3000000000,3.5000000000,0.8000000000,101,112,104,113,103,111
1704,neighbor,False,MAXIMUM_MAIN_STEEL,999999999.0000000000,8879.6221420000,0.2000000000,0.3500000000,0.3000000000,3.5000000000,1.0000000000,103,111,104,113,102,111
1705,neighbor,False,MINIMUM_MAIN_STEEL,999999999.0000000000,8879.6221420000,0.2500000000,0.4500000000,0.3000000000,3.0000000000,0.8000000000,100,112,100,113,103,111
1706,neighbor,False,MINIMUM_MAIN_STEEL,999999999.0000000000,8879.6221420000,0.2000000000,0.4000000000,0.3000000000,3.0000000000,0.9000000000,102,111,100,113,102,113
1707,neighbor,False,MINIMUM_MAIN_STEEL,999999999.0000000000,8879.6221420000,0.2000000000,0.5000000000,0.3500000000,3.0000000000,1.0000000000,100,111,104,113,104,112
1708,neighbor,False,STEM_STRESS_OR_INTERVAL_BOUND,999999999.0000000000,8879.6221420000,0.2750000000,0.3500000000,0.4500000000,3.5000000000,0.9000000000,101,110,102,111,103,113
1709,neighbor,True,PASS_IMPLEMENTED_PROJECT_CHECKS,9948.2676640000,8879.6221420000,0.2000000000,0.5000000000,0.3000000000,3.5000000000,1.0000000000,101,110,104,113,103,113
1710,neighbor,False,MAXIMUM_MAIN_STEEL,999999999.0000000000,8879.6221420000,0.2000000000,0.3000000000,0.3000000000,3.0000000000,1.0000000000,103,110,103,113,102,111
1711,neighbor,False,MINIMUM_MAIN_STEEL,999999999.0000000000,8879.6221420000,0.2000000000,0.4500000000,0.3500000000,3.0000000000,1.0000000000,100,110,100,113,103,112
1712,neighbor,False,MEMBER_FLEXURE,999999999.0000000000,8879.6221420000,0.2750000000,0.4000000000,0.3000000000,3.5000000000,1.0000000000,101,110,103,113,102,113
1713,neighbor,False,MINIMUM_MAIN_STEEL,999999999.0000000000,8879.6221420000,0.2250000000,0.4500000000,0.5500000000,2.5000000000,0.8000000000,100,110,102,113,102,113
1714,neighbor,True,PASS_IMPLEMENTED_PROJECT_CHECKS,10503.0514000000,8879.6221420000,0.2500000000,0.3000000000,0.4000000000,3.5000000000,1.0000000000,102,110,102,113,102,112
1715,neighbor,False,INVALID_GEOMETRY_OR_INPUT,999999999.0000000000,8879.6221420000,0.2750000000,0.5000000000,0.5000000000,2.5000000000,1.0000000000,100,110,101,111,103,113
1716,neighbor,False,STEM_STRESS_OR_INTERVAL_BOUND,999999999.0000000000,8879.6221420000,0.2500000000,0.3500000000,0.4500000000,3.5000000000,1.0000000000,100,110,102,111,103,113
1717,neighbor,True,PASS_IMPLEMENTED_PROJECT_CHECKS,10185.3622500000,8879.6221420000,0.2250000000,0.3500000000,0.3000000000,3.5000000000,1.0000000000,102,110,103,113,102,111
1718,neighbor,False,MINIMUM_MAIN_STEEL,999999999.0000000000,8879.6221420000,0.2500000000,0.4500000000,0.3000000000,3.5000000000,1.0000000000,100,110,104,113,104,111
1719,neighbor,False,MINIMUM_MAIN_STEEL,999999999.0000000000,8879.6221420000,0.2750000000,0.3500000000,0.3000000000,2.5000000000,1.0000000000,101,110,100,113,104,113
1720,neighbor,False,MINIMUM_MAIN_STEEL,999999999.0000000000,8879.6221420000,0.2500000000,0.4500000000,0.3000000000,2.5000000000,1.0000000000,100,112,100,112,102,113
1721,neighbor,False,STEM_STRESS_OR_INTERVAL_BOUND,999999999.0000000000,8879.6221420000,0.2000000000,0.3000000000,0.3000000000,3.5000000000,1.0000000000,100,110,101,112,104,111
1722,neighbor,False,MINIMUM_MAIN_STEEL,999999999.0000000000,8879.6221420000,0.2000000000,0.4500000000,0.3000000000,3.0000000000,1.0000000000,101,112,102,111,102,113
1723,neighbor,False,MINIMUM_MAIN_STEEL,999999999.0000000000,8879.6221420000,0.2250000000,0.4000000000,0.3000000000,2.5000000000,1.0000000000,100,110,102,113,104,112
1724,neighbor,False,STEM_STRESS_OR_INTERVAL_BOUND,999999999.0000000000,8879.6221420000,0.2000000000,0.3500000000,0.3000000000,3.0000000000,1.0000000000,101,110,103,113,103,111
1725,neighbor,False,MINIMUM_MAIN_STEEL,999999999.0000000000,8879.6221420000,0.2750000000,0.4000000000,0.5500000000,3.0000000000,0.8000000000,100,110,104,112,103,112
1726,neighbor,False,MINIMUM_MAIN_STEEL,999999999.0000000000,8879.6221420000,0.2500000000,0.4500000000,0.4500000000,3.5000000000,0.8000000000,101,112,104,113,102,113
1727,neighbor,False,MINIMUM_MAIN_STEEL,999999999.0000000000,8879.6221420000,0.2750000000,0.4500000000,0.3000000000,2.5000000000,0.9000000000,100,112,100,113,104,112
1728,neighbor,False,MINIMUM_MAIN_STEEL,999999999.0000000000,8879.6221420000,0.2000000000,0.5000000000,0.4000000000,3.0000000000,0.8000000000,101,112,101,113,102,113
1729,neighbor,False,INVALID_GEOMETRY_OR_INPUT,999999999.0000000000,8879.6221420000,0.2500000000,0.5000000000,0.5000000000,2.5000000000,1.0000000000,100,110,102,113,103,111
1730,neighbor,False,ENVELOPE_BASE_CONTACT,999999999.0000000000,8879.6221420000,0.2000000000,0.3000000000,0.3000000000,2.5000000000,1.0000000000,103,110,103,113,103,113
1731,neighbor,False,ENVELOPE_BASE_CONTACT,999999999.0000000000,8879.6221420000,0.2250000000,0.3000000000,0.4000000000,2.5000000000,1.0000000000,103,110,103,113,103,113
1732,neighbor,False,ENVELOPE_BASE_CONTACT,999999999.0000000000,8879.6221420000,0.2750000000,0.4000000000,0.4000000000,2.5000000000,0.8000000000,102,110,103,113,104,111
1733,neighbor,False,STEM_STRESS_OR_INTERVAL_BOUND,999999999.0000000000,8879.6221420000,0.2000000000,0.3500000000,0.3000000000,3.5000000000,1.0000000000,100,110,102,113,102,113
1734,neighbor,False,MAXIMUM_MAIN_STEEL,999999999.0000000000,8879.6221420000,0.2250000000,0.3500000000,0.4000000000,3.0000000000,1.0000000000,103,110,103,111,104,113
1735,neighbor,False,STEM_STRESS_OR_INTERVAL_BOUND,999999999.0000000000,8879.6221420000,0.2000000000,0.3500000000,0.3000000000,3.5000000000,1.0000000000,101,111,101,113,104,113
1736,neighbor,True,PASS_IMPLEMENTED_PROJECT_CHECKS,11700.1991400000,8879.6221420000,0.2500000000,0.5000000000,0.5000000000,3.5000000000,1.0000000000,101,110,103,111,102,113
1737,neighbor,False,MINIMUM_MAIN_STEEL,999999999.0000000000,8879.6221420000,0.2250000000,0.4500000000,0.3000000000,3.5000000000,1.0000000000,100,110,100,113,104,113
1738,neighbor,False,MINIMUM_MAIN_STEEL,999999999.0000000000,8879.6221420000,0.2250000000,0.4500000000,0.3000000000,3.5000000000,1.0000000000,101,111,100,113,103,113
1739,neighbor,False,MINIMUM_MAIN_STEEL,999999999.0000000000,8879.6221420000,0.2000000000,0.3000000000,0.3000000000,3.0000000000,1.0000000000,103,110,100,113,104,111
1740,neighbor,False,ENVELOPE_BASE_CONTACT,999999999.0000000000,8879.6221420000,0.2750000000,0.3500000000,0.3000000000,2.5000000000,0.9000000000,100,110,102,113,104,111
1741,neighbor,False,MINIMUM_MAIN_STEEL,999999999.0000000000,8879.6221420000,0.2000000000,0.3000000000,0.5000000000,2.5000000000,0.8000000000,103,111,100,111,104,113
1742,neighbor,False,MAXIMUM_MAIN_STEEL,999999999.0000000000,8879.6221420000,0.2000000000,0.4500000000,0.5000000000,3.5000000000,1.0000000000,103,110,104,112,104,113
1743,neighbor,False,MINIMUM_MAIN_STEEL,999999999.0000000000,8879.6221420000,0.2500000000,0.4000000000,0.3000000000,3.0000000000,1.0000000000,100,110,101,112,104,113
1744,neighbor,True,PASS_IMPLEMENTED_PROJECT_CHECKS,9464.8365240000,8879.6221420000,0.2000000000,0.4500000000,0.3000000000,3.0000000000,1.0000000000,102,111,104,113,104,112
1745,neighbor,False,MAXIMUM_MAIN_STEEL,999999999.0000000000,8879.6221420000,0.2000000000,0.4500000000,0.3500000000,3.0000000000,1.0000000000,103,111,103,111,104,113
1746,neighbor,False,STEM_STRESS_OR_INTERVAL_BOUND,999999999.0000000000,8879.6221420000,0.2500000000,0.3500000000,0.3000000000,3.0000000000,0.9000000000,100,110,103,111,104,113
1747,neighbor,False,MINIMUM_MAIN_STEEL,999999999.0000000000,8879.6221420000,0.2000000000,0.4000000000,0.3000000000,2.5000000000,1.0000000000,103,110,100,112,104,113
1748,neighbor,False,MAXIMUM_MAIN_STEEL,999999999.0000000000,8879.6221420000,0.2000000000,0.3000000000,0.4500000000,3.5000000000,0.9000000000,103,110,103,112,104,113
1749,neighbor,False,ENVELOPE_BASE_CONTACT,999999999.0000000000,8879.6221420000,0.2750000000,0.4500000000,0.3000000000,2.5000000000,0.8000000000,103,111,103,113,104,113
1750,neighbor,False,MINIMUM_MAIN_STEEL,999999999.0000000000,8879.6221420000,0.2250000000,0.5000000000,0.4000000000,3.5000000000,1.0000000000,100,111,100,113,103,113
1751,neighbor,False,MINIMUM_MAIN_STEEL,999999999.0000000000,8879.6221420000,0.2750000000,0.4500000000,0.5500000000,2.5000000000,0.8000000000,100,112,102,113,104,113
1752,neighbor,False,STEM_STRESS_OR_INTERVAL_BOUND,999999999.0000000000,8879.6221420000,0.2500000000,0.3500000000,0.3000000000,3.5000000000,0.8000000000,100,110,101,113,104,113
1753,neighbor,False,ENVELOPE_BASE_CONTACT,999999999.0000000000,8879.6221420000,0.2750000000,0.4500000000,0.5500000000,2.5000000000,1.0000000000,101,110,102,111,104,113
1754,neighbor,False,ENVELOPE_BASE_CONTACT,999999999.0000000000,8879.6221420000,0.2000000000,0.3000000000,0.4000000000,2.5000000000,0.9000000000,100,110,102,111,104,113
1755,neighbor,False,MINIMUM_MAIN_STEEL,999999999.0000000000,8879.6221420000,0.2500000000,0.3000000000,0.3000000000,3.5000000000,1.0000000000,101,110,100,113,104,111
1756,neighbor,False,ENVELOPE_BASE_CONTACT,999999999.0000000000,8879.6221420000,0.2750000000,0.3500000000,0.3000000000,2.5000000000,1.0000000000,103,110,100,111,104,113
1757,neighbor,False,STEM_STRESS_OR_INTERVAL_BOUND,999999999.0000000000,8879.6221420000,0.2500000000,0.3000000000,0.3000000000,3.0000000000,1.0000000000,100,110,102,113,104,111
1758,neighbor,False,STEM_STRESS_OR_INTERVAL_BOUND,999999999.0000000000,8879.6221420000,0.2000000000,0.3500000000,0.3000000000,3.5000000000,0.9000000000,100,110,102,113,103,113
1759,neighbor,False,STEM_STRESS_OR_INTERVAL_BOUND,999999999.0000000000,8879.6221420000,0.2250000000,0.3500000000,0.3000000000,3.0000000000,0.8000000000,100,110,102,112,103,113
1760,neighbor,False,STEM_STRESS_OR_INTERVAL_BOUND,999999999.0000000000,8879.6221420000,0.2000000000,0.4500000000,0.3000000000,3.5000000000,1.0000000000,102,112,101,113,104,113
1761,neighbor,False,MINIMUM_MAIN_STEEL,999999999.0000000000,8879.6221420000,0.2250000000,0.4500000000,0.5000000000,2.5000000000,0.9000000000,100,110,101,113,104,113
1762,neighbor,False,ENVELOPE_BASE_CONTACT,999999999.0000000000,8879.6221420000,0.2500000000,0.4500000000,0.4500000000,2.5000000000,0.9000000000,101,110,104,113,104,111
1763,neighbor,False,MINIMUM_MAIN_STEEL,999999999.0000000000,8879.6221420000,0.2750000000,0.5000000000,0.3000000000,3.0000000000,1.0000000000,103,111,100,113,103,112
1764,neighbor,False,MINIMUM_MAIN_STEEL,999999999.0000000000,8879.6221420000,0.2500000000,0.4000000000,0.3000000000,2.5000000000,1.0000000000,101,110,100,112,104,113
1765,neighbor,False,MINIMUM_MAIN_STEEL,999999999.0000000000,8879.6221420000,0.2000000000,0.4500000000,0.3000000000,2.5000000000,1.0000000000,100,112,102,113,102,112
1766,neighbor,True,PASS_IMPLEMENTED_PROJECT_CHECKS,9507.6348500000,8879.6221420000,0.2750000000,0.3000000000,0.3000000000,3.0000000000,0.9000000000,102,110,102,113,102,111
1767,neighbor,False,MINIMUM_MAIN_STEEL,999999999.0000000000,8879.6221420000,0.2250000000,0.3000000000,0.5000000000,2.5000000000,1.0000000000,102,111,100,113,102,113
1768,neighbor,False,STEM_STRESS_OR_INTERVAL_BOUND,999999999.0000000000,8879.6221420000,0.2000000000,0.3500000000,0.4500000000,3.0000000000,1.0000000000,101,111,102,113,104,111
1769,neighbor,False,STEM_STRESS_OR_INTERVAL_BOUND,999999999.0000000000,8879.6221420000,0.2750000000,0.3000000000,0.3000000000,3.5000000000,1.0000000000,100,110,100,111,102,113
1770,neighbor,False,MINIMUM_MAIN_STEEL,999999999.0000000000,8879.6221420000,0.2000000000,0.4000000000,0.3000000000,3.5000000000,1.0000000000,100,110,100,113,104,111
1771,neighbor,False,ENVELOPE_BASE_CONTACT,999999999.0000000000,8879.6221420000,0.2750000000,0.3000000000,0.3000000000,2.5000000000,1.0000000000,100,110,101,113,104,112
1772,neighbor,False,STEM_STRESS_OR_INTERVAL_BOUND,999999999.0000000000,8879.6221420000,0.2250000000,0.3000000000,0.5500000000,3.5000000000,1.0000000000,102,111,102,113,104,112
1773,neighbor,False,ENVELOPE_BASE_CONTACT,999999999.0000000000,8879.6221420000,0.2750000000,0.4500000000,0.4500000000,2.5000000000,1.0000000000,102,110,103,112,102,112
1774,neighbor,False,MAXIMUM_MAIN_STEEL,999999999.0000000000,8879.6221420000,0.2000000000,0.4000000000,0.5000000000,3.5000000000,0.9000000000,102,110,103,112,104,112
1775,neighbor,False,MINIMUM_MAIN_STEEL,999999999.0000000000,8879.6221420000,0.2000000000,0.4500000000,0.3000000000,3.0000000000,0.9000000000,100,110,101,113,102,112
1776,neighbor,False,MAXIMUM_MAIN_STEEL,999999999.0000000000,8879.6221420000,0.2000000000,0.5000000000,0.3000000000,3.0000000000,0.9000000000,103,110,102,113,102,112
1777,neighbor,False,STEM_STRESS_OR_INTERVAL_BOUND,999999999.0000000000,8879.6221420000,0.2000000000,0.3000000000,0.4500000000,3.5000000000,0.8000000000,100,110,104,112,104,113
1778,neighbor,False,MINIMUM_MAIN_STEEL,999999999.0000000000,8879.6221420000,0.2500000000,0.4000000000,0.3000000000,3.0000000000,1.0000000000,100,110,101,113,104,113
1779,neighbor,False,ENVELOPE_BASE_CONTACT,999999999.0000000000,8879.6221420000,0.2000000000,0.4000000000,0.3500000000,2.5000000000,1.0000000000,103,110,103,113,103,112
1780,neighbor,False,MINIMUM_MAIN_STEEL,999999999.0000000000,8879.6221420000,0.2000000000,0.3500000000,0.3000000000,2.5000000000,0.8000000000,100,112,102,113,103,112
1781,neighbor,False,MINIMUM_MAIN_STEEL,999999999.0000000000,8879.6221420000,0.2750000000,0.3000000000,0.4000000000,3.0000000000,0.8000000000,100,112,100,113,102,113
1782,neighbor,False,ENVELOPE_BASE_CONTACT,999999999.0000000000,8879.6221420000,0.2000000000,0.4000000000,0.3000000000,2.5000000000,0.9000000000,102,112,101,113,104,113
1783,neighbor,False,MINIMUM_MAIN_STEEL,999999999.0000000000,8879.6221420000,0.2750000000,0.4500000000,0.3000000000,2.5000000000,0.8000000000,100,110,100,112,104,112
1784,neighbor,True,PASS_IMPLEMENTED_PROJECT_CHECKS,10461.4361900000,8879.6221420000,0.2250000000,0.5000000000,0.3000000000,3.5000000000,1.0000000000,102,111,104,111,103,113
1785,neighbor,False,MAXIMUM_MAIN_STEEL,999999999.0000000000,8879.6221420000,0.2250000000,0.3000000000,0.3500000000,3.5000000000,1.0000000000,103,110,102,113,104,113
1786,neighbor,False,INVALID_GEOMETRY_OR_INPUT,999999999.0000000000,8879.6221420000,0.2250000000,0.5000000000,0.5000000000,2.5000000000,1.0000000000,100,110,100,113,104,112
1787,neighbor,False,INVALID_GEOMETRY_OR_INPUT,999999999.0000000000,8879.6221420000,0.2250000000,0.5000000000,0.4000000000,2.5000000000,1.0000000000,103,110,104,113,104,112
1788,neighbor,False,INVALID_GEOMETRY_OR_INPUT,999999999.0000000000,8879.6221420000,0.2250000000,0.5000000000,0.3000000000,2.5000000000,1.0000000000,100,110,100,111,103,113
1789,neighbor,True,PASS_IMPLEMENTED_PROJECT_CHECKS,10636.6799820000,8879.6221420000,0.2250000000,0.4000000000,0.3000000000,3.5000000000,1.0000000000,102,110,102,111,104,113
1790,neighbor,True,PASS_IMPLEMENTED_PROJECT_CHECKS,10796.1747320000,8879.6221420000,0.2250000000,0.5000000000,0.3000000000,3.5000000000,0.9000000000,103,112,103,111,104,113
1791,neighbor,False,ENVELOPE_BASE_CONTACT,999999999.0000000000,8879.6221420000,0.2500000000,0.3000000000,0.3000000000,2.5000000000,0.9000000000,102,112,104,113,103,113
1792,neighbor,False,ENVELOPE_BASE_CONTACT,999999999.0000000000,8879.6221420000,0.2000000000,0.4500000000,0.3000000000,2.5000000000,1.0000000000,101,110,102,112,104,111
1793,neighbor,False,MINIMUM_MAIN_STEEL,999999999.0000000000,8879.6221420000,0.2500000000,0.4500000000,0.3500000000,3.5000000000,1.0000000000,101,110,100,113,102,113
1794,neighbor,False,ENVELOPE_BASE_CONTACT,999999999.0000000000,8879.6221420000,0.2750000000,0.3500000000,0.3000000000,2.5000000000,0.8000000000,100,110,104,111,104,113
1795,neighbor,False,MINIMUM_MAIN_STEEL,999999999.0000000000,8879.6221420000,0.2500000000,0.4500000000,0.5500000000,3.0000000000,1.0000000000,100,112,104,111,104,113
1796,neighbor,False,STEM_STRESS_OR_INTERVAL_BOUND,999999999.0000000000,8879.6221420000,0.2000000000,0.4500000000,0.3000000000,3.5000000000,1.0000000000,102,112,101,113,104,113
1797,neighbor,False,STEM_STRESS_OR_INTERVAL_BOUND,999999999.0000000000,8879.6221420000,0.2750000000,0.3000000000,0.5000000000,3.0000000000,1.0000000000,101,110,102,112,104,113
1798,neighbor,True,PASS_IMPLEMENTED_PROJECT_CHECKS,8975.9706400000,8879.6221420000,0.2000000000,0.4000000000,0.3000000000,3.0000000000,1.0000000000,102,111,102,113,104,112
1799,neighbor,False,MINIMUM_MAIN_STEEL,999999999.0000000000,8879.6221420000,0.2250000000,0.4500000000,0.4000000000,3.0000000000,0.8000000000,100,110,104,113,104,113
1800,neighbor,False,ENVELOPE_BASE_CONTACT,999999999.0000000000,8879.6221420000,0.2000000000,0.4000000000,0.3500000000,2.5000000000,1.0000000000,101,111,103,113,104,113
1801,neighbor,False,ENVELOPE_BASE_CONTACT,999999999.0000000000,8879.6221420000,0.2500000000,0.4500000000,0.3000000000,2.5000000000,0.8000000000,103,110,103,111,102,111
1802,neighbor,False,MINIMUM_MAIN_STEEL,999999999.0000000000,8879.6221420000,0.2250000000,0.5000000000,0.5000000000,3.5000000000,1.0000000000,101,110,101,113,104,112
1803,neighbor,False,MAXIMUM_MAIN_STEEL,999999999.0000000000,8879.6221420000,0.2500000000,0.4500000000,0.3000000000,3.5000000000,0.8000000000,103,110,101,112,102,111
1804,neighbor,False,ENVELOPE_BASE_CONTACT,999999999.0000000000,8879.6221420000,0.2750000000,0.4000000000,0.3000000000,2.5000000000,0.8000000000,101,110,103,113,104,113
1805,neighbor,False,STEM_STRESS_OR_INTERVAL_BOUND,999999999.0000000000,8879.6221420000,0.2750000000,0.3000000000,0.5000000000,3.0000000000,1.0000000000,100,110,104,113,104,113
1806,neighbor,False,INVALID_GEOMETRY_OR_INPUT,999999999.0000000000,8879.6221420000,0.2000000000,0.5000000000,0.3000000000,2.5000000000,1.0000000000,100,110,104,111,104,113
1807,neighbor,True,PASS_IMPLEMENTED_PROJECT_CHECKS,9761.2443120000,8879.6221420000,0.2250000000,0.4500000000,0.3000000000,3.0000000000,0.8000000000,103,112,104,113,104,113
1808,neighbor,False,MINIMUM_MAIN_STEEL,999999999.0000000000,8879.6221420000,0.2000000000,0.4000000000,0.3000000000,3.0000000000,1.0000000000,100,110,102,112,102,113
1809,neighbor,False,MINIMUM_MAIN_STEEL,999999999.0000000000,8879.6221420000,0.2750000000,0.4000000000,0.5500000000,2.5000000000,1.0000000000,101,110,101,113,104,113
1810,neighbor,False,MINIMUM_MAIN_STEEL,999999999.0000000000,8879.6221420000,0.2250000000,0.4000000000,0.3500000000,2.5000000000,1.0000000000,100,110,104,111,103,112
1811,neighbor,False,MINIMUM_MAIN_STEEL,999999999.0000000000,8879.6221420000,0.2750000000,0.4500000000,0.4500000000,2.5000000000,1.0000000000,100,110,102,113,103,113
1812,neighbor,False,MINIMUM_MAIN_STEEL,999999999.0000000000,8879.6221420000,0.2000000000,0.4000000000,0.4500000000,3.5000000000,1.0000000000,100,110,102,113,104,113
1813,neighbor,False,MINIMUM_MAIN_STEEL,999999999.0000000000,8879.6221420000,0.2250000000,0.5000000000,0.3000000000,3.5000000000,0.9000000000,100,112,103,113,104,113
1814,neighbor,False,MINIMUM_MAIN_STEEL,999999999.0000000000,8879.6221420000,0.2250000000,0.3000000000,0.5500000000,3.0000000000,0.9000000000,101,110,101,113,104,113
1815,neighbor,False,MINIMUM_MAIN_STEEL,999999999.0000000000,8879.6221420000,0.2000000000,0.5000000000,0.3000000000,3.0000000000,1.0000000000,100,110,101,113,104,113
1816,neighbor,False,MINIMUM_MAIN_STEEL,999999999.0000000000,8879.6221420000,0.2750000000,0.5000000000,0.3000000000,3.5000000000,0.9000000000,100,110,102,113,102,113
1817,neighbor,False,MAXIMUM_MAIN_STEEL,999999999.0000000000,8879.6221420000,0.2500000000,0.4500000000,0.4000000000,3.0000000000,0.8000000000,103,110,104,113,104,113
1818,neighbor,False,MINIMUM_MAIN_STEEL,999999999.0000000000,8879.6221420000,0.2750000000,0.4500000000,0.4000000000,3.0000000000,1.0000000000,100,111,102,113,104,112
1819,neighbor,False,MINIMUM_MAIN_STEEL,999999999.0000000000,8879.6221420000,0.2000000000,0.5000000000,0.3500000000,3.0000000000,1.0000000000,100,110,104,113,104,113
1820,neighbor,False,MINIMUM_MAIN_STEEL,999999999.0000000000,8879.6221420000,0.2500000000,0.4000000000,0.3000000000,3.5000000000,1.0000000000,101,110,100,113,104,113
1821,neighbor,False,MINIMUM_MAIN_STEEL,999999999.0000000000,8879.6221420000,0.2000000000,0.3000000000,0.5500000000,2.5000000000,1.0000000000,100,111,104,113,102,113
1822,neighbor,False,MINIMUM_MAIN_STEEL,999999999.0000000000,8879.6221420000,0.2500000000,0.5000000000,0.4500000000,3.0000000000,0.9000000000,100,112,101,113,103,113
1823,neighbor,False,MINIMUM_MAIN_STEEL,999999999.0000000000,8879.6221420000,0.2750000000,0.4000000000,0.5500000000,3.0000000000,0.9000000000,100,111,104,113,102,113
1824,neighbor,False,MINIMUM_MAIN_STEEL,999999999.0000000000,8879.6221420000,0.2500000000,0.4000000000,0.5000000000,3.5000000000,0.9000000000,100,111,101,113,104,112
1825,neighbor,False,ENVELOPE_BASE_CONTACT,999999999.0000000000,8879.6221420000,0.2500000000,0.4500000000,0.3000000000,2.5000000000,1.0000000000,103,110,102,113,104,113
1826,neighbor,False,MAXIMUM_MAIN_STEEL,999999999.0000000000,8879.6221420000,0.2000000000,0.3500000000,0.3000000000,3.5000000000,1.0000000000,103,110,104,113,104,111
1827,neighbor,True,PASS_IMPLEMENTED_PROJECT_CHECKS,10885.9093680000,8879.6221420000,0.2000000000,0.5000000000,0.5000000000,3.0000000000,0.8000000000,102,111,104,113,104,113
1828,neighbor,False,STEM_STRESS_OR_INTERVAL_BOUND,999999999.0000000000,8879.6221420000,0.2000000000,0.3500000000,0.3000000000,3.0000000000,0.8000000000,101,110,104,113,104,113
1829,neighbor,False,MINIMUM_MAIN_STEEL,999999999.0000000000,8879.6221420000,0.2750000000,0.5000000000,0.5000000000,2.5000000000,0.9000000000,102,112,100,111,103,112
1830,neighbor,False,STEM_STRESS_OR_INTERVAL_BOUND,999999999.0000000000,8879.6221420000,0.2500000000,0.3000000000,0.5000000000,3.0000000000,0.8000000000,100,110,104,113,103,112
1831,neighbor,False,MINIMUM_MAIN_STEEL,999999999.0000000000,8879.6221420000,0.2000000000,0.4500000000,0.3500000000,3.5000000000,1.0000000000,101,112,102,113,103,113
1832,neighbor,False,MINIMUM_MAIN_STEEL,999999999.0000000000,8879.6221420000,0.2750000000,0.3000000000,0.4000000000,2.5000000000,0.9000000000,102,110,100,113,104,112
1833,neighbor,False,MINIMUM_MAIN_STEEL,999999999.0000000000,8879.6221420000,0.2750000000,0.5000000000,0.5500000000,3.5000000000,1.0000000000,100,110,102,111,104,111
1834,neighbor,False,MAXIMUM_MAIN_STEEL,999999999.0000000000,8879.6221420000,0.2000000000,0.3000000000,0.3500000000,3.5000000000,0.9000000000,102,110,100,111,104,113
1835,neighbor,False,MINIMUM_MAIN_STEEL,999999999.0000000000,8879.6221420000,0.2250000000,0.5000000000,0.3000000000,3.5000000000,0.9000000000,100,110,103,113,104,112
1836,neighbor,False,STEM_STRESS_OR_INTERVAL_BOUND,999999999.0000000000,8879.6221420000,0.2250000000,0.3000000000,0.4500000000,3.0000000000,0.9000000000,101,110,104,113,102,111
1837,neighbor,False,ENVELOPE_BASE_CONTACT,999999999.0000000000,8879.6221420000,0.2750000000,0.3000000000,0.5500000000,2.5000000000,0.8000000000,101,110,101,111,104,113
1838,neighbor,False,ENVELOPE_BASE_CONTACT,999999999.0000000000,8879.6221420000,0.2250000000,0.4000000000,0.3500000000,2.5000000000,0.8000000000,101,110,102,112,102,112
1839,neighbor,False,MINIMUM_MAIN_STEEL,999999999.0000000000,8879.6221420000,0.2500000000,0.5000000000,0.4500000000,3.0000000000,1.0000000000,100,110,102,113,104,111
1840,neighbor,False,ENVELOPE_BASE_CONTACT,999999999.0000000000,8879.6221420000,0.2250000000,0.4000000000,0.4500000000,2.5000000000,1.0000000000,101,110,103,113,104,111
1841,neighbor,True,PASS_IMPLEMENTED_PROJECT_CHECKS,9634.8913880000,8879.6221420000,0.2000000000,0.4500000000,0.3000000000,3.5000000000,1.0000000000,101,110,102,113,104,113
1842,neighbor,False,MINIMUM_MAIN_STEEL,999999999.0000000000,8879.6221420000,0.2250000000,0.3000000000,0.5500000000,2.5000000000,1.0000000000,100,111,104,113,104,113
1843,neighbor,False,INVALID_GEOMETRY_OR_INPUT,999999999.0000000000,8879.6221420000,0.2250000000,0.5000000000,0.3000000000,2.5000000000,1.0000000000,101,111,101,112,102,113
1844,neighbor,False,MINIMUM_MAIN_STEEL,999999999.0000000000,8879.6221420000,0.2500000000,0.4000000000,0.4500000000,3.0000000000,0.8000000000,102,110,100,113,104,112
1845,neighbor,False,ENVELOPE_BASE_CONTACT,999999999.0000000000,8879.6221420000,0.2750000000,0.3000000000,0.3000000000,2.5000000000,0.8000000000,102,110,101,113,104,113
1846,neighbor,False,STEM_STRESS_OR_INTERVAL_BOUND,999999999.0000000000,8879.6221420000,0.2750000000,0.3000000000,0.3000000000,3.5000000000,0.9000000000,100,110,104,111,102,113
1847,neighbor,False,STEM_STRESS_OR_INTERVAL_BOUND,999999999.0000000000,8879.6221420000,0.2750000000,0.3500000000,0.4000000000,3.0000000000,0.9000000000,100,110,104,112,104,111
1848,neighbor,False,MINIMUM_MAIN_STEEL,999999999.0000000000,8879.6221420000,0.2250000000,0.3000000000,0.3000000000,3.5000000000,0.9000000000,100,112,104,113,104,111
1849,neighbor,False,STEM_STRESS_OR_INTERVAL_BOUND,999999999.0000000000,8879.6221420000,0.2000000000,0.3500000000,0.3000000000,3.5000000000,0.9000000000,100,110,104,113,103,113
1850,neighbor,False,MINIMUM_MAIN_STEEL,999999999.0000000000,8879.6221420000,0.2000000000,0.4000000000,0.4500000000,2.5000000000,0.9000000000,100,111,101,113,104,113
1851,neighbor,False,ENVELOPE_BASE_CONTACT,999999999.0000000000,8879.6221420000,0.2500000000,0.4500000000,0.3000000000,2.5000000000,1.0000000000,102,110,103,111,102,113
1852,neighbor,False,MINIMUM_MAIN_STEEL,999999999.0000000000,8879.6221420000,0.2250000000,0.3500000000,0.5000000000,2.5000000000,1.0000000000,101,110,100,113,104,113
1853,neighbor,False,ENVELOPE_BASE_CONTACT,999999999.0000000000,8879.6221420000,0.2000000000,0.3000000000,0.3000000000,2.5000000000,1.0000000000,100,110,102,112,103,112
1854,neighbor,False,MINIMUM_MAIN_STEEL,999999999.0000000000,8879.6221420000,0.2500000000,0.4000000000,0.3000000000,3.0000000000,1.0000000000,101,112,100,113,103,113
1855,neighbor,False,MINIMUM_MAIN_STEEL,999999999.0000000000,8879.6221420000,0.2500000000,0.4000000000,0.3000000000,3.5000000000,1.0000000000,100,112,101,113,104,111
1856,neighbor,False,MINIMUM_MAIN_STEEL,999999999.0000000000,8879.6221420000,0.2500000000,0.5000000000,0.3000000000,2.5000000000,0.8000000000,100,110,102,112,103,113
1857,neighbor,False,ENVELOPE_BASE_CONTACT,999999999.0000000000,8879.6221420000,0.2500000000,0.3000000000,0.5000000000,2.5000000000,1.0000000000,101,111,104,113,104,113
1858,neighbor,False,ENVELOPE_BASE_CONTACT,999999999.0000000000,8879.6221420000,0.2500000000,0.3500000000,0.4000000000,2.5000000000,1.0000000000,103,111,102,113,104,112
1859,neighbor,False,ENVELOPE_BASE_CONTACT,999999999.0000000000,8879.6221420000,0.2500000000,0.3000000000,0.3000000000,2.5000000000,1.0000000000,100,110,104,112,103,113
1860,neighbor,False,ENVELOPE_BASE_CONTACT,999999999.0000000000,8879.6221420000,0.2250000000,0.4000000000,0.3000000000,2.5000000000,0.9000000000,102,110,102,113,104,112
1861,neighbor,False,ENVELOPE_BASE_CONTACT,999999999.0000000000,8879.6221420000,0.2500000000,0.3500000000,0.3000000000,2.5000000000,0.9000000000,102,112,102,113,104,112
1862,neighbor,False,STEM_STRESS_OR_INTERVAL_BOUND,999999999.0000000000,8879.6221420000,0.2250000000,0.3500000000,0.3000000000,3.0000000000,1.0000000000,100,110,101,112,104,113
1863,neighbor,False,MAXIMUM_MAIN_STEEL,999999999.0000000000,8879.6221420000,0.2250000000,0.3000000000,0.5000000000,3.5000000000,0.8000000000,103,110,104,111,103,113
1864,neighbor,False,MINIMUM_MAIN_STEEL,999999999.0000000000,8879.6221420000,0.2250000000,0.4500000000,0.3500000000,2.5000000000,1.0000000000,100,111,104,111,104,112
1865,neighbor,True,PASS_IMPLEMENTED_PROJECT_CHECKS,9557.7190000000,8879.6221420000,0.2250000000,0.3500000000,0.3000000000,3.5000000000,1.0000000000,103,112,102,111,103,113
1866,neighbor,False,ENVELOPE_BASE_CONTACT,999999999.0000000000,8879.6221420000,0.2000000000,0.4500000000,0.5000000000,2.5000000000,0.8000000000,101,110,104,111,103,113
1867,neighbor,False,MINIMUM_MAIN_STEEL,999999999.0000000000,8879.6221420000,0.2250000000,0.4000000000,0.3000000000,2.5000000000,1.0000000000,100,110,101,111,103,113
1868,neighbor,False,ENVELOPE_BASE_CONTACT,999999999.0000000000,8879.6221420000,0.2250000000,0.5000000000,0.3000000000,2.5000000000,0.8000000000,102,112,103,112,104,113
1869,neighbor,False,MINIMUM_MAIN_STEEL,999999999.0000000000,8879.6221420000,0.2750000000,0.5000000000,0.5500000000,3.0000000000,1.0000000000,103,112,100,113,104,113
1870,neighbor,False,STEM_STRESS_OR_INTERVAL_BOUND,999999999.0000000000,8879.6221420000,0.2250000000,0.4000000000,0.3500000000,3.0000000000,0.9000000000,102,112,101,112,104,111
1871,neighbor,True,PASS_IMPLEMENTED_PROJECT_CHECKS,10490.5743820000,8879.6221420000,0.2250000000,0.4000000000,0.3000000000,3.5000000000,1.0000000000,102,110,102,113,104,113
1872,neighbor,True,PASS_IMPLEMENTED_PROJECT_CHECKS,9723.6687620000,8879.6221420000,0.2250000000,0.3500000000,0.3000000000,3.0000000000,0.8000000000,102,110,103,113,104,113
1873,neighbor,False,MINIMUM_MAIN_STEEL,999999999.0000000000,8879.6221420000,0.2500000000,0.5000000000,0.3000000000,3.5000000000,0.9000000000,100,110,104,113,104,113
1874,neighbor,False,MINIMUM_MAIN_STEEL,999999999.0000000000,8879.6221420000,0.2500000000,0.4000000000,0.5500000000,3.5000000000,0.8000000000,103,111,101,113,104,113
1875,neighbor,False,ENVELOPE_BASE_CONTACT,999999999.0000000000,8879.6221420000,0.2500000000,0.3000000000,0.5000000000,2.5000000000,1.0000000000,100,110,104,111,103,113
1876,neighbor,False,MINIMUM_MAIN_STEEL,999999999.0000000000,8879.6221420000,0.2500000000,0.4500000000,0.5500000000,3.5000000000,0.9000000000,100,110,101,113,104,113
1877,neighbor,False,MAXIMUM_MAIN_STEEL,999999999.0000000000,8879.6221420000,0.2250000000,0.4500000000,0.3000000000,3.0000000000,0.8000000000,103,110,101,113,104,111
1878,neighbor,False,MINIMUM_MAIN_STEEL,999999999.0000000000,8879.6221420000,0.2750000000,0.5000000000,0.3000000000,3.0000000000,0.8000000000,103,110,100,112,103,113
1879,neighbor,False,MINIMUM_MAIN_STEEL,999999999.0000000000,8879.6221420000,0.2500000000,0.4000000000,0.3000000000,3.0000000000,1.0000000000,100,111,103,113,104,113
1880,neighbor,False,MINIMUM_MAIN_STEEL,999999999.0000000000,8879.6221420000,0.2250000000,0.4000000000,0.4500000000,3.5000000000,1.0000000000,100,112,100,112,104,113
1881,neighbor,False,ENVELOPE_BASE_CONTACT,999999999.0000000000,8879.6221420000,0.2000000000,0.3500000000,0.3000000000,2.5000000000,1.0000000000,102,110,101,111,104,113
1882,neighbor,False,MAXIMUM_MAIN_STEEL,999999999.0000000000,8879.6221420000,0.2500000000,0.4000000000,0.5000000000,3.5000000000,0.8000000000,103,110,103,113,104,113
1883,neighbor,False,MINIMUM_MAIN_STEEL,999999999.0000000000,8879.6221420000,0.2500000000,0.3500000000,0.3000000000,3.0000000000,1.0000000000,100,111,100,111,104,111
1884,neighbor,False,MEMBER_FLEXURE,999999999.0000000000,8879.6221420000,0.2500000000,0.4000000000,0.3000000000,3.5000000000,0.8000000000,103,111,101,112,102,113
1885,neighbor,False,ENVELOPE_BASE_CONTACT,999999999.0000000000,8879.6221420000,0.2000000000,0.4000000000,0.4000000000,2.5000000000,1.0000000000,102,110,103,112,104,112
1886,neighbor,False,ENVELOPE_BASE_CONTACT,999999999.0000000000,8879.6221420000,0.2500000000,0.4500000000,0.3000000000,2.5000000000,0.8000000000,102,110,104,113,103,113
1887,neighbor,True,PASS_IMPLEMENTED_PROJECT_CHECKS,11372.4919250000,8879.6221420000,0.2250000000,0.5000000000,0.5500000000,3.0000000000,0.8000000000,101,110,102,113,103,111
1888,neighbor,False,MINIMUM_MAIN_STEEL,999999999.0000000000,8879.6221420000,0.2000000000,0.4000000000,0.5000000000,3.0000000000,0.9000000000,100,111,102,111,102,111
1889,neighbor,False,MINIMUM_MAIN_STEEL,999999999.0000000000,8879.6221420000,0.2500000000,0.4000000000,0.3000000000,3.5000000000,1.0000000000,100,112,103,113,104,112
1890,neighbor,False,ENVELOPE_BASE_CONTACT,999999999.0000000000,8879.6221420000,0.2250000000,0.4500000000,0.4500000000,2.5000000000,1.0000000000,102,110,104,113,102,111
1891,neighbor,False,ENVELOPE_BASE_CONTACT,999999999.0000000000,8879.6221420000,0.2000000000,0.3000000000,0.3000000000,2.5000000000,1.0000000000,103,112,102,113,104,113
1892,neighbor,True,PASS_IMPLEMENTED_PROJECT_CHECKS,12089.0881840000,8879.6221420000,0.2500000000,0.3500000000,0.4500000000,3.5000000000,1.0000000000,103,111,104,113,104,112
1893,neighbor,False,STEM_STRESS_OR_INTERVAL_BOUND,999999999.0000000000,8879.6221420000,0.2000000000,0.3000000000,0.3500000000,3.0000000000,0.9000000000,103,112,103,113,103,113
1894,neighbor,False,MINIMUM_MAIN_STEEL,999999999.0000000000,8879.6221420000,0.2000000000,0.4000000000,0.3000000000,3.5000000000,1.0000000000,100,110,102,113,104,113
1895,neighbor,False,MINIMUM_MAIN_STEEL,999999999.0000000000,8879.6221420000,0.2250000000,0.3500000000,0.3000000000,3.5000000000,1.0000000000,102,110,100,113,104,112
1896,neighbor,True,PASS_IMPLEMENTED_PROJECT_CHECKS,10097.0118800000,8879.6221420000,0.2500000000,0.3500000000,0.4000000000,3.0000000000,0.9000000000,103,111,101,112,102,113
1897,neighbor,False,MINIMUM_MAIN_STEEL,999999999.0000000000,8879.6221420000,0.2000000000,0.3500000000,0.3000000000,2.5000000000,0.8000000000,100,111,103,112,102,111
1898,neighbor,False,MINIMUM_MAIN_STEEL,999999999.0000000000,8879.6221420000,0.2750000000,0.5000000000,0.3500000000,2.5000000000,0.8000000000,100,110,104,113,104,113
1899,neighbor,False,MEMBER_FLEXURE,999999999.0000000000,8879.6221420000,0.2750000000,0.3000000000,0.3000000000,3.0000000000,1.0000000000,102,110,104,113,102,113
1900,neighbor,False,STEM_STRESS_OR_INTERVAL_BOUND,999999999.0000000000,8879.6221420000,0.2000000000,0.3000000000,0.3000000000,3.5000000000,1.0000000000,103,112,102,113,104,113
1901,neighbor,False,MINIMUM_MAIN_STEEL,999999999.0000000000,8879.6221420000,0.2000000000,0.4500000000,0.4000000000,3.5000000000,1.0000000000,101,111,100,113,104,112
1902,neighbor,False,MINIMUM_MAIN_STEEL,999999999.0000000000,8879.6221420000,0.2250000000,0.4500000000,0.4500000000,2.5000000000,1.0000000000,100,110,104,113,104,111
1903,neighbor,False,MINIMUM_MAIN_STEEL,999999999.0000000000,8879.6221420000,0.2000000000,0.5000000000,0.5500000000,3.5000000000,1.0000000000,100,110,103,113,104,112
1904,neighbor,False,MINIMUM_MAIN_STEEL,999999999.0000000000,8879.6221420000,0.2250000000,0.5000000000,0.3000000000,2.5000000000,0.8000000000,100,112,101,113,103,113
1905,neighbor,False,MINIMUM_MAIN_STEEL,999999999.0000000000,8879.6221420000,0.2000000000,0.3000000000,0.3500000000,3.5000000000,1.0000000000,100,111,104,113,102,111
1906,neighbor,False,MINIMUM_MAIN_STEEL,999999999.0000000000,8879.6221420000,0.2000000000,0.4000000000,0.3000000000,3.5000000000,1.0000000000,100,111,104,113,104,113
1907,neighbor,False,MINIMUM_MAIN_STEEL,999999999.0000000000,8879.6221420000,0.2250000000,0.3000000000,0.5500000000,3.0000000000,1.0000000000,102,110,100,113,104,113
1908,neighbor,False,MINIMUM_MAIN_STEEL,999999999.0000000000,8879.6221420000,0.2750000000,0.4000000000,0.3000000000,3.0000000000,0.8000000000,102,111,100,113,102,113
1909,neighbor,True,PASS_IMPLEMENTED_PROJECT_CHECKS,9294.4305040000,8879.6221420000,0.2000000000,0.5000000000,0.3000000000,3.0000000000,1.0000000000,101,110,102,113,104,113
1910,neighbor,False,MAXIMUM_MAIN_STEEL,999999999.0000000000,8879.6221420000,0.2000000000,0.5000000000,0.3000000000,3.5000000000,1.0000000000,103,111,102,113,104,113
1911,neighbor,False,MINIMUM_MAIN_STEEL,999999999.0000000000,8879.6221420000,0.2250000000,0.4500000000,0.3000000000,3.5000000000,1.0000000000,100,111,102,113,104,113
1912,neighbor,True,PASS_IMPLEMENTED_PROJECT_CHECKS,10452.0984700000,8879.6221420000,0.2250000000,0.4000000000,0.3000000000,3.0000000000,1.0000000000,103,111,102,113,104,111
1913,neighbor,False,MINIMUM_MAIN_STEEL,999999999.0000000000,8879.6221420000,0.2250000000,0.4000000000,0.5000000000,2.5000000000,1.0000000000,103,110,101,113,104,112
1914,neighbor,False,STEM_STRESS_OR_INTERVAL_BOUND,999999999.0000000000,8879.6221420000,0.2000000000,0.4000000000,0.3500000000,3.5000000000,1.0000000000,101,111,104,113,102,111
1915,neighbor,False,ENVELOPE_BASE_CONTACT,999999999.0000000000,8879.6221420000,0.2000000000,0.4500000000,0.5000000000,2.5000000000,1.0000000000,101,110,104,113,104,112
1916,neighbor,False,ENVELOPE_BASE_CONTACT,999999999.0000000000,8879.6221420000,0.2000000000,0.3000000000,0.5000000000,2.5000000000,1.0000000000,102,110,102,113,104,113
1917,neighbor,False,STEM_STRESS_OR_INTERVAL_BOUND,999999999.0000000000,8879.6221420000,0.2000000000,0.3500000000,0.3500000000,3.0000000000,1.0000000000,101,110,104,113,103,112
1918,neighbor,False,MINIMUM_MAIN_STEEL,999999999.0000000000,8879.6221420000,0.2500000000,0.4500000000,0.3000000000,3.5000000000,1.0000000000,100,111,103,113,104,113
1919,neighbor,False,MINIMUM_MAIN_STEEL,999999999.0000000000,8879.6221420000,0.2750000000,0.4000000000,0.3000000000,3.5000000000,0.9000000000,100,110,104,113,104,113
1920,neighbor,True,PASS_IMPLEMENTED_PROJECT_CHECKS,10103.7936160000,8879.6221420000,0.2250000000,0.3500000000,0.3000000000,3.5000000000,1.0000000000,103,112,104,111,104,113
1921,neighbor,False,MINIMUM_MAIN_STEEL,999999999.0000000000,8879.6221420000,0.2000000000,0.4000000000,0.3000000000,3.0000000000,1.0000000000,100,110,102,112,103,113
1922,neighbor,True,PASS_IMPLEMENTED_PROJECT_CHECKS,10531.4817320000,8879.6221420000,0.2250000000,0.5000000000,0.3000000000,3.5000000000,0.9000000000,103,112,102,112,104,113
1923,neighbor,True,PASS_IMPLEMENTED_PROJECT_CHECKS,10209.2907100000,8879.6221420000,0.2250000000,0.5000000000,0.3000000000,3.0000000000,1.0000000000,102,110,101,111,102,112
1924,neighbor,False,MINIMUM_MAIN_STEEL,999999999.0000000000,8879.6221420000,0.2000000000,0.3500000000,0.3000000000,3.0000000000,1.0000000000,100,111,101,113,102,111
1925,neighbor,False,MINIMUM_MAIN_STEEL,999999999.0000000000,8879.6221420000,0.2250000000,0.3500000000,0.5500000000,3.0000000000,1.0000000000,100,110,101,112,104,111
1926,neighbor,False,STEM_STRESS_OR_INTERVAL_BOUND,999999999.0000000000,8879.6221420000,0.2750000000,0.3500000000,0.3000000000,3.5000000000,0.9000000000,101,111,102,113,104,111
1927,neighbor,False,MINIMUM_MAIN_STEEL,999999999.0000000000,8879.6221420000,0.2000000000,0.4500000000,0.3000000000,3.5000000000,0.8000000000,100,110,103,113,103,113
1928,neighbor,False,ENVELOPE_BASE_CONTACT,999999999.0000000000,8879.6221420000,0.2250000000,0.4000000000,0.3500000000,2.5000000000,0.8000000000,103,110,100,111,102,113
1929,neighbor,False,MINIMUM_MAIN_STEEL,999999999.0000000000,8879.6221420000,0.2500000000,0.5000000000,0.4000000000,3.5000000000,0.9000000000,101,112,100,113,102,113
1930,neighbor,False,MINIMUM_MAIN_STEEL,999999999.0000000000,8879.6221420000,0.2250000000,0.4000000000,0.3000000000,2.5000000000,1.0000000000,100,110,102,111,103,113
1931,neighbor,False,ENVELOPE_BASE_CONTACT,999999999.0000000000,8879.6221420000,0.2500000000,0.5000000000,0.3000000000,2.5000000000,0.8000000000,102,111,101,113,103,113
1932,neighbor,False,ENVELOPE_BASE_CONTACT,999999999.0000000000,8879.6221420000,0.2000000000,0.3000000000,0.3000000000,2.5000000000,0.8000000000,103,112,101,112,104,112
1933,neighbor,False,MAXIMUM_MAIN_STEEL,999999999.0000000000,8879.6221420000,0.2500000000,0.4000000000,0.5500000000,3.5000000000,1.0000000000,103,110,102,112,104,113
1934,neighbor,False,ENVELOPE_BASE_CONTACT,999999999.0000000000,8879.6221420000,0.2000000000,0.4000000000,0.3000000000,2.5000000000,1.0000000000,102,111,102,113,104,112
1935,neighbor,False,ENVELOPE_BASE_CONTACT,999999999.0000000000,8879.6221420000,0.2500000000,0.4500000000,0.3500000000,2.5000000000,0.8000000000,102,112,103,111,104,111
1936,neighbor,False,MINIMUM_MAIN_STEEL,999999999.0000000000,8879.6221420000,0.2500000000,0.4500000000,0.3000000000,3.0000000000,1.0000000000,100,110,102,112,104,113
1937,neighbor,False,MINIMUM_MAIN_STEEL,999999999.0000000000,8879.6221420000,0.2250000000,0.4500000000,0.5500000000,3.0000000000,1.0000000000,103,110,101,113,104,113
1938,neighbor,False,ENVELOPE_BASE_CONTACT,999999999.0000000000,8879.6221420000,0.2750000000,0.3000000000,0.5000000000,2.5000000000,1.0000000000,102,110,104,113,104,113
1939,neighbor,False,MEMBER_FLEXURE,999999999.0000000000,8879.6221420000,0.2750000000,0.5000000000,0.3000000000,3.5000000000,1.0000000000,101,110,102,111,102,112
1940,neighbor,False,MINIMUM_MAIN_STEEL,999999999.0000000000,8879.6221420000,0.2000000000,0.4500000000,0.5000000000,2.5000000000,1.0000000000,100,110,103,113,104,112
1941,neighbor,False,MINIMUM_MAIN_STEEL,999999999.0000000000,8879.6221420000,0.2500000000,0.4500000000,0.3000000000,3.0000000000,0.8000000000,100,110,103,112,104,112
1942,neighbor,False,MINIMUM_MAIN_STEEL,999999999.0000000000,8879.6221420000,0.2500000000,0.4500000000,0.3000000000,3.0000000000,1.0000000000,100,110,100,111,103,113
1943,neighbor,False,MAXIMUM_MAIN_STEEL,999999999.0000000000,8879.6221420000,0.2000000000,0.3500000000,0.3500000000,3.5000000000,0.8000000000,102,110,102,112,104,113
1944,neighbor,False,MINIMUM_MAIN_STEEL,999999999.0000000000,8879.6221420000,0.2250000000,0.5000000000,0.3000000000,3.0000000000,1.0000000000,100,111,104,113,104,113
1945,neighbor,False,STEM_STRESS_OR_INTERVAL_BOUND,999999999.0000000000,8879.6221420000,0.2750000000,0.3500000000,0.3000000000,3.5000000000,1.0000000000,102,111,101,111,104,111
1946,neighbor,True,PASS_IMPLEMENTED_PROJECT_CHECKS,11292.2378600000,8879.6221420000,0.2000000000,0.3500000000,0.4500000000,3.5000000000,1.0000000000,103,112,102,113,104,111
1947,neighbor,False,ENVELOPE_BASE_CONTACT,999999999.0000000000,8879.6221420000,0.2750000000,0.3500000000,0.4500000000,2.5000000000,0.9000000000,103,110,102,111,104,111
1948,neighbor,True,PASS_IMPLEMENTED_PROJECT_CHECKS,9090.6109700000,8879.6221420000,0.2250000000,0.4500000000,0.3000000000,3.0000000000,1.0000000000,102,111,101,112,102,111
1949,neighbor,False,MAXIMUM_MAIN_STEEL,999999999.0000000000,8879.6221420000,0.2750000000,0.4000000000,0.5500000000,3.0000000000,1.0000000000,103,110,102,113,104,112
1950,neighbor,False,MINIMUM_MAIN_STEEL,999999999.0000000000,8879.6221420000,0.2000000000,0.5000000000,0.5000000000,3.0000000000,0.9000000000,102,110,100,113,104,112
1951,neighbor,False,MAXIMUM_MAIN_STEEL,999999999.0000000000,8879.6221420000,0.2000000000,0.3500000000,0.3000000000,3.5000000000,0.9000000000,103,111,102,113,104,113
1952,neighbor,False,MINIMUM_MAIN_STEEL,999999999.0000000000,8879.6221420000,0.2000000000,0.4500000000,0.4500000000,3.0000000000,1.0000000000,100,110,101,113,104,113
1953,neighbor,False,MEMBER_FLEXURE,999999999.0000000000,8879.6221420000,0.2750000000,0.4500000000,0.3000000000,3.5000000000,0.9000000000,102,110,103,113,102,113
1954,neighbor,False,MINIMUM_MAIN_STEEL,999999999.0000000000,8879.6221420000,0.2750000000,0.4500000000,0.3000000000,2.5000000000,0.9000000000,100,110,103,113,104,113
1955,neighbor,False,STEM_STRESS_OR_INTERVAL_BOUND,999999999.0000000000,8879.6221420000,0.2500000000,0.3000000000,0.3000000000,3.5000000000,0.9000000000,102,112,101,113,104,113
1956,neighbor,False,MINIMUM_MAIN_STEEL,999999999.0000000000,8879.6221420000,0.2750000000,0.4000000000,0.5500000000,3.0000000000,1.0000000000,100,110,103,113,104,111
1957,neighbor,False,MINIMUM_MAIN_STEEL,999999999.0000000000,8879.6221420000,0.2250000000,0.4000000000,0.3000000000,2.5000000000,1.0000000000,100,111,103,111,103,113
1958,neighbor,False,MINIMUM_MAIN_STEEL,999999999.0000000000,8879.6221420000,0.2250000000,0.3000000000,0.3000000000,3.5000000000,0.9000000000,100,110,100,113,104,113
1959,neighbor,True,PASS_IMPLEMENTED_PROJECT_CHECKS,10712.7381800000,8879.6221420000,0.2000000000,0.5000000000,0.5500000000,3.0000000000,0.8000000000,102,112,103,113,104,113
1960,neighbor,False,MINIMUM_MAIN_STEEL,999999999.0000000000,8879.6221420000,0.2500000000,0.5000000000,0.3500000000,3.5000000000,1.0000000000,100,110,103,113,104,113
1961,neighbor,False,MINIMUM_MAIN_STEEL,999999999.0000000000,8879.6221420000,0.2500000000,0.4000000000,0.3000000000,3.0000000000,0.9000000000,100,110,102,112,104,111
1962,neighbor,False,MINIMUM_MAIN_STEEL,999999999.0000000000,8879.6221420000,0.2500000000,0.4500000000,0.5500000000,3.5000000000,1.0000000000,100,110,101,111,103,113
1963,neighbor,False,ENVELOPE_BASE_CONTACT,999999999.0000000000,8879.6221420000,0.2750000000,0.4000000000,0.3000000000,2.5000000000,1.0000000000,103,112,104,113,102,112
1964,neighbor,False,MINIMUM_MAIN_STEEL,999999999.0000000000,8879.6221420000,0.2250000000,0.5000000000,0.5000000000,2.5000000000,0.9000000000,101,110,101,113,102,112
1965,neighbor,False,MINIMUM_MAIN_STEEL,999999999.0000000000,8879.6221420000,0.2000000000,0.4000000000,0.4000000000,3.5000000000,1.0000000000,103,110,100,113,104,113
1966,neighbor,False,STEM_STRESS_OR_INTERVAL_BOUND,999999999.0000000000,8879.6221420000,0.2750000000,0.3500000000,0.3000000000,3.0000000000,0.8000000000,101,110,103,111,104,112
1967,neighbor,False,MAXIMUM_MAIN_STEEL,999999999.0000000000,8879.6221420000,0.2500000000,0.4500000000,0.3000000000,3.5000000000,0.8000000000,103,110,102,111,102,113
1968,neighbor,True,PASS_IMPLEMENTED_PROJECT_CHECKS,11062.8439900000,8879.6221420000,0.2500000000,0.4500000000,0.5000000000,3.0000000000,1.0000000000,101,110,103,112,103,111
1969,neighbor,False,STEM_STRESS_OR_INTERVAL_BOUND,999999999.0000000000,8879.6221420000,0.2000000000,0.3500000000,0.3000000000,3.0000000000,0.8000000000,100,110,100,111,104,113
1970,neighbor,False,MINIMUM_MAIN_STEEL,999999999.0000000000,8879.6221420000,0.2000000000,0.3500000000,0.3000000000,3.5000000000,1.0000000000,100,112,102,112,104,113
1971,neighbor,False,MINIMUM_MAIN_STEEL,999999999.0000000000,8879.6221420000,0.2000000000,0.5000000000,0.3000000000,3.5000000000,1.0000000000,100,110,103,113,103,111
1972,neighbor,True,PASS_IMPLEMENTED_PROJECT_CHECKS,10609.0916410000,8879.6221420000,0.2250000000,0.5000000000,0.3500000000,3.5000000000,1.0000000000,101,110,101,113,104,112
1973,neighbor,False,ENVELOPE_BASE_CONTACT,999999999.0000000000,8879.6221420000,0.2750000000,0.3500000000,0.3000000000,2.5000000000,0.9000000000,100,110,100,111,104,111
1974,neighbor,False,MAXIMUM_MAIN_STEEL,999999999.0000000000,8879.6221420000,0.2500000000,0.5000000000,0.3000000000,3.5000000000,1.0000000000,103,110,103,113,103,113
1975,neighbor,False,MINIMUM_MAIN_STEEL,999999999.0000000000,8879.6221420000,0.2000000000,0.4000000000,0.5500000000,3.5000000000,0.9000000000,101,110,100,113,103,111
1976,neighbor,False,MINIMUM_MAIN_STEEL,999999999.0000000000,8879.6221420000,0.2000000000,0.4000000000,0.5500000000,3.0000000000,1.0000000000,100,111,103,113,104,111
1977,neighbor,False,MEMBER_FLEXURE,999999999.0000000000,8879.6221420000,0.2500000000,0.4000000000,0.3000000000,3.5000000000,1.0000000000,102,111,100,111,104,113
1978,neighbor,False,STEM_STRESS_OR_INTERVAL_BOUND,999999999.0000000000,8879.6221420000,0.2000000000,0.3500000000,0.3000000000,3.5000000000,0.9000000000,100,110,104,112,103,113
1979,neighbor,False,MINIMUM_MAIN_STEEL,999999999.0000000000,8879.6221420000,0.2250000000,0.3500000000,0.5500000000,3.5000000000,0.9000000000,100,111,100,113,102,113
1980,neighbor,False,MAXIMUM_MAIN_STEEL,999999999.0000000000,8879.6221420000,0.2000000000,0.3500000000,0.3000000000,3.5000000000,0.8000000000,103,110,101,113,104,113
1981,neighbor,False,MINIMUM_MAIN_STEEL,999999999.0000000000,8879.6221420000,0.2750000000,0.4000000000,0.3500000000,3.5000000000,0.9000000000,100,112,101,111,104,112
1982,neighbor,False,MINIMUM_MAIN_STEEL,999999999.0000000000,8879.6221420000,0.2500000000,0.4500000000,0.4500000000,3.0000000000,0.8000000000,103,110,101,113,104,113
1983,neighbor,False,MAXIMUM_MAIN_STEEL,999999999.0000000000,8879.6221420000,0.2750000000,0.3000000000,0.5000000000,3.5000000000,1.0000000000,103,110,102,113,104,111
1984,neighbor,False,MINIMUM_MAIN_STEEL,999999999.0000000000,8879.6221420000,0.2250000000,0.4500000000,0.5500000000,3.0000000000,1.0000000000,103,111,101,113,104,111
1985,neighbor,False,MINIMUM_MAIN_STEEL,999999999.0000000000,8879.6221420000,0.2500000000,0.5000000000,0.5000000000,3.0000000000,0.9000000000,100,110,103,113,102,113
1986,neighbor,False,ENVELOPE_BASE_CONTACT,999999999.0000000000,8879.6221420000,0.2500000000,0.3000000000,0.3500000000,2.5000000000,0.9000000000,101,111,102,113,104,112
1987,neighbor,False,MINIMUM_MAIN_STEEL,999999999.0000000000,8879.6221420000,0.2500000000,0.4500000000,0.3000000000,2.5000000000,0.8000000000,101,110,100,113,104,113
1988,neighbor,False,MEMBER_FLEXURE,999999999.0000000000,8879.6221420000,0.2500000000,0.3000000000,0.3000000000,3.5000000000,1.0000000000,102,110,102,113,103,113
1989,neighbor,False,STEM_STRESS_OR_INTERVAL_BOUND,999999999.0000000000,8879.6221420000,0.2500000000,0.3500000000,0.3000000000,3.0000000000,1.0000000000,100,110,102,112,104,112
1990,neighbor,False,MINIMUM_MAIN_STEEL,999999999.0000000000,8879.6221420000,0.2750000000,0.3500000000,0.5500000000,3.5000000000,0.8000000000,100,111,101,112,102,113
1991,neighbor,False,MAXIMUM_MAIN_STEEL,999999999.0000000000,8879.6221420000,0.2000000000,0.4500000000,0.3000000000,3.0000000000,1.0000000000,103,111,101,113,103,111
1992,neighbor,False,MINIMUM_MAIN_STEEL,999999999.0000000000,8879.6221420000,0.2000000000,0.3500000000,0.3000000000,3.5000000000,0.9000000000,101,110,100,113,104,112
1993,neighbor,True,PASS_IMPLEMENTED_PROJECT_CHECKS,11925.2087700000,8879.6221420000,0.2750000000,0.4500000000,0.5000000000,3.0000000000,0.8000000000,102,110,101,112,104,112
1994,neighbor,False,MINIMUM_MAIN_STEEL,999999999.0000000000,8879.6221420000,0.2750000000,0.4000000000,0.3000000000,3.0000000000,1.0000000000,101,112,100,113,104,112
1995,neighbor,False,MAXIMUM_MAIN_STEEL,999999999.0000000000,8879.6221420000,0.2000000000,0.5000000000,0.3500000000,3.0000000000,1.0000000000,102,110,102,113,103,113
1996,neighbor,False,MEMBER_FLEXURE,999999999.0000000000,8879.6221420000,0.2500000000,0.5000000000,0.3000000000,3.0000000000,1.0000000000,102,110,100,111,104,113
1997,neighbor,False,MAXIMUM_MAIN_STEEL,999999999.0000000000,8879.6221420000,0.2250000000,0.4000000000,0.3500000000,3.5000000000,0.8000000000,103,110,104,111,104,113
1998,neighbor,False,ENVELOPE_BASE_CONTACT,999999999.0000000000,8879.6221420000,0.2500000000,0.4000000000,0.3000000000,2.5000000000,0.8000000000,101,110,101,111,103,113
1999,neighbor,False,INVALID_GEOMETRY_OR_INPUT,999999999.0000000000,8879.6221420000,0.2250000000,0.5000000000,0.3500000000,2.5000000000,1.0000000000,101,111,101,112,104,112
2000,neighbor,False,MINIMUM_MAIN_STEEL,999999999.0000000000,8879.6221420000,0.2500000000,0.4000000000,0.3000000000,2.5000000000,1.0000000000,100,110,103,113,104,113
2001,neighbor,False,MINIMUM_MAIN_STEEL,999999999.0000000000,8879.6221420000,0.2000000000,0.4000000000,0.3000000000,2.5000000000,1.0000000000,100,110,100,112,104,113
2002,neighbor,False,MINIMUM_MAIN_STEEL,999999999.0000000000,8879.6221420000,0.2000000000,0.5000000000,0.3000000000,2.5000000000,0.9000000000,100,110,100,113,104,112
2003,neighbor,False,STEM_STRESS_OR_INTERVAL_BOUND,999999999.0000000000,8879.6221420000,0.2250000000,0.3500000000,0.3000000000,3.0000000000,1.0000000000,100,110,103,113,104,111
2004,neighbor,False,ENVELOPE_BASE_CONTACT,999999999.0000000000,8879.6221420000,0.2500000000,0.3000000000,0.3000000000,2.5000000000,0.8000000000,100,110,102,112,104,113
2005,neighbor,False,ENVELOPE_BASE_CONTACT,999999999.0000000000,8879.6221420000,0.2750000000,0.4500000000,0.3500000000,2.5000000000,0.9000000000,101,111,102,113,103,113
2006,neighbor,False,MINIMUM_MAIN_STEEL,999999999.0000000000,8879.6221420000,0.2250000000,0.4500000000,0.5000000000,2.5000000000,0.9000000000,103,110,100,113,104,113
2007,neighbor,False,MINIMUM_MAIN_STEEL,999999999.0000000000,8879.6221420000,0.2000000000,0.5000000000,0.3000000000,2.5000000000,0.9000000000,100,112,102,113,103,113
2008,neighbor,False,MINIMUM_MAIN_STEEL,999999999.0000000000,8879.6221420000,0.2500000000,0.3000000000,0.3000000000,3.0000000000,0.9000000000,100,111,103,111,102,112
2009,neighbor,False,MINIMUM_MAIN_STEEL,999999999.0000000000,8879.6221420000,0.2750000000,0.4000000000,0.3000000000,3.5000000000,0.8000000000,101,110,100,113,104,112
2010,neighbor,False,MINIMUM_MAIN_STEEL,999999999.0000000000,8879.6221420000,0.2000000000,0.3000000000,0.3000000000,2.5000000000,1.0000000000,101,110,100,112,103,111
2011,neighbor,False,MINIMUM_MAIN_STEEL,999999999.0000000000,8879.6221420000,0.2000000000,0.4000000000,0.3000000000,3.5000000000,1.0000000000,100,112,104,113,103,112
2012,neighbor,False,STEM_STRESS_OR_INTERVAL_BOUND,999999999.0000000000,8879.6221420000,0.2000000000,0.3000000000,0.4500000000,3.0000000000,1.0000000000,103,112,104,113,102,111
2013,neighbor,False,MEMBER_FLEXURE,999999999.0000000000,8879.6221420000,0.2500000000,0.3500000000,0.3000000000,3.0000000000,1.0000000000,102,110,101,112,103,113
2014,neighbor,False,MAXIMUM_MAIN_STEEL,999999999.0000000000,8879.6221420000,0.2500000000,0.5000000000,0.5500000000,3.5000000000,1.0000000000,103,110,103,113,104,111
2015,neighbor,False,ENVELOPE_BASE_CONTACT,999999999.0000000000,8879.6221420000,0.2000000000,0.3500000000,0.3000000000,2.5000000000,1.0000000000,103,112,101,113,104,113
2016,neighbor,False,MAXIMUM_MAIN_STEEL,999999999.0000000000,8879.6221420000,0.2500000000,0.5000000000,0.3000000000,3.0000000000,1.0000000000,103,110,102,112,104,111
2017,neighbor,False,MINIMUM_MAIN_STEEL,999999999.0000000000,8879.6221420000,0.2250000000,0.3500000000,0.4000000000,3.0000000000,0.8000000000,101,111,100,111,104,113
2018,neighbor,False,MAXIMUM_MAIN_STEEL,999999999.0000000000,8879.6221420000,0.2000000000,0.5000000000,0.3000000000,3.5000000000,0.9000000000,103,110,103,113,104,113
2019,neighbor,True,PASS_IMPLEMENTED_PROJECT_CHECKS,9617.2474100000,8879.6221420000,0.2250000000,0.4500000000,0.3000000000,3.5000000000,1.0000000000,101,110,101,111,103,113
2020,neighbor,False,MAXIMUM_MAIN_STEEL,999999999.0000000000,8879.6221420000,0.2500000000,0.4000000000,0.3500000000,3.5000000000,0.8000000000,103,110,101,113,104,113
2021,neighbor,False,STEM_STRESS_OR_INTERVAL_BOUND,999999999.0000000000,8879.6221420000,0.2000000000,0.3000000000,0.3000000000,3.5000000000,1.0000000000,100,110,100,111,104,113
2022,neighbor,True,PASS_IMPLEMENTED_PROJECT_CHECKS,10761.4835080000,8879.6221420000,0.2750000000,0.4000000000,0.4000000000,3.5000000000,0.8000000000,102,111,102,112,104,113
2023,neighbor,False,ENVELOPE_BASE_CONTACT,999999999.0000000000,8879.6221420000,0.2000000000,0.5000000000,0.3000000000,2.5000000000,0.8000000000,101,110,104,113,103,113
2024,neighbor,False,MINIMUM_MAIN_STEEL,999999999.0000000000,8879.6221420000,0.2250000000,0.4500000000,0.3000000000,3.5000000000,1.0000000000,100,110,101,112,104,112
2025,neighbor,False,MINIMUM_MAIN_STEEL,999999999.0000000000,8879.6221420000,0.2000000000,0.3000000000,0.3000000000,3.0000000000,1.0000000000,100,111,104,111,103,113
2026,neighbor,False,MINIMUM_MAIN_STEEL,999999999.0000000000,8879.6221420000,0.2000000000,0.4000000000,0.3000000000,3.5000000000,1.0000000000,100,111,104,111,103,113
2027,neighbor,False,MINIMUM_MAIN_STEEL,999999999.0000000000,8879.6221420000,0.2000000000,0.5000000000,0.4500000000,3.5000000000,1.0000000000,102,111,100,113,103,113
2028,neighbor,False,STEM_STRESS_OR_INTERVAL_BOUND,999999999.0000000000,8879.6221420000,0.2000000000,0.3500000000,0.3000000000,3.5000000000,1.0000000000,100,110,103,113,104,111
2029,neighbor,False,MAXIMUM_MAIN_STEEL,999999999.0000000000,8879.6221420000,0.2000000000,0.5000000000,0.3500000000,3.5000000000,1.0000000000,103,110,103,113,104,113
2030,neighbor,False,MINIMUM_MAIN_STEEL,999999999.0000000000,8879.6221420000,0.2500000000,0.4500000000,0.4500000000,2.5000000000,1.0000000000,100,111,102,112,104,113
2031,neighbor,True,PASS_IMPLEMENTED_PROJECT_CHECKS,10275.0049460000,8879.6221420000,0.2750000000,0.3000000000,0.3000000000,3.5000000000,0.8000000000,102,110,102,113,104,113
2032,neighbor,True,PASS_IMPLEMENTED_PROJECT_CHECKS,11274.1835000000,8879.6221420000,0.2000000000,0.5000000000,0.5500000000,3.0000000000,1.0000000000,101,110,103,113,103,111
2033,neighbor,False,MINIMUM_MAIN_STEEL,999999999.0000000000,8879.6221420000,0.2500000000,0.5000000000,0.3500000000,3.5000000000,0.8000000000,100,110,103,111,104,113
2034,neighbor,False,MINIMUM_MAIN_STEEL,999999999.0000000000,8879.6221420000,0.2500000000,0.3500000000,0.3000000000,2.5000000000,0.9000000000,100,110,100,113,102,113
2035,neighbor,True,PASS_IMPLEMENTED_PROJECT_CHECKS,10501.0767140000,8879.6221420000,0.2750000000,0.5000000000,0.3000000000,3.5000000000,1.0000000000,102,112,104,113,103,111
2036,neighbor,False,MEMBER_FLEXURE,999999999.0000000000,8879.6221420000,0.2000000000,0.4500000000,0.3000000000,3.0000000000,0.9000000000,101,110,101,113,104,113
2037,neighbor,False,MINIMUM_MAIN_STEEL,999999999.0000000000,8879.6221420000,0.2000000000,0.3000000000,0.4000000000,2.5000000000,1.0000000000,101,110,100,113,104,113
2038,neighbor,False,MINIMUM_MAIN_STEEL,999999999.0000000000,8879.6221420000,0.2000000000,0.4500000000,0.4500000000,3.0000000000,1.0000000000,102,110,101,113,104,112
2039,neighbor,False,INVALID_GEOMETRY_OR_INPUT,999999999.0000000000,8879.6221420000,0.2000000000,0.5000000000,0.3000000000,2.5000000000,1.0000000000,100,111,104,113,104,111
2040,neighbor,False,MINIMUM_MAIN_STEEL,999999999.0000000000,8879.6221420000,0.2250000000,0.3000000000,0.3000000000,3.0000000000,0.9000000000,101,110,100,113,104,112
2041,neighbor,False,MINIMUM_MAIN_STEEL,999999999.0000000000,8879.6221420000,0.2000000000,0.3000000000,0.4000000000,3.5000000000,1.0000000000,100,112,102,111,104,113
2042,neighbor,False,MAXIMUM_MAIN_STEEL,999999999.0000000000,8879.6221420000,0.2000000000,0.5000000000,0.3000000000,3.0000000000,0.9000000000,103,110,103,113,104,112
2043,neighbor,False,MINIMUM_MAIN_STEEL,999999999.0000000000,8879.6221420000,0.2750000000,0.4500000000,0.3000000000,2.5000000000,1.0000000000,100,111,100,113,103,111
2044,neighbor,False,ENVELOPE_BASE_CONTACT,999999999.0000000000,8879.6221420000,0.2750000000,0.3500000000,0.3000000000,2.5000000000,1.0000000000,102,111,104,113,104,112
2045,neighbor,True,PASS_IMPLEMENTED_PROJECT_CHECKS,9368.7639500000,8879.6221420000,0.2250000000,0.5000000000,0.3000000000,3.0000000000,1.0000000000,101,110,102,112,103,113
2046,neighbor,False,MAXIMUM_MAIN_STEEL,999999999.0000000000,8879.6221420000,0.2000000000,0.4500000000,0.4500000000,3.0000000000,0.8000000000,103,110,102,113,102,113
2047,neighbor,False,MINIMUM_MAIN_STEEL,999999999.0000000000,8879.6221420000,0.2000000000,0.4500000000,0.4000000000,3.0000000000,1.0000000000,100,112,100,113,104,112
2048,neighbor,False,INVALID_GEOMETRY_OR_INPUT,999999999.0000000000,8879.6221420000,0.2000000000,0.5000000000,0.3000000000,2.5000000000,1.0000000000,100,112,103,112,102,111
2049,neighbor,False,MINIMUM_MAIN_STEEL,999999999.0000000000,8879.6221420000,0.2250000000,0.5000000000,0.3000000000,3.0000000000,1.0000000000,100,110,101,112,104,111
2050,neighbor,False,MINIMUM_MAIN_STEEL,999999999.0000000000,8879.6221420000,0.2500000000,0.4000000000,0.4000000000,3.5000000000,0.8000000000,100,112,102,113,104,113
2051,neighbor,False,MINIMUM_MAIN_STEEL,999999999.0000000000,8879.6221420000,0.2000000000,0.4500000000,0.5500000000,3.0000000000,0.9000000000,100,111,103,113,104,113
2052,neighbor,False,MINIMUM_MAIN_STEEL,999999999.0000000000,8879.6221420000,0.2000000000,0.4500000000,0.3000000000,3.5000000000,0.8000000000,100,110,102,111,104,113
2053,neighbor,False,MINIMUM_MAIN_STEEL,999999999.0000000000,8879.6221420000,0.2000000000,0.5000000000,0.3000000000,3.5000000000,0.8000000000,100,110,100,113,104,113
2054,neighbor,False,MAXIMUM_MAIN_STEEL,999999999.0000000000,8879.6221420000,0.2500000000,0.3500000000,0.4000000000,3.5000000000,1.0000000000,103,110,104,113,103,111
2055,neighbor,True,PASS_IMPLEMENTED_PROJECT_CHECKS,10847.1200060000,8879.6221420000,0.2000000000,0.4500000000,0.4500000000,3.5000000000,0.9000000000,101,110,102,113,104,113
2056,neighbor,False,MINIMUM_MAIN_STEEL,999999999.0000000000,8879.6221420000,0.2500000000,0.3500000000,0.3500000000,3.0000000000,1.0000000000,100,111,102,111,103,111
2057,neighbor,False,STEM_STRESS_OR_INTERVAL_BOUND,999999999.0000000000,8879.6221420000,0.2750000000,0.3000000000,0.3500000000,3.0000000000,0.9000000000,100,110,103,111,104,111
2058,neighbor,False,ENVELOPE_BASE_CONTACT,999999999.0000000000,8879.6221420000,0.2250000000,0.5000000000,0.3500000000,2.5000000000,0.8000000000,103,110,102,113,104,113
2059,neighbor,False,STEM_STRESS_OR_INTERVAL_BOUND,999999999.0000000000,8879.6221420000,0.2000000000,0.3000000000,0.3000000000,3.5000000000,0.8000000000,100,110,100,111,104,112
2060,neighbor,False,MEMBER_FLEXURE,999999999.0000000000,8879.6221420000,0.2750000000,0.3500000000,0.3000000000,3.0000000000,1.0000000000,102,110,101,113,103,113
2061,neighbor,False,ENVELOPE_BASE_CONTACT,999999999.0000000000,8879.6221420000,0.2750000000,0.4500000000,0.3500000000,2.5000000000,1.0000000000,101,110,104,113,102,113
2062,neighbor,False,STEM_STRESS_OR_INTERVAL_BOUND,999999999.0000000000,8879.6221420000,0.2750000000,0.3500000000,0.4000000000,3.0000000000,1.0000000000,100,110,103,111,103,113
2063,neighbor,True,PASS_IMPLEMENTED_PROJECT_CHECKS,10719.7452160000,8879.6221420000,0.2750000000,0.5000000000,0.3000000000,3.5000000000,0.9000000000,103,112,101,113,104,113
2064,neighbor,False,ENVELOPE_BASE_CONTACT,999999999.0000000000,8879.6221420000,0.2000000000,0.4000000000,0.3500000000,2.5000000000,1.0000000000,103,110,104,113,104,113
2065,neighbor,False,MINIMUM_MAIN_STEEL,999999999.0000000000,8879.6221420000,0.2000000000,0.3000000000,0.4500000000,3.5000000000,1.0000000000,100,111,102,111,104,113
2066,neighbor,False,STEM_STRESS_OR_INTERVAL_BOUND,999999999.0000000000,8879.6221420000,0.2750000000,0.3000000000,0.4000000000,3.5000000000,1.0000000000,103,112,104,113,103,113
2067,neighbor,False,ENVELOPE_BASE_CONTACT,999999999.0000000000,8879.6221420000,0.2000000000,0.4000000000,0.3000000000,2.5000000000,0.8000000000,101,111,101,111,104,113
2068,neighbor,False,ENVELOPE_BASE_CONTACT,999999999.0000000000,8879.6221420000,0.2250000000,0.4500000000,0.3000000000,2.5000000000,1.0000000000,103,110,103,112,104,111
2069,neighbor,False,MINIMUM_MAIN_STEEL,999999999.0000000000,8879.6221420000,0.2750000000,0.4000000000,0.3000000000,3.0000000000,0.9000000000,100,111,102,113,104,113
2070,neighbor,False,MINIMUM_MAIN_STEEL,999999999.0000000000,8879.6221420000,0.2000000000,0.3500000000,0.3000000000,3.0000000000,0.9000000000,100,111,104,113,104,113
2071,neighbor,False,ENVELOPE_BASE_CONTACT,999999999.0000000000,8879.6221420000,0.2000000000,0.3500000000,0.3000000000,2.5000000000,0.9000000000,100,110,102,113,102,113
2072,neighbor,True,PASS_IMPLEMENTED_PROJECT_CHECKS,10900.4044640000,8879.6221420000,0.2500000000,0.4500000000,0.4000000000,3.0000000000,1.0000000000,102,110,104,113,102,112
2073,neighbor,False,MINIMUM_MAIN_STEEL,999999999.0000000000,8879.6221420000,0.2000000000,0.4500000000,0.3000000000,3.0000000000,1.0000000000,100,111,104,113,104,113
2074,neighbor,False,MAXIMUM_MAIN_STEEL,999999999.0000000000,8879.6221420000,0.2000000000,0.4000000000,0.3000000000,3.5000000000,1.0000000000,102,110,104,112,102,111
2075,neighbor,False,MINIMUM_MAIN_STEEL,999999999.0000000000,8879.6221420000,0.2250000000,0.4500000000,0.3000000000,2.5000000000,0.8000000000,100,110,104,113,104,113
2076,neighbor,False,MINIMUM_MAIN_STEEL,999999999.0000000000,8879.6221420000,0.2750000000,0.3500000000,0.3000000000,2.5000000000,1.0000000000,100,112,104,113,102,112
2077,neighbor,False,ENVELOPE_BASE_CONTACT,999999999.0000000000,8879.6221420000,0.2500000000,0.3500000000,0.3000000000,2.5000000000,0.8000000000,102,112,103,111,104,112
2078,neighbor,False,MINIMUM_MAIN_STEEL,999999999.0000000000,8879.6221420000,0.2000000000,0.4500000000,0.3000000000,2.5000000000,0.9000000000,100,111,102,113,104,111
2079,neighbor,False,ENVELOPE_BASE_CONTACT,999999999.0000000000,8879.6221420000,0.2750000000,0.3000000000,0.5000000000,2.5000000000,0.8000000000,101,111,104,113,102,112
2080,neighbor,False,MINIMUM_MAIN_STEEL,999999999.0000000000,8879.6221420000,0.2000000000,0.4000000000,0.3000000000,2.5000000000,1.0000000000,100,111,100,113,104,113
2081,neighbor,False,MINIMUM_MAIN_STEEL,999999999.0000000000,8879.6221420000,0.2000000000,0.5000000000,0.3000000000,3.5000000000,1.0000000000,100,110,103,113,104,111
2082,neighbor,False,ENVELOPE_BASE_CONTACT,999999999.0000000000,8879.6221420000,0.2500000000,0.3500000000,0.3000000000,2.5000000000,1.0000000000,100,110,104,113,104,113
2083,neighbor,False,MINIMUM_MAIN_STEEL,999999999.0000000000,8879.6221420000,0.2000000000,0.4000000000,0.4500000000,2.5000000000,0.8000000000,100,110,100,113,102,112
2084,neighbor,False,MINIMUM_MAIN_STEEL,999999999.0000000000,8879.6221420000,0.2500000000,0.3000000000,0.3500000000,3.5000000000,1.0000000000,100,110,100,112,103,112
2085,neighbor,False,ENVELOPE_BASE_CONTACT,999999999.0000000000,8879.6221420000,0.2000000000,0.4500000000,0.3000000000,2.5000000000,1.0000000000,102,112,102,113,104,113
2086,neighbor,False,MEMBER_FLEXURE,999999999.0000000000,8879.6221420000,0.2000000000,0.4500000000,0.3000000000,3.0000000000,1.0000000000,102,111,101,113,103,112
2087,neighbor,False,MAXIMUM_MAIN_STEEL,999999999.0000000000,8879.6221420000,0.2000000000,0.4000000000,0.3000000000,3.0000000000,0.8000000000,102,110,101,113,102,112
2088,neighbor,False,STEM_STRESS_OR_INTERVAL_BOUND,999999999.0000000000,8879.6221420000,0.2500000000,0.3000000000,0.3000000000,3.0000000000,1.0000000000,101,110,103,113,104,112
2089,neighbor,False,MINIMUM_MAIN_STEEL,999999999.0000000000,8879.6221420000,0.2000000000,0.4500000000,0.3500000000,3.0000000000,1.0000000000,100,110,101,111,104,111
2090,neighbor,False,MINIMUM_MAIN_STEEL,999999999.0000000000,8879.6221420000,0.2000000000,0.4500000000,0.3000000000,2.5000000000,1.0000000000,101,112,102,111,103,113
2091,neighbor,False,MAXIMUM_MAIN_STEEL,999999999.0000000000,8879.6221420000,0.2250000000,0.5000000000,0.3000000000,3.5000000000,0.8000000000,103,110,101,112,104,111
2092,neighbor,False,STEM_STRESS_OR_INTERVAL_BOUND,999999999.0000000000,8879.6221420000,0.2500000000,0.3000000000,0.5000000000,3.5000000000,0.9000000000,100,110,103,112,104,111
2093,neighbor,False,MEMBER_FLEXURE,999999999.0000000000,8879.6221420000,0.2000000000,0.5000000000,0.3000000000,3.5000000000,0.8000000000,102,112,100,111,102,113
2094,neighbor,False,MINIMUM_MAIN_STEEL,999999999.0000000000,8879.6221420000,0.2500000000,0.4500000000,0.3000000000,3.5000000000,1.0000000000,102,110,100,113,104,113
2095,neighbor,False,STEM_STRESS_OR_INTERVAL_BOUND,999999999.0000000000,8879.6221420000,0.2250000000,0.4000000000,0.4000000000,3.0000000000,0.9000000000,102,112,103,113,104,113
2096,neighbor,False,MINIMUM_MAIN_STEEL,999999999.0000000000,8879.6221420000,0.2250000000,0.3000000000,0.3000000000,3.5000000000,1.0000000000,102,110,100,113,103,112
2097,neighbor,False,ENVELOPE_BASE_CONTACT,999999999.0000000000,8879.6221420000,0.2500000000,0.4500000000,0.5500000000,2.5000000000,1.0000000000,102,112,102,113,104,112
2098,neighbor,False,MAXIMUM_MAIN_STEEL,999999999.0000000000,8879.6221420000,0.2000000000,0.3500000000,0.3500000000,3.5000000000,1.0000000000,103,110,103,113,104,111
2099,neighbor,False,MINIMUM_MAIN_STEEL,999999999.0000000000,8879.6221420000,0.2250000000,0.5000000000,0.5500000000,2.5000000000,0.9000000000,100,110,102,112,102,113
2100,neighbor,False,ENVELOPE_BASE_CONTACT,999999999.0000000000,8879.6221420000,0.2750000000,0.3500000000,0.3000000000,2.5000000000,0.8000000000,101,112,103,113,103,113
2101,neighbor,False,STEM_STRESS_OR_INTERVAL_BOUND,999999999.0000000000,8879.6221420000,0.2250000000,0.3000000000,0.3000000000,3.5000000000,0.9000000000,100,110,104,112,104,113
2102,neighbor,False,STEM_STRESS_OR_INTERVAL_BOUND,999999999.0000000000,8879.6221420000,0.2000000000,0.3000000000,0.5500000000,3.0000000000,0.9000000000,100,110,104,113,103,113
2103,neighbor,False,STEM_STRESS_OR_INTERVAL_BOUND,999999999.0000000000,8879.6221420000,0.2000000000,0.3000000000,0.3000000000,3.5000000000,1.0000000000,101,110,103,113,104,111
2104,neighbor,False,MINIMUM_MAIN_STEEL,999999999.0000000000,8879.6221420000,0.2750000000,0.3000000000,0.5000000000,3.5000000000,1.0000000000,100,112,102,112,104,113
2105,neighbor,False,MINIMUM_MAIN_STEEL,999999999.0000000000,8879.6221420000,0.2250000000,0.5000000000,0.4000000000,3.0000000000,1.0000000000,100,110,104,113,104,113
2106,neighbor,False,INVALID_GEOMETRY_OR_INPUT,999999999.0000000000,8879.6221420000,0.2750000000,0.5000000000,0.3000000000,2.5000000000,1.0000000000,101,112,101,111,104,113
2107,neighbor,False,STEM_STRESS_OR_INTERVAL_BOUND,999999999.0000000000,8879.6221420000,0.2000000000,0.3500000000,0.3000000000,3.0000000000,0.8000000000,102,111,102,112,104,113
2108,neighbor,False,MAXIMUM_MAIN_STEEL,999999999.0000000000,8879.6221420000,0.2250000000,0.3000000000,0.5500000000,3.0000000000,0.8000000000,103,110,101,111,104,111
2109,neighbor,False,MINIMUM_MAIN_STEEL,999999999.0000000000,8879.6221420000,0.2750000000,0.4500000000,0.3500000000,3.0000000000,0.9000000000,102,111,100,113,104,111
2110,neighbor,False,STEM_STRESS_OR_INTERVAL_BOUND,999999999.0000000000,8879.6221420000,0.2500000000,0.3500000000,0.3000000000,3.0000000000,1.0000000000,100,110,102,113,102,113
2111,neighbor,False,MINIMUM_MAIN_STEEL,999999999.0000000000,8879.6221420000,0.2000000000,0.3000000000,0.3500000000,3.5000000000,0.8000000000,100,111,104,113,104,113
2112,neighbor,True,PASS_IMPLEMENTED_PROJECT_CHECKS,12473.4903450000,8879.6221420000,0.2250000000,0.4000000000,0.5500000000,3.5000000000,1.0000000000,101,110,103,111,104,111
2113,neighbor,False,MAXIMUM_MAIN_STEEL,999999999.0000000000,8879.6221420000,0.2000000000,0.3500000000,0.4500000000,3.5000000000,0.9000000000,103,110,104,112,104,113
2114,neighbor,False,MAXIMUM_MAIN_STEEL,999999999.0000000000,8879.6221420000,0.2500000000,0.4500000000,0.3000000000,3.0000000000,1.0000000000,103,110,103,112,103,113
2115,neighbor,False,MINIMUM_MAIN_STEEL,999999999.0000000000,8879.6221420000,0.2250000000,0.3500000000,0.5500000000,3.5000000000,1.0000000000,103,111,101,112,104,113
2116,neighbor,False,STEM_STRESS_OR_INTERVAL_BOUND,999999999.0000000000,8879.6221420000,0.2000000000,0.4500000000,0.3000000000,3.5000000000,1.0000000000,102,112,102,112,104,113
2117,neighbor,False,ENVELOPE_BASE_CONTACT,999999999.0000000000,8879.6221420000,0.2500000000,0.4500000000,0.3000000000,2.5000000000,1.0000000000,102,110,102,111,104,113
2118,neighbor,False,MEMBER_FLEXURE,999999999.0000000000,8879.6221420000,0.2750000000,0.4500000000,0.3000000000,3.5000000000,0.8000000000,101,110,102,111,102,113
2119,neighbor,False,MINIMUM_MAIN_STEEL,999999999.0000000000,8879.6221420000,0.2500000000,0.4000000000,0.3000000000,3.0000000000,0.8000000000,100,110,103,113,102,112
2120,neighbor,False,MINIMUM_MAIN_STEEL,999999999.0000000000,8879.6221420000,0.2000000000,0.5000000000,0.3000000000,3.0000000000,1.0000000000,103,111,100,113,102,111
2121,neighbor,False,STEM_STRESS_OR_INTERVAL_BOUND,999999999.0000000000,8879.6221420000,0.2250000000,0.3000000000,0.4000000000,3.0000000000,1.0000000000,101,110,101,113,104,113
2122,neighbor,False,MINIMUM_MAIN_STEEL,999999999.0000000000,8879.6221420000,0.2750000000,0.4500000000,0.5000000000,3.5000000000,1.0000000000,101,110,100,112,104,113
2123,neighbor,True,PASS_IMPLEMENTED_PROJECT_CHECKS,9553.0169300000,8879.6221420000,0.2500000000,0.4000000000,0.3000000000,3.0000000000,0.9000000000,103,112,103,113,104,113
2124,neighbor,False,MAXIMUM_MAIN_STEEL,999999999.0000000000,8879.6221420000,0.2500000000,0.5000000000,0.3000000000,3.0000000000,1.0000000000,103,110,101,112,104,113
2125,neighbor,True,PASS_IMPLEMENTED_PROJECT_CHECKS,10941.7501050000,8879.6221420000,0.2250000000,0.4500000000,0.4500000000,3.0000000000,0.9000000000,102,110,101,112,103,113
2126,neighbor,False,MINIMUM_MAIN_STEEL,999999999.0000000000,8879.6221420000,0.2500000000,0.4000000000,0.5500000000,3.0000000000,0.8000000000,100,111,101,113,104,113
2127,neighbor,False,MINIMUM_MAIN_STEEL,999999999.0000000000,8879.6221420000,0.2250000000,0.4000000000,0.5000000000,3.0000000000,1.0000000000,101,110,100,112,102,111
2128,neighbor,False,ENVELOPE_BASE_CONTACT,999999999.0000000000,8879.6221420000,0.2750000000,0.3500000000,0.3000000000,2.5000000000,1.0000000000,100,110,103,113,102,113
2129,neighbor,False,ENVELOPE_BASE_CONTACT,999999999.0000000000,8879.6221420000,0.2500000000,0.3500000000,0.3000000000,2.5000000000,1.0000000000,100,110,103,113,104,112
2130,neighbor,False,MAXIMUM_MAIN_STEEL,999999999.0000000000,8879.6221420000,0.2000000000,0.3000000000,0.3000000000,3.5000000000,0.8000000000,103,111,104,113,104,113
2131,neighbor,False,MINIMUM_MAIN_STEEL,999999999.0000000000,8879.6221420000,0.2750000000,0.3000000000,0.3000000000,3.5000000000,1.0000000000,102,112,100,113,104,111
2132,neighbor,False,MINIMUM_MAIN_STEEL,999999999.0000000000,8879.6221420000,0.2500000000,0.3000000000,0.3000000000,3.5000000000,1.0000000000,100,112,104,112,104,113
2133,neighbor,False,MINIMUM_MAIN_STEEL,999999999.0000000000,8879.6221420000,0.2250000000,0.4500000000,0.5500000000,3.5000000000,1.0000000000,100,110,102,111,104,111
2134,neighbor,False,MINIMUM_MAIN_STEEL,999999999.0000000000,8879.6221420000,0.2250000000,0.4000000000,0.4000000000,2.5000000000,0.8000000000,100,110,101,112,102,111
2135,neighbor,False,ENVELOPE_BASE_CONTACT,999999999.0000000000,8879.6221420000,0.2500000000,0.3500000000,0.3000000000,2.5000000000,1.0000000000,101,111,101,112,102,113
2136,neighbor,False,ENVELOPE_BASE_CONTACT,999999999.0000000000,8879.6221420000,0.2000000000,0.3500000000,0.3000000000,2.5000000000,0.8000000000,103,110,103,111,104,113
2137,neighbor,False,MINIMUM_MAIN_STEEL,999999999.0000000000,8879.6221420000,0.2250000000,0.4000000000,0.4500000000,3.0000000000,1.0000000000,100,111,104,112,104,111
2138,neighbor,False,MINIMUM_MAIN_STEEL,999999999.0000000000,8879.6221420000,0.2000000000,0.3000000000,0.3000000000,3.0000000000,1.0000000000,100,111,104,113,104,113
2139,neighbor,False,MINIMUM_MAIN_STEEL,999999999.0000000000,8879.6221420000,0.2500000000,0.4000000000,0.3500000000,2.5000000000,1.0000000000,100,110,101,113,104,113
2140,neighbor,False,MINIMUM_MAIN_STEEL,999999999.0000000000,8879.6221420000,0.2750000000,0.3000000000,0.3000000000,3.5000000000,1.0000000000,100,111,103,111,104,113
2141,neighbor,False,ENVELOPE_BASE_CONTACT,999999999.0000000000,8879.6221420000,0.2000000000,0.4000000000,0.4000000000,2.5000000000,0.8000000000,101,111,102,113,103,113
2142,neighbor,False,MINIMUM_MAIN_STEEL,999999999.0000000000,8879.6221420000,0.2000000000,0.5000000000,0.5000000000,3.0000000000,1.0000000000,102,110,100,112,102,113
2143,neighbor,False,ENVELOPE_BASE_CONTACT,999999999.0000000000,8879.6221420000,0.2750000000,0.3000000000,0.3000000000,2.5000000000,0.8000000000,100,110,103,112,102,111
2144,neighbor,False,MINIMUM_MAIN_STEEL,999999999.0000000000,8879.6221420000,0.2750000000,0.4000000000,0.3000000000,3.0000000000,1.0000000000,100,112,103,113,104,112
2145,neighbor,False,MINIMUM_MAIN_STEEL,999999999.0000000000,8879.6221420000,0.2000000000,0.3500000000,0.5000000000,2.5000000000,1.0000000000,101,110,101,113,104,111
2146,neighbor,False,MINIMUM_MAIN_STEEL,999999999.0000000000,8879.6221420000,0.2250000000,0.4000000000,0.4000000000,3.5000000000,0.8000000000,101,111,100,112,104,113
2147,neighbor,False,ENVELOPE_BASE_CONTACT,999999999.0000000000,8879.6221420000,0.2000000000,0.4000000000,0.3000000000,2.5000000000,1.0000000000,101,110,103,113,104,113
2148,neighbor,False,STEM_STRESS_OR_INTERVAL_BOUND,999999999.0000000000,8879.6221420000,0.2500000000,0.3000000000,0.3000000000,3.5000000000,0.8000000000,100,110,101,113,104,111
2149,neighbor,True,PASS_IMPLEMENTED_PROJECT_CHECKS,12201.0153700000,8879.6221420000,0.2750000000,0.5000000000,0.3000000000,3.5000000000,1.0000000000,103,111,104,111,104,112
2150,neighbor,False,ENVELOPE_BASE_CONTACT,999999999.0000000000,8879.6221420000,0.2000000000,0.3500000000,0.3000000000,2.5000000000,0.8000000000,100,110,101,113,103,113
2151,neighbor,False,STEM_STRESS_OR_INTERVAL_BOUND,999999999.0000000000,8879.6221420000,0.2500000000,0.3000000000,0.5000000000,3.5000000000,0.8000000000,100,110,104,113,102,113
2152,neighbor,False,ENVELOPE_BASE_CONTACT,999999999.0000000000,8879.6221420000,0.2000000000,0.3500000000,0.3000000000,2.5000000000,1.0000000000,103,110,103,113,104,111
2153,neighbor,False,MINIMUM_MAIN_STEEL,999999999.0000000000,8879.6221420000,0.2500000000,0.3000000000,0.3000000000,3.5000000000,0.9000000000,100,112,104,112,104,113
2154,neighbor,False,ENVELOPE_BASE_CONTACT,999999999.0000000000,8879.6221420000,0.2000000000,0.3000000000,0.3000000000,2.5000000000,1.0000000000,101,111,104,113,104,113
2155,neighbor,False,MINIMUM_MAIN_STEEL,999999999.0000000000,8879.6221420000,0.2250000000,0.3000000000,0.5000000000,3.0000000000,1.0000000000,100,112,102,112,102,113
2156,neighbor,False,MINIMUM_MAIN_STEEL,999999999.0000000000,8879.6221420000,0.2000000000,0.5000000000,0.4500000000,3.5000000000,0.8000000000,100,110,104,113,103,113
2157,neighbor,False,ENVELOPE_BASE_CONTACT,999999999.0000000000,8879.6221420000,0.2500000000,0.3000000000,0.3500000000,2.5000000000,0.9000000000,103,110,103,113,104,113
2158,neighbor,False,MINIMUM_MAIN_STEEL,999999999.0000000000,8879.6221420000,0.2250000000,0.3000000000,0.5000000000,3.0000000000,0.9000000000,100,112,101,113,102,113
2159,neighbor,False,STEM_STRESS_OR_INTERVAL_BOUND,999999999.0000000000,8879.6221420000,0.2000000000,0.3000000000,0.4500000000,3.5000000000,1.0000000000,103,112,103,113,104,113
2160,neighbor,False,ENVELOPE_BASE_CONTACT,999999999.0000000000,8879.6221420000,0.2000000000,0.3000000000,0.5500000000,2.5000000000,1.0000000000,103,110,104,113,104,113
2161,neighbor,False,MINIMUM_MAIN_STEEL,999999999.0000000000,8879.6221420000,0.2750000000,0.4000000000,0.5000000000,3.0000000000,1.0000000000,100,110,101,113,104,113
2162,neighbor,False,ENVELOPE_BASE_CONTACT,999999999.0000000000,8879.6221420000,0.2000000000,0.3000000000,0.3500000000,2.5000000000,0.8000000000,100,110,103,113,103,113
2163,neighbor,False,MINIMUM_MAIN_STEEL,999999999.0000000000,8879.6221420000,0.2750000000,0.4500000000,0.3000000000,3.0000000000,1.0000000000,100,110,104,112,104,111
2164,neighbor,False,MINIMUM_MAIN_STEEL,999999999.0000000000,8879.6221420000,0.2000000000,0.5000000000,0.3000000000,3.0000000000,1.0000000000,101,111,103,113,103,112
2165,neighbor,False,ENVELOPE_BASE_CONTACT,999999999.0000000000,8879.6221420000,0.2750000000,0.5000000000,0.3000000000,2.5000000000,0.8000000000,102,112,103,113,104,113
2166,neighbor,False,MINIMUM_MAIN_STEEL,999999999.0000000000,8879.6221420000,0.2750000000,0.5000000000,0.3000000000,3.5000000000,0.8000000000,100,111,103,113,102,113
2167,neighbor,False,MAXIMUM_MAIN_STEEL,999999999.0000000000,8879.6221420000,0.2000000000,0.3000000000,0.3000000000,3.0000000000,0.8000000000,103,111,103,112,104,112
2168,neighbor,True,PASS_IMPLEMENTED_PROJECT_CHECKS,10056.2888440000,8879.6221420000,0.2000000000,0.5000000000,0.3500000000,3.5000000000,1.0000000000,102,112,103,113,104,113
2169,neighbor,False,MEMBER_FLEXURE,999999999.0000000000,8879.6221420000,0.2750000000,0.5000000000,0.3000000000,3.0000000000,1.0000000000,102,111,101,113,104,113
2170,neighbor,False,MINIMUM_MAIN_STEEL,999999999.0000000000,8879.6221420000,0.2500000000,0.3000000000,0.4500000000,3.0000000000,0.8000000000,102,110,101,113,102,111
2171,neighbor,False,MINIMUM_MAIN_STEEL,999999999.0000000000,8879.6221420000,0.2000000000,0.3000000000,0.4500000000,3.5000000000,0.9000000000,100,111,101,113,103,113
2172,neighbor,False,MINIMUM_MAIN_STEEL,999999999.0000000000,8879.6221420000,0.2500000000,0.3500000000,0.3000000000,3.5000000000,0.8000000000,101,112,100,112,104,113
2173,neighbor,False,MAXIMUM_MAIN_STEEL,999999999.0000000000,8879.6221420000,0.2000000000,0.3500000000,0.3000000000,3.5000000000,0.8000000000,102,110,104,113,102,113
2174,neighbor,False,STEM_STRESS_OR_INTERVAL_BOUND,999999999.0000000000,8879.6221420000,0.2250000000,0.3000000000,0.3000000000,3.5000000000,0.9000000000,102,111,102,111,104,113
2175,neighbor,False,STEM_STRESS_OR_INTERVAL_BOUND,999999999.0000000000,8879.6221420000,0.2000000000,0.3000000000,0.3000000000,3.0000000000,0.8000000000,103,112,101,113,102,111
2176,neighbor,False,MINIMUM_MAIN_STEEL,999999999.0000000000,8879.6221420000,0.2000000000,0.3500000000,0.3500000000,3.0000000000,1.0000000000,100,110,100,113,104,112
2177,neighbor,False,MINIMUM_MAIN_STEEL,999999999.0000000000,8879.6221420000,0.2250000000,0.4500000000,0.4500000000,2.5000000000,0.9000000000,100,112,101,113,104,113
2178,neighbor,False,MINIMUM_MAIN_STEEL,999999999.0000000000,8879.6221420000,0.2250000000,0.4500000000,0.3000000000,3.5000000000,1.0000000000,100,110,102,113,104,111
2179,neighbor,False,MINIMUM_MAIN_STEEL,999999999.0000000000,8879.6221420000,0.2250000000,0.3500000000,0.5000000000,3.5000000000,1.0000000000,103,110,101,113,104,113
2180,neighbor,False,STEM_STRESS_OR_INTERVAL_BOUND,999999999.0000000000,8879.6221420000,0.2750000000,0.3000000000,0.3000000000,3.0000000000,0.8000000000,102,112,100,111,102,111
2181,neighbor,False,MINIMUM_MAIN_STEEL,999999999.0000000000,8879.6221420000,0.2000000000,0.4000000000,0.4000000000,3.0000000000,0.8000000000,100,111,102,112,104,111
2182,neighbor,False,ENVELOPE_BASE_CONTACT,999999999.0000000000,8879.6221420000,0.2000000000,0.3500000000,0.3000000000,2.5000000000,1.0000000000,102,110,103,113,103,113
2183,neighbor,False,MINIMUM_MAIN_STEEL,999999999.0000000000,8879.6221420000,0.2750000000,0.4500000000,0.4500000000,3.0000000000,1.0000000000,100,111,100,113,104,113
2184,neighbor,False,MINIMUM_MAIN_STEEL,999999999.0000000000,8879.6221420000,0.2250000000,0.5000000000,0.4500000000,3.0000000000,1.0000000000,100,112,102,113,104,113
2185,neighbor,False,ENVELOPE_BASE_CONTACT,999999999.0000000000,8879.6221420000,0.2250000000,0.3500000000,0.5000000000,2.5000000000,1.0000000000,102,111,103,113,104,113
2186,neighbor,False,MAXIMUM_MAIN_STEEL,999999999.0000000000,8879.6221420000,0.2500000000,0.4500000000,0.3000000000,3.0000000000,0.9000000000,103,110,104,111,104,113
2187,neighbor,False,MAXIMUM_MAIN_STEEL,999999999.0000000000,8879.6221420000,0.2000000000,0.4500000000,0.3000000000,3.0000000000,0.8000000000,102,110,104,111,104,113
2188,neighbor,True,PASS_IMPLEMENTED_PROJECT_CHECKS,10315.2505840000,8879.6221420000,0.2500000000,0.3500000000,0.3000000000,3.0000000000,0.9000000000,103,111,104,111,104,113
2189,neighbor,False,STEM_STRESS_OR_INTERVAL_BOUND,999999999.0000000000,8879.6221420000,0.2000000000,0.3500000000,0.4500000000,3.5000000000,1.0000000000,100,110,104,111,103,111
2190,neighbor,False,INVALID_GEOMETRY_OR_INPUT,999999999.0000000000,8879.6221420000,0.2500000000,0.5000000000,0.4000000000,2.5000000000,1.0000000000,100,110,103,111,102,113
2191,neighbor,False,MINIMUM_MAIN_STEEL,999999999.0000000000,8879.6221420000,0.2000000000,0.4000000000,0.3500000000,2.5000000000,1.0000000000,100,112,103,113,104,112
2192,neighbor,False,INVALID_GEOMETRY_OR_INPUT,999999999.0000000000,8879.6221420000,0.2500000000,0.5000000000,0.3500000000,2.5000000000,1.0000000000,100,110,101,111,104,111
2193,neighbor,False,MEMBER_FLEXURE,999999999.0000000000,8879.6221420000,0.2000000000,0.5000000000,0.3000000000,3.5000000000,1.0000000000,101,110,103,113,102,113
2194,neighbor,False,MAXIMUM_MAIN_STEEL,999999999.0000000000,8879.6221420000,0.2000000000,0.4500000000,0.5500000000,3.0000000000,1.0000000000,102,110,103,113,103,113
2195,neighbor,False,MINIMUM_MAIN_STEEL,999999999.0000000000,8879.6221420000,0.2000000000,0.5000000000,0.5000000000,3.5000000000,0.9000000000,100,112,104,113,104,113
2196,neighbor,False,ENVELOPE_BASE_CONTACT,999999999.0000000000,8879.6221420000,0.2000000000,0.3000000000,0.3000000000,2.5000000000,1.0000000000,101,112,103,111,104,113
2197,neighbor,False,MINIMUM_MAIN_STEEL,999999999.0000000000,8879.6221420000,0.2000000000,0.3500000000,0.4000000000,3.0000000000,1.0000000000,100,112,104,113,104,113
2198,neighbor,False,INVALID_GEOMETRY_OR_INPUT,999999999.0000000000,8879.6221420000,0.2750000000,0.5000000000,0.3000000000,2.5000000000,1.0000000000,100,110,104,111,104,113
2199,neighbor,False,ENVELOPE_BASE_CONTACT,999999999.0000000000,8879.6221420000,0.2750000000,0.3500000000,0.4500000000,2.5000000000,1.0000000000,103,112,101,112,104,113
2200,neighbor,True,PASS_IMPLEMENTED_PROJECT_CHECKS,9361.7185480000,8879.6221420000,0.2000000000,0.4500000000,0.3000000000,3.0000000000,1.0000000000,101,110,103,111,104,113
2201,neighbor,False,ENVELOPE_BASE_CONTACT,999999999.0000000000,8879.6221420000,0.2000000000,0.4500000000,0.5500000000,2.5000000000,1.0000000000,101,110,102,113,102,111
2202,neighbor,False,MINIMUM_MAIN_STEEL,999999999.0000000000,8879.6221420000,0.2000000000,0.5000000000,0.3000000000,3.0000000000,1.0000000000,100,110,103,111,104,113
2203,neighbor,False,MINIMUM_MAIN_STEEL,999999999.0000000000,8879.6221420000,0.2500000000,0.5000000000,0.3000000000,3.5000000000,1.0000000000,100,110,104,113,104,112
2204,neighbor,False,ENVELOPE_BASE_CONTACT,999999999.0000000000,8879.6221420000,0.2750000000,0.3500000000,0.3500000000,2.5000000000,0.8000000000,102,111,102,113,104,113
2205,neighbor,False,ENVELOPE_BASE_CONTACT,999999999.0000000000,8879.6221420000,0.2000000000,0.3500000000,0.4000000000,2.5000000000,1.0000000000,100,110,102,111,103,113
2206,neighbor,False,ENVELOPE_BASE_CONTACT,999999999.0000000000,8879.6221420000,0.2500000000,0.3500000000,0.3000000000,2.5000000000,0.9000000000,103,110,102,113,104,113
2207,neighbor,False,INVALID_GEOMETRY_OR_INPUT,999999999.0000000000,8879.6221420000,0.2500000000,0.5000000000,0.3000000000,2.5000000000,1.0000000000,100,110,103,113,104,113
2208,neighbor,False,MAXIMUM_MAIN_STEEL,999999999.0000000000,8879.6221420000,0.2000000000,0.4500000000,0.3500000000,3.0000000000,0.9000000000,102,110,104,113,104,113
2209,neighbor,False,ENVELOPE_BASE_CONTACT,999999999.0000000000,8879.6221420000,0.2000000000,0.3000000000,0.5500000000,2.5000000000,1.0000000000,100,110,103,111,103,112
2210,neighbor,False,MINIMUM_MAIN_STEEL,999999999.0000000000,8879.6221420000,0.2500000000,0.3000000000,0.3000000000,3.5000000000,0.8000000000,100,110,100,113,102,113
2211,neighbor,False,ENVELOPE_BASE_CONTACT,999999999.0000000000,8879.6221420000,0.2000000000,0.3500000000,0.5000000000,2.5000000000,1.0000000000,100,110,102,113,104,113
2212,neighbor,False,ENVELOPE_BASE_CONTACT,999999999.0000000000,8879.6221420000,0.2000000000,0.3000000000,0.3000000000,2.5000000000,0.9000000000,101,110,101,111,102,112
2213,neighbor,True,PASS_IMPLEMENTED_PROJECT_CHECKS,11500.7701660000,8879.6221420000,0.2250000000,0.4500000000,0.5000000000,3.5000000000,0.9000000000,101,110,103,113,104,113
2214,neighbor,False,STEM_STRESS_OR_INTERVAL_BOUND,999999999.0000000000,8879.6221420000,0.2500000000,0.3000000000,0.3000000000,3.5000000000,1.0000000000,101,110,102,113,104,111
2215,neighbor,False,ENVELOPE_BASE_CONTACT,999999999.0000000000,8879.6221420000,0.2500000000,0.4000000000,0.3000000000,2.5000000000,1.0000000000,102,110,102,113,104,113
2216,neighbor,False,MINIMUM_MAIN_STEEL,999999999.0000000000,8879.6221420000,0.2500000000,0.4500000000,0.3000000000,2.5000000000,1.0000000000,101,112,104,113,103,113
2217,neighbor,False,MINIMUM_MAIN_STEEL,999999999.0000000000,8879.6221420000,0.2000000000,0.3000000000,0.3500000000,2.5000000000,1.0000000000,100,110,100,113,103,111
2218,neighbor,True,PASS_IMPLEMENTED_PROJECT_CHECKS,10520.8409500000,8879.6221420000,0.2750000000,0.4500000000,0.3000000000,3.5000000000,1.0000000000,101,110,103,113,103,111
2219,neighbor,False,MINIMUM_MAIN_STEEL,999999999.0000000000,8879.6221420000,0.2000000000,0.4500000000,0.4000000000,3.5000000000,1.0000000000,100,111,101,113,103,113
2220,neighbor,False,MINIMUM_MAIN_STEEL,999999999.0000000000,8879.6221420000,0.2000000000,0.4000000000,0.5500000000,3.5000000000,0.9000000000,100,110,100,112,104,113
2221,neighbor,False,MINIMUM_MAIN_STEEL,999999999.0000000000,8879.6221420000,0.2000000000,0.4000000000,0.3000000000,3.5000000000,1.0000000000,100,112,101,113,104,113
2222,neighbor,False,MINIMUM_MAIN_STEEL,999999999.0000000000,8879.6221420000,0.2500000000,0.4500000000,0.5000000000,2.5000000000,0.8000000000,100,110,103,111,103,112
2223,neighbor,False,MINIMUM_MAIN_STEEL,999999999.0000000000,8879.6221420000,0.2250000000,0.3000000000,0.3000000000,3.0000000000,1.0000000000,100,112,101,113,104,111
2224,neighbor,False,ENVELOPE_BASE_CONTACT,999999999.0000000000,8879.6221420000,0.2500000000,0.4000000000,0.3000000000,2.5000000000,1.0000000000,103,110,102,111,102,113
2225,neighbor,False,MINIMUM_MAIN_STEEL,999999999.0000000000,8879.6221420000,0.2000000000,0.5000000000,0.3000000000,3.0000000000,1.0000000000,100,110,103,112,104,112
2226,neighbor,False,MEMBER_FLEXURE,999999999.0000000000,8879.6221420000,0.2500000000,0.4000000000,0.3000000000,3.5000000000,1.0000000000,103,112,101,113,104,112
2227,neighbor,False,MINIMUM_MAIN_STEEL,999999999.0000000000,8879.6221420000,0.2750000000,0.3000000000,0.5500000000,3.5000000000,1.0000000000,100,110,101,113,104,112
2228,neighbor,False,MAXIMUM_MAIN_STEEL,999999999.0000000000,8879.6221420000,0.2000000000,0.5000000000,0.5500000000,3.0000000000,1.0000000000,103,111,103,113,102,113
2229,neighbor,False,STEM_STRESS_OR_INTERVAL_BOUND,999999999.0000000000,8879.6221420000,0.2250000000,0.3500000000,0.3000000000,3.5000000000,0.8000000000,100,110,100,111,104,111
2230,neighbor,False,INVALID_GEOMETRY_OR_INPUT,999999999.0000000000,8879.6221420000,0.2000000000,0.5000000000,0.4500000000,2.5000000000,1.0000000000,101,110,104,112,102,113
2231,neighbor,False,MINIMUM_MAIN_STEEL,999999999.0000000000,8879.6221420000,0.2000000000,0.4500000000,0.3000000000,3.5000000000,1.0000000000,100,111,101,113,104,112
2232,neighbor,False,ENVELOPE_BASE_CONTACT,999999999.0000000000,8879.6221420000,0.2250000000,0.4000000000,0.3000000000,2.5000000000,0.9000000000,102,112,102,113,104,113
2233,neighbor,False,MINIMUM_MAIN_STEEL,999999999.0000000000,8879.6221420000,0.2750000000,0.4000000000,0.3500000000,2.5000000000,1.0000000000,100,112,100,113,103,111
2234,neighbor,False,STEM_STRESS_OR_INTERVAL_BOUND,999999999.0000000000,8879.6221420000,0.2500000000,0.3500000000,0.4500000000,3.0000000000,0.9000000000,101,110,102,112,103,113
2235,neighbor,False,MINIMUM_MAIN_STEEL,999999999.0000000000,8879.6221420000,0.2750000000,0.4500000000,0.5500000000,2.5000000000,1.0000000000,101,110,100,111,104,111
2236,neighbor,False,MINIMUM_MAIN_STEEL,999999999.0000000000,8879.6221420000,0.2000000000,0.5000000000,0.3500000000,3.5000000000,1.0000000000,102,110,100,113,104,113
2237,neighbor,False,MINIMUM_MAIN_STEEL,999999999.0000000000,8879.6221420000,0.2250000000,0.5000000000,0.3000000000,3.5000000000,0.8000000000,100,111,104,113,104,113
2238,neighbor,True,PASS_IMPLEMENTED_PROJECT_CHECKS,11489.9055940000,8879.6221420000,0.2750000000,0.5000000000,0.3000000000,3.5000000000,1.0000000000,102,110,103,113,104,113
2239,neighbor,False,ENVELOPE_BASE_CONTACT,999999999.0000000000,8879.6221420000,0.2500000000,0.4500000000,0.3000000000,2.5000000000,1.0000000000,102,110,102,111,104,111
2240,neighbor,True,PASS_IMPLEMENTED_PROJECT_CHECKS,9546.6292500000,8879.6221420000,0.2750000000,0.3000000000,0.3000000000,3.0000000000,1.0000000000,102,110,102,112,102,111
2241,neighbor,False,MAXIMUM_MAIN_STEEL,999999999.0000000000,8879.6221420000,0.2000000000,0.3000000000,0.4000000000,3.5000000000,0.9000000000,103,110,102,113,104,113
2242,neighbor,False,STEM_STRESS_OR_INTERVAL_BOUND,999999999.0000000000,8879.6221420000,0.2000000000,0.3000000000,0.4500000000,3.5000000000,1.0000000000,100,110,101,111,102,112
2243,neighbor,False,MINIMUM_MAIN_STEEL,999999999.0000000000,8879.6221420000,0.2750000000,0.4000000000,0.3500000000,3.5000000000,1.0000000000,100,112,102,113,104,113
2244,neighbor,False,MAXIMUM_MAIN_STEEL,999999999.0000000000,8879.6221420000,0.2250000000,0.3500000000,0.4500000000,3.5000000000,1.0000000000,103,110,104,113,103,113
2245,neighbor,False,STEM_STRESS_OR_INTERVAL_BOUND,999999999.0000000000,8879.6221420000,0.2000000000,0.3500000000,0.3000000000,3.0000000000,1.0000000000,101,110,100,111,102,111
2246,neighbor,False,ENVELOPE_BASE_CONTACT,999999999.0000000000,8879.6221420000,0.2000000000,0.3000000000,0.3000000000,2.5000000000,0.8000000000,100,110,101,113,104,113
2247,neighbor,False,MINIMUM_MAIN_STEEL,999999999.0000000000,8879.6221420000,0.2250000000,0.3000000000,0.4000000000,2.5000000000,1.0000000000,100,110,100,113,104,112
2248,neighbor,False,STEM_STRESS_OR_INTERVAL_BOUND,999999999.0000000000,8879.6221420000,0.2000000000,0.3000000000,0.3000000000,3.0000000000,0.8000000000,101,110,104,111,103,113
2249,neighbor,False,MINIMUM_MAIN_STEEL,999999999.0000000000,8879.6221420000,0.2000000000,0.3500000000,0.5000000000,3.0000000000,1.0000000000,100,111,103,111,104,111
2250,neighbor,False,ENVELOPE_BASE_CONTACT,999999999.0000000000,8879.6221420000,0.2750000000,0.4500000000,0.3000000000,2.5000000000,0.9000000000,103,111,103,111,104,113
2251,neighbor,False,MINIMUM_MAIN_STEEL,999999999.0000000000,8879.6221420000,0.2750000000,0.3500000000,0.3000000000,2.5000000000,1.0000000000,100,112,103,113,104,113
2252,neighbor,True,PASS_IMPLEMENTED_PROJECT_CHECKS,9868.5023960000,8879.6221420000,0.2500000000,0.4000000000,0.3000000000,3.5000000000,1.0000000000,101,110,104,113,104,113
2253,neighbor,False,STEM_STRESS_OR_INTERVAL_BOUND,999999999.0000000000,8879.6221420000,0.2250000000,0.4000000000,0.3000000000,3.5000000000,1.0000000000,102,112,102,112,104,113
2254,neighbor,False,ENVELOPE_BASE_CONTACT,999999999.0000000000,8879.6221420000,0.2250000000,0.4000000000,0.3500000000,2.5000000000,0.9000000000,101,110,104,113,104,111
2255,neighbor,False,MAXIMUM_MAIN_STEEL,999999999.0000000000,8879.6221420000,0.2250000000,0.4000000000,0.3000000000,3.5000000000,1.0000000000,103,110,103,113,104,111
2256,neighbor,False,MINIMUM_MAIN_STEEL,999999999.0000000000,8879.6221420000,0.2000000000,0.5000000000,0.5000000000,3.5000000000,0.9000000000,103,112,101,113,104,113
2257,neighbor,False,MINIMUM_MAIN_STEEL,999999999.0000000000,8879.6221420000,0.2000000000,0.4000000000,0.3500000000,3.0000000000,1.0000000000,100,112,101,112,104,113
2258,neighbor,False,MINIMUM_MAIN_STEEL,999999999.0000000000,8879.6221420000,0.2250000000,0.4500000000,0.3000000000,3.0000000000,0.8000000000,100,110,102,113,103,113
2259,neighbor,False,ENVELOPE_BASE_CONTACT,999999999.0000000000,8879.6221420000,0.2500000000,0.3500000000,0.3000000000,2.5000000000,1.0000000000,100,110,101,113,103,113
2260,neighbor,False,MINIMUM_MAIN_STEEL,999999999.0000000000,8879.6221420000,0.2000000000,0.4000000000,0.3500000000,2.5000000000,0.9000000000,102,112,100,112,104,113
2261,neighbor,False,MAXIMUM_MAIN_STEEL,999999999.0000000000,8879.6221420000,0.2000000000,0.5000000000,0.3000000000,3.0000000000,1.0000000000,102,110,104,113,104,113
2262,neighbor,False,MAXIMUM_MAIN_STEEL,999999999.0000000000,8879.6221420000,0.2250000000,0.3500000000,0.5500000000,3.5000000000,1.0000000000,103,110,102,113,102,113
2263,neighbor,False,MINIMUM_MAIN_STEEL,999999999.0000000000,8879.6221420000,0.2000000000,0.3000000000,0.3000000000,2.5000000000,0.8000000000,100,111,103,113,104,113
2264,neighbor,False,MAXIMUM_MAIN_STEEL,999999999.0000000000,8879.6221420000,0.2000000000,0.5000000000,0.3000000000,3.0000000000,1.0000000000,103,110,102,112,102,111
2265,neighbor,False,STEM_STRESS_OR_INTERVAL_BOUND,999999999.0000000000,8879.6221420000,0.2750000000,0.3000000000,0.3500000000,3.0000000000,1.0000000000,102,112,103,113,104,111
2266,neighbor,False,MINIMUM_MAIN_STEEL,999999999.0000000000,8879.6221420000,0.2250000000,0.4000000000,0.4500000000,2.5000000000,0.8000000000,101,110,100,113,104,113
2267,neighbor,True,PASS_IMPLEMENTED_PROJECT_CHECKS,10251.4177400000,8879.6221420000,0.2500000000,0.4000000000,0.3000000000,3.0000000000,1.0000000000,102,110,102,112,104,112
2268,neighbor,False,MINIMUM_MAIN_STEEL,999999999.0000000000,8879.6221420000,0.2250000000,0.4500000000,0.3000000000,2.5000000000,0.8000000000,101,112,104,113,104,113
2269,neighbor,False,MINIMUM_MAIN_STEEL,999999999.0000000000,8879.6221420000,0.2250000000,0.5000000000,0.3000000000,2.5000000000,0.8000000000,100,112,100,113,104,111
2270,neighbor,False,MINIMUM_MAIN_STEEL,999999999.0000000000,8879.6221420000,0.2000000000,0.4500000000,0.3000000000,2.5000000000,0.8000000000,100,112,100,113,104,111
2271,neighbor,False,ENVELOPE_BASE_CONTACT,999999999.0000000000,8879.6221420000,0.2000000000,0.4500000000,0.4000000000,2.5000000000,0.9000000000,103,112,103,112,103,112
2272,neighbor,False,ENVELOPE_BASE_CONTACT,999999999.0000000000,8879.6221420000,0.2750000000,0.4000000000,0.3000000000,2.5000000000,1.0000000000,101,111,103,113,104,113
2273,neighbor,False,ENVELOPE_BASE_CONTACT,999999999.0000000000,8879.6221420000,0.2750000000,0.3500000000,0.3000000000,2.5000000000,1.0000000000,100,110,102,112,102,112
2274,neighbor,False,STEM_STRESS_OR_INTERVAL_BOUND,999999999.0000000000,8879.6221420000,0.2750000000,0.3000000000,0.3500000000,3.0000000000,1.0000000000,101,112,101,113,102,113
2275,neighbor,False,ENVELOPE_BASE_CONTACT,999999999.0000000000,8879.6221420000,0.2500000000,0.4500000000,0.4000000000,2.5000000000,0.8000000000,103,110,103,111,104,113
2276,neighbor,False,INVALID_GEOMETRY_OR_INPUT,999999999.0000000000,8879.6221420000,0.2250000000,0.5000000000,0.3500000000,2.5000000000,1.0000000000,101,112,100,113,104,111
2277,neighbor,False,MINIMUM_MAIN_STEEL,999999999.0000000000,8879.6221420000,0.2000000000,0.4000000000,0.3000000000,3.5000000000,0.9000000000,100,110,104,111,104,113
2278,neighbor,False,MEMBER_FLEXURE,999999999.0000000000,8879.6221420000,0.2250000000,0.5000000000,0.3000000000,3.0000000000,0.9000000000,101,110,100,111,102,113
2279,neighbor,False,MAXIMUM_MAIN_STEEL,999999999.0000000000,8879.6221420000,0.2500000000,0.4500000000,0.4500000000,3.0000000000,1.0000000000,103,110,102,111,103,113
2280,neighbor,False,MINIMUM_MAIN_STEEL,999999999.0000000000,8879.6221420000,0.2000000000,0.3000000000,0.4500000000,3.0000000000,1.0000000000,101,111,101,113,103,112
2281,neighbor,False,MINIMUM_MAIN_STEEL,999999999.0000000000,8879.6221420000,0.2750000000,0.4000000000,0.3000000000,3.0000000000,0.8000000000,100,110,103,112,104,111
2282,neighbor,False,MINIMUM_MAIN_STEEL,999999999.0000000000,8879.6221420000,0.2250000000,0.5000000000,0.3000000000,3.5000000000,0.9000000000,101,111,104,113,104,111
2283,neighbor,False,MINIMUM_MAIN_STEEL,999999999.0000000000,8879.6221420000,0.2750000000,0.3000000000,0.4500000000,2.5000000000,1.0000000000,100,112,102,113,104,113
2284,neighbor,False,MINIMUM_MAIN_STEEL,999999999.0000000000,8879.6221420000,0.2750000000,0.4000000000,0.3000000000,3.5000000000,0.9000000000,100,110,100,113,103,113
2285,neighbor,False,MINIMUM_MAIN_STEEL,999999999.0000000000,8879.6221420000,0.2000000000,0.4000000000,0.3500000000,3.0000000000,1.0000000000,100,110,103,113,104,112
2286,neighbor,False,MINIMUM_MAIN_STEEL,999999999.0000000000,8879.6221420000,0.2000000000,0.3000000000,0.5500000000,2.5000000000,1.0000000000,103,112,101,113,102,113
2287,neighbor,False,MINIMUM_MAIN_STEEL,999999999.0000000000,8879.6221420000,0.2500000000,0.4500000000,0.5500000000,3.0000000000,1.0000000000,100,112,101,113,104,113
2288,neighbor,True,PASS_IMPLEMENTED_PROJECT_CHECKS,9782.9472000000,8879.6221420000,0.2000000000,0.4000000000,0.3000000000,3.5000000000,1.0000000000,101,110,103,113,103,111
2289,neighbor,False,INVALID_GEOMETRY_OR_INPUT,999999999.0000000000,8879.6221420000,0.2750000000,0.5000000000,0.3000000000,2.5000000000,1.0000000000,100,110,102,113,104,112
2290,neighbor,False,ENVELOPE_BASE_CONTACT,999999999.0000000000,8879.6221420000,0.2500000000,0.3000000000,0.4000000000,2.5000000000,1.0000000000,100,110,104,111,104,113
2291,neighbor,False,MAXIMUM_MAIN_STEEL,999999999.0000000000,8879.6221420000,0.2000000000,0.4000000000,0.3000000000,3.5000000000,1.0000000000,102,110,101,113,104,112
2292,neighbor,False,STEM_STRESS_OR_INTERVAL_BOUND,999999999.0000000000,8879.6221420000,0.2000000000,0.3500000000,0.3000000000,3.5000000000,1.0000000000,102,112,102,111,104,112
2293,neighbor,False,MINIMUM_MAIN_STEEL,999999999.0000000000,8879.6221420000,0.2750000000,0.3000000000,0.3000000000,3.5000000000,1.0000000000,100,111,102,113,104,113
2294,neighbor,True,PASS_IMPLEMENTED_PROJECT_CHECKS,12267.3216100000,8879.6221420000,0.2000000000,0.4500000000,0.5500000000,3.5000000000,1.0000000000,102,111,103,111,104,112
2295,neighbor,False,MINIMUM_MAIN_STEEL,999999999.0000000000,8879.6221420000,0.2750000000,0.4500000000,0.5000000000,3.0000000000,1.0000000000,100,111,103,113,103,113
2296,neighbor,False,MINIMUM_MAIN_STEEL,999999999.0000000000,8879.6221420000,0.2000000000,0.4500000000,0.3000000000,3.5000000000,0.9000000000,100,112,103,113,104,113
2297,neighbor,False,MINIMUM_MAIN_STEEL,999999999.0000000000,8879.6221420000,0.2000000000,0.5000000000,0.3000000000,3.5000000000,0.9000000000,101,111,102,113,104,111
2298,neighbor,False,MINIMUM_MAIN_STEEL,999999999.0000000000,8879.6221420000,0.2250000000,0.3500000000,0.3000000000,3.0000000000,0.8000000000,100,112,103,113,104,113
2299,neighbor,False,STEM_STRESS_OR_INTERVAL_BOUND,999999999.0000000000,8879.6221420000,0.2500000000,0.3000000000,0.3000000000,3.5000000000,1.0000000000,100,110,103,111,104,113
2300,neighbor,False,ENVELOPE_BASE_CONTACT,999999999.0000000000,8879.6221420000,0.2250000000,0.4000000000,0.5500000000,2.5000000000,0.9000000000,102,110,104,113,104,112
2301,neighbor,False,MINIMUM_MAIN_STEEL,999999999.0000000000,8879.6221420000,0.2750000000,0.4000000000,0.3000000000,3.5000000000,0.8000000000,100,110,102,113,104,113
2302,neighbor,False,ENVELOPE_BASE_CONTACT,999999999.0000000000,8879.6221420000,0.2750000000,0.4500000000,0.3000000000,2.5000000000,1.0000000000,101,111,102,113,104,112
2303,neighbor,False,STEM_STRESS_OR_INTERVAL_BOUND,999999999.0000000000,8879.6221420000,0.2000000000,0.3500000000,0.3000000000,3.0000000000,1.0000000000,100,110,102,113,103,112
2304,neighbor,False,MINIMUM_MAIN_STEEL,999999999.0000000000,8879.6221420000,0.2000000000,0.4500000000,0.3000000000,3.0000000000,0.8000000000,100,111,104,111,102,112
2305,neighbor,False,MINIMUM_MAIN_STEEL,999999999.0000000000,8879.6221420000,0.2500000000,0.3000000000,0.3000000000,3.5000000000,0.8000000000,101,112,100,112,104,113
2306,neighbor,False,MINIMUM_MAIN_STEEL,999999999.0000000000,8879.6221420000,0.2000000000,0.4500000000,0.3000000000,3.5000000000,1.0000000000,100,111,103,111,103,113
2307,neighbor,True,PASS_IMPLEMENTED_PROJECT_CHECKS,10701.6345080000,8879.6221420000,0.2250000000,0.4500000000,0.4000000000,3.5000000000,1.0000000000,101,110,103,113,104,113
2308,neighbor,False,STEM_STRESS_OR_INTERVAL_BOUND,999999999.0000000000,8879.6221420000,0.2750000000,0.3000000000,0.4000000000,3.5000000000,1.0000000000,100,110,103,113,104,113
2309,neighbor,False,MINIMUM_MAIN_STEEL,999999999.0000000000,8879.6221420000,0.2250000000,0.4000000000,0.3000000000,3.0000000000,1.0000000000,100,111,100,112,104,111
2310,neighbor,False,MINIMUM_MAIN_STEEL,999999999.0000000000,8879.6221420000,0.2500000000,0.4500000000,0.3000000000,2.5000000000,1.0000000000,100,112,104,112,104,113
2311,neighbor,False,STEM_STRESS_OR_INTERVAL_BOUND,999999999.0000000000,8879.6221420000,0.2000000000,0.4000000000,0.3000000000,3.0000000000,0.9000000000,102,112,103,112,102,112
2312,neighbor,False,ENVELOPE_BASE_CONTACT,999999999.0000000000,8879.6221420000,0.2500000000,0.3500000000,0.5500000000,2.5000000000,1.0000000000,103,110,103,112,103,113
2313,neighbor,False,MINIMUM_MAIN_STEEL,999999999.0000000000,8879.6221420000,0.2000000000,0.3500000000,0.3000000000,3.5000000000,1.0000000000,100,112,104,113,104,113
2314,neighbor,False,STEM_STRESS_OR_INTERVAL_BOUND,999999999.0000000000,8879.6221420000,0.2750000000,0.3500000000,0.3000000000,3.0000000000,1.0000000000,100,110,104,112,104,113
2315,neighbor,True,PASS_IMPLEMENTED_PROJECT_CHECKS,10353.2464700000,8879.6221420000,0.2500000000,0.3500000000,0.3000000000,3.5000000000,1.0000000000,103,112,103,111,104,112
2316,neighbor,False,INVALID_GEOMETRY_OR_INPUT,999999999.0000000000,8879.6221420000,0.2000000000,0.5000000000,0.3000000000,2.5000000000,1.0000000000,101,111,100,111,104,113
2317,neighbor,False,MAXIMUM_MAIN_STEEL,999999999.0000000000,8879.6221420000,0.2250000000,0.4500000000,0.3000000000,3.0000000000,0.8000000000,103,110,104,111,104,112
2318,neighbor,False,INVALID_GEOMETRY_OR_INPUT,999999999.0000000000,8879.6221420000,0.2000000000,0.5000000000,0.3000000000,2.5000000000,1.0000000000,101,112,102,113,104,113
2319,neighbor,False,MINIMUM_MAIN_STEEL,999999999.0000000000,8879.6221420000,0.2000000000,0.3500000000,0.3000000000,3.0000000000,1.0000000000,100,112,104,113,104,111
2320,neighbor,False,MINIMUM_MAIN_STEEL,999999999.0000000000,8879.6221420000,0.2000000000,0.5000000000,0.3500000000,3.0000000000,1.0000000000,102,111,100,113,104,113
2321,neighbor,False,ENVELOPE_BASE_CONTACT,999999999.0000000000,8879.6221420000,0.2750000000,0.5000000000,0.3000000000,2.5000000000,0.9000000000,102,110,101,113,104,111
2322,neighbor,False,MINIMUM_MAIN_STEEL,999999999.0000000000,8879.6221420000,0.2000000000,0.4500000000,0.5000000000,3.5000000000,0.8000000000,100,110,103,113,104,111
2323,neighbor,False,MEMBER_FLEXURE,999999999.0000000000,8879.6221420000,0.2250000000,0.4000000000,0.3000000000,3.0000000000,1.0000000000,103,112,101,113,104,113
2324,neighbor,True,PASS_IMPLEMENTED_PROJECT_CHECKS,10396.8083960000,8879.6221420000,0.2500000000,0.3000000000,0.3000000000,3.5000000000,0.8000000000,102,110,103,111,104,113
2325,neighbor,False,ENVELOPE_BASE_CONTACT,999999999.0000000000,8879.6221420000,0.2500000000,0.3000000000,0.4000000000,2.5000000000,1.0000000000,102,110,104,112,102,112
2326,neighbor,False,STEM_STRESS_OR_INTERVAL_BOUND,999999999.0000000000,8879.6221420000,0.2500000000,0.3500000000,0.3000000000,3.5000000000,1.0000000000,102,112,100,111,103,113
2327,neighbor,False,ENVELOPE_BASE_CONTACT,999999999.0000000000,8879.6221420000,0.2250000000,0.4500000000,0.3000000000,2.5000000000,1.0000000000,102,110,104,113,103,113
2328,neighbor,False,MINIMUM_MAIN_STEEL,999999999.0000000000,8879.6221420000,0.2000000000,0.4000000000,0.3000000000,2.5000000000,1.0000000000,100,112,104,113,103,113
2329,neighbor,False,MINIMUM_MAIN_STEEL,999999999.0000000000,8879.6221420000,0.2500000000,0.4000000000,0.3000000000,3.0000000000,1.0000000000,102,110,100,113,102,113
2330,neighbor,False,MINIMUM_MAIN_STEEL,999999999.0000000000,8879.6221420000,0.2000000000,0.4500000000,0.4000000000,3.5000000000,0.8000000000,100,112,103,113,103,113
2331,neighbor,True,PASS_IMPLEMENTED_PROJECT_CHECKS,11490.1253700000,8879.6221420000,0.2750000000,0.3000000000,0.4000000000,3.5000000000,0.8000000000,102,110,103,112,104,112
2332,neighbor,False,MINIMUM_MAIN_STEEL,999999999.0000000000,8879.6221420000,0.2250000000,0.5000000000,0.3000000000,3.0000000000,1.0000000000,100,112,103,113,102,113
2333,neighbor,False,MINIMUM_MAIN_STEEL,999999999.0000000000,8879.6221420000,0.2500000000,0.5000000000,0.3000000000,3.5000000000,0.9000000000,100,111,102,113,103,113
2334,neighbor,False,ENVELOPE_BASE_CONTACT,999999999.0000000000,8879.6221420000,0.2750000000,0.4500000000,0.3000000000,2.5000000000,0.8000000000,101,110,104,113,103,113
2335,neighbor,False,MINIMUM_MAIN_STEEL,999999999.0000000000,8879.6221420000,0.2000000000,0.5000000000,0.3500000000,3.0000000000,1.0000000000,100,112,101,111,104,112
2336,neighbor,True,PASS_IMPLEMENTED_PROJECT_CHECKS,10643.4653550000,8879.6221420000,0.2750000000,0.3000000000,0.3500000000,3.0000000000,0.8000000000,102,110,104,111,103,111
2337,neighbor,False,ENVELOPE_BASE_CONTACT,999999999.0000000000,8879.6221420000,0.2750000000,0.3500000000,0.3000000000,2.5000000000,0.8000000000,103,110,102,113,102,111
2338,neighbor,False,ENVELOPE_BASE_CONTACT,999999999.0000000000,8879.6221420000,0.2750000000,0.3500000000,0.3000000000,2.5000000000,1.0000000000,101,110,104,113,104,112
2339,neighbor,False,MAXIMUM_MAIN_STEEL,999999999.0000000000,8879.6221420000,0.2000000000,0.3500000000,0.3000000000,3.5000000000,1.0000000000,102,110,102,113,104,112
2340,neighbor,False,MINIMUM_MAIN_STEEL,999999999.0000000000,8879.6221420000,0.2750000000,0.3500000000,0.3000000000,3.5000000000,1.0000000000,102,110,100,113,102,113
2341,neighbor,True,PASS_IMPLEMENTED_PROJECT_CHECKS,9893.1611300000,8879.6221420000,0.2250000000,0.3500000000,0.3000000000,3.0000000000,1.0000000000,103,111,101,111,104,112
2342,neighbor,False,STEM_STRESS_OR_INTERVAL_BOUND,999999999.0000000000,8879.6221420000,0.2000000000,0.3000000000,0.3000000000,3.0000000000,1.0000000000,100,110,101,113,104,113
2343,neighbor,False,ENVELOPE_BASE_CONTACT,999999999.0000000000,8879.6221420000,0.2500000000,0.3000000000,0.4500000000,2.5000000000,0.8000000000,101,110,104,112,102,111
2344,neighbor,False,STEM_STRESS_OR_INTERVAL_BOUND,999999999.0000000000,8879.6221420000,0.2750000000,0.3500000000,0.5000000000,3.5000000000,1.0000000000,100,110,103,113,104,113
2345,neighbor,False,ENVELOPE_BASE_CONTACT,999999999.0000000000,8879.6221420000,0.2000000000,0.3000000000,0.3000000000,2.5000000000,1.0000000000,100,110,103,112,102,113
2346,neighbor,False,MINIMUM_MAIN_STEEL,999999999.0000000000,8879.6221420000,0.2250000000,0.4500000000,0.3000000000,2.5000000000,1.0000000000,100,110,100,113,104,113
2347,neighbor,False,MINIMUM_MAIN_STEEL,999999999.0000000000,8879.6221420000,0.2500000000,0.3500000000,0.4000000000,2.5000000000,1.0000000000,100,112,103,113,102,113
2348,neighbor,False,MAXIMUM_MAIN_STEEL,999999999.0000000000,8879.6221420000,0.2000000000,0.5000000000,0.3000000000,3.0000000000,0.9000000000,102,110,103,112,104,113
2349,neighbor,True,PASS_IMPLEMENTED_PROJECT_CHECKS,11365.9293750000,8879.6221420000,0.2250000000,0.3000000000,0.4500000000,3.5000000000,1.0000000000,103,111,103,111,103,113
2350,neighbor,False,ENVELOPE_BASE_CONTACT,999999999.0000000000,8879.6221420000,0.2000000000,0.3000000000,0.5000000000,2.5000000000,0.8000000000,101,110,103,112,103,112
2351,neighbor,False,ENVELOPE_BASE_CONTACT,999999999.0000000000,8879.6221420000,0.2000000000,0.4500000000,0.3000000000,2.5000000000,0.8000000000,101,110,101,111,103,112
2352,neighbor,False,MINIMUM_MAIN_STEEL,999999999.0000000000,8879.6221420000,0.2000000000,0.3500000000,0.5000000000,3.0000000000,1.0000000000,100,111,102,112,103,113
2353,neighbor,False,STEM_STRESS_OR_INTERVAL_BOUND,999999999.0000000000,8879.6221420000,0.2750000000,0.3000000000,0.3000000000,3.5000000000,0.8000000000,100,110,102,113,103,113
2354,neighbor,True,PASS_IMPLEMENTED_PROJECT_CHECKS,9439.4040300000,8879.6221420000,0.2250000000,0.4000000000,0.3000000000,3.0000000000,1.0000000000,102,111,101,111,104,111
2355,neighbor,False,ENVELOPE_BASE_CONTACT,999999999.0000000000,8879.6221420000,0.2000000000,0.3000000000,0.3000000000,2.5000000000,0.8000000000,102,110,103,113,104,113
2356,neighbor,False,MINIMUM_MAIN_STEEL,999999999.0000000000,8879.6221420000,0.2000000000,0.4500000000,0.3000000000,3.5000000000,1.0000000000,102,112,100,113,104,112
2357,neighbor,False,MINIMUM_MAIN_STEEL,999999999.0000000000,8879.6221420000,0.2750000000,0.5000000000,0.3000000000,3.0000000000,1.0000000000,102,110,100,113,104,113
2358,neighbor,False,INVALID_GEOMETRY_OR_INPUT,999999999.0000000000,8879.6221420000,0.2000000000,0.5000000000,0.3500000000,2.5000000000,1.0000000000,101,112,102,113,104,113
2359,neighbor,False,MINIMUM_MAIN_STEEL,999999999.0000000000,8879.6221420000,0.2500000000,0.4500000000,0.3000000000,2.5000000000,1.0000000000,101,110,100,113,103,112
2360,neighbor,False,ENVELOPE_BASE_CONTACT,999999999.0000000000,8879.6221420000,0.2750000000,0.3000000000,0.4000000000,2.5000000000,0.8000000000,102,110,103,113,104,113
2361,neighbor,False,MINIMUM_MAIN_STEEL,999999999.0000000000,8879.6221420000,0.2750000000,0.3500000000,0.3000000000,2.5000000000,0.9000000000,101,111,100,112,103,112
2362,neighbor,True,PASS_IMPLEMENTED_PROJECT_CHECKS,11266.4385800000,8879.6221420000,0.2000000000,0.4500000000,0.5000000000,3.5000000000,0.8000000000,102,112,102,111,104,112
2363,neighbor,True,PASS_IMPLEMENTED_PROJECT_CHECKS,10097.7894680000,8879.6221420000,0.2000000000,0.4500000000,0.3000000000,3.5000000000,0.8000000000,101,110,104,113,104,112
2364,neighbor,False,MINIMUM_MAIN_STEEL,999999999.0000000000,8879.6221420000,0.2750000000,0.4500000000,0.3000000000,3.5000000000,0.8000000000,100,110,102,111,104,113
2365,neighbor,False,INVALID_GEOMETRY_OR_INPUT,999999999.0000000000,8879.6221420000,0.2000000000,0.5000000000,0.5500000000,2.5000000000,1.0000000000,103,110,102,113,104,112
2366,neighbor,False,ENVELOPE_BASE_CONTACT,999999999.0000000000,8879.6221420000,0.2000000000,0.3000000000,0.3000000000,2.5000000000,0.9000000000,101,112,104,112,104,112
2367,neighbor,False,MINIMUM_MAIN_STEEL,999999999.0000000000,8879.6221420000,0.2250000000,0.5000000000,0.3500000000,3.0000000000,0.8000000000,100,111,100,112,104,112
2368,neighbor,False,MAXIMUM_MAIN_STEEL,999999999.0000000000,8879.6221420000,0.2250000000,0.4500000000,0.3000000000,3.5000000000,1.0000000000,103,110,104,111,104,113
2369,neighbor,False,ENVELOPE_BASE_CONTACT,999999999.0000000000,8879.6221420000,0.2000000000,0.4000000000,0.3500000000,2.5000000000,1.0000000000,103,110,103,113,103,113
2370,neighbor,False,STEM_STRESS_OR_INTERVAL_BOUND,999999999.0000000000,8879.6221420000,0.2250000000,0.3000000000,0.3000000000,3.5000000000,0.9000000000,100,110,104,112,104,112
2371,neighbor,False,MINIMUM_MAIN_STEEL,999999999.0000000000,8879.6221420000,0.2750000000,0.4000000000,0.3000000000,3.5000000000,1.0000000000,101,112,103,113,104,113
2372,neighbor,False,MINIMUM_MAIN_STEEL,999999999.0000000000,8879.6221420000,0.2750000000,0.4000000000,0.5000000000,3.0000000000,0.8000000000,103,110,101,113,104,113
2373,neighbor,False,MINIMUM_MAIN_STEEL,999999999.0000000000,8879.6221420000,0.2750000000,0.3000000000,0.4500000000,3.5000000000,1.0000000000,100,112,104,113,104,113
2374,neighbor,False,INVALID_GEOMETRY_OR_INPUT,999999999.0000000000,8879.6221420000,0.2500000000,0.5000000000,0.5000000000,2.5000000000,1.0000000000,102,112,101,112,104,113
2375,neighbor,False,ENVELOPE_BASE_CONTACT,999999999.0000000000,8879.6221420000,0.2250000000,0.4500000000,0.5000000000,2.5000000000,1.0000000000,101,110,102,113,104,113
2376,neighbor,False,ENVELOPE_BASE_CONTACT,999999999.0000000000,8879.6221420000,0.2250000000,0.3000000000,0.3000000000,2.5000000000,0.8000000000,100,110,102,113,103,113
2377,neighbor,False,MINIMUM_MAIN_STEEL,999999999.0000000000,8879.6221420000,0.2250000000,0.4500000000,0.3000000000,3.0000000000,0.9000000000,100,110,101,113,104,111
2378,neighbor,False,STEM_STRESS_OR_INTERVAL_BOUND,999999999.0000000000,8879.6221420000,0.2750000000,0.3500000000,0.3000000000,3.0000000000,1.0000000000,101,110,103,113,104,111
2379,neighbor,False,STEM_STRESS_OR_INTERVAL_BOUND,999999999.0000000000,8879.6221420000,0.2250000000,0.3000000000,0.3000000000,3.0000000000,0.8000000000,100,110,102,113,103,113
2380,neighbor,False,MINIMUM_MAIN_STEEL,999999999.0000000000,8879.6221420000,0.2000000000,0.4500000000,0.3000000000,3.5000000000,1.0000000000,101,112,100,113,104,113
2381,neighbor,False,INVALID_GEOMETRY_OR_INPUT,999999999.0000000000,8879.6221420000,0.2500000000,0.5000000000,0.3500000000,2.5000000000,1.0000000000,101,110,102,113,102,113
2382,neighbor,False,ENVELOPE_BASE_CONTACT,999999999.0000000000,8879.6221420000,0.2000000000,0.4500000000,0.4500000000,2.5000000000,1.0000000000,103,110,101,112,104,113
2383,neighbor,False,MEMBER_FLEXURE,999999999.0000000000,8879.6221420000,0.2250000000,0.5000000000,0.3000000000,3.5000000000,1.0000000000,102,111,100,111,104,111
2384,neighbor,False,STEM_STRESS_OR_INTERVAL_BOUND,999999999.0000000000,8879.6221420000,0.2250000000,0.3000000000,0.3500000000,3.5000000000,1.0000000000,100,110,104,113,104,112
2385,neighbor,False,INVALID_GEOMETRY_OR_INPUT,999999999.0000000000,8879.6221420000,0.2750000000,0.5000000000,0.3000000000,2.5000000000,1.0000000000,100,111,101,113,104,111
2386,neighbor,False,MINIMUM_MAIN_STEEL,999999999.0000000000,8879.6221420000,0.2250000000,0.4500000000,0.3000000000,2.5000000000,1.0000000000,100,110,100,112,104,113
2387,neighbor,False,STEM_STRESS_OR_INTERVAL_BOUND,999999999.0000000000,8879.6221420000,0.2000000000,0.3000000000,0.3500000000,3.0000000000,1.0000000000,100,110,101,112,102,113
2388,neighbor,False,MINIMUM_MAIN_STEEL,999999999.0000000000,8879.6221420000,0.2500000000,0.4500000000,0.3000000000,3.5000000000,1.0000000000,100,112,101,113,104,113
2389,neighbor,False,ENVELOPE_BASE_CONTACT,999999999.0000000000,8879.6221420000,0.2500000000,0.5000000000,0.3000000000,2.5000000000,0.8000000000,103,112,104,111,104,113
2390,neighbor,False,INVALID_GEOMETRY_OR_INPUT,999999999.0000000000,8879.6221420000,0.2250000000,0.5000000000,0.4000000000,2.5000000000,1.0000000000,102,110,100,113,103,113
2391,neighbor,True,PASS_IMPLEMENTED_PROJECT_CHECKS,10940.4162500000,8879.6221420000,0.2250000000,0.4500000000,0.3000000000,3.5000000000,1.0000000000,102,110,103,111,103,113
2392,neighbor,False,STEM_STRESS_OR_INTERVAL_BOUND,999999999.0000000000,8879.6221420000,0.2250000000,0.3000000000,0.3000000000,3.5000000000,1.0000000000,102,111,104,113,102,111
2393,neighbor,False,MAXIMUM_MAIN_STEEL,999999999.0000000000,8879.6221420000,0.2000000000,0.3500000000,0.3000000000,3.0000000000,1.0000000000,103,111,103,113,104,111
2394,neighbor,True,PASS_IMPLEMENTED_PROJECT_CHECKS,9700.5721250000,8879.6221420000,0.2250000000,0.3500000000,0.3500000000,3.0000000000,1.0000000000,103,112,102,111,103,111
2395,neighbor,False,MINIMUM_MAIN_STEEL,999999999.0000000000,8879.6221420000,0.2000000000,0.3500000000,0.4500000000,3.5000000000,0.9000000000,102,110,101,113,104,111
2396,neighbor,False,MEMBER_FLEXURE,999999999.0000000000,8879.6221420000,0.2500000000,0.4500000000,0.3000000000,3.5000000000,1.0000000000,103,111,102,112,102,113
2397,neighbor,False,MINIMUM_MAIN_STEEL,999999999.0000000000,8879.6221420000,0.2500000000,0.5000000000,0.4000000000,3.0000000000,0.8000000000,100,111,101,113,102,113
2398,neighbor,False,ENVELOPE_BASE_CONTACT,999999999.0000000000,8879.6221420000,0.2750000000,0.3500000000,0.4500000000,2.5000000000,1.0000000000,100,110,102,112,104,113
2399,neighbor,True,PASS_IMPLEMENTED_PROJECT_CHECKS,9302.9903040000,8879.6221420000,0.2000000000,0.4000000000,0.3000000000,3.5000000000,0.9000000000,101,110,101,113,104,113
2400,neighbor,False,STEM_STRESS_OR_INTERVAL_BOUND,999999999.0000000000,8879.6221420000,0.2750000000,0.3000000000,0.5500000000,3.5000000000,1.0000000000,100,110,104,112,104,113
2401,neighbor,False,ENVELOPE_BASE_CONTACT,999999999.0000000000,8879.6221420000,0.2000000000,0.3500000000,0.3000000000,2.5000000000,0.8000000000,101,110,103,111,104,111
2402,neighbor,False,MINIMUM_MAIN_STEEL,999999999.0000000000,8879.6221420000,0.2500000000,0.3000000000,0.4500000000,3.5000000000,1.0000000000,102,110,101,113,104,111
2403,neighbor,False,MINIMUM_MAIN_STEEL,999999999.0000000000,8879.6221420000,0.2500000000,0.3000000000,0.3500000000,2.5000000000,0.8000000000,103,110,100,113,104,113
2404,neighbor,False,STEM_STRESS_OR_INTERVAL_BOUND,999999999.0000000000,8879.6221420000,0.2000000000,0.3000000000,0.4500000000,3.5000000000,0.8000000000,103,112,102,113,104,113
2405,neighbor,False,MINIMUM_MAIN_STEEL,999999999.0000000000,8879.6221420000,0.2500000000,0.5000000000,0.3000000000,3.0000000000,0.8000000000,100,110,102,113,104,111
2406,neighbor,False,MAXIMUM_MAIN_STEEL,999999999.0000000000,8879.6221420000,0.2500000000,0.5000000000,0.3000000000,3.0000000000,1.0000000000,103,110,104,111,102,113
2407,neighbor,False,MINIMUM_MAIN_STEEL,999999999.0000000000,8879.6221420000,0.2000000000,0.4500000000,0.4500000000,2.5000000000,0.9000000000,101,112,102,111,104,111
2408,neighbor,False,ENVELOPE_BASE_CONTACT,999999999.0000000000,8879.6221420000,0.2000000000,0.3500000000,0.5500000000,2.5000000000,0.9000000000,102,110,102,111,104,113
2409,neighbor,False,MEMBER_FLEXURE,999999999.0000000000,8879.6221420000,0.2750000000,0.4000000000,0.3500000000,3.0000000000,0.9000000000,101,110,102,113,102,113
2410,neighbor,False,INVALID_GEOMETRY_OR_INPUT,999999999.0000000000,8879.6221420000,0.2250000000,0.5000000000,0.3000000000,2.5000000000,1.0000000000,100,111,100,113,102,111
2411,neighbor,False,INVALID_GEOMETRY_OR_INPUT,999999999.0000000000,8879.6221420000,0.2000000000,0.5000000000,0.3000000000,2.5000000000,1.0000000000,100,111,104,111,102,113
2412,neighbor,True,PASS_IMPLEMENTED_PROJECT_CHECKS,10813.2577320000,8879.6221420000,0.2500000000,0.4000000000,0.3000000000,3.5000000000,1.0000000000,103,111,102,112,104,113
2413,neighbor,False,MINIMUM_MAIN_STEEL,999999999.0000000000,8879.6221420000,0.2750000000,0.3000000000,0.3500000000,3.5000000000,1.0000000000,100,112,100,112,104,113
2414,neighbor,False,ENVELOPE_BASE_CONTACT,999999999.0000000000,8879.6221420000,0.2500000000,0.4500000000,0.3000000000,2.5000000000,1.0000000000,103,112,102,111,104,113
2415,neighbor,False,MINIMUM_MAIN_STEEL,999999999.0000000000,8879.6221420000,0.2750000000,0.3500000000,0.3500000000,3.0000000000,1.0000000000,100,110,100,112,104,113
2416,neighbor,False,INVALID_GEOMETRY_OR_INPUT,999999999.0000000000,8879.6221420000,0.2000000000,0.5000000000,0.3000000000,2.5000000000,1.0000000000,100,112,101,111,102,113
2417,neighbor,False,MINIMUM_MAIN_STEEL,999999999.0000000000,8879.6221420000,0.2000000000,0.3000000000,0.5000000000,3.0000000000,1.0000000000,102,110,101,113,102,113
2418,neighbor,False,MINIMUM_MAIN_STEEL,999999999.0000000000,8879.6221420000,0.2000000000,0.5000000000,0.5500000000,3.0000000000,0.8000000000,101,110,101,112,102,113
2419,neighbor,False,STEM_STRESS_OR_INTERVAL_BOUND,999999999.0000000000,8879.6221420000,0.2000000000,0.4000000000,0.3000000000,3.0000000000,1.0000000000,101,111,104,112,102,113
2420,neighbor,False,MINIMUM_MAIN_STEEL,999999999.0000000000,8879.6221420000,0.2500000000,0.4500000000,0.4500000000,3.0000000000,0.8000000000,100,110,104,113,104,113
2421,neighbor,False,MINIMUM_MAIN_STEEL,999999999.0000000000,8879.6221420000,0.2250000000,0.4500000000,0.3500000000,2.5000000000,1.0000000000,100,110,102,113,102,113
2422,neighbor,True,PASS_IMPLEMENTED_PROJECT_CHECKS,10152.8424060000,8879.6221420000,0.2750000000,0.4500000000,0.3000000000,3.5000000000,0.8000000000,102,111,101,113,104,113
2423,neighbor,False,MINIMUM_MAIN_STEEL,999999999.0000000000,8879.6221420000,0.2750000000,0.4000000000,0.3000000000,2.5000000000,0.8000000000,100,110,104,113,103,113
2424,neighbor,False,MINIMUM_MAIN_STEEL,999999999.0000000000,8879.6221420000,0.2500000000,0.4000000000,0.3000000000,3.0000000000,1.0000000000,100,110,102,112,102,113
2425,neighbor,False,ENVELOPE_BASE_CONTACT,999999999.0000000000,8879.6221420000,0.2000000000,0.5000000000,0.3500000000,2.5000000000,0.8000000000,102,112,102,111,104,113
2426,neighbor,False,MAXIMUM_MAIN_STEEL,999999999.0000000000,8879.6221420000,0.2500000000,0.3500000000,0.3000000000,3.5000000000,0.9000000000,103,110,104,111,102,113
2427,neighbor,False,STEM_STRESS_OR_INTERVAL_BOUND,999999999.0000000000,8879.6221420000,0.2500000000,0.3500000000,0.5000000000,3.5000000000,1.0000000000,101,110,102,111,104,111
2428,neighbor,False,MEMBER_FLEXURE,999999999.0000000000,8879.6221420000,0.2250000000,0.4000000000,0.3000000000,3.0000000000,0.9000000000,102,111,103,112,102,113
2429,neighbor,False,STEM_STRESS_OR_INTERVAL_BOUND,999999999.0000000000,8879.6221420000,0.2000000000,0.4500000000,0.3500000000,3.5000000000,1.0000000000,102,112,104,111,104,111
2430,neighbor,True,PASS_IMPLEMENTED_PROJECT_CHECKS,10023.8575680000,8879.6221420000,0.2000000000,0.4500000000,0.4000000000,3.0000000000,1.0000000000,101,110,103,111,104,113
2431,neighbor,False,MINIMUM_MAIN_STEEL,999999999.0000000000,8879.6221420000,0.2000000000,0.3000000000,0.3000000000,3.0000000000,0.8000000000,100,111,104,113,102,113
2432,neighbor,False,INVALID_GEOMETRY_OR_INPUT,999999999.0000000000,8879.6221420000,0.2750000000,0.5000000000,0.4500000000,2.5000000000,1.0000000000,100,110,100,113,104,111
2433,neighbor,False,MINIMUM_MAIN_STEEL,999999999.0000000000,8879.6221420000,0.2000000000,0.3000000000,0.5500000000,3.5000000000,0.8000000000,103,110,100,112,104,113
2434,neighbor,False,STEM_STRESS_OR_INTERVAL_BOUND,999999999.0000000000,8879.6221420000,0.2500000000,0.3500000000,0.3000000000,3.5000000000,1.0000000000,100,110,101,113,104,113
2435,neighbor,False,MINIMUM_MAIN_STEEL,999999999.0000000000,8879.6221420000,0.2000000000,0.4500000000,0.3000000000,3.5000000000,0.9000000000,100,112,101,112,104,112
2436,neighbor,False,ENVELOPE_BASE_CONTACT,999999999.0000000000,8879.6221420000,0.2250000000,0.3000000000,0.5000000000,2.5000000000,1.0000000000,101,112,102,113,103,111
2437,neighbor,False,MINIMUM_MAIN_STEEL,999999999.0000000000,8879.6221420000,0.2000000000,0.4500000000,0.5500000000,3.5000000000,0.8000000000,100,110,101,113,102,112
2438,neighbor,False,MAXIMUM_MAIN_STEEL,999999999.0000000000,8879.6221420000,0.2750000000,0.3500000000,0.3000000000,3.0000000000,1.0000000000,103,110,102,112,102,113
2439,neighbor,False,ENVELOPE_BASE_CONTACT,999999999.0000000000,8879.6221420000,0.2000000000,0.3500000000,0.4000000000,2.5000000000,0.8000000000,101,111,101,113,104,113
2440,neighbor,False,MINIMUM_MAIN_STEEL,999999999.0000000000,8879.6221420000,0.2750000000,0.4000000000,0.3000000000,3.0000000000,0.9000000000,100,110,102,113,104,113
2441,neighbor,True,PASS_IMPLEMENTED_PROJECT_CHECKS,8773.8752500000,8773.8752500000,0.2000000000,0.3500000000,0.3000000000,3.0000000000,1.0000000000,103,112,102,112,102,111
2442,neighbor,False,MAXIMUM_MAIN_STEEL,999999999.0000000000,8773.8752500000,0.2000000000,0.3500000000,0.3000000000,3.0000000000,1.0000000000,103,111,102,113,101,110
2443,neighbor,False,MINIMUM_MAIN_STEEL,999999999.0000000000,8773.8752500000,0.2500000000,0.4500000000,0.3000000000,3.5000000000,1.0000000000,101,112,101,112,102,110
2444,neighbor,False,ENVELOPE_BASE_CONTACT,999999999.0000000000,8773.8752500000,0.2250000000,0.3500000000,0.3000000000,2.5000000000,1.0000000000,103,113,104,111,100,111
2445,neighbor,True,PASS_IMPLEMENTED_PROJECT_CHECKS,9589.9810500000,8773.8752500000,0.2500000000,0.4000000000,0.3500000000,3.0000000000,0.8000000000,103,113,102,113,102,110
2446,neighbor,True,PASS_IMPLEMENTED_PROJECT_CHECKS,9946.8955600000,8773.8752500000,0.2000000000,0.4000000000,0.3500000000,3.5000000000,1.0000000000,103,113,100,110,102,110
2447,neighbor,False,MINIMUM_MAIN_STEEL,999999999.0000000000,8773.8752500000,0.2000000000,0.4000000000,0.3000000000,3.5000000000,0.8000000000,102,110,100,112,103,110
2448,neighbor,False,MINIMUM_MAIN_STEEL,999999999.0000000000,8773.8752500000,0.2250000000,0.4000000000,0.3000000000,3.0000000000,0.9000000000,101,110,100,113,100,111
2449,neighbor,False,MINIMUM_MAIN_STEEL,999999999.0000000000,8773.8752500000,0.2500000000,0.3000000000,0.3000000000,3.5000000000,1.0000000000,104,111,100,112,102,111
2450,neighbor,False,MINIMUM_MAIN_STEEL,999999999.0000000000,8773.8752500000,0.2250000000,0.3000000000,0.3000000000,2.5000000000,1.0000000000,104,112,102,113,100,113
2451,neighbor,False,MINIMUM_MAIN_STEEL,999999999.0000000000,8773.8752500000,0.2000000000,0.4500000000,0.3000000000,2.5000000000,1.0000000000,101,112,101,112,104,112
2452,neighbor,False,ENVELOPE_BASE_CONTACT,999999999.0000000000,8773.8752500000,0.2000000000,0.4500000000,0.5500000000,2.5000000000,1.0000000000,104,110,102,111,103,111
2453,neighbor,False,MINIMUM_MAIN_STEEL,999999999.0000000000,8773.8752500000,0.2000000000,0.4500000000,0.3000000000,2.5000000000,1.0000000000,101,112,103,110,104,112
2454,neighbor,False,MAXIMUM_MAIN_STEEL,999999999.0000000000,8773.8752500000,0.2250000000,0.4000000000,0.3000000000,3.5000000000,0.8000000000,103,110,101,112,104,110
2455,neighbor,False,MINIMUM_MAIN_STEEL,999999999.0000000000,8773.8752500000,0.2500000000,0.2500000000,0.3000000000,3.0000000000,1.0000000000,104,112,100,112,101,110
2456,neighbor,False,MINIMUM_MAIN_STEEL,999999999.0000000000,8773.8752500000,0.2000000000,0.4000000000,0.3000000000,2.5000000000,0.9000000000,104,113,104,110,100,113
2457,neighbor,True,PASS_IMPLEMENTED_PROJECT_CHECKS,10112.0821100000,8773.8752500000,0.2250000000,0.4000000000,0.3000000000,3.0000000000,0.8000000000,103,111,104,112,103,113
2458,neighbor,False,MINIMUM_MAIN_STEEL,999999999.0000000000,8773.8752500000,0.2250000000,0.4500000000,0.3000000000,2.5000000000,0.8000000000,103,110,100,113,103,113
2459,neighbor,False,MINIMUM_MAIN_STEEL,999999999.0000000000,8773.8752500000,0.2250000000,0.2500000000,0.3000000000,3.0000000000,1.0000000000,104,113,100,113,101,110
2460,neighbor,False,MINIMUM_MAIN_STEEL,999999999.0000000000,8773.8752500000,0.2250000000,0.4500000000,0.3000000000,2.5000000000,1.0000000000,101,113,104,112,101,110
2461,neighbor,False,MINIMUM_MAIN_STEEL,999999999.0000000000,8773.8752500000,0.2000000000,0.4000000000,0.3000000000,3.5000000000,0.9000000000,101,113,101,113,104,112
2462,neighbor,False,STEM_STRESS_OR_INTERVAL_BOUND,999999999.0000000000,8773.8752500000,0.2000000000,0.2500000000,0.5500000000,3.0000000000,1.0000000000,104,113,104,112,102,110
2463,neighbor,False,STEM_STRESS_OR_INTERVAL_BOUND,999999999.0000000000,8773.8752500000,0.2000000000,0.2500000000,0.3500000000,3.5000000000,0.8000000000,104,110,101,113,104,112
2464,neighbor,False,ENVELOPE_BASE_CONTACT,999999999.0000000000,8773.8752500000,0.2000000000,0.2500000000,0.3000000000,2.5000000000,1.0000000000,104,113,103,110,104,113
2465,neighbor,False,STEM_STRESS_OR_INTERVAL_BOUND,999999999.0000000000,8773.8752500000,0.2000000000,0.4000000000,0.3000000000,3.0000000000,0.9000000000,102,113,102,111,101,111
2466,neighbor,False,MINIMUM_MAIN_STEEL,999999999.0000000000,8773.8752500000,0.2000000000,0.4000000000,0.3000000000,3.5000000000,1.0000000000,101,111,101,111,100,112
2467,neighbor,False,MINIMUM_MAIN_STEEL,999999999.0000000000,8773.8752500000,0.2000000000,0.3500000000,0.3000000000,3.0000000000,1.0000000000,104,110,100,112,104,111
2468,neighbor,False,MINIMUM_MAIN_STEEL,999999999.0000000000,8773.8752500000,0.2000000000,0.4500000000,0.3000000000,3.0000000000,1.0000000000,101,112,103,112,100,110
2469,neighbor,False,MINIMUM_MAIN_STEEL,999999999.0000000000,8773.8752500000,0.2000000000,0.4000000000,0.3000000000,3.5000000000,1.0000000000,101,112,101,112,102,113
2470,neighbor,True,PASS_IMPLEMENTED_PROJECT_CHECKS,10349.1116950000,8773.8752500000,0.2250000000,0.4500000000,0.3500000000,3.5000000000,0.9000000000,104,113,101,113,101,110
2471,neighbor,False,ENVELOPE_BASE_CONTACT,999999999.0000000000,8773.8752500000,0.2000000000,0.2500000000,0.3500000000,2.5000000000,0.8000000000,102,113,100,111,101,112
2472,neighbor,False,MAXIMUM_MAIN_STEEL,999999999.0000000000,8773.8752500000,0.2000000000,0.3500000000,0.3000000000,3.0000000000,0.9000000000,103,111,103,112,104,110
2473,neighbor,False,STEM_STRESS_OR_INTERVAL_BOUND,999999999.0000000000,8773.8752500000,0.2500000000,0.3500000000,0.3000000000,3.5000000000,1.0000000000,102,113,104,113,101,112
2474,neighbor,False,MINIMUM_MAIN_STEEL,999999999.0000000000,8773.8752500000,0.2000000000,0.2500000000,0.3000000000,3.5000000000,0.9000000000,104,113,102,110,100,112
2475,neighbor,False,MINIMUM_MAIN_STEEL,999999999.0000000000,8773.8752500000,0.2000000000,0.3500000000,0.3500000000,3.0000000000,1.0000000000,101,113,102,113,102,110
2476,neighbor,False,MINIMUM_MAIN_STEEL,999999999.0000000000,8773.8752500000,0.2250000000,0.4000000000,0.3000000000,3.0000000000,0.8000000000,101,112,101,110,102,110
2477,neighbor,False,MINIMUM_MAIN_STEEL,999999999.0000000000,8773.8752500000,0.2000000000,0.4500000000,0.3500000000,2.5000000000,0.9000000000,102,113,102,112,101,110
2478,neighbor,False,ENVELOPE_BASE_CONTACT,999999999.0000000000,8773.8752500000,0.2250000000,0.3000000000,0.5500000000,2.5000000000,1.0000000000,104,113,104,113,102,110
2479,neighbor,False,ENVELOPE_BASE_CONTACT,999999999.0000000000,8773.8752500000,0.2000000000,0.4500000000,0.3000000000,2.5000000000,1.0000000000,104,112,102,113,101,110
2480,neighbor,False,STEM_STRESS_OR_INTERVAL_BOUND,999999999.0000000000,8773.8752500000,0.2250000000,0.2500000000,0.4000000000,3.5000000000,1.0000000000,103,113,101,110,101,110
2481,neighbor,False,MAXIMUM_MAIN_STEEL,999999999.0000000000,8773.8752500000,0.2000000000,0.4500000000,0.4500000000,3.5000000000,1.0000000000,104,111,104,110,104,110
2482,neighbor,False,ENVELOPE_BASE_CONTACT,999999999.0000000000,8773.8752500000,0.2000000000,0.4000000000,0.5000000000,2.5000000000,0.8000000000,104,111,103,111,104,112
2483,neighbor,False,MINIMUM_MAIN_STEEL,999999999.0000000000,8773.8752500000,0.2000000000,0.3000000000,0.3500000000,2.5000000000,0.9000000000,103,113,100,112,100,113
2484,neighbor,True,PASS_IMPLEMENTED_PROJECT_CHECKS,12817.9771750000,8773.8752500000,0.2250000000,0.3000000000,0.4500000000,3.5000000000,1.0000000000,103,111,103,113,104,110
2485,neighbor,False,STEM_STRESS_OR_INTERVAL_BOUND,999999999.0000000000,8773.8752500000,0.2000000000,0.2500000000,0.3000000000,3.5000000000,0.8000000000,104,113,101,113,103,110
2486,neighbor,False,ENVELOPE_BASE_CONTACT,999999999.0000000000,8773.8752500000,0.2000000000,0.3500000000,0.3000000000,2.5000000000,1.0000000000,101,110,104,111,104,112
2487,neighbor,True,PASS_IMPLEMENTED_PROJECT_CHECKS,9284.2262400000,8773.8752500000,0.2000000000,0.4000000000,0.4500000000,3.0000000000,1.0000000000,103,113,100,110,100,110
2488,neighbor,False,ENVELOPE_BASE_CONTACT,999999999.0000000000,8773.8752500000,0.2000000000,0.4000000000,0.3500000000,2.5000000000,1.0000000000,102,113,104,111,101,110
2489,neighbor,False,STEM_STRESS_OR_INTERVAL_BOUND,999999999.0000000000,8773.8752500000,0.2000000000,0.3000000000,0.3000000000,3.0000000000,1.0000000000,101,113,102,113,101,110
2490,neighbor,True,PASS_IMPLEMENTED_PROJECT_CHECKS,11195.8226850000,8773.8752500000,0.2250000000,0.4500000000,0.5500000000,3.0000000000,0.9000000000,103,112,102,111,101,110
2491,neighbor,False,ENVELOPE_BASE_CONTACT,999999999.0000000000,8773.8752500000,0.2000000000,0.4500000000,0.3000000000,2.5000000000,1.0000000000,103,111,104,112,103,110
2492,neighbor,False,STEM_STRESS_OR_INTERVAL_BOUND,999999999.0000000000,8773.8752500000,0.2000000000,0.3500000000,0.3000000000,3.0000000000,0.8000000000,101,112,104,113,103,111
2493,neighbor,True,PASS_IMPLEMENTED_PROJECT_CHECKS,9407.3200300000,8773.8752500000,0.2250000000,0.4000000000,0.3000000000,3.0000000000,1.0000000000,104,113,101,112,104,112
2494,neighbor,False,STEM_STRESS_OR_INTERVAL_BOUND,999999999.0000000000,8773.8752500000,0.2000000000,0.3500000000,0.5000000000,3.5000000000,0.9000000000,101,110,101,110,103,111
2495,neighbor,False,MINIMUM_MAIN_STEEL,999999999.0000000000,8773.8752500000,0.2250000000,0.4000000000,0.5500000000,3.5000000000,0.9000000000,104,110,103,110,100,112
2496,neighbor,False,ENVELOPE_BASE_CONTACT,999999999.0000000000,8773.8752500000,0.2000000000,0.2500000000,0.5000000000,2.5000000000,1.0000000000,104,110,102,112,104,110
2497,neighbor,False,ENVELOPE_BASE_CONTACT,999999999.0000000000,8773.8752500000,0.2500000000,0.3500000000,0.3000000000,2.5000000000,1.0000000000,102,112,100,111,103,113
2498,neighbor,False,MINIMUM_MAIN_STEEL,999999999.0000000000,8773.8752500000,0.2000000000,0.2500000000,0.3000000000,3.0000000000,1.0000000000,102,112,103,113,100,113
2499,neighbor,False,MAXIMUM_MAIN_STEEL,999999999.0000000000,8773.8752500000,0.2250000000,0.3000000000,0.3500000000,3.0000000000,0.9000000000,104,110,100,110,101,113
2500,neighbor,False,MINIMUM_MAIN_STEEL,999999999.0000000000,8773.8752500000,0.2500000000,0.4000000000,0.3500000000,3.5000000000,1.0000000000,101,113,104,110,103,110
2501,neighbor,False,STEM_STRESS_OR_INTERVAL_BOUND,999999999.0000000000,8773.8752500000,0.2500000000,0.2500000000,0.3000000000,3.0000000000,1.0000000000,101,110,101,112,104,113
2502,neighbor,False,MAXIMUM_MAIN_STEEL,999999999.0000000000,8773.8752500000,0.2500000000,0.4000000000,0.3000000000,3.5000000000,0.9000000000,103,110,104,112,102,110
2503,neighbor,False,STEM_STRESS_OR_INTERVAL_BOUND,999999999.0000000000,8773.8752500000,0.2000000000,0.3000000000,0.3500000000,3.5000000000,1.0000000000,102,112,104,110,104,111
2504,neighbor,True,PASS_IMPLEMENTED_PROJECT_CHECKS,9630.0740600000,8773.8752500000,0.2000000000,0.4500000000,0.3000000000,3.0000000000,0.8000000000,102,111,100,110,104,111
2505,neighbor,False,ENVELOPE_BASE_CONTACT,999999999.0000000000,8773.8752500000,0.2250000000,0.4000000000,0.3000000000,2.5000000000,1.0000000000,101,111,101,110,103,112
2506,neighbor,False,MINIMUM_MAIN_STEEL,999999999.0000000000,8773.8752500000,0.2000000000,0.3500000000,0.3000000000,3.5000000000,0.9000000000,101,113,101,113,104,111
2507,neighbor,False,STEM_STRESS_OR_INTERVAL_BOUND,999999999.0000000000,8773.8752500000,0.2250000000,0.3000000000,0.4000000000,3.0000000000,1.0000000000,101,113,102,111,100,110
2508,neighbor,False,MEMBER_FLEXURE,999999999.0000000000,8773.8752500000,0.2500000000,0.4000000000,0.3000000000,3.0000000000,0.8000000000,104,112,104,113,101,113
2509,neighbor,False,MEMBER_FLEXURE,999999999.0000000000,8773.8752500000,0.2000000000,0.4500000000,0.3000000000,3.5000000000,1.0000000000,103,113,101,110,100,110
2510,neighbor,False,MINIMUM_MAIN_STEEL,999999999.0000000000,8773.8752500000,0.2000000000,0.4500000000,0.3000000000,3.0000000000,0.9000000000,101,112,102,113,101,110
2511,neighbor,False,MAXIMUM_MAIN_STEEL,999999999.0000000000,8773.8752500000,0.2000000000,0.3500000000,0.3000000000,3.5000000000,1.0000000000,104,110,102,112,104,110
2512,neighbor,False,ENVELOPE_BASE_CONTACT,999999999.0000000000,8773.8752500000,0.2250000000,0.4500000000,0.3000000000,2.5000000000,1.0000000000,101,111,103,111,104,111
2513,neighbor,False,MINIMUM_MAIN_STEEL,999999999.0000000000,8773.8752500000,0.2250000000,0.4000000000,0.5000000000,2.5000000000,0.9000000000,104,113,101,113,100,110
2514,neighbor,False,STEM_STRESS_OR_INTERVAL_BOUND,999999999.0000000000,8773.8752500000,0.2500000000,0.3000000000,0.3500000000,3.0000000000,0.9000000000,103,112,103,111,101,110
2515,neighbor,False,MINIMUM_MAIN_STEEL,999999999.0000000000,8773.8752500000,0.2250000000,0.3500000000,0.4500000000,3.5000000000,1.0000000000,102,110,100,112,104,110
2516,neighbor,False,STEM_STRESS_OR_INTERVAL_BOUND,999999999.0000000000,8773.8752500000,0.2000000000,0.3500000000,0.3000000000,3.5000000000,0.8000000000,102,112,101,111,102,113
2517,neighbor,False,MINIMUM_MAIN_STEEL,999999999.0000000000,8773.8752500000,0.2000000000,0.4500000000,0.3500000000,2.5000000000,1.0000000000,101,113,103,113,104,110
2518,neighbor,False,ENVELOPE_BASE_CONTACT,999999999.0000000000,8773.8752500000,0.2500000000,0.3500000000,0.5000000000,2.5000000000,1.0000000000,104,111,103,110,103,111
2519,neighbor,False,STEM_STRESS_OR_INTERVAL_BOUND,999999999.0000000000,8773.8752500000,0.2000000000,0.2500000000,0.5500000000,3.0000000000,1.0000000000,104,111,102,111,103,113
2520,neighbor,False,MAXIMUM_MAIN_STEEL,999999999.0000000000,8773.8752500000,0.2000000000,0.4500000000,0.5000000000,3.5000000000,0.8000000000,103,110,104,110,102,111
2521,neighbor,False,ENVELOPE_BASE_CONTACT,999999999.0000000000,8773.8752500000,0.2250000000,0.3000000000,0.3000000000,2.5000000000,0.8000000000,104,110,103,113,103,111
2522,neighbor,False,MINIMUM_MAIN_STEEL,999999999.0000000000,8773.8752500000,0.2000000000,0.3500000000,0.5000000000,3.5000000000,1.0000000000,101,113,101,113,102,113
2523,neighbor,False,STEM_STRESS_OR_INTERVAL_BOUND,999999999.0000000000,8773.8752500000,0.2250000000,0.2500000000,0.3000000000,3.5000000000,1.0000000000,103,113,103,111,104,113
2524,neighbor,False,MINIMUM_MAIN_STEEL,999999999.0000000000,8773.8752500000,0.2000000000,0.2500000000,0.3000000000,3.5000000000,0.9000000000,104,110,100,113,103,110
2525,neighbor,False,MINIMUM_MAIN_STEEL,999999999.0000000000,8773.8752500000,0.2500000000,0.2500000000,0.4000000000,3.0000000000,1.0000000000,102,112,100,112,103,110
2526,neighbor,False,ENVELOPE_BASE_CONTACT,999999999.0000000000,8773.8752500000,0.2000000000,0.4000000000,0.4000000000,2.5000000000,0.9000000000,101,111,102,113,104,113
2527,neighbor,False,ENVELOPE_BASE_CONTACT,999999999.0000000000,8773.8752500000,0.2000000000,0.3000000000,0.3000000000,2.5000000000,0.8000000000,102,113,101,110,102,111
2528,neighbor,False,MINIMUM_MAIN_STEEL,999999999.0000000000,8773.8752500000,0.2000000000,0.4500000000,0.3000000000,3.0000000000,1.0000000000,102,113,104,113,103,112
2529,neighbor,False,MINIMUM_MAIN_STEEL,999999999.0000000000,8773.8752500000,0.2250000000,0.3000000000,0.5500000000,3.0000000000,0.9000000000,103,113,103,110,100,111
2530,neighbor,False,MINIMUM_MAIN_STEEL,999999999.0000000000,8773.8752500000,0.2000000000,0.3500000000,0.3000000000,3.0000000000,0.8000000000,102,113,104,113,100,112
2531,neighbor,False,MINIMUM_MAIN_STEEL,999999999.0000000000,8773.8752500000,0.2250000000,0.4000000000,0.5500000000,3.5000000000,1.0000000000,103,113,100,113,101,113
2532,neighbor,False,ENVELOPE_BASE_CONTACT,999999999.0000000000,8773.8752500000,0.2000000000,0.4000000000,0.3000000000,2.5000000000,0.8000000000,101,110,102,112,101,111
2533,neighbor,False,MAXIMUM_MAIN_STEEL,999999999.0000000000,8773.8752500000,0.2250000000,0.4500000000,0.3500000000,3.5000000000,1.0000000000,104,111,102,111,102,110
2534,neighbor,False,STEM_STRESS_OR_INTERVAL_BOUND,999999999.0000000000,8773.8752500000,0.2500000000,0.4500000000,0.3000000000,3.5000000000,1.0000000000,102,112,101,111,100,110
2535,neighbor,False,MINIMUM_MAIN_STEEL,999999999.0000000000,8773.8752500000,0.2000000000,0.2500000000,0.5000000000,3.5000000000,0.9000000000,104,112,100,113,102,112
2536,neighbor,False,MAXIMUM_MAIN_STEEL,999999999.0000000000,8773.8752500000,0.2000000000,0.4000000000,0.4000000000,3.5000000000,0.8000000000,104,111,104,113,103,110
2537,neighbor,False,ENVELOPE_BASE_CONTACT,999999999.0000000000,8773.8752500000,0.2250000000,0.4500000000,0.5500000000,2.5000000000,0.9000000000,102,110,104,113,103,110
2538,neighbor,False,MINIMUM_MAIN_STEEL,999999999.0000000000,8773.8752500000,0.2000000000,0.4500000000,0.5500000000,3.5000000000,0.8000000000,104,113,101,112,103,113
2539,neighbor,False,STEM_STRESS_OR_INTERVAL_BOUND,999999999.0000000000,8773.8752500000,0.2500000000,0.2500000000,0.5000000000,3.0000000000,1.0000000000,104,111,103,110,104,111
2540,neighbor,True,PASS_IMPLEMENTED_PROJECT_CHECKS,13446.0918300000,8773.8752500000,0.2500000000,0.4000000000,0.4500000000,3.5000000000,1.0000000000,103,111,103,113,104,110
2541,neighbor,False,MAXIMUM_MAIN_STEEL,999999999.0000000000,8773.8752500000,0.2000000000,0.4000000000,0.3500000000,3.0000000000,0.8000000000,102,110,103,110,102,112
2542,neighbor,False,MINIMUM_MAIN_STEEL,999999999.0000000000,8773.8752500000,0.2000000000,0.4500000000,0.3500000000,3.5000000000,1.0000000000,101,113,100,111,101,113
2543,neighbor,False,MINIMUM_MAIN_STEEL,999999999.0000000000,8773.8752500000,0.2000000000,0.4500000000,0.4500000000,3.5000000000,1.0000000000,104,112,101,110,100,112
2544,neighbor,False,MAXIMUM_MAIN_STEEL,999999999.0000000000,8773.8752500000,0.2000000000,0.4000000000,0.4000000000,3.5000000000,1.0000000000,104,111,103,110,103,110
2545,neighbor,False,STEM_STRESS_OR_INTERVAL_BOUND,999999999.0000000000,8773.8752500000,0.2000000000,0.2500000000,0.4500000000,3.5000000000,1.0000000000,104,112,104,113,102,113
2546,neighbor,False,MAXIMUM_MAIN_STEEL,999999999.0000000000,8773.8752500000,0.2250000000,0.4000000000,0.3000000000,3.0000000000,1.0000000000,104,111,101,110,103,111
2547,neighbor,False,MINIMUM_MAIN_STEEL,999999999.0000000000,8773.8752500000,0.2000000000,0.3000000000,0.3000000000,2.5000000000,0.8000000000,103,110,104,110,100,112
2548,neighbor,False,STEM_STRESS_OR_INTERVAL_BOUND,999999999.0000000000,8773.8752500000,0.2500000000,0.3000000000,0.3000000000,3.0000000000,1.0000000000,101,110,102,112,103,112
2549,neighbor,True,PASS_IMPLEMENTED_PROJECT_CHECKS,10573.3706000000,8773.8752500000,0.2000000000,0.4500000000,0.3000000000,3.5000000000,0.9000000000,103,113,102,113,103,110
2550,neighbor,False,STEM_STRESS_OR_INTERVAL_BOUND,999999999.0000000000,8773.8752500000,0.2000000000,0.3000000000,0.3000000000,3.0000000000,1.0000000000,103,112,103,113,103,112
2551,neighbor,False,MAXIMUM_MAIN_STEEL,999999999.0000000000,8773.8752500000,0.2000000000,0.3500000000,0.5000000000,3.0000000000,1.0000000000,104,111,102,111,101,110
2552,neighbor,False,ENVELOPE_BASE_CONTACT,999999999.0000000000,8773.8752500000,0.2000000000,0.3000000000,0.3000000000,2.5000000000,0.9000000000,104,113,103,112,101,112
2553,neighbor,False,MINIMUM_MAIN_STEEL,999999999.0000000000,8773.8752500000,0.2000000000,0.3000000000,0.4500000000,3.0000000000,0.8000000000,101,110,104,113,100,112
2554,neighbor,False,STEM_STRESS_OR_INTERVAL_BOUND,999999999.0000000000,8773.8752500000,0.2000000000,0.3000000000,0.4500000000,3.0000000000,1.0000000000,101,112,104,113,104,113
2555,neighbor,False,MAXIMUM_MAIN_STEEL,999999999.0000000000,8773.8752500000,0.2000000000,0.4500000000,0.4500000000,3.0000000000,1.0000000000,104,112,101,112,104,112
2556,neighbor,False,MINIMUM_MAIN_STEEL,999999999.0000000000,8773.8752500000,0.2250000000,0.4000000000,0.4500000000,2.5000000000,0.8000000000,102,111,101,113,103,113
2557,neighbor,True,PASS_IMPLEMENTED_PROJECT_CHECKS,11120.2814800000,8773.8752500000,0.2000000000,0.4000000000,0.3500000000,3.5000000000,1.0000000000,103,113,102,113,104,110
2558,neighbor,False,STEM_STRESS_OR_INTERVAL_BOUND,999999999.0000000000,8773.8752500000,0.2250000000,0.2500000000,0.3500000000,3.5000000000,0.9000000000,103,112,103,113,102,110
2559,neighbor,True,PASS_IMPLEMENTED_PROJECT_CHECKS,9979.4261600000,8773.8752500000,0.2250000000,0.3500000000,0.3000000000,3.5000000000,1.0000000000,103,112,101,110,104,112
2560,neighbor,False,STEM_STRESS_OR_INTERVAL_BOUND,999999999.0000000000,8773.8752500000,0.2000000000,0.2500000000,0.3500000000,3.0000000000,1.0000000000,104,111,104,111,104,112
2561,neighbor,False,ENVELOPE_BASE_CONTACT,999999999.0000000000,8773.8752500000,0.2000000000,0.4000000000,0.3000000000,2.5000000000,0.8000000000,103,112,102,110,104,112
2562,neighbor,False,MINIMUM_MAIN_STEEL,999999999.0000000000,8773.8752500000,0.2250000000,0.4500000000,0.5000000000,2.5000000000,1.0000000000,104,113,100,113,104,110
2563,neighbor,False,MAXIMUM_MAIN_STEEL,999999999.0000000000,8773.8752500000,0.2000000000,0.4000000000,0.3000000000,3.0000000000,0.8000000000,104,111,104,113,101,110
2564,neighbor,False,MAXIMUM_MAIN_STEEL,999999999.0000000000,8773.8752500000,0.2000000000,0.4500000000,0.4000000000,3.5000000000,1.0000000000,104,112,101,113,101,111
2565,neighbor,False,STEM_STRESS_OR_INTERVAL_BOUND,999999999.0000000000,8773.8752500000,0.2000000000,0.2500000000,0.4500000000,3.0000000000,1.0000000000,102,113,102,112,103,112
2566,neighbor,False,MINIMUM_MAIN_STEEL,999999999.0000000000,8773.8752500000,0.2000000000,0.4500000000,0.3000000000,3.0000000000,0.9000000000,101,113,102,111,103,110
2567,neighbor,False,STEM_STRESS_OR_INTERVAL_BOUND,999999999.0000000000,8773.8752500000,0.2250000000,0.2500000000,0.3000000000,3.0000000000,1.0000000000,104,111,104,113,103,112
2568,neighbor,False,MAXIMUM_MAIN_STEEL,999999999.0000000000,8773.8752500000,0.2000000000,0.3500000000,0.3000000000,3.0000000000,0.9000000000,103,111,101,110,101,112
2569,neighbor,False,ENVELOPE_BASE_CONTACT,999999999.0000000000,8773.8752500000,0.2000000000,0.2500000000,0.4000000000,2.5000000000,1.0000000000,103,113,102,113,101,110
2570,neighbor,False,ENVELOPE_BASE_CONTACT,999999999.0000000000,8773.8752500000,0.2500000000,0.3000000000,0.3000000000,2.5000000000,1.0000000000,101,110,103,113,101,110
2571,neighbor,False,MINIMUM_MAIN_STEEL,999999999.0000000000,8773.8752500000,0.2000000000,0.4500000000,0.5000000000,3.0000000000,0.8000000000,102,113,104,111,103,113
2572,neighbor,False,MINIMUM_MAIN_STEEL,999999999.0000000000,8773.8752500000,0.2500000000,0.3500000000,0.3000000000,3.0000000000,0.8000000000,104,111,100,113,103,112
2573,neighbor,False,STEM_STRESS_OR_INTERVAL_BOUND,999999999.0000000000,8773.8752500000,0.2250000000,0.3000000000,0.3000000000,3.0000000000,1.0000000000,101,113,104,112,100,111
2574,neighbor,False,MAXIMUM_MAIN_STEEL,999999999.0000000000,8773.8752500000,0.2000000000,0.4000000000,0.3000000000,3.0000000000,0.9000000000,102,110,102,110,100,110
2575,neighbor,False,MINIMUM_MAIN_STEEL,999999999.0000000000,8773.8752500000,0.2250000000,0.2500000000,0.5500000000,2.5000000000,0.9000000000,104,111,100,113,104,110
2576,neighbor,False,ENVELOPE_BASE_CONTACT,999999999.0000000000,8773.8752500000,0.2000000000,0.2500000000,0.3000000000,2.5000000000,1.0000000000,104,113,101,111,102,112
2577,neighbor,False,MINIMUM_MAIN_STEEL,999999999.0000000000,8773.8752500000,0.2000000000,0.4500000000,0.5000000000,3.0000000000,1.0000000000,104,113,104,112,101,113
2578,neighbor,False,ENVELOPE_BASE_CONTACT,999999999.0000000000,8773.8752500000,0.2250000000,0.3000000000,0.3000000000,2.5000000000,0.9000000000,102,113,101,111,104,113
2579,neighbor,False,STEM_STRESS_OR_INTERVAL_BOUND,999999999.0000000000,8773.8752500000,0.2000000000,0.4000000000,0.5500000000,3.5000000000,1.0000000000,102,113,101,111,100,110
2580,neighbor,False,MINIMUM_MAIN_STEEL,999999999.0000000000,8773.8752500000,0.2250000000,0.2500000000,0.5500000000,3.0000000000,0.9000000000,104,113,101,113,100,110
2581,neighbor,False,STEM_STRESS_OR_INTERVAL_BOUND,999999999.0000000000,8773.8752500000,0.2000000000,0.3500000000,0.3000000000,3.0000000000,0.9000000000,103,113,104,110,101,110
2582,neighbor,False,ENVELOPE_BASE_CONTACT,999999999.0000000000,8773.8752500000,0.2500000000,0.2500000000,0.3000000000,2.5000000000,0.8000000000,102,112,103,112,103,111
2583,neighbor,False,MINIMUM_MAIN_STEEL,999999999.0000000000,8773.8752500000,0.2000000000,0.4500000000,0.4000000000,2.5000000000,1.0000000000,101,112,100,111,103,110
2584,neighbor,False,MINIMUM_MAIN_STEEL,999999999.0000000000,8773.8752500000,0.2000000000,0.3500000000,0.3000000000,3.0000000000,1.0000000000,101,113,102,113,102,110
2585,neighbor,False,MINIMUM_MAIN_STEEL,999999999.0000000000,8773.8752500000,0.2500000000,0.4500000000,0.5000000000,3.0000000000,0.9000000000,101,113,103,110,104,110
2586,neighbor,False,STEM_STRESS_OR_INTERVAL_BOUND,999999999.0000000000,8773.8752500000,0.2000000000,0.3500000000,0.3500000000,3.5000000000,1.0000000000,101,111,103,113,101,113
2587,neighbor,False,MINIMUM_MAIN_STEEL,999999999.0000000000,8773.8752500000,0.2250000000,0.2500000000,0.3500000000,2.5000000000,1.0000000000,103,111,100,113,103,112
2588,neighbor,False,MINIMUM_MAIN_STEEL,999999999.0000000000,8773.8752500000,0.2000000000,0.3000000000,0.3000000000,3.5000000000,1.0000000000,101,111,103,112,100,113
2589,neighbor,False,ENVELOPE_BASE_CONTACT,999999999.0000000000,8773.8752500000,0.2000000000,0.4500000000,0.5000000000,2.5000000000,0.9000000000,104,113,102,111,100,110
2590,neighbor,False,MINIMUM_MAIN_STEEL,999999999.0000000000,8773.8752500000,0.2250000000,0.2500000000,0.5000000000,3.5000000000,1.0000000000,103,110,101,113,101,110
2591,neighbor,False,MINIMUM_MAIN_STEEL,999999999.0000000000,8773.8752500000,0.2000000000,0.3000000000,0.3000000000,3.0000000000,0.8000000000,104,111,100,112,103,112
2592,neighbor,False,STEM_STRESS_OR_INTERVAL_BOUND,999999999.0000000000,8773.8752500000,0.2250000000,0.3500000000,0.3500000000,3.5000000000,1.0000000000,102,111,102,111,102,113
2593,neighbor,False,ENVELOPE_BASE_CONTACT,999999999.0000000000,8773.8752500000,0.2500000000,0.2500000000,0.3000000000,2.5000000000,0.8000000000,103,111,101,110,100,110
2594,neighbor,False,ENVELOPE_BASE_CONTACT,999999999.0000000000,8773.8752500000,0.2000000000,0.3000000000,0.5500000000,2.5000000000,1.0000000000,104,112,102,113,103,113
2595,neighbor,False,MINIMUM_MAIN_STEEL,999999999.0000000000,8773.8752500000,0.2000000000,0.2500000000,0.3500000000,2.5000000000,1.0000000000,102,113,100,112,103,111
2596,neighbor,False,MINIMUM_MAIN_STEEL,999999999.0000000000,8773.8752500000,0.2000000000,0.4500000000,0.3000000000,3.0000000000,1.0000000000,102,113,104,111,101,111
2597,neighbor,False,MAXIMUM_MAIN_STEEL,999999999.0000000000,8773.8752500000,0.2000000000,0.4500000000,0.3500000000,3.5000000000,0.8000000000,104,112,103,113,102,110
2598,neighbor,False,STEM_STRESS_OR_INTERVAL_BOUND,999999999.0000000000,8773.8752500000,0.2000000000,0.3500000000,0.3000000000,3.0000000000,0.8000000000,102,113,104,111,100,111
2599,neighbor,False,MINIMUM_MAIN_STEEL,999999999.0000000000,8773.8752500000,0.2250000000,0.3500000000,0.3000000000,2.5000000000,1.0000000000,101,113,102,110,104,112
2600,neighbor,False,MINIMUM_MAIN_STEEL,999999999.0000000000,8773.8752500000,0.2500000000,0.4000000000,0.4500000000,3.0000000000,1.0000000000,103,110,100,111,101,110
2601,neighbor,False,MINIMUM_MAIN_STEEL,999999999.0000000000,8773.8752500000,0.2000000000,0.3000000000,0.4500000000,3.5000000000,1.0000000000,104,113,100,113,104,111
2602,neighbor,False,MINIMUM_MAIN_STEEL,999999999.0000000000,8773.8752500000,0.2000000000,0.3000000000,0.3000000000,3.5000000000,1.0000000000,104,113,100,113,101,111
2603,neighbor,False,ENVELOPE_BASE_CONTACT,999999999.0000000000,8773.8752500000,0.2000000000,0.3000000000,0.3000000000,2.5000000000,0.8000000000,104,113,103,111,102,113
2604,neighbor,False,ENVELOPE_BASE_CONTACT,999999999.0000000000,8773.8752500000,0.2000000000,0.4000000000,0.3000000000,2.5000000000,0.8000000000,104,110,104,113,104,112
2605,neighbor,False,MINIMUM_MAIN_STEEL,999999999.0000000000,8773.8752500000,0.2000000000,0.4500000000,0.3000000000,3.0000000000,1.0000000000,101,113,102,110,103,112
2606,neighbor,False,ENVELOPE_BASE_CONTACT,999999999.0000000000,8773.8752500000,0.2250000000,0.4500000000,0.3000000000,2.5000000000,0.9000000000,103,112,101,112,101,112
2607,neighbor,False,ENVELOPE_BASE_CONTACT,999999999.0000000000,8773.8752500000,0.2000000000,0.4500000000,0.3000000000,2.5000000000,0.8000000000,104,110,100,111,102,112
2608,neighbor,False,ENVELOPE_BASE_CONTACT,999999999.0000000000,8773.8752500000,0.2000000000,0.2500000000,0.5500000000,2.5000000000,1.0000000000,101,113,103,113,104,112
2609,neighbor,False,MEMBER_FLEXURE,999999999.0000000000,8773.8752500000,0.2000000000,0.3500000000,0.3000000000,3.5000000000,1.0000000000,104,113,100,111,104,110
2610,neighbor,False,MEMBER_FLEXURE,999999999.0000000000,8773.8752500000,0.2500000000,0.4500000000,0.3000000000,3.0000000000,1.0000000000,104,113,103,110,101,113
2611,neighbor,False,MINIMUM_MAIN_STEEL,999999999.0000000000,8773.8752500000,0.2250000000,0.3000000000,0.3000000000,3.0000000000,1.0000000000,103,113,104,113,100,112
2612,neighbor,False,MINIMUM_MAIN_STEEL,999999999.0000000000,8773.8752500000,0.2000000000,0.3000000000,0.3000000000,3.5000000000,0.9000000000,104,113,104,110,100,112
2613,neighbor,False,MAXIMUM_MAIN_STEEL,999999999.0000000000,8773.8752500000,0.2250000000,0.4500000000,0.3000000000,3.0000000000,0.9000000000,104,113,103,112,104,110
2614,neighbor,False,STEM_STRESS_OR_INTERVAL_BOUND,999999999.0000000000,8773.8752500000,0.2250000000,0.3500000000,0.3000000000,3.5000000000,1.0000000000,103,113,103,113,100,110
2615,neighbor,False,STEM_STRESS_OR_INTERVAL_BOUND,999999999.0000000000,8773.8752500000,0.2250000000,0.2500000000,0.3000000000,3.5000000000,1.0000000000,102,112,102,113,103,110
2616,neighbor,False,ENVELOPE_BASE_CONTACT,999999999.0000000000,8773.8752500000,0.2000000000,0.3000000000,0.4500000000,2.5000000000,1.0000000000,102,112,101,112,101,110
2617,neighbor,True,PASS_IMPLEMENTED_PROJECT_CHECKS,11277.6957100000,8773.8752500000,0.2000000000,0.3500000000,0.5500000000,3.5000000000,1.0000000000,104,113,102,113,101,110
2618,neighbor,False,STEM_STRESS_OR_INTERVAL_BOUND,999999999.0000000000,8773.8752500000,0.2000000000,0.2500000000,0.5000000000,3.0000000000,1.0000000000,103,113,100,110,104,112
2619,neighbor,False,MINIMUM_MAIN_STEEL,999999999.0000000000,8773.8752500000,0.2000000000,0.3500000000,0.3000000000,3.5000000000,0.9000000000,103,113,100,113,104,111
2620,neighbor,False,MINIMUM_MAIN_STEEL,999999999.0000000000,8773.8752500000,0.2000000000,0.3000000000,0.3000000000,2.5000000000,1.0000000000,104,113,100,112,100,110
2621,neighbor,False,MINIMUM_MAIN_STEEL,999999999.0000000000,8773.8752500000,0.2000000000,0.3500000000,0.3000000000,3.0000000000,1.0000000000,101,113,100,111,101,110
2622,neighbor,False,ENVELOPE_BASE_CONTACT,999999999.0000000000,8773.8752500000,0.2000000000,0.3000000000,0.3500000000,2.5000000000,1.0000000000,101,113,102,113,104,110
2623,neighbor,False,STEM_STRESS_OR_INTERVAL_BOUND,999999999.0000000000,8773.8752500000,0.2500000000,0.2500000000,0.3500000000,3.0000000000,1.0000000000,102,113,102,113,102,112
2624,neighbor,False,ENVELOPE_BASE_CONTACT,999999999.0000000000,8773.8752500000,0.2000000000,0.3500000000,0.3500000000,2.5000000000,0.9000000000,103,113,104,111,102,111
2625,neighbor,False,MINIMUM_MAIN_STEEL,999999999.0000000000,8773.8752500000,0.2250000000,0.2500000000,0.3000000000,3.5000000000,0.8000000000,104,110,100,113,104,110
2626,neighbor,False,MAXIMUM_MAIN_STEEL,999999999.0000000000,8773.8752500000,0.2000000000,0.4000000000,0.3000000000,3.5000000000,1.0000000000,104,112,104,113,102,112
2627,neighbor,True,PASS_IMPLEMENTED_PROJECT_CHECKS,10426.5576100000,8773.8752500000,0.2000000000,0.4500000000,0.5500000000,3.0000000000,1.0000000000,101,110,101,110,100,110
2628,neighbor,False,STEM_STRESS_OR_INTERVAL_BOUND,999999999.0000000000,8773.8752500000,0.2000000000,0.4000000000,0.5000000000,3.0000000000,1.0000000000,102,113,103,110,101,110
2629,neighbor,False,STEM_STRESS_OR_INTERVAL_BOUND,999999999.0000000000,8773.8752500000,0.2000000000,0.3000000000,0.5500000000,3.0000000000,1.0000000000,101,113,103,113,101,110
2630,neighbor,True,PASS_IMPLEMENTED_PROJECT_CHECKS,10141.3479000000,8773.8752500000,0.2000000000,0.4000000000,0.3000000000,3.0000000000,1.0000000000,104,113,104,112,103,110
2631,neighbor,False,MINIMUM_MAIN_STEEL,999999999.0000000000,8773.8752500000,0.2250000000,0.4500000000,0.5500000000,3.5000000000,0.8000000000,103,110,100,111,103,111
2632,neighbor,False,STEM_STRESS_OR_INTERVAL_BOUND,999999999.0000000000,8773.8752500000,0.2000000000,0.3500000000,0.3000000000,3.0000000000,1.0000000000,103,113,102,113,102,110
2633,neighbor,False,MINIMUM_MAIN_STEEL,999999999.0000000000,8773.8752500000,0.2000000000,0.4500000000,0.3000000000,2.5000000000,0.8000000000,101,112,103,113,103,111
2634,neighbor,False,STEM_STRESS_OR_INTERVAL_BOUND,999999999.0000000000,8773.8752500000,0.2000000000,0.3000000000,0.3500000000,3.5000000000,1.0000000000,101,111,102,112,101,110
2635,neighbor,False,MEMBER_FLEXURE,999999999.0000000000,8773.8752500000,0.2000000000,0.3500000000,0.3000000000,3.0000000000,1.0000000000,104,113,100,111,104,110
2636,neighbor,False,MEMBER_FLEXURE,999999999.0000000000,8773.8752500000,0.2000000000,0.3500000000,0.3000000000,3.0000000000,0.8000000000,104,113,101,112,100,110
2637,neighbor,False,STEM_STRESS_OR_INTERVAL_BOUND,999999999.0000000000,8773.8752500000,0.2000000000,0.3500000000,0.3000000000,3.0000000000,0.9000000000,102,112,104,111,100,110
2638,neighbor,False,STEM_STRESS_OR_INTERVAL_BOUND,999999999.0000000000,8773.8752500000,0.2250000000,0.2500000000,0.5000000000,3.0000000000,0.8000000000,101,111,102,113,102,110
2639,neighbor,False,STEM_STRESS_OR_INTERVAL_BOUND,999999999.0000000000,8773.8752500000,0.2000000000,0.3500000000,0.4000000000,3.0000000000,1.0000000000,101,112,103,112,103,112
2640,neighbor,False,ENVELOPE_BASE_CONTACT,999999999.0000000000,8773.8752500000,0.2000000000,0.3000000000,0.5000000000,2.5000000000,0.9000000000,103,112,104,110,100,110
2641,neighbor,False,STEM_STRESS_OR_INTERVAL_BOUND,999999999.0000000000,8773.8752500000,0.2250000000,0.4000000000,0.3000000000,3.0000000000,1.0000000000,103,113,102,113,100,110
2642,neighbor,False,MINIMUM_MAIN_STEEL,999999999.0000000000,8773.8752500000,0.2250000000,0.3000000000,0.3500000000,3.5000000000,1.0000000000,103,111,100,112,102,110
2643,neighbor,False,STEM_STRESS_OR_INTERVAL_BOUND,999999999.0000000000,8773.8752500000,0.2500000000,0.3000000000,0.3500000000,3.0000000000,1.0000000000,104,113,103,111,104,110
2644,neighbor,False,ENVELOPE_BASE_CONTACT,999999999.0000000000,8773.8752500000,0.2000000000,0.4000000000,0.4000000000,2.5000000000,0.8000000000,102,113,101,110,103,110
2645,neighbor,False,MINIMUM_MAIN_STEEL,999999999.0000000000,8773.8752500000,0.2000000000,0.4500000000,0.3500000000,3.5000000000,1.0000000000,101,111,100,113,100,112
2646,neighbor,False,ENVELOPE_BASE_CONTACT,999999999.0000000000,8773.8752500000,0.2000000000,0.2500000000,0.3500000000,2.5000000000,0.8000000000,101,112,102,111,102,110
2647,neighbor,False,STEM_STRESS_OR_INTERVAL_BOUND,999999999.0000000000,8773.8752500000,0.2250000000,0.3000000000,0.3000000000,3.0000000000,1.0000000000,104,113,100,111,103,110
2648,neighbor,False,ENVELOPE_BASE_CONTACT,999999999.0000000000,8773.8752500000,0.2000000000,0.3000000000,0.3000000000,2.5000000000,0.8000000000,102,112,102,113,101,110
2649,neighbor,False,MAXIMUM_MAIN_STEEL,999999999.0000000000,8773.8752500000,0.2000000000,0.4500000000,0.3000000000,3.5000000000,1.0000000000,104,110,103,112,102,110
2650,neighbor,False,MAXIMUM_MAIN_STEEL,999999999.0000000000,8773.8752500000,0.2000000000,0.4500000000,0.3000000000,3.0000000000,1.0000000000,102,110,101,111,104,112
2651,neighbor,False,MAXIMUM_MAIN_STEEL,999999999.0000000000,8773.8752500000,0.2000000000,0.4000000000,0.3000000000,3.0000000000,0.8000000000,104,112,104,113,100,110
2652,neighbor,False,MINIMUM_MAIN_STEEL,999999999.0000000000,8773.8752500000,0.2250000000,0.2500000000,0.5500000000,2.5000000000,0.9000000000,103,110,101,113,100,113
2653,neighbor,False,MINIMUM_MAIN_STEEL,999999999.0000000000,8773.8752500000,0.2500000000,0.4000000000,0.5000000000,3.5000000000,1.0000000000,101,110,101,113,104,111
2654,neighbor,False,MINIMUM_MAIN_STEEL,999999999.0000000000,8773.8752500000,0.2500000000,0.4500000000,0.3000000000,3.0000000000,1.0000000000,102,113,100,113,104,110
2655,neighbor,False,MINIMUM_MAIN_STEEL,999999999.0000000000,8773.8752500000,0.2250000000,0.3000000000,0.3000000000,3.5000000000,1.0000000000,104,113,100,113,102,110
2656,neighbor,False,STEM_STRESS_OR_INTERVAL_BOUND,999999999.0000000000,8773.8752500000,0.2500000000,0.3000000000,0.3000000000,3.0000000000,1.0000000000,104,113,100,110,102,110
2657,neighbor,False,MINIMUM_MAIN_STEEL,999999999.0000000000,8773.8752500000,0.2500000000,0.3500000000,0.5000000000,3.0000000000,0.9000000000,101,113,103,111,104,111
2658,neighbor,False,STEM_STRESS_OR_INTERVAL_BOUND,999999999.0000000000,8773.8752500000,0.2250000000,0.4500000000,0.5500000000,3.5000000000,1.0000000000,101,111,100,110,102,110
2659,neighbor,True,PASS_IMPLEMENTED_PROJECT_CHECKS,10040.7027920000,8773.8752500000,0.2000000000,0.4000000000,0.4500000000,3.0000000000,1.0000000000,103,113,103,111,104,113
2660,neighbor,False,MAXIMUM_MAIN_STEEL,999999999.0000000000,8773.8752500000,0.2500000000,0.3500000000,0.3000000000,3.5000000000,1.0000000000,104,110,101,112,103,112
2661,neighbor,False,MINIMUM_MAIN_STEEL,999999999.0000000000,8773.8752500000,0.2000000000,0.4000000000,0.4500000000,2.5000000000,1.0000000000,101,113,103,113,104,110
2662,neighbor,False,MINIMUM_MAIN_STEEL,999999999.0000000000,8773.8752500000,0.2000000000,0.3000000000,0.5000000000,2.5000000000,1.0000000000,104,110,104,113,100,112
2663,neighbor,False,MINIMUM_MAIN_STEEL,999999999.0000000000,8773.8752500000,0.2000000000,0.2500000000,0.3000000000,3.0000000000,1.0000000000,103,111,100,113,101,111
2664,neighbor,False,MAXIMUM_MAIN_STEEL,999999999.0000000000,8773.8752500000,0.2250000000,0.3500000000,0.3000000000,3.0000000000,0.9000000000,103,112,104,110,104,112
2665,neighbor,False,ENVELOPE_BASE_CONTACT,999999999.0000000000,8773.8752500000,0.2000000000,0.3500000000,0.3000000000,2.5000000000,1.0000000000,104,113,101,110,103,113
2666,neighbor,False,STEM_STRESS_OR_INTERVAL_BOUND,999999999.0000000000,8773.8752500000,0.2000000000,0.2500000000,0.3000000000,3.5000000000,0.9000000000,104,113,103,113,104,111
2667,neighbor,False,STEM_STRESS_OR_INTERVAL_BOUND,999999999.0000000000,8773.8752500000,0.2000000000,0.2500000000,0.3000000000,3.5000000000,1.0000000000,104,113,103,113,103,110
2668,neighbor,False,ENVELOPE_BASE_CONTACT,999999999.0000000000,8773.8752500000,0.2000000000,0.2500000000,0.3000000000,2.5000000000,1.0000000000,101,111,100,110,101,112
2669,neighbor,False,STEM_STRESS_OR_INTERVAL_BOUND,999999999.0000000000,8773.8752500000,0.2500000000,0.3000000000,0.3500000000,3.0000000000,1.0000000000,101,110,103,110,103,111
2670,neighbor,False,MINIMUM_MAIN_STEEL,999999999.0000000000,8773.8752500000,0.2000000000,0.3500000000,0.3000000000,2.5000000000,0.9000000000,104,113,100,113,102,110
2671,neighbor,False,STEM_STRESS_OR_INTERVAL_BOUND,999999999.0000000000,8773.8752500000,0.2250000000,0.2500000000,0.3000000000,3.0000000000,1.0000000000,103,110,104,113,102,110
2672,neighbor,False,ENVELOPE_BASE_CONTACT,999999999.0000000000,8773.8752500000,0.2000000000,0.3500000000,0.3000000000,2.5000000000,1.0000000000,103,112,104,113,104,110
2673,neighbor,False,MINIMUM_MAIN_STEEL,999999999.0000000000,8773.8752500000,0.2500000000,0.4500000000,0.4500000000,3.5000000000,1.0000000000,104,113,100,113,101,110
2674,neighbor,False,MINIMUM_MAIN_STEEL,999999999.0000000000,8773.8752500000,0.2000000000,0.4000000000,0.3000000000,3.0000000000,1.0000000000,101,113,103,112,102,113
2675,neighbor,False,ENVELOPE_BASE_CONTACT,999999999.0000000000,8773.8752500000,0.2000000000,0.2500000000,0.4500000000,2.5000000000,0.8000000000,104,113,100,110,103,112
2676,neighbor,False,MINIMUM_MAIN_STEEL,999999999.0000000000,8773.8752500000,0.2500000000,0.4500000000,0.4500000000,2.5000000000,1.0000000000,101,113,103,113,102,110
2677,neighbor,False,ENVELOPE_BASE_CONTACT,999999999.0000000000,8773.8752500000,0.2000000000,0.3500000000,0.3000000000,2.5000000000,1.0000000000,102,111,103,113,101,113
2678,neighbor,False,STEM_STRESS_OR_INTERVAL_BOUND,999999999.0000000000,8773.8752500000,0.2250000000,0.3000000000,0.3000000000,3.5000000000,1.0000000000,101,113,103,110,102,110
2679,neighbor,False,MINIMUM_MAIN_STEEL,999999999.0000000000,8773.8752500000,0.2500000000,0.3500000000,0.3000000000,3.5000000000,1.0000000000,101,110,100,113,101,111
2680,neighbor,False,STEM_STRESS_OR_INTERVAL_BOUND,999999999.0000000000,8773.8752500000,0.2250000000,0.3000000000,0.3000000000,3.0000000000,0.8000000000,104,113,104,111,102,111
2681,neighbor,False,MAXIMUM_MAIN_STEEL,999999999.0000000000,8773.8752500000,0.2000000000,0.4000000000,0.3000000000,3.0000000000,0.9000000000,104,112,104,112,102,111
2682,neighbor,False,MINIMUM_MAIN_STEEL,999999999.0000000000,8773.8752500000,0.2000000000,0.2500000000,0.5500000000,2.5000000000,1.0000000000,104,112,104,110,100,113
2683,neighbor,False,MINIMUM_MAIN_STEEL,999999999.0000000000,8773.8752500000,0.2000000000,0.4500000000,0.3000000000,2.5000000000,0.8000000000,102,113,100,112,102,112
2684,neighbor,False,ENVELOPE_BASE_CONTACT,999999999.0000000000,8773.8752500000,0.2250000000,0.4000000000,0.5000000000,2.5000000000,1.0000000000,103,113,102,113,102,112
2685,neighbor,False,MAXIMUM_MAIN_STEEL,999999999.0000000000,8773.8752500000,0.2000000000,0.4000000000,0.3000000000,3.5000000000,1.0000000000,103,112,100,110,104,110
2686,neighbor,False,MAXIMUM_MAIN_STEEL,999999999.0000000000,8773.8752500000,0.2000000000,0.4000000000,0.3000000000,3.5000000000,0.9000000000,104,111,103,113,103,110
2687,neighbor,False,STEM_STRESS_OR_INTERVAL_BOUND,999999999.0000000000,8773.8752500000,0.2000000000,0.3000000000,0.4500000000,3.0000000000,0.8000000000,102,113,104,111,103,110
2688,neighbor,False,STEM_STRESS_OR_INTERVAL_BOUND,999999999.0000000000,8773.8752500000,0.2250000000,0.3000000000,0.4000000000,3.0000000000,1.0000000000,101,113,100,110,101,110
2689,neighbor,True,PASS_IMPLEMENTED_PROJECT_CHECKS,10126.1003500000,8773.8752500000,0.2250000000,0.4000000000,0.3000000000,3.0000000000,0.9000000000,102,110,102,112,104,112
2690,neighbor,False,ENVELOPE_BASE_CONTACT,999999999.0000000000,8773.8752500000,0.2250000000,0.2500000000,0.3000000000,2.5000000000,1.0000000000,104,113,104,111,104,110
2691,neighbor,False,ENVELOPE_BASE_CONTACT,999999999.0000000000,8773.8752500000,0.2000000000,0.3000000000,0.4500000000,2.5000000000,1.0000000000,102,112,102,113,102,110
2692,neighbor,False,STEM_STRESS_OR_INTERVAL_BOUND,999999999.0000000000,8773.8752500000,0.2500000000,0.4000000000,0.3000000000,3.0000000000,0.8000000000,102,113,102,113,104,110
2693,neighbor,True,PASS_IMPLEMENTED_PROJECT_CHECKS,10104.6782880000,8773.8752500000,0.2000000000,0.4000000000,0.4500000000,3.0000000000,0.9000000000,104,113,103,113,101,110
2694,neighbor,False,MAXIMUM_MAIN_STEEL,999999999.0000000000,8773.8752500000,0.2000000000,0.4500000000,0.3000000000,3.5000000000,1.0000000000,104,110,104,110,104,110
2695,neighbor,False,ENVELOPE_BASE_CONTACT,999999999.0000000000,8773.8752500000,0.2000000000,0.4500000000,0.5500000000,2.5000000000,0.8000000000,103,113,102,112,103,111
2696,neighbor,False,STEM_STRESS_OR_INTERVAL_BOUND,999999999.0000000000,8773.8752500000,0.2500000000,0.2500000000,0.5000000000,3.5000000000,0.8000000000,104,113,104,110,102,111
2697,neighbor,False,MINIMUM_MAIN_STEEL,999999999.0000000000,8773.8752500000,0.2000000000,0.4500000000,0.3000000000,3.5000000000,0.8000000000,102,113,103,113,101,112
2698,neighbor,False,ENVELOPE_BASE_CONTACT,999999999.0000000000,8773.8752500000,0.2000000000,0.4000000000,0.3500000000,2.5000000000,0.8000000000,104,110,102,113,103,111
2699,neighbor,True,PASS_IMPLEMENTED_PROJECT_CHECKS,10943.2122480000,8773.8752500000,0.2500000000,0.4500000000,0.3000000000,3.5000000000,1.0000000000,102,110,101,111,104,113
2700,neighbor,False,MINIMUM_MAIN_STEEL,999999999.0000000000,8773.8752500000,0.2500000000,0.3500000000,0.3000000000,3.5000000000,1.0000000000,103,113,100,113,100,113
2701,neighbor,False,ENVELOPE_BASE_CONTACT,999999999.0000000000,8773.8752500000,0.2000000000,0.3500000000,0.3500000000,2.5000000000,1.0000000000,104,112,104,113,103,112
2702,neighbor,False,MINIMUM_MAIN_STEEL,999999999.0000000000,8773.8752500000,0.2000000000,0.4000000000,0.4500000000,3.5000000000,1.0000000000,101,113,102,113,102,111
2703,neighbor,False,ENVELOPE_BASE_CONTACT,999999999.0000000000,8773.8752500000,0.2500000000,0.2500000000,0.3000000000,2.5000000000,1.0000000000,103,112,104,113,104,110
2704,neighbor,False,STEM_STRESS_OR_INTERVAL_BOUND,999999999.0000000000,8773.8752500000,0.2500000000,0.3000000000,0.3000000000,3.5000000000,1.0000000000,103,113,104,110,104,110
2705,neighbor,False,MINIMUM_MAIN_STEEL,999999999.0000000000,8773.8752500000,0.2000000000,0.4000000000,0.3000000000,2.5000000000,1.0000000000,103,111,100,113,104,113
2706,neighbor,False,ENVELOPE_BASE_CONTACT,999999999.0000000000,8773.8752500000,0.2000000000,0.4500000000,0.3500000000,2.5000000000,1.0000000000,102,110,104,113,101,110
2707,neighbor,False,MINIMUM_MAIN_STEEL,999999999.0000000000,8773.8752500000,0.2500000000,0.4500000000,0.3000000000,3.5000000000,1.0000000000,101,110,100,113,101,112
2708,neighbor,False,STEM_STRESS_OR_INTERVAL_BOUND,999999999.0000000000,8773.8752500000,0.2500000000,0.2500000000,0.3000000000,3.0000000000,1.0000000000,101,110,100,111,104,110
2709,neighbor,False,STEM_STRESS_OR_INTERVAL_BOUND,999999999.0000000000,8773.8752500000,0.2500000000,0.3000000000,0.3000000000,3.0000000000,0.8000000000,104,113,104,110,102,111
2710,neighbor,False,MAXIMUM_MAIN_STEEL,999999999.0000000000,8773.8752500000,0.2000000000,0.3500000000,0.3000000000,3.0000000000,1.0000000000,103,110,101,110,104,113
2711,neighbor,False,STEM_STRESS_OR_INTERVAL_BOUND,999999999.0000000000,8773.8752500000,0.2000000000,0.4000000000,0.3000000000,3.5000000000,0.9000000000,103,113,103,110,102,112
2712,neighbor,False,ENVELOPE_BASE_CONTACT,999999999.0000000000,8773.8752500000,0.2000000000,0.4500000000,0.3500000000,2.5000000000,0.8000000000,104,111,102,113,102,110
2713,neighbor,False,ENVELOPE_BASE_CONTACT,999999999.0000000000,8773.8752500000,0.2000000000,0.3500000000,0.4000000000,2.5000000000,0.9000000000,104,113,102,112,104,111
2714,neighbor,False,ENVELOPE_BASE_CONTACT,999999999.0000000000,8773.8752500000,0.2250000000,0.3500000000,0.3000000000,2.5000000000,1.0000000000,103,113,104,112,104,110
2715,neighbor,False,MINIMUM_MAIN_STEEL,999999999.0000000000,8773.8752500000,0.2000000000,0.4500000000,0.3000000000,3.5000000000,1.0000000000,101,113,103,112,104,110
2716,neighbor,False,ENVELOPE_BASE_CONTACT,999999999.0000000000,8773.8752500000,0.2500000000,0.3000000000,0.4500000000,2.5000000000,1.0000000000,102,111,103,113,103,111
2717,neighbor,False,STEM_STRESS_OR_INTERVAL_BOUND,999999999.0000000000,8773.8752500000,0.2250000000,0.3500000000,0.3000000000,3.5000000000,1.0000000000,101,112,101,111,103,110
2718,neighbor,False,STEM_STRESS_OR_INTERVAL_BOUND,999999999.0000000000,8773.8752500000,0.2000000000,0.2500000000,0.3000000000,3.0000000000,1.0000000000,104,111,101,111,104,112
2719,neighbor,False,MAXIMUM_MAIN_STEEL,999999999.0000000000,8773.8752500000,0.2000000000,0.3500000000,0.5000000000,3.5000000000,1.0000000000,104,110,101,112,104,113
2720,neighbor,False,STEM_STRESS_OR_INTERVAL_BOUND,999999999.0000000000,8773.8752500000,0.2250000000,0.3000000000,0.4000000000,3.5000000000,0.8000000000,101,113,101,112,100,110
2721,neighbor,False,MINIMUM_MAIN_STEEL,999999999.0000000000,8773.8752500000,0.2000000000,0.3500000000,0.5000000000,3.0000000000,1.0000000000,101,113,104,110,101,113
2722,neighbor,False,ENVELOPE_BASE_CONTACT,999999999.0000000000,8773.8752500000,0.2000000000,0.2500000000,0.3000000000,2.5000000000,1.0000000000,102,113,102,111,102,110
2723,neighbor,False,MINIMUM_MAIN_STEEL,999999999.0000000000,8773.8752500000,0.2250000000,0.4500000000,0.3000000000,3.0000000000,0.8000000000,102,113,102,113,102,113
2724,neighbor,False,STEM_STRESS_OR_INTERVAL_BOUND,999999999.0000000000,8773.8752500000,0.2000000000,0.2500000000,0.3000000000,3.0000000000,0.8000000000,104,112,103,113,102,110
2725,neighbor,True,PASS_IMPLEMENTED_PROJECT_CHECKS,12473.6470080000,8773.8752500000,0.2000000000,0.4000000000,0.4500000000,3.5000000000,1.0000000000,104,113,101,110,104,110
2726,neighbor,False,MAXIMUM_MAIN_STEEL,999999999.0000000000,8773.8752500000,0.2000000000,0.3500000000,0.3000000000,3.5000000000,0.9000000000,104,112,103,110,104,112
2727,neighbor,False,ENVELOPE_BASE_CONTACT,999999999.0000000000,8773.8752500000,0.2250000000,0.3500000000,0.3000000000,2.5000000000,1.0000000000,104,113,102,111,103,113
2728,neighbor,False,MAXIMUM_MAIN_STEEL,999999999.0000000000,8773.8752500000,0.2000000000,0.3500000000,0.3000000000,3.0000000000,1.0000000000,102,110,104,113,103,113
2729,neighbor,False,MAXIMUM_MAIN_STEEL,999999999.0000000000,8773.8752500000,0.2000000000,0.3500000000,0.3000000000,3.0000000000,1.0000000000,103,110,100,111,104,110
2730,neighbor,False,ENVELOPE_BASE_CONTACT,999999999.0000000000,8773.8752500000,0.2250000000,0.4500000000,0.4500000000,2.5000000000,0.9000000000,102,110,103,112,100,110
2731,neighbor,False,MEMBER_FLEXURE,999999999.0000000000,8773.8752500000,0.2000000000,0.4500000000,0.3500000000,3.5000000000,1.0000000000,103,112,101,113,101,111
2732,neighbor,False,ENVELOPE_BASE_CONTACT,999999999.0000000000,8773.8752500000,0.2000000000,0.2500000000,0.3000000000,2.5000000000,1.0000000000,104,113,102,111,104,111
2733,neighbor,False,ENVELOPE_BASE_CONTACT,999999999.0000000000,8773.8752500000,0.2000000000,0.4500000000,0.3000000000,2.5000000000,1.0000000000,102,110,103,113,101,111
2734,neighbor,False,STEM_STRESS_OR_INTERVAL_BOUND,999999999.0000000000,8773.8752500000,0.2500000000,0.3000000000,0.3000000000,3.5000000000,1.0000000000,104,113,100,111,102,113
2735,neighbor,False,MINIMUM_MAIN_STEEL,999999999.0000000000,8773.8752500000,0.2000000000,0.4500000000,0.5000000000,2.5000000000,1.0000000000,102,111,100,113,103,112
2736,neighbor,False,ENVELOPE_BASE_CONTACT,999999999.0000000000,8773.8752500000,0.2250000000,0.3000000000,0.4000000000,2.5000000000,1.0000000000,104,113,104,110,101,110
2737,neighbor,False,STEM_STRESS_OR_INTERVAL_BOUND,999999999.0000000000,8773.8752500000,0.2000000000,0.4500000000,0.3000000000,3.5000000000,1.0000000000,101,111,104,112,104,111
2738,neighbor,False,MINIMUM_MAIN_STEEL,999999999.0000000000,8773.8752500000,0.2250000000,0.4500000000,0.5500000000,3.5000000000,0.8000000000,104,111,100,113,104,113
2739,neighbor,False,MINIMUM_MAIN_STEEL,999999999.0000000000,8773.8752500000,0.2500000000,0.3500000000,0.5000000000,3.0000000000,1.0000000000,104,113,100,113,103,112
2740,neighbor,False,MINIMUM_MAIN_STEEL,999999999.0000000000,8773.8752500000,0.2000000000,0.3000000000,0.3000000000,3.5000000000,0.9000000000,101,112,103,110,100,112
2741,neighbor,True,PASS_IMPLEMENTED_PROJECT_CHECKS,10850.9139840000,8773.8752500000,0.2500000000,0.4500000000,0.3000000000,3.5000000000,0.9000000000,103,111,101,113,102,111
2742,neighbor,False,STEM_STRESS_OR_INTERVAL_BOUND,999999999.0000000000,8773.8752500000,0.2000000000,0.2500000000,0.5000000000,3.0000000000,1.0000000000,104,112,101,112,100,110
2743,neighbor,True,PASS_IMPLEMENTED_PROJECT_CHECKS,10689.6740640000,8773.8752500000,0.2000000000,0.4000000000,0.5000000000,3.0000000000,0.8000000000,104,113,100,110,102,110
2744,neighbor,False,MAXIMUM_MAIN_STEEL,999999999.0000000000,8773.8752500000,0.2000000000,0.4500000000,0.3000000000,3.5000000000,1.0000000000,104,110,104,112,101,112
2745,neighbor,False,MAXIMUM_MAIN_STEEL,999999999.0000000000,8773.8752500000,0.2000000000,0.4500000000,0.3000000000,3.0000000000,1.0000000000,104,110,100,110,102,111
2746,neighbor,False,MINIMUM_MAIN_STEEL,999999999.0000000000,8773.8752500000,0.2500000000,0.2500000000,0.4500000000,3.0000000000,0.9000000000,101,113,103,112,100,112
2747,neighbor,False,ENVELOPE_BASE_CONTACT,999999999.0000000000,8773.8752500000,0.2000000000,0.3500000000,0.3000000000,2.5000000000,1.0000000000,104,113,101,113,102,112
2748,neighbor,False,MINIMUM_MAIN_STEEL,999999999.0000000000,8773.8752500000,0.2000000000,0.2500000000,0.4500000000,3.0000000000,1.0000000000,101,110,100,112,103,112
2749,neighbor,False,STEM_STRESS_OR_INTERVAL_BOUND,999999999.0000000000,8773.8752500000,0.2250000000,0.2500000000,0.3000000000,3.0000000000,0.8000000000,103,111,104,110,102,111
2750,neighbor,False,ENVELOPE_BASE_CONTACT,999999999.0000000000,8773.8752500000,0.2500000000,0.3000000000,0.3000000000,2.5000000000,1.0000000000,104,112,104,111,101,110
2751,neighbor,False,ENVELOPE_BASE_CONTACT,999999999.0000000000,8773.8752500000,0.2000000000,0.2500000000,0.3000000000,2.5000000000,0.8000000000,102,113,102,113,104,113
2752,neighbor,False,MINIMUM_MAIN_STEEL,999999999.0000000000,8773.8752500000,0.2500000000,0.4500000000,0.3000000000,3.5000000000,0.9000000000,101,113,102,113,101,112
2753,neighbor,False,ENVELOPE_BASE_CONTACT,999999999.0000000000,8773.8752500000,0.2500000000,0.2500000000,0.5000000000,2.5000000000,1.0000000000,102,110,102,113,101,112
2754,neighbor,False,MINIMUM_MAIN_STEEL,999999999.0000000000,8773.8752500000,0.2250000000,0.4500000000,0.4000000000,2.5000000000,0.9000000000,103,110,100,111,103,110
2755,neighbor,False,STEM_STRESS_OR_INTERVAL_BOUND,999999999.0000000000,8773.8752500000,0.2000000000,0.2500000000,0.3000000000,3.0000000000,1.0000000000,103,111,103,110,101,110
2756,neighbor,False,ENVELOPE_BASE_CONTACT,999999999.0000000000,8773.8752500000,0.2000000000,0.3500000000,0.5000000000,2.5000000000,1.0000000000,103,113,103,111,101,110
2757,neighbor,False,MINIMUM_MAIN_STEEL,999999999.0000000000,8773.8752500000,0.2500000000,0.4500000000,0.4500000000,3.5000000000,1.0000000000,102,113,104,110,102,113
2758,neighbor,False,MINIMUM_MAIN_STEEL,999999999.0000000000,8773.8752500000,0.2000000000,0.4500000000,0.3000000000,2.5000000000,1.0000000000,103,110,100,112,101,112
2759,neighbor,False,STEM_STRESS_OR_INTERVAL_BOUND,999999999.0000000000,8773.8752500000,0.2500000000,0.3000000000,0.3000000000,3.0000000000,1.0000000000,101,112,102,112,101,111
2760,neighbor,False,ENVELOPE_BASE_CONTACT,999999999.0000000000,8773.8752500000,0.2250000000,0.4500000000,0.3000000000,2.5000000000,0.9000000000,104,113,104,113,103,110
2761,neighbor,False,MINIMUM_MAIN_STEEL,999999999.0000000000,8773.8752500000,0.2500000000,0.4500000000,0.5500000000,2.5000000000,1.0000000000,101,112,101,111,101,113
2762,neighbor,False,MINIMUM_MAIN_STEEL,999999999.0000000000,8773.8752500000,0.2500000000,0.4500000000,0.4500000000,3.5000000000,0.8000000000,101,112,102,112,100,111
2763,neighbor,False,MINIMUM_MAIN_STEEL,999999999.0000000000,8773.8752500000,0.2250000000,0.4000000000,0.3000000000,3.5000000000,0.9000000000,103,111,104,113,100,112
2764,neighbor,False,ENVELOPE_BASE_CONTACT,999999999.0000000000,8773.8752500000,0.2000000000,0.2500000000,0.3000000000,2.5000000000,0.9000000000,104,110,100,111,103,113
2765,neighbor,False,STEM_STRESS_OR_INTERVAL_BOUND,999999999.0000000000,8773.8752500000,0.2000000000,0.4000000000,0.3000000000,3.0000000000,1.0000000000,101,111,100,110,103,113
2766,neighbor,False,MINIMUM_MAIN_STEEL,999999999.0000000000,8773.8752500000,0.2250000000,0.3500000000,0.5000000000,3.0000000000,0.8000000000,104,112,101,113,103,110
2767,neighbor,False,ENVELOPE_BASE_CONTACT,999999999.0000000000,8773.8752500000,0.2000000000,0.4500000000,0.5000000000,2.5000000000,1.0000000000,104,110,103,113,100,110
2768,neighbor,False,STEM_STRESS_OR_INTERVAL_BOUND,999999999.0000000000,8773.8752500000,0.2000000000,0.3500000000,0.3000000000,3.0000000000,1.0000000000,103,113,101,110,102,110
2769,neighbor,False,MINIMUM_MAIN_STEEL,999999999.0000000000,8773.8752500000,0.2250000000,0.2500000000,0.5500000000,3.0000000000,1.0000000000,101,112,100,111,103,113
2770,neighbor,False,MAXIMUM_MAIN_STEEL,999999999.0000000000,8773.8752500000,0.2000000000,0.4500000000,0.3000000000,3.5000000000,0.8000000000,104,111,102,113,102,113
2771,neighbor,False,MINIMUM_MAIN_STEEL,999999999.0000000000,8773.8752500000,0.2000000000,0.3500000000,0.3000000000,2.5000000000,0.9000000000,103,113,100,113,104,110
2772,neighbor,False,MINIMUM_MAIN_STEEL,999999999.0000000000,8773.8752500000,0.2000000000,0.4000000000,0.3000000000,2.5000000000,0.9000000000,101,113,101,110,101,110
2773,neighbor,False,MINIMUM_MAIN_STEEL,999999999.0000000000,8773.8752500000,0.2250000000,0.4000000000,0.3000000000,3.5000000000,1.0000000000,104,111,100,112,103,111
2774,neighbor,False,MAXIMUM_MAIN_STEEL,999999999.0000000000,8773.8752500000,0.2000000000,0.4000000000,0.4000000000,3.0000000000,1.0000000000,103,110,101,113,103,112
2775,neighbor,False,MINIMUM_MAIN_STEEL,999999999.0000000000,8773.8752500000,0.2000000000,0.4500000000,0.5000000000,3.0000000000,1.0000000000,101,112,102,111,100,110
2776,neighbor,False,STEM_STRESS_OR_INTERVAL_BOUND,999999999.0000000000,8773.8752500000,0.2500000000,0.2500000000,0.3500000000,3.0000000000,1.0000000000,101,110,103,112,103,112
2777,neighbor,False,STEM_STRESS_OR_INTERVAL_BOUND,999999999.0000000000,8773.8752500000,0.2000000000,0.3000000000,0.3000000000,3.5000000000,1.0000000000,103,113,104,110,104,113
2778,neighbor,False,MINIMUM_MAIN_STEEL,999999999.0000000000,8773.8752500000,0.2500000000,0.4500000000,0.3000000000,2.5000000000,0.8000000000,102,112,104,113,100,112
2779,neighbor,False,ENVELOPE_BASE_CONTACT,999999999.0000000000,8773.8752500000,0.2500000000,0.3000000000,0.5500000000,2.5000000000,0.9000000000,104,111,102,111,100,110
2780,neighbor,False,STEM_STRESS_OR_INTERVAL_BOUND,999999999.0000000000,8773.8752500000,0.2000000000,0.3500000000,0.4500000000,3.0000000000,1.0000000000,102,113,102,113,101,112
2781,neighbor,False,MINIMUM_MAIN_STEEL,999999999.0000000000,8773.8752500000,0.2250000000,0.4000000000,0.3000000000,3.5000000000,1.0000000000,103,112,100,113,102,111
2782,neighbor,False,MINIMUM_MAIN_STEEL,999999999.0000000000,8773.8752500000,0.2000000000,0.2500000000,0.4000000000,3.5000000000,0.9000000000,102,112,100,112,102,112
2783,neighbor,False,MAXIMUM_MAIN_STEEL,999999999.0000000000,8773.8752500000,0.2000000000,0.3000000000,0.3500000000,3.0000000000,1.0000000000,104,111,102,113,100,110
2784,neighbor,False,MINIMUM_MAIN_STEEL,999999999.0000000000,8773.8752500000,0.2500000000,0.2500000000,0.4500000000,3.5000000000,1.0000000000,103,111,100,112,100,113
2785,neighbor,False,STEM_STRESS_OR_INTERVAL_BOUND,999999999.0000000000,8773.8752500000,0.2500000000,0.4000000000,0.3000000000,3.5000000000,1.0000000000,102,112,103,112,100,110
2786,neighbor,False,MINIMUM_MAIN_STEEL,999999999.0000000000,8773.8752500000,0.2000000000,0.4000000000,0.5500000000,3.5000000000,1.0000000000,101,113,100,111,101,111
2787,neighbor,False,ENVELOPE_BASE_CONTACT,999999999.0000000000,8773.8752500000,0.2250000000,0.4500000000,0.3000000000,2.5000000000,0.8000000000,101,111,103,110,101,110
2788,neighbor,False,MINIMUM_MAIN_STEEL,999999999.0000000000,8773.8752500000,0.2250000000,0.4000000000,0.3000000000,3.5000000000,1.0000000000,104,111,104,111,100,112
2789,neighbor,False,ENVELOPE_BASE_CONTACT,999999999.0000000000,8773.8752500000,0.2000000000,0.2500000000,0.3000000000,2.5000000000,1.0000000000,104,110,102,110,104,112
2790,neighbor,False,MINIMUM_MAIN_STEEL,999999999.0000000000,8773.8752500000,0.2000000000,0.4000000000,0.3500000000,3.0000000000,1.0000000000,101,113,100,112,100,110
2791,neighbor,False,ENVELOPE_BASE_CONTACT,999999999.0000000000,8773.8752500000,0.2500000000,0.3500000000,0.3000000000,2.5000000000,0.9000000000,104,110,102,113,102,111
2792,neighbor,False,MINIMUM_MAIN_STEEL,999999999.0000000000,8773.8752500000,0.2000000000,0.3500000000,0.5000000000,3.0000000000,1.0000000000,104,112,100,111,101,111
2793,neighbor,False,MAXIMUM_MAIN_STEEL,999999999.0000000000,8773.8752500000,0.2000000000,0.4000000000,0.3000000000,3.5000000000,1.0000000000,104,110,102,111,100,110
2794,neighbor,False,ENVELOPE_BASE_CONTACT,999999999.0000000000,8773.8752500000,0.2000000000,0.3500000000,0.3000000000,2.5000000000,1.0000000000,104,112,100,110,103,112
2795,neighbor,False,MAXIMUM_MAIN_STEEL,999999999.0000000000,8773.8752500000,0.2000000000,0.3500000000,0.3000000000,3.0000000000,0.9000000000,104,112,101,112,104,110
2796,neighbor,False,ENVELOPE_BASE_CONTACT,999999999.0000000000,8773.8752500000,0.2000000000,0.4000000000,0.3000000000,2.5000000000,0.8000000000,104,113,103,111,101,112
2797,neighbor,False,STEM_STRESS_OR_INTERVAL_BOUND,999999999.0000000000,8773.8752500000,0.2250000000,0.2500000000,0.4000000000,3.0000000000,1.0000000000,102,112,103,111,101,111
2798,neighbor,False,MINIMUM_MAIN_STEEL,999999999.0000000000,8773.8752500000,0.2000000000,0.4500000000,0.3500000000,3.5000000000,1.0000000000,104,111,100,112,100,113
2799,neighbor,False,STEM_STRESS_OR_INTERVAL_BOUND,999999999.0000000000,8773.8752500000,0.2000000000,0.2500000000,0.3000000000,3.0000000000,1.0000000000,104,111,103,112,100,110
2800,neighbor,False,STEM_STRESS_OR_INTERVAL_BOUND,999999999.0000000000,8773.8752500000,0.2000000000,0.3500000000,0.3500000000,3.5000000000,0.9000000000,102,112,103,112,103,113
2801,neighbor,False,MINIMUM_MAIN_STEEL,999999999.0000000000,8773.8752500000,0.2000000000,0.3500000000,0.3000000000,2.5000000000,0.8000000000,104,113,100,113,101,110
2802,neighbor,False,MEMBER_FLEXURE,999999999.0000000000,8773.8752500000,0.2000000000,0.3500000000,0.4000000000,3.5000000000,1.0000000000,103,112,103,112,101,112
2803,neighbor,False,STEM_STRESS_OR_INTERVAL_BOUND,999999999.0000000000,8773.8752500000,0.2000000000,0.2500000000,0.3000000000,3.5000000000,1.0000000000,103,112,103,110,104,110
2804,neighbor,False,STEM_STRESS_OR_INTERVAL_BOUND,999999999.0000000000,8773.8752500000,0.2000000000,0.4000000000,0.3000000000,3.5000000000,0.9000000000,103,113,101,113,101,110
2805,neighbor,False,MINIMUM_MAIN_STEEL,999999999.0000000000,8773.8752500000,0.2000000000,0.4000000000,0.5500000000,3.5000000000,1.0000000000,102,113,100,113,100,110
2806,neighbor,False,MINIMUM_MAIN_STEEL,999999999.0000000000,8773.8752500000,0.2250000000,0.4000000000,0.5500000000,3.5000000000,0.8000000000,102,111,101,113,101,110
2807,neighbor,False,MINIMUM_MAIN_STEEL,999999999.0000000000,8773.8752500000,0.2500000000,0.4500000000,0.3000000000,3.5000000000,0.8000000000,101,113,100,113,101,112
2808,neighbor,False,MINIMUM_MAIN_STEEL,999999999.0000000000,8773.8752500000,0.2500000000,0.2500000000,0.3000000000,3.5000000000,1.0000000000,101,111,100,113,103,110
2809,neighbor,False,MAXIMUM_MAIN_STEEL,999999999.0000000000,8773.8752500000,0.2250000000,0.3500000000,0.5000000000,3.0000000000,1.0000000000,104,110,102,113,104,113
2810,neighbor,False,ENVELOPE_BASE_CONTACT,999999999.0000000000,8773.8752500000,0.2000000000,0.4500000000,0.3000000000,2.5000000000,1.0000000000,104,110,102,113,104,111
2811,neighbor,False,MEMBER_FLEXURE,999999999.0000000000,8773.8752500000,0.2250000000,0.3500000000,0.3000000000,3.5000000000,1.0000000000,104,113,101,113,103,111
2812,neighbor,True,PASS_IMPLEMENTED_PROJECT_CHECKS,9936.1177000000,8773.8752500000,0.2500000000,0.4000000000,0.4000000000,3.0000000000,1.0000000000,103,112,103,112,102,113
2813,neighbor,False,MAXIMUM_MAIN_STEEL,999999999.0000000000,8773.8752500000,0.2500000000,0.3500000000,0.4500000000,3.5000000000,1.0000000000,104,111,102,113,104,110
2814,neighbor,True,PASS_IMPLEMENTED_PROJECT_CHECKS,10101.6595000000,8773.8752500000,0.2500000000,0.4000000000,0.3000000000,3.0000000000,1.0000000000,104,113,104,111,104,112
2815,neighbor,False,ENVELOPE_BASE_CONTACT,999999999.0000000000,8773.8752500000,0.2000000000,0.4500000000,0.3000000000,2.5000000000,0.8000000000,104,110,103,110,101,112
2816,neighbor,False,ENVELOPE_BASE_CONTACT,999999999.0000000000,8773.8752500000,0.2500000000,0.3000000000,0.5500000000,2.5000000000,1.0000000000,103,110,104,112,101,111
2817,neighbor,False,ENVELOPE_BASE_CONTACT,999999999.0000000000,8773.8752500000,0.2000000000,0.3000000000,0.3000000000,2.5000000000,1.0000000000,102,110,104,113,104,113
2818,neighbor,False,STEM_STRESS_OR_INTERVAL_BOUND,999999999.0000000000,8773.8752500000,0.2000000000,0.2500000000,0.4000000000,3.0000000000,1.0000000000,101,112,100,110,103,110
2819,neighbor,False,ENVELOPE_BASE_CONTACT,999999999.0000000000,8773.8752500000,0.2000000000,0.4500000000,0.3000000000,2.5000000000,0.8000000000,104,113,100,110,104,110
2820,neighbor,False,STEM_STRESS_OR_INTERVAL_BOUND,999999999.0000000000,8773.8752500000,0.2250000000,0.2500000000,0.3000000000,3.0000000000,1.0000000000,104,110,104,113,100,110
2821,neighbor,True,PASS_IMPLEMENTED_PROJECT_CHECKS,12200.1714300000,8773.8752500000,0.2250000000,0.4000000000,0.5000000000,3.0000000000,0.8000000000,104,112,102,110,103,110
2822,neighbor,False,MINIMUM_MAIN_STEEL,999999999.0000000000,8773.8752500000,0.2500000000,0.4500000000,0.3000000000,3.5000000000,0.8000000000,102,113,102,113,103,111
2823,neighbor,False,ENVELOPE_BASE_CONTACT,999999999.0000000000,8773.8752500000,0.2250000000,0.4000000000,0.5500000000,2.5000000000,0.9000000000,103,112,104,110,102,110
2824,neighbor,False,MEMBER_FLEXURE,999999999.0000000000,8773.8752500000,0.2250000000,0.4000000000,0.3000000000,3.5000000000,1.0000000000,104,113,101,113,101,112
2825,neighbor,False,MINIMUM_MAIN_STEEL,999999999.0000000000,8773.8752500000,0.2000000000,0.4000000000,0.3000000000,3.0000000000,0.9000000000,101,112,100,113,100,111
2826,neighbor,False,MINIMUM_MAIN_STEEL,999999999.0000000000,8773.8752500000,0.2000000000,0.4000000000,0.4500000000,3.5000000000,1.0000000000,104,113,104,111,101,113
2827,neighbor,False,ENVELOPE_BASE_CONTACT,999999999.0000000000,8773.8752500000,0.2250000000,0.2500000000,0.3000000000,2.5000000000,0.9000000000,101,110,103,112,101,110
2828,neighbor,False,STEM_STRESS_OR_INTERVAL_BOUND,999999999.0000000000,8773.8752500000,0.2500000000,0.2500000000,0.3000000000,3.0000000000,0.9000000000,104,111,102,111,103,110
2829,neighbor,False,STEM_STRESS_OR_INTERVAL_BOUND,999999999.0000000000,8773.8752500000,0.2000000000,0.3000000000,0.3000000000,3.0000000000,1.0000000000,102,113,104,112,104,110
2830,neighbor,False,MAXIMUM_MAIN_STEEL,999999999.0000000000,8773.8752500000,0.2500000000,0.4500000000,0.5000000000,3.0000000000,1.0000000000,104,110,102,111,104,110
2831,neighbor,False,STEM_STRESS_OR_INTERVAL_BOUND,999999999.0000000000,8773.8752500000,0.2000000000,0.3000000000,0.5000000000,3.5000000000,0.8000000000,103,113,103,111,101,110
2832,neighbor,False,ENVELOPE_BASE_CONTACT,999999999.0000000000,8773.8752500000,0.2000000000,0.4500000000,0.5500000000,2.5000000000,1.0000000000,103,111,103,113,103,112
2833,neighbor,False,MINIMUM_MAIN_STEEL,999999999.0000000000,8773.8752500000,0.2250000000,0.2500000000,0.3000000000,3.5000000000,1.0000000000,102,111,101,113,100,113
2834,neighbor,False,MAXIMUM_MAIN_STEEL,999999999.0000000000,8773.8752500000,0.2500000000,0.4500000000,0.3500000000,3.0000000000,1.0000000000,104,110,103,112,101,111
2835,neighbor,False,MEMBER_FLEXURE,999999999.0000000000,8773.8752500000,0.2000000000,0.4500000000,0.3000000000,3.5000000000,1.0000000000,104,113,102,113,102,113
2836,neighbor,False,MAXIMUM_MAIN_STEEL,999999999.0000000000,8773.8752500000,0.2000000000,0.3500000000,0.5500000000,3.5000000000,1.0000000000,103,110,103,110,104,113
2837,neighbor,False,STEM_STRESS_OR_INTERVAL_BOUND,999999999.0000000000,8773.8752500000,0.2000000000,0.2500000000,0.3500000000,3.5000000000,0.9000000000,104,111,102,111,101,110
2838,neighbor,False,MINIMUM_MAIN_STEEL,999999999.0000000000,8773.8752500000,0.2500000000,0.4000000000,0.5000000000,2.5000000000,1.0000000000,104,110,100,111,102,111
2839,neighbor,False,MINIMUM_MAIN_STEEL,999999999.0000000000,8773.8752500000,0.2000000000,0.4500000000,0.3000000000,2.5000000000,1.0000000000,102,113,100,112,104,112
2840,neighbor,False,MINIMUM_MAIN_STEEL,999999999.0000000000,8773.8752500000,0.2000000000,0.4000000000,0.3000000000,2.5000000000,0.9000000000,101,112,101,110,104,111
2841,neighbor,False,ENVELOPE_BASE_CONTACT,999999999.0000000000,8773.8752500000,0.2000000000,0.4500000000,0.3500000000,2.5000000000,0.8000000000,104,113,102,113,101,110
2842,neighbor,False,MINIMUM_MAIN_STEEL,999999999.0000000000,8773.8752500000,0.2000000000,0.4500000000,0.3000000000,3.0000000000,1.0000000000,104,113,100,112,101,110
2843,neighbor,False,MINIMUM_MAIN_STEEL,999999999.0000000000,8773.8752500000,0.2250000000,0.4000000000,0.3500000000,3.0000000000,1.0000000000,101,113,100,111,100,112
2844,neighbor,False,STEM_STRESS_OR_INTERVAL_BOUND,999999999.0000000000,8773.8752500000,0.2250000000,0.4000000000,0.3000000000,3.0000000000,1.0000000000,103,113,104,113,104,110
2845,neighbor,False,MINIMUM_MAIN_STEEL,999999999.0000000000,8773.8752500000,0.2500000000,0.3000000000,0.3000000000,2.5000000000,0.8000000000,101,110,102,113,100,112
2846,neighbor,False,ENVELOPE_BASE_CONTACT,999999999.0000000000,8773.8752500000,0.2500000000,0.4000000000,0.3500000000,2.5000000000,0.8000000000,104,113,104,111,100,110
2847,neighbor,False,MINIMUM_MAIN_STEEL,999999999.0000000000,8773.8752500000,0.2000000000,0.4500000000,0.3000000000,2.5000000000,0.9000000000,101,113,101,113,101,112
2848,neighbor,False,MINIMUM_MAIN_STEEL,999999999.0000000000,8773.8752500000,0.2000000000,0.3000000000,0.3000000000,3.5000000000,1.0000000000,102,110,100,113,102,113
2849,neighbor,False,ENVELOPE_BASE_CONTACT,999999999.0000000000,8773.8752500000,0.2000000000,0.4500000000,0.4500000000,2.5000000000,1.0000000000,103,112,103,111,104,110
2850,neighbor,False,MINIMUM_MAIN_STEEL,999999999.0000000000,8773.8752500000,0.2000000000,0.3000000000,0.3000000000,3.5000000000,0.8000000000,104,111,100,113,103,110
2851,neighbor,False,STEM_STRESS_OR_INTERVAL_BOUND,999999999.0000000000,8773.8752500000,0.2000000000,0.2500000000,0.3500000000,3.0000000000,0.9000000000,104,111,103,113,104,112
2852,neighbor,True,PASS_IMPLEMENTED_PROJECT_CHECKS,11662.8732640000,8773.8752500000,0.2500000000,0.4500000000,0.5000000000,3.5000000000,1.0000000000,104,113,101,112,103,113
2853,neighbor,True,PASS_IMPLEMENTED_PROJECT_CHECKS,9979.4241820000,8773.8752500000,0.2250000000,0.3500000000,0.4000000000,3.0000000000,1.0000000000,104,113,102,110,103,112
2854,neighbor,False,MINIMUM_MAIN_STEEL,999999999.0000000000,8773.8752500000,0.2250000000,0.3000000000,0.3000000000,3.0000000000,1.0000000000,103,111,100,112,103,112
2855,neighbor,False,ENVELOPE_BASE_CONTACT,999999999.0000000000,8773.8752500000,0.2000000000,0.4500000000,0.4000000000,2.5000000000,1.0000000000,103,110,104,110,103,110
2856,neighbor,False,STEM_STRESS_OR_INTERVAL_BOUND,999999999.0000000000,8773.8752500000,0.2000000000,0.3000000000,0.3000000000,3.5000000000,0.9000000000,104,113,104,111,102,111
2857,neighbor,False,MINIMUM_MAIN_STEEL,999999999.0000000000,8773.8752500000,0.2000000000,0.2500000000,0.3000000000,3.0000000000,0.8000000000,104,113,104,112,100,113
2858,neighbor,False,ENVELOPE_BASE_CONTACT,999999999.0000000000,8773.8752500000,0.2000000000,0.3500000000,0.3000000000,2.5000000000,1.0000000000,104,110,102,113,103,112
2859,neighbor,False,MAXIMUM_MAIN_STEEL,999999999.0000000000,8773.8752500000,0.2500000000,0.4500000000,0.5000000000,3.5000000000,0.8000000000,104,111,102,110,103,113
2860,neighbor,False,ENVELOPE_BASE_CONTACT,999999999.0000000000,8773.8752500000,0.2000000000,0.3500000000,0.3000000000,2.5000000000,1.0000000000,101,111,101,113,101,110
2861,neighbor,False,ENVELOPE_BASE_CONTACT,999999999.0000000000,8773.8752500000,0.2000000000,0.4500000000,0.5500000000,2.5000000000,1.0000000000,101,110,101,110,101,110
2862,neighbor,False,MINIMUM_MAIN_STEEL,999999999.0000000000,8773.8752500000,0.2000000000,0.2500000000,0.4000000000,3.0000000000,0.9000000000,102,112,100,111,100,113
2863,neighbor,False,MINIMUM_MAIN_STEEL,999999999.0000000000,8773.8752500000,0.2500000000,0.4000000000,0.5500000000,2.5000000000,0.8000000000,104,110,102,110,100,111
2864,neighbor,False,MINIMUM_MAIN_STEEL,999999999.0000000000,8773.8752500000,0.2000000000,0.4000000000,0.5000000000,3.0000000000,1.0000000000,102,111,104,111,100,113
2865,neighbor,False,STEM_STRESS_OR_INTERVAL_BOUND,999999999.0000000000,8773.8752500000,0.2000000000,0.3000000000,0.3000000000,3.0000000000,0.9000000000,104,112,101,113,101,110
2866,neighbor,False,MINIMUM_MAIN_STEEL,999999999.0000000000,8773.8752500000,0.2000000000,0.2500000000,0.3000000000,3.5000000000,1.0000000000,104,111,100,113,102,111
2867,neighbor,False,MINIMUM_MAIN_STEEL,999999999.0000000000,8773.8752500000,0.2000000000,0.4000000000,0.5000000000,2.5000000000,0.9000000000,101,113,102,111,100,113
2868,neighbor,False,MAXIMUM_MAIN_STEEL,999999999.0000000000,8773.8752500000,0.2250000000,0.3000000000,0.3000000000,3.5000000000,1.0000000000,104,111,103,113,104,110
2869,neighbor,False,MAXIMUM_MAIN_STEEL,999999999.0000000000,8773.8752500000,0.2000000000,0.4000000000,0.3000000000,3.5000000000,0.9000000000,102,110,104,113,100,110
2870,neighbor,False,MAXIMUM_MAIN_STEEL,999999999.0000000000,8773.8752500000,0.2000000000,0.4500000000,0.3500000000,3.5000000000,1.0000000000,104,110,102,111,104,110
2871,neighbor,False,ENVELOPE_BASE_CONTACT,999999999.0000000000,8773.8752500000,0.2000000000,0.3000000000,0.3000000000,2.5000000000,1.0000000000,104,110,103,112,100,110
2872,neighbor,False,ENVELOPE_BASE_CONTACT,999999999.0000000000,8773.8752500000,0.2000000000,0.4000000000,0.3000000000,2.5000000000,1.0000000000,103,110,102,110,101,110
2873,neighbor,False,STEM_STRESS_OR_INTERVAL_BOUND,999999999.0000000000,8773.8752500000,0.2000000000,0.3000000000,0.3000000000,3.0000000000,0.9000000000,102,112,101,113,103,111
2874,neighbor,False,STEM_STRESS_OR_INTERVAL_BOUND,999999999.0000000000,8773.8752500000,0.2250000000,0.2500000000,0.3500000000,3.5000000000,0.9000000000,101,113,100,111,104,110
2875,neighbor,True,PASS_IMPLEMENTED_PROJECT_CHECKS,12339.4612500000,8773.8752500000,0.2000000000,0.4500000000,0.5500000000,3.5000000000,1.0000000000,102,111,103,111,103,111
2876,neighbor,False,MINIMUM_MAIN_STEEL,999999999.0000000000,8773.8752500000,0.2000000000,0.4500000000,0.3000000000,3.5000000000,1.0000000000,101,112,104,111,103,110
2877,neighbor,False,MAXIMUM_MAIN_STEEL,999999999.0000000000,8773.8752500000,0.2000000000,0.3500000000,0.4500000000,3.5000000000,0.9000000000,102,110,103,113,103,111
2878,neighbor,False,MINIMUM_MAIN_STEEL,999999999.0000000000,8773.8752500000,0.2000000000,0.4000000000,0.3000000000,3.0000000000,0.8000000000,101,113,101,113,104,112
2879,neighbor,False,ENVELOPE_BASE_CONTACT,999999999.0000000000,8773.8752500000,0.2000000000,0.3500000000,0.3000000000,2.5000000000,1.0000000000,104,110,102,113,101,110
2880,neighbor,False,ENVELOPE_BASE_CONTACT,999999999.0000000000,8773.8752500000,0.2000000000,0.2500000000,0.3500000000,2.5000000000,1.0000000000,104,112,104,113,103,112
2881,neighbor,True,PASS_IMPLEMENTED_PROJECT_CHECKS,10722.8602660000,8773.8752500000,0.2000000000,0.4500000000,0.3500000000,3.5000000000,0.9000000000,104,113,101,111,102,110
2882,neighbor,False,STEM_STRESS_OR_INTERVAL_BOUND,999999999.0000000000,8773.8752500000,0.2500000000,0.2500000000,0.3000000000,3.5000000000,1.0000000000,104,110,102,110,103,113
2883,neighbor,False,MINIMUM_MAIN_STEEL,999999999.0000000000,8773.8752500000,0.2000000000,0.3000000000,0.3000000000,2.5000000000,1.0000000000,104,111,100,113,103,111
2884,neighbor,False,STEM_STRESS_OR_INTERVAL_BOUND,999999999.0000000000,8773.8752500000,0.2250000000,0.2500000000,0.3000000000,3.0000000000,1.0000000000,104,113,104,111,100,111
2885,neighbor,True,PASS_IMPLEMENTED_PROJECT_CHECKS,9838.5296650000,8773.8752500000,0.2250000000,0.4000000000,0.4500000000,3.0000000000,0.9000000000,103,113,100,110,103,112
2886,neighbor,True,PASS_IMPLEMENTED_PROJECT_CHECKS,12408.4054280000,8773.8752500000,0.2500000000,0.3500000000,0.4500000000,3.5000000000,1.0000000000,104,113,104,111,103,110
2887,neighbor,False,STEM_STRESS_OR_INTERVAL_BOUND,999999999.0000000000,8773.8752500000,0.2000000000,0.4000000000,0.3500000000,3.5000000000,0.8000000000,102,112,103,113,103,110
2888,neighbor,False,ENVELOPE_BASE_CONTACT,999999999.0000000000,8773.8752500000,0.2250000000,0.2500000000,0.3500000000,2.5000000000,1.0000000000,103,111,100,110,104,110
2889,neighbor,False,MINIMUM_MAIN_STEEL,999999999.0000000000,8773.8752500000,0.2500000000,0.4500000000,0.4500000000,3.5000000000,0.8000000000,101,112,100,113,104,113
2890,neighbor,False,MINIMUM_MAIN_STEEL,999999999.0000000000,8773.8752500000,0.2000000000,0.4500000000,0.3000000000,3.5000000000,1.0000000000,102,110,104,113,100,112
2891,neighbor,False,ENVELOPE_BASE_CONTACT,999999999.0000000000,8773.8752500000,0.2000000000,0.3000000000,0.5000000000,2.5000000000,0.8000000000,104,110,102,111,101,111
2892,neighbor,False,ENVELOPE_BASE_CONTACT,999999999.0000000000,8773.8752500000,0.2250000000,0.3000000000,0.3000000000,2.5000000000,0.8000000000,103,110,102,112,102,111
2893,neighbor,False,MINIMUM_MAIN_STEEL,999999999.0000000000,8773.8752500000,0.2000000000,0.3500000000,0.3000000000,3.0000000000,1.0000000000,104,110,100,113,100,110
2894,neighbor,False,ENVELOPE_BASE_CONTACT,999999999.0000000000,8773.8752500000,0.2000000000,0.4500000000,0.3000000000,2.5000000000,0.9000000000,104,110,104,111,104,112
2895,neighbor,False,MAXIMUM_MAIN_STEEL,999999999.0000000000,8773.8752500000,0.2000000000,0.3500000000,0.3000000000,3.5000000000,1.0000000000,104,112,102,113,101,112
2896,neighbor,False,ENVELOPE_BASE_CONTACT,999999999.0000000000,8773.8752500000,0.2500000000,0.3000000000,0.5000000000,2.5000000000,1.0000000000,101,113,104,112,100,110
2897,neighbor,False,MINIMUM_MAIN_STEEL,999999999.0000000000,8773.8752500000,0.2500000000,0.4000000000,0.3000000000,3.0000000000,1.0000000000,104,111,103,110,100,112
2898,neighbor,False,MAXIMUM_MAIN_STEEL,999999999.0000000000,8773.8752500000,0.2000000000,0.4500000000,0.3000000000,3.0000000000,0.8000000000,104,112,100,111,100,111
2899,neighbor,False,MAXIMUM_MAIN_STEEL,999999999.0000000000,8773.8752500000,0.2000000000,0.3500000000,0.3000000000,3.5000000000,0.8000000000,104,113,101,113,104,110
2900,neighbor,True,PASS_IMPLEMENTED_PROJECT_CHECKS,9559.8940650000,8773.8752500000,0.2250000000,0.3000000000,0.3500000000,3.0000000000,0.8000000000,103,111,100,111,101,110
2901,neighbor,False,MEMBER_FLEXURE,999999999.0000000000,8773.8752500000,0.2000000000,0.4000000000,0.3000000000,3.5000000000,0.9000000000,103,112,103,112,100,110
2902,neighbor,False,ENVELOPE_BASE_CONTACT,999999999.0000000000,8773.8752500000,0.2000000000,0.2500000000,0.3000000000,2.5000000000,0.8000000000,102,113,101,110,100,111
2903,neighbor,False,MINIMUM_MAIN_STEEL,999999999.0000000000,8773.8752500000,0.2000000000,0.3500000000,0.4500000000,2.5000000000,1.0000000000,104,113,101,113,104,112
2904,neighbor,True,PASS_IMPLEMENTED_PROJECT_CHECKS,10710.6529320000,8773.8752500000,0.2500000000,0.3500000000,0.4000000000,3.0000000000,0.8000000000,104,113,102,112,103,110
2905,neighbor,False,MINIMUM_MAIN_STEEL,999999999.0000000000,8773.8752500000,0.2500000000,0.3000000000,0.4000000000,3.5000000000,1.0000000000,104,111,100,111,104,113
2906,neighbor,False,STEM_STRESS_OR_INTERVAL_BOUND,999999999.0000000000,8773.8752500000,0.2000000000,0.2500000000,0.5500000000,3.0000000000,0.8000000000,103,110,103,112,101,111
2907,neighbor,False,MAXIMUM_MAIN_STEEL,999999999.0000000000,8773.8752500000,0.2000000000,0.4000000000,0.4500000000,3.0000000000,0.9000000000,103,111,104,113,104,112
2908,neighbor,False,MINIMUM_MAIN_STEEL,999999999.0000000000,8773.8752500000,0.2000000000,0.3500000000,0.4500000000,3.0000000000,1.0000000000,103,113,101,113,100,110
2909,neighbor,False,STEM_STRESS_OR_INTERVAL_BOUND,999999999.0000000000,8773.8752500000,0.2250000000,0.2500000000,0.3000000000,3.5000000000,0.9000000000,103,113,101,111,104,112
2910,neighbor,False,ENVELOPE_BASE_CONTACT,999999999.0000000000,8773.8752500000,0.2000000000,0.4500000000,0.4000000000,2.5000000000,1.0000000000,104,110,103,112,103,110
2911,neighbor,False,MINIMUM_MAIN_STEEL,999999999.0000000000,8773.8752500000,0.2000000000,0.3500000000,0.5500000000,3.0000000000,0.8000000000,104,113,102,113,100,112
2912,neighbor,False,MINIMUM_MAIN_STEEL,999999999.0000000000,8773.8752500000,0.2500000000,0.2500000000,0.3000000000,3.0000000000,0.9000000000,103,110,100,113,103,110
2913,neighbor,False,STEM_STRESS_OR_INTERVAL_BOUND,999999999.0000000000,8773.8752500000,0.2250000000,0.4500000000,0.3000000000,3.0000000000,1.0000000000,102,112,102,110,103,110
2914,neighbor,False,MEMBER_FLEXURE,999999999.0000000000,8773.8752500000,0.2250000000,0.4000000000,0.3000000000,3.0000000000,1.0000000000,104,113,104,111,102,113
2915,neighbor,False,STEM_STRESS_OR_INTERVAL_BOUND,999999999.0000000000,8773.8752500000,0.2000000000,0.3000000000,0.4000000000,3.0000000000,1.0000000000,101,111,101,111,102,110
2916,neighbor,False,STEM_STRESS_OR_INTERVAL_BOUND,999999999.0000000000,8773.8752500000,0.2000000000,0.3000000000,0.4500000000,3.5000000000,1.0000000000,102,113,104,111,103,111
2917,neighbor,False,ENVELOPE_BASE_CONTACT,999999999.0000000000,8773.8752500000,0.2000000000,0.3500000000,0.5500000000,2.5000000000,1.0000000000,102,113,102,111,100,110
2918,neighbor,False,STEM_STRESS_OR_INTERVAL_BOUND,999999999.0000000000,8773.8752500000,0.2000000000,0.3500000000,0.3000000000,3.0000000000,1.0000000000,102,111,101,113,101,110
2919,neighbor,False,MINIMUM_MAIN_STEEL,999999999.0000000000,8773.8752500000,0.2000000000,0.3000000000,0.5500000000,2.5000000000,0.9000000000,102,111,102,110,100,113
2920,neighbor,False,MEMBER_FLEXURE,999999999.0000000000,8773.8752500000,0.2500000000,0.4000000000,0.3000000000,3.0000000000,0.9000000000,104,112,102,112,100,111
2921,neighbor,False,STEM_STRESS_OR_INTERVAL_BOUND,999999999.0000000000,8773.8752500000,0.2000000000,0.3000000000,0.3000000000,3.5000000000,1.0000000000,101,113,102,113,103,112
2922,neighbor,False,MINIMUM_MAIN_STEEL,999999999.0000000000,8773.8752500000,0.2500000000,0.4500000000,0.3000000000,2.5000000000,0.9000000000,101,112,102,110,102,113
2923,neighbor,False,MEMBER_FLEXURE,999999999.0000000000,8773.8752500000,0.2250000000,0.4000000000,0.3000000000,3.0000000000,1.0000000000,104,113,101,113,104,112
2924,neighbor,False,MINIMUM_MAIN_STEEL,999999999.0000000000,8773.8752500000,0.2000000000,0.3500000000,0.4000000000,3.0000000000,0.9000000000,101,111,100,111,102,111
2925,neighbor,False,MINIMUM_MAIN_STEEL,999999999.0000000000,8773.8752500000,0.2000000000,0.2500000000,0.4500000000,3.0000000000,0.9000000000,101,112,100,113,100,112
2926,neighbor,False,ENVELOPE_BASE_CONTACT,999999999.0000000000,8773.8752500000,0.2250000000,0.4000000000,0.3000000000,2.5000000000,1.0000000000,102,113,102,112,100,111
2927,neighbor,False,ENVELOPE_BASE_CONTACT,999999999.0000000000,8773.8752500000,0.2000000000,0.2500000000,0.3000000000,2.5000000000,1.0000000000,101,110,100,111,103,110
2928,neighbor,False,ENVELOPE_BASE_CONTACT,999999999.0000000000,8773.8752500000,0.2000000000,0.4000000000,0.3000000000,2.5000000000,1.0000000000,102,110,101,113,101,112
2929,neighbor,True,PASS_IMPLEMENTED_PROJECT_CHECKS,10712.8343200000,8773.8752500000,0.2500000000,0.4500000000,0.3000000000,3.5000000000,1.0000000000,104,113,103,113,102,110
2930,neighbor,False,MEMBER_FLEXURE,999999999.0000000000,8773.8752500000,0.2500000000,0.3500000000,0.3000000000,3.0000000000,1.0000000000,104,113,100,110,101,111
2931,neighbor,False,MINIMUM_MAIN_STEEL,999999999.0000000000,8773.8752500000,0.2500000000,0.4500000000,0.3000000000,3.5000000000,1.0000000000,102,113,102,111,103,113
2932,neighbor,False,STEM_STRESS_OR_INTERVAL_BOUND,999999999.0000000000,8773.8752500000,0.2250000000,0.3500000000,0.3000000000,3.0000000000,0.8000000000,101,111,101,112,103,112
2933,neighbor,False,ENVELOPE_BASE_CONTACT,999999999.0000000000,8773.8752500000,0.2000000000,0.3500000000,0.5500000000,2.5000000000,1.0000000000,103,110,102,111,100,110
2934,neighbor,False,STEM_STRESS_OR_INTERVAL_BOUND,999999999.0000000000,8773.8752500000,0.2000000000,0.3500000000,0.3000000000,3.5000000000,0.8000000000,102,112,102,110,103,110
2935,neighbor,False,MINIMUM_MAIN_STEEL,999999999.0000000000,8773.8752500000,0.2000000000,0.3500000000,0.3000000000,3.0000000000,1.0000000000,104,110,100,111,100,113
2936,neighbor,False,ENVELOPE_BASE_CONTACT,999999999.0000000000,8773.8752500000,0.2000000000,0.2500000000,0.3000000000,2.5000000000,1.0000000000,104,111,102,113,104,110
2937,neighbor,False,STEM_STRESS_OR_INTERVAL_BOUND,999999999.0000000000,8773.8752500000,0.2000000000,0.3000000000,0.4000000000,3.5000000000,1.0000000000,101,113,103,110,102,110
2938,neighbor,False,MINIMUM_MAIN_STEEL,999999999.0000000000,8773.8752500000,0.2000000000,0.3500000000,0.3000000000,2.5000000000,0.8000000000,102,112,100,111,100,112
2939,neighbor,False,STEM_STRESS_OR_INTERVAL_BOUND,999999999.0000000000,8773.8752500000,0.2000000000,0.3000000000,0.4000000000,3.0000000000,1.0000000000,104,113,102,113,101,113
2940,neighbor,False,STEM_STRESS_OR_INTERVAL_BOUND,999999999.0000000000,8773.8752500000,0.2000000000,0.3500000000,0.3000000000,3.5000000000,1.0000000000,101,110,102,113,103,111
2941,neighbor,False,STEM_STRESS_OR_INTERVAL_BOUND,999999999.0000000000,8773.8752500000,0.2500000000,0.2500000000,0.3000000000,3.0000000000,1.0000000000,102,112,100,111,104,110
2942,neighbor,True,PASS_IMPLEMENTED_PROJECT_CHECKS,10592.6660040000,8773.8752500000,0.2250000000,0.4500000000,0.4000000000,3.0000000000,1.0000000000,102,110,104,113,101,112
2943,neighbor,True,PASS_IMPLEMENTED_PROJECT_CHECKS,10048.7416700000,8773.8752500000,0.2000000000,0.4500000000,0.3000000000,3.5000000000,0.9000000000,104,113,102,113,103,112
2944,neighbor,False,MINIMUM_MAIN_STEEL,999999999.0000000000,8773.8752500000,0.2000000000,0.2500000000,0.3000000000,3.5000000000,1.0000000000,103,113,100,112,102,112
2945,neighbor,False,STEM_STRESS_OR_INTERVAL_BOUND,999999999.0000000000,8773.8752500000,0.2000000000,0.3500000000,0.5000000000,3.5000000000,0.8000000000,102,113,103,111,104,110
2946,neighbor,False,MINIMUM_MAIN_STEEL,999999999.0000000000,8773.8752500000,0.2250000000,0.4500000000,0.4500000000,3.5000000000,1.0000000000,101,113,101,111,102,110
2947,neighbor,False,STEM_STRESS_OR_INTERVAL_BOUND,999999999.0000000000,8773.8752500000,0.2250000000,0.2500000000,0.4500000000,3.5000000000,1.0000000000,103,111,103,110,104,110
2948,neighbor,False,MINIMUM_MAIN_STEEL,999999999.0000000000,8773.8752500000,0.2000000000,0.3500000000,0.4500000000,2.5000000000,1.0000000000,101,111,101,113,104,110
2949,neighbor,False,MINIMUM_MAIN_STEEL,999999999.0000000000,8773.8752500000,0.2000000000,0.4000000000,0.3000000000,2.5000000000,1.0000000000,103,113,102,113,100,112
2950,neighbor,False,ENVELOPE_BASE_CONTACT,999999999.0000000000,8773.8752500000,0.2500000000,0.3000000000,0.4000000000,2.5000000000,0.9000000000,101,110,103,110,104,110
2951,neighbor,False,STEM_STRESS_OR_INTERVAL_BOUND,999999999.0000000000,8773.8752500000,0.2000000000,0.3000000000,0.4000000000,3.5000000000,1.0000000000,101,110,102,113,104,110
2952,neighbor,False,MINIMUM_MAIN_STEEL,999999999.0000000000,8773.8752500000,0.2000000000,0.2500000000,0.4500000000,3.0000000000,0.9000000000,104,111,103,112,100,112
2953,neighbor,False,MINIMUM_MAIN_STEEL,999999999.0000000000,8773.8752500000,0.2500000000,0.3000000000,0.3000000000,2.5000000000,1.0000000000,104,110,100,113,104,113
2954,neighbor,False,MINIMUM_MAIN_STEEL,999999999.0000000000,8773.8752500000,0.2000000000,0.3000000000,0.3500000000,3.0000000000,1.0000000000,104,113,104,113,100,112
2955,neighbor,False,MAXIMUM_MAIN_STEEL,999999999.0000000000,8773.8752500000,0.2000000000,0.3000000000,0.3000000000,3.5000000000,1.0000000000,104,111,104,113,104,110
2956,neighbor,False,MINIMUM_MAIN_STEEL,999999999.0000000000,8773.8752500000,0.2250000000,0.3000000000,0.3000000000,3.0000000000,0.8000000000,102,112,101,113,100,112
2957,neighbor,False,ENVELOPE_BASE_CONTACT,999999999.0000000000,8773.8752500000,0.2250000000,0.4000000000,0.3500000000,2.5000000000,1.0000000000,104,112,102,111,104,112
2958,neighbor,False,MINIMUM_MAIN_STEEL,999999999.0000000000,8773.8752500000,0.2000000000,0.2500000000,0.3000000000,3.0000000000,1.0000000000,101,113,100,112,101,112
2959,neighbor,False,MAXIMUM_MAIN_STEEL,999999999.0000000000,8773.8752500000,0.2000000000,0.4500000000,0.3000000000,3.5000000000,1.0000000000,104,110,100,110,102,112
2960,neighbor,False,ENVELOPE_BASE_CONTACT,999999999.0000000000,8773.8752500000,0.2000000000,0.3000000000,0.4000000000,2.5000000000,1.0000000000,101,113,102,110,102,111
2961,neighbor,False,MINIMUM_MAIN_STEEL,999999999.0000000000,8773.8752500000,0.2000000000,0.3500000000,0.5000000000,3.5000000000,0.8000000000,101,112,104,110,100,112
2962,neighbor,False,ENVELOPE_BASE_CONTACT,999999999.0000000000,8773.8752500000,0.2000000000,0.3500000000,0.3000000000,2.5000000000,1.0000000000,104,111,101,110,104,113
2963,neighbor,False,STEM_STRESS_OR_INTERVAL_BOUND,999999999.0000000000,8773.8752500000,0.2000000000,0.2500000000,0.3000000000,3.5000000000,1.0000000000,101,112,104,111,104,113
2964,neighbor,False,MEMBER_FLEXURE,999999999.0000000000,8773.8752500000,0.2000000000,0.3500000000,0.3000000000,3.0000000000,1.0000000000,104,113,100,111,101,112
2965,neighbor,False,MAXIMUM_MAIN_STEEL,999999999.0000000000,8773.8752500000,0.2500000000,0.4000000000,0.3000000000,3.5000000000,1.0000000000,103,110,103,113,103,111
2966,neighbor,False,ENVELOPE_BASE_CONTACT,999999999.0000000000,8773.8752500000,0.2000000000,0.4500000000,0.5500000000,2.5000000000,1.0000000000,103,111,104,113,101,110
2967,neighbor,False,MINIMUM_MAIN_STEEL,999999999.0000000000,8773.8752500000,0.2000000000,0.2500000000,0.4500000000,3.0000000000,1.0000000000,101,113,100,113,104,110
2968,neighbor,False,STEM_STRESS_OR_INTERVAL_BOUND,999999999.0000000000,8773.8752500000,0.2000000000,0.2500000000,0.3000000000,3.0000000000,1.0000000000,103,110,103,111,104,110
2969,neighbor,False,MAXIMUM_MAIN_STEEL,999999999.0000000000,8773.8752500000,0.2000000000,0.4500000000,0.3500000000,3.0000000000,1.0000000000,104,110,102,113,101,113
2970,neighbor,False,MINIMUM_MAIN_STEEL,999999999.0000000000,8773.8752500000,0.2000000000,0.4000000000,0.3500000000,2.5000000000,1.0000000000,101,113,104,111,104,110
2971,neighbor,False,STEM_STRESS_OR_INTERVAL_BOUND,999999999.0000000000,8773.8752500000,0.2250000000,0.3000000000,0.3000000000,3.5000000000,0.8000000000,104,112,100,110,101,111
2972,neighbor,False,ENVELOPE_BASE_CONTACT,999999999.0000000000,8773.8752500000,0.2000000000,0.3500000000,0.3000000000,2.5000000000,0.9000000000,104,110,102,111,104,111
2973,neighbor,False,MINIMUM_MAIN_STEEL,999999999.0000000000,8773.8752500000,0.2500000000,0.4000000000,0.3000000000,3.5000000000,1.0000000000,104,112,100,113,103,111
2974,neighbor,False,MINIMUM_MAIN_STEEL,999999999.0000000000,8773.8752500000,0.2250000000,0.3000000000,0.3500000000,3.5000000000,1.0000000000,102,111,104,113,100,113
2975,neighbor,False,STEM_STRESS_OR_INTERVAL_BOUND,999999999.0000000000,8773.8752500000,0.2250000000,0.3000000000,0.3000000000,3.5000000000,1.0000000000,102,111,103,111,100,111
2976,neighbor,True,PASS_IMPLEMENTED_PROJECT_CHECKS,10437.6939260000,8773.8752500000,0.2000000000,0.4500000000,0.4500000000,3.0000000000,0.8000000000,104,113,104,113,103,113
2977,neighbor,False,MINIMUM_MAIN_STEEL,999999999.0000000000,8773.8752500000,0.2000000000,0.3000000000,0.3000000000,2.5000000000,0.9000000000,103,110,101,113,100,112
2978,neighbor,False,STEM_STRESS_OR_INTERVAL_BOUND,999999999.0000000000,8773.8752500000,0.2000000000,0.4000000000,0.3000000000,3.5000000000,1.0000000000,103,113,101,113,102,110
2979,neighbor,False,MAXIMUM_MAIN_STEEL,999999999.0000000000,8773.8752500000,0.2000000000,0.3000000000,0.3000000000,3.0000000000,0.9000000000,104,111,101,113,101,110
2980,neighbor,False,ENVELOPE_BASE_CONTACT,999999999.0000000000,8773.8752500000,0.2000000000,0.4500000000,0.3000000000,2.5000000000,0.8000000000,104,112,102,110,100,110
2981,neighbor,False,MINIMUM_MAIN_STEEL,999999999.0000000000,8773.8752500000,0.2250000000,0.4500000000,0.3000000000,2.5000000000,0.9000000000,102,112,100,113,104,110
2982,neighbor,False,MEMBER_FLEXURE,999999999.0000000000,8773.8752500000,0.2500000000,0.4500000000,0.3000000000,3.5000000000,1.0000000000,101,110,102,113,102,112
2983,neighbor,False,MINIMUM_MAIN_STEEL,999999999.0000000000,8773.8752500000,0.2000000000,0.4000000000,0.5500000000,2.5000000000,1.0000000000,101,112,104,112,100,113
2984,neighbor,False,ENVELOPE_BASE_CONTACT,999999999.0000000000,8773.8752500000,0.2000000000,0.3500000000,0.3000000000,2.5000000000,1.0000000000,104,112,102,113,102,111
2985,neighbor,False,ENVELOPE_BASE_CONTACT,999999999.0000000000,8773.8752500000,0.2250000000,0.3000000000,0.3000000000,2.5000000000,0.8000000000,104,113,102,110,103,111
2986,neighbor,False,MINIMUM_MAIN_STEEL,999999999.0000000000,8773.8752500000,0.2000000000,0.3000000000,0.3000000000,3.5000000000,0.8000000000,104,111,100,113,104,113
2987,neighbor,False,STEM_STRESS_OR_INTERVAL_BOUND,999999999.0000000000,8773.8752500000,0.2500000000,0.4000000000,0.5000000000,3.5000000000,0.8000000000,102,113,104,110,103,110
2988,neighbor,False,MINIMUM_MAIN_STEEL,999999999.0000000000,8773.8752500000,0.2000000000,0.2500000000,0.3000000000,2.5000000000,1.0000000000,101,113,100,113,100,110
2989,neighbor,False,MINIMUM_MAIN_STEEL,999999999.0000000000,8773.8752500000,0.2000000000,0.3000000000,0.4500000000,2.5000000000,1.0000000000,102,113,100,111,102,110
2990,neighbor,False,MINIMUM_MAIN_STEEL,999999999.0000000000,8773.8752500000,0.2000000000,0.3500000000,0.3000000000,2.5000000000,1.0000000000,101,113,101,113,100,111
2991,neighbor,False,MINIMUM_MAIN_STEEL,999999999.0000000000,8773.8752500000,0.2000000000,0.3000000000,0.3500000000,3.0000000000,0.8000000000,102,111,100,112,103,112
2992,neighbor,False,STEM_STRESS_OR_INTERVAL_BOUND,999999999.0000000000,8773.8752500000,0.2250000000,0.2500000000,0.3000000000,3.0000000000,1.0000000000,104,113,103,111,103,111
2993,neighbor,False,ENVELOPE_BASE_CONTACT,999999999.0000000000,8773.8752500000,0.2000000000,0.3000000000,0.5000000000,2.5000000000,1.0000000000,104,112,103,113,104,113
2994,neighbor,False,STEM_STRESS_OR_INTERVAL_BOUND,999999999.0000000000,8773.8752500000,0.2000000000,0.3000000000,0.3000000000,3.5000000000,1.0000000000,101,112,101,112,101,112
2995,neighbor,False,MINIMUM_MAIN_STEEL,999999999.0000000000,8773.8752500000,0.2000000000,0.4500000000,0.5500000000,3.0000000000,0.9000000000,104,112,100,113,104,111
2996,neighbor,False,MINIMUM_MAIN_STEEL,999999999.0000000000,8773.8752500000,0.2000000000,0.3500000000,0.3000000000,3.0000000000,0.9000000000,104,112,100,113,102,110
2997,neighbor,False,ENVELOPE_BASE_CONTACT,999999999.0000000000,8773.8752500000,0.2250000000,0.4000000000,0.3000000000,2.5000000000,1.0000000000,104,113,103,110,104,112
2998,neighbor,False,STEM_STRESS_OR_INTERVAL_BOUND,999999999.0000000000,8773.8752500000,0.2000000000,0.3000000000,0.3000000000,3.5000000000,1.0000000000,102,111,101,110,101,111
2999,neighbor,False,STEM_STRESS_OR_INTERVAL_BOUND,999999999.0000000000,8773.8752500000,0.2250000000,0.3000000000,0.3000000000,3.5000000000,0.8000000000,104,112,103,110,104,110
3000,neighbor,False,STEM_STRESS_OR_INTERVAL_BOUND,999999999.0000000000,8773.8752500000,0.2000000000,0.3000000000,0.3000000000,3.0000000000,1.0000000000,104,113,100,111,101,113
3001,neighbor,False,MAXIMUM_MAIN_STEEL,999999999.0000000000,8773.8752500000,0.2000000000,0.4500000000,0.3000000000,3.0000000000,1.0000000000,104,110,104,113,100,110
3002,neighbor,False,ENVELOPE_BASE_CONTACT,999999999.0000000000,8773.8752500000,0.2250000000,0.4000000000,0.3000000000,2.5000000000,1.0000000000,103,110,101,113,100,110
3003,neighbor,False,ENVELOPE_BASE_CONTACT,999999999.0000000000,8773.8752500000,0.2000000000,0.3500000000,0.3000000000,2.5000000000,0.9000000000,104,113,101,111,101,110
3004,neighbor,True,PASS_IMPLEMENTED_PROJECT_CHECKS,10472.4353200000,8773.8752500000,0.2000000000,0.3500000000,0.3000000000,3.5000000000,1.0000000000,104,113,102,112,103,110
3005,neighbor,False,MINIMUM_MAIN_STEEL,999999999.0000000000,8773.8752500000,0.2000000000,0.4500000000,0.3000000000,3.5000000000,0.9000000000,101,110,102,113,100,112
3006,neighbor,False,STEM_STRESS_OR_INTERVAL_BOUND,999999999.0000000000,8773.8752500000,0.2250000000,0.3000000000,0.3500000000,3.5000000000,1.0000000000,102,112,102,111,103,112
3007,neighbor,False,ENVELOPE_BASE_CONTACT,999999999.0000000000,8773.8752500000,0.2000000000,0.4000000000,0.5000000000,2.5000000000,0.8000000000,104,113,102,112,101,110
3008,neighbor,False,STEM_STRESS_OR_INTERVAL_BOUND,999999999.0000000000,8773.8752500000,0.2000000000,0.3000000000,0.5500000000,3.0000000000,1.0000000000,104,113,102,110,101,111
3009,neighbor,False,STEM_STRESS_OR_INTERVAL_BOUND,999999999.0000000000,8773.8752500000,0.2000000000,0.2500000000,0.3000000000,3.0000000000,0.8000000000,104,113,103,113,103,111
3010,neighbor,False,STEM_STRESS_OR_INTERVAL_BOUND,999999999.0000000000,8773.8752500000,0.2500000000,0.2500000000,0.3000000000,3.0000000000,1.0000000000,104,113,101,111,103,113
3011,neighbor,False,STEM_STRESS_OR_INTERVAL_BOUND,999999999.0000000000,8773.8752500000,0.2250000000,0.2500000000,0.4000000000,3.5000000000,0.8000000000,102,112,103,112,101,113
3012,neighbor,False,MINIMUM_MAIN_STEEL,999999999.0000000000,8773.8752500000,0.2000000000,0.4000000000,0.4000000000,2.5000000000,1.0000000000,104,113,100,112,101,110
3013,neighbor,False,MINIMUM_MAIN_STEEL,999999999.0000000000,8773.8752500000,0.2500000000,0.4000000000,0.5000000000,3.0000000000,0.9000000000,104,110,100,111,103,113
3014,neighbor,False,STEM_STRESS_OR_INTERVAL_BOUND,999999999.0000000000,8773.8752500000,0.2250000000,0.2500000000,0.3000000000,3.0000000000,1.0000000000,104,110,104,113,102,110
3015,neighbor,False,STEM_STRESS_OR_INTERVAL_BOUND,999999999.0000000000,8773.8752500000,0.2500000000,0.2500000000,0.5000000000,3.0000000000,1.0000000000,104,110,104,111,103,111
3016,neighbor,False,MINIMUM_MAIN_STEEL,999999999.0000000000,8773.8752500000,0.2000000000,0.2500000000,0.5000000000,3.5000000000,1.0000000000,102,110,100,113,103,113
3017,neighbor,False,STEM_STRESS_OR_INTERVAL_BOUND,999999999.0000000000,8773.8752500000,0.2000000000,0.4000000000,0.5500000000,3.5000000000,1.0000000000,101,111,102,113,100,110
3018,neighbor,False,MINIMUM_MAIN_STEEL,999999999.0000000000,8773.8752500000,0.2000000000,0.4000000000,0.5500000000,3.5000000000,0.9000000000,104,110,104,111,100,111
3019,neighbor,False,ENVELOPE_BASE_CONTACT,999999999.0000000000,8773.8752500000,0.2500000000,0.4500000000,0.3500000000,2.5000000000,0.8000000000,102,111,104,110,104,113
3020,neighbor,False,STEM_STRESS_OR_INTERVAL_BOUND,999999999.0000000000,8773.8752500000,0.2000000000,0.2500000000,0.3000000000,3.5000000000,1.0000000000,103,113,102,110,100,110
3021,neighbor,False,STEM_STRESS_OR_INTERVAL_BOUND,999999999.0000000000,8773.8752500000,0.2000000000,0.2500000000,0.3000000000,3.5000000000,1.0000000000,104,110,104,110,101,110
3022,neighbor,False,MINIMUM_MAIN_STEEL,999999999.0000000000,8773.8752500000,0.2000000000,0.3000000000,0.3500000000,2.5000000000,1.0000000000,102,110,100,112,100,110
3023,neighbor,False,MAXIMUM_MAIN_STEEL,999999999.0000000000,8773.8752500000,0.2000000000,0.3500000000,0.3000000000,3.0000000000,1.0000000000,104,110,101,110,100,110
3024,neighbor,False,STEM_STRESS_OR_INTERVAL_BOUND,999999999.0000000000,8773.8752500000,0.2000000000,0.4000000000,0.3000000000,3.0000000000,1.0000000000,102,112,103,110,103,111
3025,neighbor,False,ENVELOPE_BASE_CONTACT,999999999.0000000000,8773.8752500000,0.2000000000,0.3500000000,0.5000000000,2.5000000000,0.9000000000,101,112,102,111,100,110
3026,neighbor,False,ENVELOPE_BASE_CONTACT,999999999.0000000000,8773.8752500000,0.2000000000,0.3500000000,0.3500000000,2.5000000000,1.0000000000,103,111,102,113,101,110
3027,neighbor,False,MINIMUM_MAIN_STEEL,999999999.0000000000,8773.8752500000,0.2500000000,0.4500000000,0.3000000000,3.5000000000,1.0000000000,103,113,100,113,100,112
3028,neighbor,False,ENVELOPE_BASE_CONTACT,999999999.0000000000,8773.8752500000,0.2000000000,0.3000000000,0.3000000000,2.5000000000,1.0000000000,104,112,104,113,103,110
3029,neighbor,False,MINIMUM_MAIN_STEEL,999999999.0000000000,8773.8752500000,0.2000000000,0.4000000000,0.5000000000,3.5000000000,0.8000000000,101,111,104,113,100,113
3030,neighbor,False,ENVELOPE_BASE_CONTACT,999999999.0000000000,8773.8752500000,0.2000000000,0.3500000000,0.3000000000,2.5000000000,1.0000000000,102,110,102,113,103,111
3031,neighbor,False,MINIMUM_MAIN_STEEL,999999999.0000000000,8773.8752500000,0.2000000000,0.4000000000,0.3000000000,3.5000000000,1.0000000000,102,112,100,112,101,111
3032,neighbor,False,STEM_STRESS_OR_INTERVAL_BOUND,999999999.0000000000,8773.8752500000,0.2000000000,0.3500000000,0.3500000000,3.5000000000,1.0000000000,102,112,104,112,100,111
3033,neighbor,False,MINIMUM_MAIN_STEEL,999999999.0000000000,8773.8752500000,0.2000000000,0.4500000000,0.5500000000,3.0000000000,0.9000000000,104,111,102,112,101,113
3034,neighbor,False,MAXIMUM_MAIN_STEEL,999999999.0000000000,8773.8752500000,0.2250000000,0.4500000000,0.4500000000,3.0000000000,1.0000000000,103,110,103,111,103,110
3035,neighbor,False,MINIMUM_MAIN_STEEL,999999999.0000000000,8773.8752500000,0.2000000000,0.2500000000,0.4000000000,3.0000000000,0.8000000000,104,112,100,112,104,111
3036,neighbor,False,MAXIMUM_MAIN_STEEL,999999999.0000000000,8773.8752500000,0.2000000000,0.4000000000,0.3000000000,3.0000000000,1.0000000000,104,112,101,113,103,113
3037,neighbor,False,STEM_STRESS_OR_INTERVAL_BOUND,999999999.0000000000,8773.8752500000,0.2000000000,0.4000000000,0.3000000000,3.0000000000,1.0000000000,103,113,104,111,103,111
3038,neighbor,True,PASS_IMPLEMENTED_PROJECT_CHECKS,9832.3072000000,8773.8752500000,0.2000000000,0.4000000000,0.3000000000,3.5000000000,0.8000000000,101,110,103,113,103,111
3039,neighbor,False,STEM_STRESS_OR_INTERVAL_BOUND,999999999.0000000000,8773.8752500000,0.2500000000,0.4000000000,0.3000000000,3.0000000000,0.8000000000,103,113,104,110,101,110
3040,neighbor,False,MINIMUM_MAIN_STEEL,999999999.0000000000,8773.8752500000,0.2000000000,0.4000000000,0.3000000000,2.5000000000,0.8000000000,104,113,100,112,100,111
3041,neighbor,False,ENVELOPE_BASE_CONTACT,999999999.0000000000,8773.8752500000,0.2000000000,0.2500000000,0.3000000000,2.5000000000,1.0000000000,104,112,102,113,104,110
3042,neighbor,True,PASS_IMPLEMENTED_PROJECT_CHECKS,9942.9283300000,8773.8752500000,0.2000000000,0.4500000000,0.5500000000,3.0000000000,0.9000000000,102,112,101,111,100,110
3043,neighbor,False,STEM_STRESS_OR_INTERVAL_BOUND,999999999.0000000000,8773.8752500000,0.2000000000,0.2500000000,0.4500000000,3.0000000000,0.9000000000,104,113,102,113,101,112
3044,neighbor,False,ENVELOPE_BASE_CONTACT,999999999.0000000000,8773.8752500000,0.2500000000,0.3000000000,0.3500000000,2.5000000000,1.0000000000,103,110,103,110,101,110
3045,neighbor,False,STEM_STRESS_OR_INTERVAL_BOUND,999999999.0000000000,8773.8752500000,0.2000000000,0.3000000000,0.3000000000,3.5000000000,1.0000000000,102,113,104,112,104,110
3046,neighbor,False,STEM_STRESS_OR_INTERVAL_BOUND,999999999.0000000000,8773.8752500000,0.2500000000,0.2500000000,0.4000000000,3.5000000000,1.0000000000,104,113,102,110,101,110
3047,neighbor,True,PASS_IMPLEMENTED_PROJECT_CHECKS,11825.9200880000,8773.8752500000,0.2500000000,0.4000000000,0.3000000000,3.5000000000,0.8000000000,104,112,104,113,103,110
3048,neighbor,False,MAXIMUM_MAIN_STEEL,999999999.0000000000,8773.8752500000,0.2000000000,0.3000000000,0.3000000000,3.0000000000,0.9000000000,104,111,102,113,104,113
3049,neighbor,False,MINIMUM_MAIN_STEEL,999999999.0000000000,8773.8752500000,0.2000000000,0.3000000000,0.4500000000,3.0000000000,1.0000000000,101,113,100,113,103,110
3050,neighbor,False,MINIMUM_MAIN_STEEL,999999999.0000000000,8773.8752500000,0.2000000000,0.3500000000,0.3000000000,3.0000000000,1.0000000000,102,111,100,113,104,112
3051,neighbor,True,PASS_IMPLEMENTED_PROJECT_CHECKS,11780.8015440000,8773.8752500000,0.2000000000,0.4000000000,0.5000000000,3.0000000000,1.0000000000,104,113,103,110,103,110
3052,neighbor,False,STEM_STRESS_OR_INTERVAL_BOUND,999999999.0000000000,8773.8752500000,0.2000000000,0.3500000000,0.3000000000,3.5000000000,0.9000000000,102,111,103,110,102,112
3053,neighbor,False,MINIMUM_MAIN_STEEL,999999999.0000000000,8773.8752500000,0.2000000000,0.2500000000,0.5000000000,3.5000000000,1.0000000000,102,110,103,112,100,113
3054,neighbor,False,ENVELOPE_BASE_CONTACT,999999999.0000000000,8773.8752500000,0.2000000000,0.2500000000,0.3000000000,2.5000000000,0.8000000000,101,112,101,112,103,113
3055,neighbor,False,ENVELOPE_BASE_CONTACT,999999999.0000000000,8773.8752500000,0.2000000000,0.4500000000,0.3000000000,2.5000000000,0.8000000000,102,112,103,113,102,110
3056,neighbor,False,STEM_STRESS_OR_INTERVAL_BOUND,999999999.0000000000,8773.8752500000,0.2000000000,0.4500000000,0.3000000000,3.0000000000,1.0000000000,102,112,103,113,101,112
3057,neighbor,False,STEM_STRESS_OR_INTERVAL_BOUND,999999999.0000000000,8773.8752500000,0.2000000000,0.2500000000,0.3000000000,3.5000000000,0.8000000000,103,111,104,112,104,111
3058,neighbor,False,MAXIMUM_MAIN_STEEL,999999999.0000000000,8773.8752500000,0.2000000000,0.3000000000,0.3000000000,3.0000000000,1.0000000000,102,110,104,111,101,112
3059,neighbor,False,MINIMUM_MAIN_STEEL,999999999.0000000000,8773.8752500000,0.2250000000,0.4500000000,0.3000000000,3.5000000000,0.8000000000,102,110,102,113,100,113
3060,neighbor,False,MINIMUM_MAIN_STEEL,999999999.0000000000,8773.8752500000,0.2500000000,0.3500000000,0.3000000000,3.5000000000,0.9000000000,101,113,104,113,100,112
3061,neighbor,False,MINIMUM_MAIN_STEEL,999999999.0000000000,8773.8752500000,0.2000000000,0.3500000000,0.3000000000,2.5000000000,1.0000000000,102,112,100,111,100,112
3062,neighbor,False,STEM_STRESS_OR_INTERVAL_BOUND,999999999.0000000000,8773.8752500000,0.2250000000,0.4500000000,0.5000000000,3.0000000000,0.8000000000,101,111,102,113,104,111
3063,neighbor,False,ENVELOPE_BASE_CONTACT,999999999.0000000000,8773.8752500000,0.2000000000,0.3000000000,0.3000000000,2.5000000000,0.9000000000,102,113,102,113,100,110
3064,neighbor,False,MINIMUM_MAIN_STEEL,999999999.0000000000,8773.8752500000,0.2000000000,0.2500000000,0.5000000000,2.5000000000,1.0000000000,102,110,100,113,101,113
3065,neighbor,False,STEM_STRESS_OR_INTERVAL_BOUND,999999999.0000000000,8773.8752500000,0.2250000000,0.3000000000,0.3000000000,3.0000000000,1.0000000000,104,113,102,113,101,110
3066,neighbor,False,MINIMUM_MAIN_STEEL,999999999.0000000000,8773.8752500000,0.2000000000,0.4500000000,0.5500000000,3.0000000000,1.0000000000,101,112,102,110,103,110
3067,neighbor,False,ENVELOPE_BASE_CONTACT,999999999.0000000000,8773.8752500000,0.2000000000,0.3500000000,0.4500000000,2.5000000000,1.0000000000,103,110,104,112,101,110
3068,neighbor,False,ENVELOPE_BASE_CONTACT,999999999.0000000000,8773.8752500000,0.2250000000,0.3500000000,0.3000000000,2.5000000000,0.9000000000,102,113,101,112,100,111
3069,neighbor,False,MINIMUM_MAIN_STEEL,999999999.0000000000,8773.8752500000,0.2000000000,0.3500000000,0.3000000000,2.5000000000,1.0000000000,101,113,103,113,100,113
3070,neighbor,False,MINIMUM_MAIN_STEEL,999999999.0000000000,8773.8752500000,0.2000000000,0.3500000000,0.3000000000,2.5000000000,1.0000000000,104,110,100,113,104,110
3071,neighbor,False,MEMBER_FLEXURE,999999999.0000000000,8773.8752500000,0.2000000000,0.4000000000,0.3500000000,3.5000000000,1.0000000000,104,113,101,110,100,110
3072,neighbor,False,ENVELOPE_BASE_CONTACT,999999999.0000000000,8773.8752500000,0.2000000000,0.2500000000,0.3000000000,2.5000000000,1.0000000000,103,113,104,113,100,111
3073,neighbor,False,STEM_STRESS_OR_INTERVAL_BOUND,999999999.0000000000,8773.8752500000,0.2250000000,0.3000000000,0.3000000000,3.5000000000,1.0000000000,103,113,104,113,103,110
3074,neighbor,False,MEMBER_FLEXURE,999999999.0000000000,8773.8752500000,0.2250000000,0.3000000000,0.3500000000,3.0000000000,1.0000000000,104,112,104,113,100,110
3075,neighbor,False,STEM_STRESS_OR_INTERVAL_BOUND,999999999.0000000000,8773.8752500000,0.2250000000,0.2500000000,0.3000000000,3.0000000000,0.8000000000,101,112,102,113,104,110
3076,neighbor,False,MAXIMUM_MAIN_STEEL,999999999.0000000000,8773.8752500000,0.2500000000,0.4000000000,0.3000000000,3.5000000000,1.0000000000,103,112,104,110,101,112
3077,neighbor,False,STEM_STRESS_OR_INTERVAL_BOUND,999999999.0000000000,8773.8752500000,0.2000000000,0.2500000000,0.3500000000,3.5000000000,1.0000000000,101,110,100,110,101,110
3078,neighbor,False,ENVELOPE_BASE_CONTACT,999999999.0000000000,8773.8752500000,0.2000000000,0.4000000000,0.3000000000,2.5000000000,0.9000000000,102,113,101,111,104,113
3079,neighbor,False,MINIMUM_MAIN_STEEL,999999999.0000000000,8773.8752500000,0.2000000000,0.4500000000,0.5500000000,2.5000000000,0.8000000000,101,111,104,112,100,111
3080,neighbor,False,STEM_STRESS_OR_INTERVAL_BOUND,999999999.0000000000,8773.8752500000,0.2250000000,0.2500000000,0.3000000000,3.5000000000,1.0000000000,104,113,104,113,102,111
3081,neighbor,False,MEMBER_FLEXURE,999999999.0000000000,8773.8752500000,0.2500000000,0.4500000000,0.3000000000,3.5000000000,1.0000000000,104,113,101,113,102,112
3082,neighbor,False,MINIMUM_MAIN_STEEL,999999999.0000000000,8773.8752500000,0.2000000000,0.4000000000,0.3000000000,2.5000000000,0.8000000000,104,112,102,113,100,112
3083,neighbor,False,MINIMUM_MAIN_STEEL,999999999.0000000000,8773.8752500000,0.2000000000,0.4000000000,0.3000000000,3.0000000000,1.0000000000,103,113,100,113,104,110
3084,neighbor,False,ENVELOPE_BASE_CONTACT,999999999.0000000000,8773.8752500000,0.2000000000,0.3000000000,0.3000000000,2.5000000000,0.9000000000,102,112,104,113,101,110
3085,neighbor,True,PASS_IMPLEMENTED_PROJECT_CHECKS,9443.3454640000,8773.8752500000,0.2000000000,0.4000000000,0.3000000000,3.5000000000,1.0000000000,102,111,104,113,103,113
3086,neighbor,False,STEM_STRESS_OR_INTERVAL_BOUND,999999999.0000000000,8773.8752500000,0.2250000000,0.3000000000,0.4000000000,3.5000000000,0.8000000000,102,112,102,111,103,112
3087,neighbor,True,PASS_IMPLEMENTED_PROJECT_CHECKS,10434.9851750000,8773.8752500000,0.2250000000,0.4500000000,0.3500000000,3.0000000000,1.0000000000,104,112,102,111,101,110
3088,neighbor,False,STEM_STRESS_OR_INTERVAL_BOUND,999999999.0000000000,8773.8752500000,0.2250000000,0.3500000000,0.3000000000,3.0000000000,0.8000000000,102,113,103,113,102,113
3089,neighbor,False,ENVELOPE_BASE_CONTACT,999999999.0000000000,8773.8752500000,0.2000000000,0.3500000000,0.3000000000,2.5000000000,0.8000000000,104,113,102,113,103,110
3090,neighbor,False,MAXIMUM_MAIN_STEEL,999999999.0000000000,8773.8752500000,0.2000000000,0.4000000000,0.3000000000,3.0000000000,0.9000000000,104,113,104,110,100,111
3091,neighbor,False,STEM_STRESS_OR_INTERVAL_BOUND,999999999.0000000000,8773.8752500000,0.2000000000,0.2500000000,0.3500000000,3.5000000000,1.0000000000,101,113,104,113,101,112
3092,neighbor,False,MAXIMUM_MAIN_STEEL,999999999.0000000000,8773.8752500000,0.2000000000,0.3000000000,0.3500000000,3.5000000000,1.0000000000,103,111,103,112,100,111
3093,neighbor,False,ENVELOPE_BASE_CONTACT,999999999.0000000000,8773.8752500000,0.2000000000,0.3500000000,0.3000000000,2.5000000000,1.0000000000,102,111,102,110,104,113
3094,neighbor,False,MEMBER_FLEXURE,999999999.0000000000,8773.8752500000,0.2000000000,0.4500000000,0.3500000000,3.0000000000,0.9000000000,103,113,104,111,101,112
3095,neighbor,False,MINIMUM_MAIN_STEEL,999999999.0000000000,8773.8752500000,0.2000000000,0.4500000000,0.3500000000,2.5000000000,0.8000000000,101,112,100,110,101,113
3096,neighbor,False,ENVELOPE_BASE_CONTACT,999999999.0000000000,8773.8752500000,0.2250000000,0.2500000000,0.3000000000,2.5000000000,0.9000000000,104,113,103,113,101,110
3097,neighbor,False,ENVELOPE_BASE_CONTACT,999999999.0000000000,8773.8752500000,0.2000000000,0.4000000000,0.3500000000,2.5000000000,1.0000000000,104,111,102,112,104,113
3098,neighbor,False,STEM_STRESS_OR_INTERVAL_BOUND,999999999.0000000000,8773.8752500000,0.2000000000,0.4000000000,0.3000000000,3.5000000000,1.0000000000,102,113,104,110,101,111
3099,neighbor,False,STEM_STRESS_OR_INTERVAL_BOUND,999999999.0000000000,8773.8752500000,0.2500000000,0.4500000000,0.5000000000,3.5000000000,1.0000000000,101,111,103,113,101,111
3100,neighbor,False,ENVELOPE_BASE_CONTACT,999999999.0000000000,8773.8752500000,0.2000000000,0.4500000000,0.3500000000,2.5000000000,0.9000000000,103,113,101,113,102,112
3101,neighbor,False,MINIMUM_MAIN_STEEL,999999999.0000000000,8773.8752500000,0.2500000000,0.3000000000,0.5000000000,3.5000000000,1.0000000000,102,113,101,110,100,112
3102,neighbor,False,MAXIMUM_MAIN_STEEL,999999999.0000000000,8773.8752500000,0.2000000000,0.4000000000,0.5000000000,3.0000000000,0.9000000000,103,110,102,113,102,111
3103,neighbor,False,ENVELOPE_BASE_CONTACT,999999999.0000000000,8773.8752500000,0.2250000000,0.4000000000,0.4000000000,2.5000000000,1.0000000000,103,113,104,113,102,110
3104,neighbor,False,MAXIMUM_MAIN_STEEL,999999999.0000000000,8773.8752500000,0.2000000000,0.4500000000,0.5500000000,3.5000000000,1.0000000000,104,110,103,111,104,110
3105,neighbor,False,MINIMUM_MAIN_STEEL,999999999.0000000000,8773.8752500000,0.2000000000,0.4500000000,0.5500000000,3.5000000000,1.0000000000,102,113,104,111,103,113
3106,neighbor,False,STEM_STRESS_OR_INTERVAL_BOUND,999999999.0000000000,8773.8752500000,0.2250000000,0.3000000000,0.3000000000,3.0000000000,0.8000000000,104,112,102,110,102,110
3107,neighbor,False,MINIMUM_MAIN_STEEL,999999999.0000000000,8773.8752500000,0.2500000000,0.4500000000,0.3000000000,2.5000000000,1.0000000000,102,113,102,111,102,110
3108,neighbor,False,STEM_STRESS_OR_INTERVAL_BOUND,999999999.0000000000,8773.8752500000,0.2250000000,0.3000000000,0.3000000000,3.5000000000,0.8000000000,104,113,102,113,102,111
3109,neighbor,True,PASS_IMPLEMENTED_PROJECT_CHECKS,9533.9750760000,8773.8752500000,0.2000000000,0.4500000000,0.3000000000,3.0000000000,0.9000000000,102,111,104,113,103,111
3110,neighbor,False,STEM_STRESS_OR_INTERVAL_BOUND,999999999.0000000000,8773.8752500000,0.2500000000,0.2500000000,0.5500000000,3.0000000000,1.0000000000,104,110,104,113,102,110
3111,neighbor,False,ENVELOPE_BASE_CONTACT,999999999.0000000000,8773.8752500000,0.2000000000,0.2500000000,0.3000000000,2.5000000000,1.0000000000,104,110,101,111,103,113
3112,neighbor,False,STEM_STRESS_OR_INTERVAL_BOUND,999999999.0000000000,8773.8752500000,0.2000000000,0.2500000000,0.3000000000,3.0000000000,1.0000000000,104,113,101,110,104,111
3113,neighbor,False,ENVELOPE_BASE_CONTACT,999999999.0000000000,8773.8752500000,0.2000000000,0.4000000000,0.3000000000,2.5000000000,0.9000000000,103,111,104,111,102,110
3114,neighbor,False,MINIMUM_MAIN_STEEL,999999999.0000000000,8773.8752500000,0.2000000000,0.2500000000,0.5000000000,3.0000000000,0.9000000000,103,112,100,113,104,110
3115,neighbor,False,STEM_STRESS_OR_INTERVAL_BOUND,999999999.0000000000,8773.8752500000,0.2000000000,0.2500000000,0.4500000000,3.0000000000,1.0000000000,102,110,103,113,102,111
3116,neighbor,False,ENVELOPE_BASE_CONTACT,999999999.0000000000,8773.8752500000,0.2000000000,0.2500000000,0.3000000000,2.5000000000,1.0000000000,101,113,104,113,101,110
3117,neighbor,False,MINIMUM_MAIN_STEEL,999999999.0000000000,8773.8752500000,0.2000000000,0.3500000000,0.4000000000,3.0000000000,1.0000000000,104,113,100,113,104,111
3118,neighbor,False,MAXIMUM_MAIN_STEEL,999999999.0000000000,8773.8752500000,0.2000000000,0.3000000000,0.4000000000,3.0000000000,0.8000000000,102,110,104,110,102,113
3119,neighbor,False,MINIMUM_MAIN_STEEL,999999999.0000000000,8773.8752500000,0.2250000000,0.4000000000,0.4000000000,3.0000000000,1.0000000000,103,110,100,113,101,112
3120,neighbor,True,PASS_IMPLEMENTED_PROJECT_CHECKS,11927.5260310000,8773.8752500000,0.2250000000,0.4500000000,0.3500000000,3.5000000000,1.0000000000,104,113,100,110,104,110
3121,neighbor,False,STEM_STRESS_OR_INTERVAL_BOUND,999999999.0000000000,8773.8752500000,0.2250000000,0.2500000000,0.3000000000,3.0000000000,0.8000000000,102,110,102,113,103,110
3122,neighbor,False,MINIMUM_MAIN_STEEL,999999999.0000000000,8773.8752500000,0.2250000000,0.3500000000,0.4500000000,2.5000000000,1.0000000000,102,111,100,113,100,111
3123,neighbor,False,MINIMUM_MAIN_STEEL,999999999.0000000000,8773.8752500000,0.2000000000,0.2500000000,0.3000000000,3.0000000000,1.0000000000,104,110,100,112,100,111
3124,neighbor,False,MINIMUM_MAIN_STEEL,999999999.0000000000,8773.8752500000,0.2000000000,0.4000000000,0.5000000000,2.5000000000,1.0000000000,101,113,100,110,104,112
3125,neighbor,False,ENVELOPE_BASE_CONTACT,999999999.0000000000,8773.8752500000,0.2000000000,0.3500000000,0.3000000000,2.5000000000,1.0000000000,102,111,103,111,104,112
3126,neighbor,False,STEM_STRESS_OR_INTERVAL_BOUND,999999999.0000000000,8773.8752500000,0.2000000000,0.2500000000,0.5000000000,3.0000000000,1.0000000000,104,111,103,113,103,110
3127,neighbor,False,STEM_STRESS_OR_INTERVAL_BOUND,999999999.0000000000,8773.8752500000,0.2000000000,0.3500000000,0.3000000000,3.5000000000,1.0000000000,102,113,104,111,103,110
3128,neighbor,False,STEM_STRESS_OR_INTERVAL_BOUND,999999999.0000000000,8773.8752500000,0.2000000000,0.2500000000,0.4500000000,3.5000000000,1.0000000000,104,110,104,111,101,110
3129,neighbor,False,MINIMUM_MAIN_STEEL,999999999.0000000000,8773.8752500000,0.2000000000,0.4500000000,0.3000000000,3.5000000000,1.0000000000,104,113,100,113,103,113
3130,neighbor,False,MAXIMUM_MAIN_STEEL,999999999.0000000000,8773.8752500000,0.2000000000,0.3500000000,0.5000000000,3.5000000000,0.8000000000,103,111,101,112,103,113
3131,neighbor,False,MINIMUM_MAIN_STEEL,999999999.0000000000,8773.8752500000,0.2500000000,0.4000000000,0.4000000000,3.0000000000,1.0000000000,103,112,100,113,101,110
3132,neighbor,False,STEM_STRESS_OR_INTERVAL_BOUND,999999999.0000000000,8773.8752500000,0.2250000000,0.3000000000,0.3000000000,3.0000000000,1.0000000000,101,112,104,112,104,112
3133,neighbor,False,MINIMUM_MAIN_STEEL,999999999.0000000000,8773.8752500000,0.2000000000,0.4500000000,0.3000000000,3.0000000000,1.0000000000,101,112,101,111,102,111
3134,neighbor,False,STEM_STRESS_OR_INTERVAL_BOUND,999999999.0000000000,8773.8752500000,0.2000000000,0.3000000000,0.4000000000,3.5000000000,0.8000000000,103,113,104,113,102,110
3135,neighbor,True,PASS_IMPLEMENTED_PROJECT_CHECKS,9157.3933200000,8773.8752500000,0.2500000000,0.3500000000,0.3000000000,3.0000000000,1.0000000000,104,113,103,113,102,111
3136,neighbor,False,ENVELOPE_BASE_CONTACT,999999999.0000000000,8773.8752500000,0.2250000000,0.3000000000,0.3000000000,2.5000000000,1.0000000000,101,111,103,110,102,113
3137,neighbor,True,PASS_IMPLEMENTED_PROJECT_CHECKS,12026.0229550000,8773.8752500000,0.2250000000,0.4000000000,0.4500000000,3.0000000000,0.8000000000,104,112,102,113,104,110
3138,neighbor,False,MINIMUM_MAIN_STEEL,999999999.0000000000,8773.8752500000,0.2250000000,0.4000000000,0.3000000000,2.5000000000,1.0000000000,104,111,100,113,102,111
3139,neighbor,False,ENVELOPE_BASE_CONTACT,999999999.0000000000,8773.8752500000,0.2500000000,0.4000000000,0.4500000000,2.5000000000,1.0000000000,103,112,100,110,101,110
3140,neighbor,False,STEM_STRESS_OR_INTERVAL_BOUND,999999999.0000000000,8773.8752500000,0.2500000000,0.2500000000,0.3500000000,3.5000000000,0.8000000000,101,113,103,111,101,113
3141,neighbor,False,MINIMUM_MAIN_STEEL,999999999.0000000000,8773.8752500000,0.2000000000,0.4500000000,0.3000000000,3.0000000000,1.0000000000,101,113,100,110,103,110
3142,neighbor,False,MAXIMUM_MAIN_STEEL,999999999.0000000000,8773.8752500000,0.2500000000,0.4500000000,0.3000000000,3.0000000000,0.9000000000,104,110,102,110,104,112
3143,neighbor,False,MAXIMUM_MAIN_STEEL,999999999.0000000000,8773.8752500000,0.2000000000,0.3500000000,0.4000000000,3.0000000000,1.0000000000,104,112,101,113,102,112
3144,neighbor,False,ENVELOPE_BASE_CONTACT,999999999.0000000000,8773.8752500000,0.2250000000,0.4500000000,0.3000000000,2.5000000000,1.0000000000,102,111,104,110,101,110
3145,neighbor,False,MINIMUM_MAIN_STEEL,999999999.0000000000,8773.8752500000,0.2000000000,0.3500000000,0.3000000000,3.5000000000,1.0000000000,102,110,100,112,101,113
3146,neighbor,False,STEM_STRESS_OR_INTERVAL_BOUND,999999999.0000000000,8773.8752500000,0.2500000000,0.2500000000,0.5500000000,3.5000000000,1.0000000000,102,113,102,110,102,110
3147,neighbor,True,PASS_IMPLEMENTED_PROJECT_CHECKS,9940.6864600000,8773.8752500000,0.2500000000,0.4000000000,0.3000000000,3.5000000000,0.9000000000,104,113,101,111,102,111
3148,neighbor,False,ENVELOPE_BASE_CONTACT,999999999.0000000000,8773.8752500000,0.2000000000,0.4000000000,0.3000000000,2.5000000000,0.9000000000,104,113,100,110,103,110
3149,neighbor,False,ENVELOPE_BASE_CONTACT,999999999.0000000000,8773.8752500000,0.2000000000,0.2500000000,0.3500000000,2.5000000000,1.0000000000,102,110,101,110,101,112
3150,neighbor,False,MINIMUM_MAIN_STEEL,999999999.0000000000,8773.8752500000,0.2250000000,0.4500000000,0.3000000000,2.5000000000,1.0000000000,104,112,100,112,100,113
3151,neighbor,False,STEM_STRESS_OR_INTERVAL_BOUND,999999999.0000000000,8773.8752500000,0.2000000000,0.4000000000,0.3000000000,3.5000000000,0.8000000000,103,113,103,113,101,110
3152,neighbor,False,MINIMUM_MAIN_STEEL,999999999.0000000000,8773.8752500000,0.2250000000,0.4500000000,0.3500000000,3.0000000000,1.0000000000,101,113,103,113,102,110
3153,neighbor,False,MINIMUM_MAIN_STEEL,999999999.0000000000,8773.8752500000,0.2000000000,0.4500000000,0.5000000000,3.5000000000,0.9000000000,102,113,102,113,104,110
3154,neighbor,False,MAXIMUM_MAIN_STEEL,999999999.0000000000,8773.8752500000,0.2000000000,0.4000000000,0.4000000000,3.0000000000,0.9000000000,104,111,103,112,100,110
3155,neighbor,True,PASS_IMPLEMENTED_PROJECT_CHECKS,10681.9946840000,8773.8752500000,0.2500000000,0.4000000000,0.3000000000,3.5000000000,1.0000000000,102,110,104,113,101,110
3156,neighbor,False,ENVELOPE_BASE_CONTACT,999999999.0000000000,8773.8752500000,0.2000000000,0.2500000000,0.3000000000,2.5000000000,1.0000000000,104,112,102,112,101,110
3157,neighbor,False,STEM_STRESS_OR_INTERVAL_BOUND,999999999.0000000000,8773.8752500000,0.2000000000,0.4000000000,0.3000000000,3.5000000000,0.9000000000,103,113,104,113,103,112
3158,neighbor,False,ENVELOPE_BASE_CONTACT,999999999.0000000000,8773.8752500000,0.2000000000,0.4500000000,0.3000000000,2.5000000000,0.9000000000,104,112,104,110,103,111
3159,neighbor,False,MINIMUM_MAIN_STEEL,999999999.0000000000,8773.8752500000,0.2000000000,0.3500000000,0.5000000000,2.5000000000,0.9000000000,101,113,102,113,101,113
3160,neighbor,False,MEMBER_FLEXURE,999999999.0000000000,8773.8752500000,0.2500000000,0.4500000000,0.3000000000,3.0000000000,0.8000000000,104,112,104,113,100,110
3161,neighbor,False,STEM_STRESS_OR_INTERVAL_BOUND,999999999.0000000000,8773.8752500000,0.2000000000,0.3000000000,0.3000000000,3.5000000000,1.0000000000,104,113,103,112,102,110
3162,neighbor,False,MINIMUM_MAIN_STEEL,999999999.0000000000,8773.8752500000,0.2500000000,0.4500000000,0.3000000000,3.5000000000,0.9000000000,102,110,100,113,104,110
3163,neighbor,False,STEM_STRESS_OR_INTERVAL_BOUND,999999999.0000000000,8773.8752500000,0.2000000000,0.3000000000,0.3500000000,3.5000000000,1.0000000000,103,113,104,110,103,110
3164,neighbor,True,PASS_IMPLEMENTED_PROJECT_CHECKS,12425.8660120000,8773.8752500000,0.2250000000,0.4000000000,0.4000000000,3.5000000000,1.0000000000,104,113,102,110,104,110
3165,neighbor,False,MINIMUM_MAIN_STEEL,999999999.0000000000,8773.8752500000,0.2000000000,0.4500000000,0.3000000000,3.0000000000,1.0000000000,101,113,100,113,104,111
3166,neighbor,False,STEM_STRESS_OR_INTERVAL_BOUND,999999999.0000000000,8773.8752500000,0.2000000000,0.2500000000,0.4000000000,3.0000000000,1.0000000000,104,110,101,113,101,112
3167,neighbor,False,MINIMUM_MAIN_STEEL,999999999.0000000000,8773.8752500000,0.2000000000,0.2500000000,0.5000000000,3.5000000000,1.0000000000,104,113,100,112,100,111
3168,neighbor,False,ENVELOPE_BASE_CONTACT,999999999.0000000000,8773.8752500000,0.2000000000,0.4000000000,0.5000000000,2.5000000000,1.0000000000,104,112,101,110,102,110
3169,neighbor,False,STEM_STRESS_OR_INTERVAL_BOUND,999999999.0000000000,8773.8752500000,0.2500000000,0.3500000000,0.3000000000,3.5000000000,1.0000000000,102,111,101,113,102,110
3170,neighbor,False,ENVELOPE_BASE_CONTACT,999999999.0000000000,8773.8752500000,0.2000000000,0.3500000000,0.4500000000,2.5000000000,0.8000000000,102,111,102,110,100,110
3171,neighbor,False,MINIMUM_MAIN_STEEL,999999999.0000000000,8773.8752500000,0.2000000000,0.2500000000,0.3000000000,3.0000000000,1.0000000000,104,113,100,113,100,113
3172,neighbor,False,MINIMUM_MAIN_STEEL,999999999.0000000000,8773.8752500000,0.2000000000,0.3500000000,0.3500000000,3.0000000000,0.8000000000,101,113,101,113,100,111
3173,neighbor,False,ENVELOPE_BASE_CONTACT,999999999.0000000000,8773.8752500000,0.2000000000,0.2500000000,0.4500000000,2.5000000000,0.8000000000,104,113,103,111,100,110
3174,neighbor,False,ENVELOPE_BASE_CONTACT,999999999.0000000000,8773.8752500000,0.2250000000,0.3500000000,0.3000000000,2.5000000000,0.9000000000,101,112,102,113,102,110
3175,neighbor,False,MAXIMUM_MAIN_STEEL,999999999.0000000000,8773.8752500000,0.2000000000,0.3500000000,0.3000000000,3.0000000000,0.9000000000,104,110,104,112,103,110
3176,neighbor,False,MAXIMUM_MAIN_STEEL,999999999.0000000000,8773.8752500000,0.2000000000,0.3000000000,0.5000000000,3.0000000000,1.0000000000,102,110,103,113,100,110
3177,neighbor,False,MAXIMUM_MAIN_STEEL,999999999.0000000000,8773.8752500000,0.2000000000,0.4500000000,0.3000000000,3.0000000000,1.0000000000,104,110,103,113,100,111
3178,neighbor,False,STEM_STRESS_OR_INTERVAL_BOUND,999999999.0000000000,8773.8752500000,0.2250000000,0.2500000000,0.3000000000,3.0000000000,0.9000000000,101,111,103,111,100,111
3179,neighbor,False,MINIMUM_MAIN_STEEL,999999999.0000000000,8773.8752500000,0.2000000000,0.2500000000,0.3000000000,3.0000000000,0.9000000000,101,113,102,113,100,113
3180,neighbor,False,ENVELOPE_BASE_CONTACT,999999999.0000000000,8773.8752500000,0.2500000000,0.4000000000,0.3000000000,2.5000000000,1.0000000000,103,113,101,113,103,111
3181,neighbor,False,MAXIMUM_MAIN_STEEL,999999999.0000000000,8773.8752500000,0.2000000000,0.3000000000,0.5500000000,3.0000000000,1.0000000000,104,111,103,111,102,111
3182,neighbor,False,MINIMUM_MAIN_STEEL,999999999.0000000000,8773.8752500000,0.2000000000,0.2500000000,0.5000000000,2.5000000000,1.0000000000,102,113,100,113,102,113
3183,neighbor,False,STEM_STRESS_OR_INTERVAL_BOUND,999999999.0000000000,8773.8752500000,0.2000000000,0.3500000000,0.4500000000,3.0000000000,1.0000000000,101,111,102,112,102,110
3184,neighbor,False,MINIMUM_MAIN_STEEL,999999999.0000000000,8773.8752500000,0.2250000000,0.3500000000,0.5500000000,3.5000000000,0.8000000000,102,113,103,113,100,112
3185,neighbor,False,STEM_STRESS_OR_INTERVAL_BOUND,999999999.0000000000,8773.8752500000,0.2000000000,0.2500000000,0.3000000000,3.0000000000,1.0000000000,103,113,100,110,103,110
3186,neighbor,False,MINIMUM_MAIN_STEEL,999999999.0000000000,8773.8752500000,0.2500000000,0.3000000000,0.5000000000,3.5000000000,1.0000000000,104,110,100,111,101,112
3187,neighbor,False,ENVELOPE_BASE_CONTACT,999999999.0000000000,8773.8752500000,0.2000000000,0.4500000000,0.3000000000,2.5000000000,0.8000000000,104,113,104,110,104,110
3188,neighbor,False,ENVELOPE_BASE_CONTACT,999999999.0000000000,8773.8752500000,0.2000000000,0.4000000000,0.3000000000,2.5000000000,1.0000000000,101,111,103,110,100,110
3189,neighbor,False,STEM_STRESS_OR_INTERVAL_BOUND,999999999.0000000000,8773.8752500000,0.2000000000,0.2500000000,0.5500000000,3.5000000000,1.0000000000,102,113,104,113,102,112
3190,neighbor,False,MINIMUM_MAIN_STEEL,999999999.0000000000,8773.8752500000,0.2000000000,0.4000000000,0.3000000000,3.5000000000,0.8000000000,103,113,100,112,104,111
3191,neighbor,False,MINIMUM_MAIN_STEEL,999999999.0000000000,8773.8752500000,0.2000000000,0.3000000000,0.5500000000,3.0000000000,1.0000000000,102,110,100,113,100,110
3192,neighbor,False,ENVELOPE_BASE_CONTACT,999999999.0000000000,8773.8752500000,0.2000000000,0.2500000000,0.4000000000,2.5000000000,0.9000000000,104,112,103,111,102,112
3193,neighbor,False,MINIMUM_MAIN_STEEL,999999999.0000000000,8773.8752500000,0.2000000000,0.3500000000,0.3000000000,2.5000000000,1.0000000000,103,113,103,110,100,112
3194,neighbor,False,MAXIMUM_MAIN_STEEL,999999999.0000000000,8773.8752500000,0.2000000000,0.3000000000,0.4500000000,3.5000000000,1.0000000000,103,111,103,111,104,110
3195,neighbor,False,STEM_STRESS_OR_INTERVAL_BOUND,999999999.0000000000,8773.8752500000,0.2000000000,0.2500000000,0.3000000000,3.5000000000,1.0000000000,103,113,102,112,104,112
3196,neighbor,False,MINIMUM_MAIN_STEEL,999999999.0000000000,8773.8752500000,0.2000000000,0.3500000000,0.3500000000,2.5000000000,1.0000000000,101,113,104,113,104,112
3197,neighbor,False,MINIMUM_MAIN_STEEL,999999999.0000000000,8773.8752500000,0.2000000000,0.4500000000,0.5000000000,3.5000000000,1.0000000000,101,113,100,111,100,111
3198,neighbor,False,MINIMUM_MAIN_STEEL,999999999.0000000000,8773.8752500000,0.2000000000,0.3500000000,0.3000000000,3.5000000000,1.0000000000,102,113,100,113,103,110
3199,neighbor,False,MAXIMUM_MAIN_STEEL,999999999.0000000000,8773.8752500000,0.2250000000,0.4500000000,0.3000000000,3.5000000000,1.0000000000,104,111,101,110,101,112
3200,neighbor,False,STEM_STRESS_OR_INTERVAL_BOUND,999999999.0000000000,8773.8752500000,0.2000000000,0.4000000000,0.5000000000,3.5000000000,0.8000000000,102,112,100,110,100,110
3201,neighbor,False,MAXIMUM_MAIN_STEEL,999999999.0000000000,8773.8752500000,0.2000000000,0.3500000000,0.3500000000,3.0000000000,1.0000000000,104,112,103,113,103,112
3202,neighbor,False,STEM_STRESS_OR_INTERVAL_BOUND,999999999.0000000000,8773.8752500000,0.2000000000,0.4000000000,0.3000000000,3.5000000000,1.0000000000,102,113,103,113,102,112
3203,neighbor,False,MEMBER_FLEXURE,999999999.0000000000,8773.8752500000,0.2000000000,0.4000000000,0.3000000000,3.0000000000,0.8000000000,104,113,101,113,101,111
3204,neighbor,False,MINIMUM_MAIN_STEEL,999999999.0000000000,8773.8752500000,0.2000000000,0.4000000000,0.5500000000,3.5000000000,1.0000000000,101,113,104,113,100,110
3205,neighbor,False,ENVELOPE_BASE_CONTACT,999999999.0000000000,8773.8752500000,0.2500000000,0.4000000000,0.3000000000,2.5000000000,0.9000000000,104,113,103,113,102,113
3206,neighbor,False,STEM_STRESS_OR_INTERVAL_BOUND,999999999.0000000000,8773.8752500000,0.2500000000,0.3000000000,0.3000000000,3.5000000000,0.8000000000,101,111,100,111,101,110
3207,neighbor,False,MAXIMUM_MAIN_STEEL,999999999.0000000000,8773.8752500000,0.2000000000,0.3500000000,0.5000000000,3.5000000000,1.0000000000,103,111,102,111,100,110
3208,neighbor,True,PASS_IMPLEMENTED_PROJECT_CHECKS,9766.6677800000,8773.8752500000,0.2000000000,0.4500000000,0.3000000000,3.5000000000,1.0000000000,101,110,104,112,103,113
3209,neighbor,False,MAXIMUM_MAIN_STEEL,999999999.0000000000,8773.8752500000,0.2000000000,0.3000000000,0.3000000000,3.0000000000,1.0000000000,103,110,103,113,104,113
3210,neighbor,False,MEMBER_FLEXURE,999999999.0000000000,8773.8752500000,0.2000000000,0.3500000000,0.3000000000,3.5000000000,0.9000000000,103,112,102,113,101,110
3211,neighbor,False,MINIMUM_MAIN_STEEL,999999999.0000000000,8773.8752500000,0.2000000000,0.3000000000,0.4500000000,3.0000000000,1.0000000000,104,113,100,113,104,110
3212,neighbor,False,STEM_STRESS_OR_INTERVAL_BOUND,999999999.0000000000,8773.8752500000,0.2000000000,0.2500000000,0.3000000000,3.0000000000,0.8000000000,103,111,104,111,103,110
3213,neighbor,False,MINIMUM_MAIN_STEEL,999999999.0000000000,8773.8752500000,0.2000000000,0.3000000000,0.4000000000,2.5000000000,1.0000000000,104,110,100,113,102,111
3214,neighbor,False,STEM_STRESS_OR_INTERVAL_BOUND,999999999.0000000000,8773.8752500000,0.2250000000,0.3500000000,0.3000000000,3.0000000000,1.0000000000,103,113,103,113,104,113
3215,neighbor,False,ENVELOPE_BASE_CONTACT,999999999.0000000000,8773.8752500000,0.2500000000,0.2500000000,0.3000000000,2.5000000000,1.0000000000,104,113,103,110,103,112
3216,neighbor,False,MINIMUM_MAIN_STEEL,999999999.0000000000,8773.8752500000,0.2000000000,0.2500000000,0.5500000000,2.5000000000,1.0000000000,101,113,101,112,103,112
3217,neighbor,False,MINIMUM_MAIN_STEEL,999999999.0000000000,8773.8752500000,0.2000000000,0.3500000000,0.3000000000,3.5000000000,1.0000000000,101,113,101,113,100,113
3218,neighbor,False,STEM_STRESS_OR_INTERVAL_BOUND,999999999.0000000000,8773.8752500000,0.2000000000,0.3000000000,0.5000000000,3.0000000000,1.0000000000,104,113,102,110,104,110
3219,neighbor,False,ENVELOPE_BASE_CONTACT,999999999.0000000000,8773.8752500000,0.2500000000,0.3500000000,0.4000000000,2.5000000000,1.0000000000,104,113,103,112,103,110
3220,neighbor,False,ENVELOPE_BASE_CONTACT,999999999.0000000000,8773.8752500000,0.2000000000,0.3500000000,0.3000000000,2.5000000000,1.0000000000,102,111,100,110,100,110
3221,neighbor,False,STEM_STRESS_OR_INTERVAL_BOUND,999999999.0000000000,8773.8752500000,0.2000000000,0.2500000000,0.4000000000,3.0000000000,1.0000000000,104,110,104,113,103,111
3222,neighbor,True,PASS_IMPLEMENTED_PROJECT_CHECKS,10774.4180200000,8773.8752500000,0.2000000000,0.4500000000,0.3500000000,3.5000000000,0.8000000000,103,112,100,110,103,111
3223,neighbor,False,ENVELOPE_BASE_CONTACT,999999999.0000000000,8773.8752500000,0.2000000000,0.3000000000,0.4500000000,2.5000000000,1.0000000000,102,112,102,110,100,110
3224,neighbor,False,ENVELOPE_BASE_CONTACT,999999999.0000000000,8773.8752500000,0.2000000000,0.3500000000,0.3000000000,2.5000000000,0.8000000000,101,112,101,111,101,113
3225,neighbor,False,STEM_STRESS_OR_INTERVAL_BOUND,999999999.0000000000,8773.8752500000,0.2000000000,0.2500000000,0.4500000000,3.0000000000,1.0000000000,102,110,103,110,100,110
3226,neighbor,False,STEM_STRESS_OR_INTERVAL_BOUND,999999999.0000000000,8773.8752500000,0.2000000000,0.3000000000,0.3500000000,3.5000000000,0.9000000000,102,111,101,110,104,112
3227,neighbor,False,MINIMUM_MAIN_STEEL,999999999.0000000000,8773.8752500000,0.2000000000,0.3000000000,0.3500000000,2.5000000000,0.8000000000,101,111,100,113,101,111
3228,neighbor,True,PASS_IMPLEMENTED_PROJECT_CHECKS,9231.6554400000,8773.8752500000,0.2000000000,0.4000000000,0.3000000000,3.0000000000,1.0000000000,101,110,102,110,104,112
3229,neighbor,False,STEM_STRESS_OR_INTERVAL_BOUND,999999999.0000000000,8773.8752500000,0.2250000000,0.3000000000,0.3000000000,3.0000000000,1.0000000000,103,113,100,110,104,110
3230,neighbor,False,MAXIMUM_MAIN_STEEL,999999999.0000000000,8773.8752500000,0.2000000000,0.4500000000,0.3000000000,3.0000000000,1.0000000000,103,110,103,113,104,113
3231,neighbor,False,MINIMUM_MAIN_STEEL,999999999.0000000000,8773.8752500000,0.2000000000,0.3000000000,0.3000000000,2.5000000000,0.9000000000,104,113,102,113,100,112
3232,neighbor,False,MAXIMUM_MAIN_STEEL,999999999.0000000000,8773.8752500000,0.2000000000,0.3000000000,0.4500000000,3.5000000000,1.0000000000,104,112,102,113,104,113
3233,neighbor,False,MAXIMUM_MAIN_STEEL,999999999.0000000000,8773.8752500000,0.2000000000,0.3500000000,0.3000000000,3.5000000000,1.0000000000,104,112,101,113,104,113
3234,neighbor,False,STEM_STRESS_OR_INTERVAL_BOUND,999999999.0000000000,8773.8752500000,0.2250000000,0.2500000000,0.3000000000,3.0000000000,1.0000000000,101,110,100,110,103,113
3235,neighbor,False,MINIMUM_MAIN_STEEL,999999999.0000000000,8773.8752500000,0.2000000000,0.4500000000,0.4000000000,3.5000000000,0.9000000000,102,113,100,111,102,113
3236,neighbor,False,MAXIMUM_MAIN_STEEL,999999999.0000000000,8773.8752500000,0.2000000000,0.4500000000,0.5000000000,3.0000000000,1.0000000000,103,110,104,111,104,111
3237,neighbor,False,MAXIMUM_MAIN_STEEL,999999999.0000000000,8773.8752500000,0.2000000000,0.4000000000,0.3000000000,3.0000000000,0.8000000000,104,111,100,111,103,112
3238,neighbor,False,MINIMUM_MAIN_STEEL,999999999.0000000000,8773.8752500000,0.2500000000,0.2500000000,0.4000000000,3.5000000000,0.8000000000,102,110,100,113,102,113
3239,neighbor,False,MINIMUM_MAIN_STEEL,999999999.0000000000,8773.8752500000,0.2250000000,0.4000000000,0.4500000000,2.5000000000,1.0000000000,101,113,101,113,102,113
3240,neighbor,False,MEMBER_FLEXURE,999999999.0000000000,8773.8752500000,0.2250000000,0.4000000000,0.3000000000,3.5000000000,1.0000000000,103,111,102,111,102,112
3241,neighbor,False,MAXIMUM_MAIN_STEEL,999999999.0000000000,8773.8752500000,0.2000000000,0.4000000000,0.5000000000,3.5000000000,0.9000000000,103,110,101,110,104,112
3242,neighbor,False,MINIMUM_MAIN_STEEL,999999999.0000000000,8773.8752500000,0.2000000000,0.3000000000,0.5000000000,3.5000000000,0.8000000000,104,112,100,112,103,113
3243,neighbor,False,MINIMUM_MAIN_STEEL,999999999.0000000000,8773.8752500000,0.2000000000,0.3000000000,0.3000000000,3.5000000000,1.0000000000,104,111,104,111,100,112
3244,neighbor,False,MINIMUM_MAIN_STEEL,999999999.0000000000,8773.8752500000,0.2000000000,0.3000000000,0.3000000000,2.5000000000,1.0000000000,101,113,103,113,100,112
3245,neighbor,False,STEM_STRESS_OR_INTERVAL_BOUND,999999999.0000000000,8773.8752500000,0.2000000000,0.2500000000,0.3000000000,3.5000000000,1.0000000000,101,112,101,113,103,112
3246,neighbor,False,MAXIMUM_MAIN_STEEL,999999999.0000000000,8773.8752500000,0.2000000000,0.4500000000,0.3000000000,3.5000000000,0.8000000000,104,110,103,113,102,110
3247,neighbor,False,MEMBER_FLEXURE,999999999.0000000000,8773.8752500000,0.2500000000,0.4500000000,0.3000000000,3.5000000000,0.9000000000,104,112,102,111,100,110
3248,neighbor,False,MEMBER_FLEXURE,999999999.0000000000,8773.8752500000,0.2500000000,0.4000000000,0.3000000000,3.5000000000,1.0000000000,104,112,101,113,103,113
3249,neighbor,False,MINIMUM_MAIN_STEEL,999999999.0000000000,8773.8752500000,0.2500000000,0.4000000000,0.3000000000,3.5000000000,0.9000000000,102,113,100,113,103,113
3250,neighbor,False,ENVELOPE_BASE_CONTACT,999999999.0000000000,8773.8752500000,0.2000000000,0.3500000000,0.3000000000,2.5000000000,1.0000000000,103,110,101,113,100,110
3251,neighbor,False,MINIMUM_MAIN_STEEL,999999999.0000000000,8773.8752500000,0.2000000000,0.3000000000,0.4000000000,3.5000000000,1.0000000000,104,110,101,111,100,112
3252,neighbor,False,STEM_STRESS_OR_INTERVAL_BOUND,999999999.0000000000,8773.8752500000,0.2000000000,0.2500000000,0.3000000000,3.5000000000,1.0000000000,104,110,101,113,101,112
3253,neighbor,False,MINIMUM_MAIN_STEEL,999999999.0000000000,8773.8752500000,0.2250000000,0.3500000000,0.3000000000,3.5000000000,1.0000000000,101,113,103,110,104,110
3254,neighbor,False,MAXIMUM_MAIN_STEEL,999999999.0000000000,8773.8752500000,0.2250000000,0.3000000000,0.3000000000,3.5000000000,0.9000000000,104,110,104,113,104,113
3255,neighbor,True,PASS_IMPLEMENTED_PROJECT_CHECKS,9545.6852820000,8773.8752500000,0.2250000000,0.4500000000,0.3000000000,3.5000000000,0.8000000000,103,113,101,113,101,110
3256,neighbor,False,MAXIMUM_MAIN_STEEL,999999999.0000000000,8773.8752500000,0.2500000000,0.4500000000,0.3000000000,3.5000000000,0.8000000000,104,110,104,113,102,112
3257,neighbor,False,MINIMUM_MAIN_STEEL,999999999.0000000000,8773.8752500000,0.2000000000,0.4500000000,0.3000000000,3.0000000000,1.0000000000,101,112,100,111,100,110
3258,neighbor,False,MAXIMUM_MAIN_STEEL,999999999.0000000000,8773.8752500000,0.2500000000,0.4500000000,0.3000000000,3.0000000000,1.0000000000,104,111,101,113,104,110
3259,neighbor,False,MINIMUM_MAIN_STEEL,999999999.0000000000,8773.8752500000,0.2500000000,0.3000000000,0.4500000000,3.5000000000,0.8000000000,102,110,100,113,103,110
3260,neighbor,False,MINIMUM_MAIN_STEEL,999999999.0000000000,8773.8752500000,0.2500000000,0.4500000000,0.3000000000,2.5000000000,0.9000000000,104,110,100,113,102,111
3261,neighbor,False,STEM_STRESS_OR_INTERVAL_BOUND,999999999.0000000000,8773.8752500000,0.2000000000,0.2500000000,0.3000000000,3.0000000000,0.9000000000,103,111,100,110,104,111
3262,neighbor,False,ENVELOPE_BASE_CONTACT,999999999.0000000000,8773.8752500000,0.2250000000,0.4000000000,0.3500000000,2.5000000000,1.0000000000,104,110,101,110,103,110
3263,neighbor,False,MAXIMUM_MAIN_STEEL,999999999.0000000000,8773.8752500000,0.2000000000,0.4000000000,0.3000000000,3.5000000000,0.9000000000,104,110,104,110,101,110
3264,neighbor,False,MAXIMUM_MAIN_STEEL,999999999.0000000000,8773.8752500000,0.2000000000,0.3000000000,0.3000000000,3.5000000000,1.0000000000,104,111,102,112,104,110
3265,neighbor,False,MINIMUM_MAIN_STEEL,999999999.0000000000,8773.8752500000,0.2000000000,0.2500000000,0.3000000000,2.5000000000,0.8000000000,101,112,102,111,100,113
3266,neighbor,False,STEM_STRESS_OR_INTERVAL_BOUND,999999999.0000000000,8773.8752500000,0.2000000000,0.2500000000,0.3000000000,3.5000000000,0.8000000000,102,111,101,113,100,111
3267,neighbor,False,STEM_STRESS_OR_INTERVAL_BOUND,999999999.0000000000,8773.8752500000,0.2250000000,0.2500000000,0.4500000000,3.5000000000,0.9000000000,104,112,103,113,103,112
3268,neighbor,False,STEM_STRESS_OR_INTERVAL_BOUND,999999999.0000000000,8773.8752500000,0.2000000000,0.3000000000,0.3000000000,3.5000000000,1.0000000000,102,113,101,112,103,113
3269,neighbor,False,ENVELOPE_BASE_CONTACT,999999999.0000000000,8773.8752500000,0.2000000000,0.3000000000,0.3000000000,2.5000000000,1.0000000000,104,111,104,110,102,113
3270,neighbor,True,PASS_IMPLEMENTED_PROJECT_CHECKS,12799.7564450000,8773.8752500000,0.2250000000,0.4500000000,0.4500000000,3.5000000000,1.0000000000,104,112,101,111,103,110
3271,neighbor,False,MINIMUM_MAIN_STEEL,999999999.0000000000,8773.8752500000,0.2000000000,0.4000000000,0.3000000000,2.5000000000,1.0000000000,101,112,101,112,100,111
3272,neighbor,False,ENVELOPE_BASE_CONTACT,999999999.0000000000,8773.8752500000,0.2250000000,0.3000000000,0.3500000000,2.5000000000,0.9000000000,103,113,103,113,102,110
3273,neighbor,False,STEM_STRESS_OR_INTERVAL_BOUND,999999999.0000000000,8773.8752500000,0.2000000000,0.3000000000,0.3000000000,3.0000000000,0.9000000000,103,113,104,111,102,110
3274,neighbor,False,STEM_STRESS_OR_INTERVAL_BOUND,999999999.0000000000,8773.8752500000,0.2250000000,0.2500000000,0.4500000000,3.0000000000,1.0000000000,101,113,102,110,101,111
3275,neighbor,False,ENVELOPE_BASE_CONTACT,999999999.0000000000,8773.8752500000,0.2000000000,0.4000000000,0.4500000000,2.5000000000,1.0000000000,104,112,102,113,102,112
3276,neighbor,False,MINIMUM_MAIN_STEEL,999999999.0000000000,8773.8752500000,0.2500000000,0.2500000000,0.3000000000,3.5000000000,1.0000000000,104,110,100,112,101,110
3277,neighbor,False,MINIMUM_MAIN_STEEL,999999999.0000000000,8773.8752500000,0.2250000000,0.4500000000,0.3000000000,3.5000000000,1.0000000000,101,110,103,113,100,113
3278,neighbor,False,STEM_STRESS_OR_INTERVAL_BOUND,999999999.0000000000,8773.8752500000,0.2500000000,0.3000000000,0.4500000000,3.5000000000,0.9000000000,102,112,104,110,104,113
3279,neighbor,False,ENVELOPE_BASE_CONTACT,999999999.0000000000,8773.8752500000,0.2000000000,0.3500000000,0.3000000000,2.5000000000,1.0000000000,103,112,100,110,101,113
3280,neighbor,False,MAXIMUM_MAIN_STEEL,999999999.0000000000,8773.8752500000,0.2000000000,0.4000000000,0.5500000000,3.5000000000,0.8000000000,102,110,100,110,102,113
3281,neighbor,False,ENVELOPE_BASE_CONTACT,999999999.0000000000,8773.8752500000,0.2250000000,0.3000000000,0.3500000000,2.5000000000,1.0000000000,104,111,103,110,102,111
3282,neighbor,False,STEM_STRESS_OR_INTERVAL_BOUND,999999999.0000000000,8773.8752500000,0.2250000000,0.3000000000,0.3000000000,3.5000000000,1.0000000000,103,113,100,111,102,111
3283,neighbor,False,STEM_STRESS_OR_INTERVAL_BOUND,999999999.0000000000,8773.8752500000,0.2000000000,0.2500000000,0.4000000000,3.5000000000,1.0000000000,104,111,101,110,102,111
3284,neighbor,False,MAXIMUM_MAIN_STEEL,999999999.0000000000,8773.8752500000,0.2000000000,0.3500000000,0.3000000000,3.0000000000,1.0000000000,103,111,100,111,101,110
3285,neighbor,False,MAXIMUM_MAIN_STEEL,999999999.0000000000,8773.8752500000,0.2000000000,0.3500000000,0.5000000000,3.5000000000,1.0000000000,104,112,101,111,100,110
3286,neighbor,False,MINIMUM_MAIN_STEEL,999999999.0000000000,8773.8752500000,0.2250000000,0.2500000000,0.3000000000,3.0000000000,1.0000000000,101,110,101,110,100,112
3287,neighbor,False,STEM_STRESS_OR_INTERVAL_BOUND,999999999.0000000000,8773.8752500000,0.2500000000,0.2500000000,0.5500000000,3.0000000000,1.0000000000,102,110,103,113,103,113
3288,neighbor,True,PASS_IMPLEMENTED_PROJECT_CHECKS,11825.3202500000,8773.8752500000,0.2500000000,0.4500000000,0.5000000000,3.0000000000,1.0000000000,103,112,102,111,103,110
3289,neighbor,False,MINIMUM_MAIN_STEEL,999999999.0000000000,8773.8752500000,0.2250000000,0.3000000000,0.4500000000,2.5000000000,1.0000000000,104,111,100,111,101,113
3290,neighbor,False,ENVELOPE_BASE_CONTACT,999999999.0000000000,8773.8752500000,0.2500000000,0.3000000000,0.4500000000,2.5000000000,1.0000000000,101,112,104,112,100,110
3291,neighbor,False,STEM_STRESS_OR_INTERVAL_BOUND,999999999.0000000000,8773.8752500000,0.2500000000,0.3000000000,0.3500000000,3.0000000000,0.9000000000,101,110,101,113,101,110
3292,neighbor,False,MINIMUM_MAIN_STEEL,999999999.0000000000,8773.8752500000,0.2500000000,0.4500000000,0.3000000000,3.0000000000,1.0000000000,103,112,100,112,104,112
3293,neighbor,False,ENVELOPE_BASE_CONTACT,999999999.0000000000,8773.8752500000,0.2250000000,0.3000000000,0.5500000000,2.5000000000,0.8000000000,102,112,104,113,103,110
3294,neighbor,False,ENVELOPE_BASE_CONTACT,999999999.0000000000,8773.8752500000,0.2500000000,0.3500000000,0.4500000000,2.5000000000,1.0000000000,101,111,101,110,103,113
3295,neighbor,False,STEM_STRESS_OR_INTERVAL_BOUND,999999999.0000000000,8773.8752500000,0.2500000000,0.3000000000,0.3000000000,3.5000000000,0.9000000000,104,112,104,111,100,111
3296,neighbor,False,MAXIMUM_MAIN_STEEL,999999999.0000000000,8773.8752500000,0.2000000000,0.4500000000,0.3000000000,3.0000000000,0.8000000000,104,110,101,113,104,110
3297,neighbor,True,PASS_IMPLEMENTED_PROJECT_CHECKS,9507.8981880000,8773.8752500000,0.2000000000,0.4500000000,0.3000000000,3.0000000000,0.8000000000,102,111,104,113,102,110
3298,neighbor,False,MINIMUM_MAIN_STEEL,999999999.0000000000,8773.8752500000,0.2500000000,0.2500000000,0.5500000000,3.0000000000,0.8000000000,104,112,101,113,101,110
3299,neighbor,False,ENVELOPE_BASE_CONTACT,999999999.0000000000,8773.8752500000,0.2000000000,0.3000000000,0.3000000000,2.5000000000,1.0000000000,102,111,101,111,104,111
3300,neighbor,False,ENVELOPE_BASE_CONTACT,999999999.0000000000,8773.8752500000,0.2000000000,0.2500000000,0.3500000000,2.5000000000,1.0000000000,102,113,102,113,104,111
3301,neighbor,False,STEM_STRESS_OR_INTERVAL_BOUND,999999999.0000000000,8773.8752500000,0.2000000000,0.4000000000,0.3000000000,3.0000000000,0.9000000000,101,111,104,110,102,113
3302,neighbor,False,STEM_STRESS_OR_INTERVAL_BOUND,999999999.0000000000,8773.8752500000,0.2000000000,0.3500000000,0.3500000000,3.0000000000,0.8000000000,102,111,102,113,104,113
3303,neighbor,False,MINIMUM_MAIN_STEEL,999999999.0000000000,8773.8752500000,0.2000000000,0.4000000000,0.5500000000,3.0000000000,0.9000000000,101,113,100,112,104,110
3304,neighbor,False,MEMBER_FLEXURE,999999999.0000000000,8773.8752500000,0.2000000000,0.3500000000,0.3000000000,3.5000000000,0.9000000000,103,112,102,113,103,113
3305,neighbor,False,MINIMUM_MAIN_STEEL,999999999.0000000000,8773.8752500000,0.2000000000,0.4000000000,0.4000000000,3.5000000000,1.0000000000,104,113,100,113,103,112
3306,neighbor,False,STEM_STRESS_OR_INTERVAL_BOUND,999999999.0000000000,8773.8752500000,0.2000000000,0.2500000000,0.3500000000,3.0000000000,1.0000000000,103,110,102,113,104,113
3307,neighbor,False,ENVELOPE_BASE_CONTACT,999999999.0000000000,8773.8752500000,0.2000000000,0.3000000000,0.3500000000,2.5000000000,1.0000000000,104,113,103,113,101,110
3308,neighbor,False,MAXIMUM_MAIN_STEEL,999999999.0000000000,8773.8752500000,0.2000000000,0.3000000000,0.4000000000,3.0000000000,1.0000000000,103,111,104,112,101,110
3309,neighbor,False,ENVELOPE_BASE_CONTACT,999999999.0000000000,8773.8752500000,0.2500000000,0.3500000000,0.3000000000,2.5000000000,1.0000000000,101,110,104,112,100,110
3310,neighbor,False,ENVELOPE_BASE_CONTACT,999999999.0000000000,8773.8752500000,0.2500000000,0.3500000000,0.5000000000,2.5000000000,1.0000000000,104,111,101,111,104,112
3311,neighbor,False,ENVELOPE_BASE_CONTACT,999999999.0000000000,8773.8752500000,0.2000000000,0.4500000000,0.5000000000,2.5000000000,1.0000000000,104,113,104,110,103,113
3312,neighbor,False,ENVELOPE_BASE_CONTACT,999999999.0000000000,8773.8752500000,0.2000000000,0.2500000000,0.5000000000,2.5000000000,1.0000000000,103,113,102,112,102,112
3313,neighbor,True,PASS_IMPLEMENTED_PROJECT_CHECKS,10712.8343200000,8773.8752500000,0.2500000000,0.4500000000,0.3000000000,3.5000000000,1.0000000000,104,113,103,113,102,110
3314,neighbor,False,STEM_STRESS_OR_INTERVAL_BOUND,999999999.0000000000,8773.8752500000,0.2000000000,0.2500000000,0.3000000000,3.0000000000,0.9000000000,102,113,104,113,103,110
3315,neighbor,False,ENVELOPE_BASE_CONTACT,999999999.0000000000,8773.8752500000,0.2500000000,0.4500000000,0.3000000000,2.5000000000,1.0000000000,102,112,102,113,101,113
3316,neighbor,False,MAXIMUM_MAIN_STEEL,999999999.0000000000,8773.8752500000,0.2000000000,0.4000000000,0.3000000000,3.0000000000,1.0000000000,104,110,104,113,100,110
3317,neighbor,False,MAXIMUM_MAIN_STEEL,999999999.0000000000,8773.8752500000,0.2000000000,0.3000000000,0.3000000000,3.5000000000,1.0000000000,104,110,103,111,104,110
3318,neighbor,False,MAXIMUM_MAIN_STEEL,999999999.0000000000,8773.8752500000,0.2000000000,0.4500000000,0.3500000000,3.5000000000,0.8000000000,104,111,101,110,103,110
3319,neighbor,False,STEM_STRESS_OR_INTERVAL_BOUND,999999999.0000000000,8773.8752500000,0.2000000000,0.3500000000,0.3500000000,3.0000000000,1.0000000000,101,112,104,111,100,111
3320,neighbor,False,STEM_STRESS_OR_INTERVAL_BOUND,999999999.0000000000,8773.8752500000,0.2000000000,0.2500000000,0.5000000000,3.5000000000,0.9000000000,101,113,102,112,104,110
3321,neighbor,False,ENVELOPE_BASE_CONTACT,999999999.0000000000,8773.8752500000,0.2000000000,0.4500000000,0.5000000000,2.5000000000,1.0000000000,104,113,103,112,104,110
3322,neighbor,False,MINIMUM_MAIN_STEEL,999999999.0000000000,8773.8752500000,0.2000000000,0.3500000000,0.3000000000,3.0000000000,1.0000000000,101,113,103,111,102,110
3323,neighbor,False,ENVELOPE_BASE_CONTACT,999999999.0000000000,8773.8752500000,0.2500000000,0.2500000000,0.3500000000,2.5000000000,1.0000000000,103,112,101,110,103,110
3324,neighbor,False,STEM_STRESS_OR_INTERVAL_BOUND,999999999.0000000000,8773.8752500000,0.2250000000,0.3000000000,0.3000000000,3.5000000000,1.0000000000,103,112,100,110,103,111
3325,neighbor,False,ENVELOPE_BASE_CONTACT,999999999.0000000000,8773.8752500000,0.2000000000,0.2500000000,0.3000000000,2.5000000000,1.0000000000,102,113,103,113,101,110
3326,neighbor,False,MINIMUM_MAIN_STEEL,999999999.0000000000,8773.8752500000,0.2500000000,0.4000000000,0.3000000000,3.5000000000,1.0000000000,101,113,101,110,102,112
3327,neighbor,False,MINIMUM_MAIN_STEEL,999999999.0000000000,8773.8752500000,0.2250000000,0.4000000000,0.4500000000,3.5000000000,1.0000000000,104,113,101,113,101,113
3328,neighbor,True,PASS_IMPLEMENTED_PROJECT_CHECKS,10940.0396440000,8773.8752500000,0.2250000000,0.3500000000,0.5000000000,3.5000000000,1.0000000000,104,113,103,112,102,113
3329,neighbor,False,STEM_STRESS_OR_INTERVAL_BOUND,999999999.0000000000,8773.8752500000,0.2000000000,0.3000000000,0.5000000000,3.5000000000,0.9000000000,103,112,104,113,103,110
3330,neighbor,True,PASS_IMPLEMENTED_PROJECT_CHECKS,10309.1216720000,8773.8752500000,0.2000000000,0.4000000000,0.4000000000,3.0000000000,1.0000000000,104,113,103,111,104,112
3331,neighbor,False,MINIMUM_MAIN_STEEL,999999999.0000000000,8773.8752500000,0.2000000000,0.3000000000,0.4000000000,2.5000000000,0.8000000000,102,110,100,112,100,112
3332,neighbor,False,STEM_STRESS_OR_INTERVAL_BOUND,999999999.0000000000,8773.8752500000,0.2500000000,0.4000000000,0.3000000000,3.0000000000,0.8000000000,103,113,104,110,103,110
3333,neighbor,False,MINIMUM_MAIN_STEEL,999999999.0000000000,8773.8752500000,0.2000000000,0.3500000000,0.5000000000,3.0000000000,1.0000000000,103,112,101,113,102,110
3334,neighbor,False,STEM_STRESS_OR_INTERVAL_BOUND,999999999.0000000000,8773.8752500000,0.2500000000,0.3000000000,0.3000000000,3.0000000000,1.0000000000,102,111,102,110,101,113
3335,neighbor,False,STEM_STRESS_OR_INTERVAL_BOUND,999999999.0000000000,8773.8752500000,0.2000000000,0.2500000000,0.3000000000,3.5000000000,1.0000000000,102,113,104,111,103,112
3336,neighbor,False,ENVELOPE_BASE_CONTACT,999999999.0000000000,8773.8752500000,0.2000000000,0.4000000000,0.4500000000,2.5000000000,0.9000000000,104,112,104,113,103,110
3337,neighbor,False,MINIMUM_MAIN_STEEL,999999999.0000000000,8773.8752500000,0.2250000000,0.4500000000,0.3000000000,3.5000000000,1.0000000000,103,112,102,113,100,112
3338,neighbor,False,STEM_STRESS_OR_INTERVAL_BOUND,999999999.0000000000,8773.8752500000,0.2000000000,0.2500000000,0.3000000000,3.0000000000,1.0000000000,104,113,101,111,104,112
3339,neighbor,False,MINIMUM_MAIN_STEEL,999999999.0000000000,8773.8752500000,0.2250000000,0.2500000000,0.3000000000,3.0000000000,1.0000000000,102,110,100,113,100,110
3340,neighbor,False,ENVELOPE_BASE_CONTACT,999999999.0000000000,8773.8752500000,0.2250000000,0.4000000000,0.3000000000,2.5000000000,1.0000000000,102,113,102,110,104,113
3341,neighbor,False,MINIMUM_MAIN_STEEL,999999999.0000000000,8773.8752500000,0.2000000000,0.3500000000,0.3000000000,2.5000000000,1.0000000000,101,113,104,113,104,112
3342,neighbor,True,PASS_IMPLEMENTED_PROJECT_CHECKS,12088.8521340000,8773.8752500000,0.2250000000,0.4500000000,0.5000000000,3.0000000000,0.9000000000,104,113,103,113,104,110
3343,neighbor,False,MAXIMUM_MAIN_STEEL,999999999.0000000000,8773.8752500000,0.2000000000,0.4000000000,0.3000000000,3.0000000000,1.0000000000,104,112,104,111,104,110
3344,neighbor,False,STEM_STRESS_OR_INTERVAL_BOUND,999999999.0000000000,8773.8752500000,0.2000000000,0.3500000000,0.3000000000,3.0000000000,0.9000000000,103,113,104,113,104,110
3345,neighbor,False,ENVELOPE_BASE_CONTACT,999999999.0000000000,8773.8752500000,0.2500000000,0.4500000000,0.3000000000,2.5000000000,1.0000000000,103,113,102,112,101,110
3346,neighbor,False,MAXIMUM_MAIN_STEEL,999999999.0000000000,8773.8752500000,0.2000000000,0.3000000000,0.5500000000,3.0000000000,0.8000000000,103,111,100,110,102,110
3347,neighbor,False,STEM_STRESS_OR_INTERVAL_BOUND,999999999.0000000000,8773.8752500000,0.2250000000,0.3000000000,0.3000000000,3.0000000000,1.0000000000,103,113,102,110,101,111
3348,neighbor,False,ENVELOPE_BASE_CONTACT,999999999.0000000000,8773.8752500000,0.2000000000,0.3500000000,0.4000000000,2.5000000000,0.8000000000,104,110,102,113,102,110
3349,neighbor,False,STEM_STRESS_OR_INTERVAL_BOUND,999999999.0000000000,8773.8752500000,0.2250000000,0.4000000000,0.5000000000,3.5000000000,1.0000000000,101,111,104,111,100,110
3350,neighbor,True,PASS_IMPLEMENTED_PROJECT_CHECKS,10100.6545700000,8773.8752500000,0.2250000000,0.4500000000,0.3000000000,3.5000000000,1.0000000000,104,113,102,112,102,111
3351,neighbor,False,MAXIMUM_MAIN_STEEL,999999999.0000000000,8773.8752500000,0.2250000000,0.3500000000,0.3000000000,3.0000000000,1.0000000000,104,110,104,113,102,110
3352,neighbor,False,MAXIMUM_MAIN_STEEL,999999999.0000000000,8773.8752500000,0.2000000000,0.3500000000,0.5500000000,3.0000000000,1.0000000000,103,111,102,110,104,110
3353,neighbor,False,MAXIMUM_MAIN_STEEL,999999999.0000000000,8773.8752500000,0.2000000000,0.3000000000,0.5500000000,3.5000000000,1.0000000000,104,112,104,112,104,111
3354,neighbor,False,STEM_STRESS_OR_INTERVAL_BOUND,999999999.0000000000,8773.8752500000,0.2500000000,0.2500000000,0.3000000000,3.5000000000,1.0000000000,102,110,104,113,101,113
3355,neighbor,False,MINIMUM_MAIN_STEEL,999999999.0000000000,8773.8752500000,0.2000000000,0.3500000000,0.3000000000,3.5000000000,0.9000000000,104,112,100,113,101,113
3356,neighbor,False,ENVELOPE_BASE_CONTACT,999999999.0000000000,8773.8752500000,0.2000000000,0.2500000000,0.4500000000,2.5000000000,0.8000000000,104,113,104,113,104,112
3357,neighbor,False,STEM_STRESS_OR_INTERVAL_BOUND,999999999.0000000000,8773.8752500000,0.2000000000,0.4000000000,0.3000000000,3.0000000000,0.8000000000,103,113,101,112,101,110
3358,neighbor,False,MAXIMUM_MAIN_STEEL,999999999.0000000000,8773.8752500000,0.2000000000,0.4500000000,0.3000000000,3.5000000000,1.0000000000,104,110,101,113,103,111
3359,neighbor,False,MINIMUM_MAIN_STEEL,999999999.0000000000,8773.8752500000,0.2500000000,0.4500000000,0.3000000000,3.5000000000,0.8000000000,101,113,104,113,100,110
3360,neighbor,False,STEM_STRESS_OR_INTERVAL_BOUND,999999999.0000000000,8773.8752500000,0.2000000000,0.2500000000,0.3000000000,3.5000000000,0.8000000000,102,113,101,113,104,113
3361,neighbor,False,ENVELOPE_BASE_CONTACT,999999999.0000000000,8773.8752500000,0.2250000000,0.2500000000,0.5000000000,2.5000000000,0.8000000000,104,111,103,113,102,110
3362,neighbor,False,STEM_STRESS_OR_INTERVAL_BOUND,999999999.0000000000,8773.8752500000,0.2500000000,0.3000000000,0.3000000000,3.0000000000,1.0000000000,104,113,103,113,102,112
3363,neighbor,False,STEM_STRESS_OR_INTERVAL_BOUND,999999999.0000000000,8773.8752500000,0.2500000000,0.2500000000,0.3500000000,3.0000000000,0.9000000000,104,110,102,113,100,110
3364,neighbor,False,ENVELOPE_BASE_CONTACT,999999999.0000000000,8773.8752500000,0.2000000000,0.4500000000,0.4000000000,2.5000000000,1.0000000000,104,110,101,113,102,110
3365,neighbor,False,STEM_STRESS_OR_INTERVAL_BOUND,999999999.0000000000,8773.8752500000,0.2000000000,0.3000000000,0.3500000000,3.0000000000,0.8000000000,101,112,103,113,101,111
3366,neighbor,False,MAXIMUM_MAIN_STEEL,999999999.0000000000,8773.8752500000,0.2500000000,0.4000000000,0.3500000000,3.0000000000,1.0000000000,104,110,101,112,102,110
3367,neighbor,False,ENVELOPE_BASE_CONTACT,999999999.0000000000,8773.8752500000,0.2250000000,0.4500000000,0.3000000000,2.5000000000,0.9000000000,103,113,102,110,102,110
3368,neighbor,False,MINIMUM_MAIN_STEEL,999999999.0000000000,8773.8752500000,0.2000000000,0.4500000000,0.3000000000,2.5000000000,0.9000000000,104,112,100,112,102,110
3369,neighbor,False,STEM_STRESS_OR_INTERVAL_BOUND,999999999.0000000000,8773.8752500000,0.2250000000,0.4500000000,0.3000000000,3.5000000000,1.0000000000,101,111,101,111,102,110
3370,neighbor,False,MINIMUM_MAIN_STEEL,999999999.0000000000,8773.8752500000,0.2000000000,0.3000000000,0.3000000000,3.0000000000,1.0000000000,104,112,100,113,101,111
3371,neighbor,False,MINIMUM_MAIN_STEEL,999999999.0000000000,8773.8752500000,0.2000000000,0.4500000000,0.5000000000,3.5000000000,0.9000000000,103,111,103,112,101,113
3372,neighbor,False,ENVELOPE_BASE_CONTACT,999999999.0000000000,8773.8752500000,0.2000000000,0.3500000000,0.3500000000,2.5000000000,0.9000000000,104,112,103,112,101,112
3373,neighbor,False,ENVELOPE_BASE_CONTACT,999999999.0000000000,8773.8752500000,0.2000000000,0.4000000000,0.3000000000,2.5000000000,1.0000000000,104,113,104,113,103,110
3374,neighbor,False,MAXIMUM_MAIN_STEEL,999999999.0000000000,8773.8752500000,0.2250000000,0.4500000000,0.3000000000,3.5000000000,1.0000000000,104,111,104,112,103,110
3375,neighbor,False,STEM_STRESS_OR_INTERVAL_BOUND,999999999.0000000000,8773.8752500000,0.2250000000,0.2500000000,0.3000000000,3.0000000000,1.0000000000,103,112,101,112,104,110
3376,neighbor,False,MAXIMUM_MAIN_STEEL,999999999.0000000000,8773.8752500000,0.2500000000,0.4000000000,0.3000000000,3.5000000000,0.8000000000,104,110,101,110,101,113
3377,neighbor,False,ENVELOPE_BASE_CONTACT,999999999.0000000000,8773.8752500000,0.2000000000,0.3000000000,0.3000000000,2.5000000000,1.0000000000,104,113,102,112,104,112
3378,neighbor,False,ENVELOPE_BASE_CONTACT,999999999.0000000000,8773.8752500000,0.2000000000,0.4000000000,0.3000000000,2.5000000000,1.0000000000,104,113,100,111,100,110
3379,neighbor,True,PASS_IMPLEMENTED_PROJECT_CHECKS,11200.0974800000,8773.8752500000,0.2500000000,0.3500000000,0.3000000000,3.5000000000,0.8000000000,103,111,104,111,102,110
3380,neighbor,False,ENVELOPE_BASE_CONTACT,999999999.0000000000,8773.8752500000,0.2250000000,0.3500000000,0.3000000000,2.5000000000,1.0000000000,103,113,100,111,102,110
3381,neighbor,False,STEM_STRESS_OR_INTERVAL_BOUND,999999999.0000000000,8773.8752500000,0.2250000000,0.2500000000,0.5500000000,3.5000000000,1.0000000000,103,111,104,112,101,110
3382,neighbor,False,ENVELOPE_BASE_CONTACT,999999999.0000000000,8773.8752500000,0.2500000000,0.2500000000,0.3000000000,2.5000000000,1.0000000000,103,113,103,113,104,113
3383,neighbor,False,MINIMUM_MAIN_STEEL,999999999.0000000000,8773.8752500000,0.2000000000,0.3000000000,0.3000000000,3.0000000000,1.0000000000,102,113,100,112,100,110
3384,neighbor,True,PASS_IMPLEMENTED_PROJECT_CHECKS,10766.6664400000,8773.8752500000,0.2000000000,0.4000000000,0.3500000000,3.5000000000,0.9000000000,103,113,104,110,102,110
3385,neighbor,False,STEM_STRESS_OR_INTERVAL_BOUND,999999999.0000000000,8773.8752500000,0.2500000000,0.2500000000,0.3000000000,3.0000000000,1.0000000000,104,112,102,110,104,110
3386,neighbor,False,STEM_STRESS_OR_INTERVAL_BOUND,999999999.0000000000,8773.8752500000,0.2000000000,0.3000000000,0.4500000000,3.0000000000,1.0000000000,103,113,104,112,102,113
3387,neighbor,False,MINIMUM_MAIN_STEEL,999999999.0000000000,8773.8752500000,0.2500000000,0.3000000000,0.3000000000,2.5000000000,1.0000000000,101,110,100,112,103,112
3388,neighbor,False,MINIMUM_MAIN_STEEL,999999999.0000000000,8773.8752500000,0.2000000000,0.3500000000,0.3000000000,3.0000000000,1.0000000000,103,113,100,113,100,112
3389,neighbor,False,ENVELOPE_BASE_CONTACT,999999999.0000000000,8773.8752500000,0.2000000000,0.4500000000,0.5500000000,2.5000000000,0.9000000000,101,111,104,113,101,110
3390,neighbor,False,ENVELOPE_BASE_CONTACT,999999999.0000000000,8773.8752500000,0.2000000000,0.3000000000,0.3000000000,2.5000000000,0.8000000000,103,113,103,112,104,111
3391,neighbor,False,MAXIMUM_MAIN_STEEL,999999999.0000000000,8773.8752500000,0.2000000000,0.3500000000,0.3000000000,3.0000000000,0.9000000000,104,112,101,113,100,110
3392,neighbor,False,ENVELOPE_BASE_CONTACT,999999999.0000000000,8773.8752500000,0.2500000000,0.2500000000,0.5500000000,2.5000000000,1.0000000000,104,110,103,113,103,111
3393,neighbor,False,MINIMUM_MAIN_STEEL,999999999.0000000000,8773.8752500000,0.2000000000,0.4500000000,0.5000000000,3.0000000000,0.9000000000,103,111,101,113,100,112
3394,neighbor,False,STEM_STRESS_OR_INTERVAL_BOUND,999999999.0000000000,8773.8752500000,0.2000000000,0.2500000000,0.4000000000,3.5000000000,1.0000000000,104,113,102,110,102,113
3395,neighbor,False,MINIMUM_MAIN_STEEL,999999999.0000000000,8773.8752500000,0.2000000000,0.3000000000,0.4500000000,3.0000000000,0.9000000000,102,112,100,113,101,110
3396,neighbor,False,MAXIMUM_MAIN_STEEL,999999999.0000000000,8773.8752500000,0.2250000000,0.3500000000,0.3000000000,3.5000000000,0.8000000000,103,112,100,111,104,110
3397,neighbor,False,STEM_STRESS_OR_INTERVAL_BOUND,999999999.0000000000,8773.8752500000,0.2000000000,0.2500000000,0.3000000000,3.5000000000,1.0000000000,102,112,102,112,101,113
3398,neighbor,False,STEM_STRESS_OR_INTERVAL_BOUND,999999999.0000000000,8773.8752500000,0.2250000000,0.2500000000,0.3000000000,3.5000000000,0.8000000000,104,111,102,111,101,111
3399,neighbor,False,STEM_STRESS_OR_INTERVAL_BOUND,999999999.0000000000,8773.8752500000,0.2000000000,0.2500000000,0.3000000000,3.0000000000,1.0000000000,104,111,102,111,102,110
3400,neighbor,False,MEMBER_FLEXURE,999999999.0000000000,8773.8752500000,0.2000000000,0.4000000000,0.3000000000,3.0000000000,1.0000000000,104,113,101,113,103,113
3401,neighbor,False,MEMBER_FLEXURE,999999999.0000000000,8773.8752500000,0.2500000000,0.4500000000,0.3000000000,3.0000000000,1.0000000000,103,111,100,110,101,113
3402,neighbor,False,ENVELOPE_BASE_CONTACT,999999999.0000000000,8773.8752500000,0.2250000000,0.4000000000,0.3000000000,2.5000000000,0.8000000000,104,110,101,111,100,110
3403,neighbor,False,ENVELOPE_BASE_CONTACT,999999999.0000000000,8773.8752500000,0.2250000000,0.4000000000,0.3000000000,2.5000000000,1.0000000000,104,113,103,111,102,110
3404,neighbor,False,ENVELOPE_BASE_CONTACT,999999999.0000000000,8773.8752500000,0.2000000000,0.3000000000,0.3000000000,2.5000000000,1.0000000000,104,111,103,110,103,111
3405,neighbor,False,STEM_STRESS_OR_INTERVAL_BOUND,999999999.0000000000,8773.8752500000,0.2000000000,0.2500000000,0.4500000000,3.0000000000,0.8000000000,104,111,103,112,102,113
3406,neighbor,False,ENVELOPE_BASE_CONTACT,999999999.0000000000,8773.8752500000,0.2500000000,0.2500000000,0.4000000000,2.5000000000,0.9000000000,103,113,102,111,103,110
3407,neighbor,False,MINIMUM_MAIN_STEEL,999999999.0000000000,8773.8752500000,0.2000000000,0.3500000000,0.3500000000,2.5000000000,1.0000000000,104,111,102,113,100,113
3408,neighbor,False,STEM_STRESS_OR_INTERVAL_BOUND,999999999.0000000000,8773.8752500000,0.2000000000,0.2500000000,0.3000000000,3.0000000000,1.0000000000,102,113,103,113,102,113
3409,neighbor,False,MINIMUM_MAIN_STEEL,999999999.0000000000,8773.8752500000,0.2000000000,0.3000000000,0.5500000000,3.5000000000,0.9000000000,104,111,100,112,103,111
3410,neighbor,False,MAXIMUM_MAIN_STEEL,999999999.0000000000,8773.8752500000,0.2000000000,0.3000000000,0.3000000000,3.5000000000,0.8000000000,104,111,101,111,102,112
3411,neighbor,False,STEM_STRESS_OR_INTERVAL_BOUND,999999999.0000000000,8773.8752500000,0.2000000000,0.2500000000,0.3500000000,3.5000000000,0.8000000000,104,111,103,113,104,111
3412,neighbor,False,STEM_STRESS_OR_INTERVAL_BOUND,999999999.0000000000,8773.8752500000,0.2000000000,0.3000000000,0.3000000000,3.0000000000,0.9000000000,101,113,103,112,102,110
3413,neighbor,False,ENVELOPE_BASE_CONTACT,999999999.0000000000,8773.8752500000,0.2500000000,0.3500000000,0.3000000000,2.5000000000,1.0000000000,104,112,102,113,100,110
3414,neighbor,False,ENVELOPE_BASE_CONTACT,999999999.0000000000,8773.8752500000,0.2000000000,0.3000000000,0.3500000000,2.5000000000,0.8000000000,104,110,104,112,103,113
3415,neighbor,False,MAXIMUM_MAIN_STEEL,999999999.0000000000,8773.8752500000,0.2000000000,0.3500000000,0.3000000000,3.5000000000,1.0000000000,103,110,103,113,102,110
3416,neighbor,False,STEM_STRESS_OR_INTERVAL_BOUND,999999999.0000000000,8773.8752500000,0.2000000000,0.3000000000,0.3000000000,3.0000000000,0.9000000000,104,113,104,113,103,113
3417,neighbor,True,PASS_IMPLEMENTED_PROJECT_CHECKS,10135.5012500000,8773.8752500000,0.2500000000,0.4500000000,0.3000000000,3.5000000000,1.0000000000,102,111,103,113,103,112
3418,neighbor,False,ENVELOPE_BASE_CONTACT,999999999.0000000000,8773.8752500000,0.2500000000,0.2500000000,0.5000000000,2.5000000000,1.0000000000,104,113,100,110,101,110
3419,neighbor,False,STEM_STRESS_OR_INTERVAL_BOUND,999999999.0000000000,8773.8752500000,0.2250000000,0.3000000000,0.3500000000,3.0000000000,1.0000000000,102,112,101,111,100,110
3420,neighbor,False,MINIMUM_MAIN_STEEL,999999999.0000000000,8773.8752500000,0.2250000000,0.4000000000,0.3500000000,3.0000000000,0.8000000000,101,113,104,113,103,113
3421,neighbor,False,MINIMUM_MAIN_STEEL,999999999.0000000000,8773.8752500000,0.2000000000,0.2500000000,0.4500000000,2.5000000000,1.0000000000,102,110,100,110,100,113
3422,neighbor,False,MINIMUM_MAIN_STEEL,999999999.0000000000,8773.8752500000,0.2500000000,0.4000000000,0.3000000000,2.5000000000,1.0000000000,101,113,104,113,103,110
3423,neighbor,False,MINIMUM_MAIN_STEEL,999999999.0000000000,8773.8752500000,0.2000000000,0.4500000000,0.4000000000,3.0000000000,1.0000000000,104,110,100,111,102,112
3424,neighbor,False,STEM_STRESS_OR_INTERVAL_BOUND,999999999.0000000000,8773.8752500000,0.2000000000,0.4000000000,0.3000000000,3.5000000000,1.0000000000,102,113,101,111,104,111
3425,neighbor,False,MINIMUM_MAIN_STEEL,999999999.0000000000,8773.8752500000,0.2250000000,0.3000000000,0.3000000000,3.0000000000,1.0000000000,104,111,103,110,100,112
3426,neighbor,False,ENVELOPE_BASE_CONTACT,999999999.0000000000,8773.8752500000,0.2000000000,0.3000000000,0.3000000000,2.5000000000,0.9000000000,102,112,104,111,100,110
3427,neighbor,False,MEMBER_FLEXURE,999999999.0000000000,8773.8752500000,0.2500000000,0.4500000000,0.3500000000,3.5000000000,0.9000000000,102,111,100,110,101,112
3428,neighbor,False,STEM_STRESS_OR_INTERVAL_BOUND,999999999.0000000000,8773.8752500000,0.2000000000,0.2500000000,0.5000000000,3.5000000000,1.0000000000,101,111,101,112,103,110
3429,neighbor,True,PASS_IMPLEMENTED_PROJECT_CHECKS,9747.0989700000,8773.8752500000,0.2250000000,0.4500000000,0.3000000000,3.0000000000,1.0000000000,104,113,102,113,102,110
3430,neighbor,False,MAXIMUM_MAIN_STEEL,999999999.0000000000,8773.8752500000,0.2000000000,0.3000000000,0.3000000000,3.5000000000,0.9000000000,104,110,101,111,100,111
3431,neighbor,False,MINIMUM_MAIN_STEEL,999999999.0000000000,8773.8752500000,0.2500000000,0.3000000000,0.5000000000,2.5000000000,0.8000000000,102,112,100,111,101,110
3432,neighbor,False,ENVELOPE_BASE_CONTACT,999999999.0000000000,8773.8752500000,0.2250000000,0.4500000000,0.4000000000,2.5000000000,0.8000000000,102,110,102,112,102,112
3433,neighbor,False,STEM_STRESS_OR_INTERVAL_BOUND,999999999.0000000000,8773.8752500000,0.2000000000,0.2500000000,0.5000000000,3.5000000000,0.9000000000,103,110,102,113,104,113
3434,neighbor,False,ENVELOPE_BASE_CONTACT,999999999.0000000000,8773.8752500000,0.2000000000,0.4500000000,0.3000000000,2.5000000000,0.9000000000,104,113,101,113,102,110
3435,neighbor,False,MINIMUM_MAIN_STEEL,999999999.0000000000,8773.8752500000,0.2000000000,0.2500000000,0.4000000000,3.5000000000,0.8000000000,101,112,101,110,100,111
3436,neighbor,False,MAXIMUM_MAIN_STEEL,999999999.0000000000,8773.8752500000,0.2250000000,0.4500000000,0.3000000000,3.5000000000,1.0000000000,103,110,103,113,102,110
3437,neighbor,False,MINIMUM_MAIN_STEEL,999999999.0000000000,8773.8752500000,0.2000000000,0.4500000000,0.3000000000,2.5000000000,0.8000000000,104,112,101,113,100,112
3438,neighbor,False,ENVELOPE_BASE_CONTACT,999999999.0000000000,8773.8752500000,0.2000000000,0.4000000000,0.5000000000,2.5000000000,0.9000000000,104,113,104,113,103,110
3439,neighbor,False,ENVELOPE_BASE_CONTACT,999999999.0000000000,8773.8752500000,0.2000000000,0.2500000000,0.3000000000,2.5000000000,0.9000000000,102,113,102,112,104,110
3440,neighbor,False,MAXIMUM_MAIN_STEEL,999999999.0000000000,8773.8752500000,0.2500000000,0.4500000000,0.3000000000,3.0000000000,1.0000000000,104,111,100,110,103,113
3441,neighbor,False,ENVELOPE_BASE_CONTACT,999999999.0000000000,8773.8752500000,0.2000000000,0.3500000000,0.3000000000,2.5000000000,1.0000000000,104,113,100,111,103,111
3442,neighbor,False,MINIMUM_MAIN_STEEL,999999999.0000000000,8773.8752500000,0.2250000000,0.2500000000,0.4500000000,3.0000000000,1.0000000000,104,113,104,113,100,111
3443,neighbor,False,MINIMUM_MAIN_STEEL,999999999.0000000000,8773.8752500000,0.2000000000,0.4500000000,0.5000000000,3.0000000000,0.9000000000,101,112,102,112,102,112
3444,neighbor,False,STEM_STRESS_OR_INTERVAL_BOUND,999999999.0000000000,8773.8752500000,0.2000000000,0.2500000000,0.5000000000,3.5000000000,1.0000000000,102,110,103,113,104,112
3445,neighbor,True,PASS_IMPLEMENTED_PROJECT_CHECKS,9951.2962500000,8773.8752500000,0.2000000000,0.4500000000,0.3500000000,3.0000000000,0.9000000000,102,111,103,111,102,110
3446,neighbor,False,MINIMUM_MAIN_STEEL,999999999.0000000000,8773.8752500000,0.2000000000,0.3500000000,0.5000000000,3.5000000000,0.9000000000,104,113,100,113,101,110
3447,neighbor,False,MINIMUM_MAIN_STEEL,999999999.0000000000,8773.8752500000,0.2500000000,0.4500000000,0.3000000000,3.0000000000,1.0000000000,104,113,104,113,100,112
3448,neighbor,False,MAXIMUM_MAIN_STEEL,999999999.0000000000,8773.8752500000,0.2500000000,0.3000000000,0.3000000000,3.0000000000,0.8000000000,104,111,101,111,101,113
3449,neighbor,False,STEM_STRESS_OR_INTERVAL_BOUND,999999999.0000000000,8773.8752500000,0.2000000000,0.3000000000,0.3000000000,3.0000000000,0.9000000000,101,111,100,110,104,110
3450,neighbor,False,MAXIMUM_MAIN_STEEL,999999999.0000000000,8773.8752500000,0.2000000000,0.3500000000,0.3000000000,3.0000000000,0.8000000000,102,110,103,112,103,110
3451,neighbor,False,MEMBER_FLEXURE,999999999.0000000000,8773.8752500000,0.2000000000,0.3500000000,0.3000000000,3.5000000000,1.0000000000,104,113,101,110,100,111
3452,neighbor,False,ENVELOPE_BASE_CONTACT,999999999.0000000000,8773.8752500000,0.2000000000,0.2500000000,0.3000000000,2.5000000000,1.0000000000,104,112,101,113,103,111
3453,neighbor,False,MAXIMUM_MAIN_STEEL,999999999.0000000000,8773.8752500000,0.2000000000,0.3000000000,0.4000000000,3.5000000000,1.0000000000,104,111,101,111,102,111
3454,neighbor,False,STEM_STRESS_OR_INTERVAL_BOUND,999999999.0000000000,8773.8752500000,0.2500000000,0.3000000000,0.3000000000,3.0000000000,1.0000000000,104,113,102,110,103,111
3455,neighbor,False,ENVELOPE_BASE_CONTACT,999999999.0000000000,8773.8752500000,0.2500000000,0.2500000000,0.4000000000,2.5000000000,0.9000000000,104,113,102,110,101,110
3456,neighbor,False,ENVELOPE_BASE_CONTACT,999999999.0000000000,8773.8752500000,0.2000000000,0.4500000000,0.3000000000,2.5000000000,1.0000000000,102,111,104,113,101,110
3457,neighbor,False,STEM_STRESS_OR_INTERVAL_BOUND,999999999.0000000000,8773.8752500000,0.2500000000,0.4000000000,0.3000000000,3.5000000000,0.9000000000,101,111,102,111,102,113
3458,neighbor,False,MINIMUM_MAIN_STEEL,999999999.0000000000,8773.8752500000,0.2000000000,0.3000000000,0.5500000000,3.5000000000,1.0000000000,104,112,103,113,100,113
3459,neighbor,False,MINIMUM_MAIN_STEEL,999999999.0000000000,8773.8752500000,0.2000000000,0.4000000000,0.4500000000,3.5000000000,1.0000000000,104,112,104,110,101,113
3460,neighbor,False,MINIMUM_MAIN_STEEL,999999999.0000000000,8773.8752500000,0.2000000000,0.3000000000,0.4000000000,2.5000000000,0.9000000000,101,113,100,113,104,111
3461,neighbor,False,ENVELOPE_BASE_CONTACT,999999999.0000000000,8773.8752500000,0.2000000000,0.4000000000,0.4500000000,2.5000000000,0.9000000000,103,113,102,113,102,111
3462,neighbor,False,ENVELOPE_BASE_CONTACT,999999999.0000000000,8773.8752500000,0.2000000000,0.3000000000,0.3500000000,2.5000000000,0.9000000000,101,113,101,113,103,113
3463,neighbor,False,MINIMUM_MAIN_STEEL,999999999.0000000000,8773.8752500000,0.2250000000,0.3500000000,0.3000000000,3.5000000000,1.0000000000,104,111,101,111,100,113
3464,neighbor,False,ENVELOPE_BASE_CONTACT,999999999.0000000000,8773.8752500000,0.2000000000,0.2500000000,0.3000000000,2.5000000000,0.8000000000,103,111,103,110,102,113
3465,neighbor,False,MINIMUM_MAIN_STEEL,999999999.0000000000,8773.8752500000,0.2000000000,0.2500000000,0.5000000000,3.0000000000,0.8000000000,103,113,103,113,100,112
3466,neighbor,False,STEM_STRESS_OR_INTERVAL_BOUND,999999999.0000000000,8773.8752500000,0.2250000000,0.3000000000,0.3500000000,3.5000000000,0.8000000000,104,113,102,113,103,111
3467,neighbor,False,MINIMUM_MAIN_STEEL,999999999.0000000000,8773.8752500000,0.2000000000,0.2500000000,0.3000000000,2.5000000000,1.0000000000,103,113,100,112,102,112
3468,neighbor,False,MEMBER_FLEXURE,999999999.0000000000,8773.8752500000,0.2500000000,0.4500000000,0.3000000000,3.0000000000,0.9000000000,103,111,103,110,101,113
3469,neighbor,False,MINIMUM_MAIN_STEEL,999999999.0000000000,8773.8752500000,0.2000000000,0.3000000000,0.5000000000,3.5000000000,0.8000000000,103,113,102,112,100,112
3470,neighbor,False,MINIMUM_MAIN_STEEL,999999999.0000000000,8773.8752500000,0.2000000000,0.3500000000,0.5000000000,2.5000000000,0.9000000000,103,113,102,113,100,112
3471,neighbor,True,PASS_IMPLEMENTED_PROJECT_CHECKS,11559.5432380000,8773.8752500000,0.2000000000,0.3500000000,0.4500000000,3.5000000000,1.0000000000,104,113,103,110,102,110
3472,neighbor,False,ENVELOPE_BASE_CONTACT,999999999.0000000000,8773.8752500000,0.2500000000,0.3500000000,0.5000000000,2.5000000000,0.8000000000,103,112,104,113,101,110
3473,neighbor,False,MEMBER_FLEXURE,999999999.0000000000,8773.8752500000,0.2250000000,0.4000000000,0.4000000000,3.0000000000,0.9000000000,104,113,103,111,100,110
3474,neighbor,False,ENVELOPE_BASE_CONTACT,999999999.0000000000,8773.8752500000,0.2250000000,0.4500000000,0.4000000000,2.5000000000,0.8000000000,104,113,102,112,102,111
3475,neighbor,False,MAXIMUM_MAIN_STEEL,999999999.0000000000,8773.8752500000,0.2500000000,0.4500000000,0.5000000000,3.5000000000,1.0000000000,104,111,104,112,104,112
3476,neighbor,False,MINIMUM_MAIN_STEEL,999999999.0000000000,8773.8752500000,0.2000000000,0.4500000000,0.3000000000,3.0000000000,1.0000000000,104,113,103,113,100,113
3477,neighbor,False,MINIMUM_MAIN_STEEL,999999999.0000000000,8773.8752500000,0.2000000000,0.3500000000,0.5000000000,2.5000000000,1.0000000000,103,113,103,110,100,111
3478,neighbor,False,MAXIMUM_MAIN_STEEL,999999999.0000000000,8773.8752500000,0.2000000000,0.4500000000,0.3000000000,3.5000000000,1.0000000000,103,110,104,112,102,111
3479,neighbor,False,MAXIMUM_MAIN_STEEL,999999999.0000000000,8773.8752500000,0.2000000000,0.3500000000,0.3000000000,3.5000000000,0.9000000000,102,110,104,113,102,112
3480,neighbor,False,ENVELOPE_BASE_CONTACT,999999999.0000000000,8773.8752500000,0.2250000000,0.2500000000,0.3000000000,2.5000000000,0.9000000000,104,111,101,110,104,111
3481,neighbor,False,MINIMUM_MAIN_STEEL,999999999.0000000000,8773.8752500000,0.2000000000,0.2500000000,0.3000000000,3.5000000000,0.9000000000,104,112,100,113,101,110
3482,neighbor,False,STEM_STRESS_OR_INTERVAL_BOUND,999999999.0000000000,8773.8752500000,0.2000000000,0.3000000000,0.3000000000,3.0000000000,1.0000000000,102,113,104,113,103,110
3483,neighbor,False,MEMBER_FLEXURE,999999999.0000000000,8773.8752500000,0.2250000000,0.4000000000,0.3000000000,3.5000000000,1.0000000000,104,113,103,112,101,111
3484,neighbor,False,MAXIMUM_MAIN_STEEL,999999999.0000000000,8773.8752500000,0.2000000000,0.4500000000,0.4000000000,3.5000000000,1.0000000000,104,111,103,112,103,112
3485,neighbor,False,MINIMUM_MAIN_STEEL,999999999.0000000000,8773.8752500000,0.2000000000,0.3000000000,0.4000000000,3.5000000000,1.0000000000,101,111,100,111,100,111
3486,neighbor,False,MINIMUM_MAIN_STEEL,999999999.0000000000,8773.8752500000,0.2250000000,0.4000000000,0.4500000000,2.5000000000,1.0000000000,104,111,101,113,101,113
3487,neighbor,False,ENVELOPE_BASE_CONTACT,999999999.0000000000,8773.8752500000,0.2000000000,0.4000000000,0.3000000000,2.5000000000,1.0000000000,103,112,103,110,102,110
3488,neighbor,False,ENVELOPE_BASE_CONTACT,999999999.0000000000,8773.8752500000,0.2500000000,0.3500000000,0.3000000000,2.5000000000,0.9000000000,102,112,104,111,103,110
3489,neighbor,False,MINIMUM_MAIN_STEEL,999999999.0000000000,8773.8752500000,0.2000000000,0.4500000000,0.3000000000,3.0000000000,0.9000000000,102,110,100,113,102,110
3490,neighbor,True,PASS_IMPLEMENTED_PROJECT_CHECKS,11267.1490440000,8773.8752500000,0.2000000000,0.4000000000,0.5000000000,3.0000000000,1.0000000000,104,113,103,113,103,110
3491,neighbor,False,MINIMUM_MAIN_STEEL,999999999.0000000000,8773.8752500000,0.2250000000,0.3500000000,0.5500000000,3.5000000000,0.8000000000,104,110,100,112,103,113
3492,neighbor,False,MINIMUM_MAIN_STEEL,999999999.0000000000,8773.8752500000,0.2000000000,0.3000000000,0.4500000000,2.5000000000,1.0000000000,102,113,100,111,101,111
3493,neighbor,False,MINIMUM_MAIN_STEEL,999999999.0000000000,8773.8752500000,0.2250000000,0.4000000000,0.4000000000,2.5000000000,0.9000000000,101,113,103,110,100,110
3494,neighbor,True,PASS_IMPLEMENTED_PROJECT_CHECKS,11833.2259450000,8773.8752500000,0.2250000000,0.4500000000,0.4500000000,3.5000000000,0.8000000000,102,110,101,111,102,111
3495,neighbor,False,ENVELOPE_BASE_CONTACT,999999999.0000000000,8773.8752500000,0.2000000000,0.4000000000,0.3000000000,2.5000000000,1.0000000000,104,110,101,113,104,113
3496,neighbor,False,MINIMUM_MAIN_STEEL,999999999.0000000000,8773.8752500000,0.2000000000,0.2500000000,0.3000000000,3.5000000000,0.8000000000,104,113,100,112,102,113
3497,neighbor,False,ENVELOPE_BASE_CONTACT,999999999.0000000000,8773.8752500000,0.2000000000,0.4000000000,0.4500000000,2.5000000000,1.0000000000,102,110,100,110,102,112
3498,neighbor,False,MINIMUM_MAIN_STEEL,999999999.0000000000,8773.8752500000,0.2000000000,0.4000000000,0.3000000000,3.5000000000,0.9000000000,104,112,100,113,102,113
3499,neighbor,False,MINIMUM_MAIN_STEEL,999999999.0000000000,8773.8752500000,0.2000000000,0.3000000000,0.3000000000,3.5000000000,1.0000000000,104,111,103,113,100,113
3500,neighbor,False,STEM_STRESS_OR_INTERVAL_BOUND,999999999.0000000000,8773.8752500000,0.2500000000,0.2500000000,0.4000000000,3.0000000000,0.9000000000,103,111,103,110,104,111
3501,neighbor,False,MINIMUM_MAIN_STEEL,999999999.0000000000,8773.8752500000,0.2000000000,0.3000000000,0.3000000000,2.5000000000,1.0000000000,104,113,103,113,100,112
3502,neighbor,False,MINIMUM_MAIN_STEEL,999999999.0000000000,8773.8752500000,0.2500000000,0.3500000000,0.5500000000,3.5000000000,0.8000000000,101,111,100,112,102,111
3503,neighbor,False,MINIMUM_MAIN_STEEL,999999999.0000000000,8773.8752500000,0.2250000000,0.4500000000,0.5000000000,3.0000000000,1.0000000000,101,113,101,113,100,110
3504,neighbor,False,MAXIMUM_MAIN_STEEL,999999999.0000000000,8773.8752500000,0.2000000000,0.4000000000,0.3000000000,3.5000000000,0.8000000000,104,111,104,111,102,112
3505,neighbor,False,ENVELOPE_BASE_CONTACT,999999999.0000000000,8773.8752500000,0.2250000000,0.3500000000,0.3000000000,2.5000000000,0.9000000000,103,113,102,111,102,110
3506,neighbor,True,PASS_IMPLEMENTED_PROJECT_CHECKS,10311.9957900000,8773.8752500000,0.2250000000,0.4500000000,0.5000000000,3.0000000000,1.0000000000,101,110,101,112,101,110
3507,neighbor,False,MINIMUM_MAIN_STEEL,999999999.0000000000,8773.8752500000,0.2250000000,0.4000000000,0.3000000000,3.0000000000,1.0000000000,101,113,103,111,103,110
3508,neighbor,False,STEM_STRESS_OR_INTERVAL_BOUND,999999999.0000000000,8773.8752500000,0.2000000000,0.2500000000,0.3000000000,3.5000000000,1.0000000000,104,113,101,112,102,110
3509,neighbor,False,MINIMUM_MAIN_STEEL,999999999.0000000000,8773.8752500000,0.2500000000,0.3000000000,0.5000000000,3.0000000000,1.0000000000,101,113,100,112,103,112
3510,neighbor,False,MINIMUM_MAIN_STEEL,999999999.0000000000,8773.8752500000,0.2500000000,0.2500000000,0.4000000000,2.5000000000,0.8000000000,101,110,100,113,103,112
3511,neighbor,False,ENVELOPE_BASE_CONTACT,999999999.0000000000,8773.8752500000,0.2000000000,0.2500000000,0.5000000000,2.5000000000,1.0000000000,104,113,104,112,103,110
3512,neighbor,False,MINIMUM_MAIN_STEEL,999999999.0000000000,8773.8752500000,0.2500000000,0.3500000000,0.3000000000,3.0000000000,1.0000000000,104,113,100,113,103,110
3513,neighbor,False,STEM_STRESS_OR_INTERVAL_BOUND,999999999.0000000000,8773.8752500000,0.2000000000,0.3500000000,0.3000000000,3.0000000000,1.0000000000,103,113,101,111,103,112
3514,neighbor,True,PASS_IMPLEMENTED_PROJECT_CHECKS,11676.2040500000,8773.8752500000,0.2250000000,0.4000000000,0.3000000000,3.5000000000,0.8000000000,103,111,102,113,103,110
3515,neighbor,False,ENVELOPE_BASE_CONTACT,999999999.0000000000,8773.8752500000,0.2250000000,0.4000000000,0.4500000000,2.5000000000,0.8000000000,102,113,101,112,104,113
3516,neighbor,False,STEM_STRESS_OR_INTERVAL_BOUND,999999999.0000000000,8773.8752500000,0.2250000000,0.2500000000,0.4000000000,3.0000000000,1.0000000000,104,112,103,113,100,110
3517,neighbor,True,PASS_IMPLEMENTED_PROJECT_CHECKS,9950.6848200000,8773.8752500000,0.2000000000,0.4000000000,0.3000000000,3.5000000000,1.0000000000,104,113,103,112,103,112
3518,neighbor,False,MINIMUM_MAIN_STEEL,999999999.0000000000,8773.8752500000,0.2000000000,0.3000000000,0.5000000000,2.5000000000,1.0000000000,101,111,101,113,102,111
3519,neighbor,False,ENVELOPE_BASE_CONTACT,999999999.0000000000,8773.8752500000,0.2000000000,0.2500000000,0.3500000000,2.5000000000,1.0000000000,101,112,104,111,103,112
3520,neighbor,False,MINIMUM_MAIN_STEEL,999999999.0000000000,8773.8752500000,0.2500000000,0.4500000000,0.5500000000,2.5000000000,1.0000000000,102,110,101,111,100,112
3521,neighbor,False,STEM_STRESS_OR_INTERVAL_BOUND,999999999.0000000000,8773.8752500000,0.2250000000,0.3000000000,0.3000000000,3.0000000000,1.0000000000,101,111,101,113,101,111
3522,neighbor,False,MINIMUM_MAIN_STEEL,999999999.0000000000,8773.8752500000,0.2000000000,0.2500000000,0.3000000000,3.5000000000,1.0000000000,101,113,100,113,104,112
3523,neighbor,False,STEM_STRESS_OR_INTERVAL_BOUND,999999999.0000000000,8773.8752500000,0.2250000000,0.2500000000,0.3500000000,3.5000000000,1.0000000000,104,112,103,111,101,112
3524,neighbor,False,ENVELOPE_BASE_CONTACT,999999999.0000000000,8773.8752500000,0.2000000000,0.3000000000,0.5500000000,2.5000000000,1.0000000000,104,111,101,111,102,112
3525,neighbor,False,ENVELOPE_BASE_CONTACT,999999999.0000000000,8773.8752500000,0.2000000000,0.2500000000,0.4000000000,2.5000000000,0.8000000000,104,111,100,110,100,110
3526,neighbor,False,ENVELOPE_BASE_CONTACT,999999999.0000000000,8773.8752500000,0.2000000000,0.3500000000,0.3000000000,2.5000000000,0.9000000000,104,113,101,110,101,113
3527,neighbor,False,ENVELOPE_BASE_CONTACT,999999999.0000000000,8773.8752500000,0.2000000000,0.3000000000,0.5000000000,2.5000000000,0.8000000000,102,113,103,110,102,111
3528,neighbor,False,MAXIMUM_MAIN_STEEL,999999999.0000000000,8773.8752500000,0.2000000000,0.4000000000,0.4000000000,3.5000000000,0.8000000000,103,110,103,111,103,110
3529,neighbor,False,ENVELOPE_BASE_CONTACT,999999999.0000000000,8773.8752500000,0.2500000000,0.3500000000,0.3000000000,2.5000000000,0.8000000000,104,113,103,110,100,110
3530,neighbor,False,ENVELOPE_BASE_CONTACT,999999999.0000000000,8773.8752500000,0.2500000000,0.4500000000,0.3000000000,2.5000000000,1.0000000000,101,110,103,113,101,113
3531,neighbor,False,MAXIMUM_MAIN_STEEL,999999999.0000000000,8773.8752500000,0.2000000000,0.4500000000,0.3000000000,3.5000000000,0.8000000000,104,112,104,111,103,110
3532,neighbor,False,MINIMUM_MAIN_STEEL,999999999.0000000000,8773.8752500000,0.2000000000,0.2500000000,0.3000000000,2.5000000000,1.0000000000,103,112,104,110,100,113
3533,neighbor,False,STEM_STRESS_OR_INTERVAL_BOUND,999999999.0000000000,8773.8752500000,0.2250000000,0.2500000000,0.3500000000,3.0000000000,0.8000000000,103,112,102,113,104,110
3534,neighbor,False,MEMBER_FLEXURE,999999999.0000000000,8773.8752500000,0.2250000000,0.4000000000,0.3000000000,3.0000000000,1.0000000000,103,111,104,111,102,112
3535,neighbor,False,MAXIMUM_MAIN_STEEL,999999999.0000000000,8773.8752500000,0.2000000000,0.4000000000,0.4000000000,3.0000000000,0.8000000000,102,110,102,113,101,113
3536,neighbor,False,STEM_STRESS_OR_INTERVAL_BOUND,999999999.0000000000,8773.8752500000,0.2500000000,0.3000000000,0.3000000000,3.5000000000,0.9000000000,104,113,102,112,104,111
3537,neighbor,False,STEM_STRESS_OR_INTERVAL_BOUND,999999999.0000000000,8773.8752500000,0.2500000000,0.3000000000,0.3000000000,3.5000000000,0.8000000000,104,112,103,112,103,110
3538,neighbor,True,PASS_IMPLEMENTED_PROJECT_CHECKS,10150.0824400000,8773.8752500000,0.2250000000,0.4500000000,0.3000000000,3.5000000000,0.8000000000,103,112,102,111,101,110
3539,neighbor,False,MEMBER_FLEXURE,999999999.0000000000,8773.8752500000,0.2000000000,0.3500000000,0.3000000000,3.5000000000,1.0000000000,104,113,103,110,100,110
3540,neighbor,False,MINIMUM_MAIN_STEEL,999999999.0000000000,8773.8752500000,0.2250000000,0.4500000000,0.3000000000,3.5000000000,1.0000000000,103,113,100,113,100,111
3541,neighbor,False,ENVELOPE_BASE_CONTACT,999999999.0000000000,8773.8752500000,0.2500000000,0.3000000000,0.3000000000,2.5000000000,1.0000000000,104,111,101,111,103,113
3542,neighbor,False,ENVELOPE_BASE_CONTACT,999999999.0000000000,8773.8752500000,0.2000000000,0.3500000000,0.3500000000,2.5000000000,0.9000000000,104,111,103,112,102,110
3543,neighbor,False,MAXIMUM_MAIN_STEEL,999999999.0000000000,8773.8752500000,0.2000000000,0.3500000000,0.3000000000,3.5000000000,1.0000000000,104,112,101,113,104,110
3544,neighbor,False,ENVELOPE_BASE_CONTACT,999999999.0000000000,8773.8752500000,0.2000000000,0.3500000000,0.3000000000,2.5000000000,0.9000000000,103,110,103,113,101,112
3545,neighbor,False,STEM_STRESS_OR_INTERVAL_BOUND,999999999.0000000000,8773.8752500000,0.2000000000,0.3000000000,0.5000000000,3.0000000000,0.9000000000,103,113,100,110,103,112
3546,neighbor,False,STEM_STRESS_OR_INTERVAL_BOUND,999999999.0000000000,8773.8752500000,0.2250000000,0.3000000000,0.3000000000,3.5000000000,1.0000000000,103,113,102,113,102,110
3547,neighbor,False,ENVELOPE_BASE_CONTACT,999999999.0000000000,8773.8752500000,0.2500000000,0.3000000000,0.4000000000,2.5000000000,0.8000000000,101,110,104,110,103,112
3548,neighbor,False,MINIMUM_MAIN_STEEL,999999999.0000000000,8773.8752500000,0.2000000000,0.2500000000,0.5500000000,3.5000000000,1.0000000000,104,113,100,111,104,113
3549,neighbor,False,STEM_STRESS_OR_INTERVAL_BOUND,999999999.0000000000,8773.8752500000,0.2000000000,0.3000000000,0.5000000000,3.0000000000,1.0000000000,101,112,104,110,100,110
3550,neighbor,False,MINIMUM_MAIN_STEEL,999999999.0000000000,8773.8752500000,0.2000000000,0.3500000000,0.5000000000,2.5000000000,0.8000000000,104,111,100,113,102,111
3551,neighbor,False,MINIMUM_MAIN_STEEL,999999999.0000000000,8773.8752500000,0.2500000000,0.3000000000,0.4000000000,3.5000000000,1.0000000000,101,112,100,111,101,111
3552,neighbor,False,MINIMUM_MAIN_STEEL,999999999.0000000000,8773.8752500000,0.2000000000,0.4500000000,0.3000000000,3.0000000000,1.0000000000,101,112,101,113,100,110
3553,neighbor,False,MINIMUM_MAIN_STEEL,999999999.0000000000,8773.8752500000,0.2250000000,0.4000000000,0.3000000000,3.0000000000,1.0000000000,101,111,101,112,100,112
3554,neighbor,False,MINIMUM_MAIN_STEEL,999999999.0000000000,8773.8752500000,0.2000000000,0.3500000000,0.3000000000,3.0000000000,1.0000000000,102,113,100,113,100,113
3555,neighbor,True,PASS_IMPLEMENTED_PROJECT_CHECKS,9483.8280300000,8773.8752500000,0.2250000000,0.4000000000,0.3000000000,3.0000000000,1.0000000000,104,113,101,111,102,110
3556,neighbor,False,MAXIMUM_MAIN_STEEL,999999999.0000000000,8773.8752500000,0.2000000000,0.3500000000,0.3000000000,3.0000000000,1.0000000000,102,110,103,110,103,113
3557,neighbor,False,STEM_STRESS_OR_INTERVAL_BOUND,999999999.0000000000,8773.8752500000,0.2000000000,0.4000000000,0.4500000000,3.0000000000,1.0000000000,102,112,102,111,104,111
3558,neighbor,False,MAXIMUM_MAIN_STEEL,999999999.0000000000,8773.8752500000,0.2250000000,0.3500000000,0.3000000000,3.5000000000,1.0000000000,104,113,104,110,102,113
3559,neighbor,False,MINIMUM_MAIN_STEEL,999999999.0000000000,8773.8752500000,0.2000000000,0.3500000000,0.5000000000,3.5000000000,0.9000000000,102,112,101,112,100,113
3560,neighbor,False,MAXIMUM_MAIN_STEEL,999999999.0000000000,8773.8752500000,0.2000000000,0.3500000000,0.5500000000,3.0000000000,0.9000000000,104,111,104,111,102,112
3561,neighbor,True,PASS_IMPLEMENTED_PROJECT_CHECKS,11078.0515400000,8773.8752500000,0.2500000000,0.4500000000,0.5500000000,3.0000000000,0.8000000000,103,113,102,110,101,110
3562,neighbor,False,STEM_STRESS_OR_INTERVAL_BOUND,999999999.0000000000,8773.8752500000,0.2250000000,0.2500000000,0.4500000000,3.0000000000,0.8000000000,103,112,101,111,104,110
3563,neighbor,False,MAXIMUM_MAIN_STEEL,999999999.0000000000,8773.8752500000,0.2000000000,0.3500000000,0.3500000000,3.0000000000,1.0000000000,104,110,102,111,102,113
3564,neighbor,False,ENVELOPE_BASE_CONTACT,999999999.0000000000,8773.8752500000,0.2000000000,0.4500000000,0.3000000000,2.5000000000,1.0000000000,102,112,101,110,101,110
3565,neighbor,False,ENVELOPE_BASE_CONTACT,999999999.0000000000,8773.8752500000,0.2000000000,0.3500000000,0.3000000000,2.5000000000,0.8000000000,104,111,104,112,101,112
3566,neighbor,False,STEM_STRESS_OR_INTERVAL_BOUND,999999999.0000000000,8773.8752500000,0.2000000000,0.3000000000,0.3000000000,3.5000000000,1.0000000000,104,113,102,113,104,110
3567,neighbor,False,MAXIMUM_MAIN_STEEL,999999999.0000000000,8773.8752500000,0.2500000000,0.3000000000,0.3000000000,3.5000000000,1.0000000000,104,110,102,113,101,113
3568,neighbor,False,MINIMUM_MAIN_STEEL,999999999.0000000000,8773.8752500000,0.2250000000,0.4500000000,0.3000000000,3.5000000000,0.8000000000,101,113,102,111,101,110
3569,neighbor,False,MINIMUM_MAIN_STEEL,999999999.0000000000,8773.8752500000,0.2000000000,0.4500000000,0.5500000000,3.0000000000,1.0000000000,104,111,100,113,104,110
3570,neighbor,True,PASS_IMPLEMENTED_PROJECT_CHECKS,11028.7630000000,8773.8752500000,0.2500000000,0.4500000000,0.3000000000,3.5000000000,1.0000000000,103,111,103,113,102,111
3571,neighbor,False,MINIMUM_MAIN_STEEL,999999999.0000000000,8773.8752500000,0.2000000000,0.4500000000,0.3500000000,3.5000000000,1.0000000000,102,113,103,111,104,113
3572,neighbor,False,STEM_STRESS_OR_INTERVAL_BOUND,999999999.0000000000,8773.8752500000,0.2000000000,0.3000000000,0.3000000000,3.5000000000,1.0000000000,102,111,104,113,103,112
3573,neighbor,False,MEMBER_FLEXURE,999999999.0000000000,8773.8752500000,0.2250000000,0.4500000000,0.3000000000,3.0000000000,0.9000000000,103,112,104,113,101,111
3574,neighbor,False,STEM_STRESS_OR_INTERVAL_BOUND,999999999.0000000000,8773.8752500000,0.2000000000,0.3500000000,0.3000000000,3.0000000000,1.0000000000,103,113,102,113,103,110
3575,neighbor,False,MINIMUM_MAIN_STEEL,999999999.0000000000,8773.8752500000,0.2000000000,0.4000000000,0.3000000000,2.5000000000,0.9000000000,104,113,100,113,100,113
3576,neighbor,False,STEM_STRESS_OR_INTERVAL_BOUND,999999999.0000000000,8773.8752500000,0.2000000000,0.3000000000,0.3000000000,3.5000000000,0.9000000000,101,112,101,113,102,110
3577,neighbor,False,STEM_STRESS_OR_INTERVAL_BOUND,999999999.0000000000,8773.8752500000,0.2000000000,0.2500000000,0.5500000000,3.5000000000,0.9000000000,104,113,100,110,104,112
3578,neighbor,False,MAXIMUM_MAIN_STEEL,999999999.0000000000,8773.8752500000,0.2250000000,0.3500000000,0.4000000000,3.0000000000,1.0000000000,104,110,101,111,101,113
3579,neighbor,False,ENVELOPE_BASE_CONTACT,999999999.0000000000,8773.8752500000,0.2500000000,0.3000000000,0.3500000000,2.5000000000,1.0000000000,101,112,101,113,104,110
3580,neighbor,False,MEMBER_FLEXURE,999999999.0000000000,8773.8752500000,0.2500000000,0.4500000000,0.3000000000,3.0000000000,1.0000000000,103,112,101,113,104,110
3581,neighbor,False,ENVELOPE_BASE_CONTACT,999999999.0000000000,8773.8752500000,0.2000000000,0.2500000000,0.5000000000,2.5000000000,1.0000000000,102,110,103,113,103,113
3582,neighbor,False,STEM_STRESS_OR_INTERVAL_BOUND,999999999.0000000000,8773.8752500000,0.2250000000,0.2500000000,0.3000000000,3.5000000000,1.0000000000,104,111,103,110,104,113
3583,neighbor,False,STEM_STRESS_OR_INTERVAL_BOUND,999999999.0000000000,8773.8752500000,0.2000000000,0.2500000000,0.4500000000,3.5000000000,0.8000000000,104,110,104,111,100,110
3584,neighbor,False,ENVELOPE_BASE_CONTACT,999999999.0000000000,8773.8752500000,0.2000000000,0.3500000000,0.3000000000,2.5000000000,1.0000000000,103,112,103,111,102,111
3585,neighbor,False,MINIMUM_MAIN_STEEL,999999999.0000000000,8773.8752500000,0.2000000000,0.4000000000,0.3000000000,2.5000000000,1.0000000000,101,112,102,111,101,111
3586,neighbor,False,MINIMUM_MAIN_STEEL,999999999.0000000000,8773.8752500000,0.2000000000,0.4500000000,0.5500000000,3.5000000000,0.8000000000,104,113,100,110,100,112
3587,neighbor,True,PASS_IMPLEMENTED_PROJECT_CHECKS,12053.0162500000,8773.8752500000,0.2000000000,0.4000000000,0.5000000000,3.5000000000,1.0000000000,103,113,103,112,103,110
3588,neighbor,False,ENVELOPE_BASE_CONTACT,999999999.0000000000,8773.8752500000,0.2250000000,0.4500000000,0.3000000000,2.5000000000,1.0000000000,104,113,102,113,102,113
3589,neighbor,False,ENVELOPE_BASE_CONTACT,999999999.0000000000,8773.8752500000,0.2000000000,0.4500000000,0.4500000000,2.5000000000,1.0000000000,103,113,104,113,102,110
3590,neighbor,False,ENVELOPE_BASE_CONTACT,999999999.0000000000,8773.8752500000,0.2000000000,0.3500000000,0.3000000000,2.5000000000,1.0000000000,102,113,101,111,103,110
3591,neighbor,False,ENVELOPE_BASE_CONTACT,999999999.0000000000,8773.8752500000,0.2000000000,0.4500000000,0.3000000000,2.5000000000,1.0000000000,103,110,103,111,101,113
3592,neighbor,False,STEM_STRESS_OR_INTERVAL_BOUND,999999999.0000000000,8773.8752500000,0.2000000000,0.3000000000,0.3000000000,3.5000000000,1.0000000000,103,112,101,110,104,110
3593,neighbor,False,MINIMUM_MAIN_STEEL,999999999.0000000000,8773.8752500000,0.2000000000,0.3500000000,0.4500000000,2.5000000000,0.9000000000,103,113,100,110,100,111
3594,neighbor,False,STEM_STRESS_OR_INTERVAL_BOUND,999999999.0000000000,8773.8752500000,0.2000000000,0.2500000000,0.4000000000,3.0000000000,1.0000000000,104,111,101,113,103,112
3595,neighbor,False,MINIMUM_MAIN_STEEL,999999999.0000000000,8773.8752500000,0.2000000000,0.2500000000,0.4000000000,3.0000000000,1.0000000000,103,113,104,111,100,111
3596,neighbor,True,PASS_IMPLEMENTED_PROJECT_CHECKS,9962.3238700000,8773.8752500000,0.2250000000,0.4000000000,0.3000000000,3.0000000000,1.0000000000,104,112,101,112,102,110
3597,neighbor,True,PASS_IMPLEMENTED_PROJECT_CHECKS,12539.2642800000,8773.8752500000,0.2000000000,0.4500000000,0.4000000000,3.5000000000,0.8000000000,104,113,104,113,104,110
3598,neighbor,False,MINIMUM_MAIN_STEEL,999999999.0000000000,8773.8752500000,0.2250000000,0.4500000000,0.3000000000,3.5000000000,0.9000000000,102,112,104,112,100,112
3599,neighbor,False,ENVELOPE_BASE_CONTACT,999999999.0000000000,8773.8752500000,0.2250000000,0.4000000000,0.3000000000,2.5000000000,0.8000000000,104,112,102,110,104,110
3600,neighbor,False,MINIMUM_MAIN_STEEL,999999999.0000000000,8773.8752500000,0.2000000000,0.3000000000,0.3000000000,3.0000000000,0.8000000000,101,111,100,113,104,110
3601,neighbor,False,MINIMUM_MAIN_STEEL,999999999.0000000000,8773.8752500000,0.2000000000,0.4000000000,0.5500000000,3.0000000000,1.0000000000,101,112,100,113,103,110
3602,neighbor,False,STEM_STRESS_OR_INTERVAL_BOUND,999999999.0000000000,8773.8752500000,0.2000000000,0.2500000000,0.5000000000,3.5000000000,1.0000000000,104,113,104,113,101,112
3603,neighbor,False,ENVELOPE_BASE_CONTACT,999999999.0000000000,8773.8752500000,0.2250000000,0.4000000000,0.3000000000,2.5000000000,1.0000000000,104,113,100,111,102,112
3604,neighbor,False,ENVELOPE_BASE_CONTACT,999999999.0000000000,8773.8752500000,0.2250000000,0.4500000000,0.3000000000,2.5000000000,0.8000000000,104,113,104,110,101,112
3605,neighbor,False,STEM_STRESS_OR_INTERVAL_BOUND,999999999.0000000000,8773.8752500000,0.2000000000,0.2500000000,0.5000000000,3.5000000000,1.0000000000,103,110,104,110,104,110
3606,neighbor,False,MINIMUM_MAIN_STEEL,999999999.0000000000,8773.8752500000,0.2250000000,0.4500000000,0.4000000000,2.5000000000,1.0000000000,102,113,102,110,103,111
3607,neighbor,False,STEM_STRESS_OR_INTERVAL_BOUND,999999999.0000000000,8773.8752500000,0.2250000000,0.2500000000,0.3000000000,3.5000000000,0.9000000000,101,111,102,110,104,111
3608,neighbor,False,STEM_STRESS_OR_INTERVAL_BOUND,999999999.0000000000,8773.8752500000,0.2250000000,0.2500000000,0.5000000000,3.0000000000,1.0000000000,104,112,103,110,102,111
3609,neighbor,False,MAXIMUM_MAIN_STEEL,999999999.0000000000,8773.8752500000,0.2000000000,0.3500000000,0.4000000000,3.0000000000,1.0000000000,104,110,102,113,102,110
3610,neighbor,False,MINIMUM_MAIN_STEEL,999999999.0000000000,8773.8752500000,0.2000000000,0.4500000000,0.4500000000,3.5000000000,1.0000000000,102,110,101,113,100,111
3611,neighbor,False,MAXIMUM_MAIN_STEEL,999999999.0000000000,8773.8752500000,0.2000000000,0.4500000000,0.3000000000,3.0000000000,0.9000000000,104,110,104,112,100,110
3612,neighbor,False,MINIMUM_MAIN_STEEL,999999999.0000000000,8773.8752500000,0.2000000000,0.2500000000,0.5500000000,2.5000000000,1.0000000000,101,111,103,111,100,111
3613,neighbor,False,STEM_STRESS_OR_INTERVAL_BOUND,999999999.0000000000,8773.8752500000,0.2500000000,0.3500000000,0.3000000000,3.0000000000,0.9000000000,103,113,101,113,103,110
3614,neighbor,False,STEM_STRESS_OR_INTERVAL_BOUND,999999999.0000000000,8773.8752500000,0.2000000000,0.3000000000,0.3000000000,3.0000000000,0.9000000000,103,113,104,113,103,111
3615,neighbor,False,MINIMUM_MAIN_STEEL,999999999.0000000000,8773.8752500000,0.2000000000,0.3500000000,0.5000000000,2.5000000000,1.0000000000,101,113,100,113,100,110
3616,neighbor,False,STEM_STRESS_OR_INTERVAL_BOUND,999999999.0000000000,8773.8752500000,0.2000000000,0.2500000000,0.3000000000,3.0000000000,0.9000000000,102,113,103,113,102,112
3617,neighbor,False,MINIMUM_MAIN_STEEL,999999999.0000000000,8773.8752500000,0.2000000000,0.4000000000,0.4000000000,3.5000000000,0.8000000000,104,113,102,110,100,113
3618,neighbor,False,MINIMUM_MAIN_STEEL,999999999.0000000000,8773.8752500000,0.2500000000,0.3000000000,0.3000000000,3.0000000000,1.0000000000,102,113,103,111,100,112
3619,neighbor,False,STEM_STRESS_OR_INTERVAL_BOUND,999999999.0000000000,8773.8752500000,0.2250000000,0.2500000000,0.4000000000,3.5000000000,1.0000000000,103,113,102,112,100,110
3620,neighbor,False,MINIMUM_MAIN_STEEL,999999999.0000000000,8773.8752500000,0.2250000000,0.2500000000,0.5000000000,3.0000000000,1.0000000000,104,112,103,113,100,112
3621,neighbor,False,MEMBER_FLEXURE,999999999.0000000000,8773.8752500000,0.2250000000,0.4000000000,0.3000000000,3.0000000000,1.0000000000,103,112,100,111,102,111
3622,neighbor,False,MAXIMUM_MAIN_STEEL,999999999.0000000000,8773.8752500000,0.2000000000,0.4500000000,0.3000000000,3.0000000000,1.0000000000,104,110,100,111,103,112
3623,neighbor,False,MINIMUM_MAIN_STEEL,999999999.0000000000,8773.8752500000,0.2500000000,0.4000000000,0.5500000000,2.5000000000,1.0000000000,101,112,103,110,102,112
3624,neighbor,True,PASS_IMPLEMENTED_PROJECT_CHECKS,9906.3072200000,8773.8752500000,0.2000000000,0.4500000000,0.3000000000,3.5000000000,0.9000000000,103,113,102,112,104,112
3625,neighbor,False,ENVELOPE_BASE_CONTACT,999999999.0000000000,8773.8752500000,0.2000000000,0.4500000000,0.5500000000,2.5000000000,1.0000000000,104,110,104,112,104,110
3626,neighbor,False,MINIMUM_MAIN_STEEL,999999999.0000000000,8773.8752500000,0.2000000000,0.2500000000,0.5000000000,2.5000000000,1.0000000000,101,112,101,113,102,110
3627,neighbor,False,ENVELOPE_BASE_CONTACT,999999999.0000000000,8773.8752500000,0.2500000000,0.3000000000,0.3000000000,2.5000000000,1.0000000000,102,110,101,112,103,113
3628,neighbor,False,MINIMUM_MAIN_STEEL,999999999.0000000000,8773.8752500000,0.2000000000,0.4500000000,0.4500000000,3.0000000000,0.8000000000,101,112,103,112,100,113
3629,neighbor,False,STEM_STRESS_OR_INTERVAL_BOUND,999999999.0000000000,8773.8752500000,0.2000000000,0.2500000000,0.3000000000,3.5000000000,1.0000000000,102,110,103,112,103,110
3630,neighbor,False,MAXIMUM_MAIN_STEEL,999999999.0000000000,8773.8752500000,0.2000000000,0.4500000000,0.5000000000,3.5000000000,0.9000000000,104,110,104,113,103,113
3631,neighbor,False,MINIMUM_MAIN_STEEL,999999999.0000000000,8773.8752500000,0.2000000000,0.4000000000,0.5000000000,3.5000000000,0.9000000000,104,113,103,113,100,111
3632,neighbor,False,MINIMUM_MAIN_STEEL,999999999.0000000000,8773.8752500000,0.2000000000,0.2500000000,0.3000000000,3.5000000000,1.0000000000,104,112,101,110,100,112
3633,neighbor,False,MINIMUM_MAIN_STEEL,999999999.0000000000,8773.8752500000,0.2250000000,0.3500000000,0.3000000000,2.5000000000,1.0000000000,103,113,100,113,100,112
3634,neighbor,False,ENVELOPE_BASE_CONTACT,999999999.0000000000,8773.8752500000,0.2000000000,0.2500000000,0.4000000000,2.5000000000,0.9000000000,104,111,104,111,102,111
3635,neighbor,False,STEM_STRESS_OR_INTERVAL_BOUND,999999999.0000000000,8773.8752500000,0.2000000000,0.2500000000,0.3000000000,3.0000000000,0.9000000000,101,112,104,112,101,110
3636,neighbor,False,ENVELOPE_BASE_CONTACT,999999999.0000000000,8773.8752500000,0.2000000000,0.4000000000,0.4000000000,2.5000000000,0.9000000000,104,113,104,112,101,112
3637,neighbor,False,STEM_STRESS_OR_INTERVAL_BOUND,999999999.0000000000,8773.8752500000,0.2500000000,0.4500000000,0.3000000000,3.0000000000,1.0000000000,101,111,102,110,101,112
3638,neighbor,False,MAXIMUM_MAIN_STEEL,999999999.0000000000,8773.8752500000,0.2000000000,0.4000000000,0.3000000000,3.5000000000,1.0000000000,103,111,100,110,101,110
3639,neighbor,False,STEM_STRESS_OR_INTERVAL_BOUND,999999999.0000000000,8773.8752500000,0.2000000000,0.2500000000,0.3000000000,3.0000000000,1.0000000000,102,113,104,113,102,113
3640,neighbor,False,ENVELOPE_BASE_CONTACT,999999999.0000000000,8773.8752500000,0.2000000000,0.3500000000,0.4500000000,2.5000000000,1.0000000000,102,113,102,112,103,111
3641,neighbor,False,STEM_STRESS_OR_INTERVAL_BOUND,999999999.0000000000,8773.8752500000,0.2250000000,0.2500000000,0.3000000000,3.5000000000,0.8000000000,104,113,104,112,102,110
3642,neighbor,False,MINIMUM_MAIN_STEEL,999999999.0000000000,8773.8752500000,0.2000000000,0.4000000000,0.3000000000,2.5000000000,1.0000000000,101,112,104,113,101,113
3643,neighbor,False,MAXIMUM_MAIN_STEEL,999999999.0000000000,8773.8752500000,0.2000000000,0.3500000000,0.3500000000,3.0000000000,0.9000000000,102,110,103,110,103,113
3644,neighbor,False,MAXIMUM_MAIN_STEEL,999999999.0000000000,8773.8752500000,0.2000000000,0.4000000000,0.4000000000,3.0000000000,0.9000000000,103,111,101,113,100,110
3645,neighbor,False,MAXIMUM_MAIN_STEEL,999999999.0000000000,8773.8752500000,0.2000000000,0.3000000000,0.4000000000,3.0000000000,0.9000000000,104,111,102,111,101,110
3646,neighbor,False,MINIMUM_MAIN_STEEL,999999999.0000000000,8773.8752500000,0.2250000000,0.3500000000,0.3000000000,3.0000000000,1.0000000000,104,111,103,113,100,113
3647,neighbor,False,STEM_STRESS_OR_INTERVAL_BOUND,999999999.0000000000,8773.8752500000,0.2500000000,0.2500000000,0.3000000000,3.5000000000,0.9000000000,101,112,101,113,101,110
3648,neighbor,True,PASS_IMPLEMENTED_PROJECT_CHECKS,9923.6138200000,8773.8752500000,0.2000000000,0.3500000000,0.3000000000,3.5000000000,1.0000000000,104,113,102,111,103,111
3649,neighbor,False,ENVELOPE_BASE_CONTACT,999999999.0000000000,8773.8752500000,0.2000000000,0.3000000000,0.4500000000,2.5000000000,1.0000000000,104,110,103,112,101,111
3650,neighbor,False,MINIMUM_MAIN_STEEL,999999999.0000000000,8773.8752500000,0.2500000000,0.4000000000,0.3000000000,3.0000000000,1.0000000000,102,113,103,113,100,113
3651,neighbor,False,MINIMUM_MAIN_STEEL,999999999.0000000000,8773.8752500000,0.2250000000,0.4500000000,0.3000000000,2.5000000000,1.0000000000,101,112,102,112,103,110
3652,neighbor,False,STEM_STRESS_OR_INTERVAL_BOUND,999999999.0000000000,8773.8752500000,0.2000000000,0.2500000000,0.3000000000,3.0000000000,1.0000000000,101,113,102,110,103,111
3653,neighbor,False,STEM_STRESS_OR_INTERVAL_BOUND,999999999.0000000000,8773.8752500000,0.2500000000,0.3000000000,0.3000000000,3.0000000000,1.0000000000,104,113,102,111,103,112
3654,neighbor,False,ENVELOPE_BASE_CONTACT,999999999.0000000000,8773.8752500000,0.2000000000,0.2500000000,0.3000000000,2.5000000000,0.9000000000,104,113,101,113,104,112
3655,neighbor,False,STEM_STRESS_OR_INTERVAL_BOUND,999999999.0000000000,8773.8752500000,0.2000000000,0.3000000000,0.3000000000,3.0000000000,1.0000000000,104,113,103,113,102,112
3656,neighbor,False,STEM_STRESS_OR_INTERVAL_BOUND,999999999.0000000000,8773.8752500000,0.2000000000,0.4000000000,0.3000000000,3.0000000000,0.8000000000,102,113,100,110,101,111
3657,neighbor,True,PASS_IMPLEMENTED_PROJECT_CHECKS,11546.3899900000,8773.8752500000,0.2000000000,0.4500000000,0.5000000000,3.5000000000,1.0000000000,101,110,102,110,103,112
3658,neighbor,False,STEM_STRESS_OR_INTERVAL_BOUND,999999999.0000000000,8773.8752500000,0.2000000000,0.4000000000,0.5500000000,3.5000000000,0.9000000000,102,112,102,112,102,113
3659,neighbor,False,MINIMUM_MAIN_STEEL,999999999.0000000000,8773.8752500000,0.2250000000,0.3000000000,0.3000000000,2.5000000000,1.0000000000,103,111,104,112,100,112
3660,neighbor,True,PASS_IMPLEMENTED_PROJECT_CHECKS,10167.6012500000,8773.8752500000,0.2000000000,0.4000000000,0.3000000000,3.0000000000,1.0000000000,103,112,103,111,103,110
3661,neighbor,False,MINIMUM_MAIN_STEEL,999999999.0000000000,8773.8752500000,0.2000000000,0.3500000000,0.5500000000,3.0000000000,1.0000000000,101,113,104,113,100,111
3662,neighbor,False,MINIMUM_MAIN_STEEL,999999999.0000000000,8773.8752500000,0.2000000000,0.3500000000,0.3000000000,2.5000000000,0.8000000000,103,111,100,113,101,110
3663,neighbor,False,STEM_STRESS_OR_INTERVAL_BOUND,999999999.0000000000,8773.8752500000,0.2000000000,0.3500000000,0.4500000000,3.0000000000,1.0000000000,102,113,102,112,100,110
3664,neighbor,False,MINIMUM_MAIN_STEEL,999999999.0000000000,8773.8752500000,0.2000000000,0.2500000000,0.3000000000,3.0000000000,0.8000000000,104,113,102,112,100,112
3665,neighbor,False,MINIMUM_MAIN_STEEL,999999999.0000000000,8773.8752500000,0.2000000000,0.4000000000,0.5500000000,3.5000000000,1.0000000000,104,113,102,113,101,113
3666,neighbor,False,STEM_STRESS_OR_INTERVAL_BOUND,999999999.0000000000,8773.8752500000,0.2000000000,0.2500000000,0.3000000000,3.0000000000,1.0000000000,104,113,103,112,102,112
3667,neighbor,False,ENVELOPE_BASE_CONTACT,999999999.0000000000,8773.8752500000,0.2500000000,0.3500000000,0.3000000000,2.5000000000,1.0000000000,104,111,103,113,103,113
3668,neighbor,False,MEMBER_FLEXURE,999999999.0000000000,8773.8752500000,0.2000000000,0.4500000000,0.3500000000,3.0000000000,1.0000000000,103,112,102,112,100,111
3669,neighbor,False,MINIMUM_MAIN_STEEL,999999999.0000000000,8773.8752500000,0.2500000000,0.3000000000,0.3500000000,3.0000000000,0.8000000000,103,111,103,113,100,113
3670,neighbor,False,ENVELOPE_BASE_CONTACT,999999999.0000000000,8773.8752500000,0.2000000000,0.4000000000,0.3000000000,2.5000000000,1.0000000000,104,113,103,110,103,111
3671,neighbor,False,ENVELOPE_BASE_CONTACT,999999999.0000000000,8773.8752500000,0.2000000000,0.2500000000,0.3000000000,2.5000000000,0.9000000000,103,111,102,112,104,111
3672,neighbor,False,ENVELOPE_BASE_CONTACT,999999999.0000000000,8773.8752500000,0.2000000000,0.2500000000,0.3000000000,2.5000000000,1.0000000000,104,112,101,112,101,110
3673,neighbor,False,MAXIMUM_MAIN_STEEL,999999999.0000000000,8773.8752500000,0.2000000000,0.3000000000,0.3000000000,3.5000000000,1.0000000000,104,110,104,111,101,113
3674,neighbor,False,MINIMUM_MAIN_STEEL,999999999.0000000000,8773.8752500000,0.2000000000,0.4500000000,0.3000000000,3.0000000000,1.0000000000,101,113,101,111,103,111
3675,neighbor,False,MINIMUM_MAIN_STEEL,999999999.0000000000,8773.8752500000,0.2000000000,0.2500000000,0.5000000000,3.0000000000,0.8000000000,103,113,101,113,101,110
3676,neighbor,False,MINIMUM_MAIN_STEEL,999999999.0000000000,8773.8752500000,0.2000000000,0.4000000000,0.3000000000,3.0000000000,1.0000000000,104,111,102,110,100,113
3677,neighbor,False,MINIMUM_MAIN_STEEL,999999999.0000000000,8773.8752500000,0.2500000000,0.4000000000,0.3000000000,2.5000000000,1.0000000000,104,113,100,112,102,113
3678,neighbor,False,STEM_STRESS_OR_INTERVAL_BOUND,999999999.0000000000,8773.8752500000,0.2250000000,0.3000000000,0.5500000000,3.0000000000,0.9000000000,101,110,103,113,103,112
3679,neighbor,False,MINIMUM_MAIN_STEEL,999999999.0000000000,8773.8752500000,0.2000000000,0.4500000000,0.3000000000,2.5000000000,1.0000000000,102,113,103,113,102,110
3680,neighbor,False,STEM_STRESS_OR_INTERVAL_BOUND,999999999.0000000000,8773.8752500000,0.2000000000,0.3500000000,0.4000000000,3.0000000000,0.9000000000,101,111,101,113,104,110
3681,neighbor,False,STEM_STRESS_OR_INTERVAL_BOUND,999999999.0000000000,8773.8752500000,0.2250000000,0.3000000000,0.5000000000,3.5000000000,1.0000000000,101,111,103,110,103,111
3682,neighbor,False,STEM_STRESS_OR_INTERVAL_BOUND,999999999.0000000000,8773.8752500000,0.2000000000,0.2500000000,0.3000000000,3.0000000000,0.8000000000,103,110,100,110,102,112
3683,neighbor,True,PASS_IMPLEMENTED_PROJECT_CHECKS,9721.0587520000,8773.8752500000,0.2000000000,0.4000000000,0.3500000000,3.5000000000,1.0000000000,104,113,101,113,102,112
3684,neighbor,False,STEM_STRESS_OR_INTERVAL_BOUND,999999999.0000000000,8773.8752500000,0.2000000000,0.2500000000,0.4000000000,3.0000000000,0.8000000000,101,112,104,113,103,110
3685,neighbor,False,ENVELOPE_BASE_CONTACT,999999999.0000000000,8773.8752500000,0.2000000000,0.3500000000,0.3000000000,2.5000000000,1.0000000000,102,112,103,113,103,111
3686,neighbor,False,MINIMUM_MAIN_STEEL,999999999.0000000000,8773.8752500000,0.2000000000,0.4000000000,0.4500000000,2.5000000000,1.0000000000,101,113,102,110,104,110
3687,neighbor,False,STEM_STRESS_OR_INTERVAL_BOUND,999999999.0000000000,8773.8752500000,0.2000000000,0.2500000000,0.3000000000,3.5000000000,0.9000000000,102,113,100,111,100,111
3688,neighbor,False,ENVELOPE_BASE_CONTACT,999999999.0000000000,8773.8752500000,0.2250000000,0.3500000000,0.4500000000,2.5000000000,1.0000000000,102,112,102,113,103,113
3689,neighbor,False,MINIMUM_MAIN_STEEL,999999999.0000000000,8773.8752500000,0.2000000000,0.4500000000,0.4500000000,3.0000000000,1.0000000000,102,113,101,110,100,110
3690,neighbor,False,STEM_STRESS_OR_INTERVAL_BOUND,999999999.0000000000,8773.8752500000,0.2500000000,0.3000000000,0.3500000000,3.5000000000,1.0000000000,101,111,101,113,100,110
3691,neighbor,True,PASS_IMPLEMENTED_PROJECT_CHECKS,10914.4047600000,8773.8752500000,0.2000000000,0.3500000000,0.3000000000,3.5000000000,1.0000000000,104,113,104,111,103,110
3692,neighbor,False,MINIMUM_MAIN_STEEL,999999999.0000000000,8773.8752500000,0.2250000000,0.2500000000,0.4500000000,3.0000000000,1.0000000000,101,110,100,111,101,111
3693,neighbor,False,ENVELOPE_BASE_CONTACT,999999999.0000000000,8773.8752500000,0.2250000000,0.2500000000,0.4000000000,2.5000000000,0.8000000000,102,113,104,112,104,112
3694,neighbor,False,STEM_STRESS_OR_INTERVAL_BOUND,999999999.0000000000,8773.8752500000,0.2250000000,0.4000000000,0.3000000000,3.0000000000,0.8000000000,103,113,103,113,102,110
3695,neighbor,False,STEM_STRESS_OR_INTERVAL_BOUND,999999999.0000000000,8773.8752500000,0.2000000000,0.2500000000,0.5500000000,3.0000000000,1.0000000000,104,111,104,111,103,110
3696,neighbor,False,ENVELOPE_BASE_CONTACT,999999999.0000000000,8773.8752500000,0.2000000000,0.4500000000,0.3000000000,2.5000000000,1.0000000000,103,110,102,111,103,110
3697,neighbor,False,STEM_STRESS_OR_INTERVAL_BOUND,999999999.0000000000,8773.8752500000,0.2000000000,0.2500000000,0.4000000000,3.0000000000,1.0000000000,103,113,104,111,102,110
3698,neighbor,False,MINIMUM_MAIN_STEEL,999999999.0000000000,8773.8752500000,0.2000000000,0.4500000000,0.4500000000,3.0000000000,1.0000000000,102,113,103,110,100,110
3699,neighbor,False,MINIMUM_MAIN_STEEL,999999999.0000000000,8773.8752500000,0.2000000000,0.4500000000,0.3000000000,3.0000000000,1.0000000000,104,112,100,112,100,111
3700,neighbor,True,PASS_IMPLEMENTED_PROJECT_CHECKS,11359.5498350000,8773.8752500000,0.2250000000,0.4500000000,0.5500000000,3.5000000000,1.0000000000,103,113,101,110,100,110
3701,neighbor,False,MINIMUM_MAIN_STEEL,999999999.0000000000,8773.8752500000,0.2000000000,0.3500000000,0.5000000000,2.5000000000,0.9000000000,104,113,100,113,101,111
3702,neighbor,False,STEM_STRESS_OR_INTERVAL_BOUND,999999999.0000000000,8773.8752500000,0.2000000000,0.2500000000,0.3000000000,3.5000000000,1.0000000000,104,112,103,113,104,111
3703,neighbor,False,MEMBER_FLEXURE,999999999.0000000000,8773.8752500000,0.2000000000,0.3500000000,0.3500000000,3.0000000000,1.0000000000,104,113,102,111,100,110
3704,neighbor,False,ENVELOPE_BASE_CONTACT,999999999.0000000000,8773.8752500000,0.2000000000,0.3500000000,0.3000000000,2.5000000000,0.9000000000,104,112,101,113,104,112
3705,neighbor,False,MAXIMUM_MAIN_STEEL,999999999.0000000000,8773.8752500000,0.2500000000,0.4500000000,0.3000000000,3.0000000000,1.0000000000,104,111,103,111,100,110
3706,neighbor,False,STEM_STRESS_OR_INTERVAL_BOUND,999999999.0000000000,8773.8752500000,0.2000000000,0.3000000000,0.3000000000,3.5000000000,1.0000000000,104,113,104,113,102,110
3707,neighbor,False,MINIMUM_MAIN_STEEL,999999999.0000000000,8773.8752500000,0.2000000000,0.3500000000,0.3000000000,3.5000000000,1.0000000000,104,113,102,113,100,112
3708,neighbor,False,MEMBER_FLEXURE,999999999.0000000000,8773.8752500000,0.2250000000,0.4000000000,0.3000000000,3.0000000000,1.0000000000,104,113,104,113,101,113
3709,neighbor,False,STEM_STRESS_OR_INTERVAL_BOUND,999999999.0000000000,8773.8752500000,0.2250000000,0.4500000000,0.4000000000,3.0000000000,0.9000000000,101,111,101,110,100,110
3710,neighbor,False,MEMBER_FLEXURE,999999999.0000000000,8773.8752500000,0.2250000000,0.3000000000,0.3500000000,3.5000000000,0.8000000000,104,112,104,110,102,113
3711,neighbor,False,ENVELOPE_BASE_CONTACT,999999999.0000000000,8773.8752500000,0.2000000000,0.4000000000,0.3000000000,2.5000000000,1.0000000000,102,113,100,110,104,110
3712,neighbor,False,ENVELOPE_BASE_CONTACT,999999999.0000000000,8773.8752500000,0.2000000000,0.4500000000,0.3000000000,2.5000000000,0.9000000000,104,110,104,111,100,111
3713,neighbor,False,ENVELOPE_BASE_CONTACT,999999999.0000000000,8773.8752500000,0.2250000000,0.2500000000,0.3000000000,2.5000000000,1.0000000000,101,110,104,110,100,110
3714,neighbor,False,STEM_STRESS_OR_INTERVAL_BOUND,999999999.0000000000,8773.8752500000,0.2000000000,0.2500000000,0.4000000000,3.0000000000,0.9000000000,103,112,103,112,104,113
3715,neighbor,False,MINIMUM_MAIN_STEEL,999999999.0000000000,8773.8752500000,0.2250000000,0.3500000000,0.5000000000,3.0000000000,1.0000000000,101,113,103,113,101,112
3716,neighbor,False,MINIMUM_MAIN_STEEL,999999999.0000000000,8773.8752500000,0.2250000000,0.3500000000,0.5500000000,3.5000000000,0.9000000000,101,113,104,112,103,111
3717,neighbor,False,MINIMUM_MAIN_STEEL,999999999.0000000000,8773.8752500000,0.2000000000,0.3500000000,0.5000000000,3.0000000000,1.0000000000,103,112,104,113,101,113
3718,neighbor,False,STEM_STRESS_OR_INTERVAL_BOUND,999999999.0000000000,8773.8752500000,0.2500000000,0.2500000000,0.5000000000,3.0000000000,1.0000000000,101,110,104,112,102,113
3719,neighbor,False,STEM_STRESS_OR_INTERVAL_BOUND,999999999.0000000000,8773.8752500000,0.2000000000,0.3000000000,0.3500000000,3.5000000000,0.9000000000,104,113,104,112,101,111
3720,neighbor,False,ENVELOPE_BASE_CONTACT,999999999.0000000000,8773.8752500000,0.2000000000,0.3000000000,0.3000000000,2.5000000000,1.0000000000,104,111,104,111,101,111
3721,neighbor,False,STEM_STRESS_OR_INTERVAL_BOUND,999999999.0000000000,8773.8752500000,0.2000000000,0.4000000000,0.3000000000,3.0000000000,1.0000000000,103,113,103,111,104,111
3722,neighbor,False,MAXIMUM_MAIN_STEEL,999999999.0000000000,8773.8752500000,0.2250000000,0.3500000000,0.3000000000,3.5000000000,1.0000000000,104,111,104,113,104,110
3723,neighbor,False,MAXIMUM_MAIN_STEEL,999999999.0000000000,8773.8752500000,0.2000000000,0.3000000000,0.3000000000,3.5000000000,0.8000000000,103,110,103,112,104,113
3724,neighbor,True,PASS_IMPLEMENTED_PROJECT_CHECKS,10075.3958200000,8773.8752500000,0.2000000000,0.3500000000,0.3000000000,3.5000000000,0.9000000000,104,113,103,111,102,110
3725,neighbor,False,MINIMUM_MAIN_STEEL,999999999.0000000000,8773.8752500000,0.2000000000,0.4500000000,0.3000000000,3.5000000000,1.0000000000,102,113,100,113,103,112
3726,neighbor,False,ENVELOPE_BASE_CONTACT,999999999.0000000000,8773.8752500000,0.2000000000,0.3500000000,0.4000000000,2.5000000000,1.0000000000,104,112,101,113,104,112
3727,neighbor,False,MINIMUM_MAIN_STEEL,999999999.0000000000,8773.8752500000,0.2500000000,0.3000000000,0.3000000000,3.0000000000,1.0000000000,104,110,100,113,104,110
3728,neighbor,False,ENVELOPE_BASE_CONTACT,999999999.0000000000,8773.8752500000,0.2000000000,0.3500000000,0.4000000000,2.5000000000,0.9000000000,101,112,102,113,102,110
3729,neighbor,False,MINIMUM_MAIN_STEEL,999999999.0000000000,8773.8752500000,0.2000000000,0.2500000000,0.5000000000,3.5000000000,0.8000000000,102,111,103,113,100,113
3730,neighbor,False,ENVELOPE_BASE_CONTACT,999999999.0000000000,8773.8752500000,0.2250000000,0.4000000000,0.3500000000,2.5000000000,1.0000000000,101,111,101,111,102,110
3731,neighbor,False,MINIMUM_MAIN_STEEL,999999999.0000000000,8773.8752500000,0.2500000000,0.3000000000,0.4500000000,3.5000000000,1.0000000000,104,113,100,113,101,111
3732,neighbor,True,PASS_IMPLEMENTED_PROJECT_CHECKS,9698.0632200000,8773.8752500000,0.2250000000,0.4000000000,0.4000000000,3.0000000000,0.9000000000,103,113,104,112,102,111
3733,neighbor,False,ENVELOPE_BASE_CONTACT,999999999.0000000000,8773.8752500000,0.2500000000,0.4000000000,0.4000000000,2.5000000000,1.0000000000,103,113,104,110,101,112
3734,neighbor,False,MEMBER_FLEXURE,999999999.0000000000,8773.8752500000,0.2000000000,0.4000000000,0.3500000000,3.0000000000,1.0000000000,103,113,100,111,101,112
3735,neighbor,False,STEM_STRESS_OR_INTERVAL_BOUND,999999999.0000000000,8773.8752500000,0.2500000000,0.3000000000,0.5500000000,3.5000000000,1.0000000000,101,110,104,112,104,113
3736,neighbor,False,MINIMUM_MAIN_STEEL,999999999.0000000000,8773.8752500000,0.2500000000,0.4000000000,0.5500000000,3.5000000000,1.0000000000,101,113,104,112,102,112
3737,neighbor,False,ENVELOPE_BASE_CONTACT,999999999.0000000000,8773.8752500000,0.2000000000,0.3500000000,0.3000000000,2.5000000000,1.0000000000,104,112,104,112,100,110
3738,neighbor,False,MINIMUM_MAIN_STEEL,999999999.0000000000,8773.8752500000,0.2000000000,0.4500000000,0.3500000000,3.5000000000,1.0000000000,101,111,100,112,103,113
3739,neighbor,False,MINIMUM_MAIN_STEEL,999999999.0000000000,8773.8752500000,0.2000000000,0.4500000000,0.5500000000,3.0000000000,0.8000000000,101,113,104,111,104,113
3740,neighbor,False,MINIMUM_MAIN_STEEL,999999999.0000000000,8773.8752500000,0.2000000000,0.4500000000,0.3000000000,3.0000000000,0.8000000000,102,113,100,111,101,110
3741,neighbor,False,MINIMUM_MAIN_STEEL,999999999.0000000000,8773.8752500000,0.2000000000,0.4500000000,0.5000000000,3.5000000000,0.8000000000,103,111,100,113,103,110
3742,neighbor,False,MINIMUM_MAIN_STEEL,999999999.0000000000,8773.8752500000,0.2000000000,0.4000000000,0.3000000000,2.5000000000,1.0000000000,104,111,100,113,102,113
3743,neighbor,False,MAXIMUM_MAIN_STEEL,999999999.0000000000,8773.8752500000,0.2500000000,0.3500000000,0.3000000000,3.0000000000,1.0000000000,104,111,101,111,101,110
3744,neighbor,False,MINIMUM_MAIN_STEEL,999999999.0000000000,8773.8752500000,0.2000000000,0.2500000000,0.5000000000,3.0000000000,1.0000000000,104,111,102,111,100,111
3745,neighbor,False,ENVELOPE_BASE_CONTACT,999999999.0000000000,8773.8752500000,0.2000000000,0.3500000000,0.4500000000,2.5000000000,1.0000000000,104,112,103,113,104,110
3746,neighbor,False,MINIMUM_MAIN_STEEL,999999999.0000000000,8773.8752500000,0.2500000000,0.3000000000,0.3000000000,2.5000000000,0.8000000000,104,110,100,113,104,110
3747,neighbor,False,STEM_STRESS_OR_INTERVAL_BOUND,999999999.0000000000,8773.8752500000,0.2500000000,0.2500000000,0.5000000000,3.5000000000,1.0000000000,104,112,101,110,102,113
3748,neighbor,False,STEM_STRESS_OR_INTERVAL_BOUND,999999999.0000000000,8773.8752500000,0.2500000000,0.3000000000,0.3000000000,3.5000000000,1.0000000000,102,113,100,111,104,112
3749,neighbor,False,MINIMUM_MAIN_STEEL,999999999.0000000000,8773.8752500000,0.2000000000,0.3500000000,0.4500000000,3.5000000000,1.0000000000,103,111,104,111,100,111
3750,neighbor,False,ENVELOPE_BASE_CONTACT,999999999.0000000000,8773.8752500000,0.2000000000,0.3500000000,0.4500000000,2.5000000000,1.0000000000,103,110,104,113,104,112
3751,neighbor,False,MINIMUM_MAIN_STEEL,999999999.0000000000,8773.8752500000,0.2250000000,0.3000000000,0.5000000000,3.0000000000,1.0000000000,103,113,102,113,101,113
3752,neighbor,False,MEMBER_FLEXURE,999999999.0000000000,8773.8752500000,0.2000000000,0.4000000000,0.3000000000,3.0000000000,1.0000000000,104,113,100,111,103,112
3753,neighbor,False,STEM_STRESS_OR_INTERVAL_BOUND,999999999.0000000000,8773.8752500000,0.2000000000,0.3500000000,0.3000000000,3.5000000000,1.0000000000,101,112,102,112,102,111
3754,neighbor,False,ENVELOPE_BASE_CONTACT,999999999.0000000000,8773.8752500000,0.2000000000,0.4000000000,0.3000000000,2.5000000000,1.0000000000,102,112,103,112,101,113
3755,neighbor,False,MINIMUM_MAIN_STEEL,999999999.0000000000,8773.8752500000,0.2000000000,0.4500000000,0.5500000000,3.0000000000,0.8000000000,101,113,100,110,100,113
3756,neighbor,True,PASS_IMPLEMENTED_PROJECT_CHECKS,11596.0262500000,8773.8752500000,0.2500000000,0.4500000000,0.5000000000,3.5000000000,1.0000000000,103,113,103,113,103,112
3757,neighbor,False,ENVELOPE_BASE_CONTACT,999999999.0000000000,8773.8752500000,0.2500000000,0.2500000000,0.3000000000,2.5000000000,0.8000000000,102,111,104,111,102,110
3758,neighbor,False,MINIMUM_MAIN_STEEL,999999999.0000000000,8773.8752500000,0.2500000000,0.3500000000,0.5500000000,3.0000000000,0.8000000000,104,113,103,110,101,113
3759,neighbor,False,STEM_STRESS_OR_INTERVAL_BOUND,999999999.0000000000,8773.8752500000,0.2250000000,0.3000000000,0.3000000000,3.5000000000,1.0000000000,104,112,102,110,102,111
3760,neighbor,False,STEM_STRESS_OR_INTERVAL_BOUND,999999999.0000000000,8773.8752500000,0.2250000000,0.3500000000,0.3000000000,3.5000000000,0.9000000000,101,111,102,113,103,112
3761,neighbor,False,STEM_STRESS_OR_INTERVAL_BOUND,999999999.0000000000,8773.8752500000,0.2000000000,0.3000000000,0.3000000000,3.5000000000,0.8000000000,101,111,102,112,100,111
3762,neighbor,False,ENVELOPE_BASE_CONTACT,999999999.0000000000,8773.8752500000,0.2500000000,0.3000000000,0.3000000000,2.5000000000,1.0000000000,101,112,104,113,104,112
3763,neighbor,False,ENVELOPE_BASE_CONTACT,999999999.0000000000,8773.8752500000,0.2000000000,0.3000000000,0.3000000000,2.5000000000,0.8000000000,102,111,101,113,102,112
3764,neighbor,False,ENVELOPE_BASE_CONTACT,999999999.0000000000,8773.8752500000,0.2250000000,0.3500000000,0.5000000000,2.5000000000,0.9000000000,103,113,104,110,104,112
3765,neighbor,False,MINIMUM_MAIN_STEEL,999999999.0000000000,8773.8752500000,0.2000000000,0.4500000000,0.5500000000,2.5000000000,0.9000000000,103,113,100,111,100,110
3766,neighbor,False,MAXIMUM_MAIN_STEEL,999999999.0000000000,8773.8752500000,0.2250000000,0.4000000000,0.4000000000,3.0000000000,0.9000000000,103,110,104,111,102,113
3767,neighbor,False,MINIMUM_MAIN_STEEL,999999999.0000000000,8773.8752500000,0.2000000000,0.3000000000,0.4500000000,3.0000000000,1.0000000000,101,112,101,113,101,113
3768,neighbor,True,PASS_IMPLEMENTED_PROJECT_CHECKS,10995.0964050000,8773.8752500000,0.2250000000,0.3500000000,0.4500000000,3.0000000000,0.9000000000,103,111,103,113,104,112
3769,neighbor,False,MAXIMUM_MAIN_STEEL,999999999.0000000000,8773.8752500000,0.2250000000,0.4000000000,0.3000000000,3.0000000000,1.0000000000,104,111,100,111,102,110
3770,neighbor,False,STEM_STRESS_OR_INTERVAL_BOUND,999999999.0000000000,8773.8752500000,0.2250000000,0.4500000000,0.3500000000,3.5000000000,1.0000000000,101,111,100,110,102,110
3771,neighbor,False,MAXIMUM_MAIN_STEEL,999999999.0000000000,8773.8752500000,0.2000000000,0.3500000000,0.5500000000,3.0000000000,1.0000000000,104,110,101,111,104,111
3772,neighbor,False,ENVELOPE_BASE_CONTACT,999999999.0000000000,8773.8752500000,0.2250000000,0.2500000000,0.3000000000,2.5000000000,1.0000000000,101,111,103,113,102,110
3773,neighbor,False,MINIMUM_MAIN_STEEL,999999999.0000000000,8773.8752500000,0.2000000000,0.4500000000,0.4000000000,3.5000000000,0.9000000000,101,112,101,110,104,112
3774,neighbor,False,STEM_STRESS_OR_INTERVAL_BOUND,999999999.0000000000,8773.8752500000,0.2000000000,0.2500000000,0.3500000000,3.0000000000,1.0000000000,104,110,100,110,104,112
3775,neighbor,False,MINIMUM_MAIN_STEEL,999999999.0000000000,8773.8752500000,0.2000000000,0.4000000000,0.5000000000,3.5000000000,0.8000000000,103,110,100,112,103,111
3776,neighbor,False,STEM_STRESS_OR_INTERVAL_BOUND,999999999.0000000000,8773.8752500000,0.2250000000,0.2500000000,0.4000000000,3.0000000000,1.0000000000,101,113,101,110,103,110
3777,neighbor,False,MAXIMUM_MAIN_STEEL,999999999.0000000000,8773.8752500000,0.2000000000,0.4000000000,0.3000000000,3.0000000000,1.0000000000,104,111,103,113,102,111
3778,neighbor,False,STEM_STRESS_OR_INTERVAL_BOUND,999999999.0000000000,8773.8752500000,0.2000000000,0.2500000000,0.3000000000,3.5000000000,0.9000000000,101,113,103,110,101,111
3779,neighbor,False,MINIMUM_MAIN_STEEL,999999999.0000000000,8773.8752500000,0.2000000000,0.3000000000,0.3000000000,2.5000000000,0.9000000000,103,112,100,112,101,113
3780,neighbor,False,ENVELOPE_BASE_CONTACT,999999999.0000000000,8773.8752500000,0.2000000000,0.4000000000,0.3000000000,2.5000000000,0.9000000000,103,112,104,110,102,111
3781,neighbor,False,ENVELOPE_BASE_CONTACT,999999999.0000000000,8773.8752500000,0.2250000000,0.4000000000,0.3000000000,2.5000000000,0.9000000000,103,111,103,113,100,111
3782,neighbor,False,MINIMUM_MAIN_STEEL,999999999.0000000000,8773.8752500000,0.2250000000,0.4500000000,0.5000000000,3.5000000000,0.8000000000,103,111,103,111,100,112
3783,neighbor,False,STEM_STRESS_OR_INTERVAL_BOUND,999999999.0000000000,8773.8752500000,0.2500000000,0.3500000000,0.3000000000,3.0000000000,0.9000000000,101,112,104,113,100,111
3784,neighbor,False,STEM_STRESS_OR_INTERVAL_BOUND,999999999.0000000000,8773.8752500000,0.2000000000,0.3000000000,0.3000000000,3.5000000000,0.8000000000,103,113,101,112,103,110
3785,neighbor,False,MINIMUM_MAIN_STEEL,999999999.0000000000,8773.8752500000,0.2250000000,0.3000000000,0.3000000000,3.5000000000,0.8000000000,102,111,103,110,100,112
3786,neighbor,False,MINIMUM_MAIN_STEEL,999999999.0000000000,8773.8752500000,0.2000000000,0.3000000000,0.3000000000,2.5000000000,1.0000000000,104,111,100,112,100,110
3787,neighbor,False,STEM_STRESS_OR_INTERVAL_BOUND,999999999.0000000000,8773.8752500000,0.2000000000,0.4000000000,0.5500000000,3.0000000000,0.9000000000,102,113,104,113,104,111
3788,neighbor,False,ENVELOPE_BASE_CONTACT,999999999.0000000000,8773.8752500000,0.2000000000,0.4500000000,0.3000000000,2.5000000000,1.0000000000,104,110,104,110,104,113
3789,neighbor,False,ENVELOPE_BASE_CONTACT,999999999.0000000000,8773.8752500000,0.2000000000,0.4000000000,0.5000000000,2.5000000000,1.0000000000,104,110,101,112,104,110
3790,neighbor,False,STEM_STRESS_OR_INTERVAL_BOUND,999999999.0000000000,8773.8752500000,0.2250000000,0.3500000000,0.3000000000,3.0000000000,1.0000000000,102,113,100,111,104,110
3791,neighbor,False,ENVELOPE_BASE_CONTACT,999999999.0000000000,8773.8752500000,0.2000000000,0.3000000000,0.5000000000,2.5000000000,1.0000000000,102,113,101,112,103,111
3792,neighbor,True,PASS_IMPLEMENTED_PROJECT_CHECKS,9879.2162500000,8773.8752500000,0.2500000000,0.3500000000,0.3500000000,3.0000000000,0.8000000000,103,112,103,113,103,111
3793,neighbor,False,MAXIMUM_MAIN_STEEL,999999999.0000000000,8773.8752500000,0.2000000000,0.3500000000,0.3000000000,3.5000000000,1.0000000000,104,112,102,113,103,110
3794,neighbor,False,ENVELOPE_BASE_CONTACT,999999999.0000000000,8773.8752500000,0.2500000000,0.4000000000,0.3000000000,2.5000000000,0.9000000000,104,113,104,113,101,111
3795,neighbor,False,MINIMUM_MAIN_STEEL,999999999.0000000000,8773.8752500000,0.2000000000,0.4500000000,0.3000000000,3.0000000000,0.8000000000,101,112,101,112,100,110
3796,neighbor,False,MAXIMUM_MAIN_STEEL,999999999.0000000000,8773.8752500000,0.2000000000,0.4000000000,0.3000000000,3.5000000000,0.9000000000,103,110,104,111,102,111
3797,neighbor,False,MINIMUM_MAIN_STEEL,999999999.0000000000,8773.8752500000,0.2500000000,0.2500000000,0.4000000000,3.5000000000,1.0000000000,101,113,103,113,100,112
3798,neighbor,False,STEM_STRESS_OR_INTERVAL_BOUND,999999999.0000000000,8773.8752500000,0.2000000000,0.4000000000,0.3000000000,3.0000000000,0.9000000000,103,113,103,111,101,110
3799,neighbor,True,PASS_IMPLEMENTED_PROJECT_CHECKS,10998.2810600000,8773.8752500000,0.2000000000,0.3500000000,0.5500000000,3.0000000000,1.0000000000,103,112,103,110,101,110
3800,neighbor,False,STEM_STRESS_OR_INTERVAL_BOUND,999999999.0000000000,8773.8752500000,0.2000000000,0.2500000000,0.3000000000,3.5000000000,1.0000000000,102,110,101,112,104,110
3801,neighbor,False,STEM_STRESS_OR_INTERVAL_BOUND,999999999.0000000000,8773.8752500000,0.2000000000,0.2500000000,0.3000000000,3.5000000000,1.0000000000,103,113,102,111,102,111
3802,neighbor,True,PASS_IMPLEMENTED_PROJECT_CHECKS,10663.2903960000,8773.8752500000,0.2500000000,0.4500000000,0.3500000000,3.0000000000,0.9000000000,104,113,101,110,104,111
3803,neighbor,True,PASS_IMPLEMENTED_PROJECT_CHECKS,9897.5697580000,8773.8752500000,0.2000000000,0.4000000000,0.3000000000,3.5000000000,0.8000000000,103,112,102,111,104,113
3804,neighbor,False,ENVELOPE_BASE_CONTACT,999999999.0000000000,8773.8752500000,0.2250000000,0.4500000000,0.3000000000,2.5000000000,1.0000000000,104,111,101,113,104,112
3805,neighbor,False,ENVELOPE_BASE_CONTACT,999999999.0000000000,8773.8752500000,0.2000000000,0.4000000000,0.5000000000,2.5000000000,1.0000000000,104,113,104,111,102,110
3806,neighbor,True,PASS_IMPLEMENTED_PROJECT_CHECKS,10469.0556440000,8773.8752500000,0.2000000000,0.4500000000,0.3000000000,3.5000000000,1.0000000000,104,113,104,113,104,112
3807,neighbor,False,MINIMUM_MAIN_STEEL,999999999.0000000000,8773.8752500000,0.2500000000,0.4000000000,0.5500000000,3.5000000000,0.8000000000,104,112,103,111,100,113
3808,neighbor,False,MINIMUM_MAIN_STEEL,999999999.0000000000,8773.8752500000,0.2500000000,0.3500000000,0.4500000000,3.0000000000,1.0000000000,103,113,100,111,104,111
3809,neighbor,False,MINIMUM_MAIN_STEEL,999999999.0000000000,8773.8752500000,0.2000000000,0.4500000000,0.5500000000,3.5000000000,0.9000000000,104,111,101,113,103,112
3810,neighbor,False,MINIMUM_MAIN_STEEL,999999999.0000000000,8773.8752500000,0.2000000000,0.4000000000,0.3000000000,3.5000000000,1.0000000000,101,112,103,111,100,110
3811,neighbor,False,STEM_STRESS_OR_INTERVAL_BOUND,999999999.0000000000,8773.8752500000,0.2000000000,0.2500000000,0.3000000000,3.5000000000,1.0000000000,103,110,102,113,102,111
3812,neighbor,False,STEM_STRESS_OR_INTERVAL_BOUND,999999999.0000000000,8773.8752500000,0.2250000000,0.2500000000,0.3000000000,3.5000000000,0.9000000000,102,111,104,112,104,110
3813,neighbor,False,MAXIMUM_MAIN_STEEL,999999999.0000000000,8773.8752500000,0.2500000000,0.4500000000,0.3000000000,3.5000000000,1.0000000000,104,113,102,113,104,110
3814,neighbor,False,MEMBER_FLEXURE,999999999.0000000000,8773.8752500000,0.2000000000,0.3500000000,0.3000000000,3.0000000000,0.8000000000,103,112,100,111,101,111
3815,neighbor,False,STEM_STRESS_OR_INTERVAL_BOUND,999999999.0000000000,8773.8752500000,0.2250000000,0.2500000000,0.3000000000,3.5000000000,0.8000000000,102,113,101,113,101,111
3816,neighbor,False,MINIMUM_MAIN_STEEL,999999999.0000000000,8773.8752500000,0.2000000000,0.4500000000,0.3000000000,3.5000000000,1.0000000000,102,113,103,112,101,110
3817,neighbor,False,MAXIMUM_MAIN_STEEL,999999999.0000000000,8773.8752500000,0.2000000000,0.3500000000,0.3000000000,3.5000000000,0.9000000000,103,110,104,112,100,111
3818,neighbor,False,ENVELOPE_BASE_CONTACT,999999999.0000000000,8773.8752500000,0.2250000000,0.4000000000,0.3000000000,2.5000000000,0.9000000000,102,113,101,110,104,112
3819,neighbor,False,ENVELOPE_BASE_CONTACT,999999999.0000000000,8773.8752500000,0.2000000000,0.3000000000,0.4500000000,2.5000000000,0.8000000000,101,110,103,113,102,110
3820,neighbor,False,ENVELOPE_BASE_CONTACT,999999999.0000000000,8773.8752500000,0.2000000000,0.3500000000,0.3000000000,2.5000000000,1.0000000000,104,113,100,110,104,111
3821,neighbor,False,MINIMUM_MAIN_STEEL,999999999.0000000000,8773.8752500000,0.2500000000,0.4500000000,0.5000000000,3.5000000000,0.8000000000,102,113,104,112,103,113
3822,neighbor,False,STEM_STRESS_OR_INTERVAL_BOUND,999999999.0000000000,8773.8752500000,0.2000000000,0.3500000000,0.3500000000,3.5000000000,0.8000000000,103,113,104,110,102,113
3823,neighbor,True,PASS_IMPLEMENTED_PROJECT_CHECKS,11863.6468200000,8773.8752500000,0.2500000000,0.4500000000,0.5500000000,3.5000000000,1.0000000000,104,113,102,113,101,111
3824,neighbor,False,ENVELOPE_BASE_CONTACT,999999999.0000000000,8773.8752500000,0.2000000000,0.3000000000,0.3000000000,2.5000000000,1.0000000000,101,113,100,111,103,112
3825,neighbor,False,STEM_STRESS_OR_INTERVAL_BOUND,999999999.0000000000,8773.8752500000,0.2000000000,0.2500000000,0.3500000000,3.0000000000,0.9000000000,103,113,102,112,101,111
3826,neighbor,False,ENVELOPE_BASE_CONTACT,999999999.0000000000,8773.8752500000,0.2250000000,0.4500000000,0.3000000000,2.5000000000,0.9000000000,104,110,101,111,104,110
3827,neighbor,False,MAXIMUM_MAIN_STEEL,999999999.0000000000,8773.8752500000,0.2500000000,0.4500000000,0.3000000000,3.5000000000,1.0000000000,102,110,104,113,104,110
3828,neighbor,False,MAXIMUM_MAIN_STEEL,999999999.0000000000,8773.8752500000,0.2500000000,0.3000000000,0.3000000000,3.5000000000,1.0000000000,104,111,101,113,102,110
3829,neighbor,True,PASS_IMPLEMENTED_PROJECT_CHECKS,9326.2139000000,8773.8752500000,0.2500000000,0.4000000000,0.3000000000,3.0000000000,0.8000000000,104,113,102,113,101,110
3830,neighbor,False,STEM_STRESS_OR_INTERVAL_BOUND,999999999.0000000000,8773.8752500000,0.2000000000,0.2500000000,0.4000000000,3.5000000000,1.0000000000,101,110,102,113,104,110
3831,neighbor,False,MINIMUM_MAIN_STEEL,999999999.0000000000,8773.8752500000,0.2000000000,0.3500000000,0.3500000000,3.5000000000,0.9000000000,102,113,100,113,100,110
3832,neighbor,False,ENVELOPE_BASE_CONTACT,999999999.0000000000,8773.8752500000,0.2000000000,0.4000000000,0.4500000000,2.5000000000,1.0000000000,104,110,102,113,101,110
3833,neighbor,False,STEM_STRESS_OR_INTERVAL_BOUND,999999999.0000000000,8773.8752500000,0.2500000000,0.2500000000,0.3000000000,3.0000000000,0.9000000000,101,113,103,113,101,111
3834,neighbor,False,ENVELOPE_BASE_CONTACT,999999999.0000000000,8773.8752500000,0.2250000000,0.2500000000,0.3000000000,2.5000000000,1.0000000000,102,111,101,112,100,110
3835,neighbor,False,ENVELOPE_BASE_CONTACT,999999999.0000000000,8773.8752500000,0.2000000000,0.2500000000,0.5000000000,2.5000000000,1.0000000000,102,113,104,112,104,113
3836,neighbor,False,ENVELOPE_BASE_CONTACT,999999999.0000000000,8773.8752500000,0.2250000000,0.3500000000,0.3000000000,2.5000000000,1.0000000000,104,113,102,110,100,110
3837,neighbor,False,MINIMUM_MAIN_STEEL,999999999.0000000000,8773.8752500000,0.2000000000,0.4000000000,0.3000000000,3.0000000000,1.0000000000,101,113,104,113,101,110
3838,neighbor,False,MINIMUM_MAIN_STEEL,999999999.0000000000,8773.8752500000,0.2250000000,0.4000000000,0.3000000000,2.5000000000,0.9000000000,101,111,100,113,100,110
3839,neighbor,False,ENVELOPE_BASE_CONTACT,999999999.0000000000,8773.8752500000,0.2000000000,0.4500000000,0.4500000000,2.5000000000,0.9000000000,102,112,103,113,102,112
3840,neighbor,False,STEM_STRESS_OR_INTERVAL_BOUND,999999999.0000000000,8773.8752500000,0.2500000000,0.2500000000,0.5000000000,3.5000000000,1.0000000000,104,111,102,110,101,110
3841,neighbor,False,ENVELOPE_BASE_CONTACT,999999999.0000000000,8773.8752500000,0.2000000000,0.2500000000,0.3500000000,2.5000000000,0.8000000000,102,111,104,113,104,110
3842,neighbor,False,ENVELOPE_BASE_CONTACT,999999999.0000000000,8773.8752500000,0.2250000000,0.3000000000,0.3000000000,2.5000000000,0.9000000000,101,113,102,111,103,111
3843,neighbor,False,ENVELOPE_BASE_CONTACT,999999999.0000000000,8773.8752500000,0.2000000000,0.2500000000,0.5000000000,2.5000000000,1.0000000000,104,110,102,110,101,110
3844,neighbor,False,ENVELOPE_BASE_CONTACT,999999999.0000000000,8773.8752500000,0.2000000000,0.4000000000,0.3000000000,2.5000000000,1.0000000000,104,112,103,113,102,111
3845,neighbor,False,ENVELOPE_BASE_CONTACT,999999999.0000000000,8773.8752500000,0.2250000000,0.3000000000,0.3000000000,2.5000000000,1.0000000000,104,113,104,110,104,110
3846,neighbor,False,MEMBER_FLEXURE,999999999.0000000000,8773.8752500000,0.2500000000,0.4000000000,0.3000000000,3.0000000000,1.0000000000,102,110,103,113,102,113
3847,neighbor,False,ENVELOPE_BASE_CONTACT,999999999.0000000000,8773.8752500000,0.2000000000,0.4000000000,0.3500000000,2.5000000000,1.0000000000,102,110,101,113,100,110
3848,neighbor,False,STEM_STRESS_OR_INTERVAL_BOUND,999999999.0000000000,8773.8752500000,0.2250000000,0.2500000000,0.3000000000,3.5000000000,1.0000000000,101,111,101,110,101,110
3849,neighbor,False,ENVELOPE_BASE_CONTACT,999999999.0000000000,8773.8752500000,0.2500000000,0.4000000000,0.4000000000,2.5000000000,1.0000000000,103,113,104,113,102,110
3850,neighbor,False,MINIMUM_MAIN_STEEL,999999999.0000000000,8773.8752500000,0.2000000000,0.4000000000,0.5500000000,2.5000000000,0.9000000000,101,113,104,111,101,113
3851,neighbor,False,STEM_STRESS_OR_INTERVAL_BOUND,999999999.0000000000,8773.8752500000,0.2250000000,0.3500000000,0.3000000000,3.0000000000,1.0000000000,103,113,101,113,104,112
3852,neighbor,False,MINIMUM_MAIN_STEEL,999999999.0000000000,8773.8752500000,0.2000000000,0.4000000000,0.3500000000,3.5000000000,1.0000000000,101,112,102,112,103,112
3853,neighbor,False,MINIMUM_MAIN_STEEL,999999999.0000000000,8773.8752500000,0.2000000000,0.4000000000,0.3000000000,3.0000000000,0.9000000000,104,110,100,113,101,111
3854,neighbor,False,STEM_STRESS_OR_INTERVAL_BOUND,999999999.0000000000,8773.8752500000,0.2000000000,0.2500000000,0.3000000000,3.5000000000,0.8000000000,102,113,101,113,103,113
3855,neighbor,False,STEM_STRESS_OR_INTERVAL_BOUND,999999999.0000000000,8773.8752500000,0.2000000000,0.3000000000,0.4500000000,3.0000000000,0.9000000000,103,113,102,113,102,110
3856,neighbor,False,MINIMUM_MAIN_STEEL,999999999.0000000000,8773.8752500000,0.2000000000,0.3500000000,0.5500000000,2.5000000000,1.0000000000,104,113,100,113,102,110
3857,neighbor,False,MEMBER_FLEXURE,999999999.0000000000,8773.8752500000,0.2250000000,0.4000000000,0.3500000000,3.0000000000,1.0000000000,103,111,103,113,100,111
3858,neighbor,False,MINIMUM_MAIN_STEEL,999999999.0000000000,8773.8752500000,0.2000000000,0.4000000000,0.5000000000,2.5000000000,1.0000000000,101,113,103,113,102,112
3859,neighbor,False,STEM_STRESS_OR_INTERVAL_BOUND,999999999.0000000000,8773.8752500000,0.2000000000,0.3000000000,0.3000000000,3.0000000000,1.0000000000,103,112,104,110,100,110
3860,neighbor,False,ENVELOPE_BASE_CONTACT,999999999.0000000000,8773.8752500000,0.2500000000,0.4500000000,0.3000000000,2.5000000000,1.0000000000,101,111,100,110,101,110
3861,neighbor,False,STEM_STRESS_OR_INTERVAL_BOUND,999999999.0000000000,8773.8752500000,0.2000000000,0.3000000000,0.3000000000,3.5000000000,1.0000000000,102,113,102,110,101,110
3862,neighbor,False,MINIMUM_MAIN_STEEL,999999999.0000000000,8773.8752500000,0.2000000000,0.3500000000,0.3000000000,2.5000000000,1.0000000000,104,113,100,113,101,110
3863,neighbor,False,MINIMUM_MAIN_STEEL,999999999.0000000000,8773.8752500000,0.2000000000,0.3500000000,0.5500000000,2.5000000000,1.0000000000,102,111,100,113,101,112
3864,neighbor,False,MINIMUM_MAIN_STEEL,999999999.0000000000,8773.8752500000,0.2000000000,0.4500000000,0.5500000000,3.0000000000,1.0000000000,101,110,102,113,100,112
3865,neighbor,False,ENVELOPE_BASE_CONTACT,999999999.0000000000,8773.8752500000,0.2500000000,0.3000000000,0.4000000000,2.5000000000,1.0000000000,101,111,101,110,101,111
3866,neighbor,False,MINIMUM_MAIN_STEEL,999999999.0000000000,8773.8752500000,0.2000000000,0.3000000000,0.5000000000,3.0000000000,0.8000000000,104,113,100,112,100,110
3867,neighbor,False,ENVELOPE_BASE_CONTACT,999999999.0000000000,8773.8752500000,0.2000000000,0.4000000000,0.5500000000,2.5000000000,1.0000000000,101,111,102,111,103,113
3868,neighbor,False,ENVELOPE_BASE_CONTACT,999999999.0000000000,8773.8752500000,0.2000000000,0.2500000000,0.3000000000,2.5000000000,1.0000000000,104,113,104,111,101,111
3869,neighbor,False,MINIMUM_MAIN_STEEL,999999999.0000000000,8773.8752500000,0.2250000000,0.4000000000,0.5000000000,3.0000000000,0.8000000000,102,113,101,110,100,113
3870,neighbor,True,PASS_IMPLEMENTED_PROJECT_CHECKS,10677.0257580000,8773.8752500000,0.2000000000,0.4500000000,0.4500000000,3.0000000000,0.8000000000,104,113,104,111,101,110
3871,neighbor,False,STEM_STRESS_OR_INTERVAL_BOUND,999999999.0000000000,8773.8752500000,0.2000000000,0.3500000000,0.3000000000,3.5000000000,1.0000000000,102,111,104,110,104,110
3872,neighbor,False,MINIMUM_MAIN_STEEL,999999999.0000000000,8773.8752500000,0.2000000000,0.3500000000,0.3000000000,2.5000000000,0.9000000000,104,113,100,113,103,113
3873,neighbor,False,MAXIMUM_MAIN_STEEL,999999999.0000000000,8773.8752500000,0.2000000000,0.3000000000,0.3000000000,3.5000000000,1.0000000000,103,111,104,111,102,113
3874,neighbor,False,ENVELOPE_BASE_CONTACT,999999999.0000000000,8773.8752500000,0.2000000000,0.3000000000,0.3000000000,2.5000000000,1.0000000000,104,111,102,111,100,111
3875,neighbor,False,STEM_STRESS_OR_INTERVAL_BOUND,999999999.0000000000,8773.8752500000,0.2000000000,0.3000000000,0.3000000000,3.0000000000,1.0000000000,101,113,103,110,102,110
3876,neighbor,True,PASS_IMPLEMENTED_PROJECT_CHECKS,11199.3959340000,8773.8752500000,0.2500000000,0.4000000000,0.3500000000,3.0000000000,1.0000000000,104,112,104,113,103,110
3877,neighbor,False,MINIMUM_MAIN_STEEL,999999999.0000000000,8773.8752500000,0.2500000000,0.2500000000,0.4500000000,2.5000000000,1.0000000000,101,111,100,111,101,111
3878,neighbor,False,MINIMUM_MAIN_STEEL,999999999.0000000000,8773.8752500000,0.2500000000,0.4500000000,0.4000000000,3.0000000000,1.0000000000,104,111,103,112,100,111
3879,neighbor,False,MAXIMUM_MAIN_STEEL,999999999.0000000000,8773.8752500000,0.2000000000,0.3000000000,0.5500000000,3.0000000000,0.9000000000,104,112,103,111,102,110
3880,neighbor,False,MINIMUM_MAIN_STEEL,999999999.0000000000,8773.8752500000,0.2000000000,0.4500000000,0.3500000000,3.0000000000,0.9000000000,101,112,100,110,102,110
3881,neighbor,False,MAXIMUM_MAIN_STEEL,999999999.0000000000,8773.8752500000,0.2500000000,0.4000000000,0.5000000000,3.5000000000,0.8000000000,104,111,103,110,102,113
3882,neighbor,False,STEM_STRESS_OR_INTERVAL_BOUND,999999999.0000000000,8773.8752500000,0.2000000000,0.3000000000,0.3000000000,3.5000000000,1.0000000000,104,112,104,113,103,112
3883,neighbor,False,MINIMUM_MAIN_STEEL,999999999.0000000000,8773.8752500000,0.2250000000,0.3000000000,0.3500000000,2.5000000000,0.8000000000,102,111,102,112,100,112
3884,neighbor,False,ENVELOPE_BASE_CONTACT,999999999.0000000000,8773.8752500000,0.2500000000,0.2500000000,0.3000000000,2.5000000000,1.0000000000,104,113,104,113,103,110
3885,neighbor,False,ENVELOPE_BASE_CONTACT,999999999.0000000000,8773.8752500000,0.2000000000,0.2500000000,0.3000000000,2.5000000000,1.0000000000,104,113,102,111,103,110
3886,neighbor,False,MINIMUM_MAIN_STEEL,999999999.0000000000,8773.8752500000,0.2500000000,0.4500000000,0.3000000000,2.5000000000,1.0000000000,101,113,104,113,101,112
3887,neighbor,False,MINIMUM_MAIN_STEEL,999999999.0000000000,8773.8752500000,0.2000000000,0.4000000000,0.3000000000,3.5000000000,0.8000000000,101,113,103,110,104,110
3888,neighbor,False,STEM_STRESS_OR_INTERVAL_BOUND,999999999.0000000000,8773.8752500000,0.2000000000,0.2500000000,0.3000000000,3.5000000000,1.0000000000,102,113,101,111,103,113
3889,neighbor,False,MINIMUM_MAIN_STEEL,999999999.0000000000,8773.8752500000,0.2000000000,0.2500000000,0.5000000000,3.0000000000,1.0000000000,101,113,102,110,100,113
3890,neighbor,False,MAXIMUM_MAIN_STEEL,999999999.0000000000,8773.8752500000,0.2000000000,0.3500000000,0.3000000000,3.0000000000,1.0000000000,103,111,102,113,102,111
3891,neighbor,True,PASS_IMPLEMENTED_PROJECT_CHECKS,9978.6126700000,8773.8752500000,0.2250000000,0.4000000000,0.3000000000,3.0000000000,0.9000000000,104,112,104,112,101,110
3892,neighbor,False,STEM_STRESS_OR_INTERVAL_BOUND,999999999.0000000000,8773.8752500000,0.2000000000,0.3000000000,0.5000000000,3.0000000000,1.0000000000,103,112,102,112,101,110
3893,neighbor,False,MINIMUM_MAIN_STEEL,999999999.0000000000,8773.8752500000,0.2000000000,0.3500000000,0.3000000000,3.0000000000,1.0000000000,101,113,103,110,104,110
3894,neighbor,False,STEM_STRESS_OR_INTERVAL_BOUND,999999999.0000000000,8773.8752500000,0.2250000000,0.2500000000,0.3000000000,3.5000000000,0.8000000000,102,113,101,112,103,111
3895,neighbor,False,MINIMUM_MAIN_STEEL,999999999.0000000000,8773.8752500000,0.2000000000,0.4000000000,0.5500000000,2.5000000000,1.0000000000,104,111,104,113,100,112
3896,neighbor,False,MINIMUM_MAIN_STEEL,999999999.0000000000,8773.8752500000,0.2250000000,0.3000000000,0.3000000000,3.5000000000,1.0000000000,104,112,101,113,100,113
3897,neighbor,True,PASS_IMPLEMENTED_PROJECT_CHECKS,10445.3667440000,8773.8752500000,0.2000000000,0.4000000000,0.5000000000,3.0000000000,1.0000000000,104,113,103,111,102,113
3898,neighbor,False,MINIMUM_MAIN_STEEL,999999999.0000000000,8773.8752500000,0.2000000000,0.4000000000,0.3500000000,3.0000000000,1.0000000000,103,113,100,113,100,113
3899,neighbor,False,MINIMUM_MAIN_STEEL,999999999.0000000000,8773.8752500000,0.2250000000,0.2500000000,0.5000000000,3.5000000000,1.0000000000,101,113,100,113,103,112
3900,neighbor,True,PASS_IMPLEMENTED_PROJECT_CHECKS,11622.2621600000,8773.8752500000,0.2000000000,0.4000000000,0.5000000000,3.0000000000,1.0000000000,101,110,104,111,104,110
3901,neighbor,False,MINIMUM_MAIN_STEEL,999999999.0000000000,8773.8752500000,0.2000000000,0.2500000000,0.3000000000,3.0000000000,0.8000000000,103,113,100,113,102,110
3902,neighbor,False,ENVELOPE_BASE_CONTACT,999999999.0000000000,8773.8752500000,0.2000000000,0.4500000000,0.4500000000,2.5000000000,1.0000000000,104,112,103,110,104,110
3903,neighbor,False,MINIMUM_MAIN_STEEL,999999999.0000000000,8773.8752500000,0.2000000000,0.4500000000,0.5000000000,3.5000000000,0.9000000000,104,113,104,110,100,113
3904,neighbor,False,MINIMUM_MAIN_STEEL,999999999.0000000000,8773.8752500000,0.2000000000,0.3500000000,0.3000000000,3.0000000000,1.0000000000,101,113,101,111,101,112
3905,neighbor,False,ENVELOPE_BASE_CONTACT,999999999.0000000000,8773.8752500000,0.2250000000,0.4500000000,0.3000000000,2.5000000000,0.9000000000,104,110,100,110,102,111
3906,neighbor,False,STEM_STRESS_OR_INTERVAL_BOUND,999999999.0000000000,8773.8752500000,0.2000000000,0.3000000000,0.5000000000,3.5000000000,1.0000000000,104,113,104,113,101,111
3907,neighbor,False,MEMBER_FLEXURE,999999999.0000000000,8773.8752500000,0.2250000000,0.3500000000,0.4500000000,3.0000000000,0.9000000000,104,112,103,112,101,112
3908,neighbor,False,MINIMUM_MAIN_STEEL,999999999.0000000000,8773.8752500000,0.2000000000,0.2500000000,0.5500000000,3.5000000000,0.9000000000,104,110,101,113,104,113
3909,neighbor,False,ENVELOPE_BASE_CONTACT,999999999.0000000000,8773.8752500000,0.2500000000,0.3000000000,0.3500000000,2.5000000000,0.9000000000,103,111,104,112,102,111
3910,neighbor,False,MAXIMUM_MAIN_STEEL,999999999.0000000000,8773.8752500000,0.2000000000,0.4500000000,0.3000000000,3.5000000000,1.0000000000,104,112,103,112,103,110
3911,neighbor,True,PASS_IMPLEMENTED_PROJECT_CHECKS,10556.7128000000,8773.8752500000,0.2000000000,0.4000000000,0.4000000000,3.5000000000,0.8000000000,104,113,104,113,101,110
3912,neighbor,False,MAXIMUM_MAIN_STEEL,999999999.0000000000,8773.8752500000,0.2000000000,0.4000000000,0.4500000000,3.0000000000,1.0000000000,104,111,101,110,104,112
3913,neighbor,False,MAXIMUM_MAIN_STEEL,999999999.0000000000,8773.8752500000,0.2000000000,0.4000000000,0.3500000000,3.0000000000,1.0000000000,104,112,100,110,102,110
3914,neighbor,False,MINIMUM_MAIN_STEEL,999999999.0000000000,8773.8752500000,0.2500000000,0.3500000000,0.3000000000,3.5000000000,1.0000000000,103,113,100,113,100,113
3915,neighbor,False,MAXIMUM_MAIN_STEEL,999999999.0000000000,8773.8752500000,0.2500000000,0.3000000000,0.4000000000,3.0000000000,1.0000000000,104,111,103,113,103,112
3916,neighbor,False,MAXIMUM_MAIN_STEEL,999999999.0000000000,8773.8752500000,0.2000000000,0.4500000000,0.3000000000,3.5000000000,1.0000000000,104,113,104,110,101,111
3917,neighbor,False,ENVELOPE_BASE_CONTACT,999999999.0000000000,8773.8752500000,0.2250000000,0.3500000000,0.3000000000,2.5000000000,1.0000000000,102,113,101,113,103,113
3918,neighbor,False,ENVELOPE_BASE_CONTACT,999999999.0000000000,8773.8752500000,0.2500000000,0.3000000000,0.3000000000,2.5000000000,1.0000000000,104,113,103,112,102,110
3919,neighbor,False,ENVELOPE_BASE_CONTACT,999999999.0000000000,8773.8752500000,0.2000000000,0.4000000000,0.5500000000,2.5000000000,0.9000000000,104,113,104,110,104,113
3920,neighbor,False,ENVELOPE_BASE_CONTACT,999999999.0000000000,8773.8752500000,0.2000000000,0.3500000000,0.3500000000,2.5000000000,1.0000000000,104,110,101,112,101,112
3921,neighbor,True,PASS_IMPLEMENTED_PROJECT_CHECKS,11415.5144600000,8773.8752500000,0.2000000000,0.3500000000,0.4500000000,3.5000000000,1.0000000000,103,112,103,113,104,111
3922,neighbor,False,STEM_STRESS_OR_INTERVAL_BOUND,999999999.0000000000,8773.8752500000,0.2250000000,0.4000000000,0.3000000000,3.0000000000,1.0000000000,102,113,104,111,104,111
3923,neighbor,True,PASS_IMPLEMENTED_PROJECT_CHECKS,11772.3218750000,8773.8752500000,0.2250000000,0.4500000000,0.4500000000,3.5000000000,1.0000000000,103,112,103,113,103,111
3924,neighbor,False,MINIMUM_MAIN_STEEL,999999999.0000000000,8773.8752500000,0.2000000000,0.4500000000,0.3500000000,2.5000000000,0.8000000000,101,110,100,111,100,112
3925,neighbor,False,ENVELOPE_BASE_CONTACT,999999999.0000000000,8773.8752500000,0.2500000000,0.2500000000,0.3500000000,2.5000000000,1.0000000000,104,113,101,113,103,111
3926,neighbor,False,MINIMUM_MAIN_STEEL,999999999.0000000000,8773.8752500000,0.2000000000,0.4000000000,0.3000000000,2.5000000000,0.9000000000,101,113,104,110,100,112
3927,neighbor,False,ENVELOPE_BASE_CONTACT,999999999.0000000000,8773.8752500000,0.2000000000,0.4000000000,0.5000000000,2.5000000000,1.0000000000,103,111,101,111,101,112
3928,neighbor,False,MINIMUM_MAIN_STEEL,999999999.0000000000,8773.8752500000,0.2000000000,0.4500000000,0.5000000000,3.0000000000,1.0000000000,103,113,100,113,104,110
3929,neighbor,False,STEM_STRESS_OR_INTERVAL_BOUND,999999999.0000000000,8773.8752500000,0.2000000000,0.3500000000,0.3000000000,3.5000000000,1.0000000000,102,112,101,113,101,110
3930,neighbor,False,MINIMUM_MAIN_STEEL,999999999.0000000000,8773.8752500000,0.2000000000,0.2500000000,0.3000000000,2.5000000000,1.0000000000,101,111,103,113,100,112
3931,neighbor,False,STEM_STRESS_OR_INTERVAL_BOUND,999999999.0000000000,8773.8752500000,0.2000000000,0.3000000000,0.3000000000,3.5000000000,1.0000000000,101,112,100,110,101,112
3932,neighbor,False,ENVELOPE_BASE_CONTACT,999999999.0000000000,8773.8752500000,0.2250000000,0.4000000000,0.3000000000,2.5000000000,1.0000000000,102,110,102,112,101,111
3933,neighbor,False,MINIMUM_MAIN_STEEL,999999999.0000000000,8773.8752500000,0.2000000000,0.4500000000,0.4500000000,3.5000000000,0.8000000000,104,113,100,113,100,111
3934,neighbor,False,ENVELOPE_BASE_CONTACT,999999999.0000000000,8773.8752500000,0.2000000000,0.3000000000,0.3000000000,2.5000000000,1.0000000000,102,113,103,110,102,113
3935,neighbor,False,STEM_STRESS_OR_INTERVAL_BOUND,999999999.0000000000,8773.8752500000,0.2000000000,0.3500000000,0.3000000000,3.5000000000,1.0000000000,101,111,102,113,100,111
3936,neighbor,False,MINIMUM_MAIN_STEEL,999999999.0000000000,8773.8752500000,0.2500000000,0.4500000000,0.4000000000,3.5000000000,1.0000000000,102,113,100,110,102,110
3937,neighbor,False,ENVELOPE_BASE_CONTACT,999999999.0000000000,8773.8752500000,0.2000000000,0.3500000000,0.3000000000,2.5000000000,1.0000000000,104,111,103,113,100,111
3938,neighbor,False,MINIMUM_MAIN_STEEL,999999999.0000000000,8773.8752500000,0.2000000000,0.4500000000,0.3000000000,3.5000000000,1.0000000000,104,110,100,112,101,113
3939,neighbor,False,MINIMUM_MAIN_STEEL,999999999.0000000000,8773.8752500000,0.2250000000,0.4000000000,0.3000000000,3.5000000000,0.8000000000,103,113,102,111,100,113
3940,neighbor,False,ENVELOPE_BASE_CONTACT,999999999.0000000000,8773.8752500000,0.2000000000,0.3500000000,0.5500000000,2.5000000000,1.0000000000,101,112,101,111,100,110
3941,neighbor,False,STEM_STRESS_OR_INTERVAL_BOUND,999999999.0000000000,8773.8752500000,0.2250000000,0.2500000000,0.3500000000,3.5000000000,1.0000000000,101,110,102,110,101,113
3942,neighbor,False,MAXIMUM_MAIN_STEEL,999999999.0000000000,8773.8752500000,0.2500000000,0.4500000000,0.5500000000,3.5000000000,1.0000000000,104,111,102,110,104,110
3943,neighbor,False,MINIMUM_MAIN_STEEL,999999999.0000000000,8773.8752500000,0.2500000000,0.4000000000,0.4000000000,3.0000000000,0.9000000000,101,112,100,113,103,112
3944,neighbor,False,MINIMUM_MAIN_STEEL,999999999.0000000000,8773.8752500000,0.2000000000,0.3500000000,0.3000000000,3.0000000000,1.0000000000,101,113,100,113,100,113
3945,neighbor,False,STEM_STRESS_OR_INTERVAL_BOUND,999999999.0000000000,8773.8752500000,0.2500000000,0.3500000000,0.5500000000,3.5000000000,1.0000000000,102,113,102,112,102,111
3946,neighbor,False,STEM_STRESS_OR_INTERVAL_BOUND,999999999.0000000000,8773.8752500000,0.2000000000,0.2500000000,0.4000000000,3.0000000000,1.0000000000,101,113,102,110,102,110
3947,neighbor,False,MAXIMUM_MAIN_STEEL,999999999.0000000000,8773.8752500000,0.2250000000,0.4000000000,0.3000000000,3.0000000000,0.8000000000,104,111,104,112,100,110
3948,neighbor,False,STEM_STRESS_OR_INTERVAL_BOUND,999999999.0000000000,8773.8752500000,0.2000000000,0.2500000000,0.3000000000,3.0000000000,1.0000000000,102,110,104,113,104,110
3949,neighbor,False,MEMBER_FLEXURE,999999999.0000000000,8773.8752500000,0.2250000000,0.4000000000,0.3000000000,3.0000000000,1.0000000000,104,113,101,113,103,110
3950,neighbor,False,ENVELOPE_BASE_CONTACT,999999999.0000000000,8773.8752500000,0.2000000000,0.4500000000,0.3000000000,2.5000000000,1.0000000000,104,113,102,112,104,110
3951,neighbor,False,STEM_STRESS_OR_INTERVAL_BOUND,999999999.0000000000,8773.8752500000,0.2000000000,0.3500000000,0.3000000000,3.0000000000,1.0000000000,103,113,102,110,100,110
3952,neighbor,True,PASS_IMPLEMENTED_PROJECT_CHECKS,9269.0873500000,8773.8752500000,0.2250000000,0.4000000000,0.3000000000,3.0000000000,0.8000000000,104,113,103,113,101,110
3953,neighbor,False,ENVELOPE_BASE_CONTACT,999999999.0000000000,8773.8752500000,0.2000000000,0.4500000000,0.4000000000,2.5000000000,0.8000000000,104,113,103,113,101,110
3954,neighbor,False,MAXIMUM_MAIN_STEEL,999999999.0000000000,8773.8752500000,0.2000000000,0.4000000000,0.3000000000,3.0000000000,1.0000000000,104,110,101,113,103,110
3955,neighbor,False,STEM_STRESS_OR_INTERVAL_BOUND,999999999.0000000000,8773.8752500000,0.2000000000,0.2500000000,0.3000000000,3.0000000000,1.0000000000,101,111,104,110,100,111
3956,neighbor,False,STEM_STRESS_OR_INTERVAL_BOUND,999999999.0000000000,8773.8752500000,0.2500000000,0.2500000000,0.3000000000,3.0000000000,1.0000000000,104,110,104,111,102,112
3957,neighbor,False,ENVELOPE_BASE_CONTACT,999999999.0000000000,8773.8752500000,0.2500000000,0.2500000000,0.3500000000,2.5000000000,1.0000000000,104,113,104,110,102,110
3958,neighbor,False,STEM_STRESS_OR_INTERVAL_BOUND,999999999.0000000000,8773.8752500000,0.2000000000,0.3500000000,0.5500000000,3.5000000000,1.0000000000,101,112,104,113,103,113
3959,neighbor,False,MINIMUM_MAIN_STEEL,999999999.0000000000,8773.8752500000,0.2250000000,0.4000000000,0.3500000000,3.0000000000,1.0000000000,103,113,100,113,104,110
3960,neighbor,False,ENVELOPE_BASE_CONTACT,999999999.0000000000,8773.8752500000,0.2500000000,0.4500000000,0.3500000000,2.5000000000,1.0000000000,101,111,104,110,103,111
3961,neighbor,False,STEM_STRESS_OR_INTERVAL_BOUND,999999999.0000000000,8773.8752500000,0.2000000000,0.3000000000,0.5000000000,3.5000000000,0.8000000000,104,113,102,113,103,110
3962,neighbor,False,MINIMUM_MAIN_STEEL,999999999.0000000000,8773.8752500000,0.2000000000,0.4000000000,0.4500000000,3.5000000000,0.9000000000,102,112,102,113,100,111
3963,neighbor,False,MINIMUM_MAIN_STEEL,999999999.0000000000,8773.8752500000,0.2000000000,0.2500000000,0.4500000000,3.0000000000,1.0000000000,101,112,102,112,100,112
3964,neighbor,False,MAXIMUM_MAIN_STEEL,999999999.0000000000,8773.8752500000,0.2250000000,0.3000000000,0.5000000000,3.5000000000,1.0000000000,104,110,104,110,104,112
3965,neighbor,False,STEM_STRESS_OR_INTERVAL_BOUND,999999999.0000000000,8773.8752500000,0.2500000000,0.2500000000,0.4500000000,3.5000000000,0.9000000000,103,112,102,110,103,110
3966,neighbor,False,STEM_STRESS_OR_INTERVAL_BOUND,999999999.0000000000,8773.8752500000,0.2250000000,0.3500000000,0.3000000000,3.0000000000,1.0000000000,103,113,102,113,104,110
3967,neighbor,False,MINIMUM_MAIN_STEEL,999999999.0000000000,8773.8752500000,0.2000000000,0.3500000000,0.4000000000,3.5000000000,1.0000000000,101,113,101,113,100,112
3968,neighbor,False,STEM_STRESS_OR_INTERVAL_BOUND,999999999.0000000000,8773.8752500000,0.2000000000,0.3000000000,0.4500000000,3.5000000000,1.0000000000,102,113,103,111,103,113
3969,neighbor,False,MAXIMUM_MAIN_STEEL,999999999.0000000000,8773.8752500000,0.2500000000,0.4000000000,0.4000000000,3.0000000000,1.0000000000,104,110,101,113,103,113
3970,neighbor,False,ENVELOPE_BASE_CONTACT,999999999.0000000000,8773.8752500000,0.2000000000,0.2500000000,0.3500000000,2.5000000000,1.0000000000,102,113,102,113,101,111
3971,neighbor,False,ENVELOPE_BASE_CONTACT,999999999.0000000000,8773.8752500000,0.2500000000,0.3500000000,0.4000000000,2.5000000000,1.0000000000,102,112,102,111,103,111
3972,neighbor,True,PASS_IMPLEMENTED_PROJECT_CHECKS,10391.3893100000,8773.8752500000,0.2000000000,0.4500000000,0.4500000000,3.0000000000,1.0000000000,102,111,102,111,104,112
3973,neighbor,False,ENVELOPE_BASE_CONTACT,999999999.0000000000,8773.8752500000,0.2500000000,0.3000000000,0.3500000000,2.5000000000,1.0000000000,104,110,103,113,102,111
3974,neighbor,False,MINIMUM_MAIN_STEEL,999999999.0000000000,8773.8752500000,0.2000000000,0.3500000000,0.3000000000,3.5000000000,1.0000000000,104,113,100,112,101,110
3975,neighbor,False,STEM_STRESS_OR_INTERVAL_BOUND,999999999.0000000000,8773.8752500000,0.2500000000,0.2500000000,0.3000000000,3.5000000000,0.9000000000,102,110,102,110,102,110
3976,neighbor,False,MINIMUM_MAIN_STEEL,999999999.0000000000,8773.8752500000,0.2000000000,0.4000000000,0.3000000000,3.0000000000,1.0000000000,104,112,102,111,100,113
3977,neighbor,True,PASS_IMPLEMENTED_PROJECT_CHECKS,11497.9554100000,8773.8752500000,0.2000000000,0.4500000000,0.3500000000,3.5000000000,1.0000000000,103,113,101,110,104,110
3978,neighbor,False,MINIMUM_MAIN_STEEL,999999999.0000000000,8773.8752500000,0.2000000000,0.3000000000,0.3000000000,2.5000000000,1.0000000000,103,112,102,113,100,113
3979,neighbor,False,STEM_STRESS_OR_INTERVAL_BOUND,999999999.0000000000,8773.8752500000,0.2250000000,0.2500000000,0.3000000000,3.5000000000,0.8000000000,102,113,104,112,104,113
3980,neighbor,False,ENVELOPE_BASE_CONTACT,999999999.0000000000,8773.8752500000,0.2000000000,0.4500000000,0.3000000000,2.5000000000,0.9000000000,104,111,104,113,103,110
3981,neighbor,False,MAXIMUM_MAIN_STEEL,999999999.0000000000,8773.8752500000,0.2500000000,0.4500000000,0.3000000000,3.5000000000,1.0000000000,104,111,103,112,103,110
3982,neighbor,False,MINIMUM_MAIN_STEEL,999999999.0000000000,8773.8752500000,0.2500000000,0.4500000000,0.5000000000,3.5000000000,1.0000000000,104,113,100,111,102,110
3983,neighbor,False,STEM_STRESS_OR_INTERVAL_BOUND,999999999.0000000000,8773.8752500000,0.2000000000,0.3500000000,0.3000000000,3.0000000000,0.8000000000,103,113,104,111,103,111
3984,neighbor,False,STEM_STRESS_OR_INTERVAL_BOUND,999999999.0000000000,8773.8752500000,0.2500000000,0.3000000000,0.3000000000,3.5000000000,0.8000000000,101,111,104,111,102,110
3985,neighbor,False,STEM_STRESS_OR_INTERVAL_BOUND,999999999.0000000000,8773.8752500000,0.2500000000,0.4000000000,0.5500000000,3.0000000000,1.0000000000,102,113,103,112,104,110
3986,neighbor,False,MINIMUM_MAIN_STEEL,999999999.0000000000,8773.8752500000,0.2500000000,0.3000000000,0.4000000000,2.5000000000,0.9000000000,103,113,100,113,100,111
3987,neighbor,False,ENVELOPE_BASE_CONTACT,999999999.0000000000,8773.8752500000,0.2000000000,0.4000000000,0.3000000000,2.5000000000,0.9000000000,104,110,102,113,104,111
3988,neighbor,False,ENVELOPE_BASE_CONTACT,999999999.0000000000,8773.8752500000,0.2000000000,0.4000000000,0.3500000000,2.5000000000,0.9000000000,102,112,104,110,101,110
3989,neighbor,False,MINIMUM_MAIN_STEEL,999999999.0000000000,8773.8752500000,0.2000000000,0.4500000000,0.3000000000,3.0000000000,1.0000000000,104,111,103,111,100,113
3990,neighbor,False,MINIMUM_MAIN_STEEL,999999999.0000000000,8773.8752500000,0.2250000000,0.2500000000,0.5500000000,2.5000000000,0.9000000000,102,111,100,111,102,111
3991,neighbor,False,MINIMUM_MAIN_STEEL,999999999.0000000000,8773.8752500000,0.2000000000,0.2500000000,0.3000000000,3.0000000000,0.9000000000,104,113,100,113,100,113
3992,neighbor,False,MINIMUM_MAIN_STEEL,999999999.0000000000,8773.8752500000,0.2000000000,0.4000000000,0.4500000000,3.5000000000,1.0000000000,101,113,103,111,101,113
3993,neighbor,False,MINIMUM_MAIN_STEEL,999999999.0000000000,8773.8752500000,0.2250000000,0.4500000000,0.3000000000,2.5000000000,0.8000000000,103,113,104,112,100,113
3994,neighbor,False,STEM_STRESS_OR_INTERVAL_BOUND,999999999.0000000000,8773.8752500000,0.2250000000,0.2500000000,0.3500000000,3.5000000000,0.9000000000,103,113,101,111,102,112
3995,neighbor,False,ENVELOPE_BASE_CONTACT,999999999.0000000000,8773.8752500000,0.2250000000,0.3500000000,0.5500000000,2.5000000000,0.9000000000,104,113,104,111,101,110
3996,neighbor,False,ENVELOPE_BASE_CONTACT,999999999.0000000000,8773.8752500000,0.2000000000,0.4000000000,0.3000000000,2.5000000000,0.9000000000,102,112,104,111,104,113
3997,neighbor,False,MINIMUM_MAIN_STEEL,999999999.0000000000,8773.8752500000,0.2000000000,0.4500000000,0.3000000000,3.0000000000,0.9000000000,104,113,100,113,100,112
3998,neighbor,False,STEM_STRESS_OR_INTERVAL_BOUND,999999999.0000000000,8773.8752500000,0.2000000000,0.2500000000,0.3000000000,3.0000000000,1.0000000000,102,113,100,111,102,111
3999,neighbor,False,MAXIMUM_MAIN_STEEL,999999999.0000000000,8773.8752500000,0.2250000000,0.3500000000,0.3000000000,3.5000000000,1.0000000000,104,111,101,111,103,112
4000,neighbor,False,MAXIMUM_MAIN_STEEL,999999999.0000000000,8773.8752500000,0.2000000000,0.3500000000,0.3000000000,3.0000000000,0.9000000000,104,111,104,111,100,110
4001,neighbor,False,MINIMUM_MAIN_STEEL,999999999.0000000000,8773.8752500000,0.2000000000,0.2500000000,0.3000000000,3.0000000000,1.0000000000,104,110,100,113,102,110
4002,neighbor,False,MINIMUM_MAIN_STEEL,999999999.0000000000,8773.8752500000,0.2000000000,0.4500000000,0.3000000000,3.0000000000,0.9000000000,101,112,102,112,103,113
4003,neighbor,False,MINIMUM_MAIN_STEEL,999999999.0000000000,8773.8752500000,0.2500000000,0.4500000000,0.3000000000,2.5000000000,1.0000000000,102,113,103,111,101,110
4004,neighbor,False,ENVELOPE_BASE_CONTACT,999999999.0000000000,8773.8752500000,0.2000000000,0.3500000000,0.3000000000,2.5000000000,1.0000000000,103,113,103,110,103,113
4005,neighbor,False,ENVELOPE_BASE_CONTACT,999999999.0000000000,8773.8752500000,0.2000000000,0.3500000000,0.3000000000,2.5000000000,0.9000000000,102,112,103,110,104,110
4006,neighbor,False,MINIMUM_MAIN_STEEL,999999999.0000000000,8773.8752500000,0.2000000000,0.2500000000,0.4500000000,2.5000000000,0.8000000000,103,112,101,113,102,110
4007,neighbor,True,PASS_IMPLEMENTED_PROJECT_CHECKS,10983.7049700000,8773.8752500000,0.2250000000,0.4500000000,0.3000000000,3.5000000000,0.8000000000,104,112,101,112,104,112
4008,neighbor,False,MAXIMUM_MAIN_STEEL,999999999.0000000000,8773.8752500000,0.2000000000,0.3000000000,0.3500000000,3.0000000000,0.9000000000,104,110,102,113,104,111
4009,neighbor,False,ENVELOPE_BASE_CONTACT,999999999.0000000000,8773.8752500000,0.2000000000,0.2500000000,0.3500000000,2.5000000000,0.8000000000,101,112,104,110,104,110
4010,neighbor,False,STEM_STRESS_OR_INTERVAL_BOUND,999999999.0000000000,8773.8752500000,0.2250000000,0.2500000000,0.3000000000,3.5000000000,1.0000000000,103,111,102,113,104,110
4011,neighbor,False,MINIMUM_MAIN_STEEL,999999999.0000000000,8773.8752500000,0.2000000000,0.3000000000,0.3000000000,3.5000000000,1.0000000000,101,113,100,113,103,111
4012,neighbor,False,MINIMUM_MAIN_STEEL,999999999.0000000000,8773.8752500000,0.2000000000,0.4000000000,0.3000000000,2.5000000000,1.0000000000,101,113,100,113,100,112
4013,neighbor,False,MAXIMUM_MAIN_STEEL,999999999.0000000000,8773.8752500000,0.2000000000,0.3000000000,0.3000000000,3.5000000000,1.0000000000,104,110,101,112,101,110
4014,neighbor,False,MAXIMUM_MAIN_STEEL,999999999.0000000000,8773.8752500000,0.2000000000,0.4500000000,0.3000000000,3.5000000000,1.0000000000,104,111,101,112,103,110
4015,neighbor,False,MAXIMUM_MAIN_STEEL,999999999.0000000000,8773.8752500000,0.2000000000,0.4500000000,0.5500000000,3.0000000000,0.8000000000,104,111,100,110,102,110
4016,neighbor,False,MAXIMUM_MAIN_STEEL,999999999.0000000000,8773.8752500000,0.2000000000,0.4500000000,0.3000000000,3.5000000000,0.9000000000,104,110,104,113,102,110
4017,neighbor,False,STEM_STRESS_OR_INTERVAL_BOUND,999999999.0000000000,8773.8752500000,0.2500000000,0.3500000000,0.4500000000,3.5000000000,0.9000000000,103,113,101,112,102,111
4018,neighbor,False,ENVELOPE_BASE_CONTACT,999999999.0000000000,8773.8752500000,0.2000000000,0.3500000000,0.3000000000,2.5000000000,1.0000000000,101,111,102,113,100,110
4019,neighbor,False,MAXIMUM_MAIN_STEEL,999999999.0000000000,8773.8752500000,0.2000000000,0.4500000000,0.3000000000,3.0000000000,0.8000000000,104,113,104,110,102,110
4020,neighbor,False,MINIMUM_MAIN_STEEL,999999999.0000000000,8773.8752500000,0.2000000000,0.3000000000,0.4500000000,3.0000000000,0.8000000000,104,110,101,113,103,110
4021,neighbor,False,MINIMUM_MAIN_STEEL,999999999.0000000000,8773.8752500000,0.2500000000,0.3500000000,0.4000000000,3.0000000000,1.0000000000,102,111,102,112,100,112
4022,neighbor,False,MAXIMUM_MAIN_STEEL,999999999.0000000000,8773.8752500000,0.2000000000,0.4500000000,0.4000000000,3.5000000000,1.0000000000,104,112,101,113,103,111
4023,neighbor,False,STEM_STRESS_OR_INTERVAL_BOUND,999999999.0000000000,8773.8752500000,0.2000000000,0.3000000000,0.3000000000,3.5000000000,0.9000000000,102,113,102,110,103,112
4024,neighbor,False,MINIMUM_MAIN_STEEL,999999999.0000000000,8773.8752500000,0.2500000000,0.3000000000,0.5000000000,2.5000000000,0.8000000000,104,111,104,110,101,113
4025,neighbor,True,PASS_IMPLEMENTED_PROJECT_CHECKS,11791.7281800000,8773.8752500000,0.2000000000,0.4000000000,0.5500000000,3.0000000000,1.0000000000,104,113,104,112,103,110
4026,neighbor,False,MAXIMUM_MAIN_STEEL,999999999.0000000000,8773.8752500000,0.2000000000,0.3500000000,0.3500000000,3.0000000000,1.0000000000,102,110,104,111,100,110
4027,neighbor,False,STEM_STRESS_OR_INTERVAL_BOUND,999999999.0000000000,8773.8752500000,0.2250000000,0.2500000000,0.3000000000,3.5000000000,1.0000000000,104,113,104,110,103,112
4028,neighbor,False,STEM_STRESS_OR_INTERVAL_BOUND,999999999.0000000000,8773.8752500000,0.2000000000,0.2500000000,0.3000000000,3.5000000000,1.0000000000,104,110,104,111,103,110
4029,neighbor,False,STEM_STRESS_OR_INTERVAL_BOUND,999999999.0000000000,8773.8752500000,0.2250000000,0.3000000000,0.5500000000,3.5000000000,1.0000000000,101,112,104,111,100,110
4030,neighbor,False,MINIMUM_MAIN_STEEL,999999999.0000000000,8773.8752500000,0.2000000000,0.3000000000,0.4500000000,2.5000000000,1.0000000000,104,113,100,111,104,113
4031,neighbor,False,ENVELOPE_BASE_CONTACT,999999999.0000000000,8773.8752500000,0.2000000000,0.4000000000,0.3000000000,2.5000000000,1.0000000000,102,113,103,112,101,112
4032,neighbor,False,MINIMUM_MAIN_STEEL,999999999.0000000000,8773.8752500000,0.2250000000,0.4500000000,0.3000000000,3.0000000000,0.8000000000,101,113,100,113,100,113
4033,neighbor,False,MAXIMUM_MAIN_STEEL,999999999.0000000000,8773.8752500000,0.2000000000,0.3500000000,0.4500000000,3.0000000000,0.8000000000,104,111,104,113,102,112
4034,neighbor,False,MINIMUM_MAIN_STEEL,999999999.0000000000,8773.8752500000,0.2000000000,0.2500000000,0.3000000000,3.5000000000,1.0000000000,102,112,101,110,100,113
4035,neighbor,False,MINIMUM_MAIN_STEEL,999999999.0000000000,8773.8752500000,0.2250000000,0.4000000000,0.3000000000,3.5000000000,0.9000000000,101,112,102,111,102,110
4036,neighbor,False,MINIMUM_MAIN_STEEL,999999999.0000000000,8773.8752500000,0.2000000000,0.3500000000,0.3000000000,3.5000000000,0.9000000000,101,112,100,113,104,111
4037,neighbor,False,MINIMUM_MAIN_STEEL,999999999.0000000000,8773.8752500000,0.2000000000,0.3000000000,0.5000000000,3.0000000000,1.0000000000,104,113,100,113,104,112
4038,neighbor,False,ENVELOPE_BASE_CONTACT,999999999.0000000000,8773.8752500000,0.2250000000,0.2500000000,0.3000000000,2.5000000000,0.9000000000,103,110,104,113,104,113
4039,neighbor,True,PASS_IMPLEMENTED_PROJECT_CHECKS,11344.3729580000,8773.8752500000,0.2500000000,0.4000000000,0.4500000000,3.0000000000,0.8000000000,104,113,104,110,102,110
4040,neighbor,False,ENVELOPE_BASE_CONTACT,999999999.0000000000,8773.8752500000,0.2000000000,0.2500000000,0.3500000000,2.5000000000,0.9000000000,101,110,101,111,104,113
4041,neighbor,False,ENVELOPE_BASE_CONTACT,999999999.0000000000,8773.8752500000,0.2000000000,0.4500000000,0.3000000000,2.5000000000,1.0000000000,104,112,104,111,103,110
4042,neighbor,False,MINIMUM_MAIN_STEEL,999999999.0000000000,8773.8752500000,0.2000000000,0.3000000000,0.3000000000,2.5000000000,0.9000000000,102,112,103,111,100,113
4043,neighbor,False,STEM_STRESS_OR_INTERVAL_BOUND,999999999.0000000000,8773.8752500000,0.2500000000,0.2500000000,0.4500000000,3.5000000000,1.0000000000,102,112,102,113,103,110
4044,neighbor,False,MINIMUM_MAIN_STEEL,999999999.0000000000,8773.8752500000,0.2250000000,0.3500000000,0.3500000000,3.5000000000,1.0000000000,104,110,100,112,103,110
4045,neighbor,False,MINIMUM_MAIN_STEEL,999999999.0000000000,8773.8752500000,0.2500000000,0.4500000000,0.3000000000,2.5000000000,1.0000000000,104,110,100,110,100,113
4046,neighbor,False,STEM_STRESS_OR_INTERVAL_BOUND,999999999.0000000000,8773.8752500000,0.2500000000,0.3000000000,0.3000000000,3.5000000000,1.0000000000,103,113,100,110,104,112
4047,neighbor,False,STEM_STRESS_OR_INTERVAL_BOUND,999999999.0000000000,8773.8752500000,0.2000000000,0.3000000000,0.3000000000,3.5000000000,1.0000000000,104,113,101,110,102,111
4048,neighbor,False,ENVELOPE_BASE_CONTACT,999999999.0000000000,8773.8752500000,0.2000000000,0.3000000000,0.3000000000,2.5000000000,1.0000000000,104,110,104,111,101,112
4049,neighbor,False,MINIMUM_MAIN_STEEL,999999999.0000000000,8773.8752500000,0.2000000000,0.4500000000,0.4500000000,2.5000000000,0.8000000000,101,113,100,112,103,112
4050,neighbor,False,STEM_STRESS_OR_INTERVAL_BOUND,999999999.0000000000,8773.8752500000,0.2500000000,0.3000000000,0.3000000000,3.0000000000,1.0000000000,102,111,104,113,104,111
4051,neighbor,False,MINIMUM_MAIN_STEEL,999999999.0000000000,8773.8752500000,0.2250000000,0.3500000000,0.5500000000,3.0000000000,0.9000000000,103,110,104,113,101,112
4052,neighbor,False,ENVELOPE_BASE_CONTACT,999999999.0000000000,8773.8752500000,0.2000000000,0.4500000000,0.3000000000,2.5000000000,1.0000000000,103,110,101,112,104,112
4053,neighbor,False,MEMBER_FLEXURE,999999999.0000000000,8773.8752500000,0.2500000000,0.4500000000,0.3000000000,3.0000000000,0.9000000000,104,112,102,113,100,111
4054,neighbor,False,ENVELOPE_BASE_CONTACT,999999999.0000000000,8773.8752500000,0.2500000000,0.3500000000,0.3000000000,2.5000000000,1.0000000000,101,111,101,111,100,110
4055,neighbor,False,ENVELOPE_BASE_CONTACT,999999999.0000000000,8773.8752500000,0.2000000000,0.3500000000,0.3000000000,2.5000000000,1.0000000000,104,111,104,112,103,111
4056,neighbor,False,STEM_STRESS_OR_INTERVAL_BOUND,999999999.0000000000,8773.8752500000,0.2250000000,0.2500000000,0.3000000000,3.0000000000,1.0000000000,104,113,101,111,102,110
4057,neighbor,False,MINIMUM_MAIN_STEEL,999999999.0000000000,8773.8752500000,0.2000000000,0.3500000000,0.3000000000,3.0000000000,1.0000000000,104,113,100,112,102,113
4058,neighbor,False,MINIMUM_MAIN_STEEL,999999999.0000000000,8773.8752500000,0.2000000000,0.4500000000,0.3000000000,3.0000000000,0.9000000000,103,113,102,111,100,113
4059,neighbor,False,STEM_STRESS_OR_INTERVAL_BOUND,999999999.0000000000,8773.8752500000,0.2000000000,0.4500000000,0.3500000000,3.0000000000,1.0000000000,102,112,102,113,103,113
4060,neighbor,False,MAXIMUM_MAIN_STEEL,999999999.0000000000,8773.8752500000,0.2000000000,0.4500000000,0.4500000000,3.5000000000,1.0000000000,103,111,103,112,102,113
4061,neighbor,False,STEM_STRESS_OR_INTERVAL_BOUND,999999999.0000000000,8773.8752500000,0.2000000000,0.3500000000,0.5500000000,3.5000000000,1.0000000000,102,112,104,112,100,110
4062,neighbor,False,MAXIMUM_MAIN_STEEL,999999999.0000000000,8773.8752500000,0.2000000000,0.4000000000,0.3000000000,3.5000000000,1.0000000000,102,110,104,110,104,110
4063,neighbor,False,STEM_STRESS_OR_INTERVAL_BOUND,999999999.0000000000,8773.8752500000,0.2500000000,0.3000000000,0.3000000000,3.5000000000,1.0000000000,103,113,104,113,102,112
4064,neighbor,False,MINIMUM_MAIN_STEEL,999999999.0000000000,8773.8752500000,0.2250000000,0.4000000000,0.3000000000,2.5000000000,1.0000000000,102,111,100,113,101,110
4065,neighbor,False,MINIMUM_MAIN_STEEL,999999999.0000000000,8773.8752500000,0.2000000000,0.2500000000,0.3000000000,3.5000000000,0.9000000000,104,112,100,113,100,113
4066,neighbor,False,MINIMUM_MAIN_STEEL,999999999.0000000000,8773.8752500000,0.2500000000,0.2500000000,0.5500000000,3.0000000000,1.0000000000,101,113,100,111,103,110
4067,neighbor,False,STEM_STRESS_OR_INTERVAL_BOUND,999999999.0000000000,8773.8752500000,0.2000000000,0.3500000000,0.4500000000,3.0000000000,1.0000000000,101,111,104,110,103,113
4068,neighbor,False,MAXIMUM_MAIN_STEEL,999999999.0000000000,8773.8752500000,0.2000000000,0.3000000000,0.5000000000,3.5000000000,0.9000000000,102,110,102,113,102,111
4069,neighbor,False,MINIMUM_MAIN_STEEL,999999999.0000000000,8773.8752500000,0.2000000000,0.4500000000,0.5000000000,2.5000000000,0.8000000000,104,113,100,113,101,110
4070,neighbor,False,ENVELOPE_BASE_CONTACT,999999999.0000000000,8773.8752500000,0.2000000000,0.2500000000,0.5000000000,2.5000000000,1.0000000000,104,111,103,110,102,110
4071,neighbor,True,PASS_IMPLEMENTED_PROJECT_CHECKS,8969.5538400000,8773.8752500000,0.2000000000,0.4000000000,0.3000000000,3.0000000000,0.9000000000,101,110,101,111,102,110
4072,neighbor,False,ENVELOPE_BASE_CONTACT,999999999.0000000000,8773.8752500000,0.2000000000,0.3000000000,0.4000000000,2.5000000000,0.8000000000,103,112,104,111,101,111
4073,neighbor,False,ENVELOPE_BASE_CONTACT,999999999.0000000000,8773.8752500000,0.2000000000,0.2500000000,0.3000000000,2.5000000000,1.0000000000,103,110,103,110,101,111
4074,neighbor,False,MAXIMUM_MAIN_STEEL,999999999.0000000000,8773.8752500000,0.2000000000,0.4000000000,0.5500000000,3.0000000000,1.0000000000,104,111,103,113,103,110
4075,neighbor,False,ENVELOPE_BASE_CONTACT,999999999.0000000000,8773.8752500000,0.2000000000,0.4000000000,0.3000000000,2.5000000000,1.0000000000,104,111,103,113,101,110
4076,neighbor,False,ENVELOPE_BASE_CONTACT,999999999.0000000000,8773.8752500000,0.2000000000,0.4500000000,0.4500000000,2.5000000000,1.0000000000,104,112,104,113,101,111
4077,neighbor,False,MINIMUM_MAIN_STEEL,999999999.0000000000,8773.8752500000,0.2000000000,0.4000000000,0.3000000000,2.5000000000,1.0000000000,104,113,100,112,100,112
4078,neighbor,True,PASS_IMPLEMENTED_PROJECT_CHECKS,10213.3279200000,8773.8752500000,0.2000000000,0.4000000000,0.3500000000,3.0000000000,1.0000000000,103,113,101,110,104,110
4079,neighbor,False,MINIMUM_MAIN_STEEL,999999999.0000000000,8773.8752500000,0.2250000000,0.4500000000,0.3000000000,3.5000000000,0.9000000000,101,113,104,111,104,110
4080,neighbor,True,PASS_IMPLEMENTED_PROJECT_CHECKS,10042.0461900000,8773.8752500000,0.2250000000,0.3000000000,0.3000000000,3.0000000000,1.0000000000,102,110,104,111,103,111
4081,neighbor,False,ENVELOPE_BASE_CONTACT,999999999.0000000000,8773.8752500000,0.2000000000,0.3500000000,0.3000000000,2.5000000000,0.9000000000,104,113,102,110,102,110
4082,neighbor,False,ENVELOPE_BASE_CONTACT,999999999.0000000000,8773.8752500000,0.2000000000,0.4000000000,0.4000000000,2.5000000000,1.0000000000,103,110,103,111,103,112
4083,neighbor,False,MINIMUM_MAIN_STEEL,999999999.0000000000,8773.8752500000,0.2250000000,0.2500000000,0.5000000000,2.5000000000,1.0000000000,101,112,101,112,100,113
4084,neighbor,False,MAXIMUM_MAIN_STEEL,999999999.0000000000,8773.8752500000,0.2250000000,0.4000000000,0.3500000000,3.0000000000,1.0000000000,104,110,103,112,102,112
4085,neighbor,False,STEM_STRESS_OR_INTERVAL_BOUND,999999999.0000000000,8773.8752500000,0.2000000000,0.3000000000,0.3000000000,3.0000000000,0.8000000000,102,113,102,110,104,112
4086,neighbor,False,STEM_STRESS_OR_INTERVAL_BOUND,999999999.0000000000,8773.8752500000,0.2000000000,0.3000000000,0.3000000000,3.0000000000,1.0000000000,104,112,104,113,101,110
4087,neighbor,False,STEM_STRESS_OR_INTERVAL_BOUND,999999999.0000000000,8773.8752500000,0.2000000000,0.2500000000,0.3000000000,3.0000000000,0.8000000000,103,113,100,111,104,111
4088,neighbor,False,MINIMUM_MAIN_STEEL,999999999.0000000000,8773.8752500000,0.2000000000,0.3000000000,0.4000000000,2.5000000000,1.0000000000,101,110,101,111,100,112
4089,neighbor,False,MINIMUM_MAIN_STEEL,999999999.0000000000,8773.8752500000,0.2000000000,0.4000000000,0.5500000000,2.5000000000,0.8000000000,103,113,103,110,100,113
4090,neighbor,False,STEM_STRESS_OR_INTERVAL_BOUND,999999999.0000000000,8773.8752500000,0.2000000000,0.2500000000,0.5500000000,3.0000000000,0.8000000000,103,111,102,113,103,110
4091,neighbor,False,MEMBER_FLEXURE,999999999.0000000000,8773.8752500000,0.2250000000,0.3500000000,0.3000000000,3.0000000000,1.0000000000,104,113,100,111,102,110
4092,neighbor,False,ENVELOPE_BASE_CONTACT,999999999.0000000000,8773.8752500000,0.2250000000,0.4500000000,0.3000000000,2.5000000000,0.9000000000,104,111,104,113,104,112
4093,neighbor,False,MINIMUM_MAIN_STEEL,999999999.0000000000,8773.8752500000,0.2000000000,0.3500000000,0.5500000000,3.5000000000,1.0000000000,101,113,100,112,100,110
4094,neighbor,False,ENVELOPE_BASE_CONTACT,999999999.0000000000,8773.8752500000,0.2500000000,0.4000000000,0.3000000000,2.5000000000,1.0000000000,104,113,103,112,104,110
4095,neighbor,False,MINIMUM_MAIN_STEEL,999999999.0000000000,8773.8752500000,0.2500000000,0.4500000000,0.4500000000,2.5000000000,1.0000000000,101,110,104,113,101,113
4096,neighbor,False,MAXIMUM_MAIN_STEEL,999999999.0000000000,8773.8752500000,0.2000000000,0.3500000000,0.5500000000,3.5000000000,1.0000000000,104,110,101,110,101,110
4097,neighbor,False,MINIMUM_MAIN_STEEL,999999999.0000000000,8773.8752500000,0.2000000000,0.4500000000,0.4000000000,3.0000000000,0.9000000000,101,111,100,113,102,113
4098,neighbor,False,ENVELOPE_BASE_CONTACT,999999999.0000000000,8773.8752500000,0.2000000000,0.3500000000,0.4500000000,2.5000000000,1.0000000000,103,112,103,111,104,112
4099,neighbor,True,PASS_IMPLEMENTED_PROJECT_CHECKS,9870.6522700000,8773.8752500000,0.2250000000,0.4000000000,0.3000000000,3.5000000000,0.9000000000,104,113,102,111,101,110
4100,neighbor,False,ENVELOPE_BASE_CONTACT,999999999.0000000000,8773.8752500000,0.2250000000,0.4500000000,0.3000000000,2.5000000000,1.0000000000,104,113,103,111,100,110
4101,neighbor,False,ENVELOPE_BASE_CONTACT,999999999.0000000000,8773.8752500000,0.2000000000,0.4000000000,0.3000000000,2.5000000000,1.0000000000,102,113,102,113,100,110
4102,neighbor,False,MINIMUM_MAIN_STEEL,999999999.0000000000,8773.8752500000,0.2500000000,0.3500000000,0.4000000000,3.5000000000,0.9000000000,101,113,103,111,102,113
4103,neighbor,False,ENVELOPE_BASE_CONTACT,999999999.0000000000,8773.8752500000,0.2500000000,0.3000000000,0.3000000000,2.5000000000,0.9000000000,104,113,103,112,103,110
4104,neighbor,False,STEM_STRESS_OR_INTERVAL_BOUND,999999999.0000000000,8773.8752500000,0.2500000000,0.2500000000,0.3000000000,3.0000000000,0.9000000000,103,111,103,113,104,110
4105,neighbor,False,ENVELOPE_BASE_CONTACT,999999999.0000000000,8773.8752500000,0.2000000000,0.4500000000,0.4500000000,2.5000000000,0.8000000000,104,111,104,112,101,111
4106,neighbor,False,STEM_STRESS_OR_INTERVAL_BOUND,999999999.0000000000,8773.8752500000,0.2500000000,0.4000000000,0.5000000000,3.0000000000,0.9000000000,102,113,103,113,104,110
4107,neighbor,False,ENVELOPE_BASE_CONTACT,999999999.0000000000,8773.8752500000,0.2000000000,0.4000000000,0.4500000000,2.5000000000,1.0000000000,104,112,101,111,101,112
4108,neighbor,False,ENVELOPE_BASE_CONTACT,999999999.0000000000,8773.8752500000,0.2250000000,0.4000000000,0.4000000000,2.5000000000,1.0000000000,104,113,103,113,103,113
4109,neighbor,False,MINIMUM_MAIN_STEEL,999999999.0000000000,8773.8752500000,0.2000000000,0.4500000000,0.3000000000,3.5000000000,1.0000000000,102,113,100,113,103,110
4110,neighbor,False,ENVELOPE_BASE_CONTACT,999999999.0000000000,8773.8752500000,0.2250000000,0.3500000000,0.5000000000,2.5000000000,1.0000000000,104,110,103,113,101,110
4111,neighbor,False,STEM_STRESS_OR_INTERVAL_BOUND,999999999.0000000000,8773.8752500000,0.2250000000,0.2500000000,0.3000000000,3.0000000000,1.0000000000,104,112,100,111,102,113
4112,neighbor,False,ENVELOPE_BASE_CONTACT,999999999.0000000000,8773.8752500000,0.2250000000,0.3500000000,0.3000000000,2.5000000000,1.0000000000,101,110,100,110,102,110
4113,neighbor,True,PASS_IMPLEMENTED_PROJECT_CHECKS,11728.4041940000,8773.8752500000,0.2000000000,0.4500000000,0.5500000000,3.5000000000,1.0000000000,102,111,104,113,101,110
4114,neighbor,False,ENVELOPE_BASE_CONTACT,999999999.0000000000,8773.8752500000,0.2250000000,0.3500000000,0.3000000000,2.5000000000,0.9000000000,103,111,101,113,101,111
4115,neighbor,False,MAXIMUM_MAIN_STEEL,999999999.0000000000,8773.8752500000,0.2500000000,0.4500000000,0.3000000000,3.5000000000,0.8000000000,104,111,104,111,104,112
4116,neighbor,False,STEM_STRESS_OR_INTERVAL_BOUND,999999999.0000000000,8773.8752500000,0.2250000000,0.2500000000,0.3000000000,3.0000000000,0.8000000000,102,112,104,110,103,110
4117,neighbor,False,ENVELOPE_BASE_CONTACT,999999999.0000000000,8773.8752500000,0.2000000000,0.3500000000,0.3000000000,2.5000000000,1.0000000000,103,111,102,113,102,112
4118,neighbor,True,PASS_IMPLEMENTED_PROJECT_CHECKS,9164.8659320000,8773.8752500000,0.2500000000,0.4000000000,0.3000000000,3.0000000000,1.0000000000,101,110,101,110,104,113
4119,neighbor,True,PASS_IMPLEMENTED_PROJECT_CHECKS,11560.0200000000,8773.8752500000,0.2500000000,0.3500000000,0.5500000000,3.0000000000,0.9000000000,102,110,103,112,103,112
4120,neighbor,False,ENVELOPE_BASE_CONTACT,999999999.0000000000,8773.8752500000,0.2500000000,0.4500000000,0.3000000000,2.5000000000,0.9000000000,102,111,103,110,104,111
4121,neighbor,False,STEM_STRESS_OR_INTERVAL_BOUND,999999999.0000000000,8773.8752500000,0.2000000000,0.2500000000,0.3000000000,3.5000000000,0.9000000000,103,111,102,113,102,112
4122,neighbor,False,MINIMUM_MAIN_STEEL,999999999.0000000000,8773.8752500000,0.2000000000,0.3000000000,0.4000000000,3.5000000000,0.9000000000,101,113,100,111,104,110
4123,neighbor,False,STEM_STRESS_OR_INTERVAL_BOUND,999999999.0000000000,8773.8752500000,0.2000000000,0.2500000000,0.5500000000,3.0000000000,1.0000000000,102,113,103,111,104,111
4124,neighbor,False,MINIMUM_MAIN_STEEL,999999999.0000000000,8773.8752500000,0.2000000000,0.4500000000,0.3000000000,3.0000000000,0.9000000000,104,113,100,112,101,110
4125,neighbor,False,ENVELOPE_BASE_CONTACT,999999999.0000000000,8773.8752500000,0.2000000000,0.3500000000,0.4500000000,2.5000000000,1.0000000000,101,112,101,111,103,110
4126,neighbor,False,MEMBER_FLEXURE,999999999.0000000000,8773.8752500000,0.2000000000,0.4500000000,0.3000000000,3.0000000000,1.0000000000,103,113,103,113,102,113
4127,neighbor,False,MINIMUM_MAIN_STEEL,999999999.0000000000,8773.8752500000,0.2250000000,0.4000000000,0.5000000000,2.5000000000,0.9000000000,104,110,100,113,100,110
4128,neighbor,False,STEM_STRESS_OR_INTERVAL_BOUND,999999999.0000000000,8773.8752500000,0.2250000000,0.4000000000,0.4500000000,3.5000000000,0.8000000000,102,113,102,113,102,110
4129,neighbor,False,MINIMUM_MAIN_STEEL,999999999.0000000000,8773.8752500000,0.2500000000,0.2500000000,0.4500000000,2.5000000000,1.0000000000,104,113,101,113,104,110
4130,neighbor,False,MINIMUM_MAIN_STEEL,999999999.0000000000,8773.8752500000,0.2000000000,0.3500000000,0.3000000000,3.5000000000,1.0000000000,103,113,100,113,102,110
4131,neighbor,False,MAXIMUM_MAIN_STEEL,999999999.0000000000,8773.8752500000,0.2000000000,0.4000000000,0.5500000000,3.5000000000,1.0000000000,104,111,100,110,104,112
4132,neighbor,False,MAXIMUM_MAIN_STEEL,999999999.0000000000,8773.8752500000,0.2000000000,0.4000000000,0.4500000000,3.5000000000,1.0000000000,104,112,104,112,104,110
4133,neighbor,False,MAXIMUM_MAIN_STEEL,999999999.0000000000,8773.8752500000,0.2000000000,0.3500000000,0.4000000000,3.5000000000,1.0000000000,102,110,102,113,104,112
4134,neighbor,True,PASS_IMPLEMENTED_PROJECT_CHECKS,9783.8798200000,8773.8752500000,0.2500000000,0.4000000000,0.3000000000,3.0000000000,1.0000000000,104,113,103,113,103,111
4135,neighbor,False,MAXIMUM_MAIN_STEEL,999999999.0000000000,8773.8752500000,0.2000000000,0.4500000000,0.3000000000,3.5000000000,1.0000000000,104,112,102,110,102,111
4136,neighbor,False,STEM_STRESS_OR_INTERVAL_BOUND,999999999.0000000000,8773.8752500000,0.2000000000,0.2500000000,0.3000000000,3.0000000000,1.0000000000,103,112,101,112,101,110
4137,neighbor,False,ENVELOPE_BASE_CONTACT,999999999.0000000000,8773.8752500000,0.2000000000,0.2500000000,0.3000000000,2.5000000000,0.9000000000,101,110,104,113,103,111
4138,neighbor,False,ENVELOPE_BASE_CONTACT,999999999.0000000000,8773.8752500000,0.2500000000,0.4500000000,0.3000000000,2.5000000000,0.8000000000,103,111,104,113,104,112
4139,neighbor,False,MINIMUM_MAIN_STEEL,999999999.0000000000,8773.8752500000,0.2500000000,0.4500000000,0.3000000000,2.5000000000,0.8000000000,101,113,101,112,100,110
4140,neighbor,False,STEM_STRESS_OR_INTERVAL_BOUND,999999999.0000000000,8773.8752500000,0.2250000000,0.3000000000,0.3000000000,3.0000000000,0.9000000000,102,111,101,113,100,111
4141,neighbor,False,ENVELOPE_BASE_CONTACT,999999999.0000000000,8773.8752500000,0.2250000000,0.3500000000,0.3000000000,2.5000000000,1.0000000000,102,113,101,113,104,112
4142,neighbor,False,ENVELOPE_BASE_CONTACT,999999999.0000000000,8773.8752500000,0.2250000000,0.3000000000,0.3500000000,2.5000000000,1.0000000000,101,113,100,111,102,110
4143,neighbor,False,STEM_STRESS_OR_INTERVAL_BOUND,999999999.0000000000,8773.8752500000,0.2000000000,0.2500000000,0.5500000000,3.0000000000,1.0000000000,104,113,104,111,100,110
4144,neighbor,False,MINIMUM_MAIN_STEEL,999999999.0000000000,8773.8752500000,0.2000000000,0.4500000000,0.5500000000,3.5000000000,1.0000000000,101,111,101,113,103,110
4145,neighbor,False,ENVELOPE_BASE_CONTACT,999999999.0000000000,8773.8752500000,0.2000000000,0.4000000000,0.5500000000,2.5000000000,1.0000000000,102,113,103,113,100,110
4146,neighbor,False,ENVELOPE_BASE_CONTACT,999999999.0000000000,8773.8752500000,0.2250000000,0.4000000000,0.3000000000,2.5000000000,0.8000000000,104,113,104,110,104,110
4147,neighbor,False,MINIMUM_MAIN_STEEL,999999999.0000000000,8773.8752500000,0.2500000000,0.3000000000,0.4500000000,2.5000000000,0.9000000000,103,112,100,113,102,112
4148,neighbor,False,STEM_STRESS_OR_INTERVAL_BOUND,999999999.0000000000,8773.8752500000,0.2000000000,0.3000000000,0.3500000000,3.0000000000,0.8000000000,101,113,103,112,104,112
4149,neighbor,False,STEM_STRESS_OR_INTERVAL_BOUND,999999999.0000000000,8773.8752500000,0.2500000000,0.2500000000,0.3500000000,3.5000000000,1.0000000000,104,112,102,112,101,113
4150,neighbor,False,STEM_STRESS_OR_INTERVAL_BOUND,999999999.0000000000,8773.8752500000,0.2000000000,0.3000000000,0.3000000000,3.0000000000,1.0000000000,101,113,104,111,102,110
4151,neighbor,False,ENVELOPE_BASE_CONTACT,999999999.0000000000,8773.8752500000,0.2000000000,0.2500000000,0.3000000000,2.5000000000,0.9000000000,102,112,102,113,102,111
4152,neighbor,False,ENVELOPE_BASE_CONTACT,999999999.0000000000,8773.8752500000,0.2250000000,0.3500000000,0.5000000000,2.5000000000,1.0000000000,103,112,103,111,102,113
4153,neighbor,True,PASS_IMPLEMENTED_PROJECT_CHECKS,12490.1736800000,8773.8752500000,0.2500000000,0.4500000000,0.3500000000,3.5000000000,0.9000000000,104,112,103,110,104,111
4154,neighbor,False,MAXIMUM_MAIN_STEEL,999999999.0000000000,8773.8752500000,0.2250000000,0.3000000000,0.3000000000,3.0000000000,1.0000000000,104,110,103,110,103,110
4155,neighbor,False,STEM_STRESS_OR_INTERVAL_BOUND,999999999.0000000000,8773.8752500000,0.2000000000,0.3500000000,0.3000000000,3.5000000000,0.8000000000,103,113,104,113,101,110
4156,neighbor,False,STEM_STRESS_OR_INTERVAL_BOUND,999999999.0000000000,8773.8752500000,0.2500000000,0.3500000000,0.3000000000,3.5000000000,1.0000000000,102,111,103,110,102,111
4157,neighbor,False,ENVELOPE_BASE_CONTACT,999999999.0000000000,8773.8752500000,0.2000000000,0.3500000000,0.3000000000,2.5000000000,1.0000000000,104,112,103,110,103,110
4158,neighbor,False,MINIMUM_MAIN_STEEL,999999999.0000000000,8773.8752500000,0.2500000000,0.4000000000,0.3500000000,2.5000000000,1.0000000000,101,112,103,110,101,110
4159,neighbor,False,MEMBER_FLEXURE,999999999.0000000000,8773.8752500000,0.2500000000,0.4500000000,0.3500000000,3.0000000000,1.0000000000,103,111,103,112,101,113
4160,neighbor,False,ENVELOPE_BASE_CONTACT,999999999.0000000000,8773.8752500000,0.2500000000,0.3000000000,0.3000000000,2.5000000000,1.0000000000,104,112,100,111,101,110
4161,neighbor,False,MAXIMUM_MAIN_STEEL,999999999.0000000000,8773.8752500000,0.2000000000,0.3500000000,0.3000000000,3.0000000000,1.0000000000,102,110,101,111,102,110
4162,neighbor,False,ENVELOPE_BASE_CONTACT,999999999.0000000000,8773.8752500000,0.2500000000,0.4500000000,0.4000000000,2.5000000000,1.0000000000,104,112,103,113,103,112
4163,neighbor,False,STEM_STRESS_OR_INTERVAL_BOUND,999999999.0000000000,8773.8752500000,0.2000000000,0.3000000000,0.5000000000,3.5000000000,1.0000000000,103,112,101,110,100,110
4164,neighbor,False,MAXIMUM_MAIN_STEEL,999999999.0000000000,8773.8752500000,0.2000000000,0.4000000000,0.3000000000,3.5000000000,1.0000000000,103,110,100,111,101,110
4165,neighbor,False,ENVELOPE_BASE_CONTACT,999999999.0000000000,8773.8752500000,0.2000000000,0.3000000000,0.3000000000,2.5000000000,1.0000000000,104,112,104,111,100,110
4166,neighbor,False,ENVELOPE_BASE_CONTACT,999999999.0000000000,8773.8752500000,0.2000000000,0.3500000000,0.3000000000,2.5000000000,1.0000000000,104,110,102,112,103,110
4167,neighbor,False,STEM_STRESS_OR_INTERVAL_BOUND,999999999.0000000000,8773.8752500000,0.2000000000,0.4000000000,0.3000000000,3.5000000000,0.9000000000,102,113,104,111,101,110
4168,neighbor,False,MINIMUM_MAIN_STEEL,999999999.0000000000,8773.8752500000,0.2000000000,0.2500000000,0.3000000000,2.5000000000,1.0000000000,104,111,100,113,103,112
4169,neighbor,False,MINIMUM_MAIN_STEEL,999999999.0000000000,8773.8752500000,0.2000000000,0.2500000000,0.3500000000,2.5000000000,0.9000000000,102,111,100,112,103,112
4170,neighbor,False,STEM_STRESS_OR_INTERVAL_BOUND,999999999.0000000000,8773.8752500000,0.2000000000,0.4000000000,0.3000000000,3.5000000000,0.8000000000,102,113,104,110,102,110
4171,neighbor,False,ENVELOPE_BASE_CONTACT,999999999.0000000000,8773.8752500000,0.2000000000,0.2500000000,0.3000000000,2.5000000000,1.0000000000,104,113,100,110,104,111
4172,neighbor,False,ENVELOPE_BASE_CONTACT,999999999.0000000000,8773.8752500000,0.2000000000,0.2500000000,0.3000000000,2.5000000000,0.9000000000,102,111,100,110,104,110
4173,neighbor,False,MINIMUM_MAIN_STEEL,999999999.0000000000,8773.8752500000,0.2000000000,0.4500000000,0.4000000000,3.5000000000,1.0000000000,102,113,103,110,101,112
4174,neighbor,False,MINIMUM_MAIN_STEEL,999999999.0000000000,8773.8752500000,0.2500000000,0.3000000000,0.5500000000,2.5000000000,0.8000000000,104,113,101,113,101,110
4175,neighbor,False,ENVELOPE_BASE_CONTACT,999999999.0000000000,8773.8752500000,0.2000000000,0.3000000000,0.3000000000,2.5000000000,0.8000000000,104,113,103,112,104,110
4176,neighbor,False,STEM_STRESS_OR_INTERVAL_BOUND,999999999.0000000000,8773.8752500000,0.2000000000,0.4000000000,0.3000000000,3.5000000000,0.9000000000,101,111,104,112,100,110
4177,neighbor,False,MAXIMUM_MAIN_STEEL,999999999.0000000000,8773.8752500000,0.2000000000,0.3500000000,0.3000000000,3.5000000000,0.9000000000,104,111,103,112,101,112
4178,neighbor,False,MAXIMUM_MAIN_STEEL,999999999.0000000000,8773.8752500000,0.2250000000,0.3500000000,0.4000000000,3.0000000000,1.0000000000,104,110,104,113,103,113
4179,neighbor,False,MINIMUM_MAIN_STEEL,999999999.0000000000,8773.8752500000,0.2000000000,0.3500000000,0.5500000000,3.5000000000,1.0000000000,101,112,104,111,100,111
4180,neighbor,False,STEM_STRESS_OR_INTERVAL_BOUND,999999999.0000000000,8773.8752500000,0.2250000000,0.3000000000,0.3000000000,3.0000000000,0.9000000000,104,112,102,113,101,113
4181,neighbor,False,ENVELOPE_BASE_CONTACT,999999999.0000000000,8773.8752500000,0.2000000000,0.4000000000,0.3000000000,2.5000000000,1.0000000000,101,111,102,113,100,110
4182,neighbor,False,MINIMUM_MAIN_STEEL,999999999.0000000000,8773.8752500000,0.2000000000,0.3500000000,0.4000000000,3.0000000000,1.0000000000,101,113,103,110,102,110
4183,neighbor,False,MINIMUM_MAIN_STEEL,999999999.0000000000,8773.8752500000,0.2000000000,0.2500000000,0.4000000000,2.5000000000,1.0000000000,101,113,100,112,103,112
4184,neighbor,False,MINIMUM_MAIN_STEEL,999999999.0000000000,8773.8752500000,0.2250000000,0.4000000000,0.3500000000,3.5000000000,0.9000000000,101,113,101,113,103,110
4185,neighbor,False,STEM_STRESS_OR_INTERVAL_BOUND,999999999.0000000000,8773.8752500000,0.2250000000,0.3000000000,0.3000000000,3.0000000000,0.8000000000,104,112,104,113,102,113
4186,neighbor,True,PASS_IMPLEMENTED_PROJECT_CHECKS,10497.8498000000,8773.8752500000,0.2000000000,0.4500000000,0.3000000000,3.5000000000,1.0000000000,104,113,103,110,101,110
4187,neighbor,False,STEM_STRESS_OR_INTERVAL_BOUND,999999999.0000000000,8773.8752500000,0.2000000000,0.3000000000,0.5500000000,3.0000000000,0.8000000000,102,112,102,112,100,110
4188,neighbor,False,STEM_STRESS_OR_INTERVAL_BOUND,999999999.0000000000,8773.8752500000,0.2250000000,0.3500000000,0.3000000000,3.0000000000,0.9000000000,101,110,102,112,102,111
4189,neighbor,False,MINIMUM_MAIN_STEEL,999999999.0000000000,8773.8752500000,0.2000000000,0.3500000000,0.3000000000,3.0000000000,0.9000000000,104,113,100,113,103,112
4190,neighbor,False,MINIMUM_MAIN_STEEL,999999999.0000000000,8773.8752500000,0.2250000000,0.4000000000,0.5000000000,3.0000000000,1.0000000000,101,112,102,112,104,110
4191,neighbor,False,STEM_STRESS_OR_INTERVAL_BOUND,999999999.0000000000,8773.8752500000,0.2000000000,0.3000000000,0.5500000000,3.0000000000,1.0000000000,101,111,103,110,100,110
4192,neighbor,False,MINIMUM_MAIN_STEEL,999999999.0000000000,8773.8752500000,0.2000000000,0.4500000000,0.3000000000,2.5000000000,1.0000000000,104,110,100,113,103,110
4193,neighbor,True,PASS_IMPLEMENTED_PROJECT_CHECKS,10057.9052400000,8773.8752500000,0.2500000000,0.4500000000,0.5000000000,3.0000000000,1.0000000000,102,112,101,110,102,113
4194,neighbor,True,PASS_IMPLEMENTED_PROJECT_CHECKS,11251.9286900000,8773.8752500000,0.2500000000,0.4000000000,0.3000000000,3.5000000000,1.0000000000,103,111,104,111,103,112
4195,neighbor,False,ENVELOPE_BASE_CONTACT,999999999.0000000000,8773.8752500000,0.2250000000,0.4000000000,0.4500000000,2.5000000000,1.0000000000,101,111,104,111,100,110
4196,neighbor,False,STEM_STRESS_OR_INTERVAL_BOUND,999999999.0000000000,8773.8752500000,0.2250000000,0.3000000000,0.5000000000,3.0000000000,0.8000000000,102,111,102,112,104,113
4197,neighbor,False,STEM_STRESS_OR_INTERVAL_BOUND,999999999.0000000000,8773.8752500000,0.2000000000,0.3500000000,0.4500000000,3.5000000000,1.0000000000,102,112,104,113,104,110
4198,neighbor,False,MINIMUM_MAIN_STEEL,999999999.0000000000,8773.8752500000,0.2000000000,0.4500000000,0.3000000000,3.0000000000,1.0000000000,101,111,104,111,100,113
4199,neighbor,False,STEM_STRESS_OR_INTERVAL_BOUND,999999999.0000000000,8773.8752500000,0.2000000000,0.2500000000,0.4500000000,3.0000000000,1.0000000000,104,110,104,112,102,112
4200,neighbor,False,MINIMUM_MAIN_STEEL,999999999.0000000000,8773.8752500000,0.2000000000,0.3500000000,0.4500000000,2.5000000000,1.0000000000,104,110,100,113,103,111
4201,neighbor,False,MINIMUM_MAIN_STEEL,999999999.0000000000,8773.8752500000,0.2000000000,0.4500000000,0.3500000000,2.5000000000,0.8000000000,102,113,104,111,102,111
4202,neighbor,False,MAXIMUM_MAIN_STEEL,999999999.0000000000,8773.8752500000,0.2250000000,0.3500000000,0.3000000000,3.5000000000,1.0000000000,104,113,104,112,104,110
4203,neighbor,False,ENVELOPE_BASE_CONTACT,999999999.0000000000,8773.8752500000,0.2000000000,0.3000000000,0.3000000000,2.5000000000,0.9000000000,102,111,103,113,101,110
4204,neighbor,False,MINIMUM_MAIN_STEEL,999999999.0000000000,8773.8752500000,0.2500000000,0.4500000000,0.3000000000,3.0000000000,1.0000000000,101,112,104,110,101,111
4205,neighbor,False,ENVELOPE_BASE_CONTACT,999999999.0000000000,8773.8752500000,0.2000000000,0.4000000000,0.3500000000,2.5000000000,1.0000000000,102,113,100,111,103,110
4206,neighbor,False,MEMBER_FLEXURE,999999999.0000000000,8773.8752500000,0.2250000000,0.3000000000,0.3000000000,3.0000000000,1.0000000000,103,111,101,113,101,110
4207,neighbor,False,ENVELOPE_BASE_CONTACT,999999999.0000000000,8773.8752500000,0.2500000000,0.2500000000,0.5500000000,2.5000000000,1.0000000000,103,113,103,112,104,110
4208,neighbor,False,STEM_STRESS_OR_INTERVAL_BOUND,999999999.0000000000,8773.8752500000,0.2000000000,0.2500000000,0.3000000000,3.5000000000,1.0000000000,101,111,104,112,102,110
4209,neighbor,False,STEM_STRESS_OR_INTERVAL_BOUND,999999999.0000000000,8773.8752500000,0.2000000000,0.4500000000,0.3000000000,3.0000000000,1.0000000000,101,111,104,110,104,111
4210,neighbor,False,MAXIMUM_MAIN_STEEL,999999999.0000000000,8773.8752500000,0.2250000000,0.4000000000,0.3000000000,3.5000000000,1.0000000000,103,110,103,110,103,110
4211,neighbor,False,ENVELOPE_BASE_CONTACT,999999999.0000000000,8773.8752500000,0.2500000000,0.3000000000,0.3000000000,2.5000000000,1.0000000000,103,113,104,110,102,112
4212,neighbor,False,ENVELOPE_BASE_CONTACT,999999999.0000000000,8773.8752500000,0.2000000000,0.4000000000,0.3500000000,2.5000000000,1.0000000000,101,110,104,112,101,110
4213,neighbor,False,MINIMUM_MAIN_STEEL,999999999.0000000000,8773.8752500000,0.2000000000,0.4000000000,0.5500000000,3.0000000000,0.9000000000,101,113,101,113,102,113
4214,neighbor,False,MINIMUM_MAIN_STEEL,999999999.0000000000,8773.8752500000,0.2250000000,0.4000000000,0.3000000000,3.5000000000,0.9000000000,101,112,103,110,104,113
4215,neighbor,False,MINIMUM_MAIN_STEEL,999999999.0000000000,8773.8752500000,0.2250000000,0.4500000000,0.5500000000,3.5000000000,1.0000000000,101,113,102,113,104,111
4216,neighbor,False,MAXIMUM_MAIN_STEEL,999999999.0000000000,8773.8752500000,0.2000000000,0.3500000000,0.3000000000,3.5000000000,0.8000000000,103,112,104,110,103,113
4217,neighbor,False,MAXIMUM_MAIN_STEEL,999999999.0000000000,8773.8752500000,0.2000000000,0.3000000000,0.4000000000,3.5000000000,0.9000000000,103,110,102,112,103,110
4218,neighbor,False,STEM_STRESS_OR_INTERVAL_BOUND,999999999.0000000000,8773.8752500000,0.2000000000,0.3500000000,0.3000000000,3.0000000000,0.8000000000,102,113,101,110,103,112
4219,neighbor,False,MINIMUM_MAIN_STEEL,999999999.0000000000,8773.8752500000,0.2000000000,0.3000000000,0.3000000000,3.5000000000,1.0000000000,104,112,100,112,103,111
4220,neighbor,True,PASS_IMPLEMENTED_PROJECT_CHECKS,9354.4258540000,8773.8752500000,0.2250000000,0.4000000000,0.3000000000,3.0000000000,1.0000000000,104,113,104,113,101,110
4221,neighbor,False,MAXIMUM_MAIN_STEEL,999999999.0000000000,8773.8752500000,0.2250000000,0.4500000000,0.5000000000,3.5000000000,0.8000000000,104,110,102,113,102,113
4222,neighbor,False,STEM_STRESS_OR_INTERVAL_BOUND,999999999.0000000000,8773.8752500000,0.2000000000,0.2500000000,0.3000000000,3.5000000000,0.8000000000,102,113,100,110,100,110
4223,neighbor,False,ENVELOPE_BASE_CONTACT,999999999.0000000000,8773.8752500000,0.2250000000,0.4000000000,0.3000000000,2.5000000000,1.0000000000,104,113,103,112,103,111
4224,neighbor,False,STEM_STRESS_OR_INTERVAL_BOUND,999999999.0000000000,8773.8752500000,0.2250000000,0.3500000000,0.3000000000,3.5000000000,1.0000000000,103,113,101,111,102,112
4225,neighbor,False,MINIMUM_MAIN_STEEL,999999999.0000000000,8773.8752500000,0.2000000000,0.3500000000,0.4000000000,3.5000000000,0.8000000000,104,110,101,111,100,113
4226,neighbor,False,MINIMUM_MAIN_STEEL,999999999.0000000000,8773.8752500000,0.2250000000,0.4500000000,0.4000000000,2.5000000000,1.0000000000,103,113,100,111,101,111
4227,neighbor,False,MEMBER_FLEXURE,999999999.0000000000,8773.8752500000,0.2500000000,0.3500000000,0.3000000000,3.0000000000,1.0000000000,104,113,102,111,101,111
4228,neighbor,False,MEMBER_FLEXURE,999999999.0000000000,8773.8752500000,0.2250000000,0.4000000000,0.3000000000,3.0000000000,1.0000000000,104,113,104,113,102,113
4229,neighbor,False,MINIMUM_MAIN_STEEL,999999999.0000000000,8773.8752500000,0.2250000000,0.2500000000,0.5500000000,3.5000000000,1.0000000000,104,111,100,112,102,110
4230,neighbor,True,PASS_IMPLEMENTED_PROJECT_CHECKS,10045.1126840000,8773.8752500000,0.2500000000,0.4000000000,0.3000000000,3.0000000000,1.0000000000,104,112,104,113,101,110
4231,neighbor,False,MINIMUM_MAIN_STEEL,999999999.0000000000,8773.8752500000,0.2500000000,0.3500000000,0.3000000000,2.5000000000,0.8000000000,104,110,100,113,103,112
4232,neighbor,False,ENVELOPE_BASE_CONTACT,999999999.0000000000,8773.8752500000,0.2500000000,0.3000000000,0.3500000000,2.5000000000,1.0000000000,104,112,102,113,100,110
4233,neighbor,False,MAXIMUM_MAIN_STEEL,999999999.0000000000,8773.8752500000,0.2000000000,0.4000000000,0.3000000000,3.5000000000,0.9000000000,104,110,104,113,102,111
4234,neighbor,False,MINIMUM_MAIN_STEEL,999999999.0000000000,8773.8752500000,0.2500000000,0.4000000000,0.3000000000,3.0000000000,1.0000000000,101,113,102,113,100,113
4235,neighbor,False,ENVELOPE_BASE_CONTACT,999999999.0000000000,8773.8752500000,0.2000000000,0.3000000000,0.3500000000,2.5000000000,0.9000000000,102,111,103,112,104,112
4236,neighbor,False,MINIMUM_MAIN_STEEL,999999999.0000000000,8773.8752500000,0.2250000000,0.3000000000,0.3000000000,3.5000000000,0.8000000000,103,110,100,113,103,112
4237,neighbor,False,MINIMUM_MAIN_STEEL,999999999.0000000000,8773.8752500000,0.2000000000,0.3500000000,0.5000000000,3.0000000000,1.0000000000,103,110,101,113,103,110
4238,neighbor,False,MINIMUM_MAIN_STEEL,999999999.0000000000,8773.8752500000,0.2000000000,0.3500000000,0.3000000000,3.5000000000,0.8000000000,101,113,104,113,104,110
4239,neighbor,False,MINIMUM_MAIN_STEEL,999999999.0000000000,8773.8752500000,0.2000000000,0.4500000000,0.4000000000,2.5000000000,1.0000000000,101,111,100,113,104,110
4240,neighbor,False,MAXIMUM_MAIN_STEEL,999999999.0000000000,8773.8752500000,0.2000000000,0.3500000000,0.3000000000,3.0000000000,1.0000000000,103,111,101,111,104,112
4241,neighbor,False,STEM_STRESS_OR_INTERVAL_BOUND,999999999.0000000000,8773.8752500000,0.2000000000,0.3500000000,0.4500000000,3.0000000000,1.0000000000,101,111,101,110,102,111
4242,neighbor,False,MINIMUM_MAIN_STEEL,999999999.0000000000,8773.8752500000,0.2500000000,0.2500000000,0.5500000000,3.5000000000,1.0000000000,101,110,102,113,100,111
4243,neighbor,False,MAXIMUM_MAIN_STEEL,999999999.0000000000,8773.8752500000,0.2500000000,0.3000000000,0.4500000000,3.5000000000,1.0000000000,104,111,104,112,104,112
4244,neighbor,False,STEM_STRESS_OR_INTERVAL_BOUND,999999999.0000000000,8773.8752500000,0.2000000000,0.3000000000,0.5500000000,3.0000000000,1.0000000000,101,110,103,112,102,113
4245,neighbor,False,STEM_STRESS_OR_INTERVAL_BOUND,999999999.0000000000,8773.8752500000,0.2000000000,0.2500000000,0.5500000000,3.5000000000,0.9000000000,104,113,100,110,102,110
4246,neighbor,False,ENVELOPE_BASE_CONTACT,999999999.0000000000,8773.8752500000,0.2000000000,0.3000000000,0.3000000000,2.5000000000,0.8000000000,101,111,102,112,103,111
4247,neighbor,False,MEMBER_FLEXURE,999999999.0000000000,8773.8752500000,0.2250000000,0.4000000000,0.3000000000,3.0000000000,1.0000000000,104,112,100,111,102,110
4248,neighbor,False,MINIMUM_MAIN_STEEL,999999999.0000000000,8773.8752500000,0.2250000000,0.3500000000,0.4500000000,2.5000000000,1.0000000000,101,110,100,113,100,112
4249,neighbor,False,MINIMUM_MAIN_STEEL,999999999.0000000000,8773.8752500000,0.2000000000,0.4500000000,0.5000000000,2.5000000000,0.9000000000,103,110,100,113,102,111
4250,neighbor,False,STEM_STRESS_OR_INTERVAL_BOUND,999999999.0000000000,8773.8752500000,0.2000000000,0.4000000000,0.3000000000,3.0000000000,0.8000000000,103,113,100,111,101,112
4251,neighbor,False,STEM_STRESS_OR_INTERVAL_BOUND,999999999.0000000000,8773.8752500000,0.2250000000,0.4000000000,0.3000000000,3.0000000000,1.0000000000,102,113,101,111,102,110
4252,neighbor,False,ENVELOPE_BASE_CONTACT,999999999.0000000000,8773.8752500000,0.2000000000,0.3500000000,0.4500000000,2.5000000000,1.0000000000,104,113,103,113,101,110
4253,neighbor,False,STEM_STRESS_OR_INTERVAL_BOUND,999999999.0000000000,8773.8752500000,0.2000000000,0.3500000000,0.3500000000,3.5000000000,0.9000000000,101,111,100,110,104,113
4254,neighbor,True,PASS_IMPLEMENTED_PROJECT_CHECKS,10477.9333850000,8773.8752500000,0.2250000000,0.4000000000,0.5500000000,3.0000000000,1.0000000000,101,110,104,112,100,110
4255,neighbor,True,PASS_IMPLEMENTED_PROJECT_CHECKS,9723.4385000000,8773.8752500000,0.2000000000,0.4500000000,0.3000000000,3.0000000000,1.0000000000,103,112,102,110,103,112
4256,neighbor,False,STEM_STRESS_OR_INTERVAL_BOUND,999999999.0000000000,8773.8752500000,0.2500000000,0.3000000000,0.3000000000,3.0000000000,1.0000000000,101,111,101,112,103,110
4257,neighbor,False,ENVELOPE_BASE_CONTACT,999999999.0000000000,8773.8752500000,0.2000000000,0.2500000000,0.4000000000,2.5000000000,1.0000000000,102,113,101,110,103,112
4258,neighbor,False,STEM_STRESS_OR_INTERVAL_BOUND,999999999.0000000000,8773.8752500000,0.2500000000,0.3000000000,0.5500000000,3.0000000000,1.0000000000,103,112,102,113,103,110
4259,neighbor,False,MINIMUM_MAIN_STEEL,999999999.0000000000,8773.8752500000,0.2000000000,0.4000000000,0.5000000000,3.5000000000,0.8000000000,104,110,100,111,102,112
4260,neighbor,False,MINIMUM_MAIN_STEEL,999999999.0000000000,8773.8752500000,0.2500000000,0.2500000000,0.3500000000,3.5000000000,0.8000000000,103,112,104,113,100,113
4261,neighbor,False,MINIMUM_MAIN_STEEL,999999999.0000000000,8773.8752500000,0.2000000000,0.2500000000,0.4000000000,2.5000000000,0.8000000000,104,113,104,110,100,113
4262,neighbor,False,MINIMUM_MAIN_STEEL,999999999.0000000000,8773.8752500000,0.2000000000,0.3000000000,0.3000000000,2.5000000000,1.0000000000,103,113,100,113,100,113
4263,neighbor,False,ENVELOPE_BASE_CONTACT,999999999.0000000000,8773.8752500000,0.2500000000,0.3000000000,0.5000000000,2.5000000000,1.0000000000,104,113,101,111,101,111
4264,neighbor,False,MINIMUM_MAIN_STEEL,999999999.0000000000,8773.8752500000,0.2500000000,0.3000000000,0.3000000000,3.5000000000,0.9000000000,104,110,102,113,100,113
4265,neighbor,False,STEM_STRESS_OR_INTERVAL_BOUND,999999999.0000000000,8773.8752500000,0.2500000000,0.3000000000,0.3000000000,3.0000000000,0.9000000000,102,111,103,113,103,112
4266,neighbor,False,STEM_STRESS_OR_INTERVAL_BOUND,999999999.0000000000,8773.8752500000,0.2000000000,0.2500000000,0.4500000000,3.5000000000,0.8000000000,102,110,102,112,102,112
4267,neighbor,False,MINIMUM_MAIN_STEEL,999999999.0000000000,8773.8752500000,0.2000000000,0.2500000000,0.3000000000,2.5000000000,0.8000000000,103,110,104,111,100,113
4268,neighbor,False,STEM_STRESS_OR_INTERVAL_BOUND,999999999.0000000000,8773.8752500000,0.2250000000,0.3000000000,0.3000000000,3.5000000000,1.0000000000,102,113,102,112,102,113
4269,neighbor,False,ENVELOPE_BASE_CONTACT,999999999.0000000000,8773.8752500000,0.2500000000,0.4500000000,0.3000000000,2.5000000000,1.0000000000,102,111,103,113,100,110
4270,neighbor,False,MINIMUM_MAIN_STEEL,999999999.0000000000,8773.8752500000,0.2000000000,0.3000000000,0.3000000000,3.0000000000,1.0000000000,103,111,100,112,103,110
4271,neighbor,False,ENVELOPE_BASE_CONTACT,999999999.0000000000,8773.8752500000,0.2000000000,0.4500000000,0.3000000000,2.5000000000,0.8000000000,102,112,100,110,104,111
4272,neighbor,False,MAXIMUM_MAIN_STEEL,999999999.0000000000,8773.8752500000,0.2000000000,0.4500000000,0.3000000000,3.0000000000,1.0000000000,104,110,102,112,103,112
4273,neighbor,True,PASS_IMPLEMENTED_PROJECT_CHECKS,11086.0060000000,8773.8752500000,0.2500000000,0.4500000000,0.3000000000,3.0000000000,1.0000000000,103,111,104,111,104,112
4274,neighbor,False,MAXIMUM_MAIN_STEEL,999999999.0000000000,8773.8752500000,0.2000000000,0.4500000000,0.3000000000,3.0000000000,0.9000000000,103,111,104,110,103,110
4275,neighbor,False,ENVELOPE_BASE_CONTACT,999999999.0000000000,8773.8752500000,0.2000000000,0.4000000000,0.3500000000,2.5000000000,0.8000000000,104,112,103,113,104,110
4276,neighbor,False,ENVELOPE_BASE_CONTACT,999999999.0000000000,8773.8752500000,0.2000000000,0.3500000000,0.3000000000,2.5000000000,1.0000000000,104,113,101,110,104,113
4277,neighbor,False,STEM_STRESS_OR_INTERVAL_BOUND,999999999.0000000000,8773.8752500000,0.2000000000,0.2500000000,0.5500000000,3.5000000000,1.0000000000,102,113,103,111,103,111
4278,neighbor,False,MINIMUM_MAIN_STEEL,999999999.0000000000,8773.8752500000,0.2000000000,0.2500000000,0.3000000000,2.5000000000,1.0000000000,102,113,100,113,100,111
4279,neighbor,False,ENVELOPE_BASE_CONTACT,999999999.0000000000,8773.8752500000,0.2000000000,0.2500000000,0.5000000000,2.5000000000,1.0000000000,104,110,103,113,101,110
4280,neighbor,False,STEM_STRESS_OR_INTERVAL_BOUND,999999999.0000000000,8773.8752500000,0.2250000000,0.3500000000,0.3000000000,3.5000000000,0.8000000000,102,112,102,111,103,113
4281,neighbor,False,ENVELOPE_BASE_CONTACT,999999999.0000000000,8773.8752500000,0.2500000000,0.3500000000,0.5000000000,2.5000000000,0.8000000000,102,112,100,110,101,111
4282,neighbor,False,ENVELOPE_BASE_CONTACT,999999999.0000000000,8773.8752500000,0.2000000000,0.4000000000,0.3000000000,2.5000000000,1.0000000000,102,113,101,112,103,112
4283,neighbor,False,MINIMUM_MAIN_STEEL,999999999.0000000000,8773.8752500000,0.2000000000,0.2500000000,0.5500000000,3.5000000000,1.0000000000,102,110,100,113,101,111
4284,neighbor,True,PASS_IMPLEMENTED_PROJECT_CHECKS,13246.6093200000,8773.8752500000,0.2500000000,0.4500000000,0.4500000000,3.5000000000,0.8000000000,103,111,101,111,103,110
4285,neighbor,False,ENVELOPE_BASE_CONTACT,999999999.0000000000,8773.8752500000,0.2000000000,0.3000000000,0.3000000000,2.5000000000,1.0000000000,101,113,102,113,101,110
4286,neighbor,False,STEM_STRESS_OR_INTERVAL_BOUND,999999999.0000000000,8773.8752500000,0.2500000000,0.3500000000,0.3000000000,3.0000000000,0.9000000000,103,113,101,110,104,113
4287,neighbor,False,MINIMUM_MAIN_STEEL,999999999.0000000000,8773.8752500000,0.2000000000,0.4500000000,0.3000000000,2.5000000000,1.0000000000,102,113,103,111,101,111
4288,neighbor,False,STEM_STRESS_OR_INTERVAL_BOUND,999999999.0000000000,8773.8752500000,0.2000000000,0.3500000000,0.3000000000,3.0000000000,1.0000000000,103,113,103,110,104,113
4289,neighbor,False,ENVELOPE_BASE_CONTACT,999999999.0000000000,8773.8752500000,0.2500000000,0.3000000000,0.3000000000,2.5000000000,0.8000000000,104,111,104,111,101,110
4290,neighbor,False,MAXIMUM_MAIN_STEEL,999999999.0000000000,8773.8752500000,0.2000000000,0.3000000000,0.4000000000,3.0000000000,1.0000000000,104,111,102,113,101,110
4291,neighbor,False,MINIMUM_MAIN_STEEL,999999999.0000000000,8773.8752500000,0.2500000000,0.4500000000,0.3000000000,3.5000000000,0.8000000000,104,112,100,113,104,110
4292,neighbor,False,MINIMUM_MAIN_STEEL,999999999.0000000000,8773.8752500000,0.2500000000,0.4000000000,0.3500000000,2.5000000000,1.0000000000,104,112,100,112,102,110
4293,neighbor,False,MINIMUM_MAIN_STEEL,999999999.0000000000,8773.8752500000,0.2000000000,0.4000000000,0.5000000000,2.5000000000,1.0000000000,101,112,103,110,101,110
4294,neighbor,False,MINIMUM_MAIN_STEEL,999999999.0000000000,8773.8752500000,0.2000000000,0.4500000000,0.3500000000,3.0000000000,1.0000000000,102,113,102,111,100,111
4295,neighbor,False,MAXIMUM_MAIN_STEEL,999999999.0000000000,8773.8752500000,0.2000000000,0.4000000000,0.5000000000,3.5000000000,1.0000000000,102,110,104,112,104,110
4296,neighbor,False,MEMBER_FLEXURE,999999999.0000000000,8773.8752500000,0.2250000000,0.4500000000,0.3000000000,3.5000000000,1.0000000000,104,113,103,113,100,110
4297,neighbor,False,MAXIMUM_MAIN_STEEL,999999999.0000000000,8773.8752500000,0.2500000000,0.3000000000,0.3000000000,3.5000000000,1.0000000000,104,110,102,113,102,111
4298,neighbor,False,ENVELOPE_BASE_CONTACT,999999999.0000000000,8773.8752500000,0.2500000000,0.4000000000,0.3000000000,2.5000000000,1.0000000000,103,113,103,110,104,111
4299,neighbor,False,ENVELOPE_BASE_CONTACT,999999999.0000000000,8773.8752500000,0.2000000000,0.2500000000,0.5000000000,2.5000000000,1.0000000000,104,112,103,113,101,110
4300,neighbor,False,MINIMUM_MAIN_STEEL,999999999.0000000000,8773.8752500000,0.2000000000,0.2500000000,0.4000000000,2.5000000000,1.0000000000,102,111,103,111,100,111
4301,neighbor,False,ENVELOPE_BASE_CONTACT,999999999.0000000000,8773.8752500000,0.2000000000,0.3500000000,0.4000000000,2.5000000000,1.0000000000,104,112,104,113,102,110
4302,neighbor,False,MINIMUM_MAIN_STEEL,999999999.0000000000,8773.8752500000,0.2000000000,0.3500000000,0.3000000000,3.5000000000,1.0000000000,101,113,101,113,103,110
4303,neighbor,False,MINIMUM_MAIN_STEEL,999999999.0000000000,8773.8752500000,0.2000000000,0.4000000000,0.3000000000,3.5000000000,1.0000000000,102,110,104,112,100,113
4304,neighbor,False,MINIMUM_MAIN_STEEL,999999999.0000000000,8773.8752500000,0.2000000000,0.4500000000,0.3000000000,3.5000000000,0.8000000000,101,113,100,110,101,110
4305,neighbor,False,ENVELOPE_BASE_CONTACT,999999999.0000000000,8773.8752500000,0.2000000000,0.3500000000,0.4500000000,2.5000000000,1.0000000000,102,110,102,110,102,111
4306,neighbor,False,ENVELOPE_BASE_CONTACT,999999999.0000000000,8773.8752500000,0.2500000000,0.2500000000,0.3500000000,2.5000000000,0.9000000000,101,110,104,112,104,110
4307,neighbor,False,STEM_STRESS_OR_INTERVAL_BOUND,999999999.0000000000,8773.8752500000,0.2500000000,0.2500000000,0.3000000000,3.0000000000,0.9000000000,104,112,103,112,104,110
4308,neighbor,True,PASS_IMPLEMENTED_PROJECT_CHECKS,8836.0799560000,8773.8752500000,0.2000000000,0.3500000000,0.3000000000,3.0000000000,1.0000000000,104,113,102,113,104,113
4309,neighbor,False,MINIMUM_MAIN_STEEL,999999999.0000000000,8773.8752500000,0.2000000000,0.3500000000,0.4500000000,3.0000000000,1.0000000000,101,113,100,110,103,110
4310,neighbor,False,STEM_STRESS_OR_INTERVAL_BOUND,999999999.0000000000,8773.8752500000,0.2000000000,0.3000000000,0.3000000000,3.5000000000,1.0000000000,103,113,102,113,101,110
4311,neighbor,False,MINIMUM_MAIN_STEEL,999999999.0000000000,8773.8752500000,0.2000000000,0.3000000000,0.4000000000,3.5000000000,1.0000000000,104,113,100,111,100,111
4312,neighbor,False,STEM_STRESS_OR_INTERVAL_BOUND,999999999.0000000000,8773.8752500000,0.2500000000,0.2500000000,0.4000000000,3.0000000000,1.0000000000,102,113,104,112,101,113
4313,neighbor,False,MAXIMUM_MAIN_STEEL,999999999.0000000000,8773.8752500000,0.2250000000,0.4000000000,0.3000000000,3.5000000000,0.9000000000,104,113,104,110,100,110
4314,neighbor,False,MINIMUM_MAIN_STEEL,999999999.0000000000,8773.8752500000,0.2000000000,0.3500000000,0.5500000000,3.0000000000,0.9000000000,101,113,100,113,102,111
4315,neighbor,False,MEMBER_FLEXURE,999999999.0000000000,8773.8752500000,0.2000000000,0.3500000000,0.3000000000,3.5000000000,1.0000000000,104,113,100,111,101,111
4316,neighbor,False,MINIMUM_MAIN_STEEL,999999999.0000000000,8773.8752500000,0.2250000000,0.3500000000,0.3000000000,3.0000000000,1.0000000000,104,111,102,112,100,112
4317,neighbor,False,MAXIMUM_MAIN_STEEL,999999999.0000000000,8773.8752500000,0.2000000000,0.4500000000,0.3000000000,3.0000000000,0.9000000000,104,111,104,113,104,110
4318,neighbor,True,PASS_IMPLEMENTED_PROJECT_CHECKS,11310.0180000000,8773.8752500000,0.2250000000,0.3500000000,0.4000000000,3.0000000000,1.0000000000,102,110,103,111,103,110
4319,neighbor,False,STEM_STRESS_OR_INTERVAL_BOUND,999999999.0000000000,8773.8752500000,0.2500000000,0.3000000000,0.3000000000,3.5000000000,1.0000000000,104,112,101,112,101,110
4320,neighbor,False,MINIMUM_MAIN_STEEL,999999999.0000000000,8773.8752500000,0.2250000000,0.4000000000,0.3000000000,2.5000000000,1.0000000000,103,113,104,113,100,113
4321,neighbor,False,ENVELOPE_BASE_CONTACT,999999999.0000000000,8773.8752500000,0.2000000000,0.4000000000,0.4500000000,2.5000000000,1.0000000000,103,113,103,112,101,110
4322,neighbor,False,STEM_STRESS_OR_INTERVAL_BOUND,999999999.0000000000,8773.8752500000,0.2000000000,0.3500000000,0.3500000000,3.0000000000,1.0000000000,101,110,102,113,104,113
4323,neighbor,False,STEM_STRESS_OR_INTERVAL_BOUND,999999999.0000000000,8773.8752500000,0.2000000000,0.2500000000,0.3000000000,3.5000000000,0.9000000000,104,113,101,113,100,110
4324,neighbor,False,MINIMUM_MAIN_STEEL,999999999.0000000000,8773.8752500000,0.2500000000,0.4000000000,0.5500000000,2.5000000000,1.0000000000,103,113,100,110,101,113
4325,neighbor,False,MINIMUM_MAIN_STEEL,999999999.0000000000,8773.8752500000,0.2000000000,0.4500000000,0.3000000000,3.0000000000,1.0000000000,101,112,100,112,103,110
4326,neighbor,False,MINIMUM_MAIN_STEEL,999999999.0000000000,8773.8752500000,0.2000000000,0.3500000000,0.3000000000,3.5000000000,0.9000000000,102,111,100,113,103,110
4327,neighbor,False,MAXIMUM_MAIN_STEEL,999999999.0000000000,8773.8752500000,0.2000000000,0.4500000000,0.3000000000,3.0000000000,0.8000000000,103,110,100,110,103,112
4328,neighbor,False,ENVELOPE_BASE_CONTACT,999999999.0000000000,8773.8752500000,0.2000000000,0.4500000000,0.3000000000,2.5000000000,1.0000000000,103,113,103,113,101,112
4329,neighbor,False,STEM_STRESS_OR_INTERVAL_BOUND,999999999.0000000000,8773.8752500000,0.2000000000,0.2500000000,0.3500000000,3.0000000000,1.0000000000,104,113,104,113,104,111
4330,neighbor,False,STEM_STRESS_OR_INTERVAL_BOUND,999999999.0000000000,8773.8752500000,0.2000000000,0.3000000000,0.3000000000,3.0000000000,1.0000000000,104,112,101,113,103,113
4331,neighbor,False,ENVELOPE_BASE_CONTACT,999999999.0000000000,8773.8752500000,0.2500000000,0.4000000000,0.4500000000,2.5000000000,0.8000000000,102,110,101,112,104,113
4332,neighbor,False,ENVELOPE_BASE_CONTACT,999999999.0000000000,8773.8752500000,0.2250000000,0.2500000000,0.3000000000,2.5000000000,1.0000000000,102,112,104,112,103,113
4333,neighbor,False,MINIMUM_MAIN_STEEL,999999999.0000000000,8773.8752500000,0.2000000000,0.4500000000,0.5000000000,2.5000000000,0.9000000000,101,110,100,112,103,113
4334,neighbor,False,MAXIMUM_MAIN_STEEL,999999999.0000000000,8773.8752500000,0.2000000000,0.3000000000,0.5500000000,3.0000000000,1.0000000000,104,110,103,113,104,112
4335,neighbor,False,MINIMUM_MAIN_STEEL,999999999.0000000000,8773.8752500000,0.2250000000,0.3000000000,0.5500000000,2.5000000000,0.9000000000,104,113,103,113,100,112
4336,neighbor,False,MINIMUM_MAIN_STEEL,999999999.0000000000,8773.8752500000,0.2000000000,0.2500000000,0.3500000000,3.5000000000,0.9000000000,104,111,103,112,100,112
4337,neighbor,False,STEM_STRESS_OR_INTERVAL_BOUND,999999999.0000000000,8773.8752500000,0.2000000000,0.2500000000,0.3000000000,3.5000000000,1.0000000000,104,112,101,110,103,110
4338,neighbor,False,MINIMUM_MAIN_STEEL,999999999.0000000000,8773.8752500000,0.2000000000,0.3500000000,0.3000000000,2.5000000000,0.9000000000,103,113,100,113,104,113
4339,neighbor,False,MINIMUM_MAIN_STEEL,999999999.0000000000,8773.8752500000,0.2000000000,0.3500000000,0.3000000000,3.5000000000,1.0000000000,101,113,104,113,102,112
4340,neighbor,False,MAXIMUM_MAIN_STEEL,999999999.0000000000,8773.8752500000,0.2000000000,0.3500000000,0.3000000000,3.0000000000,1.0000000000,104,112,103,110,100,110
4341,neighbor,False,MINIMUM_MAIN_STEEL,999999999.0000000000,8773.8752500000,0.2000000000,0.4000000000,0.3000000000,3.5000000000,0.9000000000,102,113,100,113,101,111
4342,neighbor,False,ENVELOPE_BASE_CONTACT,999999999.0000000000,8773.8752500000,0.2250000000,0.3000000000,0.3000000000,2.5000000000,1.0000000000,102,111,100,111,100,110
4343,neighbor,False,MINIMUM_MAIN_STEEL,999999999.0000000000,8773.8752500000,0.2000000000,0.4000000000,0.3000000000,2.5000000000,0.9000000000,103,111,100,113,104,112
4344,neighbor,False,ENVELOPE_BASE_CONTACT,999999999.0000000000,8773.8752500000,0.2000000000,0.4500000000,0.4500000000,2.5000000000,1.0000000000,103,112,102,112,100,110
4345,neighbor,False,STEM_STRESS_OR_INTERVAL_BOUND,999999999.0000000000,8773.8752500000,0.2000000000,0.2500000000,0.5500000000,3.5000000000,1.0000000000,104,111,104,111,101,110
4346,neighbor,False,MINIMUM_MAIN_STEEL,999999999.0000000000,8773.8752500000,0.2000000000,0.4000000000,0.3000000000,3.5000000000,1.0000000000,103,111,100,113,101,112
4347,neighbor,False,MINIMUM_MAIN_STEEL,999999999.0000000000,8773.8752500000,0.2000000000,0.3500000000,0.5000000000,2.5000000000,1.0000000000,101,113,100,110,100,110
4348,neighbor,False,MAXIMUM_MAIN_STEEL,999999999.0000000000,8773.8752500000,0.2500000000,0.3000000000,0.3000000000,3.0000000000,1.0000000000,104,110,103,113,103,113
4349,neighbor,True,PASS_IMPLEMENTED_PROJECT_CHECKS,10945.3751460000,8773.8752500000,0.2000000000,0.4500000000,0.3500000000,3.5000000000,1.0000000000,104,113,100,111,104,111
4350,neighbor,False,STEM_STRESS_OR_INTERVAL_BOUND,999999999.0000000000,8773.8752500000,0.2000000000,0.4500000000,0.3000000000,3.5000000000,0.8000000000,101,111,101,113,102,110
4351,neighbor,False,STEM_STRESS_OR_INTERVAL_BOUND,999999999.0000000000,8773.8752500000,0.2250000000,0.3000000000,0.4000000000,3.0000000000,0.8000000000,102,113,102,113,103,111
4352,neighbor,False,MINIMUM_MAIN_STEEL,999999999.0000000000,8773.8752500000,0.2000000000,0.3000000000,0.5000000000,2.5000000000,1.0000000000,104,113,104,110,100,112
4353,neighbor,False,ENVELOPE_BASE_CONTACT,999999999.0000000000,8773.8752500000,0.2000000000,0.4000000000,0.3500000000,2.5000000000,1.0000000000,104,112,104,112,104,110
4354,neighbor,False,ENVELOPE_BASE_CONTACT,999999999.0000000000,8773.8752500000,0.2000000000,0.4500000000,0.3000000000,2.5000000000,0.8000000000,102,111,103,113,102,112
4355,neighbor,True,PASS_IMPLEMENTED_PROJECT_CHECKS,12145.0785000000,8773.8752500000,0.2500000000,0.3000000000,0.5000000000,3.0000000000,1.0000000000,102,110,103,110,103,110
4356,neighbor,False,STEM_STRESS_OR_INTERVAL_BOUND,999999999.0000000000,8773.8752500000,0.2000000000,0.3000000000,0.3500000000,3.0000000000,1.0000000000,102,111,101,113,103,112
4357,neighbor,False,MINIMUM_MAIN_STEEL,999999999.0000000000,8773.8752500000,0.2250000000,0.4500000000,0.4500000000,3.0000000000,1.0000000000,102,113,103,111,104,110
4358,neighbor,False,STEM_STRESS_OR_INTERVAL_BOUND,999999999.0000000000,8773.8752500000,0.2000000000,0.2500000000,0.3000000000,3.0000000000,0.8000000000,104,113,101,111,103,111
4359,neighbor,True,PASS_IMPLEMENTED_PROJECT_CHECKS,10531.5477300000,8773.8752500000,0.2500000000,0.4000000000,0.3500000000,3.0000000000,0.9000000000,102,110,101,112,102,110
4360,neighbor,False,ENVELOPE_BASE_CONTACT,999999999.0000000000,8773.8752500000,0.2250000000,0.3000000000,0.5000000000,2.5000000000,0.8000000000,104,113,102,111,101,112
4361,neighbor,False,ENVELOPE_BASE_CONTACT,999999999.0000000000,8773.8752500000,0.2000000000,0.4000000000,0.3000000000,2.5000000000,1.0000000000,104,112,101,111,102,113
4362,neighbor,False,STEM_STRESS_OR_INTERVAL_BOUND,999999999.0000000000,8773.8752500000,0.2500000000,0.3000000000,0.3000000000,3.5000000000,0.8000000000,101,113,103,111,102,112
4363,neighbor,False,MINIMUM_MAIN_STEEL,999999999.0000000000,8773.8752500000,0.2500000000,0.3000000000,0.4000000000,3.0000000000,0.8000000000,104,112,100,113,103,110
4364,neighbor,False,MINIMUM_MAIN_STEEL,999999999.0000000000,8773.8752500000,0.2000000000,0.3500000000,0.4500000000,3.5000000000,0.9000000000,102,111,100,111,103,111
4365,neighbor,False,MINIMUM_MAIN_STEEL,999999999.0000000000,8773.8752500000,0.2000000000,0.3500000000,0.5000000000,3.5000000000,0.9000000000,104,113,101,113,101,111
4366,neighbor,False,MINIMUM_MAIN_STEEL,999999999.0000000000,8773.8752500000,0.2000000000,0.3000000000,0.4000000000,2.5000000000,0.9000000000,104,113,100,112,101,110
4367,neighbor,False,MINIMUM_MAIN_STEEL,999999999.0000000000,8773.8752500000,0.2000000000,0.2500000000,0.5500000000,3.5000000000,0.9000000000,101,110,104,112,100,113
4368,neighbor,False,STEM_STRESS_OR_INTERVAL_BOUND,999999999.0000000000,8773.8752500000,0.2000000000,0.3000000000,0.3000000000,3.5000000000,1.0000000000,103,113,104,113,101,113
4369,neighbor,False,STEM_STRESS_OR_INTERVAL_BOUND,999999999.0000000000,8773.8752500000,0.2500000000,0.3000000000,0.3000000000,3.0000000000,0.9000000000,104,112,104,110,101,110
4370,neighbor,False,ENVELOPE_BASE_CONTACT,999999999.0000000000,8773.8752500000,0.2250000000,0.3000000000,0.3000000000,2.5000000000,1.0000000000,102,110,103,113,101,112
4371,neighbor,False,MAXIMUM_MAIN_STEEL,999999999.0000000000,8773.8752500000,0.2000000000,0.3500000000,0.5500000000,3.0000000000,1.0000000000,103,110,104,110,104,111
4372,neighbor,False,MAXIMUM_MAIN_STEEL,999999999.0000000000,8773.8752500000,0.2000000000,0.4500000000,0.3000000000,3.0000000000,1.0000000000,104,112,102,110,102,112
4373,neighbor,False,MINIMUM_MAIN_STEEL,999999999.0000000000,8773.8752500000,0.2000000000,0.4000000000,0.3000000000,3.5000000000,0.9000000000,104,112,100,113,101,113
4374,neighbor,False,MINIMUM_MAIN_STEEL,999999999.0000000000,8773.8752500000,0.2000000000,0.4500000000,0.3000000000,3.5000000000,0.9000000000,102,113,100,112,104,110
4375,neighbor,False,MINIMUM_MAIN_STEEL,999999999.0000000000,8773.8752500000,0.2000000000,0.3500000000,0.3000000000,3.5000000000,1.0000000000,104,112,100,113,104,113
4376,neighbor,False,ENVELOPE_BASE_CONTACT,999999999.0000000000,8773.8752500000,0.2500000000,0.4500000000,0.3000000000,2.5000000000,0.9000000000,101,110,101,110,103,110
4377,neighbor,False,MINIMUM_MAIN_STEEL,999999999.0000000000,8773.8752500000,0.2000000000,0.3000000000,0.4000000000,3.0000000000,0.9000000000,101,113,104,112,100,112
4378,neighbor,False,STEM_STRESS_OR_INTERVAL_BOUND,999999999.0000000000,8773.8752500000,0.2000000000,0.4000000000,0.3000000000,3.5000000000,1.0000000000,101,111,102,110,103,110
4379,neighbor,False,MINIMUM_MAIN_STEEL,999999999.0000000000,8773.8752500000,0.2000000000,0.2500000000,0.3000000000,3.5000000000,1.0000000000,104,113,103,111,100,113
4380,neighbor,True,PASS_IMPLEMENTED_PROJECT_CHECKS,10249.3157800000,8773.8752500000,0.2000000000,0.3500000000,0.3000000000,3.5000000000,1.0000000000,104,113,102,111,104,111
4381,neighbor,False,ENVELOPE_BASE_CONTACT,999999999.0000000000,8773.8752500000,0.2250000000,0.4000000000,0.4000000000,2.5000000000,0.8000000000,104,113,101,112,102,113
4382,neighbor,False,STEM_STRESS_OR_INTERVAL_BOUND,999999999.0000000000,8773.8752500000,0.2000000000,0.2500000000,0.4000000000,3.0000000000,0.8000000000,103,111,103,113,102,111
4383,neighbor,False,ENVELOPE_BASE_CONTACT,999999999.0000000000,8773.8752500000,0.2500000000,0.2500000000,0.3000000000,2.5000000000,0.9000000000,102,113,103,113,103,113
4384,neighbor,False,STEM_STRESS_OR_INTERVAL_BOUND,999999999.0000000000,8773.8752500000,0.2500000000,0.3500000000,0.3000000000,3.0000000000,0.9000000000,102,113,104,110,104,113
4385,neighbor,False,MINIMUM_MAIN_STEEL,999999999.0000000000,8773.8752500000,0.2250000000,0.2500000000,0.3000000000,2.5000000000,1.0000000000,104,113,101,111,100,112
4386,neighbor,False,MAXIMUM_MAIN_STEEL,999999999.0000000000,8773.8752500000,0.2000000000,0.3500000000,0.5000000000,3.5000000000,1.0000000000,103,110,103,113,102,110
4387,neighbor,False,ENVELOPE_BASE_CONTACT,999999999.0000000000,8773.8752500000,0.2250000000,0.4500000000,0.3000000000,2.5000000000,1.0000000000,103,112,102,113,103,110
4388,neighbor,False,ENVELOPE_BASE_CONTACT,999999999.0000000000,8773.8752500000,0.2500000000,0.4500000000,0.3000000000,2.5000000000,0.9000000000,104,110,102,110,101,112
4389,neighbor,True,PASS_IMPLEMENTED_PROJECT_CHECKS,9865.8349420000,8773.8752500000,0.2250000000,0.4000000000,0.3000000000,3.0000000000,1.0000000000,104,112,102,112,104,113
4390,neighbor,False,MAXIMUM_MAIN_STEEL,999999999.0000000000,8773.8752500000,0.2250000000,0.3000000000,0.3000000000,3.5000000000,1.0000000000,104,110,102,113,103,110
4391,neighbor,False,ENVELOPE_BASE_CONTACT,999999999.0000000000,8773.8752500000,0.2000000000,0.2500000000,0.3000000000,2.5000000000,1.0000000000,104,110,101,110,101,113
4392,neighbor,False,MINIMUM_MAIN_STEEL,999999999.0000000000,8773.8752500000,0.2000000000,0.3500000000,0.3000000000,2.5000000000,0.8000000000,104,111,104,111,100,113
4393,neighbor,False,MINIMUM_MAIN_STEEL,999999999.0000000000,8773.8752500000,0.2000000000,0.2500000000,0.4000000000,3.0000000000,1.0000000000,102,113,101,112,100,113
4394,neighbor,False,ENVELOPE_BASE_CONTACT,999999999.0000000000,8773.8752500000,0.2500000000,0.3000000000,0.3000000000,2.5000000000,1.0000000000,104,113,101,113,104,112
4395,neighbor,False,MAXIMUM_MAIN_STEEL,999999999.0000000000,8773.8752500000,0.2000000000,0.4500000000,0.3000000000,3.5000000000,1.0000000000,102,110,103,113,103,110
4396,neighbor,False,STEM_STRESS_OR_INTERVAL_BOUND,999999999.0000000000,8773.8752500000,0.2500000000,0.3000000000,0.3000000000,3.0000000000,1.0000000000,101,110,104,113,102,110
4397,neighbor,False,ENVELOPE_BASE_CONTACT,999999999.0000000000,8773.8752500000,0.2500000000,0.3500000000,0.3000000000,2.5000000000,1.0000000000,104,111,101,112,101,112
4398,neighbor,True,PASS_IMPLEMENTED_PROJECT_CHECKS,9461.7158010000,8773.8752500000,0.2250000000,0.4500000000,0.3500000000,3.0000000000,1.0000000000,103,112,101,113,102,113
4399,neighbor,True,PASS_IMPLEMENTED_PROJECT_CHECKS,10700.7470400000,8773.8752500000,0.2000000000,0.4000000000,0.3000000000,3.5000000000,1.0000000000,104,113,102,110,104,111
4400,neighbor,False,STEM_STRESS_OR_INTERVAL_BOUND,999999999.0000000000,8773.8752500000,0.2000000000,0.2500000000,0.3000000000,3.0000000000,1.0000000000,102,113,101,110,102,113
4401,neighbor,False,STEM_STRESS_OR_INTERVAL_BOUND,999999999.0000000000,8773.8752500000,0.2000000000,0.4000000000,0.5500000000,3.0000000000,1.0000000000,102,113,103,112,104,110
4402,neighbor,False,MINIMUM_MAIN_STEEL,999999999.0000000000,8773.8752500000,0.2250000000,0.2500000000,0.3000000000,3.5000000000,1.0000000000,101,113,100,113,103,111
4403,neighbor,False,STEM_STRESS_OR_INTERVAL_BOUND,999999999.0000000000,8773.8752500000,0.2250000000,0.2500000000,0.3500000000,3.5000000000,0.9000000000,102,112,102,113,104,110
4404,neighbor,False,ENVELOPE_BASE_CONTACT,999999999.0000000000,8773.8752500000,0.2250000000,0.4000000000,0.5000000000,2.5000000000,0.8000000000,104,110,102,112,103,110
4405,neighbor,False,MINIMUM_MAIN_STEEL,999999999.0000000000,8773.8752500000,0.2000000000,0.3500000000,0.4000000000,2.5000000000,1.0000000000,103,113,104,112,100,111
4406,neighbor,False,MINIMUM_MAIN_STEEL,999999999.0000000000,8773.8752500000,0.2000000000,0.3000000000,0.5000000000,3.0000000000,1.0000000000,104,113,100,111,102,111
4407,neighbor,False,ENVELOPE_BASE_CONTACT,999999999.0000000000,8773.8752500000,0.2000000000,0.3000000000,0.3500000000,2.5000000000,1.0000000000,103,112,101,111,100,110
4408,neighbor,False,MAXIMUM_MAIN_STEEL,999999999.0000000000,8773.8752500000,0.2000000000,0.3500000000,0.4500000000,3.0000000000,1.0000000000,104,111,102,113,104,112
4409,neighbor,False,MINIMUM_MAIN_STEEL,999999999.0000000000,8773.8752500000,0.2000000000,0.2500000000,0.4000000000,2.5000000000,1.0000000000,101,112,100,111,103,110
4410,neighbor,False,MINIMUM_MAIN_STEEL,999999999.0000000000,8773.8752500000,0.2000000000,0.3000000000,0.5500000000,3.0000000000,1.0000000000,103,111,102,111,101,112
4411,neighbor,False,STEM_STRESS_OR_INTERVAL_BOUND,999999999.0000000000,8773.8752500000,0.2250000000,0.3000000000,0.3000000000,3.0000000000,0.8000000000,101,110,102,113,103,111
4412,neighbor,False,STEM_STRESS_OR_INTERVAL_BOUND,999999999.0000000000,8773.8752500000,0.2500000000,0.3000000000,0.3000000000,3.0000000000,0.9000000000,101,112,103,110,100,111
4413,neighbor,False,STEM_STRESS_OR_INTERVAL_BOUND,999999999.0000000000,8773.8752500000,0.2500000000,0.2500000000,0.3000000000,3.0000000000,0.8000000000,102,113,101,111,100,110
4414,neighbor,True,PASS_IMPLEMENTED_PROJECT_CHECKS,11724.3459260000,8773.8752500000,0.2500000000,0.4000000000,0.4500000000,3.5000000000,0.8000000000,104,113,104,113,102,110
4415,neighbor,False,MEMBER_FLEXURE,999999999.0000000000,8773.8752500000,0.2000000000,0.3500000000,0.3000000000,3.5000000000,1.0000000000,104,113,104,113,100,111
4416,neighbor,False,MAXIMUM_MAIN_STEEL,999999999.0000000000,8773.8752500000,0.2000000000,0.4000000000,0.4000000000,3.0000000000,1.0000000000,104,111,104,111,104,112
4417,neighbor,False,MEMBER_FLEXURE,999999999.0000000000,8773.8752500000,0.2250000000,0.3500000000,0.3000000000,3.0000000000,0.9000000000,102,110,100,110,101,113
4418,neighbor,True,PASS_IMPLEMENTED_PROJECT_CHECKS,9856.2117760000,8773.8752500000,0.2000000000,0.3500000000,0.3500000000,3.5000000000,1.0000000000,104,113,102,113,103,112
4419,neighbor,False,MINIMUM_MAIN_STEEL,999999999.0000000000,8773.8752500000,0.2000000000,0.3000000000,0.3500000000,3.0000000000,1.0000000000,102,111,104,111,100,113
4420,neighbor,False,MINIMUM_MAIN_STEEL,999999999.0000000000,8773.8752500000,0.2250000000,0.3500000000,0.4500000000,2.5000000000,0.9000000000,102,113,101,113,100,112
4421,neighbor,False,ENVELOPE_BASE_CONTACT,999999999.0000000000,8773.8752500000,0.2000000000,0.3000000000,0.3000000000,2.5000000000,1.0000000000,103,111,102,112,101,110
4422,neighbor,False,MINIMUM_MAIN_STEEL,999999999.0000000000,8773.8752500000,0.2500000000,0.4000000000,0.4500000000,3.0000000000,1.0000000000,103,110,100,113,100,111
4423,neighbor,False,ENVELOPE_BASE_CONTACT,999999999.0000000000,8773.8752500000,0.2000000000,0.3500000000,0.5000000000,2.5000000000,0.8000000000,104,111,104,113,101,112
4424,neighbor,False,ENVELOPE_BASE_CONTACT,999999999.0000000000,8773.8752500000,0.2000000000,0.3500000000,0.3000000000,2.5000000000,1.0000000000,104,113,101,110,102,111
4425,neighbor,False,MINIMUM_MAIN_STEEL,999999999.0000000000,8773.8752500000,0.2000000000,0.3000000000,0.5000000000,3.0000000000,0.9000000000,102,113,100,113,100,113
4426,neighbor,False,STEM_STRESS_OR_INTERVAL_BOUND,999999999.0000000000,8773.8752500000,0.2500000000,0.3000000000,0.3000000000,3.0000000000,1.0000000000,104,113,100,111,103,110
4427,neighbor,True,PASS_IMPLEMENTED_PROJECT_CHECKS,12457.4562040000,8773.8752500000,0.2000000000,0.3500000000,0.5000000000,3.5000000000,1.0000000000,104,113,101,112,104,110
4428,neighbor,False,STEM_STRESS_OR_INTERVAL_BOUND,999999999.0000000000,8773.8752500000,0.2000000000,0.2500000000,0.3000000000,3.5000000000,0.9000000000,104,110,103,113,101,112
4429,neighbor,False,ENVELOPE_BASE_CONTACT,999999999.0000000000,8773.8752500000,0.2250000000,0.4000000000,0.3000000000,2.5000000000,1.0000000000,102,111,100,111,101,110
4430,neighbor,False,MINIMUM_MAIN_STEEL,999999999.0000000000,8773.8752500000,0.2500000000,0.4000000000,0.5000000000,2.5000000000,0.9000000000,102,111,100,112,104,110
4431,neighbor,False,ENVELOPE_BASE_CONTACT,999999999.0000000000,8773.8752500000,0.2000000000,0.3000000000,0.3000000000,2.5000000000,0.9000000000,101,111,104,113,103,113
4432,neighbor,False,MEMBER_FLEXURE,999999999.0000000000,8773.8752500000,0.2250000000,0.3500000000,0.3000000000,3.0000000000,0.8000000000,104,112,103,113,102,112
4433,neighbor,False,MAXIMUM_MAIN_STEEL,999999999.0000000000,8773.8752500000,0.2250000000,0.4000000000,0.5000000000,3.0000000000,1.0000000000,104,110,101,110,103,110
4434,neighbor,False,STEM_STRESS_OR_INTERVAL_BOUND,999999999.0000000000,8773.8752500000,0.2250000000,0.3000000000,0.3000000000,3.5000000000,0.8000000000,104,113,103,112,104,113
4435,neighbor,False,STEM_STRESS_OR_INTERVAL_BOUND,999999999.0000000000,8773.8752500000,0.2000000000,0.2500000000,0.4500000000,3.0000000000,1.0000000000,104,112,101,111,103,111
4436,neighbor,False,STEM_STRESS_OR_INTERVAL_BOUND,999999999.0000000000,8773.8752500000,0.2000000000,0.2500000000,0.3000000000,3.0000000000,1.0000000000,102,113,102,112,104,110
4437,neighbor,False,MINIMUM_MAIN_STEEL,999999999.0000000000,8773.8752500000,0.2000000000,0.3000000000,0.3000000000,2.5000000000,0.8000000000,104,112,100,112,104,110
4438,neighbor,False,MINIMUM_MAIN_STEEL,999999999.0000000000,8773.8752500000,0.2000000000,0.4500000000,0.4500000000,3.0000000000,1.0000000000,102,110,100,113,101,110
4439,neighbor,False,MINIMUM_MAIN_STEEL,999999999.0000000000,8773.8752500000,0.2000000000,0.3000000000,0.3000000000,3.0000000000,1.0000000000,103,110,103,110,100,113
4440,neighbor,False,MEMBER_FLEXURE,999999999.0000000000,8773.8752500000,0.2000000000,0.4500000000,0.3500000000,3.0000000000,1.0000000000,103,113,100,111,102,113
4441,neighbor,False,MAXIMUM_MAIN_STEEL,999999999.0000000000,8773.8752500000,0.2250000000,0.4000000000,0.3000000000,3.0000000000,0.8000000000,104,110,104,110,101,112
4442,neighbor,False,ENVELOPE_BASE_CONTACT,999999999.0000000000,8773.8752500000,0.2000000000,0.3000000000,0.3000000000,2.5000000000,1.0000000000,102,110,104,111,102,112
4443,neighbor,True,PASS_IMPLEMENTED_PROJECT_CHECKS,9859.6125550000,8773.8752500000,0.2250000000,0.4000000000,0.4500000000,3.0000000000,1.0000000000,101,110,102,110,102,113
4444,neighbor,False,STEM_STRESS_OR_INTERVAL_BOUND,999999999.0000000000,8773.8752500000,0.2000000000,0.2500000000,0.3000000000,3.0000000000,1.0000000000,103,111,103,113,102,110
4445,neighbor,True,PASS_IMPLEMENTED_PROJECT_CHECKS,10011.8788800000,8773.8752500000,0.2500000000,0.3500000000,0.3000000000,3.5000000000,1.0000000000,104,113,100,110,102,110
4446,neighbor,False,STEM_STRESS_OR_INTERVAL_BOUND,999999999.0000000000,8773.8752500000,0.2000000000,0.3000000000,0.5000000000,3.0000000000,1.0000000000,102,113,102,113,100,110
4447,neighbor,False,STEM_STRESS_OR_INTERVAL_BOUND,999999999.0000000000,8773.8752500000,0.2000000000,0.3000000000,0.3500000000,3.0000000000,1.0000000000,102,112,101,110,103,110
4448,neighbor,False,ENVELOPE_BASE_CONTACT,999999999.0000000000,8773.8752500000,0.2500000000,0.4000000000,0.3000000000,2.5000000000,1.0000000000,103,112,104,113,102,113
4449,neighbor,False,STEM_STRESS_OR_INTERVAL_BOUND,999999999.0000000000,8773.8752500000,0.2000000000,0.3500000000,0.3000000000,3.5000000000,1.0000000000,103,113,104,111,103,111
4450,neighbor,False,MAXIMUM_MAIN_STEEL,999999999.0000000000,8773.8752500000,0.2000000000,0.3500000000,0.3000000000,3.5000000000,0.8000000000,102,110,103,112,101,110
4451,neighbor,False,MINIMUM_MAIN_STEEL,999999999.0000000000,8773.8752500000,0.2000000000,0.4500000000,0.5000000000,3.5000000000,1.0000000000,104,112,101,113,100,113
4452,neighbor,False,ENVELOPE_BASE_CONTACT,999999999.0000000000,8773.8752500000,0.2500000000,0.3500000000,0.3000000000,2.5000000000,1.0000000000,103,113,101,112,104,113
4453,neighbor,False,ENVELOPE_BASE_CONTACT,999999999.0000000000,8773.8752500000,0.2000000000,0.2500000000,0.3000000000,2.5000000000,1.0000000000,104,113,103,110,104,112
4454,neighbor,False,MINIMUM_MAIN_STEEL,999999999.0000000000,8773.8752500000,0.2250000000,0.4000000000,0.5500000000,2.5000000000,0.8000000000,104,111,100,113,102,112
4455,neighbor,False,MINIMUM_MAIN_STEEL,999999999.0000000000,8773.8752500000,0.2250000000,0.3000000000,0.3000000000,3.0000000000,0.8000000000,102,111,103,112,100,112
4456,neighbor,False,STEM_STRESS_OR_INTERVAL_BOUND,999999999.0000000000,8773.8752500000,0.2250000000,0.4000000000,0.4000000000,3.0000000000,0.8000000000,101,111,103,110,101,110
4457,neighbor,True,PASS_IMPLEMENTED_PROJECT_CHECKS,10208.1783800000,8773.8752500000,0.2000000000,0.4500000000,0.3000000000,3.0000000000,0.9000000000,104,113,102,110,104,111
4458,neighbor,False,MINIMUM_MAIN_STEEL,999999999.0000000000,8773.8752500000,0.2500000000,0.3000000000,0.5000000000,3.5000000000,0.9000000000,102,110,104,113,100,111
4459,neighbor,False,STEM_STRESS_OR_INTERVAL_BOUND,999999999.0000000000,8773.8752500000,0.2000000000,0.3500000000,0.3000000000,3.0000000000,1.0000000000,103,113,100,110,101,112
4460,neighbor,False,MINIMUM_MAIN_STEEL,999999999.0000000000,8773.8752500000,0.2500000000,0.4000000000,0.5000000000,3.5000000000,1.0000000000,103,110,100,113,102,110
4461,neighbor,True,PASS_IMPLEMENTED_PROJECT_CHECKS,9534.6994300000,8773.8752500000,0.2250000000,0.3000000000,0.3000000000,3.0000000000,1.0000000000,103,111,103,113,104,113
4462,neighbor,False,MINIMUM_MAIN_STEEL,999999999.0000000000,8773.8752500000,0.2250000000,0.4500000000,0.4500000000,3.0000000000,0.8000000000,104,112,101,110,100,113
4463,neighbor,False,MINIMUM_MAIN_STEEL,999999999.0000000000,8773.8752500000,0.2500000000,0.2500000000,0.3000000000,2.5000000000,1.0000000000,104,110,100,113,101,112
4464,neighbor,False,ENVELOPE_BASE_CONTACT,999999999.0000000000,8773.8752500000,0.2250000000,0.2500000000,0.3000000000,2.5000000000,1.0000000000,104,110,100,111,101,110
4465,neighbor,False,ENVELOPE_BASE_CONTACT,999999999.0000000000,8773.8752500000,0.2000000000,0.2500000000,0.3000000000,2.5000000000,0.9000000000,104,112,100,110,102,110
4466,neighbor,False,MINIMUM_MAIN_STEEL,999999999.0000000000,8773.8752500000,0.2000000000,0.3500000000,0.5000000000,3.0000000000,0.8000000000,103,111,104,113,100,111
4467,neighbor,False,MINIMUM_MAIN_STEEL,999999999.0000000000,8773.8752500000,0.2000000000,0.3500000000,0.5500000000,3.5000000000,0.9000000000,101,113,100,113,104,113
4468,neighbor,False,ENVELOPE_BASE_CONTACT,999999999.0000000000,8773.8752500000,0.2500000000,0.3500000000,0.3000000000,2.5000000000,1.0000000000,103,110,103,112,102,112
4469,neighbor,False,MINIMUM_MAIN_STEEL,999999999.0000000000,8773.8752500000,0.2000000000,0.3000000000,0.5500000000,2.5000000000,0.8000000000,104,113,100,113,100,112
4470,neighbor,False,MINIMUM_MAIN_STEEL,999999999.0000000000,8773.8752500000,0.2000000000,0.3500000000,0.3000000000,3.5000000000,1.0000000000,101,113,100,113,100,110
4471,neighbor,False,MINIMUM_MAIN_STEEL,999999999.0000000000,8773.8752500000,0.2000000000,0.4000000000,0.5000000000,2.5000000000,0.8000000000,103,110,104,110,100,112
4472,neighbor,False,MINIMUM_MAIN_STEEL,999999999.0000000000,8773.8752500000,0.2000000000,0.3000000000,0.5000000000,3.0000000000,1.0000000000,104,111,101,113,103,110
4473,neighbor,False,MINIMUM_MAIN_STEEL,999999999.0000000000,8773.8752500000,0.2000000000,0.2500000000,0.5000000000,3.5000000000,1.0000000000,104,113,104,112,100,113
4474,neighbor,False,ENVELOPE_BASE_CONTACT,999999999.0000000000,8773.8752500000,0.2000000000,0.4500000000,0.5500000000,2.5000000000,0.8000000000,101,111,102,111,101,110
4475,neighbor,False,ENVELOPE_BASE_CONTACT,999999999.0000000000,8773.8752500000,0.2000000000,0.2500000000,0.3000000000,2.5000000000,1.0000000000,102,110,101,111,104,113
4476,neighbor,False,ENVELOPE_BASE_CONTACT,999999999.0000000000,8773.8752500000,0.2000000000,0.4500000000,0.4500000000,2.5000000000,1.0000000000,104,112,100,110,102,113
4477,neighbor,False,MAXIMUM_MAIN_STEEL,999999999.0000000000,8773.8752500000,0.2000000000,0.4500000000,0.3000000000,3.5000000000,1.0000000000,104,110,103,113,102,110
4478,neighbor,False,MAXIMUM_MAIN_STEEL,999999999.0000000000,8773.8752500000,0.2000000000,0.4500000000,0.3000000000,3.0000000000,0.9000000000,104,112,103,111,104,110
4479,neighbor,False,ENVELOPE_BASE_CONTACT,999999999.0000000000,8773.8752500000,0.2500000000,0.3000000000,0.3000000000,2.5000000000,1.0000000000,101,111,102,113,103,113
4480,neighbor,False,MINIMUM_MAIN_STEEL,999999999.0000000000,8773.8752500000,0.2000000000,0.3000000000,0.3500000000,3.0000000000,0.8000000000,104,112,100,112,100,112
4481,neighbor,False,MAXIMUM_MAIN_STEEL,999999999.0000000000,8773.8752500000,0.2000000000,0.3500000000,0.3000000000,3.5000000000,1.0000000000,104,111,100,111,102,110
4482,neighbor,False,ENVELOPE_BASE_CONTACT,999999999.0000000000,8773.8752500000,0.2000000000,0.4000000000,0.5500000000,2.5000000000,0.8000000000,104,113,102,111,102,111
4483,neighbor,False,ENVELOPE_BASE_CONTACT,999999999.0000000000,8773.8752500000,0.2250000000,0.4000000000,0.3000000000,2.5000000000,1.0000000000,104,110,103,113,101,113
4484,neighbor,False,ENVELOPE_BASE_CONTACT,999999999.0000000000,8773.8752500000,0.2500000000,0.4500000000,0.4500000000,2.5000000000,0.8000000000,104,113,104,111,102,113
4485,neighbor,False,MINIMUM_MAIN_STEEL,999999999.0000000000,8773.8752500000,0.2500000000,0.4500000000,0.4500000000,3.5000000000,1.0000000000,104,112,100,112,101,113
4486,neighbor,True,PASS_IMPLEMENTED_PROJECT_CHECKS,10701.0987300000,8773.8752500000,0.2000000000,0.4000000000,0.3000000000,3.5000000000,0.9000000000,103,112,101,112,103,110
4487,neighbor,False,MINIMUM_MAIN_STEEL,999999999.0000000000,8773.8752500000,0.2000000000,0.4500000000,0.3500000000,3.0000000000,1.0000000000,101,113,101,111,100,110
4488,neighbor,False,ENVELOPE_BASE_CONTACT,999999999.0000000000,8773.8752500000,0.2500000000,0.2500000000,0.3000000000,2.5000000000,0.8000000000,102,113,100,110,101,110
4489,neighbor,False,STEM_STRESS_OR_INTERVAL_BOUND,999999999.0000000000,8773.8752500000,0.2500000000,0.3000000000,0.3500000000,3.0000000000,1.0000000000,101,113,104,113,101,112
4490,neighbor,False,STEM_STRESS_OR_INTERVAL_BOUND,999999999.0000000000,8773.8752500000,0.2000000000,0.3500000000,0.3000000000,3.5000000000,1.0000000000,102,113,103,113,101,113
4491,neighbor,False,MINIMUM_MAIN_STEEL,999999999.0000000000,8773.8752500000,0.2000000000,0.3000000000,0.3000000000,3.5000000000,1.0000000000,104,110,100,113,102,110
4492,neighbor,False,ENVELOPE_BASE_CONTACT,999999999.0000000000,8773.8752500000,0.2000000000,0.3500000000,0.3500000000,2.5000000000,0.8000000000,104,111,103,110,102,111
4493,neighbor,False,MAXIMUM_MAIN_STEEL,999999999.0000000000,8773.8752500000,0.2000000000,0.3000000000,0.3000000000,3.5000000000,0.9000000000,104,111,104,111,104,112
4494,neighbor,False,MAXIMUM_MAIN_STEEL,999999999.0000000000,8773.8752500000,0.2000000000,0.3000000000,0.3000000000,3.0000000000,1.0000000000,104,111,104,113,104,111
4495,neighbor,False,MAXIMUM_MAIN_STEEL,999999999.0000000000,8773.8752500000,0.2000000000,0.4000000000,0.3000000000,3.0000000000,0.9000000000,102,110,103,113,103,111
4496,neighbor,False,ENVELOPE_BASE_CONTACT,999999999.0000000000,8773.8752500000,0.2000000000,0.3500000000,0.3000000000,2.5000000000,0.8000000000,101,111,104,111,104,111
4497,neighbor,False,STEM_STRESS_OR_INTERVAL_BOUND,999999999.0000000000,8773.8752500000,0.2000000000,0.3500000000,0.3000000000,3.5000000000,1.0000000000,103,113,103,112,100,110
4498,neighbor,False,MAXIMUM_MAIN_STEEL,999999999.0000000000,8773.8752500000,0.2500000000,0.4500000000,0.3000000000,3.0000000000,1.0000000000,104,112,104,110,101,110
4499,neighbor,False,STEM_STRESS_OR_INTERVAL_BOUND,999999999.0000000000,8773.8752500000,0.2500000000,0.2500000000,0.4500000000,3.0000000000,0.9000000000,104,112,103,112,100,110
4500,neighbor,False,MINIMUM_MAIN_STEEL,999999999.0000000000,8773.8752500000,0.2250000000,0.2500000000,0.5000000000,2.5000000000,1.0000000000,101,112,100,113,104,111
4501,neighbor,False,STEM_STRESS_OR_INTERVAL_BOUND,999999999.0000000000,8773.8752500000,0.2500000000,0.3000000000,0.3000000000,3.0000000000,1.0000000000,104,113,104,111,102,112
4502,neighbor,False,MAXIMUM_MAIN_STEEL,999999999.0000000000,8773.8752500000,0.2500000000,0.3000000000,0.3000000000,3.5000000000,0.8000000000,104,111,103,113,101,110
4503,neighbor,False,STEM_STRESS_OR_INTERVAL_BOUND,999999999.0000000000,8773.8752500000,0.2500000000,0.2500000000,0.3000000000,3.0000000000,0.8000000000,101,113,104,110,104,110
4504,neighbor,False,MEMBER_FLEXURE,999999999.0000000000,8773.8752500000,0.2000000000,0.4000000000,0.3000000000,3.5000000000,1.0000000000,101,110,100,111,104,110
4505,neighbor,False,MEMBER_FLEXURE,999999999.0000000000,8773.8752500000,0.2500000000,0.3500000000,0.4000000000,3.0000000000,1.0000000000,104,113,103,110,101,113
4506,neighbor,False,ENVELOPE_BASE_CONTACT,999999999.0000000000,8773.8752500000,0.2000000000,0.4500000000,0.3000000000,2.5000000000,1.0000000000,102,110,100,110,104,112
4507,neighbor,False,MINIMUM_MAIN_STEEL,999999999.0000000000,8773.8752500000,0.2500000000,0.3500000000,0.3000000000,3.5000000000,1.0000000000,101,113,102,111,102,112
4508,neighbor,False,ENVELOPE_BASE_CONTACT,999999999.0000000000,8773.8752500000,0.2250000000,0.2500000000,0.3000000000,2.5000000000,1.0000000000,104,113,103,113,101,110
4509,neighbor,False,ENVELOPE_BASE_CONTACT,999999999.0000000000,8773.8752500000,0.2000000000,0.3000000000,0.3000000000,2.5000000000,0.8000000000,102,111,100,111,103,111
4510,neighbor,False,MINIMUM_MAIN_STEEL,999999999.0000000000,8773.8752500000,0.2000000000,0.3500000000,0.4500000000,3.5000000000,0.9000000000,103,113,100,112,102,112
4511,neighbor,False,STEM_STRESS_OR_INTERVAL_BOUND,999999999.0000000000,8773.8752500000,0.2000000000,0.3500000000,0.3000000000,3.5000000000,0.8000000000,102,113,101,113,100,110
4512,neighbor,False,MAXIMUM_MAIN_STEEL,999999999.0000000000,8773.8752500000,0.2250000000,0.4500000000,0.5000000000,3.0000000000,1.0000000000,104,110,102,113,104,112
4513,neighbor,False,MINIMUM_MAIN_STEEL,999999999.0000000000,8773.8752500000,0.2500000000,0.3000000000,0.5000000000,2.5000000000,1.0000000000,104,112,100,113,104,111
4514,neighbor,True,PASS_IMPLEMENTED_PROJECT_CHECKS,11282.1638500000,8773.8752500000,0.2000000000,0.4500000000,0.5500000000,3.0000000000,1.0000000000,104,113,102,112,102,110
4515,neighbor,False,ENVELOPE_BASE_CONTACT,999999999.0000000000,8773.8752500000,0.2500000000,0.3500000000,0.5000000000,2.5000000000,1.0000000000,103,112,102,113,104,110
4516,neighbor,False,ENVELOPE_BASE_CONTACT,999999999.0000000000,8773.8752500000,0.2500000000,0.2500000000,0.3500000000,2.5000000000,1.0000000000,104,110,104,111,103,110
4517,neighbor,False,STEM_STRESS_OR_INTERVAL_BOUND,999999999.0000000000,8773.8752500000,0.2000000000,0.4500000000,0.3000000000,3.5000000000,0.9000000000,102,112,102,113,100,111
4518,neighbor,False,ENVELOPE_BASE_CONTACT,999999999.0000000000,8773.8752500000,0.2000000000,0.2500000000,0.3000000000,2.5000000000,0.9000000000,102,112,102,110,100,110
4519,neighbor,True,PASS_IMPLEMENTED_PROJECT_CHECKS,12032.1360600000,8773.8752500000,0.2500000000,0.3500000000,0.5500000000,3.0000000000,0.9000000000,104,113,104,111,103,110
4520,neighbor,False,STEM_STRESS_OR_INTERVAL_BOUND,999999999.0000000000,8773.8752500000,0.2000000000,0.2500000000,0.3000000000,3.0000000000,0.9000000000,103,112,103,113,102,110
4521,neighbor,True,PASS_IMPLEMENTED_PROJECT_CHECKS,10779.7106600000,8773.8752500000,0.2250000000,0.3000000000,0.4000000000,3.5000000000,1.0000000000,104,112,103,113,104,113
4522,neighbor,False,MINIMUM_MAIN_STEEL,999999999.0000000000,8773.8752500000,0.2500000000,0.3500000000,0.4500000000,3.5000000000,1.0000000000,101,113,100,110,100,110
4523,neighbor,False,MINIMUM_MAIN_STEEL,999999999.0000000000,8773.8752500000,0.2500000000,0.3500000000,0.4500000000,3.0000000000,1.0000000000,103,113,100,113,101,113
4524,neighbor,False,STEM_STRESS_OR_INTERVAL_BOUND,999999999.0000000000,8773.8752500000,0.2000000000,0.4000000000,0.3500000000,3.5000000000,1.0000000000,101,111,101,111,103,113
4525,neighbor,False,MINIMUM_MAIN_STEEL,999999999.0000000000,8773.8752500000,0.2000000000,0.2500000000,0.3000000000,2.5000000000,0.9000000000,103,113,100,113,104,110
4526,neighbor,False,STEM_STRESS_OR_INTERVAL_BOUND,999999999.0000000000,8773.8752500000,0.2000000000,0.2500000000,0.3000000000,3.0000000000,1.0000000000,104,113,103,112,103,110
4527,neighbor,False,MINIMUM_MAIN_STEEL,999999999.0000000000,8773.8752500000,0.2000000000,0.3000000000,0.4500000000,2.5000000000,0.8000000000,104,113,101,113,104,110
4528,neighbor,False,ENVELOPE_BASE_CONTACT,999999999.0000000000,8773.8752500000,0.2000000000,0.3500000000,0.3000000000,2.5000000000,0.8000000000,101,110,104,112,103,111
4529,neighbor,False,MINIMUM_MAIN_STEEL,999999999.0000000000,8773.8752500000,0.2000000000,0.3000000000,0.4500000000,3.0000000000,0.9000000000,102,113,101,113,101,110
4530,neighbor,False,STEM_STRESS_OR_INTERVAL_BOUND,999999999.0000000000,8773.8752500000,0.2000000000,0.3000000000,0.3000000000,3.5000000000,0.9000000000,104,113,104,110,104,112
4531,neighbor,False,MINIMUM_MAIN_STEEL,999999999.0000000000,8773.8752500000,0.2000000000,0.3500000000,0.5000000000,3.5000000000,1.0000000000,101,113,102,111,102,111
4532,neighbor,False,MINIMUM_MAIN_STEEL,999999999.0000000000,8773.8752500000,0.2250000000,0.2500000000,0.3000000000,3.5000000000,0.9000000000,104,112,100,112,101,110
4533,neighbor,False,MINIMUM_MAIN_STEEL,999999999.0000000000,8773.8752500000,0.2000000000,0.3500000000,0.4500000000,2.5000000000,1.0000000000,104,110,100,112,104,110
4534,neighbor,False,MAXIMUM_MAIN_STEEL,999999999.0000000000,8773.8752500000,0.2000000000,0.4500000000,0.3000000000,3.0000000000,1.0000000000,103,111,103,113,103,113
4535,neighbor,False,STEM_STRESS_OR_INTERVAL_BOUND,999999999.0000000000,8773.8752500000,0.2500000000,0.4000000000,0.3000000000,3.5000000000,1.0000000000,103,113,104,110,103,110
4536,neighbor,False,MINIMUM_MAIN_STEEL,999999999.0000000000,8773.8752500000,0.2500000000,0.4000000000,0.4000000000,2.5000000000,1.0000000000,103,112,102,113,100,111
4537,neighbor,False,MINIMUM_MAIN_STEEL,999999999.0000000000,8773.8752500000,0.2000000000,0.4500000000,0.3000000000,2.5000000000,0.8000000000,102,113,102,113,101,110
4538,neighbor,False,ENVELOPE_BASE_CONTACT,999999999.0000000000,8773.8752500000,0.2500000000,0.3500000000,0.3500000000,2.5000000000,0.8000000000,104,111,103,113,101,110
4539,neighbor,False,MINIMUM_MAIN_STEEL,999999999.0000000000,8773.8752500000,0.2500000000,0.4500000000,0.4000000000,3.0000000000,1.0000000000,102,113,100,113,102,110
4540,neighbor,False,STEM_STRESS_OR_INTERVAL_BOUND,999999999.0000000000,8773.8752500000,0.2500000000,0.4000000000,0.3000000000,3.5000000000,0.8000000000,103,113,104,113,103,110
4541,neighbor,False,MINIMUM_MAIN_STEEL,999999999.0000000000,8773.8752500000,0.2500000000,0.4500000000,0.5000000000,3.0000000000,0.9000000000,104,113,100,113,104,110
4542,neighbor,False,STEM_STRESS_OR_INTERVAL_BOUND,999999999.0000000000,8773.8752500000,0.2500000000,0.3000000000,0.3000000000,3.0000000000,1.0000000000,103,113,102,113,101,112
4543,neighbor,False,MINIMUM_MAIN_STEEL,999999999.0000000000,8773.8752500000,0.2000000000,0.3500000000,0.3000000000,3.0000000000,0.9000000000,103,110,100,113,103,112
4544,neighbor,False,MINIMUM_MAIN_STEEL,999999999.0000000000,8773.8752500000,0.2250000000,0.4000000000,0.3000000000,3.0000000000,1.0000000000,101,112,102,111,102,110
4545,neighbor,False,ENVELOPE_BASE_CONTACT,999999999.0000000000,8773.8752500000,0.2250000000,0.3000000000,0.3000000000,2.5000000000,1.0000000000,102,112,103,112,100,110
4546,neighbor,False,ENVELOPE_BASE_CONTACT,999999999.0000000000,8773.8752500000,0.2000000000,0.3000000000,0.3000000000,2.5000000000,1.0000000000,102,112,103,113,104,112
4547,neighbor,False,ENVELOPE_BASE_CONTACT,999999999.0000000000,8773.8752500000,0.2500000000,0.3000000000,0.5000000000,2.5000000000,1.0000000000,104,111,103,113,103,113
4548,neighbor,False,ENVELOPE_BASE_CONTACT,999999999.0000000000,8773.8752500000,0.2000000000,0.3000000000,0.3000000000,2.5000000000,1.0000000000,104,110,103,113,102,110
4549,neighbor,False,STEM_STRESS_OR_INTERVAL_BOUND,999999999.0000000000,8773.8752500000,0.2500000000,0.3000000000,0.3000000000,3.5000000000,1.0000000000,104,113,100,110,101,112
4550,neighbor,False,MINIMUM_MAIN_STEEL,999999999.0000000000,8773.8752500000,0.2500000000,0.4000000000,0.4500000000,2.5000000000,1.0000000000,101,113,104,110,102,112
4551,neighbor,False,ENVELOPE_BASE_CONTACT,999999999.0000000000,8773.8752500000,0.2000000000,0.3500000000,0.3000000000,2.5000000000,1.0000000000,103,110,103,111,102,113
4552,neighbor,True,PASS_IMPLEMENTED_PROJECT_CHECKS,10733.7844600000,8773.8752500000,0.2500000000,0.4500000000,0.3500000000,3.5000000000,0.9000000000,101,110,103,113,102,110
4553,neighbor,False,ENVELOPE_BASE_CONTACT,999999999.0000000000,8773.8752500000,0.2000000000,0.3000000000,0.3000000000,2.5000000000,1.0000000000,104,112,101,111,103,112
4554,neighbor,False,MINIMUM_MAIN_STEEL,999999999.0000000000,8773.8752500000,0.2500000000,0.3500000000,0.3000000000,3.0000000000,0.9000000000,102,113,100,113,103,110
4555,neighbor,False,MAXIMUM_MAIN_STEEL,999999999.0000000000,8773.8752500000,0.2000000000,0.4000000000,0.3000000000,3.0000000000,1.0000000000,104,111,103,112,103,111
4556,neighbor,False,STEM_STRESS_OR_INTERVAL_BOUND,999999999.0000000000,8773.8752500000,0.2000000000,0.4000000000,0.5000000000,3.5000000000,1.0000000000,102,113,101,112,101,110
4557,neighbor,False,MAXIMUM_MAIN_STEEL,999999999.0000000000,8773.8752500000,0.2250000000,0.3500000000,0.3000000000,3.0000000000,0.8000000000,104,111,104,112,104,113
4558,neighbor,False,MEMBER_FLEXURE,999999999.0000000000,8773.8752500000,0.2000000000,0.4500000000,0.3000000000,3.0000000000,0.8000000000,102,111,102,110,100,110
4559,neighbor,False,ENVELOPE_BASE_CONTACT,999999999.0000000000,8773.8752500000,0.2000000000,0.3000000000,0.3000000000,2.5000000000,1.0000000000,102,112,103,112,104,113
4560,neighbor,False,MINIMUM_MAIN_STEEL,999999999.0000000000,8773.8752500000,0.2000000000,0.4500000000,0.4500000000,3.0000000000,0.8000000000,104,112,101,113,104,113
4561,neighbor,False,MAXIMUM_MAIN_STEEL,999999999.0000000000,8773.8752500000,0.2000000000,0.3000000000,0.4000000000,3.0000000000,0.9000000000,104,112,102,111,101,111
4562,neighbor,True,PASS_IMPLEMENTED_PROJECT_CHECKS,11930.5172500000,8773.8752500000,0.2500000000,0.4500000000,0.5500000000,3.0000000000,0.8000000000,104,112,103,112,102,111
4563,neighbor,False,ENVELOPE_BASE_CONTACT,999999999.0000000000,8773.8752500000,0.2000000000,0.4000000000,0.4000000000,2.5000000000,0.8000000000,104,110,103,113,103,113
4564,neighbor,False,ENVELOPE_BASE_CONTACT,999999999.0000000000,8773.8752500000,0.2000000000,0.3500000000,0.3000000000,2.5000000000,0.8000000000,104,111,101,113,100,110
4565,neighbor,False,STEM_STRESS_OR_INTERVAL_BOUND,999999999.0000000000,8773.8752500000,0.2000000000,0.2500000000,0.4000000000,3.5000000000,1.0000000000,104,113,104,113,104,110
4566,neighbor,False,MINIMUM_MAIN_STEEL,999999999.0000000000,8773.8752500000,0.2000000000,0.4000000000,0.3500000000,2.5000000000,1.0000000000,101,113,100,110,103,110
4567,neighbor,False,MINIMUM_MAIN_STEEL,999999999.0000000000,8773.8752500000,0.2250000000,0.4500000000,0.4500000000,3.0000000000,1.0000000000,103,113,100,112,102,112
4568,neighbor,False,ENVELOPE_BASE_CONTACT,999999999.0000000000,8773.8752500000,0.2000000000,0.2500000000,0.3000000000,2.5000000000,1.0000000000,103,111,104,112,101,110
4569,neighbor,False,STEM_STRESS_OR_INTERVAL_BOUND,999999999.0000000000,8773.8752500000,0.2250000000,0.3500000000,0.3500000000,3.5000000000,1.0000000000,102,113,104,113,100,110
4570,neighbor,False,STEM_STRESS_OR_INTERVAL_BOUND,999999999.0000000000,8773.8752500000,0.2000000000,0.3500000000,0.3000000000,3.0000000000,1.0000000000,102,113,104,110,103,110
4571,neighbor,True,PASS_IMPLEMENTED_PROJECT_CHECKS,9741.7994700000,8773.8752500000,0.2000000000,0.4000000000,0.3000000000,3.5000000000,1.0000000000,104,113,102,113,103,112
4572,neighbor,False,ENVELOPE_BASE_CONTACT,999999999.0000000000,8773.8752500000,0.2000000000,0.2500000000,0.4000000000,2.5000000000,0.9000000000,103,113,101,110,102,110
4573,neighbor,False,STEM_STRESS_OR_INTERVAL_BOUND,999999999.0000000000,8773.8752500000,0.2000000000,0.4000000000,0.3000000000,3.0000000000,1.0000000000,102,113,104,113,103,113
4574,neighbor,False,MAXIMUM_MAIN_STEEL,999999999.0000000000,8773.8752500000,0.2000000000,0.4000000000,0.3000000000,3.0000000000,0.9000000000,104,112,104,111,101,110
4575,neighbor,False,MINIMUM_MAIN_STEEL,999999999.0000000000,8773.8752500000,0.2500000000,0.3500000000,0.3000000000,2.5000000000,0.9000000000,101,111,100,113,102,113
4576,neighbor,False,STEM_STRESS_OR_INTERVAL_BOUND,999999999.0000000000,8773.8752500000,0.2500000000,0.2500000000,0.3000000000,3.0000000000,0.9000000000,104,111,103,112,103,110
4577,neighbor,False,STEM_STRESS_OR_INTERVAL_BOUND,999999999.0000000000,8773.8752500000,0.2000000000,0.3000000000,0.5500000000,3.5000000000,1.0000000000,101,113,104,110,102,110
4578,neighbor,False,MAXIMUM_MAIN_STEEL,999999999.0000000000,8773.8752500000,0.2000000000,0.4000000000,0.3000000000,3.5000000000,1.0000000000,103,110,102,110,101,110
4579,neighbor,False,ENVELOPE_BASE_CONTACT,999999999.0000000000,8773.8752500000,0.2250000000,0.4500000000,0.3000000000,2.5000000000,1.0000000000,103,113,104,110,104,110
4580,neighbor,False,ENVELOPE_BASE_CONTACT,999999999.0000000000,8773.8752500000,0.2000000000,0.3500000000,0.3500000000,2.5000000000,1.0000000000,104,111,100,110,102,111
4581,neighbor,False,MAXIMUM_MAIN_STEEL,999999999.0000000000,8773.8752500000,0.2250000000,0.4500000000,0.3000000000,3.0000000000,0.9000000000,104,110,103,112,102,110
4582,neighbor,False,MINIMUM_MAIN_STEEL,999999999.0000000000,8773.8752500000,0.2250000000,0.3500000000,0.4500000000,2.5000000000,0.9000000000,104,111,104,110,101,113
4583,neighbor,False,STEM_STRESS_OR_INTERVAL_BOUND,999999999.0000000000,8773.8752500000,0.2000000000,0.2500000000,0.3000000000,3.0000000000,1.0000000000,104,113,104,112,104,110
4584,neighbor,False,STEM_STRESS_OR_INTERVAL_BOUND,999999999.0000000000,8773.8752500000,0.2000000000,0.4000000000,0.3000000000,3.0000000000,1.0000000000,103,113,104,110,102,111
4585,neighbor,False,MINIMUM_MAIN_STEEL,999999999.0000000000,8773.8752500000,0.2000000000,0.2500000000,0.3000000000,3.5000000000,0.9000000000,101,113,100,113,100,110
4586,neighbor,False,STEM_STRESS_OR_INTERVAL_BOUND,999999999.0000000000,8773.8752500000,0.2000000000,0.3500000000,0.4500000000,3.0000000000,0.9000000000,103,113,102,112,102,112
4587,neighbor,False,ENVELOPE_BASE_CONTACT,999999999.0000000000,8773.8752500000,0.2500000000,0.2500000000,0.3500000000,2.5000000000,1.0000000000,101,111,102,112,101,111
4588,neighbor,False,STEM_STRESS_OR_INTERVAL_BOUND,999999999.0000000000,8773.8752500000,0.2000000000,0.3000000000,0.3000000000,3.0000000000,1.0000000000,103,113,101,113,104,113
4589,neighbor,False,MEMBER_FLEXURE,999999999.0000000000,8773.8752500000,0.2500000000,0.4000000000,0.3500000000,3.5000000000,1.0000000000,103,113,101,111,101,113
4590,neighbor,False,ENVELOPE_BASE_CONTACT,999999999.0000000000,8773.8752500000,0.2500000000,0.2500000000,0.4000000000,2.5000000000,0.9000000000,104,110,101,112,103,113
4591,neighbor,False,MAXIMUM_MAIN_STEEL,999999999.0000000000,8773.8752500000,0.2250000000,0.4500000000,0.3000000000,3.5000000000,0.9000000000,104,110,104,110,103,111
4592,neighbor,False,MINIMUM_MAIN_STEEL,999999999.0000000000,8773.8752500000,0.2250000000,0.3000000000,0.5500000000,2.5000000000,1.0000000000,104,112,101,113,101,110
4593,neighbor,True,PASS_IMPLEMENTED_PROJECT_CHECKS,9945.2500000000,8773.8752500000,0.2000000000,0.4500000000,0.3000000000,3.0000000000,1.0000000000,102,111,103,110,103,111
4594,neighbor,False,STEM_STRESS_OR_INTERVAL_BOUND,999999999.0000000000,8773.8752500000,0.2000000000,0.3500000000,0.3500000000,3.0000000000,1.0000000000,103,113,101,113,102,112
4595,neighbor,False,MINIMUM_MAIN_STEEL,999999999.0000000000,8773.8752500000,0.2000000000,0.4000000000,0.5500000000,3.5000000000,1.0000000000,102,113,103,113,100,111
4596,neighbor,False,MINIMUM_MAIN_STEEL,999999999.0000000000,8773.8752500000,0.2000000000,0.4000000000,0.4500000000,3.0000000000,0.9000000000,104,113,101,113,103,113
4597,neighbor,False,STEM_STRESS_OR_INTERVAL_BOUND,999999999.0000000000,8773.8752500000,0.2500000000,0.3000000000,0.5500000000,3.0000000000,1.0000000000,103,113,101,111,101,110
4598,neighbor,False,STEM_STRESS_OR_INTERVAL_BOUND,999999999.0000000000,8773.8752500000,0.2250000000,0.2500000000,0.3500000000,3.0000000000,1.0000000000,104,110,103,110,104,112
4599,neighbor,False,MINIMUM_MAIN_STEEL,999999999.0000000000,8773.8752500000,0.2250000000,0.2500000000,0.3000000000,3.5000000000,0.9000000000,102,113,104,113,100,113
4600,neighbor,False,STEM_STRESS_OR_INTERVAL_BOUND,999999999.0000000000,8773.8752500000,0.2000000000,0.4000000000,0.3000000000,3.5000000000,0.9000000000,103,113,100,111,100,110
4601,neighbor,False,ENVELOPE_BASE_CONTACT,999999999.0000000000,8773.8752500000,0.2000000000,0.2500000000,0.3000000000,2.5000000000,1.0000000000,104,112,102,113,104,110
4602,neighbor,True,PASS_IMPLEMENTED_PROJECT_CHECKS,13054.8151100000,8773.8752500000,0.2000000000,0.4500000000,0.4500000000,3.5000000000,1.0000000000,101,110,104,110,104,110
4603,neighbor,False,ENVELOPE_BASE_CONTACT,999999999.0000000000,8773.8752500000,0.2000000000,0.2500000000,0.4500000000,2.5000000000,0.9000000000,104,113,103,110,101,110
4604,neighbor,False,MAXIMUM_MAIN_STEEL,999999999.0000000000,8773.8752500000,0.2250000000,0.3500000000,0.3000000000,3.5000000000,0.8000000000,104,110,102,110,101,111
4605,neighbor,False,MINIMUM_MAIN_STEEL,999999999.0000000000,8773.8752500000,0.2000000000,0.4000000000,0.3000000000,3.0000000000,1.0000000000,102,112,101,110,100,112
4606,neighbor,False,MINIMUM_MAIN_STEEL,999999999.0000000000,8773.8752500000,0.2500000000,0.3000000000,0.4000000000,3.5000000000,0.8000000000,104,111,100,113,103,110
4607,neighbor,True,PASS_IMPLEMENTED_PROJECT_CHECKS,9987.5209000000,8773.8752500000,0.2000000000,0.4500000000,0.3500000000,3.5000000000,1.0000000000,103,113,102,113,103,112
4608,neighbor,False,ENVELOPE_BASE_CONTACT,999999999.0000000000,8773.8752500000,0.2000000000,0.4500000000,0.3000000000,2.5000000000,0.8000000000,104,113,103,112,102,110
4609,neighbor,False,MINIMUM_MAIN_STEEL,999999999.0000000000,8773.8752500000,0.2000000000,0.4500000000,0.3000000000,2.5000000000,0.8000000000,104,113,103,113,100,112
4610,neighbor,False,STEM_STRESS_OR_INTERVAL_BOUND,999999999.0000000000,8773.8752500000,0.2000000000,0.3000000000,0.3000000000,3.0000000000,1.0000000000,101,113,102,112,102,111
4611,neighbor,False,MINIMUM_MAIN_STEEL,999999999.0000000000,8773.8752500000,0.2000000000,0.4500000000,0.5000000000,3.5000000000,0.8000000000,103,111,104,112,100,111
4612,neighbor,False,MAXIMUM_MAIN_STEEL,999999999.0000000000,8773.8752500000,0.2000000000,0.3000000000,0.4000000000,3.0000000000,0.9000000000,104,111,103,111,104,111
4613,neighbor,False,MINIMUM_MAIN_STEEL,999999999.0000000000,8773.8752500000,0.2000000000,0.2500000000,0.5500000000,2.5000000000,1.0000000000,104,111,101,110,101,112
4614,neighbor,False,MEMBER_FLEXURE,999999999.0000000000,8773.8752500000,0.2500000000,0.3500000000,0.3500000000,3.5000000000,0.9000000000,104,113,102,112,100,110
4615,neighbor,True,PASS_IMPLEMENTED_PROJECT_CHECKS,9721.6684900000,8773.8752500000,0.2250000000,0.4500000000,0.3000000000,3.5000000000,0.8000000000,102,111,102,113,101,110
4616,neighbor,False,MAXIMUM_MAIN_STEEL,999999999.0000000000,8773.8752500000,0.2500000000,0.3500000000,0.3000000000,3.0000000000,0.8000000000,104,110,103,111,104,110
4617,neighbor,False,MINIMUM_MAIN_STEEL,999999999.0000000000,8773.8752500000,0.2250000000,0.2500000000,0.3000000000,2.5000000000,1.0000000000,103,110,104,112,100,113
4618,neighbor,False,STEM_STRESS_OR_INTERVAL_BOUND,999999999.0000000000,8773.8752500000,0.2000000000,0.3000000000,0.3500000000,3.5000000000,0.9000000000,103,113,101,113,100,110
4619,neighbor,False,MINIMUM_MAIN_STEEL,999999999.0000000000,8773.8752500000,0.2500000000,0.3500000000,0.4500000000,3.5000000000,1.0000000000,101,113,101,113,103,111
4620,neighbor,True,PASS_IMPLEMENTED_PROJECT_CHECKS,11261.4007100000,8773.8752500000,0.2500000000,0.3000000000,0.5500000000,3.0000000000,0.9000000000,102,110,104,111,102,112
4621,neighbor,False,MINIMUM_MAIN_STEEL,999999999.0000000000,8773.8752500000,0.2250000000,0.4000000000,0.3000000000,3.5000000000,1.0000000000,101,113,102,112,100,111
4622,neighbor,False,MAXIMUM_MAIN_STEEL,999999999.0000000000,8773.8752500000,0.2000000000,0.3000000000,0.5000000000,3.0000000000,1.0000000000,103,110,103,110,101,110
4623,neighbor,False,MINIMUM_MAIN_STEEL,999999999.0000000000,8773.8752500000,0.2500000000,0.4000000000,0.3000000000,3.5000000000,0.8000000000,104,110,100,113,100,110
4624,neighbor,False,ENVELOPE_BASE_CONTACT,999999999.0000000000,8773.8752500000,0.2000000000,0.3500000000,0.3000000000,2.5000000000,1.0000000000,102,110,104,111,102,111
4625,neighbor,False,MAXIMUM_MAIN_STEEL,999999999.0000000000,8773.8752500000,0.2000000000,0.4500000000,0.3000000000,3.5000000000,0.9000000000,104,112,103,111,101,112
4626,neighbor,True,PASS_IMPLEMENTED_PROJECT_CHECKS,10563.0633900000,8773.8752500000,0.2000000000,0.4500000000,0.4500000000,3.0000000000,0.9000000000,102,111,104,112,104,112
4627,neighbor,False,MINIMUM_MAIN_STEEL,999999999.0000000000,8773.8752500000,0.2000000000,0.2500000000,0.3000000000,3.5000000000,0.8000000000,104,113,100,113,101,111
4628,neighbor,False,ENVELOPE_BASE_CONTACT,999999999.0000000000,8773.8752500000,0.2000000000,0.4500000000,0.5500000000,2.5000000000,0.8000000000,102,110,103,113,102,111
4629,neighbor,True,PASS_IMPLEMENTED_PROJECT_CHECKS,11487.7332000000,8773.8752500000,0.2500000000,0.4500000000,0.3500000000,3.0000000000,0.8000000000,104,112,101,110,103,110
4630,neighbor,False,MINIMUM_MAIN_STEEL,999999999.0000000000,8773.8752500000,0.2500000000,0.4000000000,0.3000000000,2.5000000000,1.0000000000,103,111,101,110,100,113
4631,neighbor,False,STEM_STRESS_OR_INTERVAL_BOUND,999999999.0000000000,8773.8752500000,0.2000000000,0.3500000000,0.3000000000,3.0000000000,1.0000000000,102,112,101,111,101,113
4632,neighbor,False,MINIMUM_MAIN_STEEL,999999999.0000000000,8773.8752500000,0.2000000000,0.2500000000,0.5500000000,3.0000000000,1.0000000000,104,111,101,113,102,112
4633,neighbor,False,MINIMUM_MAIN_STEEL,999999999.0000000000,8773.8752500000,0.2000000000,0.3000000000,0.4500000000,2.5000000000,0.8000000000,104,113,102,112,100,111
4634,neighbor,False,MINIMUM_MAIN_STEEL,999999999.0000000000,8773.8752500000,0.2500000000,0.4000000000,0.3000000000,3.5000000000,0.8000000000,104,113,100,113,101,110
4635,neighbor,False,MINIMUM_MAIN_STEEL,999999999.0000000000,8773.8752500000,0.2500000000,0.4500000000,0.4500000000,3.5000000000,0.9000000000,104,110,100,112,104,112
4636,neighbor,False,MINIMUM_MAIN_STEEL,999999999.0000000000,8773.8752500000,0.2500000000,0.2500000000,0.4000000000,3.0000000000,1.0000000000,102,112,100,111,102,110
4637,neighbor,False,ENVELOPE_BASE_CONTACT,999999999.0000000000,8773.8752500000,0.2000000000,0.3000000000,0.4000000000,2.5000000000,0.9000000000,102,112,101,112,102,110
4638,neighbor,False,MINIMUM_MAIN_STEEL,999999999.0000000000,8773.8752500000,0.2000000000,0.4000000000,0.3000000000,2.5000000000,0.9000000000,101,112,104,113,100,110
4639,neighbor,False,STEM_STRESS_OR_INTERVAL_BOUND,999999999.0000000000,8773.8752500000,0.2000000000,0.2500000000,0.4000000000,3.5000000000,1.0000000000,102,113,102,113,104,110
4640,neighbor,True,PASS_IMPLEMENTED_PROJECT_CHECKS,9982.3277900000,8773.8752500000,0.2000000000,0.4500000000,0.3000000000,3.5000000000,1.0000000000,104,113,101,112,103,112
4641,neighbor,False,MINIMUM_MAIN_STEEL,999999999.0000000000,8773.8752500000,0.2000000000,0.3500000000,0.3000000000,3.0000000000,1.0000000000,102,112,100,112,101,112
4642,neighbor,False,ENVELOPE_BASE_CONTACT,999999999.0000000000,8773.8752500000,0.2500000000,0.4000000000,0.3000000000,2.5000000000,0.9000000000,104,113,104,110,103,113
4643,neighbor,False,MINIMUM_MAIN_STEEL,999999999.0000000000,8773.8752500000,0.2000000000,0.3500000000,0.3000000000,3.5000000000,1.0000000000,101,113,100,113,104,113
4644,neighbor,False,MINIMUM_MAIN_STEEL,999999999.0000000000,8773.8752500000,0.2250000000,0.4000000000,0.4500000000,3.5000000000,0.9000000000,101,112,104,112,100,110
4645,neighbor,True,PASS_IMPLEMENTED_PROJECT_CHECKS,10807.1296880000,8773.8752500000,0.2000000000,0.4500000000,0.3000000000,3.5000000000,0.8000000000,103,113,104,113,103,110
4646,neighbor,False,MEMBER_FLEXURE,999999999.0000000000,8773.8752500000,0.2000000000,0.4000000000,0.3000000000,3.5000000000,0.9000000000,104,113,103,113,103,113
4647,neighbor,False,MINIMUM_MAIN_STEEL,999999999.0000000000,8773.8752500000,0.2000000000,0.3000000000,0.4000000000,3.5000000000,1.0000000000,103,111,100,111,101,110
4648,neighbor,False,ENVELOPE_BASE_CONTACT,999999999.0000000000,8773.8752500000,0.2500000000,0.2500000000,0.3000000000,2.5000000000,1.0000000000,104,112,104,113,104,110
4649,neighbor,False,MEMBER_FLEXURE,999999999.0000000000,8773.8752500000,0.2250000000,0.4500000000,0.3000000000,3.5000000000,1.0000000000,104,113,104,112,100,110
4650,neighbor,False,ENVELOPE_BASE_CONTACT,999999999.0000000000,8773.8752500000,0.2000000000,0.4500000000,0.3500000000,2.5000000000,1.0000000000,104,112,104,113,104,112
4651,neighbor,False,STEM_STRESS_OR_INTERVAL_BOUND,999999999.0000000000,8773.8752500000,0.2500000000,0.3500000000,0.3000000000,3.0000000000,0.9000000000,101,112,104,113,101,110
4652,neighbor,False,ENVELOPE_BASE_CONTACT,999999999.0000000000,8773.8752500000,0.2000000000,0.3000000000,0.4000000000,2.5000000000,0.9000000000,104,110,103,112,102,110
4653,neighbor,False,MAXIMUM_MAIN_STEEL,999999999.0000000000,8773.8752500000,0.2250000000,0.4000000000,0.3000000000,3.0000000000,1.0000000000,104,113,100,110,104,110
4654,neighbor,True,PASS_IMPLEMENTED_PROJECT_CHECKS,10914.9414200000,8773.8752500000,0.2500000000,0.4500000000,0.5500000000,3.0000000000,1.0000000000,101,110,102,110,100,110
4655,neighbor,False,MINIMUM_MAIN_STEEL,999999999.0000000000,8773.8752500000,0.2000000000,0.4000000000,0.4500000000,3.5000000000,1.0000000000,104,110,102,113,100,111
4656,neighbor,False,MINIMUM_MAIN_STEEL,999999999.0000000000,8773.8752500000,0.2000000000,0.2500000000,0.4500000000,2.5000000000,0.9000000000,104,110,100,113,103,113
4657,neighbor,True,PASS_IMPLEMENTED_PROJECT_CHECKS,11134.0623380000,8773.8752500000,0.2000000000,0.4500000000,0.4500000000,3.0000000000,0.9000000000,104,113,102,113,103,110
4658,neighbor,False,ENVELOPE_BASE_CONTACT,999999999.0000000000,8773.8752500000,0.2500000000,0.3500000000,0.3000000000,2.5000000000,0.9000000000,104,113,101,113,100,110
4659,neighbor,False,MINIMUM_MAIN_STEEL,999999999.0000000000,8773.8752500000,0.2000000000,0.4500000000,0.3000000000,3.5000000000,0.8000000000,101,112,104,113,103,110
4660,neighbor,False,ENVELOPE_BASE_CONTACT,999999999.0000000000,8773.8752500000,0.2000000000,0.3500000000,0.3500000000,2.5000000000,1.0000000000,103,113,100,110,103,113
4661,neighbor,False,STEM_STRESS_OR_INTERVAL_BOUND,999999999.0000000000,8773.8752500000,0.2000000000,0.2500000000,0.3000000000,3.5000000000,0.9000000000,104,110,102,113,103,111
4662,neighbor,False,ENVELOPE_BASE_CONTACT,999999999.0000000000,8773.8752500000,0.2000000000,0.4500000000,0.3000000000,2.5000000000,0.8000000000,104,113,104,113,102,110
4663,neighbor,False,ENVELOPE_BASE_CONTACT,999999999.0000000000,8773.8752500000,0.2000000000,0.3000000000,0.3500000000,2.5000000000,0.9000000000,102,110,103,110,102,113
4664,neighbor,False,MAXIMUM_MAIN_STEEL,999999999.0000000000,8773.8752500000,0.2000000000,0.4500000000,0.5500000000,3.0000000000,0.8000000000,104,111,103,113,102,110
4665,neighbor,False,ENVELOPE_BASE_CONTACT,999999999.0000000000,8773.8752500000,0.2000000000,0.4000000000,0.3000000000,2.5000000000,1.0000000000,104,111,102,112,104,110
4666,neighbor,False,ENVELOPE_BASE_CONTACT,999999999.0000000000,8773.8752500000,0.2250000000,0.4000000000,0.3000000000,2.5000000000,1.0000000000,104,111,104,112,104,110
4667,neighbor,True,PASS_IMPLEMENTED_PROJECT_CHECKS,10954.1013200000,8773.8752500000,0.2000000000,0.4000000000,0.5500000000,3.0000000000,1.0000000000,103,113,103,113,104,111
4668,neighbor,False,STEM_STRESS_OR_INTERVAL_BOUND,999999999.0000000000,8773.8752500000,0.2000000000,0.2500000000,0.3000000000,3.5000000000,1.0000000000,103,110,104,113,101,110
4669,neighbor,False,MAXIMUM_MAIN_STEEL,999999999.0000000000,8773.8752500000,0.2000000000,0.3000000000,0.3000000000,3.0000000000,0.9000000000,104,110,104,112,103,112
4670,neighbor,False,MINIMUM_MAIN_STEEL,999999999.0000000000,8773.8752500000,0.2000000000,0.2500000000,0.3000000000,3.5000000000,0.9000000000,101,110,100,112,102,113
4671,neighbor,False,STEM_STRESS_OR_INTERVAL_BOUND,999999999.0000000000,8773.8752500000,0.2500000000,0.3000000000,0.5000000000,3.0000000000,0.8000000000,101,113,102,113,101,110
4672,neighbor,False,MAXIMUM_MAIN_STEEL,999999999.0000000000,8773.8752500000,0.2000000000,0.4000000000,0.3000000000,3.5000000000,1.0000000000,102,110,102,113,101,112
4673,neighbor,False,MINIMUM_MAIN_STEEL,999999999.0000000000,8773.8752500000,0.2000000000,0.4000000000,0.3500000000,3.5000000000,0.8000000000,102,111,103,113,100,113
4674,neighbor,False,MINIMUM_MAIN_STEEL,999999999.0000000000,8773.8752500000,0.2500000000,0.2500000000,0.3500000000,3.5000000000,1.0000000000,104,110,100,113,100,110
4675,neighbor,False,STEM_STRESS_OR_INTERVAL_BOUND,999999999.0000000000,8773.8752500000,0.2000000000,0.3000000000,0.3000000000,3.0000000000,1.0000000000,101,110,103,110,102,113
4676,neighbor,True,PASS_IMPLEMENTED_PROJECT_CHECKS,10914.5465400000,8773.8752500000,0.2500000000,0.4500000000,0.5500000000,3.0000000000,1.0000000000,102,111,101,111,101,110
4677,neighbor,False,MAXIMUM_MAIN_STEEL,999999999.0000000000,8773.8752500000,0.2250000000,0.3000000000,0.3000000000,3.0000000000,0.8000000000,103,110,102,110,100,110
4678,neighbor,False,ENVELOPE_BASE_CONTACT,999999999.0000000000,8773.8752500000,0.2000000000,0.4000000000,0.3000000000,2.5000000000,0.8000000000,101,110,100,111,102,110
4679,neighbor,False,MEMBER_FLEXURE,999999999.0000000000,8773.8752500000,0.2250000000,0.3000000000,0.4000000000,3.0000000000,1.0000000000,104,112,103,113,101,113
4680,neighbor,False,MINIMUM_MAIN_STEEL,999999999.0000000000,8773.8752500000,0.2500000000,0.4500000000,0.4500000000,3.0000000000,1.0000000000,103,113,104,113,101,113
4681,neighbor,False,MINIMUM_MAIN_STEEL,999999999.0000000000,8773.8752500000,0.2000000000,0.3000000000,0.3500000000,3.5000000000,0.9000000000,102,113,103,113,100,113
4682,neighbor,False,MINIMUM_MAIN_STEEL,999999999.0000000000,8773.8752500000,0.2500000000,0.3500000000,0.3000000000,3.5000000000,0.8000000000,104,113,103,113,100,112
4683,neighbor,False,MAXIMUM_MAIN_STEEL,999999999.0000000000,8773.8752500000,0.2000000000,0.3000000000,0.4000000000,3.0000000000,0.8000000000,104,110,104,113,103,110
4684,neighbor,False,MAXIMUM_MAIN_STEEL,999999999.0000000000,8773.8752500000,0.2500000000,0.4500000000,0.4000000000,3.0000000000,0.8000000000,103,110,101,112,102,111
4685,neighbor,True,PASS_IMPLEMENTED_PROJECT_CHECKS,10703.3261600000,8773.8752500000,0.2500000000,0.4500000000,0.4000000000,3.5000000000,0.8000000000,101,110,102,111,101,110
4686,neighbor,False,MINIMUM_MAIN_STEEL,999999999.0000000000,8773.8752500000,0.2000000000,0.3000000000,0.3000000000,3.0000000000,0.9000000000,101,112,104,111,100,112
4687,neighbor,True,PASS_IMPLEMENTED_PROJECT_CHECKS,8836.0799560000,8773.8752500000,0.2000000000,0.3500000000,0.3000000000,3.0000000000,1.0000000000,104,113,102,113,104,113
4688,neighbor,False,STEM_STRESS_OR_INTERVAL_BOUND,999999999.0000000000,8773.8752500000,0.2000000000,0.2500000000,0.3000000000,3.5000000000,0.9000000000,103,113,101,110,102,111
4689,neighbor,False,STEM_STRESS_OR_INTERVAL_BOUND,999999999.0000000000,8773.8752500000,0.2250000000,0.2500000000,0.3000000000,3.0000000000,1.0000000000,101,110,104,110,104,112
4690,neighbor,True,PASS_IMPLEMENTED_PROJECT_CHECKS,9629.7532200000,8773.8752500000,0.2000000000,0.4500000000,0.3000000000,3.0000000000,1.0000000000,104,113,102,113,103,111
4691,neighbor,False,ENVELOPE_BASE_CONTACT,999999999.0000000000,8773.8752500000,0.2000000000,0.4500000000,0.3000000000,2.5000000000,1.0000000000,104,111,104,113,103,113
4692,neighbor,False,ENVELOPE_BASE_CONTACT,999999999.0000000000,8773.8752500000,0.2000000000,0.3000000000,0.4000000000,2.5000000000,1.0000000000,101,113,100,110,103,110
4693,neighbor,False,MINIMUM_MAIN_STEEL,999999999.0000000000,8773.8752500000,0.2500000000,0.4500000000,0.5500000000,3.0000000000,1.0000000000,102,113,101,112,102,110
4694,neighbor,False,MINIMUM_MAIN_STEEL,999999999.0000000000,8773.8752500000,0.2500000000,0.3000000000,0.5000000000,3.0000000000,0.8000000000,101,112,100,111,101,110
4695,neighbor,False,MINIMUM_MAIN_STEEL,999999999.0000000000,8773.8752500000,0.2250000000,0.3000000000,0.5000000000,3.5000000000,0.8000000000,104,110,101,113,102,113
4696,neighbor,False,MINIMUM_MAIN_STEEL,999999999.0000000000,8773.8752500000,0.2000000000,0.2500000000,0.4500000000,3.5000000000,1.0000000000,104,113,101,113,102,110
4697,neighbor,False,MINIMUM_MAIN_STEEL,999999999.0000000000,8773.8752500000,0.2000000000,0.4500000000,0.5500000000,2.5000000000,0.9000000000,104,110,100,111,101,110
4698,neighbor,False,ENVELOPE_BASE_CONTACT,999999999.0000000000,8773.8752500000,0.2250000000,0.2500000000,0.3000000000,2.5000000000,0.9000000000,102,112,101,113,103,111
4699,neighbor,False,MINIMUM_MAIN_STEEL,999999999.0000000000,8773.8752500000,0.2000000000,0.4000000000,0.4500000000,3.5000000000,1.0000000000,102,110,100,113,103,112
4700,neighbor,False,MINIMUM_MAIN_STEEL,999999999.0000000000,8773.8752500000,0.2250000000,0.4000000000,0.3000000000,3.5000000000,0.8000000000,104,113,100,112,101,110
4701,neighbor,False,STEM_STRESS_OR_INTERVAL_BOUND,999999999.0000000000,8773.8752500000,0.2000000000,0.2500000000,0.5000000000,3.0000000000,0.9000000000,103,112,100,110,102,112
4702,neighbor,False,STEM_STRESS_OR_INTERVAL_BOUND,999999999.0000000000,8773.8752500000,0.2250000000,0.2500000000,0.3000000000,3.5000000000,0.8000000000,104,112,103,112,100,110
4703,neighbor,True,PASS_IMPLEMENTED_PROJECT_CHECKS,9861.2763000000,8773.8752500000,0.2000000000,0.4500000000,0.3000000000,3.0000000000,1.0000000000,104,113,102,113,104,111
4704,neighbor,False,ENVELOPE_BASE_CONTACT,999999999.0000000000,8773.8752500000,0.2000000000,0.2500000000,0.3000000000,2.5000000000,0.8000000000,104,110,103,112,103,111
4705,neighbor,True,PASS_IMPLEMENTED_PROJECT_CHECKS,10224.4213100000,8773.8752500000,0.2250000000,0.3000000000,0.3000000000,3.5000000000,1.0000000000,102,110,100,110,103,111
4706,neighbor,False,ENVELOPE_BASE_CONTACT,999999999.0000000000,8773.8752500000,0.2000000000,0.3000000000,0.4000000000,2.5000000000,0.8000000000,102,110,101,112,102,110
4707,neighbor,False,MINIMUM_MAIN_STEEL,999999999.0000000000,8773.8752500000,0.2000000000,0.2500000000,0.4000000000,2.5000000000,1.0000000000,103,113,100,113,102,112
4708,neighbor,False,MINIMUM_MAIN_STEEL,999999999.0000000000,8773.8752500000,0.2000000000,0.2500000000,0.3000000000,3.0000000000,1.0000000000,104,110,103,112,100,112
4709,neighbor,False,MINIMUM_MAIN_STEEL,999999999.0000000000,8773.8752500000,0.2000000000,0.3500000000,0.4000000000,3.0000000000,0.9000000000,104,113,100,113,102,110
4710,neighbor,False,STEM_STRESS_OR_INTERVAL_BOUND,999999999.0000000000,8773.8752500000,0.2000000000,0.2500000000,0.5000000000,3.0000000000,1.0000000000,104,112,103,113,100,110
4711,neighbor,False,MAXIMUM_MAIN_STEEL,999999999.0000000000,8773.8752500000,0.2000000000,0.3000000000,0.3000000000,3.0000000000,0.8000000000,103,111,102,113,104,112
4712,neighbor,False,STEM_STRESS_OR_INTERVAL_BOUND,999999999.0000000000,8773.8752500000,0.2500000000,0.2500000000,0.5000000000,3.5000000000,1.0000000000,103,113,103,110,104,110
4713,neighbor,False,MINIMUM_MAIN_STEEL,999999999.0000000000,8773.8752500000,0.2000000000,0.4000000000,0.3500000000,3.5000000000,1.0000000000,101,113,102,111,102,110
4714,neighbor,False,MAXIMUM_MAIN_STEEL,999999999.0000000000,8773.8752500000,0.2000000000,0.4000000000,0.5000000000,3.0000000000,1.0000000000,103,110,100,110,102,113
4715,neighbor,False,MINIMUM_MAIN_STEEL,999999999.0000000000,8773.8752500000,0.2000000000,0.3500000000,0.4000000000,3.5000000000,1.0000000000,101,113,100,113,100,110
4716,neighbor,False,ENVELOPE_BASE_CONTACT,999999999.0000000000,8773.8752500000,0.2000000000,0.3000000000,0.4000000000,2.5000000000,1.0000000000,103,113,102,113,102,111
4717,neighbor,False,STEM_STRESS_OR_INTERVAL_BOUND,999999999.0000000000,8773.8752500000,0.2250000000,0.2500000000,0.5000000000,3.0000000000,0.8000000000,104,113,101,110,100,110
4718,neighbor,False,STEM_STRESS_OR_INTERVAL_BOUND,999999999.0000000000,8773.8752500000,0.2250000000,0.4500000000,0.4000000000,3.5000000000,0.9000000000,102,112,102,110,103,111
4719,neighbor,False,MINIMUM_MAIN_STEEL,999999999.0000000000,8773.8752500000,0.2500000000,0.3500000000,0.4500000000,2.5000000000,1.0000000000,102,112,100,110,100,113
4720,neighbor,False,ENVELOPE_BASE_CONTACT,999999999.0000000000,8773.8752500000,0.2000000000,0.4000000000,0.4500000000,2.5000000000,1.0000000000,104,113,101,110,103,113
4721,neighbor,False,MINIMUM_MAIN_STEEL,999999999.0000000000,8773.8752500000,0.2000000000,0.3500000000,0.4500000000,3.0000000000,0.8000000000,101,113,100,113,100,110
4722,neighbor,False,STEM_STRESS_OR_INTERVAL_BOUND,999999999.0000000000,8773.8752500000,0.2500000000,0.3000000000,0.3000000000,3.0000000000,1.0000000000,103,113,104,110,100,111
4723,neighbor,False,ENVELOPE_BASE_CONTACT,999999999.0000000000,8773.8752500000,0.2000000000,0.4500000000,0.3000000000,2.5000000000,0.8000000000,103,111,101,110,103,111
4724,neighbor,False,MINIMUM_MAIN_STEEL,999999999.0000000000,8773.8752500000,0.2250000000,0.4500000000,0.3000000000,3.5000000000,0.8000000000,101,113,101,112,104,110
4725,neighbor,False,MAXIMUM_MAIN_STEEL,999999999.0000000000,8773.8752500000,0.2000000000,0.4000000000,0.3000000000,3.0000000000,0.8000000000,104,112,103,111,102,111
4726,neighbor,False,MINIMUM_MAIN_STEEL,999999999.0000000000,8773.8752500000,0.2500000000,0.3000000000,0.4000000000,2.5000000000,1.0000000000,101,110,100,112,102,113
4727,neighbor,False,MINIMUM_MAIN_STEEL,999999999.0000000000,8773.8752500000,0.2000000000,0.3500000000,0.3000000000,3.0000000000,1.0000000000,104,110,100,113,100,113
4728,neighbor,False,MINIMUM_MAIN_STEEL,999999999.0000000000,8773.8752500000,0.2500000000,0.2500000000,0.5000000000,3.5000000000,1.0000000000,104,112,100,113,103,110
4729,neighbor,False,MAXIMUM_MAIN_STEEL,999999999.0000000000,8773.8752500000,0.2250000000,0.3500000000,0.3000000000,3.5000000000,0.8000000000,104,110,102,112,104,110
4730,neighbor,False,MINIMUM_MAIN_STEEL,999999999.0000000000,8773.8752500000,0.2000000000,0.4000000000,0.3000000000,3.0000000000,1.0000000000,103,113,100,112,104,112
4731,neighbor,False,MINIMUM_MAIN_STEEL,999999999.0000000000,8773.8752500000,0.2000000000,0.3500000000,0.5500000000,3.0000000000,1.0000000000,102,110,100,111,100,113
4732,neighbor,False,ENVELOPE_BASE_CONTACT,999999999.0000000000,8773.8752500000,0.2000000000,0.2500000000,0.3000000000,2.5000000000,0.9000000000,102,113,103,113,102,110
4733,neighbor,False,ENVELOPE_BASE_CONTACT,999999999.0000000000,8773.8752500000,0.2000000000,0.3500000000,0.3000000000,2.5000000000,1.0000000000,104,111,104,111,102,113
4734,neighbor,False,STEM_STRESS_OR_INTERVAL_BOUND,999999999.0000000000,8773.8752500000,0.2000000000,0.2500000000,0.3000000000,3.5000000000,0.9000000000,104,113,102,111,102,113
4735,neighbor,False,STEM_STRESS_OR_INTERVAL_BOUND,999999999.0000000000,8773.8752500000,0.2000000000,0.2500000000,0.5000000000,3.0000000000,0.8000000000,103,113,103,110,102,112
4736,neighbor,False,MEMBER_FLEXURE,999999999.0000000000,8773.8752500000,0.2000000000,0.4000000000,0.4000000000,3.5000000000,1.0000000000,103,112,103,113,101,113
4737,neighbor,False,MINIMUM_MAIN_STEEL,999999999.0000000000,8773.8752500000,0.2500000000,0.4000000000,0.3000000000,3.0000000000,0.9000000000,101,112,103,110,103,113
4738,neighbor,False,STEM_STRESS_OR_INTERVAL_BOUND,999999999.0000000000,8773.8752500000,0.2000000000,0.3500000000,0.3000000000,3.5000000000,0.8000000000,102,111,103,110,101,113
4739,neighbor,False,STEM_STRESS_OR_INTERVAL_BOUND,999999999.0000000000,8773.8752500000,0.2000000000,0.4500000000,0.3000000000,3.5000000000,1.0000000000,102,112,100,110,102,110
4740,neighbor,False,STEM_STRESS_OR_INTERVAL_BOUND,999999999.0000000000,8773.8752500000,0.2500000000,0.3500000000,0.3000000000,3.0000000000,1.0000000000,102,113,103,113,103,110
4741,neighbor,False,MAXIMUM_MAIN_STEEL,999999999.0000000000,8773.8752500000,0.2000000000,0.3500000000,0.3000000000,3.5000000000,0.8000000000,104,112,102,113,102,112
4742,neighbor,False,MINIMUM_MAIN_STEEL,999999999.0000000000,8773.8752500000,0.2250000000,0.3500000000,0.5000000000,3.0000000000,0.8000000000,102,112,100,111,100,112
4743,neighbor,False,STEM_STRESS_OR_INTERVAL_BOUND,999999999.0000000000,8773.8752500000,0.2000000000,0.2500000000,0.3000000000,3.5000000000,1.0000000000,101,111,103,113,101,113
4744,neighbor,False,MINIMUM_MAIN_STEEL,999999999.0000000000,8773.8752500000,0.2000000000,0.4500000000,0.5500000000,3.0000000000,1.0000000000,104,113,100,113,102,112
4745,neighbor,False,MAXIMUM_MAIN_STEEL,999999999.0000000000,8773.8752500000,0.2000000000,0.4000000000,0.3000000000,3.0000000000,0.9000000000,104,111,100,111,103,112
4746,neighbor,False,MINIMUM_MAIN_STEEL,999999999.0000000000,8773.8752500000,0.2500000000,0.4000000000,0.4000000000,3.0000000000,1.0000000000,101,112,101,110,101,110
4747,neighbor,False,MINIMUM_MAIN_STEEL,999999999.0000000000,8773.8752500000,0.2000000000,0.4500000000,0.4500000000,3.5000000000,1.0000000000,101,111,101,113,100,110
4748,neighbor,False,ENVELOPE_BASE_CONTACT,999999999.0000000000,8773.8752500000,0.2000000000,0.4000000000,0.4500000000,2.5000000000,1.0000000000,103,113,102,113,101,110
4749,neighbor,False,MINIMUM_MAIN_STEEL,999999999.0000000000,8773.8752500000,0.2000000000,0.4000000000,0.5500000000,2.5000000000,1.0000000000,102,113,103,112,100,113
4750,neighbor,False,MINIMUM_MAIN_STEEL,999999999.0000000000,8773.8752500000,0.2000000000,0.3500000000,0.5000000000,3.5000000000,1.0000000000,101,111,100,113,102,113
4751,neighbor,False,ENVELOPE_BASE_CONTACT,999999999.0000000000,8773.8752500000,0.2000000000,0.4500000000,0.4500000000,2.5000000000,1.0000000000,103,110,102,113,100,110
4752,neighbor,False,MINIMUM_MAIN_STEEL,999999999.0000000000,8773.8752500000,0.2500000000,0.2500000000,0.3000000000,3.0000000000,0.8000000000,101,110,100,112,102,110
4753,neighbor,True,PASS_IMPLEMENTED_PROJECT_CHECKS,12183.4430000000,8773.8752500000,0.2000000000,0.4000000000,0.5500000000,3.5000000000,1.0000000000,103,112,103,112,102,110
4754,neighbor,False,MINIMUM_MAIN_STEEL,999999999.0000000000,8773.8752500000,0.2250000000,0.4000000000,0.4500000000,3.0000000000,0.9000000000,101,112,100,110,101,111
4755,neighbor,False,MEMBER_FLEXURE,999999999.0000000000,8773.8752500000,0.2500000000,0.4500000000,0.3000000000,3.5000000000,1.0000000000,104,113,102,111,102,112
4756,neighbor,False,STEM_STRESS_OR_INTERVAL_BOUND,999999999.0000000000,8773.8752500000,0.2250000000,0.3500000000,0.3000000000,3.5000000000,0.9000000000,101,112,101,110,102,110
4757,neighbor,False,ENVELOPE_BASE_CONTACT,999999999.0000000000,8773.8752500000,0.2500000000,0.3000000000,0.3500000000,2.5000000000,1.0000000000,103,113,101,110,101,110
4758,neighbor,False,MINIMUM_MAIN_STEEL,999999999.0000000000,8773.8752500000,0.2000000000,0.2500000000,0.3000000000,3.5000000000,1.0000000000,103,112,101,113,100,113
4759,neighbor,False,STEM_STRESS_OR_INTERVAL_BOUND,999999999.0000000000,8773.8752500000,0.2000000000,0.3000000000,0.5000000000,3.0000000000,1.0000000000,104,113,102,111,101,110
4760,neighbor,True,PASS_IMPLEMENTED_PROJECT_CHECKS,10854.1105660000,8773.8752500000,0.2500000000,0.4500000000,0.3500000000,3.5000000000,1.0000000000,104,113,101,110,103,112
4761,neighbor,False,MAXIMUM_MAIN_STEEL,999999999.0000000000,8773.8752500000,0.2000000000,0.4500000000,0.5000000000,3.0000000000,0.8000000000,104,110,102,113,102,110
4762,neighbor,False,MAXIMUM_MAIN_STEEL,999999999.0000000000,8773.8752500000,0.2000000000,0.4000000000,0.3000000000,3.0000000000,1.0000000000,104,110,102,113,103,110
4763,neighbor,True,PASS_IMPLEMENTED_PROJECT_CHECKS,9809.5554500000,8773.8752500000,0.2000000000,0.4500000000,0.3000000000,3.5000000000,1.0000000000,103,112,101,112,101,110
4764,neighbor,False,ENVELOPE_BASE_CONTACT,999999999.0000000000,8773.8752500000,0.2000000000,0.4000000000,0.3000000000,2.5000000000,1.0000000000,104,112,104,110,101,112
4765,neighbor,False,STEM_STRESS_OR_INTERVAL_BOUND,999999999.0000000000,8773.8752500000,0.2000000000,0.4000000000,0.3500000000,3.5000000000,1.0000000000,102,112,100,111,103,111
4766,neighbor,True,PASS_IMPLEMENTED_PROJECT_CHECKS,9793.8481100000,8773.8752500000,0.2250000000,0.4000000000,0.3000000000,3.5000000000,0.9000000000,102,111,100,111,102,110
4767,neighbor,False,MINIMUM_MAIN_STEEL,999999999.0000000000,8773.8752500000,0.2500000000,0.4000000000,0.5500000000,3.0000000000,1.0000000000,103,113,102,111,100,113
4768,neighbor,False,ENVELOPE_BASE_CONTACT,999999999.0000000000,8773.8752500000,0.2000000000,0.3000000000,0.3000000000,2.5000000000,1.0000000000,104,110,104,111,102,110
4769,neighbor,True,PASS_IMPLEMENTED_PROJECT_CHECKS,12737.9774100000,8773.8752500000,0.2500000000,0.4000000000,0.5000000000,3.5000000000,0.8000000000,103,112,104,111,104,111
4770,neighbor,False,MINIMUM_MAIN_STEEL,999999999.0000000000,8773.8752500000,0.2250000000,0.4000000000,0.3000000000,2.5000000000,1.0000000000,104,112,100,113,102,111
4771,neighbor,False,STEM_STRESS_OR_INTERVAL_BOUND,999999999.0000000000,8773.8752500000,0.2000000000,0.3500000000,0.3500000000,3.0000000000,1.0000000000,102,113,101,113,103,110
4772,neighbor,False,STEM_STRESS_OR_INTERVAL_BOUND,999999999.0000000000,8773.8752500000,0.2000000000,0.3500000000,0.3000000000,3.0000000000,0.9000000000,101,111,102,113,102,110
4773,neighbor,True,PASS_IMPLEMENTED_PROJECT_CHECKS,11293.1675000000,8773.8752500000,0.2000000000,0.4000000000,0.5500000000,3.0000000000,1.0000000000,102,111,103,113,103,110
4774,neighbor,True,PASS_IMPLEMENTED_PROJECT_CHECKS,9929.0461800000,8773.8752500000,0.2000000000,0.4500000000,0.5000000000,3.0000000000,1.0000000000,101,110,102,113,101,112
4775,neighbor,False,ENVELOPE_BASE_CONTACT,999999999.0000000000,8773.8752500000,0.2000000000,0.3500000000,0.3000000000,2.5000000000,0.9000000000,102,111,103,113,101,110
4776,neighbor,False,STEM_STRESS_OR_INTERVAL_BOUND,999999999.0000000000,8773.8752500000,0.2500000000,0.3000000000,0.3000000000,3.5000000000,1.0000000000,104,112,102,110,104,113
4777,neighbor,False,ENVELOPE_BASE_CONTACT,999999999.0000000000,8773.8752500000,0.2000000000,0.4500000000,0.3000000000,2.5000000000,1.0000000000,101,111,104,113,102,110
4778,neighbor,False,STEM_STRESS_OR_INTERVAL_BOUND,999999999.0000000000,8773.8752500000,0.2000000000,0.3500000000,0.3000000000,3.0000000000,1.0000000000,102,111,103,112,103,113
4779,neighbor,False,MINIMUM_MAIN_STEEL,999999999.0000000000,8773.8752500000,0.2250000000,0.3500000000,0.3000000000,3.0000000000,1.0000000000,104,110,100,113,100,111
4780,neighbor,False,MINIMUM_MAIN_STEEL,999999999.0000000000,8773.8752500000,0.2500000000,0.2500000000,0.5000000000,3.5000000000,1.0000000000,102,110,100,113,103,110
4781,neighbor,False,MEMBER_FLEXURE,999999999.0000000000,8773.8752500000,0.2000000000,0.3500000000,0.3500000000,3.5000000000,1.0000000000,104,113,102,113,100,110
4782,neighbor,False,STEM_STRESS_OR_INTERVAL_BOUND,999999999.0000000000,8773.8752500000,0.2500000000,0.2500000000,0.4500000000,3.0000000000,0.8000000000,101,110,103,110,100,110
4783,neighbor,False,MINIMUM_MAIN_STEEL,999999999.0000000000,8773.8752500000,0.2000000000,0.4500000000,0.3000000000,3.5000000000,0.9000000000,104,110,100,113,102,110
4784,neighbor,False,MEMBER_FLEXURE,999999999.0000000000,8773.8752500000,0.2500000000,0.4500000000,0.3500000000,3.5000000000,0.8000000000,104,113,101,113,101,111
4785,neighbor,False,ENVELOPE_BASE_CONTACT,999999999.0000000000,8773.8752500000,0.2000000000,0.2500000000,0.3000000000,2.5000000000,1.0000000000,103,112,101,113,101,113
4786,neighbor,False,MINIMUM_MAIN_STEEL,999999999.0000000000,8773.8752500000,0.2000000000,0.4000000000,0.3000000000,3.0000000000,0.8000000000,104,113,100,112,101,113
4787,neighbor,False,MINIMUM_MAIN_STEEL,999999999.0000000000,8773.8752500000,0.2250000000,0.3500000000,0.4500000000,2.5000000000,1.0000000000,102,111,103,110,101,113
4788,neighbor,False,MINIMUM_MAIN_STEEL,999999999.0000000000,8773.8752500000,0.2250000000,0.4500000000,0.4500000000,3.5000000000,1.0000000000,102,113,102,113,100,113
4789,neighbor,False,STEM_STRESS_OR_INTERVAL_BOUND,999999999.0000000000,8773.8752500000,0.2000000000,0.2500000000,0.3000000000,3.5000000000,0.9000000000,104,111,100,110,104,110
4790,neighbor,False,MAXIMUM_MAIN_STEEL,999999999.0000000000,8773.8752500000,0.2000000000,0.3500000000,0.5000000000,3.5000000000,1.0000000000,104,110,103,111,101,112
4791,neighbor,False,MAXIMUM_MAIN_STEEL,999999999.0000000000,8773.8752500000,0.2500000000,0.3000000000,0.5000000000,3.0000000000,0.9000000000,104,111,104,112,101,112
4792,neighbor,False,STEM_STRESS_OR_INTERVAL_BOUND,999999999.0000000000,8773.8752500000,0.2500000000,0.2500000000,0.3500000000,3.5000000000,1.0000000000,103,113,100,111,103,113
4793,neighbor,False,MINIMUM_MAIN_STEEL,999999999.0000000000,8773.8752500000,0.2000000000,0.4500000000,0.4500000000,3.5000000000,0.9000000000,102,113,101,113,103,110
4794,neighbor,False,STEM_STRESS_OR_INTERVAL_BOUND,999999999.0000000000,8773.8752500000,0.2250000000,0.4000000000,0.3500000000,3.0000000000,1.0000000000,102,113,103,113,104,112
4795,neighbor,False,ENVELOPE_BASE_CONTACT,999999999.0000000000,8773.8752500000,0.2500000000,0.2500000000,0.4000000000,2.5000000000,1.0000000000,104,113,102,113,103,111
4796,neighbor,False,STEM_STRESS_OR_INTERVAL_BOUND,999999999.0000000000,8773.8752500000,0.2000000000,0.3500000000,0.3000000000,3.5000000000,0.9000000000,101,112,103,111,101,110
4797,neighbor,False,MAXIMUM_MAIN_STEEL,999999999.0000000000,8773.8752500000,0.2500000000,0.4000000000,0.3000000000,3.0000000000,1.0000000000,104,113,104,110,102,110
4798,neighbor,False,ENVELOPE_BASE_CONTACT,999999999.0000000000,8773.8752500000,0.2000000000,0.2500000000,0.3000000000,2.5000000000,1.0000000000,104,110,103,110,103,111
4799,neighbor,False,STEM_STRESS_OR_INTERVAL_BOUND,999999999.0000000000,8773.8752500000,0.2000000000,0.3500000000,0.3000000000,3.0000000000,0.9000000000,101,112,104,112,103,110
4800,neighbor,False,MINIMUM_MAIN_STEEL,999999999.0000000000,8773.8752500000,0.2250000000,0.3500000000,0.3000000000,2.5000000000,1.0000000000,101,111,100,113,102,113
4801,neighbor,False,MINIMUM_MAIN_STEEL,999999999.0000000000,8773.8752500000,0.2500000000,0.4000000000,0.4000000000,3.5000000000,1.0000000000,102,113,100,112,104,111
4802,neighbor,False,STEM_STRESS_OR_INTERVAL_BOUND,999999999.0000000000,8773.8752500000,0.2000000000,0.3500000000,0.5000000000,3.0000000000,1.0000000000,101,110,103,110,100,110
4803,neighbor,False,ENVELOPE_BASE_CONTACT,999999999.0000000000,8773.8752500000,0.2000000000,0.4500000000,0.3000000000,2.5000000000,0.9000000000,103,110,103,111,103,113
4804,neighbor,False,MINIMUM_MAIN_STEEL,999999999.0000000000,8773.8752500000,0.2000000000,0.3000000000,0.5500000000,3.0000000000,0.9000000000,104,111,100,111,104,110
4805,neighbor,False,MAXIMUM_MAIN_STEEL,999999999.0000000000,8773.8752500000,0.2500000000,0.4000000000,0.3000000000,3.5000000000,0.8000000000,101,110,104,112,104,110
4806,neighbor,False,STEM_STRESS_OR_INTERVAL_BOUND,999999999.0000000000,8773.8752500000,0.2000000000,0.2500000000,0.4500000000,3.0000000000,1.0000000000,104,113,103,111,100,110
4807,neighbor,False,STEM_STRESS_OR_INTERVAL_BOUND,999999999.0000000000,8773.8752500000,0.2000000000,0.2500000000,0.3000000000,3.0000000000,1.0000000000,103,113,102,112,104,112
4808,neighbor,False,MINIMUM_MAIN_STEEL,999999999.0000000000,8773.8752500000,0.2250000000,0.4500000000,0.5500000000,3.0000000000,0.8000000000,102,113,100,112,104,110
4809,neighbor,False,STEM_STRESS_OR_INTERVAL_BOUND,999999999.0000000000,8773.8752500000,0.2250000000,0.2500000000,0.3000000000,3.0000000000,1.0000000000,104,111,101,110,101,112
4810,neighbor,False,STEM_STRESS_OR_INTERVAL_BOUND,999999999.0000000000,8773.8752500000,0.2000000000,0.2500000000,0.3000000000,3.5000000000,1.0000000000,104,112,104,113,102,110
4811,neighbor,False,MINIMUM_MAIN_STEEL,999999999.0000000000,8773.8752500000,0.2000000000,0.4500000000,0.3500000000,3.0000000000,1.0000000000,102,111,100,112,103,111
4812,neighbor,False,STEM_STRESS_OR_INTERVAL_BOUND,999999999.0000000000,8773.8752500000,0.2000000000,0.2500000000,0.5500000000,3.5000000000,0.9000000000,104,112,100,110,102,110
4813,neighbor,False,MAXIMUM_MAIN_STEEL,999999999.0000000000,8773.8752500000,0.2000000000,0.4500000000,0.4500000000,3.5000000000,1.0000000000,103,111,103,113,102,110
4814,neighbor,False,MINIMUM_MAIN_STEEL,999999999.0000000000,8773.8752500000,0.2500000000,0.4000000000,0.4000000000,3.0000000000,1.0000000000,104,111,104,111,100,111
4815,neighbor,False,MINIMUM_MAIN_STEEL,999999999.0000000000,8773.8752500000,0.2000000000,0.3000000000,0.3000000000,3.0000000000,0.8000000000,102,110,100,112,102,110
4816,neighbor,False,MINIMUM_MAIN_STEEL,999999999.0000000000,8773.8752500000,0.2250000000,0.4000000000,0.3000000000,3.5000000000,1.0000000000,104,110,102,113,100,113
4817,neighbor,False,MINIMUM_MAIN_STEEL,999999999.0000000000,8773.8752500000,0.2000000000,0.3000000000,0.3000000000,2.5000000000,1.0000000000,102,113,101,111,100,113
4818,neighbor,False,STEM_STRESS_OR_INTERVAL_BOUND,999999999.0000000000,8773.8752500000,0.2250000000,0.4000000000,0.3000000000,3.0000000000,1.0000000000,101,111,101,110,102,111
4819,neighbor,False,ENVELOPE_BASE_CONTACT,999999999.0000000000,8773.8752500000,0.2500000000,0.3500000000,0.3500000000,2.5000000000,0.8000000000,101,112,103,113,103,112
4820,neighbor,False,MINIMUM_MAIN_STEEL,999999999.0000000000,8773.8752500000,0.2500000000,0.4500000000,0.3500000000,3.5000000000,1.0000000000,101,113,104,112,103,110
4821,neighbor,False,ENVELOPE_BASE_CONTACT,999999999.0000000000,8773.8752500000,0.2000000000,0.4000000000,0.3000000000,2.5000000000,0.8000000000,104,113,102,111,103,110
4822,neighbor,False,MEMBER_FLEXURE,999999999.0000000000,8773.8752500000,0.2000000000,0.4500000000,0.3500000000,3.5000000000,0.8000000000,103,113,101,113,100,111
4823,neighbor,False,STEM_STRESS_OR_INTERVAL_BOUND,999999999.0000000000,8773.8752500000,0.2250000000,0.3000000000,0.3000000000,3.0000000000,1.0000000000,104,113,100,110,104,112
4824,neighbor,False,MEMBER_FLEXURE,999999999.0000000000,8773.8752500000,0.2500000000,0.3500000000,0.3000000000,3.5000000000,0.8000000000,104,112,101,113,101,112
4825,neighbor,False,ENVELOPE_BASE_CONTACT,999999999.0000000000,8773.8752500000,0.2000000000,0.2500000000,0.3000000000,2.5000000000,1.0000000000,104,111,101,113,101,110
4826,neighbor,False,MINIMUM_MAIN_STEEL,999999999.0000000000,8773.8752500000,0.2000000000,0.2500000000,0.5500000000,3.5000000000,1.0000000000,102,112,100,111,104,113
4827,neighbor,False,STEM_STRESS_OR_INTERVAL_BOUND,999999999.0000000000,8773.8752500000,0.2250000000,0.3500000000,0.3000000000,3.5000000000,0.9000000000,102,113,102,112,104,112
4828,neighbor,False,ENVELOPE_BASE_CONTACT,999999999.0000000000,8773.8752500000,0.2500000000,0.4000000000,0.3000000000,2.5000000000,0.8000000000,104,111,101,113,103,113
4829,neighbor,False,ENVELOPE_BASE_CONTACT,999999999.0000000000,8773.8752500000,0.2250000000,0.4500000000,0.4000000000,2.5000000000,0.8000000000,103,111,104,113,103,113
4830,neighbor,False,ENVELOPE_BASE_CONTACT,999999999.0000000000,8773.8752500000,0.2250000000,0.2500000000,0.3000000000,2.5000000000,1.0000000000,104,113,104,110,102,110
4831,neighbor,False,ENVELOPE_BASE_CONTACT,999999999.0000000000,8773.8752500000,0.2500000000,0.2500000000,0.3500000000,2.5000000000,0.9000000000,104,110,101,110,102,110
4832,neighbor,False,ENVELOPE_BASE_CONTACT,999999999.0000000000,8773.8752500000,0.2500000000,0.3000000000,0.3000000000,2.5000000000,1.0000000000,104,113,102,112,103,110
4833,neighbor,False,MINIMUM_MAIN_STEEL,999999999.0000000000,8773.8752500000,0.2000000000,0.3000000000,0.5000000000,2.5000000000,0.9000000000,101,111,100,111,102,111
4834,neighbor,False,ENVELOPE_BASE_CONTACT,999999999.0000000000,8773.8752500000,0.2000000000,0.2500000000,0.3000000000,2.5000000000,1.0000000000,101,111,102,113,101,110
4835,neighbor,False,STEM_STRESS_OR_INTERVAL_BOUND,999999999.0000000000,8773.8752500000,0.2250000000,0.3500000000,0.4000000000,3.5000000000,1.0000000000,101,110,103,113,104,110
4836,neighbor,False,MINIMUM_MAIN_STEEL,999999999.0000000000,8773.8752500000,0.2000000000,0.4500000000,0.4000000000,2.5000000000,1.0000000000,101,112,100,110,104,113
4837,neighbor,False,MINIMUM_MAIN_STEEL,999999999.0000000000,8773.8752500000,0.2000000000,0.4500000000,0.4500000000,3.0000000000,0.9000000000,101,112,103,113,104,110
4838,neighbor,False,STEM_STRESS_OR_INTERVAL_BOUND,999999999.0000000000,8773.8752500000,0.2000000000,0.3500000000,0.3000000000,3.5000000000,1.0000000000,101,112,101,112,104,113
4839,neighbor,False,MINIMUM_MAIN_STEEL,999999999.0000000000,8773.8752500000,0.2000000000,0.2500000000,0.3000000000,3.0000000000,1.0000000000,104,110,102,113,100,112
4840,neighbor,False,MINIMUM_MAIN_STEEL,999999999.0000000000,8773.8752500000,0.2250000000,0.3500000000,0.4500000000,2.5000000000,1.0000000000,101,113,103,113,102,110
4841,neighbor,False,ENVELOPE_BASE_CONTACT,999999999.0000000000,8773.8752500000,0.2000000000,0.4000000000,0.5500000000,2.5000000000,1.0000000000,103,112,103,110,102,113
4842,neighbor,False,ENVELOPE_BASE_CONTACT,999999999.0000000000,8773.8752500000,0.2000000000,0.2500000000,0.3000000000,2.5000000000,1.0000000000,101,113,103,111,101,112
4843,neighbor,False,STEM_STRESS_OR_INTERVAL_BOUND,999999999.0000000000,8773.8752500000,0.2000000000,0.3000000000,0.3500000000,3.5000000000,1.0000000000,103,113,101,112,102,111
4844,neighbor,False,ENVELOPE_BASE_CONTACT,999999999.0000000000,8773.8752500000,0.2000000000,0.3500000000,0.3000000000,2.5000000000,1.0000000000,102,111,103,111,103,111
4845,neighbor,False,MEMBER_FLEXURE,999999999.0000000000,8773.8752500000,0.2000000000,0.4500000000,0.3000000000,3.0000000000,1.0000000000,103,113,102,110,101,111
4846,neighbor,False,MINIMUM_MAIN_STEEL,999999999.0000000000,8773.8752500000,0.2250000000,0.3000000000,0.5000000000,2.5000000000,1.0000000000,102,113,104,113,101,113
4847,neighbor,False,MAXIMUM_MAIN_STEEL,999999999.0000000000,8773.8752500000,0.2000000000,0.4500000000,0.4000000000,3.0000000000,1.0000000000,104,112,102,110,104,112
4848,neighbor,False,ENVELOPE_BASE_CONTACT,999999999.0000000000,8773.8752500000,0.2000000000,0.3000000000,0.3000000000,2.5000000000,1.0000000000,101,113,104,111,104,112
4849,neighbor,False,MINIMUM_MAIN_STEEL,999999999.0000000000,8773.8752500000,0.2500000000,0.4500000000,0.3000000000,2.5000000000,1.0000000000,103,111,100,112,102,110
4850,neighbor,False,STEM_STRESS_OR_INTERVAL_BOUND,999999999.0000000000,8773.8752500000,0.2000000000,0.3000000000,0.3000000000,3.5000000000,1.0000000000,104,113,100,111,103,110
4851,neighbor,False,MINIMUM_MAIN_STEEL,999999999.0000000000,8773.8752500000,0.2000000000,0.2500000000,0.3500000000,3.5000000000,0.8000000000,102,110,102,112,100,112
4852,neighbor,False,ENVELOPE_BASE_CONTACT,999999999.0000000000,8773.8752500000,0.2250000000,0.3000000000,0.4000000000,2.5000000000,0.9000000000,104,113,103,110,104,111
4853,neighbor,False,MINIMUM_MAIN_STEEL,999999999.0000000000,8773.8752500000,0.2500000000,0.4000000000,0.3000000000,2.5000000000,1.0000000000,102,111,100,113,103,110
4854,neighbor,False,ENVELOPE_BASE_CONTACT,999999999.0000000000,8773.8752500000,0.2250000000,0.4000000000,0.4000000000,2.5000000000,1.0000000000,101,110,104,110,104,112
4855,neighbor,False,MINIMUM_MAIN_STEEL,999999999.0000000000,8773.8752500000,0.2250000000,0.3000000000,0.3000000000,3.5000000000,1.0000000000,104,112,102,110,100,113
4856,neighbor,False,MINIMUM_MAIN_STEEL,999999999.0000000000,8773.8752500000,0.2000000000,0.4000000000,0.5000000000,3.5000000000,0.9000000000,103,110,101,113,101,110
4857,neighbor,False,MINIMUM_MAIN_STEEL,999999999.0000000000,8773.8752500000,0.2000000000,0.4500000000,0.5500000000,3.5000000000,1.0000000000,103,110,101,112,104,110
4858,neighbor,False,STEM_STRESS_OR_INTERVAL_BOUND,999999999.0000000000,8773.8752500000,0.2000000000,0.3500000000,0.3000000000,3.0000000000,0.9000000000,102,113,100,111,102,113
4859,neighbor,False,STEM_STRESS_OR_INTERVAL_BOUND,999999999.0000000000,8773.8752500000,0.2500000000,0.3000000000,0.4500000000,3.0000000000,0.8000000000,104,113,104,110,101,111
4860,neighbor,False,ENVELOPE_BASE_CONTACT,999999999.0000000000,8773.8752500000,0.2250000000,0.4000000000,0.3000000000,2.5000000000,0.9000000000,104,112,102,110,103,112
4861,neighbor,False,STEM_STRESS_OR_INTERVAL_BOUND,999999999.0000000000,8773.8752500000,0.2000000000,0.2500000000,0.3000000000,3.5000000000,1.0000000000,104,112,102,113,100,110
4862,neighbor,False,STEM_STRESS_OR_INTERVAL_BOUND,999999999.0000000000,8773.8752500000,0.2250000000,0.2500000000,0.3000000000,3.0000000000,0.8000000000,104,113,103,113,102,113
4863,neighbor,False,MEMBER_FLEXURE,999999999.0000000000,8773.8752500000,0.2000000000,0.4500000000,0.3000000000,3.0000000000,1.0000000000,101,110,104,111,100,110
4864,neighbor,False,MINIMUM_MAIN_STEEL,999999999.0000000000,8773.8752500000,0.2000000000,0.2500000000,0.5500000000,3.0000000000,0.9000000000,101,113,101,113,102,110
4865,neighbor,False,MINIMUM_MAIN_STEEL,999999999.0000000000,8773.8752500000,0.2000000000,0.2500000000,0.5500000000,3.5000000000,1.0000000000,104,113,100,113,101,111
4866,neighbor,False,MINIMUM_MAIN_STEEL,999999999.0000000000,8773.8752500000,0.2000000000,0.4000000000,0.3000000000,2.5000000000,0.8000000000,102,112,101,113,100,112
4867,neighbor,True,PASS_IMPLEMENTED_PROJECT_CHECKS,10798.9456320000,8773.8752500000,0.2000000000,0.4000000000,0.4000000000,3.0000000000,1.0000000000,104,113,101,112,104,110
4868,neighbor,False,ENVELOPE_BASE_CONTACT,999999999.0000000000,8773.8752500000,0.2000000000,0.3500000000,0.3000000000,2.5000000000,0.9000000000,101,110,103,112,101,110
4869,neighbor,False,STEM_STRESS_OR_INTERVAL_BOUND,999999999.0000000000,8773.8752500000,0.2000000000,0.3000000000,0.4000000000,3.5000000000,0.8000000000,103,113,102,111,102,113
4870,neighbor,False,MINIMUM_MAIN_STEEL,999999999.0000000000,8773.8752500000,0.2500000000,0.3500000000,0.5500000000,3.0000000000,1.0000000000,102,113,101,113,103,111
4871,neighbor,False,STEM_STRESS_OR_INTERVAL_BOUND,999999999.0000000000,8773.8752500000,0.2500000000,0.2500000000,0.3000000000,3.0000000000,1.0000000000,102,110,103,113,100,110
4872,neighbor,False,ENVELOPE_BASE_CONTACT,999999999.0000000000,8773.8752500000,0.2500000000,0.4500000000,0.3000000000,2.5000000000,0.8000000000,104,113,102,113,103,110
4873,neighbor,False,MINIMUM_MAIN_STEEL,999999999.0000000000,8773.8752500000,0.2250000000,0.3000000000,0.3000000000,2.5000000000,1.0000000000,101,112,103,113,100,113
4874,neighbor,False,MINIMUM_MAIN_STEEL,999999999.0000000000,8773.8752500000,0.2000000000,0.4500000000,0.3000000000,3.0000000000,0.9000000000,104,113,100,112,103,110
4875,neighbor,False,ENVELOPE_BASE_CONTACT,999999999.0000000000,8773.8752500000,0.2000000000,0.3000000000,0.3000000000,2.5000000000,0.8000000000,101,113,101,112,102,111
4876,neighbor,False,ENVELOPE_BASE_CONTACT,999999999.0000000000,8773.8752500000,0.2000000000,0.4000000000,0.3000000000,2.5000000000,0.8000000000,104,110,103,113,104,111
4877,neighbor,False,ENVELOPE_BASE_CONTACT,999999999.0000000000,8773.8752500000,0.2250000000,0.3000000000,0.5500000000,2.5000000000,0.8000000000,102,112,102,111,104,113
4878,neighbor,False,MAXIMUM_MAIN_STEEL,999999999.0000000000,8773.8752500000,0.2000000000,0.4000000000,0.3000000000,3.0000000000,1.0000000000,103,110,101,111,104,110
4879,neighbor,False,MAXIMUM_MAIN_STEEL,999999999.0000000000,8773.8752500000,0.2000000000,0.3500000000,0.3000000000,3.0000000000,1.0000000000,104,111,103,112,103,110
4880,neighbor,False,MEMBER_FLEXURE,999999999.0000000000,8773.8752500000,0.2500000000,0.3500000000,0.3000000000,3.0000000000,1.0000000000,103,112,103,113,102,112
4881,neighbor,False,MEMBER_FLEXURE,999999999.0000000000,8773.8752500000,0.2500000000,0.4000000000,0.3000000000,3.0000000000,0.8000000000,104,113,100,110,101,111
4882,neighbor,False,MINIMUM_MAIN_STEEL,999999999.0000000000,8773.8752500000,0.2000000000,0.4000000000,0.3000000000,2.5000000000,1.0000000000,102,113,100,113,100,110
4883,neighbor,False,ENVELOPE_BASE_CONTACT,999999999.0000000000,8773.8752500000,0.2000000000,0.4500000000,0.3000000000,2.5000000000,0.9000000000,103,111,102,113,104,112
4884,neighbor,False,MAXIMUM_MAIN_STEEL,999999999.0000000000,8773.8752500000,0.2000000000,0.3500000000,0.3000000000,3.5000000000,0.9000000000,104,113,103,112,104,110
4885,neighbor,False,MINIMUM_MAIN_STEEL,999999999.0000000000,8773.8752500000,0.2000000000,0.4500000000,0.3000000000,2.5000000000,0.8000000000,101,112,104,110,103,113
4886,neighbor,False,MEMBER_FLEXURE,999999999.0000000000,8773.8752500000,0.2000000000,0.3500000000,0.3000000000,3.0000000000,1.0000000000,104,113,101,113,101,110
4887,neighbor,False,ENVELOPE_BASE_CONTACT,999999999.0000000000,8773.8752500000,0.2250000000,0.2500000000,0.4500000000,2.5000000000,0.9000000000,104,111,102,110,103,113
4888,neighbor,False,ENVELOPE_BASE_CONTACT,999999999.0000000000,8773.8752500000,0.2250000000,0.3000000000,0.3000000000,2.5000000000,1.0000000000,103,110,104,113,102,110
4889,neighbor,False,STEM_STRESS_OR_INTERVAL_BOUND,999999999.0000000000,8773.8752500000,0.2500000000,0.2500000000,0.3000000000,3.0000000000,0.8000000000,104,111,102,113,102,110
4890,neighbor,False,MINIMUM_MAIN_STEEL,999999999.0000000000,8773.8752500000,0.2000000000,0.2500000000,0.5000000000,3.0000000000,1.0000000000,101,111,100,113,104,112
4891,neighbor,False,STEM_STRESS_OR_INTERVAL_BOUND,999999999.0000000000,8773.8752500000,0.2000000000,0.2500000000,0.3000000000,3.5000000000,0.9000000000,103,110,101,113,102,111
4892,neighbor,False,MINIMUM_MAIN_STEEL,999999999.0000000000,8773.8752500000,0.2250000000,0.4000000000,0.5500000000,2.5000000000,0.8000000000,101,110,100,113,104,110
4893,neighbor,False,MINIMUM_MAIN_STEEL,999999999.0000000000,8773.8752500000,0.2500000000,0.3500000000,0.4500000000,2.5000000000,0.9000000000,104,112,101,113,102,110
4894,neighbor,False,STEM_STRESS_OR_INTERVAL_BOUND,999999999.0000000000,8773.8752500000,0.2250000000,0.3000000000,0.3000000000,3.0000000000,0.9000000000,101,111,104,112,102,111
4895,neighbor,False,MAXIMUM_MAIN_STEEL,999999999.0000000000,8773.8752500000,0.2000000000,0.3000000000,0.5500000000,3.5000000000,1.0000000000,104,110,104,113,103,112
4896,neighbor,False,MINIMUM_MAIN_STEEL,999999999.0000000000,8773.8752500000,0.2250000000,0.4500000000,0.3000000000,3.5000000000,0.9000000000,102,113,102,110,101,113
4897,neighbor,False,MEMBER_FLEXURE,999999999.0000000000,8773.8752500000,0.2250000000,0.4500000000,0.3000000000,3.0000000000,0.8000000000,103,111,102,111,101,113
4898,neighbor,False,MINIMUM_MAIN_STEEL,999999999.0000000000,8773.8752500000,0.2500000000,0.4000000000,0.3000000000,3.0000000000,0.9000000000,101,112,100,110,102,110
4899,neighbor,False,MEMBER_FLEXURE,999999999.0000000000,8773.8752500000,0.2000000000,0.4500000000,0.4000000000,3.5000000000,1.0000000000,104,113,104,113,101,113
4900,neighbor,False,ENVELOPE_BASE_CONTACT,999999999.0000000000,8773.8752500000,0.2000000000,0.4000000000,0.3000000000,2.5000000000,1.0000000000,103,112,104,110,100,110
4901,neighbor,False,STEM_STRESS_OR_INTERVAL_BOUND,999999999.0000000000,8773.8752500000,0.2000000000,0.2500000000,0.3000000000,3.5000000000,1.0000000000,104,113,104,113,100,111
4902,neighbor,False,MAXIMUM_MAIN_STEEL,999999999.0000000000,8773.8752500000,0.2000000000,0.4000000000,0.3000000000,3.5000000000,1.0000000000,104,112,102,113,104,110
4903,neighbor,False,ENVELOPE_BASE_CONTACT,999999999.0000000000,8773.8752500000,0.2500000000,0.2500000000,0.3000000000,2.5000000000,1.0000000000,101,111,103,113,101,110
4904,neighbor,False,MAXIMUM_MAIN_STEEL,999999999.0000000000,8773.8752500000,0.2000000000,0.4000000000,0.3000000000,3.0000000000,1.0000000000,104,111,102,110,104,112
4905,neighbor,False,ENVELOPE_BASE_CONTACT,999999999.0000000000,8773.8752500000,0.2250000000,0.3500000000,0.4000000000,2.5000000000,0.9000000000,101,111,103,113,101,110
4906,neighbor,False,MAXIMUM_MAIN_STEEL,999999999.0000000000,8773.8752500000,0.2000000000,0.3000000000,0.3500000000,3.0000000000,1.0000000000,103,110,104,110,104,110
4907,neighbor,False,STEM_STRESS_OR_INTERVAL_BOUND,999999999.0000000000,8773.8752500000,0.2250000000,0.4500000000,0.3500000000,3.5000000000,1.0000000000,102,112,103,110,103,113
4908,neighbor,False,ENVELOPE_BASE_CONTACT,999999999.0000000000,8773.8752500000,0.2000000000,0.2500000000,0.5500000000,2.5000000000,1.0000000000,104,111,103,112,102,113
4909,neighbor,False,MINIMUM_MAIN_STEEL,999999999.0000000000,8773.8752500000,0.2000000000,0.3500000000,0.4000000000,3.0000000000,1.0000000000,101,113,100,113,102,111
4910,neighbor,False,ENVELOPE_BASE_CONTACT,999999999.0000000000,8773.8752500000,0.2000000000,0.2500000000,0.4000000000,2.5000000000,0.9000000000,103,110,104,110,102,112
4911,neighbor,False,ENVELOPE_BASE_CONTACT,999999999.0000000000,8773.8752500000,0.2000000000,0.2500000000,0.3000000000,2.5000000000,0.8000000000,102,113,100,111,104,113
4912,neighbor,False,MINIMUM_MAIN_STEEL,999999999.0000000000,8773.8752500000,0.2500000000,0.4000000000,0.5000000000,3.0000000000,1.0000000000,104,112,100,112,102,110
4913,neighbor,False,STEM_STRESS_OR_INTERVAL_BOUND,999999999.0000000000,8773.8752500000,0.2000000000,0.2500000000,0.3000000000,3.0000000000,1.0000000000,104,110,104,113,101,113
4914,neighbor,False,MINIMUM_MAIN_STEEL,999999999.0000000000,8773.8752500000,0.2500000000,0.4500000000,0.3000000000,3.0000000000,1.0000000000,103,113,100,112,103,113
4915,neighbor,False,ENVELOPE_BASE_CONTACT,999999999.0000000000,8773.8752500000,0.2250000000,0.4500000000,0.3000000000,2.5000000000,1.0000000000,104,111,102,113,103,113
4916,neighbor,False,MINIMUM_MAIN_STEEL,999999999.0000000000,8773.8752500000,0.2250000000,0.4000000000,0.5000000000,2.5000000000,1.0000000000,102,113,102,113,100,111
4917,neighbor,False,STEM_STRESS_OR_INTERVAL_BOUND,999999999.0000000000,8773.8752500000,0.2000000000,0.3500000000,0.3000000000,3.0000000000,0.9000000000,102,111,104,113,100,110
4918,neighbor,False,ENVELOPE_BASE_CONTACT,999999999.0000000000,8773.8752500000,0.2000000000,0.3500000000,0.3000000000,2.5000000000,1.0000000000,102,110,101,110,104,110
4919,neighbor,False,STEM_STRESS_OR_INTERVAL_BOUND,999999999.0000000000,8773.8752500000,0.2000000000,0.3000000000,0.3000000000,3.0000000000,1.0000000000,101,112,100,111,100,111
4920,neighbor,False,MINIMUM_MAIN_STEEL,999999999.0000000000,8773.8752500000,0.2000000000,0.3000000000,0.3000000000,3.5000000000,1.0000000000,104,110,102,112,100,112
4921,neighbor,False,STEM_STRESS_OR_INTERVAL_BOUND,999999999.0000000000,8773.8752500000,0.2500000000,0.3000000000,0.5000000000,3.0000000000,0.9000000000,102,112,102,110,102,111
4922,neighbor,False,MINIMUM_MAIN_STEEL,999999999.0000000000,8773.8752500000,0.2000000000,0.4000000000,0.5500000000,3.0000000000,0.8000000000,101,111,101,113,102,113
4923,neighbor,False,MAXIMUM_MAIN_STEEL,999999999.0000000000,8773.8752500000,0.2250000000,0.4000000000,0.3000000000,3.5000000000,0.9000000000,102,111,102,113,104,110
4924,neighbor,False,MAXIMUM_MAIN_STEEL,999999999.0000000000,8773.8752500000,0.2250000000,0.4000000000,0.4000000000,3.5000000000,0.9000000000,103,110,101,112,102,110
4925,neighbor,False,ENVELOPE_BASE_CONTACT,999999999.0000000000,8773.8752500000,0.2500000000,0.2500000000,0.3000000000,2.5000000000,0.8000000000,104,113,103,113,101,112
4926,neighbor,False,MINIMUM_MAIN_STEEL,999999999.0000000000,8773.8752500000,0.2000000000,0.3500000000,0.3000000000,3.0000000000,0.8000000000,104,113,101,113,100,112
4927,neighbor,False,MINIMUM_MAIN_STEEL,999999999.0000000000,8773.8752500000,0.2000000000,0.3000000000,0.3000000000,3.5000000000,1.0000000000,104,113,102,113,100,112
4928,neighbor,False,MINIMUM_MAIN_STEEL,999999999.0000000000,8773.8752500000,0.2250000000,0.3000000000,0.3000000000,2.5000000000,1.0000000000,104,110,100,110,100,113
4929,neighbor,False,STEM_STRESS_OR_INTERVAL_BOUND,999999999.0000000000,8773.8752500000,0.2000000000,0.2500000000,0.4000000000,3.0000000000,0.9000000000,104,113,100,110,103,110
4930,neighbor,False,STEM_STRESS_OR_INTERVAL_BOUND,999999999.0000000000,8773.8752500000,0.2000000000,0.4000000000,0.5000000000,3.5000000000,0.9000000000,102,113,102,110,104,111
4931,neighbor,False,MINIMUM_MAIN_STEEL,999999999.0000000000,8773.8752500000,0.2000000000,0.3000000000,0.3000000000,3.5000000000,1.0000000000,104,113,102,112,100,113
4932,neighbor,False,MINIMUM_MAIN_STEEL,999999999.0000000000,8773.8752500000,0.2250000000,0.3500000000,0.3500000000,3.0000000000,0.8000000000,102,112,100,112,104,111
4933,neighbor,False,MINIMUM_MAIN_STEEL,999999999.0000000000,8773.8752500000,0.2000000000,0.3000000000,0.4500000000,2.5000000000,1.0000000000,104,113,100,111,103,111
4934,neighbor,False,MAXIMUM_MAIN_STEEL,999999999.0000000000,8773.8752500000,0.2000000000,0.4000000000,0.5500000000,3.0000000000,1.0000000000,104,111,103,110,100,110
4935,neighbor,False,ENVELOPE_BASE_CONTACT,999999999.0000000000,8773.8752500000,0.2000000000,0.4000000000,0.5000000000,2.5000000000,1.0000000000,103,112,101,110,101,110
4936,neighbor,False,MINIMUM_MAIN_STEEL,999999999.0000000000,8773.8752500000,0.2500000000,0.4000000000,0.3000000000,2.5000000000,0.9000000000,102,111,100,112,101,110
4937,neighbor,False,STEM_STRESS_OR_INTERVAL_BOUND,999999999.0000000000,8773.8752500000,0.2000000000,0.4500000000,0.3500000000,3.0000000000,0.8000000000,102,112,101,112,102,113
4938,neighbor,False,STEM_STRESS_OR_INTERVAL_BOUND,999999999.0000000000,8773.8752500000,0.2000000000,0.2500000000,0.3000000000,3.5000000000,1.0000000000,104,113,102,113,101,110
4939,neighbor,True,PASS_IMPLEMENTED_PROJECT_CHECKS,10379.2034880000,8773.8752500000,0.2000000000,0.4000000000,0.4500000000,3.5000000000,1.0000000000,104,113,101,112,100,110
4940,neighbor,False,MINIMUM_MAIN_STEEL,999999999.0000000000,8773.8752500000,0.2500000000,0.4000000000,0.4500000000,3.0000000000,1.0000000000,104,112,101,113,102,113
4941,neighbor,False,MAXIMUM_MAIN_STEEL,999999999.0000000000,8773.8752500000,0.2000000000,0.3500000000,0.3000000000,3.0000000000,1.0000000000,104,111,104,111,102,113
4942,neighbor,False,ENVELOPE_BASE_CONTACT,999999999.0000000000,8773.8752500000,0.2000000000,0.2500000000,0.4500000000,2.5000000000,0.8000000000,103,112,103,113,100,110
4943,neighbor,False,STEM_STRESS_OR_INTERVAL_BOUND,999999999.0000000000,8773.8752500000,0.2000000000,0.2500000000,0.3000000000,3.0000000000,1.0000000000,102,111,102,113,103,111
4944,neighbor,False,STEM_STRESS_OR_INTERVAL_BOUND,999999999.0000000000,8773.8752500000,0.2000000000,0.2500000000,0.3500000000,3.0000000000,1.0000000000,104,113,104,113,104,112
4945,neighbor,False,MINIMUM_MAIN_STEEL,999999999.0000000000,8773.8752500000,0.2500000000,0.4000000000,0.3000000000,2.5000000000,0.8000000000,103,113,100,113,104,112
4946,neighbor,False,MINIMUM_MAIN_STEEL,999999999.0000000000,8773.8752500000,0.2000000000,0.4000000000,0.3000000000,3.0000000000,1.0000000000,104,110,100,113,104,112
4947,neighbor,False,ENVELOPE_BASE_CONTACT,999999999.0000000000,8773.8752500000,0.2500000000,0.4000000000,0.3500000000,2.5000000000,0.9000000000,103,111,102,110,104,110
4948,neighbor,False,MAXIMUM_MAIN_STEEL,999999999.0000000000,8773.8752500000,0.2000000000,0.4500000000,0.4500000000,3.0000000000,1.0000000000,104,111,102,111,104,111
4949,neighbor,False,MAXIMUM_MAIN_STEEL,999999999.0000000000,8773.8752500000,0.2000000000,0.3500000000,0.3000000000,3.5000000000,1.0000000000,104,112,100,110,103,110
4950,neighbor,False,MINIMUM_MAIN_STEEL,999999999.0000000000,8773.8752500000,0.2000000000,0.3500000000,0.4500000000,3.0000000000,1.0000000000,101,110,103,111,101,113
4951,neighbor,False,ENVELOPE_BASE_CONTACT,999999999.0000000000,8773.8752500000,0.2000000000,0.2500000000,0.3000000000,2.5000000000,0.9000000000,103,113,103,110,104,113
4952,neighbor,False,MAXIMUM_MAIN_STEEL,999999999.0000000000,8773.8752500000,0.2000000000,0.3000000000,0.3000000000,3.0000000000,0.8000000000,104,110,104,112,102,111
4953,neighbor,True,PASS_IMPLEMENTED_PROJECT_CHECKS,12333.0045240000,8773.8752500000,0.2000000000,0.4500000000,0.5000000000,3.5000000000,1.0000000000,104,113,103,113,104,111
4954,neighbor,False,ENVELOPE_BASE_CONTACT,999999999.0000000000,8773.8752500000,0.2000000000,0.3500000000,0.5500000000,2.5000000000,1.0000000000,101,112,101,110,104,110
4955,neighbor,False,STEM_STRESS_OR_INTERVAL_BOUND,999999999.0000000000,8773.8752500000,0.2000000000,0.3000000000,0.3000000000,3.0000000000,1.0000000000,104,113,102,112,104,110
4956,neighbor,False,STEM_STRESS_OR_INTERVAL_BOUND,999999999.0000000000,8773.8752500000,0.2250000000,0.2500000000,0.3000000000,3.0000000000,0.9000000000,102,112,104,112,104,112
4957,neighbor,False,ENVELOPE_BASE_CONTACT,999999999.0000000000,8773.8752500000,0.2000000000,0.2500000000,0.4000000000,2.5000000000,1.0000000000,101,113,101,111,102,111
4958,neighbor,False,STEM_STRESS_OR_INTERVAL_BOUND,999999999.0000000000,8773.8752500000,0.2000000000,0.2500000000,0.5500000000,3.5000000000,1.0000000000,101,110,104,110,102,113
4959,neighbor,False,MAXIMUM_MAIN_STEEL,999999999.0000000000,8773.8752500000,0.2000000000,0.4000000000,0.4500000000,3.0000000000,0.8000000000,104,111,104,112,102,111
4960,neighbor,False,MINIMUM_MAIN_STEEL,999999999.0000000000,8773.8752500000,0.2000000000,0.4500000000,0.3000000000,2.5000000000,0.9000000000,101,112,101,113,103,111
4961,neighbor,False,MINIMUM_MAIN_STEEL,999999999.0000000000,8773.8752500000,0.2250000000,0.3000000000,0.3000000000,3.0000000000,1.0000000000,104,112,100,112,104,113
4962,neighbor,False,STEM_STRESS_OR_INTERVAL_BOUND,999999999.0000000000,8773.8752500000,0.2250000000,0.3000000000,0.3000000000,3.5000000000,1.0000000000,102,113,102,113,101,110
4963,neighbor,False,MINIMUM_MAIN_STEEL,999999999.0000000000,8773.8752500000,0.2000000000,0.3000000000,0.3000000000,3.0000000000,1.0000000000,101,113,104,112,100,112
4964,neighbor,False,STEM_STRESS_OR_INTERVAL_BOUND,999999999.0000000000,8773.8752500000,0.2000000000,0.4500000000,0.3000000000,3.5000000000,1.0000000000,101,111,104,112,104,112
4965,neighbor,False,MINIMUM_MAIN_STEEL,999999999.0000000000,8773.8752500000,0.2000000000,0.4500000000,0.3000000000,2.5000000000,1.0000000000,101,112,104,113,104,113
4966,neighbor,False,ENVELOPE_BASE_CONTACT,999999999.0000000000,8773.8752500000,0.2000000000,0.3500000000,0.3500000000,2.5000000000,0.8000000000,102,113,104,113,104,112
4967,neighbor,False,STEM_STRESS_OR_INTERVAL_BOUND,999999999.0000000000,8773.8752500000,0.2250000000,0.3000000000,0.4000000000,3.0000000000,1.0000000000,102,113,104,113,103,112
4968,neighbor,False,STEM_STRESS_OR_INTERVAL_BOUND,999999999.0000000000,8773.8752500000,0.2250000000,0.3500000000,0.3000000000,3.5000000000,0.9000000000,103,113,104,113,102,110
4969,neighbor,False,ENVELOPE_BASE_CONTACT,999999999.0000000000,8773.8752500000,0.2250000000,0.2500000000,0.3000000000,2.5000000000,1.0000000000,103,111,103,113,103,111
4970,neighbor,False,ENVELOPE_BASE_CONTACT,999999999.0000000000,8773.8752500000,0.2000000000,0.4000000000,0.3500000000,2.5000000000,0.9000000000,102,110,102,111,103,111
4971,neighbor,True,PASS_IMPLEMENTED_PROJECT_CHECKS,10691.8316400000,8773.8752500000,0.2500000000,0.4500000000,0.3000000000,3.5000000000,1.0000000000,101,110,104,111,102,110
4972,neighbor,False,MINIMUM_MAIN_STEEL,999999999.0000000000,8773.8752500000,0.2000000000,0.4500000000,0.3000000000,3.5000000000,1.0000000000,104,110,100,113,102,110
4973,neighbor,False,MAXIMUM_MAIN_STEEL,999999999.0000000000,8773.8752500000,0.2000000000,0.3500000000,0.4000000000,3.0000000000,1.0000000000,104,110,104,111,102,113
4974,neighbor,False,STEM_STRESS_OR_INTERVAL_BOUND,999999999.0000000000,8773.8752500000,0.2500000000,0.3000000000,0.3000000000,3.0000000000,0.8000000000,103,113,102,113,100,110
4975,neighbor,False,ENVELOPE_BASE_CONTACT,999999999.0000000000,8773.8752500000,0.2500000000,0.2500000000,0.3000000000,2.5000000000,1.0000000000,101,110,101,110,103,110
4976,neighbor,False,ENVELOPE_BASE_CONTACT,999999999.0000000000,8773.8752500000,0.2000000000,0.2500000000,0.4500000000,2.5000000000,1.0000000000,102,112,101,111,103,112
4977,neighbor,False,STEM_STRESS_OR_INTERVAL_BOUND,999999999.0000000000,8773.8752500000,0.2000000000,0.3000000000,0.3000000000,3.5000000000,1.0000000000,102,112,103,111,101,111
4978,neighbor,False,STEM_STRESS_OR_INTERVAL_BOUND,999999999.0000000000,8773.8752500000,0.2000000000,0.3000000000,0.3000000000,3.5000000000,0.9000000000,104,113,104,113,101,110
4979,neighbor,False,STEM_STRESS_OR_INTERVAL_BOUND,999999999.0000000000,8773.8752500000,0.2000000000,0.3000000000,0.3000000000,3.0000000000,1.0000000000,101,110,104,110,104,110
4980,neighbor,False,ENVELOPE_BASE_CONTACT,999999999.0000000000,8773.8752500000,0.2000000000,0.4000000000,0.5500000000,2.5000000000,1.0000000000,104,110,102,112,103,113
4981,neighbor,False,STEM_STRESS_OR_INTERVAL_BOUND,999999999.0000000000,8773.8752500000,0.2000000000,0.2500000000,0.3000000000,3.0000000000,1.0000000000,102,113,102,111,101,110
4982,neighbor,False,MINIMUM_MAIN_STEEL,999999999.0000000000,8773.8752500000,0.2000000000,0.4000000000,0.4000000000,2.5000000000,0.8000000000,101,113,102,112,100,113
4983,neighbor,False,STEM_STRESS_OR_INTERVAL_BOUND,999999999.0000000000,8773.8752500000,0.2000000000,0.2500000000,0.3000000000,3.5000000000,0.9000000000,103,113,101,113,100,110
4984,neighbor,False,STEM_STRESS_OR_INTERVAL_BOUND,999999999.0000000000,8773.8752500000,0.2500000000,0.2500000000,0.3000000000,3.0000000000,1.0000000000,104,111,102,113,103,110
4985,neighbor,False,MINIMUM_MAIN_STEEL,999999999.0000000000,8773.8752500000,0.2500000000,0.3500000000,0.3000000000,3.5000000000,1.0000000000,102,110,102,113,100,112
4986,neighbor,False,MINIMUM_MAIN_STEEL,999999999.0000000000,8773.8752500000,0.2250000000,0.2500000000,0.4000000000,3.0000000000,1.0000000000,103,113,100,113,102,111
4987,neighbor,False,STEM_STRESS_OR_INTERVAL_BOUND,999999999.0000000000,8773.8752500000,0.2000000000,0.3000000000,0.3000000000,3.0000000000,1.0000000000,104,112,103,112,104,113
4988,neighbor,False,ENVELOPE_BASE_CONTACT,999999999.0000000000,8773.8752500000,0.2000000000,0.3000000000,0.4000000000,2.5000000000,0.8000000000,103,110,101,113,101,110
4989,neighbor,True,PASS_IMPLEMENTED_PROJECT_CHECKS,9801.9899520000,8773.8752500000,0.2000000000,0.3500000000,0.4000000000,3.0000000000,0.8000000000,104,113,100,110,103,111
4990,neighbor,True,PASS_IMPLEMENTED_PROJECT_CHECKS,9231.7447800000,8773.8752500000,0.2000000000,0.3500000000,0.3000000000,3.0000000000,0.9000000000,104,113,101,110,103,111
4991,neighbor,False,STEM_STRESS_OR_INTERVAL_BOUND,999999999.0000000000,8773.8752500000,0.2000000000,0.3000000000,0.3000000000,3.0000000000,1.0000000000,102,113,101,111,102,113
4992,neighbor,True,PASS_IMPLEMENTED_PROJECT_CHECKS,10620.4577800000,8773.8752500000,0.2500000000,0.4000000000,0.3000000000,3.0000000000,1.0000000000,103,111,101,111,104,111
4993,neighbor,False,ENVELOPE_BASE_CONTACT,999999999.0000000000,8773.8752500000,0.2250000000,0.2500000000,0.3500000000,2.5000000000,0.9000000000,102,113,104,112,104,110
4994,neighbor,False,STEM_STRESS_OR_INTERVAL_BOUND,999999999.0000000000,8773.8752500000,0.2250000000,0.3500000000,0.4500000000,3.0000000000,1.0000000000,101,111,104,111,102,113
4995,neighbor,False,ENVELOPE_BASE_CONTACT,999999999.0000000000,8773.8752500000,0.2000000000,0.3000000000,0.5500000000,2.5000000000,0.9000000000,103,113,102,113,104,110
4996,neighbor,False,MINIMUM_MAIN_STEEL,999999999.0000000000,8773.8752500000,0.2250000000,0.3500000000,0.5500000000,3.5000000000,0.8000000000,104,111,100,113,101,110
4997,neighbor,False,ENVELOPE_BASE_CONTACT,999999999.0000000000,8773.8752500000,0.2000000000,0.3000000000,0.3000000000,2.5000000000,1.0000000000,104,112,101,113,101,111
4998,neighbor,True,PASS_IMPLEMENTED_PROJECT_CHECKS,11537.8620120000,8773.8752500000,0.2250000000,0.4500000000,0.4000000000,3.5000000000,0.8000000000,104,113,103,111,104,112
4999,neighbor,True,PASS_IMPLEMENTED_PROJECT_CHECKS,11771.8868940000,8773.8752500000,0.2250000000,0.4500000000,0.5000000000,3.0000000000,1.0000000000,104,112,104,113,102,110
5000,neighbor,False,STEM_STRESS_OR_INTERVAL_BOUND,999999999.0000000000,8773.8752500000,0.2250000000,0.4500000000,0.3000000000,3.0000000000,1.0000000000,101,111,102,111,103,110
