evaluation,entry,valid,reason,cost,best_cost,tt,tb,TBase,Base,LToe,StemDB,StemSP,ToeDB,ToeSP,HeelDB,HeelSP
1,initial,False,WSD_CRITERIA_UNVERIFIED,999999999.0000000000,999999999.0000000000,0.6000000000,0.6000000000,0.7500000000,3.5000000000,1.0000000000,104,110,104,110,104,110
2,neighbor,False,WSD_CRITERIA_UNVERIFIED,999999999.0000000000,999999999.0000000000,0.5500000000,0.5500000000,0.7500000000,3.0000000000,1.0000000000,102,111,102,110,104,111
3,neighbor,False,WSD_CRITERIA_UNVERIFIED,999999999.0000000000,999999999.0000000000,0.5000000000,0.5000000000,0.7500000000,3.0000000000,1.0000000000,104,110,104,111,104,110
4,neighbor,False,WSD_CRITERIA_UNVERIFIED,999999999.0000000000,999999999.0000000000,0.6000000000,0.6000000000,0.7500000000,3.0000000000,0.8000000000,103,110,104,110,104,112
5,neighbor,False,WSD_CRITERIA_UNVERIFIED,999999999.0000000000,999999999.0000000000,0.5500000000,0.6000000000,0.7500000000,3.5000000000,0.8000000000,103,110,104,110,102,110
6,neighbor,False,WSD_CRITERIA_UNVERIFIED,999999999.0000000000,999999999.0000000000,0.6000000000,0.6000000000,0.7500000000,3.5000000000,1.0000000000,103,110,104,110,103,111
7,neighbor,False,WSD_CRITERIA_UNVERIFIED,999999999.0000000000,999999999.0000000000,0.5000000000,0.5000000000,0.5000000000,3.0000000000,0.9000000000,104,111,103,110,104,110
8,neighbor,False,WSD_CRITERIA_UNVERIFIED,999999999.0000000000,999999999.0000000000,0.5500000000,0.5500000000,0.7000000000,3.0000000000,1.0000000000,102,110,104,110,103,111
9,neighbor,False,WSD_CRITERIA_UNVERIFIED,999999999.0000000000,999999999.0000000000,0.5500000000,0.6000000000,0.7000000000,3.5000000000,1.0000000000,103,111,102,110,104,110
10,neighbor,False,WSD_CRITERIA_UNVERIFIED,999999999.0000000000,999999999.0000000000,0.5000000000,0.5000000000,0.5500000000,3.5000000000,1.0000000000,104,110,103,110,104,110
11,neighbor,False,WSD_CRITERIA_UNVERIFIED,999999999.0000000000,999999999.0000000000,0.5500000000,0.5500000000,0.7500000000,3.5000000000,1.0000000000,104,110,104,110,103,110
12,neighbor,False,WSD_CRITERIA_UNVERIFIED,999999999.0000000000,999999999.0000000000,0.5500000000,0.5500000000,0.5500000000,3.5000000000,0.9000000000,104,110,102,111,104,110
13,neighbor,False,WSD_CRITERIA_UNVERIFIED,999999999.0000000000,999999999.0000000000,0.5000000000,0.5000000000,0.6500000000,3.5000000000,0.8000000000,102,110,104,111,102,110
14,neighbor,False,WSD_CRITERIA_UNVERIFIED,999999999.0000000000,999999999.0000000000,0.6000000000,0.6000000000,0.7500000000,3.5000000000,0.9000000000,104,110,103,112,104,110
15,neighbor,False,WSD_CRITERIA_UNVERIFIED,999999999.0000000000,999999999.0000000000,0.5500000000,0.6000000000,0.7500000000,3.5000000000,1.0000000000,104,110,104,110,104,110
16,neighbor,False,WSD_CRITERIA_UNVERIFIED,999999999.0000000000,999999999.0000000000,0.5000000000,0.5000000000,0.6500000000,3.5000000000,0.8000000000,104,110,103,111,103,110
17,neighbor,False,WSD_CRITERIA_UNVERIFIED,999999999.0000000000,999999999.0000000000,0.6000000000,0.6000000000,0.7500000000,3.5000000000,0.9000000000,104,110,104,111,102,112
18,neighbor,False,WSD_CRITERIA_UNVERIFIED,999999999.0000000000,999999999.0000000000,0.6000000000,0.6000000000,0.5500000000,3.5000000000,0.9000000000,104,111,103,111,102,110
19,neighbor,False,WSD_CRITERIA_UNVERIFIED,999999999.0000000000,999999999.0000000000,0.5750000000,0.6000000000,0.6000000000,3.5000000000,0.9000000000,102,112,104,110,104,110
20,neighbor,False,WSD_CRITERIA_UNVERIFIED,999999999.0000000000,999999999.0000000000,0.5750000000,0.6000000000,0.7500000000,3.5000000000,1.0000000000,102,110,104,111,104,110
21,neighbor,False,WSD_CRITERIA_UNVERIFIED,999999999.0000000000,999999999.0000000000,0.5500000000,0.5500000000,0.5000000000,3.5000000000,1.0000000000,104,110,104,111,103,110
22,reset,False,WSD_CRITERIA_UNVERIFIED,999999999.0000000000,999999999.0000000000,0.4500000000,0.4500000000,0.6500000000,2.5000000000,1.0000000000,104,110,104,110,104,110
23,neighbor,False,WSD_CRITERIA_UNVERIFIED,999999999.0000000000,999999999.0000000000,0.3500000000,0.3500000000,0.7500000000,3.0000000000,0.8000000000,102,110,104,110,104,111
24,neighbor,False,WSD_CRITERIA_UNVERIFIED,999999999.0000000000,999999999.0000000000,0.4000000000,0.4000000000,0.7500000000,3.0000000000,1.0000000000,103,111,104,110,104,110
25,neighbor,False,WSD_CRITERIA_UNVERIFIED,999999999.0000000000,999999999.0000000000,0.5000000000,0.5500000000,0.5500000000,2.5000000000,0.9000000000,102,112,104,110,102,111
26,neighbor,False,WSD_CRITERIA_UNVERIFIED,999999999.0000000000,999999999.0000000000,0.4000000000,0.4000000000,0.7000000000,3.0000000000,1.0000000000,104,110,103,111,104,112
27,neighbor,False,WSD_CRITERIA_UNVERIFIED,999999999.0000000000,999999999.0000000000,0.3500000000,0.3500000000,0.6500000000,3.0000000000,1.0000000000,103,110,104,111,102,110
28,neighbor,False,WSD_CRITERIA_UNVERIFIED,999999999.0000000000,999999999.0000000000,0.4750000000,0.5500000000,0.4500000000,3.0000000000,1.0000000000,104,111,104,112,104,110
29,neighbor,False,WSD_CRITERIA_UNVERIFIED,999999999.0000000000,999999999.0000000000,0.4750000000,0.5000000000,0.7500000000,3.0000000000,1.0000000000,104,112,104,112,104,110
30,neighbor,False,WSD_CRITERIA_UNVERIFIED,999999999.0000000000,999999999.0000000000,0.3500000000,0.3500000000,0.7000000000,2.5000000000,0.9000000000,104,110,102,112,103,110
31,neighbor,False,WSD_CRITERIA_UNVERIFIED,999999999.0000000000,999999999.0000000000,0.4000000000,0.5500000000,0.5500000000,3.0000000000,0.9000000000,104,111,104,110,104,110
32,neighbor,False,WSD_CRITERIA_UNVERIFIED,999999999.0000000000,999999999.0000000000,0.4750000000,0.5000000000,0.7500000000,3.0000000000,1.0000000000,103,110,104,110,104,110
33,neighbor,False,WSD_CRITERIA_UNVERIFIED,999999999.0000000000,999999999.0000000000,0.3500000000,0.3500000000,0.4500000000,2.5000000000,1.0000000000,104,110,104,112,104,112
34,neighbor,False,WSD_CRITERIA_UNVERIFIED,999999999.0000000000,999999999.0000000000,0.4500000000,0.4500000000,0.5500000000,3.0000000000,1.0000000000,104,110,104,110,104,112
35,neighbor,False,WSD_CRITERIA_UNVERIFIED,999999999.0000000000,999999999.0000000000,0.4500000000,0.5000000000,0.7500000000,3.0000000000,1.0000000000,104,110,104,110,104,111
36,neighbor,False,WSD_CRITERIA_UNVERIFIED,999999999.0000000000,999999999.0000000000,0.4500000000,0.5000000000,0.6500000000,2.5000000000,0.9000000000,103,112,103,112,103,110
37,neighbor,False,WSD_CRITERIA_UNVERIFIED,999999999.0000000000,999999999.0000000000,0.4000000000,0.4000000000,0.7500000000,2.5000000000,0.9000000000,104,111,104,111,104,110
38,neighbor,False,INVALID_GEOMETRY_OR_INPUT,999999999.0000000000,999999999.0000000000,0.5000000000,0.5000000000,0.6000000000,2.5000000000,1.0000000000,104,110,104,110,104,110
39,neighbor,False,INVALID_GEOMETRY_OR_INPUT,999999999.0000000000,999999999.0000000000,0.4250000000,0.5000000000,0.5500000000,2.5000000000,1.0000000000,103,110,104,110,104,110
40,neighbor,False,WSD_CRITERIA_UNVERIFIED,999999999.0000000000,999999999.0000000000,0.4500000000,0.4500000000,0.4000000000,2.5000000000,1.0000000000,104,110,102,112,103,111
41,neighbor,False,WSD_CRITERIA_UNVERIFIED,999999999.0000000000,999999999.0000000000,0.4500000000,0.4500000000,0.5500000000,3.0000000000,1.0000000000,103,111,104,110,103,110
42,neighbor,False,WSD_CRITERIA_UNVERIFIED,999999999.0000000000,999999999.0000000000,0.4750000000,0.5500000000,0.5500000000,2.5000000000,0.9000000000,104,110,104,110,104,110
43,neighbor,False,WSD_CRITERIA_UNVERIFIED,999999999.0000000000,999999999.0000000000,0.4000000000,0.4000000000,0.7500000000,3.0000000000,1.0000000000,103,111,104,110,104,112
44,neighbor,False,WSD_CRITERIA_UNVERIFIED,999999999.0000000000,999999999.0000000000,0.4500000000,0.4500000000,0.7500000000,2.5000000000,1.0000000000,104,110,103,110,104,111
45,neighbor,False,WSD_CRITERIA_UNVERIFIED,999999999.0000000000,999999999.0000000000,0.3500000000,0.3500000000,0.7500000000,2.5000000000,0.9000000000,102,110,104,112,104,112
46,neighbor,False,WSD_CRITERIA_UNVERIFIED,999999999.0000000000,999999999.0000000000,0.3500000000,0.3500000000,0.6000000000,3.0000000000,1.0000000000,104,110,104,111,102,111
47,neighbor,False,WSD_CRITERIA_UNVERIFIED,999999999.0000000000,999999999.0000000000,0.5000000000,0.5000000000,0.4000000000,2.5000000000,0.8000000000,102,110,104,110,104,110
48,neighbor,False,WSD_CRITERIA_UNVERIFIED,999999999.0000000000,999999999.0000000000,0.4500000000,0.4500000000,0.5000000000,3.0000000000,0.9000000000,104,110,104,110,103,110
49,neighbor,False,WSD_CRITERIA_UNVERIFIED,999999999.0000000000,999999999.0000000000,0.4500000000,0.4500000000,0.4500000000,3.0000000000,1.0000000000,104,110,104,112,104,112
50,neighbor,False,WSD_CRITERIA_UNVERIFIED,999999999.0000000000,999999999.0000000000,0.4500000000,0.4500000000,0.7500000000,3.0000000000,1.0000000000,104,110,103,110,102,112
51,neighbor,False,INVALID_GEOMETRY_OR_INPUT,999999999.0000000000,999999999.0000000000,0.5000000000,0.5500000000,0.5500000000,2.5000000000,1.0000000000,103,112,104,110,104,110
52,neighbor,False,WSD_CRITERIA_UNVERIFIED,999999999.0000000000,999999999.0000000000,0.4000000000,0.5000000000,0.7500000000,2.5000000000,0.9000000000,104,110,104,111,104,110
53,neighbor,False,INVALID_GEOMETRY_OR_INPUT,999999999.0000000000,999999999.0000000000,0.5000000000,0.5000000000,0.7000000000,2.5000000000,1.0000000000,103,112,104,111,104,112
54,neighbor,False,WSD_CRITERIA_UNVERIFIED,999999999.0000000000,999999999.0000000000,0.3500000000,0.3500000000,0.7500000000,2.5000000000,1.0000000000,104,112,102,110,104,110
55,neighbor,False,WSD_CRITERIA_UNVERIFIED,999999999.0000000000,999999999.0000000000,0.4750000000,0.5000000000,0.4500000000,2.5000000000,0.9000000000,104,110,103,110,104,112
56,neighbor,False,WSD_CRITERIA_UNVERIFIED,999999999.0000000000,999999999.0000000000,0.3500000000,0.3500000000,0.5000000000,3.0000000000,1.0000000000,104,110,104,110,104,110
57,neighbor,False,INVALID_GEOMETRY_OR_INPUT,999999999.0000000000,999999999.0000000000,0.5000000000,0.5000000000,0.7500000000,2.5000000000,1.0000000000,102,110,104,110,104,111
58,neighbor,False,WSD_CRITERIA_UNVERIFIED,999999999.0000000000,999999999.0000000000,0.4000000000,0.4000000000,0.7000000000,2.5000000000,1.0000000000,104,111,104,111,104,110
59,neighbor,False,WSD_CRITERIA_UNVERIFIED,999999999.0000000000,999999999.0000000000,0.4000000000,0.4000000000,0.7500000000,3.0000000000,0.8000000000,102,110,104,111,104,110
60,neighbor,False,WSD_CRITERIA_UNVERIFIED,999999999.0000000000,999999999.0000000000,0.4250000000,0.5000000000,0.5000000000,3.0000000000,1.0000000000,102,110,103,112,102,112
61,neighbor,False,WSD_CRITERIA_UNVERIFIED,999999999.0000000000,999999999.0000000000,0.3500000000,0.3500000000,0.4000000000,3.0000000000,1.0000000000,104,110,104,112,103,110
62,neighbor,False,WSD_CRITERIA_UNVERIFIED,999999999.0000000000,999999999.0000000000,0.4500000000,0.4500000000,0.7500000000,2.5000000000,1.0000000000,104,110,103,110,104,112
63,reset,False,WSD_CRITERIA_UNVERIFIED,999999999.0000000000,999999999.0000000000,0.3500000000,0.3500000000,0.7000000000,2.5000000000,1.0000000000,104,110,104,110,104,110
64,neighbor,False,WSD_CRITERIA_UNVERIFIED,999999999.0000000000,999999999.0000000000,0.3500000000,0.3500000000,0.7500000000,2.5000000000,0.8000000000,102,111,103,110,104,110
65,neighbor,False,WSD_CRITERIA_UNVERIFIED,999999999.0000000000,999999999.0000000000,0.3000000000,0.3000000000,0.7500000000,2.5000000000,1.0000000000,104,111,103,110,104,112
66,neighbor,False,WSD_CRITERIA_UNVERIFIED,999999999.0000000000,999999999.0000000000,0.3000000000,0.3000000000,0.7500000000,3.0000000000,1.0000000000,102,110,104,111,104,110
67,neighbor,False,WSD_CRITERIA_UNVERIFIED,999999999.0000000000,999999999.0000000000,0.3000000000,0.3500000000,0.7500000000,2.5000000000,0.8000000000,104,112,104,110,103,110
68,neighbor,False,WSD_CRITERIA_UNVERIFIED,999999999.0000000000,999999999.0000000000,0.3000000000,0.3000000000,0.7500000000,2.5000000000,1.0000000000,104,110,103,110,104,110
69,neighbor,False,WSD_CRITERIA_UNVERIFIED,999999999.0000000000,999999999.0000000000,0.3000000000,0.4000000000,0.4500000000,2.5000000000,0.9000000000,103,110,104,110,102,110
70,neighbor,False,WSD_CRITERIA_UNVERIFIED,999999999.0000000000,999999999.0000000000,0.3000000000,0.3000000000,0.7500000000,3.0000000000,1.0000000000,104,110,104,110,104,110
71,neighbor,False,WSD_CRITERIA_UNVERIFIED,999999999.0000000000,999999999.0000000000,0.3500000000,0.3500000000,0.7000000000,2.5000000000,1.0000000000,104,110,104,111,104,110
72,neighbor,False,CONCRETE_OR_STEEL_STRESS,999999999.0000000000,999999999.0000000000,0.2500000000,0.2500000000,0.5500000000,2.5000000000,1.0000000000,103,110,104,112,104,110
73,neighbor,False,WSD_CRITERIA_UNVERIFIED,999999999.0000000000,999999999.0000000000,0.4000000000,0.4000000000,0.7000000000,3.0000000000,1.0000000000,104,110,104,110,102,112
74,neighbor,False,CONCRETE_OR_STEEL_STRESS,999999999.0000000000,999999999.0000000000,0.2500000000,0.2500000000,0.6500000000,2.5000000000,1.0000000000,102,112,104,112,104,110
75,neighbor,False,WSD_CRITERIA_UNVERIFIED,999999999.0000000000,999999999.0000000000,0.3000000000,0.3000000000,0.5500000000,2.5000000000,1.0000000000,104,110,102,110,104,110
76,neighbor,False,WSD_CRITERIA_UNVERIFIED,999999999.0000000000,999999999.0000000000,0.3250000000,0.3500000000,0.7000000000,2.5000000000,0.9000000000,104,111,103,110,104,110
77,neighbor,False,WSD_CRITERIA_UNVERIFIED,999999999.0000000000,999999999.0000000000,0.4000000000,0.4000000000,0.7500000000,2.5000000000,1.0000000000,102,110,104,110,104,112
78,neighbor,False,WSD_CRITERIA_UNVERIFIED,999999999.0000000000,999999999.0000000000,0.3750000000,0.4500000000,0.7500000000,2.5000000000,1.0000000000,103,110,103,110,104,110
79,neighbor,False,CONCRETE_OR_STEEL_STRESS,999999999.0000000000,999999999.0000000000,0.2500000000,0.2500000000,0.5500000000,2.5000000000,0.8000000000,102,111,103,110,104,112
80,neighbor,False,WSD_CRITERIA_UNVERIFIED,999999999.0000000000,999999999.0000000000,0.3750000000,0.4000000000,0.7500000000,3.0000000000,1.0000000000,104,111,103,110,103,112
81,neighbor,False,WSD_CRITERIA_UNVERIFIED,999999999.0000000000,999999999.0000000000,0.3000000000,0.3000000000,0.5500000000,3.0000000000,0.8000000000,104,111,103,111,104,110
82,neighbor,False,WSD_CRITERIA_UNVERIFIED,999999999.0000000000,999999999.0000000000,0.3250000000,0.3500000000,0.7000000000,2.5000000000,1.0000000000,103,110,104,110,103,112
83,neighbor,False,WSD_CRITERIA_UNVERIFIED,999999999.0000000000,999999999.0000000000,0.2500000000,0.2500000000,0.7500000000,3.0000000000,1.0000000000,104,110,103,110,104,110
84,neighbor,False,WSD_CRITERIA_UNVERIFIED,999999999.0000000000,999999999.0000000000,0.3750000000,0.4500000000,0.7500000000,2.5000000000,1.0000000000,102,110,102,110,103,110
85,neighbor,False,CONCRETE_OR_STEEL_STRESS,999999999.0000000000,999999999.0000000000,0.2500000000,0.2500000000,0.5000000000,2.5000000000,1.0000000000,102,112,104,112,104,110
86,neighbor,False,WSD_CRITERIA_UNVERIFIED,999999999.0000000000,999999999.0000000000,0.3500000000,0.4000000000,0.7500000000,3.0000000000,1.0000000000,104,111,103,111,104,110
87,neighbor,False,CONCRETE_OR_STEEL_STRESS,999999999.0000000000,999999999.0000000000,0.2500000000,0.2500000000,0.5000000000,2.5000000000,0.9000000000,102,110,104,110,104,110
88,neighbor,False,WSD_CRITERIA_UNVERIFIED,999999999.0000000000,999999999.0000000000,0.3000000000,0.3000000000,0.5000000000,2.5000000000,1.0000000000,103,110,104,110,103,110
89,neighbor,False,WSD_CRITERIA_UNVERIFIED,999999999.0000000000,999999999.0000000000,0.3750000000,0.4000000000,0.7500000000,3.0000000000,1.0000000000,104,110,104,110,104,112
90,neighbor,False,WSD_CRITERIA_UNVERIFIED,999999999.0000000000,999999999.0000000000,0.3500000000,0.3500000000,0.6000000000,2.5000000000,1.0000000000,104,110,104,110,104,110
91,neighbor,False,WSD_CRITERIA_UNVERIFIED,999999999.0000000000,999999999.0000000000,0.3250000000,0.3500000000,0.7500000000,2.5000000000,1.0000000000,103,112,104,110,104,110
92,neighbor,False,CONCRETE_OR_STEEL_STRESS,999999999.0000000000,999999999.0000000000,0.2500000000,0.2500000000,0.7500000000,2.5000000000,1.0000000000,104,112,104,112,103,110
93,neighbor,False,WSD_CRITERIA_UNVERIFIED,999999999.0000000000,999999999.0000000000,0.3000000000,0.3500000000,0.7500000000,2.5000000000,1.0000000000,102,110,103,112,104,111
94,neighbor,False,CONCRETE_OR_STEEL_STRESS,999999999.0000000000,999999999.0000000000,0.3250000000,0.4500000000,0.4500000000,3.0000000000,1.0000000000,102,112,103,111,104,111
95,neighbor,False,WSD_CRITERIA_UNVERIFIED,999999999.0000000000,999999999.0000000000,0.3500000000,0.3500000000,0.7500000000,2.5000000000,1.0000000000,104,110,103,110,103,110
96,neighbor,False,WSD_CRITERIA_UNVERIFIED,999999999.0000000000,999999999.0000000000,0.3000000000,0.3000000000,0.7000000000,2.5000000000,0.9000000000,104,110,104,110,104,110
97,neighbor,False,WSD_CRITERIA_UNVERIFIED,999999999.0000000000,999999999.0000000000,0.3000000000,0.4500000000,0.7000000000,3.0000000000,0.9000000000,104,112,102,112,104,110
98,neighbor,False,WSD_CRITERIA_UNVERIFIED,999999999.0000000000,999999999.0000000000,0.3000000000,0.4500000000,0.5000000000,3.0000000000,0.8000000000,104,110,104,110,104,110
99,neighbor,False,WSD_CRITERIA_UNVERIFIED,999999999.0000000000,999999999.0000000000,0.3750000000,0.4000000000,0.5500000000,2.5000000000,0.9000000000,103,112,102,110,104,112
100,neighbor,False,WSD_CRITERIA_UNVERIFIED,999999999.0000000000,999999999.0000000000,0.3000000000,0.3000000000,0.6000000000,3.0000000000,1.0000000000,104,112,104,111,104,112
101,neighbor,False,WSD_CRITERIA_UNVERIFIED,999999999.0000000000,999999999.0000000000,0.3250000000,0.3500000000,0.4500000000,2.5000000000,1.0000000000,102,110,103,112,104,110
102,neighbor,False,CONCRETE_OR_STEEL_STRESS,999999999.0000000000,999999999.0000000000,0.2500000000,0.2500000000,0.4500000000,2.5000000000,0.9000000000,104,110,104,112,102,112
103,neighbor,False,WSD_CRITERIA_UNVERIFIED,999999999.0000000000,999999999.0000000000,0.4000000000,0.4500000000,0.5000000000,3.0000000000,0.8000000000,103,110,104,110,104,111
104,neighbor,False,WSD_CRITERIA_UNVERIFIED,999999999.0000000000,999999999.0000000000,0.3250000000,0.4500000000,0.7000000000,2.5000000000,1.0000000000,102,110,104,110,104,110
105,neighbor,False,WSD_CRITERIA_UNVERIFIED,999999999.0000000000,999999999.0000000000,0.3250000000,0.4000000000,0.4500000000,2.5000000000,1.0000000000,104,111,103,111,104,110
106,neighbor,False,CONCRETE_OR_STEEL_STRESS,999999999.0000000000,999999999.0000000000,0.2500000000,0.2500000000,0.4500000000,2.5000000000,1.0000000000,104,110,102,110,102,110
107,neighbor,False,WSD_CRITERIA_UNVERIFIED,999999999.0000000000,999999999.0000000000,0.3500000000,0.3500000000,0.7500000000,2.5000000000,1.0000000000,104,110,104,112,103,110
108,neighbor,False,WSD_CRITERIA_UNVERIFIED,999999999.0000000000,999999999.0000000000,0.3500000000,0.4500000000,0.7500000000,2.5000000000,1.0000000000,104,110,104,110,104,110
109,neighbor,False,CONCRETE_OR_STEEL_STRESS,999999999.0000000000,999999999.0000000000,0.2500000000,0.2500000000,0.6500000000,2.5000000000,1.0000000000,102,110,104,110,104,110
110,neighbor,False,WSD_CRITERIA_UNVERIFIED,999999999.0000000000,999999999.0000000000,0.3000000000,0.3500000000,0.7500000000,2.5000000000,0.9000000000,103,112,102,110,103,111
111,neighbor,False,WSD_CRITERIA_UNVERIFIED,999999999.0000000000,999999999.0000000000,0.3250000000,0.3500000000,0.7500000000,3.0000000000,0.9000000000,104,110,104,110,103,111
112,neighbor,False,WSD_CRITERIA_UNVERIFIED,999999999.0000000000,999999999.0000000000,0.2500000000,0.2500000000,0.7500000000,3.0000000000,0.9000000000,104,110,103,111,102,112
113,neighbor,False,WSD_CRITERIA_UNVERIFIED,999999999.0000000000,999999999.0000000000,0.3000000000,0.4500000000,0.7500000000,2.5000000000,0.8000000000,104,110,104,110,102,111
114,neighbor,False,WSD_CRITERIA_UNVERIFIED,999999999.0000000000,999999999.0000000000,0.3500000000,0.3500000000,0.5500000000,3.0000000000,1.0000000000,103,110,102,110,102,112
115,neighbor,False,WSD_CRITERIA_UNVERIFIED,999999999.0000000000,999999999.0000000000,0.3000000000,0.4500000000,0.4500000000,2.5000000000,1.0000000000,104,110,104,112,104,110
116,neighbor,False,CONCRETE_OR_STEEL_STRESS,999999999.0000000000,999999999.0000000000,0.2500000000,0.2500000000,0.5500000000,3.0000000000,1.0000000000,104,111,102,110,104,111
117,neighbor,False,WSD_CRITERIA_UNVERIFIED,999999999.0000000000,999999999.0000000000,0.4000000000,0.4000000000,0.7500000000,3.0000000000,1.0000000000,104,111,102,111,102,110
118,neighbor,False,WSD_CRITERIA_UNVERIFIED,999999999.0000000000,999999999.0000000000,0.3750000000,0.4000000000,0.7500000000,2.5000000000,0.8000000000,104,112,104,110,102,111
119,neighbor,False,CONCRETE_OR_STEEL_STRESS,999999999.0000000000,999999999.0000000000,0.2500000000,0.2500000000,0.5000000000,3.0000000000,1.0000000000,104,110,104,112,104,110
120,neighbor,False,WSD_CRITERIA_UNVERIFIED,999999999.0000000000,999999999.0000000000,0.3500000000,0.3500000000,0.7000000000,2.5000000000,1.0000000000,104,110,102,110,104,110
121,neighbor,False,CONCRETE_OR_STEEL_STRESS,999999999.0000000000,999999999.0000000000,0.2500000000,0.2500000000,0.7500000000,3.0000000000,0.8000000000,102,112,104,110,102,111
122,neighbor,False,WSD_CRITERIA_UNVERIFIED,999999999.0000000000,999999999.0000000000,0.3000000000,0.3000000000,0.6000000000,2.5000000000,0.8000000000,104,110,104,110,102,111
123,neighbor,False,WSD_CRITERIA_UNVERIFIED,999999999.0000000000,999999999.0000000000,0.3500000000,0.4500000000,0.5500000000,3.0000000000,1.0000000000,104,111,103,110,104,110
124,reset,False,WSD_CRITERIA_UNVERIFIED,999999999.0000000000,999999999.0000000000,0.3500000000,0.4000000000,0.3500000000,3.5000000000,1.0000000000,104,110,104,110,104,110
125,neighbor,False,WSD_CRITERIA_UNVERIFIED,999999999.0000000000,999999999.0000000000,0.3500000000,0.3500000000,0.3000000000,3.5000000000,0.9000000000,104,110,104,110,104,110
126,neighbor,False,WSD_CRITERIA_UNVERIFIED,999999999.0000000000,999999999.0000000000,0.3500000000,0.4500000000,0.3500000000,3.0000000000,1.0000000000,103,112,103,112,103,112
127,neighbor,False,WSD_CRITERIA_UNVERIFIED,999999999.0000000000,999999999.0000000000,0.3250000000,0.5000000000,0.3000000000,3.5000000000,0.8000000000,104,112,104,112,104,111
128,neighbor,False,WSD_CRITERIA_UNVERIFIED,999999999.0000000000,999999999.0000000000,0.3500000000,0.4000000000,0.4000000000,3.0000000000,1.0000000000,103,110,104,110,104,110
129,neighbor,False,WSD_CRITERIA_UNVERIFIED,999999999.0000000000,999999999.0000000000,0.3500000000,0.5000000000,0.4000000000,3.0000000000,1.0000000000,103,110,104,110,102,110
130,neighbor,False,WSD_CRITERIA_UNVERIFIED,999999999.0000000000,999999999.0000000000,0.3500000000,0.4500000000,0.3000000000,3.5000000000,0.8000000000,103,110,103,110,104,110
131,neighbor,False,CONCRETE_OR_STEEL_STRESS,999999999.0000000000,999999999.0000000000,0.3500000000,0.4500000000,0.3000000000,3.5000000000,1.0000000000,104,110,104,110,102,112
132,neighbor,False,WSD_CRITERIA_UNVERIFIED,999999999.0000000000,999999999.0000000000,0.3500000000,0.3500000000,0.3500000000,3.0000000000,0.8000000000,102,110,104,111,104,110
133,neighbor,False,WSD_CRITERIA_UNVERIFIED,999999999.0000000000,999999999.0000000000,0.3250000000,0.4000000000,0.3500000000,3.5000000000,1.0000000000,103,110,103,110,104,112
134,neighbor,False,WSD_CRITERIA_UNVERIFIED,999999999.0000000000,999999999.0000000000,0.3000000000,0.4500000000,0.4500000000,3.5000000000,1.0000000000,104,110,103,112,103,111
135,neighbor,False,WSD_CRITERIA_UNVERIFIED,999999999.0000000000,999999999.0000000000,0.3250000000,0.4000000000,0.4500000000,3.5000000000,1.0000000000,103,111,104,110,102,112
136,neighbor,False,WSD_CRITERIA_UNVERIFIED,999999999.0000000000,999999999.0000000000,0.3500000000,0.4000000000,0.4000000000,3.0000000000,0.9000000000,104,112,103,112,102,110
137,neighbor,False,WSD_CRITERIA_UNVERIFIED,999999999.0000000000,999999999.0000000000,0.3750000000,0.4000000000,0.5000000000,3.0000000000,0.9000000000,102,110,104,110,104,112
138,neighbor,False,WSD_CRITERIA_UNVERIFIED,999999999.0000000000,999999999.0000000000,0.3500000000,0.3500000000,0.3000000000,3.5000000000,0.9000000000,104,110,104,110,103,112
139,neighbor,False,WSD_CRITERIA_UNVERIFIED,999999999.0000000000,999999999.0000000000,0.3000000000,0.3000000000,0.6000000000,3.0000000000,0.8000000000,104,110,103,111,102,112
140,neighbor,False,WSD_CRITERIA_UNVERIFIED,999999999.0000000000,999999999.0000000000,0.3750000000,0.4500000000,0.6000000000,3.5000000000,0.9000000000,104,111,102,111,103,110
141,neighbor,False,WSD_CRITERIA_UNVERIFIED,999999999.0000000000,999999999.0000000000,0.3500000000,0.3500000000,0.3000000000,3.5000000000,1.0000000000,104,112,102,110,104,110
142,neighbor,False,WSD_CRITERIA_UNVERIFIED,999999999.0000000000,999999999.0000000000,0.3750000000,0.4500000000,0.4500000000,3.5000000000,1.0000000000,103,110,104,111,104,111
143,neighbor,False,WSD_CRITERIA_UNVERIFIED,999999999.0000000000,999999999.0000000000,0.3000000000,0.3000000000,0.3000000000,3.0000000000,1.0000000000,102,110,103,110,104,110
144,neighbor,False,WSD_CRITERIA_UNVERIFIED,999999999.0000000000,999999999.0000000000,0.3750000000,0.5000000000,0.3000000000,3.0000000000,0.9000000000,104,111,103,110,102,112
145,neighbor,False,WSD_CRITERIA_UNVERIFIED,999999999.0000000000,999999999.0000000000,0.3000000000,0.4000000000,0.6000000000,3.0000000000,0.9000000000,103,112,102,111,104,110
146,neighbor,False,WSD_CRITERIA_UNVERIFIED,999999999.0000000000,999999999.0000000000,0.3000000000,0.3000000000,0.3000000000,3.5000000000,0.9000000000,104,110,104,110,102,111
147,neighbor,False,WSD_CRITERIA_UNVERIFIED,999999999.0000000000,999999999.0000000000,0.4000000000,0.5000000000,0.3000000000,3.5000000000,1.0000000000,102,112,104,112,104,111
148,neighbor,False,WSD_CRITERIA_UNVERIFIED,999999999.0000000000,999999999.0000000000,0.3500000000,0.3500000000,0.3000000000,3.5000000000,1.0000000000,102,110,104,110,104,111
149,neighbor,False,WSD_CRITERIA_UNVERIFIED,999999999.0000000000,999999999.0000000000,0.3000000000,0.3500000000,0.4500000000,3.0000000000,0.8000000000,104,111,104,110,104,112
150,neighbor,False,WSD_CRITERIA_UNVERIFIED,999999999.0000000000,999999999.0000000000,0.3500000000,0.3500000000,0.3000000000,3.5000000000,1.0000000000,104,110,103,110,104,112
151,neighbor,False,WSD_CRITERIA_UNVERIFIED,999999999.0000000000,999999999.0000000000,0.4000000000,0.4000000000,0.3000000000,3.5000000000,0.9000000000,102,110,104,110,104,111
152,neighbor,False,WSD_CRITERIA_UNVERIFIED,999999999.0000000000,999999999.0000000000,0.3000000000,0.3500000000,0.3000000000,3.5000000000,1.0000000000,102,110,103,112,104,110
153,neighbor,False,WSD_CRITERIA_UNVERIFIED,999999999.0000000000,999999999.0000000000,0.3250000000,0.3500000000,0.4500000000,3.0000000000,0.8000000000,104,110,103,110,102,110
154,neighbor,False,WSD_CRITERIA_UNVERIFIED,999999999.0000000000,999999999.0000000000,0.3500000000,0.4000000000,0.5500000000,3.5000000000,0.8000000000,104,111,104,112,104,112
155,neighbor,False,WSD_CRITERIA_UNVERIFIED,999999999.0000000000,999999999.0000000000,0.3500000000,0.3500000000,0.5000000000,3.5000000000,1.0000000000,103,111,103,111,104,110
156,neighbor,False,WSD_CRITERIA_UNVERIFIED,999999999.0000000000,999999999.0000000000,0.3500000000,0.5000000000,0.3000000000,3.0000000000,1.0000000000,103,110,104,111,103,110
157,neighbor,False,WSD_CRITERIA_UNVERIFIED,999999999.0000000000,999999999.0000000000,0.3000000000,0.5000000000,0.4500000000,3.5000000000,0.8000000000,102,110,104,111,104,110
158,neighbor,False,WSD_CRITERIA_UNVERIFIED,999999999.0000000000,999999999.0000000000,0.3000000000,0.3000000000,0.3500000000,3.5000000000,1.0000000000,103,110,104,110,104,112
159,neighbor,False,WSD_CRITERIA_UNVERIFIED,999999999.0000000000,999999999.0000000000,0.3500000000,0.3500000000,0.3000000000,3.0000000000,1.0000000000,104,111,104,110,104,112
160,neighbor,False,WSD_CRITERIA_UNVERIFIED,999999999.0000000000,999999999.0000000000,0.3250000000,0.4000000000,0.4000000000,3.5000000000,0.8000000000,104,110,104,110,104,110
161,neighbor,False,WSD_CRITERIA_UNVERIFIED,999999999.0000000000,999999999.0000000000,0.4000000000,0.4500000000,0.3000000000,3.0000000000,0.8000000000,104,110,104,110,103,110
162,neighbor,False,WSD_CRITERIA_UNVERIFIED,999999999.0000000000,999999999.0000000000,0.3750000000,0.4500000000,0.4500000000,3.5000000000,0.8000000000,102,110,103,112,104,110
163,neighbor,False,WSD_CRITERIA_UNVERIFIED,999999999.0000000000,999999999.0000000000,0.3750000000,0.4500000000,0.3000000000,3.0000000000,1.0000000000,103,111,104,111,104,110
164,neighbor,False,WSD_CRITERIA_UNVERIFIED,999999999.0000000000,999999999.0000000000,0.3000000000,0.3000000000,0.3000000000,3.0000000000,0.9000000000,102,110,102,112,104,111
165,neighbor,False,WSD_CRITERIA_UNVERIFIED,999999999.0000000000,999999999.0000000000,0.3000000000,0.3000000000,0.3000000000,3.0000000000,1.0000000000,104,110,104,111,104,111
166,neighbor,False,WSD_CRITERIA_UNVERIFIED,999999999.0000000000,999999999.0000000000,0.3500000000,0.3500000000,0.3000000000,3.0000000000,1.0000000000,102,110,102,110,104,111
167,neighbor,False,CONCRETE_OR_STEEL_STRESS,999999999.0000000000,999999999.0000000000,0.3500000000,0.3500000000,0.5000000000,3.5000000000,1.0000000000,102,111,104,111,104,111
168,neighbor,False,WSD_CRITERIA_UNVERIFIED,999999999.0000000000,999999999.0000000000,0.3000000000,0.5000000000,0.4000000000,3.5000000000,0.9000000000,103,111,102,112,102,112
169,neighbor,False,WSD_CRITERIA_UNVERIFIED,999999999.0000000000,999999999.0000000000,0.3750000000,0.5000000000,0.5500000000,3.5000000000,0.9000000000,104,110,104,110,104,110
170,neighbor,False,WSD_CRITERIA_UNVERIFIED,999999999.0000000000,999999999.0000000000,0.3500000000,0.4500000000,0.5500000000,3.5000000000,0.8000000000,104,110,104,112,103,111
171,neighbor,False,WSD_CRITERIA_UNVERIFIED,999999999.0000000000,999999999.0000000000,0.3750000000,0.5000000000,0.3000000000,3.5000000000,1.0000000000,104,110,104,111,102,110
172,neighbor,False,WSD_CRITERIA_UNVERIFIED,999999999.0000000000,999999999.0000000000,0.3250000000,0.3500000000,0.3000000000,3.5000000000,0.8000000000,104,110,102,110,104,112
173,neighbor,False,WSD_CRITERIA_UNVERIFIED,999999999.0000000000,999999999.0000000000,0.3500000000,0.4500000000,0.5500000000,3.0000000000,0.9000000000,103,110,103,110,104,110
174,neighbor,False,WSD_CRITERIA_UNVERIFIED,999999999.0000000000,999999999.0000000000,0.3250000000,0.3500000000,0.5500000000,3.5000000000,0.8000000000,103,110,103,112,104,111
175,neighbor,False,WSD_CRITERIA_UNVERIFIED,999999999.0000000000,999999999.0000000000,0.3000000000,0.3500000000,0.4500000000,3.5000000000,0.8000000000,103,110,103,111,104,110
176,neighbor,False,WSD_CRITERIA_UNVERIFIED,999999999.0000000000,999999999.0000000000,0.3500000000,0.5000000000,0.3500000000,3.0000000000,0.9000000000,104,110,104,110,104,110
177,neighbor,False,WSD_CRITERIA_UNVERIFIED,999999999.0000000000,999999999.0000000000,0.3000000000,0.3000000000,0.3000000000,3.5000000000,1.0000000000,104,111,104,110,104,112
178,neighbor,False,CONCRETE_OR_STEEL_STRESS,999999999.0000000000,999999999.0000000000,0.3000000000,0.3000000000,0.3000000000,3.5000000000,0.8000000000,102,110,102,110,102,111
179,neighbor,False,WSD_CRITERIA_UNVERIFIED,999999999.0000000000,999999999.0000000000,0.3000000000,0.4500000000,0.3000000000,3.5000000000,1.0000000000,104,110,104,111,104,110
180,neighbor,False,WSD_CRITERIA_UNVERIFIED,999999999.0000000000,999999999.0000000000,0.4000000000,0.5000000000,0.3000000000,3.5000000000,0.8000000000,104,110,103,112,104,110
181,neighbor,False,WSD_CRITERIA_UNVERIFIED,999999999.0000000000,999999999.0000000000,0.3000000000,0.3000000000,0.5500000000,3.5000000000,0.8000000000,103,110,104,110,104,110
182,neighbor,False,WSD_CRITERIA_UNVERIFIED,999999999.0000000000,999999999.0000000000,0.3750000000,0.5000000000,0.5000000000,3.5000000000,1.0000000000,103,111,104,110,103,111
183,neighbor,False,WSD_CRITERIA_UNVERIFIED,999999999.0000000000,999999999.0000000000,0.3500000000,0.3500000000,0.3000000000,3.5000000000,0.9000000000,104,110,104,110,104,112
184,neighbor,False,WSD_CRITERIA_UNVERIFIED,999999999.0000000000,999999999.0000000000,0.3000000000,0.3000000000,0.3000000000,3.5000000000,0.9000000000,102,110,104,110,102,110
185,neighbor,False,WSD_CRITERIA_UNVERIFIED,999999999.0000000000,999999999.0000000000,0.3000000000,0.3000000000,0.3000000000,3.0000000000,1.0000000000,103,111,104,111,102,110
186,neighbor,False,WSD_CRITERIA_UNVERIFIED,999999999.0000000000,999999999.0000000000,0.3000000000,0.3000000000,0.3500000000,3.5000000000,1.0000000000,104,111,102,110,103,112
187,neighbor,False,WSD_CRITERIA_UNVERIFIED,999999999.0000000000,999999999.0000000000,0.3250000000,0.5000000000,0.6000000000,3.5000000000,1.0000000000,104,112,104,112,104,112
188,neighbor,False,WSD_CRITERIA_UNVERIFIED,999999999.0000000000,999999999.0000000000,0.3750000000,0.5000000000,0.3000000000,3.0000000000,1.0000000000,104,110,104,111,104,110
189,neighbor,False,WSD_CRITERIA_UNVERIFIED,999999999.0000000000,999999999.0000000000,0.4000000000,0.4000000000,0.5500000000,3.0000000000,0.9000000000,103,110,104,110,104,111
190,neighbor,False,WSD_CRITERIA_UNVERIFIED,999999999.0000000000,999999999.0000000000,0.3500000000,0.3500000000,0.3000000000,3.5000000000,0.9000000000,104,110,104,110,104,110
191,neighbor,False,WSD_CRITERIA_UNVERIFIED,999999999.0000000000,999999999.0000000000,0.3000000000,0.3000000000,0.3000000000,3.5000000000,0.9000000000,103,110,104,110,103,111
192,neighbor,False,WSD_CRITERIA_UNVERIFIED,999999999.0000000000,999999999.0000000000,0.3750000000,0.4500000000,0.6000000000,3.5000000000,1.0000000000,102,110,104,112,104,110
193,neighbor,False,WSD_CRITERIA_UNVERIFIED,999999999.0000000000,999999999.0000000000,0.3750000000,0.5000000000,0.3000000000,3.5000000000,0.8000000000,103,110,104,110,104,111
194,neighbor,False,WSD_CRITERIA_UNVERIFIED,999999999.0000000000,999999999.0000000000,0.3500000000,0.3500000000,0.4000000000,3.5000000000,1.0000000000,104,111,104,110,104,110
195,neighbor,False,WSD_CRITERIA_UNVERIFIED,999999999.0000000000,999999999.0000000000,0.3750000000,0.4500000000,0.3000000000,3.0000000000,1.0000000000,104,112,104,110,104,110
196,neighbor,False,WSD_CRITERIA_UNVERIFIED,999999999.0000000000,999999999.0000000000,0.4000000000,0.5000000000,0.5500000000,3.5000000000,1.0000000000,104,110,104,112,104,111
197,neighbor,False,WSD_CRITERIA_UNVERIFIED,999999999.0000000000,999999999.0000000000,0.3250000000,0.4500000000,0.3500000000,3.0000000000,0.9000000000,104,110,104,112,104,110
198,neighbor,False,WSD_CRITERIA_UNVERIFIED,999999999.0000000000,999999999.0000000000,0.3000000000,0.3000000000,0.3000000000,3.0000000000,1.0000000000,104,110,103,111,104,111
199,neighbor,False,WSD_CRITERIA_UNVERIFIED,999999999.0000000000,999999999.0000000000,0.3000000000,0.3000000000,0.3000000000,3.5000000000,0.9000000000,102,110,103,112,104,112
200,neighbor,False,WSD_CRITERIA_UNVERIFIED,999999999.0000000000,999999999.0000000000,0.3250000000,0.4500000000,0.5500000000,3.0000000000,1.0000000000,103,110,102,111,104,112
201,neighbor,False,WSD_CRITERIA_UNVERIFIED,999999999.0000000000,999999999.0000000000,0.3750000000,0.4000000000,0.4000000000,3.0000000000,1.0000000000,102,111,104,110,104,110
202,neighbor,False,WSD_CRITERIA_UNVERIFIED,999999999.0000000000,999999999.0000000000,0.3000000000,0.3500000000,0.3000000000,3.0000000000,1.0000000000,104,111,102,110,104,110
203,neighbor,False,WSD_CRITERIA_UNVERIFIED,999999999.0000000000,999999999.0000000000,0.3500000000,0.5000000000,0.4500000000,3.5000000000,0.8000000000,103,112,104,110,104,112
204,neighbor,False,WSD_CRITERIA_UNVERIFIED,999999999.0000000000,999999999.0000000000,0.3500000000,0.3500000000,0.5500000000,3.0000000000,1.0000000000,103,110,104,110,104,110
205,reset,False,CONCRETE_OR_STEEL_STRESS,999999999.0000000000,999999999.0000000000,0.2500000000,0.2500000000,0.3000000000,3.5000000000,1.0000000000,104,110,104,110,104,110
206,neighbor,False,WSD_CRITERIA_UNVERIFIED,999999999.0000000000,999999999.0000000000,0.2500000000,0.3000000000,0.3000000000,3.5000000000,1.0000000000,104,110,104,112,102,110
207,neighbor,False,WSD_CRITERIA_UNVERIFIED,999999999.0000000000,999999999.0000000000,0.3000000000,0.3500000000,0.5500000000,3.0000000000,0.9000000000,104,110,104,110,104,110
208,neighbor,False,WSD_CRITERIA_UNVERIFIED,999999999.0000000000,999999999.0000000000,0.2750000000,0.3000000000,0.5500000000,3.5000000000,0.8000000000,102,110,103,110,103,110
209,neighbor,False,WSD_CRITERIA_UNVERIFIED,999999999.0000000000,999999999.0000000000,0.2250000000,0.3000000000,0.3000000000,3.5000000000,1.0000000000,104,110,104,110,104,110
210,neighbor,False,WSD_CRITERIA_UNVERIFIED,999999999.0000000000,999999999.0000000000,0.2750000000,0.3000000000,0.5500000000,3.0000000000,0.8000000000,104,112,104,110,102,111
211,neighbor,False,WSD_CRITERIA_UNVERIFIED,999999999.0000000000,999999999.0000000000,0.2000000000,0.3000000000,0.5000000000,3.5000000000,1.0000000000,104,112,104,110,102,111
212,neighbor,False,CONCRETE_OR_STEEL_STRESS,999999999.0000000000,999999999.0000000000,0.2000000000,0.2000000000,0.5500000000,3.0000000000,1.0000000000,103,112,104,111,102,110
213,neighbor,False,WSD_CRITERIA_UNVERIFIED,999999999.0000000000,999999999.0000000000,0.3000000000,0.3500000000,0.3000000000,3.5000000000,1.0000000000,104,112,104,110,103,110
214,neighbor,False,CONCRETE_OR_STEEL_STRESS,999999999.0000000000,999999999.0000000000,0.2000000000,0.2000000000,0.4500000000,3.5000000000,0.9000000000,104,111,104,110,102,110
215,neighbor,False,WSD_CRITERIA_UNVERIFIED,999999999.0000000000,999999999.0000000000,0.3000000000,0.3500000000,0.4000000000,3.5000000000,1.0000000000,104,112,104,111,104,111
216,neighbor,False,CONCRETE_OR_STEEL_STRESS,999999999.0000000000,999999999.0000000000,0.2250000000,0.3000000000,0.3000000000,3.5000000000,1.0000000000,104,112,104,112,104,112
217,neighbor,False,WSD_CRITERIA_UNVERIFIED,999999999.0000000000,999999999.0000000000,0.2750000000,0.3000000000,0.3000000000,3.5000000000,1.0000000000,102,110,104,112,103,112
218,neighbor,False,CONCRETE_OR_STEEL_STRESS,999999999.0000000000,999999999.0000000000,0.2000000000,0.2000000000,0.3000000000,3.0000000000,0.8000000000,102,110,102,112,102,111
219,neighbor,False,WSD_CRITERIA_UNVERIFIED,999999999.0000000000,999999999.0000000000,0.2750000000,0.3500000000,0.4000000000,3.5000000000,1.0000000000,104,112,104,110,104,111
220,neighbor,False,CONCRETE_OR_STEEL_STRESS,999999999.0000000000,999999999.0000000000,0.2500000000,0.2500000000,0.3000000000,3.0000000000,0.9000000000,103,110,104,112,104,111
221,neighbor,False,CONCRETE_OR_STEEL_STRESS,999999999.0000000000,999999999.0000000000,0.2000000000,0.2000000000,0.3000000000,3.0000000000,0.9000000000,104,112,104,110,103,110
222,neighbor,False,CONCRETE_OR_STEEL_STRESS,999999999.0000000000,999999999.0000000000,0.2000000000,0.3000000000,0.3000000000,3.5000000000,1.0000000000,102,111,104,111,103,110
223,neighbor,False,CONCRETE_OR_STEEL_STRESS,999999999.0000000000,999999999.0000000000,0.2500000000,0.2500000000,0.3000000000,3.5000000000,1.0000000000,102,111,102,112,104,111
224,neighbor,False,WSD_CRITERIA_UNVERIFIED,999999999.0000000000,999999999.0000000000,0.2500000000,0.3000000000,0.3000000000,3.5000000000,0.8000000000,103,110,104,112,104,110
225,neighbor,False,CONCRETE_OR_STEEL_STRESS,999999999.0000000000,999999999.0000000000,0.2000000000,0.2000000000,0.4500000000,3.5000000000,0.8000000000,104,112,103,110,103,110
226,neighbor,False,CONCRETE_OR_STEEL_STRESS,999999999.0000000000,999999999.0000000000,0.2500000000,0.2500000000,0.3000000000,3.5000000000,0.8000000000,104,110,103,110,103,110
227,neighbor,False,WSD_CRITERIA_UNVERIFIED,999999999.0000000000,999999999.0000000000,0.3000000000,0.3000000000,0.3000000000,3.5000000000,1.0000000000,104,110,104,112,102,110
228,neighbor,False,CONCRETE_OR_STEEL_STRESS,999999999.0000000000,999999999.0000000000,0.2000000000,0.2000000000,0.3000000000,3.5000000000,1.0000000000,103,112,102,110,103,110
229,neighbor,False,CONCRETE_OR_STEEL_STRESS,999999999.0000000000,999999999.0000000000,0.2250000000,0.2500000000,0.3500000000,3.5000000000,0.8000000000,102,110,104,110,104,111
230,neighbor,False,CONCRETE_OR_STEEL_STRESS,999999999.0000000000,999999999.0000000000,0.2500000000,0.2500000000,0.3000000000,3.0000000000,1.0000000000,103,111,104,112,104,110
231,neighbor,False,CONCRETE_OR_STEEL_STRESS,999999999.0000000000,999999999.0000000000,0.2000000000,0.2000000000,0.4500000000,3.5000000000,0.8000000000,104,110,104,110,104,111
232,neighbor,False,CONCRETE_OR_STEEL_STRESS,999999999.0000000000,999999999.0000000000,0.2000000000,0.2000000000,0.3000000000,3.5000000000,0.9000000000,103,112,103,111,102,112
233,neighbor,False,WSD_CRITERIA_UNVERIFIED,999999999.0000000000,999999999.0000000000,0.2000000000,0.3000000000,0.3000000000,3.0000000000,0.8000000000,104,111,102,111,104,110
234,neighbor,False,CONCRETE_OR_STEEL_STRESS,999999999.0000000000,999999999.0000000000,0.2000000000,0.2000000000,0.3000000000,3.5000000000,0.8000000000,102,110,102,110,104,110
235,neighbor,False,CONCRETE_OR_STEEL_STRESS,999999999.0000000000,999999999.0000000000,0.2000000000,0.2000000000,0.3000000000,3.5000000000,0.9000000000,104,111,102,111,104,110
236,neighbor,False,WSD_CRITERIA_UNVERIFIED,999999999.0000000000,999999999.0000000000,0.2500000000,0.3500000000,0.3000000000,3.5000000000,1.0000000000,104,110,104,112,104,110
237,neighbor,False,WSD_CRITERIA_UNVERIFIED,999999999.0000000000,999999999.0000000000,0.2250000000,0.3000000000,0.3000000000,3.5000000000,1.0000000000,103,110,102,112,102,110
238,neighbor,False,CONCRETE_OR_STEEL_STRESS,999999999.0000000000,999999999.0000000000,0.2500000000,0.2500000000,0.5500000000,3.5000000000,0.8000000000,103,111,104,110,104,110
239,neighbor,False,CONCRETE_OR_STEEL_STRESS,999999999.0000000000,999999999.0000000000,0.2750000000,0.3000000000,0.3000000000,3.0000000000,0.8000000000,104,110,102,110,102,112
240,neighbor,False,WSD_CRITERIA_UNVERIFIED,999999999.0000000000,999999999.0000000000,0.2750000000,0.3000000000,0.3000000000,3.5000000000,1.0000000000,103,110,102,110,102,110
241,neighbor,False,CONCRETE_OR_STEEL_STRESS,999999999.0000000000,999999999.0000000000,0.2250000000,0.2500000000,0.4000000000,3.5000000000,0.8000000000,104,110,104,110,103,110
242,neighbor,False,WSD_CRITERIA_UNVERIFIED,999999999.0000000000,999999999.0000000000,0.2750000000,0.3500000000,0.3000000000,3.0000000000,0.9000000000,102,110,102,110,104,111
243,neighbor,False,CONCRETE_OR_STEEL_STRESS,999999999.0000000000,999999999.0000000000,0.2500000000,0.2500000000,0.4000000000,3.5000000000,1.0000000000,104,110,102,111,102,112
244,neighbor,False,CONCRETE_OR_STEEL_STRESS,999999999.0000000000,999999999.0000000000,0.2250000000,0.2500000000,0.3000000000,3.5000000000,1.0000000000,104,110,104,110,103,111
245,neighbor,False,CONCRETE_OR_STEEL_STRESS,999999999.0000000000,999999999.0000000000,0.2000000000,0.2000000000,0.3000000000,3.5000000000,1.0000000000,104,110,104,110,104,110
246,neighbor,False,WSD_CRITERIA_UNVERIFIED,999999999.0000000000,999999999.0000000000,0.2250000000,0.3000000000,0.3000000000,3.0000000000,1.0000000000,104,111,102,110,102,110
247,neighbor,False,CONCRETE_OR_STEEL_STRESS,999999999.0000000000,999999999.0000000000,0.2000000000,0.2000000000,0.4500000000,3.0000000000,1.0000000000,104,111,103,110,103,110
248,neighbor,False,CONCRETE_OR_STEEL_STRESS,999999999.0000000000,999999999.0000000000,0.2500000000,0.2500000000,0.3000000000,3.5000000000,1.0000000000,103,110,104,110,104,110
249,neighbor,False,CONCRETE_OR_STEEL_STRESS,999999999.0000000000,999999999.0000000000,0.3000000000,0.3000000000,0.3000000000,3.5000000000,1.0000000000,102,111,104,110,104,111
250,neighbor,False,WSD_CRITERIA_UNVERIFIED,999999999.0000000000,999999999.0000000000,0.3000000000,0.3000000000,0.3000000000,3.0000000000,0.9000000000,103,111,104,112,103,110
251,neighbor,False,CONCRETE_OR_STEEL_STRESS,999999999.0000000000,999999999.0000000000,0.2000000000,0.2000000000,0.3000000000,3.5000000000,1.0000000000,103,110,104,110,104,112
252,neighbor,False,CONCRETE_OR_STEEL_STRESS,999999999.0000000000,999999999.0000000000,0.2000000000,0.2000000000,0.4500000000,3.0000000000,1.0000000000,104,111,104,110,102,112
253,neighbor,False,WSD_CRITERIA_UNVERIFIED,999999999.0000000000,999999999.0000000000,0.2250000000,0.3000000000,0.3000000000,3.0000000000,1.0000000000,104,110,104,110,103,112
254,neighbor,False,CONCRETE_OR_STEEL_STRESS,999999999.0000000000,999999999.0000000000,0.2000000000,0.2000000000,0.3500000000,3.5000000000,1.0000000000,103,110,104,112,104,110
255,neighbor,False,CONCRETE_OR_STEEL_STRESS,999999999.0000000000,999999999.0000000000,0.2000000000,0.2000000000,0.4500000000,3.0000000000,1.0000000000,103,110,104,112,104,112
256,neighbor,False,CONCRETE_OR_STEEL_STRESS,999999999.0000000000,999999999.0000000000,0.2500000000,0.2500000000,0.3500000000,3.5000000000,0.9000000000,102,112,104,111,104,110
257,neighbor,False,CONCRETE_OR_STEEL_STRESS,999999999.0000000000,999999999.0000000000,0.2500000000,0.2500000000,0.3500000000,3.5000000000,0.9000000000,104,110,102,111,104,110
258,neighbor,False,CONCRETE_OR_STEEL_STRESS,999999999.0000000000,999999999.0000000000,0.2000000000,0.2000000000,0.3000000000,3.5000000000,1.0000000000,104,112,104,111,104,112
259,neighbor,False,WSD_CRITERIA_UNVERIFIED,999999999.0000000000,999999999.0000000000,0.3000000000,0.3500000000,0.5000000000,3.5000000000,1.0000000000,104,110,102,111,104,111
260,neighbor,False,CONCRETE_OR_STEEL_STRESS,999999999.0000000000,999999999.0000000000,0.2000000000,0.2500000000,0.3000000000,3.0000000000,1.0000000000,104,111,104,112,103,110
261,neighbor,False,WSD_CRITERIA_UNVERIFIED,999999999.0000000000,999999999.0000000000,0.3000000000,0.3500000000,0.4500000000,3.5000000000,0.8000000000,104,112,104,110,104,110
262,neighbor,False,CONCRETE_OR_STEEL_STRESS,999999999.0000000000,999999999.0000000000,0.2500000000,0.2500000000,0.3000000000,3.5000000000,1.0000000000,104,111,103,111,104,110
263,neighbor,False,WSD_CRITERIA_UNVERIFIED,999999999.0000000000,999999999.0000000000,0.3000000000,0.3000000000,0.5500000000,3.0000000000,0.9000000000,103,110,104,110,103,111
264,neighbor,False,CONCRETE_OR_STEEL_STRESS,999999999.0000000000,999999999.0000000000,0.2000000000,0.2000000000,0.5000000000,3.0000000000,1.0000000000,104,110,102,111,102,112
265,neighbor,False,CONCRETE_OR_STEEL_STRESS,999999999.0000000000,999999999.0000000000,0.2000000000,0.2000000000,0.3000000000,3.5000000000,1.0000000000,104,112,104,110,104,110
266,neighbor,False,CONCRETE_OR_STEEL_STRESS,999999999.0000000000,999999999.0000000000,0.2000000000,0.2000000000,0.3000000000,3.5000000000,0.8000000000,104,110,104,112,103,110
267,neighbor,False,CONCRETE_OR_STEEL_STRESS,999999999.0000000000,999999999.0000000000,0.2500000000,0.2500000000,0.3000000000,3.0000000000,1.0000000000,104,110,102,111,104,110
268,neighbor,False,CONCRETE_OR_STEEL_STRESS,999999999.0000000000,999999999.0000000000,0.2000000000,0.2000000000,0.5000000000,3.5000000000,1.0000000000,104,110,104,111,104,110
269,neighbor,False,WSD_CRITERIA_UNVERIFIED,999999999.0000000000,999999999.0000000000,0.2500000000,0.3000000000,0.3000000000,3.5000000000,1.0000000000,104,110,104,110,104,111
270,neighbor,False,CONCRETE_OR_STEEL_STRESS,999999999.0000000000,999999999.0000000000,0.2000000000,0.2000000000,0.3000000000,3.5000000000,1.0000000000,104,110,104,110,104,112
271,neighbor,False,WSD_CRITERIA_UNVERIFIED,999999999.0000000000,999999999.0000000000,0.2000000000,0.3500000000,0.5500000000,3.0000000000,0.9000000000,104,110,102,110,104,110
272,neighbor,False,CONCRETE_OR_STEEL_STRESS,999999999.0000000000,999999999.0000000000,0.2500000000,0.2500000000,0.3500000000,3.5000000000,0.8000000000,102,110,103,110,104,112
273,neighbor,False,WSD_CRITERIA_UNVERIFIED,999999999.0000000000,999999999.0000000000,0.2250000000,0.3500000000,0.3500000000,3.5000000000,1.0000000000,102,110,104,110,102,110
274,neighbor,False,CONCRETE_OR_STEEL_STRESS,999999999.0000000000,999999999.0000000000,0.2500000000,0.2500000000,0.3000000000,3.5000000000,1.0000000000,102,110,103,112,102,110
275,neighbor,False,CONCRETE_OR_STEEL_STRESS,999999999.0000000000,999999999.0000000000,0.2250000000,0.2500000000,0.5000000000,3.5000000000,1.0000000000,104,112,104,111,104,111
276,neighbor,False,CONCRETE_OR_STEEL_STRESS,999999999.0000000000,999999999.0000000000,0.2000000000,0.2000000000,0.4000000000,3.0000000000,1.0000000000,103,110,104,112,104,110
277,neighbor,False,WSD_CRITERIA_UNVERIFIED,999999999.0000000000,999999999.0000000000,0.2000000000,0.3000000000,0.3000000000,3.5000000000,0.9000000000,103,110,104,112,103,110
278,neighbor,False,CONCRETE_OR_STEEL_STRESS,999999999.0000000000,999999999.0000000000,0.2000000000,0.2000000000,0.3500000000,3.5000000000,0.8000000000,103,110,102,110,104,112
279,neighbor,False,WSD_CRITERIA_UNVERIFIED,999999999.0000000000,999999999.0000000000,0.2500000000,0.3500000000,0.4000000000,3.0000000000,0.9000000000,103,110,103,112,104,110
280,neighbor,False,CONCRETE_OR_STEEL_STRESS,999999999.0000000000,999999999.0000000000,0.2000000000,0.2000000000,0.5000000000,3.5000000000,0.8000000000,103,112,104,112,102,110
281,neighbor,False,WSD_CRITERIA_UNVERIFIED,999999999.0000000000,999999999.0000000000,0.2000000000,0.3000000000,0.4000000000,3.5000000000,1.0000000000,103,110,103,111,104,112
282,neighbor,False,CONCRETE_OR_STEEL_STRESS,999999999.0000000000,999999999.0000000000,0.3000000000,0.3000000000,0.3000000000,3.0000000000,1.0000000000,104,112,102,112,104,110
283,neighbor,False,WSD_CRITERIA_UNVERIFIED,999999999.0000000000,999999999.0000000000,0.2000000000,0.3000000000,0.3500000000,3.5000000000,1.0000000000,104,110,104,110,103,111
284,neighbor,False,CONCRETE_OR_STEEL_STRESS,999999999.0000000000,999999999.0000000000,0.2250000000,0.2500000000,0.3000000000,3.5000000000,0.9000000000,104,110,103,110,104,112
285,neighbor,False,CONCRETE_OR_STEEL_STRESS,999999999.0000000000,999999999.0000000000,0.2000000000,0.3000000000,0.3000000000,3.0000000000,1.0000000000,104,112,104,110,104,110
286,neighbor,False,CONCRETE_OR_STEEL_STRESS,999999999.0000000000,999999999.0000000000,0.2250000000,0.2500000000,0.5500000000,3.5000000000,1.0000000000,102,111,104,110,104,110
287,neighbor,False,CONCRETE_OR_STEEL_STRESS,999999999.0000000000,999999999.0000000000,0.2000000000,0.3000000000,0.3000000000,3.5000000000,1.0000000000,104,112,102,110,104,111
288,neighbor,False,CONCRETE_OR_STEEL_STRESS,999999999.0000000000,999999999.0000000000,0.2750000000,0.3000000000,0.3000000000,3.0000000000,0.9000000000,104,112,104,112,104,112
289,neighbor,False,CONCRETE_OR_STEEL_STRESS,999999999.0000000000,999999999.0000000000,0.2000000000,0.2000000000,0.3000000000,3.0000000000,0.8000000000,104,110,104,110,102,111
290,neighbor,False,CONCRETE_OR_STEEL_STRESS,999999999.0000000000,999999999.0000000000,0.2500000000,0.2500000000,0.3000000000,3.5000000000,0.9000000000,102,110,103,111,103,111
291,neighbor,False,CONCRETE_OR_STEEL_STRESS,999999999.0000000000,999999999.0000000000,0.2500000000,0.2500000000,0.3000000000,3.5000000000,0.9000000000,103,110,104,110,102,111
292,neighbor,False,CONCRETE_OR_STEEL_STRESS,999999999.0000000000,999999999.0000000000,0.2000000000,0.2000000000,0.5000000000,3.5000000000,0.8000000000,102,110,102,110,103,110
293,neighbor,False,WSD_CRITERIA_UNVERIFIED,999999999.0000000000,999999999.0000000000,0.2000000000,0.3000000000,0.3000000000,3.5000000000,0.8000000000,103,110,104,110,104,110
294,neighbor,False,CONCRETE_OR_STEEL_STRESS,999999999.0000000000,999999999.0000000000,0.2500000000,0.2500000000,0.3000000000,3.5000000000,1.0000000000,103,110,104,110,104,110
295,neighbor,False,WSD_CRITERIA_UNVERIFIED,999999999.0000000000,999999999.0000000000,0.3000000000,0.3500000000,0.3000000000,3.5000000000,1.0000000000,104,110,104,112,102,111
296,neighbor,False,CONCRETE_OR_STEEL_STRESS,999999999.0000000000,999999999.0000000000,0.2000000000,0.2000000000,0.3500000000,3.5000000000,1.0000000000,104,110,104,110,104,111
297,neighbor,False,CONCRETE_OR_STEEL_STRESS,999999999.0000000000,999999999.0000000000,0.2000000000,0.2000000000,0.3000000000,3.5000000000,0.8000000000,102,112,104,111,104,110
298,neighbor,False,CONCRETE_OR_STEEL_STRESS,999999999.0000000000,999999999.0000000000,0.2000000000,0.2000000000,0.3000000000,3.5000000000,1.0000000000,103,112,104,111,102,110
299,neighbor,False,CONCRETE_OR_STEEL_STRESS,999999999.0000000000,999999999.0000000000,0.2000000000,0.2000000000,0.4000000000,3.0000000000,1.0000000000,104,110,102,110,104,110
300,neighbor,False,CONCRETE_OR_STEEL_STRESS,999999999.0000000000,999999999.0000000000,0.2000000000,0.2000000000,0.5500000000,3.5000000000,1.0000000000,104,111,104,110,104,110
301,neighbor,False,CONCRETE_OR_STEEL_STRESS,999999999.0000000000,999999999.0000000000,0.3000000000,0.3000000000,0.3000000000,3.5000000000,1.0000000000,102,112,102,110,103,110
302,neighbor,False,WSD_CRITERIA_UNVERIFIED,999999999.0000000000,999999999.0000000000,0.2500000000,0.3500000000,0.4000000000,3.5000000000,0.9000000000,104,111,103,112,103,112
303,neighbor,False,WSD_CRITERIA_UNVERIFIED,999999999.0000000000,999999999.0000000000,0.2750000000,0.3000000000,0.3000000000,3.5000000000,1.0000000000,104,111,102,110,102,110
304,neighbor,False,WSD_CRITERIA_UNVERIFIED,999999999.0000000000,999999999.0000000000,0.2750000000,0.3500000000,0.4000000000,3.5000000000,1.0000000000,104,110,103,110,104,110
305,neighbor,False,WSD_CRITERIA_UNVERIFIED,999999999.0000000000,999999999.0000000000,0.2500000000,0.3000000000,0.3000000000,3.0000000000,0.8000000000,104,110,103,110,102,110
306,reset,False,WSD_CRITERIA_UNVERIFIED,999999999.0000000000,999999999.0000000000,0.2500000000,0.3000000000,0.4500000000,2.5000000000,1.0000000000,104,110,104,110,104,110
307,neighbor,False,WSD_CRITERIA_UNVERIFIED,999999999.0000000000,999999999.0000000000,0.3000000000,0.4000000000,0.3000000000,2.5000000000,0.9000000000,104,112,103,111,104,110
308,neighbor,False,WSD_CRITERIA_UNVERIFIED,999999999.0000000000,999999999.0000000000,0.2000000000,0.4000000000,0.6000000000,2.5000000000,0.9000000000,104,110,104,112,104,112
309,neighbor,False,WSD_CRITERIA_UNVERIFIED,999999999.0000000000,999999999.0000000000,0.2250000000,0.3500000000,0.4500000000,2.5000000000,1.0000000000,104,112,102,110,104,112
310,neighbor,False,WSD_CRITERIA_UNVERIFIED,999999999.0000000000,999999999.0000000000,0.2500000000,0.3000000000,0.3000000000,2.5000000000,0.9000000000,103,111,104,110,104,110
311,neighbor,False,WSD_CRITERIA_UNVERIFIED,999999999.0000000000,999999999.0000000000,0.2250000000,0.3000000000,0.7000000000,3.0000000000,1.0000000000,104,112,104,110,102,110
312,neighbor,False,CONCRETE_OR_STEEL_STRESS,999999999.0000000000,999999999.0000000000,0.2000000000,0.2500000000,0.4000000000,3.0000000000,1.0000000000,104,110,102,110,104,110
313,neighbor,False,CONCRETE_OR_STEEL_STRESS,999999999.0000000000,999999999.0000000000,0.2500000000,0.2500000000,0.3000000000,2.5000000000,1.0000000000,104,111,103,110,104,110
314,neighbor,False,WSD_CRITERIA_UNVERIFIED,999999999.0000000000,999999999.0000000000,0.2500000000,0.2500000000,0.7000000000,2.5000000000,1.0000000000,104,110,102,110,102,112
315,neighbor,False,WSD_CRITERIA_UNVERIFIED,999999999.0000000000,999999999.0000000000,0.2000000000,0.4000000000,0.4500000000,2.5000000000,0.9000000000,104,110,104,112,103,111
316,neighbor,False,CONCRETE_OR_STEEL_STRESS,999999999.0000000000,999999999.0000000000,0.2500000000,0.2500000000,0.6500000000,2.5000000000,1.0000000000,104,110,104,111,104,111
317,neighbor,False,WSD_CRITERIA_UNVERIFIED,999999999.0000000000,999999999.0000000000,0.2750000000,0.4000000000,0.4000000000,2.5000000000,1.0000000000,102,111,103,110,104,110
318,neighbor,False,WSD_CRITERIA_UNVERIFIED,999999999.0000000000,999999999.0000000000,0.2250000000,0.3500000000,0.3000000000,2.5000000000,1.0000000000,103,111,104,110,104,110
319,neighbor,False,WSD_CRITERIA_UNVERIFIED,999999999.0000000000,999999999.0000000000,0.2750000000,0.4000000000,0.5000000000,3.0000000000,0.9000000000,104,110,104,111,104,110
320,neighbor,False,CONCRETE_OR_STEEL_STRESS,999999999.0000000000,999999999.0000000000,0.2000000000,0.2000000000,0.5000000000,2.5000000000,1.0000000000,104,110,103,111,102,111
321,neighbor,False,CONCRETE_OR_STEEL_STRESS,999999999.0000000000,999999999.0000000000,0.2000000000,0.2000000000,0.5000000000,3.0000000000,1.0000000000,103,112,102,110,104,110
322,neighbor,False,CONCRETE_OR_STEEL_STRESS,999999999.0000000000,999999999.0000000000,0.2500000000,0.2500000000,0.6000000000,2.5000000000,1.0000000000,102,112,103,112,104,110
323,neighbor,False,WSD_CRITERIA_UNVERIFIED,999999999.0000000000,999999999.0000000000,0.2000000000,0.3000000000,0.5000000000,2.5000000000,1.0000000000,104,112,104,112,104,112
324,neighbor,False,WSD_CRITERIA_UNVERIFIED,999999999.0000000000,999999999.0000000000,0.2750000000,0.3500000000,0.6500000000,3.0000000000,1.0000000000,102,110,104,110,104,111
325,neighbor,False,WSD_CRITERIA_UNVERIFIED,999999999.0000000000,999999999.0000000000,0.2500000000,0.3000000000,0.3500000000,2.5000000000,1.0000000000,104,111,104,110,104,110
326,neighbor,False,WSD_CRITERIA_UNVERIFIED,999999999.0000000000,999999999.0000000000,0.2250000000,0.3500000000,0.3000000000,3.0000000000,0.9000000000,103,111,103,110,104,110
327,neighbor,False,CONCRETE_OR_STEEL_STRESS,999999999.0000000000,999999999.0000000000,0.2500000000,0.2500000000,0.3000000000,2.5000000000,1.0000000000,103,112,104,110,102,111
328,neighbor,False,WSD_CRITERIA_UNVERIFIED,999999999.0000000000,999999999.0000000000,0.2000000000,0.3000000000,0.6500000000,3.0000000000,0.9000000000,102,110,104,110,104,110
329,neighbor,False,WSD_CRITERIA_UNVERIFIED,999999999.0000000000,999999999.0000000000,0.2500000000,0.3500000000,0.3000000000,2.5000000000,0.9000000000,104,112,104,112,103,111
330,neighbor,False,WSD_CRITERIA_UNVERIFIED,999999999.0000000000,999999999.0000000000,0.2750000000,0.4000000000,0.5500000000,2.5000000000,0.9000000000,104,110,104,110,104,110
331,neighbor,False,CONCRETE_OR_STEEL_STRESS,999999999.0000000000,999999999.0000000000,0.2000000000,0.3000000000,0.3000000000,3.0000000000,1.0000000000,104,112,104,112,102,111
332,neighbor,False,WSD_CRITERIA_UNVERIFIED,999999999.0000000000,999999999.0000000000,0.2750000000,0.4000000000,0.4000000000,2.5000000000,1.0000000000,104,111,102,111,104,110
333,neighbor,False,CONCRETE_OR_STEEL_STRESS,999999999.0000000000,999999999.0000000000,0.2000000000,0.2000000000,0.5000000000,2.5000000000,0.8000000000,104,110,103,111,104,110
334,neighbor,False,CONCRETE_OR_STEEL_STRESS,999999999.0000000000,999999999.0000000000,0.2250000000,0.2500000000,0.3500000000,2.5000000000,0.8000000000,103,111,104,110,104,110
335,neighbor,False,WSD_CRITERIA_UNVERIFIED,999999999.0000000000,999999999.0000000000,0.2500000000,0.4000000000,0.3500000000,3.0000000000,1.0000000000,104,110,104,110,104,110
336,neighbor,False,WSD_CRITERIA_UNVERIFIED,999999999.0000000000,999999999.0000000000,0.3000000000,0.4000000000,0.4000000000,3.0000000000,1.0000000000,104,111,104,110,104,112
337,neighbor,False,WSD_CRITERIA_UNVERIFIED,999999999.0000000000,999999999.0000000000,0.2250000000,0.3000000000,0.4000000000,2.5000000000,0.8000000000,104,111,103,110,104,110
338,neighbor,False,WSD_CRITERIA_UNVERIFIED,999999999.0000000000,999999999.0000000000,0.2000000000,0.3000000000,0.3000000000,2.5000000000,0.8000000000,102,110,103,110,102,110
339,neighbor,False,WSD_CRITERIA_UNVERIFIED,999999999.0000000000,999999999.0000000000,0.3000000000,0.4000000000,0.3500000000,2.5000000000,1.0000000000,104,110,103,111,104,110
340,neighbor,False,CONCRETE_OR_STEEL_STRESS,999999999.0000000000,999999999.0000000000,0.2500000000,0.2500000000,0.4500000000,2.5000000000,1.0000000000,104,110,103,110,104,112
341,neighbor,False,WSD_CRITERIA_UNVERIFIED,999999999.0000000000,999999999.0000000000,0.2500000000,0.3500000000,0.5500000000,2.5000000000,1.0000000000,104,110,103,112,103,110
342,neighbor,False,CONCRETE_OR_STEEL_STRESS,999999999.0000000000,999999999.0000000000,0.2000000000,0.2000000000,0.3500000000,2.5000000000,0.9000000000,104,111,104,110,104,110
343,neighbor,False,CONCRETE_OR_STEEL_STRESS,999999999.0000000000,999999999.0000000000,0.3000000000,0.3000000000,0.6500000000,3.0000000000,0.8000000000,102,112,104,110,104,110
344,neighbor,False,WSD_CRITERIA_UNVERIFIED,999999999.0000000000,999999999.0000000000,0.2500000000,0.3500000000,0.5000000000,2.5000000000,0.9000000000,104,112,104,112,102,111
345,neighbor,False,WSD_CRITERIA_UNVERIFIED,999999999.0000000000,999999999.0000000000,0.2250000000,0.3500000000,0.3000000000,2.5000000000,1.0000000000,102,110,104,110,104,112
346,neighbor,False,CONCRETE_OR_STEEL_STRESS,999999999.0000000000,999999999.0000000000,0.2500000000,0.2500000000,0.3000000000,2.5000000000,0.9000000000,103,110,103,110,104,112
347,neighbor,False,CONCRETE_OR_STEEL_STRESS,999999999.0000000000,999999999.0000000000,0.2500000000,0.2500000000,0.6000000000,2.5000000000,0.8000000000,104,111,104,112,104,112
348,neighbor,False,CONCRETE_OR_STEEL_STRESS,999999999.0000000000,999999999.0000000000,0.3000000000,0.3000000000,0.5000000000,2.5000000000,0.9000000000,102,111,103,110,104,112
349,neighbor,False,WSD_CRITERIA_UNVERIFIED,999999999.0000000000,999999999.0000000000,0.3000000000,0.3000000000,0.6000000000,3.0000000000,0.8000000000,104,111,103,110,104,111
350,neighbor,False,WSD_CRITERIA_UNVERIFIED,999999999.0000000000,999999999.0000000000,0.2750000000,0.3500000000,0.3000000000,2.5000000000,0.8000000000,104,110,104,110,104,110
351,neighbor,False,CONCRETE_OR_STEEL_STRESS,999999999.0000000000,999999999.0000000000,0.2000000000,0.2000000000,0.6000000000,2.5000000000,1.0000000000,104,110,104,110,104,110
352,neighbor,False,WSD_CRITERIA_UNVERIFIED,999999999.0000000000,999999999.0000000000,0.3000000000,0.4000000000,0.6000000000,2.5000000000,0.9000000000,104,110,104,110,104,110
353,neighbor,False,WSD_CRITERIA_UNVERIFIED,999999999.0000000000,999999999.0000000000,0.2250000000,0.4000000000,0.6500000000,2.5000000000,1.0000000000,104,112,104,110,102,110
354,neighbor,False,WSD_CRITERIA_UNVERIFIED,999999999.0000000000,999999999.0000000000,0.2000000000,0.4000000000,0.3500000000,2.5000000000,0.8000000000,103,110,104,111,102,110
355,neighbor,False,WSD_CRITERIA_UNVERIFIED,999999999.0000000000,999999999.0000000000,0.2250000000,0.3000000000,0.6500000000,2.5000000000,1.0000000000,104,110,103,110,104,110
356,neighbor,False,CONCRETE_OR_STEEL_STRESS,999999999.0000000000,999999999.0000000000,0.3000000000,0.3000000000,0.3000000000,3.0000000000,1.0000000000,104,112,103,110,104,112
357,neighbor,False,CONCRETE_OR_STEEL_STRESS,999999999.0000000000,999999999.0000000000,0.2000000000,0.2000000000,0.6000000000,2.5000000000,1.0000000000,103,111,104,110,102,110
358,neighbor,False,CONCRETE_OR_STEEL_STRESS,999999999.0000000000,999999999.0000000000,0.2500000000,0.2500000000,0.6000000000,2.5000000000,1.0000000000,102,110,104,110,104,111
359,neighbor,False,CONCRETE_OR_STEEL_STRESS,999999999.0000000000,999999999.0000000000,0.2250000000,0.2500000000,0.5000000000,2.5000000000,1.0000000000,104,110,104,111,104,110
360,neighbor,False,CONCRETE_OR_STEEL_STRESS,999999999.0000000000,999999999.0000000000,0.2000000000,0.2000000000,0.4000000000,3.0000000000,1.0000000000,102,110,103,112,103,110
361,neighbor,False,CONCRETE_OR_STEEL_STRESS,999999999.0000000000,999999999.0000000000,0.2000000000,0.2000000000,0.6000000000,2.5000000000,1.0000000000,104,110,104,110,104,110
362,neighbor,False,CONCRETE_OR_STEEL_STRESS,999999999.0000000000,999999999.0000000000,0.2500000000,0.2500000000,0.5500000000,3.0000000000,0.8000000000,104,112,102,112,104,110
363,neighbor,False,WSD_CRITERIA_UNVERIFIED,999999999.0000000000,999999999.0000000000,0.2000000000,0.3000000000,0.5500000000,3.0000000000,1.0000000000,104,110,104,110,104,112
364,neighbor,False,CONCRETE_OR_STEEL_STRESS,999999999.0000000000,999999999.0000000000,0.2250000000,0.2500000000,0.6500000000,2.5000000000,0.8000000000,102,111,103,110,104,110
365,neighbor,False,CONCRETE_OR_STEEL_STRESS,999999999.0000000000,999999999.0000000000,0.2000000000,0.2000000000,0.5000000000,2.5000000000,1.0000000000,104,110,104,112,102,110
366,neighbor,False,CONCRETE_OR_STEEL_STRESS,999999999.0000000000,999999999.0000000000,0.2000000000,0.2000000000,0.6000000000,3.0000000000,0.9000000000,104,110,104,112,104,110
367,neighbor,False,WSD_CRITERIA_UNVERIFIED,999999999.0000000000,999999999.0000000000,0.3000000000,0.4000000000,0.4000000000,2.5000000000,1.0000000000,103,112,104,110,102,112
368,neighbor,False,WSD_CRITERIA_UNVERIFIED,999999999.0000000000,999999999.0000000000,0.2750000000,0.3500000000,0.6000000000,2.5000000000,1.0000000000,103,110,104,110,103,111
369,neighbor,False,WSD_CRITERIA_UNVERIFIED,999999999.0000000000,999999999.0000000000,0.3000000000,0.3000000000,0.5000000000,3.0000000000,1.0000000000,102,110,104,112,102,110
370,neighbor,False,WSD_CRITERIA_UNVERIFIED,999999999.0000000000,999999999.0000000000,0.2750000000,0.4000000000,0.3000000000,2.5000000000,0.9000000000,102,110,104,112,104,110
371,neighbor,False,WSD_CRITERIA_UNVERIFIED,999999999.0000000000,999999999.0000000000,0.3000000000,0.4000000000,0.6500000000,3.0000000000,0.9000000000,102,110,104,110,104,110
372,neighbor,False,WSD_CRITERIA_UNVERIFIED,999999999.0000000000,999999999.0000000000,0.2250000000,0.4000000000,0.3000000000,3.0000000000,0.9000000000,103,111,103,110,104,110
373,neighbor,False,WSD_CRITERIA_UNVERIFIED,999999999.0000000000,999999999.0000000000,0.2250000000,0.3000000000,0.3000000000,3.0000000000,0.8000000000,104,111,104,111,104,110
374,neighbor,False,CONCRETE_OR_STEEL_STRESS,999999999.0000000000,999999999.0000000000,0.2000000000,0.2000000000,0.3000000000,3.0000000000,1.0000000000,104,110,104,111,104,112
375,neighbor,False,CONCRETE_OR_STEEL_STRESS,999999999.0000000000,999999999.0000000000,0.2500000000,0.2500000000,0.3000000000,2.5000000000,1.0000000000,104,112,103,110,104,110
376,neighbor,False,WSD_CRITERIA_UNVERIFIED,999999999.0000000000,999999999.0000000000,0.2500000000,0.4000000000,0.3500000000,2.5000000000,0.8000000000,104,111,104,110,104,110
377,neighbor,False,CONCRETE_OR_STEEL_STRESS,999999999.0000000000,999999999.0000000000,0.2250000000,0.2500000000,0.5000000000,3.0000000000,1.0000000000,104,110,104,111,104,110
378,neighbor,False,WSD_CRITERIA_UNVERIFIED,999999999.0000000000,999999999.0000000000,0.3000000000,0.3500000000,0.4500000000,3.0000000000,0.8000000000,104,110,102,110,104,112
379,neighbor,False,WSD_CRITERIA_UNVERIFIED,999999999.0000000000,999999999.0000000000,0.2000000000,0.3500000000,0.3000000000,2.5000000000,1.0000000000,104,111,104,110,103,112
380,neighbor,False,WSD_CRITERIA_UNVERIFIED,999999999.0000000000,999999999.0000000000,0.2750000000,0.3500000000,0.6500000000,2.5000000000,1.0000000000,104,111,102,110,103,110
381,neighbor,False,CONCRETE_OR_STEEL_STRESS,999999999.0000000000,999999999.0000000000,0.2000000000,0.2000000000,0.4000000000,3.0000000000,1.0000000000,102,110,104,110,104,110
382,neighbor,False,CONCRETE_OR_STEEL_STRESS,999999999.0000000000,999999999.0000000000,0.2000000000,0.2500000000,0.5000000000,3.0000000000,0.8000000000,104,111,104,110,104,110
383,neighbor,False,CONCRETE_OR_STEEL_STRESS,999999999.0000000000,999999999.0000000000,0.2000000000,0.2000000000,0.6000000000,2.5000000000,1.0000000000,104,111,104,112,103,112
384,neighbor,False,CONCRETE_OR_STEEL_STRESS,999999999.0000000000,999999999.0000000000,0.2500000000,0.2500000000,0.5000000000,3.0000000000,0.9000000000,104,112,103,110,104,110
385,neighbor,False,WSD_CRITERIA_UNVERIFIED,999999999.0000000000,999999999.0000000000,0.2750000000,0.3000000000,0.5000000000,2.5000000000,0.9000000000,102,110,102,110,104,110
386,neighbor,False,WSD_CRITERIA_UNVERIFIED,999999999.0000000000,999999999.0000000000,0.2750000000,0.4000000000,0.6000000000,2.5000000000,0.8000000000,104,110,104,110,103,110
387,neighbor,False,WSD_CRITERIA_UNVERIFIED,999999999.0000000000,999999999.0000000000,0.2500000000,0.3500000000,0.3500000000,2.5000000000,1.0000000000,104,110,104,110,104,111
388,neighbor,False,WSD_CRITERIA_UNVERIFIED,999999999.0000000000,999999999.0000000000,0.2250000000,0.4000000000,0.3000000000,2.5000000000,1.0000000000,102,110,104,110,104,110
389,neighbor,False,CONCRETE_OR_STEEL_STRESS,999999999.0000000000,999999999.0000000000,0.2000000000,0.2000000000,0.3000000000,3.0000000000,1.0000000000,103,112,102,110,103,110
390,neighbor,False,CONCRETE_OR_STEEL_STRESS,999999999.0000000000,999999999.0000000000,0.2000000000,0.2000000000,0.5500000000,2.5000000000,0.8000000000,104,112,103,110,104,110
391,neighbor,False,WSD_CRITERIA_UNVERIFIED,999999999.0000000000,999999999.0000000000,0.2250000000,0.3500000000,0.3500000000,2.5000000000,1.0000000000,103,110,104,112,102,110
392,neighbor,False,WSD_CRITERIA_UNVERIFIED,999999999.0000000000,999999999.0000000000,0.2250000000,0.4000000000,0.6000000000,3.0000000000,0.8000000000,102,110,102,110,104,112
393,neighbor,False,CONCRETE_OR_STEEL_STRESS,999999999.0000000000,999999999.0000000000,0.2500000000,0.2500000000,0.3000000000,3.0000000000,1.0000000000,104,110,103,110,104,112
394,neighbor,False,CONCRETE_OR_STEEL_STRESS,999999999.0000000000,999999999.0000000000,0.2500000000,0.2500000000,0.5000000000,3.0000000000,0.8000000000,104,111,104,110,104,110
395,neighbor,False,WSD_CRITERIA_UNVERIFIED,999999999.0000000000,999999999.0000000000,0.2500000000,0.3000000000,0.7000000000,3.0000000000,1.0000000000,103,112,104,110,104,110
396,neighbor,False,CONCRETE_OR_STEEL_STRESS,999999999.0000000000,999999999.0000000000,0.2500000000,0.2500000000,0.4000000000,3.0000000000,1.0000000000,104,110,103,110,103,112
397,neighbor,False,CONCRETE_OR_STEEL_STRESS,999999999.0000000000,999999999.0000000000,0.2500000000,0.2500000000,0.4000000000,3.0000000000,1.0000000000,103,111,104,110,102,110
398,neighbor,False,CONCRETE_OR_STEEL_STRESS,999999999.0000000000,999999999.0000000000,0.2000000000,0.3000000000,0.4500000000,2.5000000000,1.0000000000,102,111,102,110,102,112
399,neighbor,False,CONCRETE_OR_STEEL_STRESS,999999999.0000000000,999999999.0000000000,0.2500000000,0.3000000000,0.6000000000,3.0000000000,0.9000000000,102,112,104,110,104,112
400,neighbor,False,WSD_CRITERIA_UNVERIFIED,999999999.0000000000,999999999.0000000000,0.2750000000,0.3500000000,0.4500000000,3.0000000000,0.9000000000,104,110,104,110,103,110
401,neighbor,False,WSD_CRITERIA_UNVERIFIED,999999999.0000000000,999999999.0000000000,0.2500000000,0.3000000000,0.7000000000,2.5000000000,0.8000000000,104,112,104,110,102,110
402,neighbor,False,CONCRETE_OR_STEEL_STRESS,999999999.0000000000,999999999.0000000000,0.2000000000,0.2000000000,0.4000000000,3.0000000000,1.0000000000,103,110,104,110,104,111
403,neighbor,False,WSD_CRITERIA_UNVERIFIED,999999999.0000000000,999999999.0000000000,0.3000000000,0.4000000000,0.4000000000,2.5000000000,1.0000000000,104,110,104,111,102,110
404,neighbor,False,CONCRETE_OR_STEEL_STRESS,999999999.0000000000,999999999.0000000000,0.2500000000,0.2500000000,0.3000000000,2.5000000000,0.8000000000,104,110,102,111,102,110
405,neighbor,False,CONCRETE_OR_STEEL_STRESS,999999999.0000000000,999999999.0000000000,0.2500000000,0.2500000000,0.3000000000,3.0000000000,1.0000000000,104,112,104,110,102,111
406,neighbor,False,WSD_CRITERIA_UNVERIFIED,999999999.0000000000,999999999.0000000000,0.2000000000,0.3000000000,0.5000000000,3.0000000000,0.8000000000,103,110,102,110,104,110
407,neighbor,False,WSD_CRITERIA_UNVERIFIED,999999999.0000000000,999999999.0000000000,0.2750000000,0.3000000000,0.3000000000,3.0000000000,1.0000000000,103,110,104,110,102,110
408,neighbor,False,CONCRETE_OR_STEEL_STRESS,999999999.0000000000,999999999.0000000000,0.3000000000,0.3500000000,0.3000000000,3.0000000000,0.8000000000,104,110,102,112,102,112
409,neighbor,False,CONCRETE_OR_STEEL_STRESS,999999999.0000000000,999999999.0000000000,0.2500000000,0.2500000000,0.3000000000,2.5000000000,1.0000000000,102,110,104,112,104,112
410,neighbor,False,WSD_CRITERIA_UNVERIFIED,999999999.0000000000,999999999.0000000000,0.2750000000,0.3500000000,0.6000000000,2.5000000000,1.0000000000,104,110,104,110,102,111
411,neighbor,False,WSD_CRITERIA_UNVERIFIED,999999999.0000000000,999999999.0000000000,0.2250000000,0.4000000000,0.5000000000,3.0000000000,1.0000000000,104,110,104,111,104,110
412,neighbor,False,CONCRETE_OR_STEEL_STRESS,999999999.0000000000,999999999.0000000000,0.2000000000,0.2000000000,0.5500000000,3.0000000000,1.0000000000,104,110,103,110,104,110
413,neighbor,False,WSD_CRITERIA_UNVERIFIED,999999999.0000000000,999999999.0000000000,0.2250000000,0.3000000000,0.3000000000,2.5000000000,1.0000000000,104,111,102,111,103,112
414,neighbor,False,CONCRETE_OR_STEEL_STRESS,999999999.0000000000,999999999.0000000000,0.3000000000,0.3000000000,0.4500000000,3.0000000000,1.0000000000,103,112,103,110,104,111
415,neighbor,False,WSD_CRITERIA_UNVERIFIED,999999999.0000000000,999999999.0000000000,0.2500000000,0.4000000000,0.5500000000,2.5000000000,1.0000000000,104,110,104,111,102,110
416,neighbor,False,WSD_CRITERIA_UNVERIFIED,999999999.0000000000,999999999.0000000000,0.3000000000,0.4000000000,0.4000000000,2.5000000000,1.0000000000,102,110,104,110,104,110
417,neighbor,False,WSD_CRITERIA_UNVERIFIED,999999999.0000000000,999999999.0000000000,0.2250000000,0.3000000000,0.3000000000,3.0000000000,1.0000000000,102,110,102,110,104,110
418,neighbor,False,CONCRETE_OR_STEEL_STRESS,999999999.0000000000,999999999.0000000000,0.2500000000,0.2500000000,0.6500000000,2.5000000000,0.9000000000,104,110,104,111,104,112
419,neighbor,False,CONCRETE_OR_STEEL_STRESS,999999999.0000000000,999999999.0000000000,0.2000000000,0.2000000000,0.5000000000,2.5000000000,1.0000000000,104,112,102,111,103,110
420,neighbor,False,CONCRETE_OR_STEEL_STRESS,999999999.0000000000,999999999.0000000000,0.2000000000,0.2000000000,0.5500000000,2.5000000000,1.0000000000,104,111,103,110,102,112
421,neighbor,False,WSD_CRITERIA_UNVERIFIED,999999999.0000000000,999999999.0000000000,0.3000000000,0.3500000000,0.3500000000,3.0000000000,0.9000000000,102,110,103,110,102,112
422,neighbor,False,WSD_CRITERIA_UNVERIFIED,999999999.0000000000,999999999.0000000000,0.2250000000,0.4000000000,0.7000000000,2.5000000000,0.9000000000,104,110,102,111,104,112
423,neighbor,False,CONCRETE_OR_STEEL_STRESS,999999999.0000000000,999999999.0000000000,0.2000000000,0.2000000000,0.5000000000,3.0000000000,0.9000000000,104,110,102,110,104,111
424,neighbor,False,WSD_CRITERIA_UNVERIFIED,999999999.0000000000,999999999.0000000000,0.2000000000,0.3500000000,0.4500000000,2.5000000000,1.0000000000,104,110,103,110,102,110
425,neighbor,False,WSD_CRITERIA_UNVERIFIED,999999999.0000000000,999999999.0000000000,0.2000000000,0.4000000000,0.4000000000,2.5000000000,0.8000000000,104,110,103,111,103,110
426,neighbor,False,WSD_CRITERIA_UNVERIFIED,999999999.0000000000,999999999.0000000000,0.3000000000,0.3000000000,0.3000000000,3.0000000000,0.9000000000,104,111,104,112,104,111
427,reset,False,WSD_CRITERIA_UNVERIFIED,999999999.0000000000,999999999.0000000000,0.2500000000,0.3000000000,0.5500000000,2.5000000000,1.0000000000,104,110,104,110,104,110
428,neighbor,False,CONCRETE_OR_STEEL_STRESS,999999999.0000000000,999999999.0000000000,0.2250000000,0.2500000000,0.7500000000,2.5000000000,1.0000000000,102,110,103,110,103,110
429,neighbor,False,CONCRETE_OR_STEEL_STRESS,999999999.0000000000,999999999.0000000000,0.2250000000,0.2500000000,0.7500000000,3.0000000000,1.0000000000,104,111,104,111,104,111
430,neighbor,False,WSD_CRITERIA_UNVERIFIED,999999999.0000000000,999999999.0000000000,0.2000000000,0.4000000000,0.3500000000,2.5000000000,0.9000000000,102,110,104,110,104,112
431,neighbor,False,CONCRETE_OR_STEEL_STRESS,999999999.0000000000,999999999.0000000000,0.2000000000,0.2000000000,0.7500000000,2.5000000000,1.0000000000,104,110,104,110,104,111
432,neighbor,False,WSD_CRITERIA_UNVERIFIED,999999999.0000000000,999999999.0000000000,0.3000000000,0.4000000000,0.4000000000,2.5000000000,0.8000000000,104,111,104,112,104,110
433,neighbor,False,CONCRETE_OR_STEEL_STRESS,999999999.0000000000,999999999.0000000000,0.2250000000,0.2500000000,0.3500000000,2.5000000000,1.0000000000,103,110,104,110,103,112
434,neighbor,False,CONCRETE_OR_STEEL_STRESS,999999999.0000000000,999999999.0000000000,0.2000000000,0.2000000000,0.6500000000,2.5000000000,1.0000000000,104,112,104,110,104,111
435,neighbor,False,CONCRETE_OR_STEEL_STRESS,999999999.0000000000,999999999.0000000000,0.2500000000,0.2500000000,0.6500000000,2.5000000000,0.9000000000,104,110,103,110,102,110
436,neighbor,False,WSD_CRITERIA_UNVERIFIED,999999999.0000000000,999999999.0000000000,0.2500000000,0.4000000000,0.7000000000,2.5000000000,1.0000000000,104,110,102,111,102,112
437,neighbor,False,CONCRETE_OR_STEEL_STRESS,999999999.0000000000,999999999.0000000000,0.2500000000,0.2500000000,0.5000000000,2.5000000000,1.0000000000,104,111,104,112,103,110
438,neighbor,False,CONCRETE_OR_STEEL_STRESS,999999999.0000000000,999999999.0000000000,0.2000000000,0.2000000000,0.7500000000,2.5000000000,0.9000000000,104,110,103,110,104,110
439,neighbor,False,WSD_CRITERIA_UNVERIFIED,999999999.0000000000,999999999.0000000000,0.2750000000,0.3000000000,0.7500000000,2.5000000000,1.0000000000,104,110,104,110,104,111
440,neighbor,False,WSD_CRITERIA_UNVERIFIED,999999999.0000000000,999999999.0000000000,0.2500000000,0.3500000000,0.4000000000,2.5000000000,1.0000000000,104,110,104,112,104,111
441,neighbor,False,WSD_CRITERIA_UNVERIFIED,999999999.0000000000,999999999.0000000000,0.2750000000,0.3500000000,0.5000000000,2.5000000000,0.8000000000,104,110,104,111,104,111
442,neighbor,False,WSD_CRITERIA_UNVERIFIED,999999999.0000000000,999999999.0000000000,0.2750000000,0.3500000000,0.4000000000,3.0000000000,1.0000000000,104,112,102,110,104,110
443,neighbor,False,CONCRETE_OR_STEEL_STRESS,999999999.0000000000,999999999.0000000000,0.2000000000,0.2500000000,0.5000000000,3.0000000000,1.0000000000,102,110,102,112,102,110
444,neighbor,False,WSD_CRITERIA_UNVERIFIED,999999999.0000000000,999999999.0000000000,0.2250000000,0.4000000000,0.5500000000,2.5000000000,0.9000000000,104,110,104,111,102,110
445,neighbor,False,CONCRETE_OR_STEEL_STRESS,999999999.0000000000,999999999.0000000000,0.2000000000,0.2000000000,0.3500000000,2.5000000000,1.0000000000,104,110,104,110,104,110
446,neighbor,False,CONCRETE_OR_STEEL_STRESS,999999999.0000000000,999999999.0000000000,0.2000000000,0.2000000000,0.6000000000,2.5000000000,0.9000000000,102,110,104,110,102,110
447,neighbor,False,CONCRETE_OR_STEEL_STRESS,999999999.0000000000,999999999.0000000000,0.2000000000,0.2000000000,0.7000000000,2.5000000000,0.8000000000,104,111,104,110,104,110
448,neighbor,False,WSD_CRITERIA_UNVERIFIED,999999999.0000000000,999999999.0000000000,0.2500000000,0.3500000000,0.4500000000,3.0000000000,0.9000000000,102,110,104,110,103,111
449,neighbor,False,WSD_CRITERIA_UNVERIFIED,999999999.0000000000,999999999.0000000000,0.2500000000,0.2500000000,0.7000000000,2.5000000000,1.0000000000,104,110,104,110,103,112
450,neighbor,False,WSD_CRITERIA_UNVERIFIED,999999999.0000000000,999999999.0000000000,0.2750000000,0.3500000000,0.7500000000,2.5000000000,0.8000000000,104,110,102,112,104,110
451,neighbor,False,WSD_CRITERIA_UNVERIFIED,999999999.0000000000,999999999.0000000000,0.3000000000,0.3000000000,0.4000000000,3.0000000000,1.0000000000,104,110,104,111,104,110
452,neighbor,False,WSD_CRITERIA_UNVERIFIED,999999999.0000000000,999999999.0000000000,0.2000000000,0.3500000000,0.5500000000,2.5000000000,1.0000000000,104,110,103,110,104,112
453,neighbor,False,WSD_CRITERIA_UNVERIFIED,999999999.0000000000,999999999.0000000000,0.2500000000,0.3000000000,0.7500000000,3.0000000000,1.0000000000,103,110,104,111,102,110
454,neighbor,False,CONCRETE_OR_STEEL_STRESS,999999999.0000000000,999999999.0000000000,0.2250000000,0.2500000000,0.5500000000,3.0000000000,1.0000000000,103,110,103,110,103,112
455,neighbor,False,WSD_CRITERIA_UNVERIFIED,999999999.0000000000,999999999.0000000000,0.2250000000,0.4000000000,0.3000000000,3.0000000000,1.0000000000,102,110,103,111,102,110
456,neighbor,False,CONCRETE_OR_STEEL_STRESS,999999999.0000000000,999999999.0000000000,0.2000000000,0.2000000000,0.6000000000,2.5000000000,0.8000000000,104,111,104,110,104,112
457,neighbor,False,CONCRETE_OR_STEEL_STRESS,999999999.0000000000,999999999.0000000000,0.2500000000,0.2500000000,0.7000000000,2.5000000000,1.0000000000,104,111,104,110,104,110
458,neighbor,False,WSD_CRITERIA_UNVERIFIED,999999999.0000000000,999999999.0000000000,0.2500000000,0.3500000000,0.5000000000,2.5000000000,1.0000000000,102,110,104,110,104,110
459,neighbor,False,WSD_CRITERIA_UNVERIFIED,999999999.0000000000,999999999.0000000000,0.2500000000,0.3000000000,0.6000000000,2.5000000000,1.0000000000,104,110,104,111,104,110
460,neighbor,False,CONCRETE_OR_STEEL_STRESS,999999999.0000000000,999999999.0000000000,0.2500000000,0.2500000000,0.6000000000,3.0000000000,1.0000000000,104,110,104,111,103,111
461,neighbor,False,WSD_CRITERIA_UNVERIFIED,999999999.0000000000,999999999.0000000000,0.2000000000,0.2500000000,0.7500000000,2.5000000000,1.0000000000,103,110,104,110,103,110
462,neighbor,False,CONCRETE_OR_STEEL_STRESS,999999999.0000000000,999999999.0000000000,0.2000000000,0.2000000000,0.4000000000,2.5000000000,1.0000000000,102,111,104,110,103,112
463,neighbor,False,WSD_CRITERIA_UNVERIFIED,999999999.0000000000,999999999.0000000000,0.3000000000,0.3000000000,0.7000000000,2.5000000000,1.0000000000,104,110,102,111,103,110
464,neighbor,False,CONCRETE_OR_STEEL_STRESS,999999999.0000000000,999999999.0000000000,0.2000000000,0.2000000000,0.3000000000,2.5000000000,0.9000000000,104,112,104,111,102,112
465,neighbor,False,WSD_CRITERIA_UNVERIFIED,999999999.0000000000,999999999.0000000000,0.2750000000,0.4000000000,0.3500000000,2.5000000000,1.0000000000,103,112,103,110,104,111
466,neighbor,False,WSD_CRITERIA_UNVERIFIED,999999999.0000000000,999999999.0000000000,0.2750000000,0.4000000000,0.4500000000,2.5000000000,1.0000000000,102,110,104,112,104,112
467,neighbor,False,CONCRETE_OR_STEEL_STRESS,999999999.0000000000,999999999.0000000000,0.2000000000,0.2000000000,0.6500000000,3.0000000000,1.0000000000,104,110,104,110,104,112
468,neighbor,False,WSD_CRITERIA_UNVERIFIED,999999999.0000000000,999999999.0000000000,0.2250000000,0.3000000000,0.7000000000,2.5000000000,1.0000000000,104,110,104,110,103,110
469,neighbor,False,WSD_CRITERIA_UNVERIFIED,999999999.0000000000,999999999.0000000000,0.2500000000,0.4000000000,0.5000000000,2.5000000000,1.0000000000,104,112,104,112,104,110
470,neighbor,False,WSD_CRITERIA_UNVERIFIED,999999999.0000000000,999999999.0000000000,0.2750000000,0.3500000000,0.4500000000,3.0000000000,1.0000000000,104,110,104,110,102,110
471,neighbor,False,WSD_CRITERIA_UNVERIFIED,999999999.0000000000,999999999.0000000000,0.2250000000,0.3000000000,0.6000000000,2.5000000000,0.9000000000,102,110,104,111,104,112
472,neighbor,False,WSD_CRITERIA_UNVERIFIED,999999999.0000000000,999999999.0000000000,0.2750000000,0.3000000000,0.7500000000,3.0000000000,1.0000000000,104,110,104,110,103,110
473,neighbor,False,WSD_CRITERIA_UNVERIFIED,999999999.0000000000,999999999.0000000000,0.2250000000,0.3000000000,0.6500000000,2.5000000000,1.0000000000,104,112,103,111,104,111
474,neighbor,False,WSD_CRITERIA_UNVERIFIED,999999999.0000000000,999999999.0000000000,0.2500000000,0.3000000000,0.7500000000,2.5000000000,1.0000000000,104,110,103,110,102,111
475,neighbor,False,WSD_CRITERIA_UNVERIFIED,999999999.0000000000,999999999.0000000000,0.2750000000,0.3500000000,0.3000000000,2.5000000000,0.8000000000,104,112,104,111,104,112
476,neighbor,False,CONCRETE_OR_STEEL_STRESS,999999999.0000000000,999999999.0000000000,0.2000000000,0.2500000000,0.3500000000,2.5000000000,1.0000000000,103,110,104,112,104,112
477,neighbor,False,WSD_CRITERIA_UNVERIFIED,999999999.0000000000,999999999.0000000000,0.2500000000,0.3000000000,0.3500000000,2.5000000000,0.8000000000,102,110,104,110,104,112
478,neighbor,False,WSD_CRITERIA_UNVERIFIED,999999999.0000000000,999999999.0000000000,0.3000000000,0.4000000000,0.6000000000,2.5000000000,1.0000000000,104,110,102,112,102,110
479,neighbor,False,WSD_CRITERIA_UNVERIFIED,999999999.0000000000,999999999.0000000000,0.2500000000,0.3000000000,0.4000000000,2.5000000000,1.0000000000,104,112,102,112,103,111
480,neighbor,False,WSD_CRITERIA_UNVERIFIED,999999999.0000000000,999999999.0000000000,0.2250000000,0.3500000000,0.7500000000,2.5000000000,1.0000000000,104,110,104,110,102,110
481,neighbor,False,WSD_CRITERIA_UNVERIFIED,999999999.0000000000,999999999.0000000000,0.2250000000,0.2500000000,0.7500000000,2.5000000000,1.0000000000,104,110,104,112,104,110
482,neighbor,False,CONCRETE_OR_STEEL_STRESS,999999999.0000000000,999999999.0000000000,0.2500000000,0.2500000000,0.5500000000,2.5000000000,1.0000000000,104,110,103,112,102,110
483,neighbor,False,WSD_CRITERIA_UNVERIFIED,999999999.0000000000,999999999.0000000000,0.3000000000,0.3500000000,0.6500000000,2.5000000000,0.8000000000,103,110,104,110,104,112
484,neighbor,False,CONCRETE_OR_STEEL_STRESS,999999999.0000000000,999999999.0000000000,0.2000000000,0.2000000000,0.4500000000,2.5000000000,1.0000000000,104,111,104,112,104,111
485,neighbor,False,WSD_CRITERIA_UNVERIFIED,999999999.0000000000,999999999.0000000000,0.2500000000,0.4000000000,0.3000000000,2.5000000000,0.8000000000,104,112,102,110,104,110
486,neighbor,False,CONCRETE_OR_STEEL_STRESS,999999999.0000000000,999999999.0000000000,0.2000000000,0.2000000000,0.3000000000,2.5000000000,1.0000000000,104,112,102,112,102,111
487,neighbor,False,CONCRETE_OR_STEEL_STRESS,999999999.0000000000,999999999.0000000000,0.2000000000,0.2000000000,0.5500000000,2.5000000000,0.8000000000,104,110,104,111,104,110
488,neighbor,False,CONCRETE_OR_STEEL_STRESS,999999999.0000000000,999999999.0000000000,0.2000000000,0.2000000000,0.4500000000,3.0000000000,0.8000000000,102,111,103,110,104,111
489,neighbor,False,CONCRETE_OR_STEEL_STRESS,999999999.0000000000,999999999.0000000000,0.2250000000,0.2500000000,0.3500000000,2.5000000000,1.0000000000,103,110,104,111,102,110
490,neighbor,False,CONCRETE_OR_STEEL_STRESS,999999999.0000000000,999999999.0000000000,0.2500000000,0.2500000000,0.4500000000,3.0000000000,1.0000000000,104,110,102,110,104,110
491,neighbor,False,CONCRETE_OR_STEEL_STRESS,999999999.0000000000,999999999.0000000000,0.2500000000,0.2500000000,0.7500000000,2.5000000000,0.8000000000,102,110,104,112,104,110
492,neighbor,False,WSD_CRITERIA_UNVERIFIED,999999999.0000000000,999999999.0000000000,0.2000000000,0.3500000000,0.3000000000,2.5000000000,1.0000000000,104,110,104,110,102,110
493,neighbor,False,WSD_CRITERIA_UNVERIFIED,999999999.0000000000,999999999.0000000000,0.2000000000,0.3500000000,0.6500000000,3.0000000000,0.8000000000,104,112,103,112,104,111
494,neighbor,False,WSD_CRITERIA_UNVERIFIED,999999999.0000000000,999999999.0000000000,0.2500000000,0.3000000000,0.7000000000,2.5000000000,0.9000000000,104,112,103,111,102,110
495,neighbor,False,CONCRETE_OR_STEEL_STRESS,999999999.0000000000,999999999.0000000000,0.2000000000,0.2000000000,0.5500000000,2.5000000000,1.0000000000,103,110,103,111,104,110
496,neighbor,False,WSD_CRITERIA_UNVERIFIED,999999999.0000000000,999999999.0000000000,0.2250000000,0.3500000000,0.4000000000,2.5000000000,1.0000000000,103,110,103,110,102,110
497,neighbor,False,WSD_CRITERIA_UNVERIFIED,999999999.0000000000,999999999.0000000000,0.2000000000,0.3000000000,0.7500000000,2.5000000000,1.0000000000,102,110,102,110,104,110
498,neighbor,False,CONCRETE_OR_STEEL_STRESS,999999999.0000000000,999999999.0000000000,0.2500000000,0.2500000000,0.5500000000,2.5000000000,1.0000000000,104,112,104,110,102,110
499,neighbor,False,WSD_CRITERIA_UNVERIFIED,999999999.0000000000,999999999.0000000000,0.3000000000,0.3000000000,0.7500000000,3.0000000000,0.9000000000,104,112,102,110,104,110
500,neighbor,False,WSD_CRITERIA_UNVERIFIED,999999999.0000000000,999999999.0000000000,0.2000000000,0.4000000000,0.5000000000,3.0000000000,1.0000000000,104,112,104,112,104,110
501,neighbor,False,WSD_CRITERIA_UNVERIFIED,999999999.0000000000,999999999.0000000000,0.2000000000,0.4000000000,0.6000000000,2.5000000000,0.9000000000,104,110,103,112,104,110
502,neighbor,False,WSD_CRITERIA_UNVERIFIED,999999999.0000000000,999999999.0000000000,0.2000000000,0.3000000000,0.7000000000,2.5000000000,0.9000000000,103,110,104,112,103,110
503,neighbor,False,CONCRETE_OR_STEEL_STRESS,999999999.0000000000,999999999.0000000000,0.2500000000,0.2500000000,0.7000000000,2.5000000000,0.9000000000,104,112,104,110,104,112
504,neighbor,False,CONCRETE_OR_STEEL_STRESS,999999999.0000000000,999999999.0000000000,0.2000000000,0.2000000000,0.7000000000,2.5000000000,1.0000000000,103,112,102,110,102,112
505,neighbor,False,CONCRETE_OR_STEEL_STRESS,999999999.0000000000,999999999.0000000000,0.2000000000,0.2000000000,0.6000000000,2.5000000000,1.0000000000,104,110,104,110,104,112
506,neighbor,False,WSD_CRITERIA_UNVERIFIED,999999999.0000000000,999999999.0000000000,0.2750000000,0.4000000000,0.7500000000,3.0000000000,0.9000000000,104,111,104,110,104,111
507,neighbor,False,CONCRETE_OR_STEEL_STRESS,999999999.0000000000,999999999.0000000000,0.2000000000,0.2000000000,0.7500000000,3.0000000000,1.0000000000,104,110,102,111,104,110
508,neighbor,False,CONCRETE_OR_STEEL_STRESS,999999999.0000000000,999999999.0000000000,0.2500000000,0.2500000000,0.6500000000,3.0000000000,0.9000000000,104,110,104,112,104,110
509,neighbor,False,WSD_CRITERIA_UNVERIFIED,999999999.0000000000,999999999.0000000000,0.2250000000,0.4000000000,0.7000000000,2.5000000000,1.0000000000,102,110,104,111,104,110
510,neighbor,False,WSD_CRITERIA_UNVERIFIED,999999999.0000000000,999999999.0000000000,0.2750000000,0.4000000000,0.7000000000,3.0000000000,1.0000000000,104,111,103,111,103,110
511,neighbor,False,CONCRETE_OR_STEEL_STRESS,999999999.0000000000,999999999.0000000000,0.2750000000,0.4000000000,0.6000000000,2.5000000000,1.0000000000,102,112,104,110,102,112
512,neighbor,False,WSD_CRITERIA_UNVERIFIED,999999999.0000000000,999999999.0000000000,0.2250000000,0.3500000000,0.7500000000,2.5000000000,0.9000000000,104,110,104,111,103,112
513,neighbor,False,CONCRETE_OR_STEEL_STRESS,999999999.0000000000,999999999.0000000000,0.2000000000,0.2000000000,0.3500000000,2.5000000000,0.9000000000,104,110,103,111,102,110
514,neighbor,False,WSD_CRITERIA_UNVERIFIED,999999999.0000000000,999999999.0000000000,0.3000000000,0.3500000000,0.5500000000,2.5000000000,0.9000000000,104,112,104,110,104,110
515,neighbor,False,WSD_CRITERIA_UNVERIFIED,999999999.0000000000,999999999.0000000000,0.3000000000,0.3500000000,0.6500000000,3.0000000000,0.9000000000,104,111,104,111,104,110
516,neighbor,False,WSD_CRITERIA_UNVERIFIED,999999999.0000000000,999999999.0000000000,0.2500000000,0.3500000000,0.5000000000,2.5000000000,1.0000000000,104,110,102,111,104,110
517,neighbor,False,WSD_CRITERIA_UNVERIFIED,999999999.0000000000,999999999.0000000000,0.2000000000,0.4000000000,0.7000000000,2.5000000000,1.0000000000,102,111,103,112,102,112
518,neighbor,False,CONCRETE_OR_STEEL_STRESS,999999999.0000000000,999999999.0000000000,0.2000000000,0.2000000000,0.7500000000,2.5000000000,1.0000000000,104,110,103,110,103,110
519,neighbor,False,WSD_CRITERIA_UNVERIFIED,999999999.0000000000,999999999.0000000000,0.2000000000,0.3000000000,0.7500000000,3.0000000000,1.0000000000,103,111,103,112,104,112
520,neighbor,False,WSD_CRITERIA_UNVERIFIED,999999999.0000000000,999999999.0000000000,0.2250000000,0.3500000000,0.3000000000,3.0000000000,0.8000000000,104,111,103,110,104,110
521,neighbor,False,WSD_CRITERIA_UNVERIFIED,999999999.0000000000,999999999.0000000000,0.2500000000,0.2500000000,0.7500000000,3.0000000000,1.0000000000,104,110,104,110,103,110
522,neighbor,False,WSD_CRITERIA_UNVERIFIED,999999999.0000000000,999999999.0000000000,0.2750000000,0.4000000000,0.7500000000,2.5000000000,0.8000000000,103,110,103,110,104,111
523,neighbor,False,WSD_CRITERIA_UNVERIFIED,999999999.0000000000,999999999.0000000000,0.2750000000,0.4000000000,0.5500000000,2.5000000000,1.0000000000,104,110,104,110,104,111
524,neighbor,False,WSD_CRITERIA_UNVERIFIED,999999999.0000000000,999999999.0000000000,0.3000000000,0.3500000000,0.5000000000,2.5000000000,0.8000000000,104,110,104,111,104,110
525,neighbor,False,WSD_CRITERIA_UNVERIFIED,999999999.0000000000,999999999.0000000000,0.3000000000,0.3000000000,0.3000000000,2.5000000000,0.8000000000,102,110,102,110,104,110
526,neighbor,False,WSD_CRITERIA_UNVERIFIED,999999999.0000000000,999999999.0000000000,0.2750000000,0.3000000000,0.7500000000,2.5000000000,0.9000000000,104,110,102,110,104,110
527,neighbor,False,CONCRETE_OR_STEEL_STRESS,999999999.0000000000,999999999.0000000000,0.2500000000,0.2500000000,0.4500000000,2.5000000000,0.8000000000,104,110,104,112,104,110
528,neighbor,False,CONCRETE_OR_STEEL_STRESS,999999999.0000000000,999999999.0000000000,0.2000000000,0.2000000000,0.3500000000,2.5000000000,1.0000000000,104,112,104,111,104,110
529,neighbor,False,WSD_CRITERIA_UNVERIFIED,999999999.0000000000,999999999.0000000000,0.3000000000,0.3500000000,0.7500000000,2.5000000000,1.0000000000,104,111,104,111,104,110
530,neighbor,False,WSD_CRITERIA_UNVERIFIED,999999999.0000000000,999999999.0000000000,0.2500000000,0.2500000000,0.7500000000,3.0000000000,0.8000000000,104,110,104,111,104,110
531,neighbor,False,WSD_CRITERIA_UNVERIFIED,999999999.0000000000,999999999.0000000000,0.3000000000,0.3500000000,0.3500000000,3.0000000000,1.0000000000,104,110,104,111,103,111
532,neighbor,False,CONCRETE_OR_STEEL_STRESS,999999999.0000000000,999999999.0000000000,0.2000000000,0.2500000000,0.7500000000,2.5000000000,1.0000000000,104,112,103,110,104,112
533,neighbor,False,WSD_CRITERIA_UNVERIFIED,999999999.0000000000,999999999.0000000000,0.2250000000,0.3500000000,0.7000000000,3.0000000000,0.9000000000,103,110,104,110,102,110
534,neighbor,False,WSD_CRITERIA_UNVERIFIED,999999999.0000000000,999999999.0000000000,0.3000000000,0.4000000000,0.7000000000,3.0000000000,1.0000000000,104,110,104,110,104,110
535,neighbor,False,CONCRETE_OR_STEEL_STRESS,999999999.0000000000,999999999.0000000000,0.2000000000,0.3000000000,0.4500000000,2.5000000000,1.0000000000,102,112,104,112,104,111
536,neighbor,False,CONCRETE_OR_STEEL_STRESS,999999999.0000000000,999999999.0000000000,0.2250000000,0.2500000000,0.5000000000,3.0000000000,0.9000000000,102,110,102,111,104,112
537,neighbor,False,CONCRETE_OR_STEEL_STRESS,999999999.0000000000,999999999.0000000000,0.2000000000,0.2000000000,0.6500000000,2.5000000000,0.8000000000,104,110,103,111,104,110
538,neighbor,False,CONCRETE_OR_STEEL_STRESS,999999999.0000000000,999999999.0000000000,0.2750000000,0.3500000000,0.3000000000,2.5000000000,0.9000000000,102,112,104,112,104,110
539,neighbor,False,WSD_CRITERIA_UNVERIFIED,999999999.0000000000,999999999.0000000000,0.2500000000,0.3500000000,0.6000000000,2.5000000000,0.9000000000,103,111,102,110,104,111
540,neighbor,False,CONCRETE_OR_STEEL_STRESS,999999999.0000000000,999999999.0000000000,0.2000000000,0.2000000000,0.7500000000,3.0000000000,0.9000000000,104,111,104,111,104,111
541,neighbor,False,CONCRETE_OR_STEEL_STRESS,999999999.0000000000,999999999.0000000000,0.2000000000,0.2500000000,0.3000000000,2.5000000000,1.0000000000,104,112,104,111,103,110
542,neighbor,False,WSD_CRITERIA_UNVERIFIED,999999999.0000000000,999999999.0000000000,0.3000000000,0.3000000000,0.3500000000,2.5000000000,1.0000000000,104,112,103,110,104,110
543,neighbor,False,CONCRETE_OR_STEEL_STRESS,999999999.0000000000,999999999.0000000000,0.2500000000,0.2500000000,0.3000000000,3.0000000000,1.0000000000,102,110,103,111,103,110
544,neighbor,False,WSD_CRITERIA_UNVERIFIED,999999999.0000000000,999999999.0000000000,0.2500000000,0.4000000000,0.3000000000,3.0000000000,1.0000000000,102,110,103,110,104,111
545,neighbor,False,CONCRETE_OR_STEEL_STRESS,999999999.0000000000,999999999.0000000000,0.2000000000,0.2500000000,0.6500000000,2.5000000000,1.0000000000,103,110,102,110,103,111
546,neighbor,False,WSD_CRITERIA_UNVERIFIED,999999999.0000000000,999999999.0000000000,0.2500000000,0.3500000000,0.6500000000,2.5000000000,1.0000000000,104,111,104,110,104,110
547,neighbor,False,CONCRETE_OR_STEEL_STRESS,999999999.0000000000,999999999.0000000000,0.2250000000,0.2500000000,0.7000000000,2.5000000000,0.9000000000,104,112,103,111,102,112
548,neighbor,False,WSD_CRITERIA_UNVERIFIED,999999999.0000000000,999999999.0000000000,0.2000000000,0.4000000000,0.6000000000,3.0000000000,0.8000000000,104,110,104,110,104,110
549,neighbor,False,WSD_CRITERIA_UNVERIFIED,999999999.0000000000,999999999.0000000000,0.3000000000,0.3000000000,0.7500000000,3.0000000000,1.0000000000,103,112,104,110,103,110
550,neighbor,False,WSD_CRITERIA_UNVERIFIED,999999999.0000000000,999999999.0000000000,0.3000000000,0.4000000000,0.4000000000,3.0000000000,0.8000000000,103,110,104,110,104,111
551,neighbor,False,CONCRETE_OR_STEEL_STRESS,999999999.0000000000,999999999.0000000000,0.2000000000,0.2000000000,0.3500000000,2.5000000000,1.0000000000,102,110,102,110,103,110
552,neighbor,False,WSD_CRITERIA_UNVERIFIED,999999999.0000000000,999999999.0000000000,0.2500000000,0.3500000000,0.4000000000,2.5000000000,0.8000000000,103,112,103,112,104,111
553,neighbor,False,CONCRETE_OR_STEEL_STRESS,999999999.0000000000,999999999.0000000000,0.2000000000,0.2000000000,0.5000000000,2.5000000000,1.0000000000,104,110,104,110,102,110
554,neighbor,False,WSD_CRITERIA_UNVERIFIED,999999999.0000000000,999999999.0000000000,0.2500000000,0.3000000000,0.7500000000,3.0000000000,1.0000000000,103,110,104,112,104,110
555,neighbor,False,CONCRETE_OR_STEEL_STRESS,999999999.0000000000,999999999.0000000000,0.2500000000,0.3500000000,0.6000000000,3.0000000000,1.0000000000,102,112,104,112,103,110
556,neighbor,False,CONCRETE_OR_STEEL_STRESS,999999999.0000000000,999999999.0000000000,0.2500000000,0.2500000000,0.5500000000,2.5000000000,0.8000000000,103,110,102,110,102,112
557,neighbor,False,WSD_CRITERIA_UNVERIFIED,999999999.0000000000,999999999.0000000000,0.2250000000,0.4000000000,0.7500000000,3.0000000000,1.0000000000,103,112,102,112,104,110
558,neighbor,False,CONCRETE_OR_STEEL_STRESS,999999999.0000000000,999999999.0000000000,0.2000000000,0.2000000000,0.3500000000,3.0000000000,1.0000000000,104,110,104,110,104,110
559,neighbor,False,CONCRETE_OR_STEEL_STRESS,999999999.0000000000,999999999.0000000000,0.2500000000,0.2500000000,0.4000000000,2.5000000000,0.8000000000,103,110,103,111,103,111
560,neighbor,False,WSD_CRITERIA_UNVERIFIED,999999999.0000000000,999999999.0000000000,0.2250000000,0.3000000000,0.4000000000,2.5000000000,1.0000000000,104,111,104,110,104,111
561,neighbor,False,CONCRETE_OR_STEEL_STRESS,999999999.0000000000,999999999.0000000000,0.2000000000,0.2000000000,0.4500000000,2.5000000000,0.8000000000,103,111,102,110,104,110
562,neighbor,False,CONCRETE_OR_STEEL_STRESS,999999999.0000000000,999999999.0000000000,0.2000000000,0.2000000000,0.5000000000,3.0000000000,1.0000000000,104,110,104,112,104,111
563,neighbor,False,WSD_CRITERIA_UNVERIFIED,999999999.0000000000,999999999.0000000000,0.2500000000,0.3000000000,0.6000000000,2.5000000000,0.9000000000,102,110,102,110,104,110
564,neighbor,False,CONCRETE_OR_STEEL_STRESS,999999999.0000000000,999999999.0000000000,0.2000000000,0.2000000000,0.7500000000,3.0000000000,1.0000000000,104,111,104,110,103,112
565,neighbor,False,CONCRETE_OR_STEEL_STRESS,999999999.0000000000,999999999.0000000000,0.2000000000,0.2000000000,0.6500000000,2.5000000000,0.8000000000,103,110,104,110,104,110
566,neighbor,False,CONCRETE_OR_STEEL_STRESS,999999999.0000000000,999999999.0000000000,0.2000000000,0.2000000000,0.4000000000,2.5000000000,1.0000000000,104,110,104,110,104,110
567,neighbor,False,CONCRETE_OR_STEEL_STRESS,999999999.0000000000,999999999.0000000000,0.2000000000,0.2000000000,0.5000000000,2.5000000000,0.9000000000,104,110,104,110,104,111
568,reset,False,INVALID_GEOMETRY_OR_INPUT,999999999.0000000000,999999999.0000000000,0.2500000000,0.5500000000,0.3500000000,2.5000000000,1.0000000000,104,110,104,110,104,110
569,neighbor,False,WSD_CRITERIA_UNVERIFIED,999999999.0000000000,999999999.0000000000,0.2250000000,0.5500000000,0.4500000000,3.0000000000,1.0000000000,103,110,102,110,104,110
570,neighbor,False,WSD_CRITERIA_UNVERIFIED,999999999.0000000000,999999999.0000000000,0.2250000000,0.5500000000,0.5500000000,2.5000000000,0.8000000000,104,110,102,110,104,112
571,neighbor,False,WSD_CRITERIA_UNVERIFIED,999999999.0000000000,999999999.0000000000,0.2750000000,0.5000000000,0.3000000000,3.0000000000,0.8000000000,104,110,104,112,104,112
572,neighbor,False,INVALID_GEOMETRY_OR_INPUT,999999999.0000000000,999999999.0000000000,0.3000000000,0.6000000000,0.3000000000,2.5000000000,1.0000000000,104,112,104,111,104,110
573,neighbor,False,WSD_CRITERIA_UNVERIFIED,999999999.0000000000,999999999.0000000000,0.2500000000,0.5500000000,0.5500000000,3.0000000000,0.8000000000,104,111,104,111,102,111
574,neighbor,False,INVALID_GEOMETRY_OR_INPUT,999999999.0000000000,999999999.0000000000,0.2500000000,0.5500000000,0.5500000000,2.5000000000,1.0000000000,104,112,104,110,104,110
575,neighbor,False,WSD_CRITERIA_UNVERIFIED,999999999.0000000000,999999999.0000000000,0.2500000000,0.6000000000,0.3000000000,3.0000000000,1.0000000000,102,110,104,110,104,111
576,neighbor,False,WSD_CRITERIA_UNVERIFIED,999999999.0000000000,999999999.0000000000,0.2500000000,0.6000000000,0.4500000000,2.5000000000,0.9000000000,103,111,102,110,104,110
577,neighbor,False,WSD_CRITERIA_UNVERIFIED,999999999.0000000000,999999999.0000000000,0.3000000000,0.6000000000,0.4500000000,3.0000000000,1.0000000000,103,111,104,111,104,112
578,neighbor,False,INVALID_GEOMETRY_OR_INPUT,999999999.0000000000,999999999.0000000000,0.2250000000,0.6000000000,0.4500000000,2.5000000000,1.0000000000,104,112,104,110,104,111
579,neighbor,False,WSD_CRITERIA_UNVERIFIED,999999999.0000000000,999999999.0000000000,0.2000000000,0.4500000000,0.3000000000,2.5000000000,0.8000000000,103,111,104,110,104,111
580,neighbor,False,WSD_CRITERIA_UNVERIFIED,999999999.0000000000,999999999.0000000000,0.3000000000,0.5500000000,0.3000000000,3.0000000000,0.8000000000,102,110,102,110,103,112
581,neighbor,False,INVALID_GEOMETRY_OR_INPUT,999999999.0000000000,999999999.0000000000,0.2250000000,0.5500000000,0.3000000000,2.5000000000,1.0000000000,104,112,104,112,104,110
582,neighbor,False,WSD_CRITERIA_UNVERIFIED,999999999.0000000000,999999999.0000000000,0.2750000000,0.4500000000,0.4000000000,2.5000000000,1.0000000000,104,112,103,110,104,110
583,neighbor,False,WSD_CRITERIA_UNVERIFIED,999999999.0000000000,999999999.0000000000,0.2250000000,0.5500000000,0.3000000000,3.0000000000,0.9000000000,104,110,103,110,103,110
584,neighbor,False,WSD_CRITERIA_UNVERIFIED,999999999.0000000000,999999999.0000000000,0.3000000000,0.4500000000,0.3500000000,2.5000000000,0.8000000000,102,110,104,112,104,110
585,neighbor,False,INVALID_GEOMETRY_OR_INPUT,999999999.0000000000,999999999.0000000000,0.3000000000,0.5500000000,0.6000000000,2.5000000000,1.0000000000,104,111,102,110,102,110
586,neighbor,False,WSD_CRITERIA_UNVERIFIED,999999999.0000000000,999999999.0000000000,0.2000000000,0.5000000000,0.4000000000,2.5000000000,0.8000000000,104,110,104,110,104,110
587,neighbor,False,WSD_CRITERIA_UNVERIFIED,999999999.0000000000,999999999.0000000000,0.2250000000,0.5500000000,0.6000000000,3.0000000000,1.0000000000,103,110,104,110,104,112
588,neighbor,False,WSD_CRITERIA_UNVERIFIED,999999999.0000000000,999999999.0000000000,0.2250000000,0.6000000000,0.4000000000,2.5000000000,0.8000000000,104,112,102,110,104,110
589,neighbor,False,WSD_CRITERIA_UNVERIFIED,999999999.0000000000,999999999.0000000000,0.3000000000,0.6000000000,0.3000000000,3.0000000000,0.8000000000,102,110,102,112,102,110
590,neighbor,False,WSD_CRITERIA_UNVERIFIED,999999999.0000000000,999999999.0000000000,0.2750000000,0.6000000000,0.3000000000,2.5000000000,0.9000000000,102,111,104,110,104,110
591,neighbor,False,WSD_CRITERIA_UNVERIFIED,999999999.0000000000,999999999.0000000000,0.2250000000,0.4500000000,0.4000000000,3.0000000000,1.0000000000,104,110,102,110,104,110
592,neighbor,False,WSD_CRITERIA_UNVERIFIED,999999999.0000000000,999999999.0000000000,0.2000000000,0.6000000000,0.3000000000,2.5000000000,0.9000000000,102,112,104,110,103,112
593,neighbor,False,INVALID_GEOMETRY_OR_INPUT,999999999.0000000000,999999999.0000000000,0.2500000000,0.5500000000,0.4500000000,2.5000000000,1.0000000000,103,110,103,110,104,111
594,neighbor,False,INVALID_GEOMETRY_OR_INPUT,999999999.0000000000,999999999.0000000000,0.3000000000,0.5000000000,0.3000000000,2.5000000000,1.0000000000,102,112,104,110,104,110
595,neighbor,False,WSD_CRITERIA_UNVERIFIED,999999999.0000000000,999999999.0000000000,0.2500000000,0.5500000000,0.4000000000,3.0000000000,0.8000000000,104,111,102,111,102,110
596,neighbor,False,INVALID_GEOMETRY_OR_INPUT,999999999.0000000000,999999999.0000000000,0.2250000000,0.6000000000,0.3000000000,2.5000000000,1.0000000000,102,110,104,110,102,110
597,neighbor,False,WSD_CRITERIA_UNVERIFIED,999999999.0000000000,999999999.0000000000,0.2500000000,0.4500000000,0.4000000000,2.5000000000,1.0000000000,104,110,104,110,104,110
598,neighbor,False,WSD_CRITERIA_UNVERIFIED,999999999.0000000000,999999999.0000000000,0.2250000000,0.4500000000,0.3000000000,2.5000000000,1.0000000000,104,112,103,112,104,111
599,neighbor,False,WSD_CRITERIA_UNVERIFIED,999999999.0000000000,999999999.0000000000,0.2750000000,0.5500000000,0.4500000000,3.0000000000,1.0000000000,104,110,102,111,103,110
600,neighbor,False,WSD_CRITERIA_UNVERIFIED,999999999.0000000000,999999999.0000000000,0.2000000000,0.4500000000,0.3000000000,3.0000000000,0.8000000000,104,110,104,110,103,111
601,neighbor,False,INVALID_GEOMETRY_OR_INPUT,999999999.0000000000,999999999.0000000000,0.2500000000,0.6000000000,0.3000000000,2.5000000000,1.0000000000,102,112,103,111,104,111
602,neighbor,False,INVALID_GEOMETRY_OR_INPUT,999999999.0000000000,999999999.0000000000,0.2250000000,0.6000000000,0.3000000000,2.5000000000,1.0000000000,104,110,104,112,103,110
603,neighbor,False,INVALID_GEOMETRY_OR_INPUT,999999999.0000000000,999999999.0000000000,0.2500000000,0.6000000000,0.3000000000,2.5000000000,1.0000000000,102,111,103,110,104,110
604,neighbor,False,WSD_CRITERIA_UNVERIFIED,999999999.0000000000,999999999.0000000000,0.2000000000,0.4500000000,0.4500000000,2.5000000000,0.9000000000,103,110,104,110,104,112
605,neighbor,False,WSD_CRITERIA_UNVERIFIED,999999999.0000000000,999999999.0000000000,0.2250000000,0.5500000000,0.3000000000,3.0000000000,1.0000000000,104,112,103,110,104,111
606,neighbor,False,WSD_CRITERIA_UNVERIFIED,999999999.0000000000,999999999.0000000000,0.2250000000,0.6000000000,0.3000000000,3.0000000000,1.0000000000,102,111,104,112,104,112
607,neighbor,False,INVALID_GEOMETRY_OR_INPUT,999999999.0000000000,999999999.0000000000,0.3000000000,0.6000000000,0.3000000000,2.5000000000,1.0000000000,104,110,103,110,102,111
608,neighbor,False,WSD_CRITERIA_UNVERIFIED,999999999.0000000000,999999999.0000000000,0.2250000000,0.6000000000,0.3000000000,3.0000000000,1.0000000000,102,110,104,110,104,112
609,neighbor,False,INVALID_GEOMETRY_OR_INPUT,999999999.0000000000,999999999.0000000000,0.2750000000,0.6000000000,0.4500000000,2.5000000000,1.0000000000,102,111,102,110,104,110
610,neighbor,False,WSD_CRITERIA_UNVERIFIED,999999999.0000000000,999999999.0000000000,0.2000000000,0.6000000000,0.3000000000,2.5000000000,0.9000000000,104,112,104,110,103,110
611,neighbor,False,WSD_CRITERIA_UNVERIFIED,999999999.0000000000,999999999.0000000000,0.2500000000,0.6000000000,0.3000000000,2.5000000000,0.8000000000,102,110,104,112,104,112
612,neighbor,False,WSD_CRITERIA_UNVERIFIED,999999999.0000000000,999999999.0000000000,0.3000000000,0.6000000000,0.5500000000,3.0000000000,1.0000000000,104,111,104,110,104,110
613,neighbor,False,WSD_CRITERIA_UNVERIFIED,999999999.0000000000,999999999.0000000000,0.2500000000,0.6000000000,0.4000000000,3.0000000000,1.0000000000,103,111,103,110,103,110
614,neighbor,False,WSD_CRITERIA_UNVERIFIED,999999999.0000000000,999999999.0000000000,0.3000000000,0.5500000000,0.3000000000,3.0000000000,1.0000000000,104,111,104,112,104,110
615,neighbor,False,WSD_CRITERIA_UNVERIFIED,999999999.0000000000,999999999.0000000000,0.2500000000,0.5500000000,0.5000000000,2.5000000000,0.8000000000,103,110,104,110,104,110
616,neighbor,False,WSD_CRITERIA_UNVERIFIED,999999999.0000000000,999999999.0000000000,0.2750000000,0.6000000000,0.4500000000,2.5000000000,0.8000000000,102,111,104,110,102,112
617,neighbor,False,WSD_CRITERIA_UNVERIFIED,999999999.0000000000,999999999.0000000000,0.2250000000,0.4500000000,0.4000000000,2.5000000000,0.8000000000,103,110,104,110,104,110
618,neighbor,False,WSD_CRITERIA_UNVERIFIED,999999999.0000000000,999999999.0000000000,0.2500000000,0.6000000000,0.4000000000,3.0000000000,0.9000000000,102,112,104,110,104,110
619,neighbor,False,WSD_CRITERIA_UNVERIFIED,999999999.0000000000,999999999.0000000000,0.2000000000,0.5000000000,0.5000000000,2.5000000000,0.9000000000,104,110,104,110,103,110
620,neighbor,False,WSD_CRITERIA_UNVERIFIED,999999999.0000000000,999999999.0000000000,0.3000000000,0.6000000000,0.6000000000,3.0000000000,1.0000000000,103,110,104,110,104,112
621,neighbor,False,INVALID_GEOMETRY_OR_INPUT,999999999.0000000000,999999999.0000000000,0.2750000000,0.6000000000,0.6000000000,2.5000000000,1.0000000000,104,110,103,111,104,110
622,neighbor,False,INVALID_GEOMETRY_OR_INPUT,999999999.0000000000,999999999.0000000000,0.2750000000,0.6000000000,0.3000000000,2.5000000000,1.0000000000,102,110,103,111,102,110
623,neighbor,False,INVALID_GEOMETRY_OR_INPUT,999999999.0000000000,999999999.0000000000,0.2500000000,0.5500000000,0.3000000000,2.5000000000,1.0000000000,104,110,104,110,104,112
624,neighbor,False,WSD_CRITERIA_UNVERIFIED,999999999.0000000000,999999999.0000000000,0.2000000000,0.6000000000,0.5500000000,3.0000000000,1.0000000000,104,110,102,110,104,112
625,neighbor,False,INVALID_GEOMETRY_OR_INPUT,999999999.0000000000,999999999.0000000000,0.2000000000,0.6000000000,0.3500000000,2.5000000000,1.0000000000,104,110,104,110,104,110
626,neighbor,False,WSD_CRITERIA_UNVERIFIED,999999999.0000000000,999999999.0000000000,0.2250000000,0.4500000000,0.5000000000,2.5000000000,1.0000000000,103,111,102,110,104,110
627,neighbor,False,INVALID_GEOMETRY_OR_INPUT,999999999.0000000000,999999999.0000000000,0.2750000000,0.5000000000,0.4500000000,2.5000000000,1.0000000000,104,110,104,110,103,110
628,neighbor,False,INVALID_GEOMETRY_OR_INPUT,999999999.0000000000,999999999.0000000000,0.2750000000,0.6000000000,0.4500000000,2.5000000000,1.0000000000,104,110,104,112,104,112
629,neighbor,False,WSD_CRITERIA_UNVERIFIED,999999999.0000000000,999999999.0000000000,0.2000000000,0.4500000000,0.5000000000,3.0000000000,1.0000000000,104,110,104,110,103,110
630,neighbor,False,INVALID_GEOMETRY_OR_INPUT,999999999.0000000000,999999999.0000000000,0.2500000000,0.6000000000,0.6000000000,2.5000000000,1.0000000000,103,110,102,111,103,110
631,neighbor,False,WSD_CRITERIA_UNVERIFIED,999999999.0000000000,999999999.0000000000,0.2000000000,0.5500000000,0.3000000000,2.5000000000,0.9000000000,104,112,103,110,104,111
632,neighbor,False,INVALID_GEOMETRY_OR_INPUT,999999999.0000000000,999999999.0000000000,0.3000000000,0.6000000000,0.4000000000,2.5000000000,1.0000000000,103,110,104,111,103,110
633,neighbor,False,WSD_CRITERIA_UNVERIFIED,999999999.0000000000,999999999.0000000000,0.2250000000,0.4500000000,0.5500000000,2.5000000000,0.9000000000,103,111,104,110,103,110
634,neighbor,False,WSD_CRITERIA_UNVERIFIED,999999999.0000000000,999999999.0000000000,0.2000000000,0.6000000000,0.3000000000,3.0000000000,1.0000000000,104,110,102,110,102,110
635,neighbor,False,INVALID_GEOMETRY_OR_INPUT,999999999.0000000000,999999999.0000000000,0.3000000000,0.6000000000,0.6000000000,2.5000000000,1.0000000000,104,111,104,111,104,112
636,neighbor,False,INVALID_GEOMETRY_OR_INPUT,999999999.0000000000,999999999.0000000000,0.2750000000,0.6000000000,0.3000000000,2.5000000000,1.0000000000,104,110,102,110,102,110
637,neighbor,False,WSD_CRITERIA_UNVERIFIED,999999999.0000000000,999999999.0000000000,0.2250000000,0.6000000000,0.5500000000,2.5000000000,0.8000000000,104,110,104,110,104,111
638,neighbor,False,INVALID_GEOMETRY_OR_INPUT,999999999.0000000000,999999999.0000000000,0.2250000000,0.5000000000,0.3000000000,2.5000000000,1.0000000000,104,110,104,112,104,110
639,neighbor,False,WSD_CRITERIA_UNVERIFIED,999999999.0000000000,999999999.0000000000,0.2500000000,0.5500000000,0.6000000000,3.0000000000,0.9000000000,103,110,104,110,104,112
640,neighbor,False,WSD_CRITERIA_UNVERIFIED,999999999.0000000000,999999999.0000000000,0.2000000000,0.4500000000,0.5500000000,2.5000000000,1.0000000000,102,110,104,110,104,111
641,neighbor,False,INVALID_GEOMETRY_OR_INPUT,999999999.0000000000,999999999.0000000000,0.2500000000,0.6000000000,0.3000000000,2.5000000000,1.0000000000,104,110,104,111,102,111
642,neighbor,False,WSD_CRITERIA_UNVERIFIED,999999999.0000000000,999999999.0000000000,0.2500000000,0.4500000000,0.3000000000,2.5000000000,1.0000000000,104,110,104,110,104,112
643,neighbor,False,WSD_CRITERIA_UNVERIFIED,999999999.0000000000,999999999.0000000000,0.2000000000,0.4500000000,0.4500000000,2.5000000000,0.9000000000,104,110,104,110,103,112
644,neighbor,False,WSD_CRITERIA_UNVERIFIED,999999999.0000000000,999999999.0000000000,0.2500000000,0.6000000000,0.4000000000,2.5000000000,0.9000000000,104,111,104,111,103,110
645,neighbor,False,WSD_CRITERIA_UNVERIFIED,999999999.0000000000,999999999.0000000000,0.2750000000,0.4500000000,0.3000000000,3.0000000000,0.9000000000,103,111,104,110,103,112
646,neighbor,False,INVALID_GEOMETRY_OR_INPUT,999999999.0000000000,999999999.0000000000,0.3000000000,0.5000000000,0.5000000000,2.5000000000,1.0000000000,103,110,102,112,103,110
647,neighbor,False,WSD_CRITERIA_UNVERIFIED,999999999.0000000000,999999999.0000000000,0.2750000000,0.5000000000,0.5500000000,2.5000000000,0.9000000000,103,112,104,110,104,110
648,neighbor,False,WSD_CRITERIA_UNVERIFIED,999999999.0000000000,999999999.0000000000,0.2250000000,0.4500000000,0.3000000000,2.5000000000,1.0000000000,103,110,103,111,103,110
649,neighbor,False,WSD_CRITERIA_UNVERIFIED,999999999.0000000000,999999999.0000000000,0.2000000000,0.5000000000,0.4500000000,2.5000000000,0.8000000000,102,110,104,111,104,110
650,neighbor,False,INVALID_GEOMETRY_OR_INPUT,999999999.0000000000,999999999.0000000000,0.2500000000,0.5000000000,0.3000000000,2.5000000000,1.0000000000,102,112,104,112,104,112
651,neighbor,False,INVALID_GEOMETRY_OR_INPUT,999999999.0000000000,999999999.0000000000,0.3000000000,0.5500000000,0.4000000000,2.5000000000,1.0000000000,104,110,103,112,104,112
652,neighbor,False,WSD_CRITERIA_UNVERIFIED,999999999.0000000000,999999999.0000000000,0.2750000000,0.6000000000,0.3000000000,2.5000000000,0.8000000000,104,110,102,111,102,110
653,neighbor,False,WSD_CRITERIA_UNVERIFIED,999999999.0000000000,999999999.0000000000,0.2250000000,0.4500000000,0.3500000000,3.0000000000,0.9000000000,104,110,102,110,104,112
654,neighbor,False,INVALID_GEOMETRY_OR_INPUT,999999999.0000000000,999999999.0000000000,0.2250000000,0.6000000000,0.5500000000,2.5000000000,1.0000000000,104,111,104,111,104,110
655,neighbor,False,WSD_CRITERIA_UNVERIFIED,999999999.0000000000,999999999.0000000000,0.2500000000,0.5500000000,0.5000000000,2.5000000000,0.9000000000,102,111,102,111,104,112
656,neighbor,False,INVALID_GEOMETRY_OR_INPUT,999999999.0000000000,999999999.0000000000,0.2250000000,0.6000000000,0.3000000000,2.5000000000,1.0000000000,102,110,104,110,104,110
657,neighbor,False,INVALID_GEOMETRY_OR_INPUT,999999999.0000000000,999999999.0000000000,0.2500000000,0.6000000000,0.4500000000,2.5000000000,1.0000000000,103,110,104,111,103,110
658,neighbor,False,WSD_CRITERIA_UNVERIFIED,999999999.0000000000,999999999.0000000000,0.3000000000,0.6000000000,0.5500000000,3.0000000000,1.0000000000,103,110,102,110,104,112
659,neighbor,False,WSD_CRITERIA_UNVERIFIED,999999999.0000000000,999999999.0000000000,0.2750000000,0.6000000000,0.4500000000,2.5000000000,0.8000000000,104,111,103,110,104,111
660,neighbor,False,INVALID_GEOMETRY_OR_INPUT,999999999.0000000000,999999999.0000000000,0.2250000000,0.5500000000,0.6000000000,2.5000000000,1.0000000000,104,112,102,111,104,111
661,neighbor,False,INVALID_GEOMETRY_OR_INPUT,999999999.0000000000,999999999.0000000000,0.2000000000,0.6000000000,0.3000000000,2.5000000000,1.0000000000,104,111,104,110,103,112
662,neighbor,False,WSD_CRITERIA_UNVERIFIED,999999999.0000000000,999999999.0000000000,0.2000000000,0.6000000000,0.6000000000,3.0000000000,0.9000000000,104,110,104,112,104,111
663,neighbor,False,WSD_CRITERIA_UNVERIFIED,999999999.0000000000,999999999.0000000000,0.2250000000,0.6000000000,0.3000000000,2.5000000000,0.9000000000,103,112,103,112,104,112
664,neighbor,False,WSD_CRITERIA_UNVERIFIED,999999999.0000000000,999999999.0000000000,0.2750000000,0.5500000000,0.4500000000,2.5000000000,0.9000000000,104,110,102,110,103,110
665,neighbor,False,WSD_CRITERIA_UNVERIFIED,999999999.0000000000,999999999.0000000000,0.2000000000,0.6000000000,0.3000000000,2.5000000000,0.9000000000,102,111,102,110,104,110
666,neighbor,False,INVALID_GEOMETRY_OR_INPUT,999999999.0000000000,999999999.0000000000,0.3000000000,0.6000000000,0.4000000000,2.5000000000,1.0000000000,104,110,104,111,102,110
667,neighbor,False,INVALID_GEOMETRY_OR_INPUT,999999999.0000000000,999999999.0000000000,0.2250000000,0.5500000000,0.5000000000,2.5000000000,1.0000000000,103,110,104,112,102,110
668,neighbor,False,INVALID_GEOMETRY_OR_INPUT,999999999.0000000000,999999999.0000000000,0.3000000000,0.5000000000,0.3500000000,2.5000000000,1.0000000000,104,112,103,110,104,112
669,neighbor,False,WSD_CRITERIA_UNVERIFIED,999999999.0000000000,999999999.0000000000,0.2750000000,0.6000000000,0.5000000000,2.5000000000,0.9000000000,104,111,104,110,104,111
670,neighbor,False,INVALID_GEOMETRY_OR_INPUT,999999999.0000000000,999999999.0000000000,0.2250000000,0.5000000000,0.3000000000,2.5000000000,1.0000000000,103,110,103,110,104,110
671,neighbor,False,INVALID_GEOMETRY_OR_INPUT,999999999.0000000000,999999999.0000000000,0.2500000000,0.6000000000,0.3000000000,2.5000000000,1.0000000000,104,110,103,110,103,111
672,neighbor,False,WSD_CRITERIA_UNVERIFIED,999999999.0000000000,999999999.0000000000,0.2250000000,0.6000000000,0.3000000000,3.0000000000,0.9000000000,104,111,102,112,104,110
673,neighbor,False,WSD_CRITERIA_UNVERIFIED,999999999.0000000000,999999999.0000000000,0.2000000000,0.5000000000,0.3000000000,3.0000000000,1.0000000000,104,110,104,110,104,112
674,neighbor,False,INVALID_GEOMETRY_OR_INPUT,999999999.0000000000,999999999.0000000000,0.3000000000,0.5500000000,0.6000000000,2.5000000000,1.0000000000,102,110,103,110,104,111
675,neighbor,False,INVALID_GEOMETRY_OR_INPUT,999999999.0000000000,999999999.0000000000,0.2000000000,0.5500000000,0.4000000000,2.5000000000,1.0000000000,102,110,102,110,104,110
676,neighbor,False,INVALID_GEOMETRY_OR_INPUT,999999999.0000000000,999999999.0000000000,0.2250000000,0.5500000000,0.3000000000,2.5000000000,1.0000000000,104,110,104,111,104,111
677,neighbor,False,WSD_CRITERIA_UNVERIFIED,999999999.0000000000,999999999.0000000000,0.2000000000,0.5500000000,0.3000000000,3.0000000000,1.0000000000,104,110,103,110,104,110
678,neighbor,False,INVALID_GEOMETRY_OR_INPUT,999999999.0000000000,999999999.0000000000,0.2250000000,0.6000000000,0.6000000000,2.5000000000,1.0000000000,102,110,104,111,102,112
679,neighbor,False,INVALID_GEOMETRY_OR_INPUT,999999999.0000000000,999999999.0000000000,0.2750000000,0.5000000000,0.4000000000,2.5000000000,1.0000000000,102,112,104,111,102,110
680,neighbor,False,WSD_CRITERIA_UNVERIFIED,999999999.0000000000,999999999.0000000000,0.2750000000,0.5500000000,0.5000000000,3.0000000000,0.9000000000,102,110,104,111,104,112
681,neighbor,False,WSD_CRITERIA_UNVERIFIED,999999999.0000000000,999999999.0000000000,0.2250000000,0.6000000000,0.4000000000,2.5000000000,0.8000000000,104,110,104,110,103,110
682,neighbor,False,WSD_CRITERIA_UNVERIFIED,999999999.0000000000,999999999.0000000000,0.2750000000,0.5000000000,0.3000000000,2.5000000000,0.8000000000,103,112,104,110,104,112
683,neighbor,False,WSD_CRITERIA_UNVERIFIED,999999999.0000000000,999999999.0000000000,0.3000000000,0.4500000000,0.5000000000,2.5000000000,1.0000000000,104,110,104,110,103,110
684,neighbor,False,WSD_CRITERIA_UNVERIFIED,999999999.0000000000,999999999.0000000000,0.2500000000,0.4500000000,0.3000000000,2.5000000000,0.9000000000,104,112,104,111,104,110
685,neighbor,False,WSD_CRITERIA_UNVERIFIED,999999999.0000000000,999999999.0000000000,0.2500000000,0.5500000000,0.4500000000,2.5000000000,0.9000000000,104,110,104,112,104,110
686,neighbor,False,WSD_CRITERIA_UNVERIFIED,999999999.0000000000,999999999.0000000000,0.2250000000,0.5000000000,0.5000000000,3.0000000000,1.0000000000,104,112,103,112,104,110
687,neighbor,False,WSD_CRITERIA_UNVERIFIED,999999999.0000000000,999999999.0000000000,0.2250000000,0.5000000000,0.3000000000,3.0000000000,1.0000000000,104,110,102,110,104,110
688,neighbor,False,INVALID_GEOMETRY_OR_INPUT,999999999.0000000000,999999999.0000000000,0.2750000000,0.5000000000,0.3000000000,2.5000000000,1.0000000000,102,110,104,110,104,112
689,neighbor,False,WSD_CRITERIA_UNVERIFIED,999999999.0000000000,999999999.0000000000,0.2250000000,0.6000000000,0.4000000000,3.0000000000,1.0000000000,104,112,104,110,103,112
690,neighbor,False,WSD_CRITERIA_UNVERIFIED,999999999.0000000000,999999999.0000000000,0.3000000000,0.6000000000,0.3000000000,2.5000000000,0.8000000000,104,110,104,110,104,110
691,neighbor,False,WSD_CRITERIA_UNVERIFIED,999999999.0000000000,999999999.0000000000,0.3000000000,0.4500000000,0.3000000000,3.0000000000,0.9000000000,104,110,104,112,102,112
692,neighbor,False,WSD_CRITERIA_UNVERIFIED,999999999.0000000000,999999999.0000000000,0.3000000000,0.6000000000,0.3000000000,2.5000000000,0.9000000000,104,111,104,110,104,110
693,neighbor,False,WSD_CRITERIA_UNVERIFIED,999999999.0000000000,999999999.0000000000,0.2750000000,0.6000000000,0.6000000000,3.0000000000,1.0000000000,104,110,104,110,103,111
694,neighbor,False,WSD_CRITERIA_UNVERIFIED,999999999.0000000000,999999999.0000000000,0.2000000000,0.5500000000,0.3000000000,3.0000000000,1.0000000000,103,110,104,112,104,112
695,neighbor,False,WSD_CRITERIA_UNVERIFIED,999999999.0000000000,999999999.0000000000,0.2250000000,0.6000000000,0.4500000000,3.0000000000,1.0000000000,104,110,104,110,104,110
696,neighbor,False,WSD_CRITERIA_UNVERIFIED,999999999.0000000000,999999999.0000000000,0.2000000000,0.6000000000,0.5500000000,2.5000000000,0.9000000000,102,112,104,110,102,112
697,neighbor,False,WSD_CRITERIA_UNVERIFIED,999999999.0000000000,999999999.0000000000,0.3000000000,0.6000000000,0.3000000000,3.0000000000,1.0000000000,104,111,104,112,104,112
698,neighbor,False,WSD_CRITERIA_UNVERIFIED,999999999.0000000000,999999999.0000000000,0.2750000000,0.5500000000,0.3000000000,2.5000000000,0.9000000000,102,110,104,110,102,112
699,neighbor,False,WSD_CRITERIA_UNVERIFIED,999999999.0000000000,999999999.0000000000,0.2000000000,0.5000000000,0.3000000000,2.5000000000,0.9000000000,103,110,104,110,103,112
700,neighbor,False,INVALID_GEOMETRY_OR_INPUT,999999999.0000000000,999999999.0000000000,0.2000000000,0.5000000000,0.5500000000,2.5000000000,1.0000000000,103,110,104,110,104,111
701,neighbor,False,WSD_CRITERIA_UNVERIFIED,999999999.0000000000,999999999.0000000000,0.2750000000,0.6000000000,0.4500000000,3.0000000000,1.0000000000,102,112,103,110,104,110
702,neighbor,False,WSD_CRITERIA_UNVERIFIED,999999999.0000000000,999999999.0000000000,0.3000000000,0.4500000000,0.4000000000,3.0000000000,1.0000000000,104,110,104,110,104,111
703,neighbor,False,INVALID_GEOMETRY_OR_INPUT,999999999.0000000000,999999999.0000000000,0.2500000000,0.6000000000,0.5000000000,2.5000000000,1.0000000000,102,110,103,111,103,110
704,neighbor,False,INVALID_GEOMETRY_OR_INPUT,999999999.0000000000,999999999.0000000000,0.2250000000,0.5500000000,0.3000000000,2.5000000000,1.0000000000,104,110,104,112,103,110
705,neighbor,False,INVALID_GEOMETRY_OR_INPUT,999999999.0000000000,999999999.0000000000,0.2000000000,0.5000000000,0.3000000000,2.5000000000,1.0000000000,102,111,103,112,102,110
706,neighbor,False,INVALID_GEOMETRY_OR_INPUT,999999999.0000000000,999999999.0000000000,0.2000000000,0.6000000000,0.3000000000,2.5000000000,1.0000000000,102,111,104,110,104,110
707,neighbor,False,WSD_CRITERIA_UNVERIFIED,999999999.0000000000,999999999.0000000000,0.2000000000,0.4500000000,0.5000000000,3.0000000000,0.8000000000,102,112,104,110,102,110
708,neighbor,False,WSD_CRITERIA_UNVERIFIED,999999999.0000000000,999999999.0000000000,0.2500000000,0.6000000000,0.5000000000,3.0000000000,0.8000000000,104,110,104,110,103,110
709,neighbor,False,INVALID_GEOMETRY_OR_INPUT,999999999.0000000000,999999999.0000000000,0.2000000000,0.6000000000,0.3000000000,2.5000000000,1.0000000000,104,110,104,112,104,111
710,neighbor,False,CONCRETE_OR_STEEL_STRESS,999999999.0000000000,999999999.0000000000,0.3000000000,0.4500000000,0.3000000000,3.0000000000,0.8000000000,102,112,102,110,104,112
711,neighbor,False,WSD_CRITERIA_UNVERIFIED,999999999.0000000000,999999999.0000000000,0.2750000000,0.6000000000,0.3000000000,2.5000000000,0.9000000000,104,112,103,110,104,112
712,neighbor,False,INVALID_GEOMETRY_OR_INPUT,999999999.0000000000,999999999.0000000000,0.3000000000,0.6000000000,0.4000000000,2.5000000000,1.0000000000,102,111,102,111,102,110
713,neighbor,False,WSD_CRITERIA_UNVERIFIED,999999999.0000000000,999999999.0000000000,0.2000000000,0.6000000000,0.3500000000,3.0000000000,1.0000000000,104,110,102,110,104,112
714,neighbor,False,INVALID_GEOMETRY_OR_INPUT,999999999.0000000000,999999999.0000000000,0.3000000000,0.5000000000,0.4000000000,2.5000000000,1.0000000000,103,112,102,110,104,112
715,neighbor,False,WSD_CRITERIA_UNVERIFIED,999999999.0000000000,999999999.0000000000,0.2500000000,0.6000000000,0.3000000000,3.0000000000,1.0000000000,104,110,102,110,103,112
716,neighbor,False,WSD_CRITERIA_UNVERIFIED,999999999.0000000000,999999999.0000000000,0.2500000000,0.6000000000,0.5500000000,2.5000000000,0.9000000000,104,110,104,112,104,112
717,neighbor,False,WSD_CRITERIA_UNVERIFIED,999999999.0000000000,999999999.0000000000,0.3000000000,0.4500000000,0.3000000000,2.5000000000,0.9000000000,104,110,102,110,104,110
718,neighbor,False,WSD_CRITERIA_UNVERIFIED,999999999.0000000000,999999999.0000000000,0.3000000000,0.4500000000,0.3500000000,2.5000000000,1.0000000000,103,110,103,112,104,110
719,neighbor,False,WSD_CRITERIA_UNVERIFIED,999999999.0000000000,999999999.0000000000,0.2750000000,0.5000000000,0.3000000000,3.0000000000,0.9000000000,104,110,104,112,104,110
720,neighbor,False,INVALID_GEOMETRY_OR_INPUT,999999999.0000000000,999999999.0000000000,0.2000000000,0.5000000000,0.3000000000,2.5000000000,1.0000000000,103,110,102,110,103,112
721,neighbor,False,WSD_CRITERIA_UNVERIFIED,999999999.0000000000,999999999.0000000000,0.2250000000,0.4500000000,0.4000000000,2.5000000000,1.0000000000,103,110,103,110,104,110
722,neighbor,False,WSD_CRITERIA_UNVERIFIED,999999999.0000000000,999999999.0000000000,0.2250000000,0.6000000000,0.3000000000,2.5000000000,0.9000000000,103,110,103,110,102,111
723,neighbor,False,WSD_CRITERIA_UNVERIFIED,999999999.0000000000,999999999.0000000000,0.2750000000,0.6000000000,0.5000000000,3.0000000000,1.0000000000,104,112,104,110,104,111
724,neighbor,False,WSD_CRITERIA_UNVERIFIED,999999999.0000000000,999999999.0000000000,0.2250000000,0.5500000000,0.3000000000,3.0000000000,0.9000000000,104,111,103,111,102,112
725,neighbor,False,WSD_CRITERIA_UNVERIFIED,999999999.0000000000,999999999.0000000000,0.2000000000,0.6000000000,0.4500000000,2.5000000000,0.9000000000,103,110,104,111,102,110
726,neighbor,False,INVALID_GEOMETRY_OR_INPUT,999999999.0000000000,999999999.0000000000,0.3000000000,0.5000000000,0.4000000000,2.5000000000,1.0000000000,104,112,104,110,104,111
727,neighbor,False,WSD_CRITERIA_UNVERIFIED,999999999.0000000000,999999999.0000000000,0.2250000000,0.4500000000,0.3000000000,2.5000000000,1.0000000000,103,110,104,112,104,110
728,neighbor,False,WSD_CRITERIA_UNVERIFIED,999999999.0000000000,999999999.0000000000,0.2000000000,0.4500000000,0.4000000000,2.5000000000,1.0000000000,103,111,102,110,104,111
729,reset,False,CONCRETE_OR_STEEL_STRESS,999999999.0000000000,999999999.0000000000,0.2000000000,0.2000000000,0.7500000000,3.5000000000,1.0000000000,104,110,104,110,104,110
730,neighbor,False,CONCRETE_OR_STEEL_STRESS,999999999.0000000000,999999999.0000000000,0.2000000000,0.2000000000,0.6500000000,3.0000000000,0.9000000000,104,112,104,112,104,110
731,neighbor,False,CONCRETE_OR_STEEL_STRESS,999999999.0000000000,999999999.0000000000,0.2000000000,0.2000000000,0.7500000000,3.5000000000,1.0000000000,104,110,104,110,102,110
732,neighbor,False,CONCRETE_OR_STEEL_STRESS,999999999.0000000000,999999999.0000000000,0.2000000000,0.2000000000,0.7000000000,3.0000000000,0.9000000000,104,110,103,110,104,110
733,neighbor,False,CONCRETE_OR_STEEL_STRESS,999999999.0000000000,999999999.0000000000,0.2000000000,0.2000000000,0.6500000000,3.5000000000,1.0000000000,102,110,103,111,104,110
734,neighbor,False,CONCRETE_OR_STEEL_STRESS,999999999.0000000000,999999999.0000000000,0.2250000000,0.2500000000,0.7500000000,3.5000000000,0.9000000000,104,112,104,110,104,112
735,neighbor,False,CONCRETE_OR_STEEL_STRESS,999999999.0000000000,999999999.0000000000,0.2500000000,0.2500000000,0.7000000000,3.0000000000,1.0000000000,102,111,104,110,104,110
736,neighbor,False,WSD_CRITERIA_UNVERIFIED,999999999.0000000000,999999999.0000000000,0.2000000000,0.3000000000,0.5500000000,3.0000000000,1.0000000000,104,111,102,110,104,110
737,neighbor,False,CONCRETE_OR_STEEL_STRESS,999999999.0000000000,999999999.0000000000,0.2000000000,0.2500000000,0.7500000000,3.5000000000,1.0000000000,104,111,104,110,104,110
738,neighbor,False,CONCRETE_OR_STEEL_STRESS,999999999.0000000000,999999999.0000000000,0.2000000000,0.2000000000,0.5000000000,3.5000000000,0.9000000000,102,112,104,110,103,111
739,neighbor,False,CONCRETE_OR_STEEL_STRESS,999999999.0000000000,999999999.0000000000,0.2000000000,0.2000000000,0.7500000000,3.5000000000,1.0000000000,102,110,103,110,104,112
740,neighbor,False,CONCRETE_OR_STEEL_STRESS,999999999.0000000000,999999999.0000000000,0.2000000000,0.2000000000,0.6000000000,3.5000000000,1.0000000000,104,110,104,111,104,110
741,neighbor,False,CONCRETE_OR_STEEL_STRESS,999999999.0000000000,999999999.0000000000,0.2000000000,0.2000000000,0.5000000000,3.5000000000,0.9000000000,104,110,104,111,104,110
742,neighbor,False,CONCRETE_OR_STEEL_STRESS,999999999.0000000000,999999999.0000000000,0.2000000000,0.2000000000,0.5500000000,3.5000000000,0.8000000000,103,110,104,110,102,112
743,neighbor,False,WSD_CRITERIA_UNVERIFIED,999999999.0000000000,999999999.0000000000,0.2000000000,0.2500000000,0.7500000000,3.5000000000,1.0000000000,104,110,104,112,103,110
744,neighbor,False,CONCRETE_OR_STEEL_STRESS,999999999.0000000000,999999999.0000000000,0.2000000000,0.2000000000,0.6000000000,3.5000000000,1.0000000000,104,110,102,111,104,110
745,neighbor,False,CONCRETE_OR_STEEL_STRESS,999999999.0000000000,999999999.0000000000,0.2000000000,0.2000000000,0.6000000000,3.0000000000,0.8000000000,104,111,102,111,104,112
746,neighbor,False,CONCRETE_OR_STEEL_STRESS,999999999.0000000000,999999999.0000000000,0.2000000000,0.2000000000,0.7500000000,3.5000000000,1.0000000000,104,112,103,112,102,111
747,neighbor,False,CONCRETE_OR_STEEL_STRESS,999999999.0000000000,999999999.0000000000,0.2250000000,0.2500000000,0.7000000000,3.5000000000,0.8000000000,102,110,104,111,103,110
748,neighbor,False,CONCRETE_OR_STEEL_STRESS,999999999.0000000000,999999999.0000000000,0.2000000000,0.2000000000,0.7500000000,3.5000000000,1.0000000000,104,110,104,111,104,110
749,neighbor,False,CONCRETE_OR_STEEL_STRESS,999999999.0000000000,999999999.0000000000,0.2000000000,0.2000000000,0.7500000000,3.5000000000,1.0000000000,102,110,102,110,102,110
750,neighbor,False,CONCRETE_OR_STEEL_STRESS,999999999.0000000000,999999999.0000000000,0.2000000000,0.2000000000,0.7500000000,3.0000000000,1.0000000000,102,111,104,110,102,110
751,neighbor,False,CONCRETE_OR_STEEL_STRESS,999999999.0000000000,999999999.0000000000,0.2000000000,0.2000000000,0.7500000000,3.0000000000,1.0000000000,104,110,104,111,104,110
752,neighbor,False,WSD_CRITERIA_UNVERIFIED,999999999.0000000000,999999999.0000000000,0.2250000000,0.3000000000,0.5000000000,3.5000000000,1.0000000000,103,110,102,110,103,110
753,neighbor,False,CONCRETE_OR_STEEL_STRESS,999999999.0000000000,999999999.0000000000,0.2000000000,0.2000000000,0.5500000000,3.5000000000,1.0000000000,103,110,102,111,102,110
754,neighbor,False,WSD_CRITERIA_UNVERIFIED,999999999.0000000000,999999999.0000000000,0.2500000000,0.2500000000,0.7000000000,3.5000000000,1.0000000000,104,110,104,110,103,110
755,neighbor,False,CONCRETE_OR_STEEL_STRESS,999999999.0000000000,999999999.0000000000,0.2000000000,0.2000000000,0.7500000000,3.0000000000,1.0000000000,102,110,102,110,104,110
756,neighbor,False,CONCRETE_OR_STEEL_STRESS,999999999.0000000000,999999999.0000000000,0.2000000000,0.2500000000,0.6500000000,3.5000000000,0.9000000000,104,112,103,110,104,110
757,neighbor,False,WSD_CRITERIA_UNVERIFIED,999999999.0000000000,999999999.0000000000,0.2500000000,0.3000000000,0.6000000000,3.5000000000,1.0000000000,103,110,103,110,104,110
758,neighbor,False,WSD_CRITERIA_UNVERIFIED,999999999.0000000000,999999999.0000000000,0.2250000000,0.3000000000,0.7500000000,3.0000000000,1.0000000000,103,110,102,111,103,110
759,neighbor,False,WSD_CRITERIA_UNVERIFIED,999999999.0000000000,999999999.0000000000,0.2000000000,0.2500000000,0.7500000000,3.5000000000,1.0000000000,104,110,104,112,104,111
760,neighbor,False,CONCRETE_OR_STEEL_STRESS,999999999.0000000000,999999999.0000000000,0.2000000000,0.3000000000,0.6000000000,3.5000000000,0.9000000000,102,111,104,110,104,110
761,neighbor,False,CONCRETE_OR_STEEL_STRESS,999999999.0000000000,999999999.0000000000,0.2000000000,0.2000000000,0.7500000000,3.5000000000,1.0000000000,104,110,104,111,104,110
762,neighbor,False,CONCRETE_OR_STEEL_STRESS,999999999.0000000000,999999999.0000000000,0.2000000000,0.2000000000,0.7000000000,3.5000000000,1.0000000000,103,111,104,112,104,111
763,neighbor,False,CONCRETE_OR_STEEL_STRESS,999999999.0000000000,999999999.0000000000,0.2000000000,0.2000000000,0.7500000000,3.0000000000,1.0000000000,103,110,103,110,103,110
764,neighbor,False,CONCRETE_OR_STEEL_STRESS,999999999.0000000000,999999999.0000000000,0.2000000000,0.2000000000,0.7500000000,3.5000000000,0.8000000000,102,112,104,110,104,110
765,neighbor,False,CONCRETE_OR_STEEL_STRESS,999999999.0000000000,999999999.0000000000,0.2000000000,0.2000000000,0.7000000000,3.5000000000,0.8000000000,104,111,104,110,104,112
766,neighbor,False,WSD_CRITERIA_UNVERIFIED,999999999.0000000000,999999999.0000000000,0.2000000000,0.3000000000,0.7500000000,3.5000000000,1.0000000000,104,110,104,110,102,110
767,neighbor,False,CONCRETE_OR_STEEL_STRESS,999999999.0000000000,999999999.0000000000,0.2000000000,0.2500000000,0.5000000000,3.5000000000,0.8000000000,104,110,104,111,103,110
768,neighbor,False,WSD_CRITERIA_UNVERIFIED,999999999.0000000000,999999999.0000000000,0.2000000000,0.3000000000,0.5500000000,3.5000000000,1.0000000000,104,111,104,110,102,110
769,neighbor,False,WSD_CRITERIA_UNVERIFIED,999999999.0000000000,999999999.0000000000,0.2000000000,0.2500000000,0.7000000000,3.5000000000,0.8000000000,104,110,104,110,104,110
770,neighbor,False,CONCRETE_OR_STEEL_STRESS,999999999.0000000000,999999999.0000000000,0.2000000000,0.2000000000,0.7500000000,3.0000000000,1.0000000000,104,110,103,110,104,110
771,neighbor,False,WSD_CRITERIA_UNVERIFIED,999999999.0000000000,999999999.0000000000,0.2250000000,0.3000000000,0.7500000000,3.0000000000,0.9000000000,104,110,104,111,104,110
772,neighbor,False,CONCRETE_OR_STEEL_STRESS,999999999.0000000000,999999999.0000000000,0.2000000000,0.2000000000,0.7000000000,3.5000000000,1.0000000000,103,110,103,112,104,110
773,neighbor,False,CONCRETE_OR_STEEL_STRESS,999999999.0000000000,999999999.0000000000,0.2000000000,0.2000000000,0.5500000000,3.0000000000,0.8000000000,104,112,104,112,102,110
774,neighbor,False,CONCRETE_OR_STEEL_STRESS,999999999.0000000000,999999999.0000000000,0.2000000000,0.2000000000,0.7500000000,3.5000000000,1.0000000000,103,110,104,110,104,112
775,neighbor,False,CONCRETE_OR_STEEL_STRESS,999999999.0000000000,999999999.0000000000,0.2000000000,0.2000000000,0.7000000000,3.5000000000,1.0000000000,103,110,104,110,104,111
776,neighbor,False,CONCRETE_OR_STEEL_STRESS,999999999.0000000000,999999999.0000000000,0.2000000000,0.2000000000,0.7500000000,3.5000000000,0.8000000000,104,110,102,112,104,112
777,neighbor,False,CONCRETE_OR_STEEL_STRESS,999999999.0000000000,999999999.0000000000,0.2000000000,0.2000000000,0.5500000000,3.5000000000,1.0000000000,104,110,104,110,104,110
778,neighbor,False,CONCRETE_OR_STEEL_STRESS,999999999.0000000000,999999999.0000000000,0.2000000000,0.2000000000,0.7500000000,3.5000000000,1.0000000000,102,111,102,110,104,110
779,neighbor,False,CONCRETE_OR_STEEL_STRESS,999999999.0000000000,999999999.0000000000,0.2000000000,0.2000000000,0.7500000000,3.0000000000,1.0000000000,104,111,104,110,104,110
780,neighbor,False,CONCRETE_OR_STEEL_STRESS,999999999.0000000000,999999999.0000000000,0.2000000000,0.2000000000,0.6500000000,3.5000000000,1.0000000000,103,112,104,111,102,111
781,neighbor,False,CONCRETE_OR_STEEL_STRESS,999999999.0000000000,999999999.0000000000,0.2000000000,0.2000000000,0.7000000000,3.0000000000,0.9000000000,104,110,104,112,103,110
782,neighbor,False,CONCRETE_OR_STEEL_STRESS,999999999.0000000000,999999999.0000000000,0.2250000000,0.2500000000,0.5000000000,3.0000000000,1.0000000000,102,110,104,112,103,112
783,neighbor,False,CONCRETE_OR_STEEL_STRESS,999999999.0000000000,999999999.0000000000,0.2000000000,0.2000000000,0.7500000000,3.0000000000,1.0000000000,103,111,104,110,104,111
784,neighbor,False,WSD_CRITERIA_UNVERIFIED,999999999.0000000000,999999999.0000000000,0.2500000000,0.3000000000,0.7500000000,3.0000000000,1.0000000000,104,110,104,110,102,111
785,neighbor,False,CONCRETE_OR_STEEL_STRESS,999999999.0000000000,999999999.0000000000,0.2000000000,0.2000000000,0.7500000000,3.5000000000,0.8000000000,104,112,104,110,104,110
786,neighbor,False,CONCRETE_OR_STEEL_STRESS,999999999.0000000000,999999999.0000000000,0.2000000000,0.2500000000,0.6500000000,3.5000000000,0.8000000000,103,110,103,110,104,110
787,neighbor,False,CONCRETE_OR_STEEL_STRESS,999999999.0000000000,999999999.0000000000,0.2000000000,0.2000000000,0.7500000000,3.5000000000,1.0000000000,103,110,104,110,104,110
788,neighbor,False,CONCRETE_OR_STEEL_STRESS,999999999.0000000000,999999999.0000000000,0.2000000000,0.2000000000,0.7500000000,3.5000000000,1.0000000000,102,112,104,110,103,110
789,neighbor,False,CONCRETE_OR_STEEL_STRESS,999999999.0000000000,999999999.0000000000,0.2000000000,0.2000000000,0.5000000000,3.5000000000,1.0000000000,104,112,102,110,103,110
790,neighbor,False,CONCRETE_OR_STEEL_STRESS,999999999.0000000000,999999999.0000000000,0.2000000000,0.2000000000,0.7000000000,3.0000000000,0.9000000000,103,111,103,110,104,111
791,neighbor,False,WSD_CRITERIA_UNVERIFIED,999999999.0000000000,999999999.0000000000,0.2000000000,0.3000000000,0.7500000000,3.0000000000,1.0000000000,102,110,103,110,103,110
792,neighbor,False,WSD_CRITERIA_UNVERIFIED,999999999.0000000000,999999999.0000000000,0.2500000000,0.2500000000,0.7500000000,3.5000000000,1.0000000000,103,110,102,110,102,111
793,neighbor,False,CONCRETE_OR_STEEL_STRESS,999999999.0000000000,999999999.0000000000,0.2250000000,0.2500000000,0.5500000000,3.0000000000,1.0000000000,104,110,104,110,104,110
794,neighbor,False,WSD_CRITERIA_UNVERIFIED,999999999.0000000000,999999999.0000000000,0.2000000000,0.3000000000,0.7500000000,3.0000000000,1.0000000000,104,110,104,111,104,110
795,neighbor,False,CONCRETE_OR_STEEL_STRESS,999999999.0000000000,999999999.0000000000,0.2000000000,0.2000000000,0.6500000000,3.5000000000,1.0000000000,102,110,104,111,104,110
796,neighbor,False,CONCRETE_OR_STEEL_STRESS,999999999.0000000000,999999999.0000000000,0.2000000000,0.2000000000,0.7500000000,3.0000000000,1.0000000000,103,110,104,110,104,110
797,neighbor,False,WSD_CRITERIA_UNVERIFIED,999999999.0000000000,999999999.0000000000,0.2000000000,0.2500000000,0.7500000000,3.0000000000,0.9000000000,104,110,102,110,102,112
798,neighbor,False,CONCRETE_OR_STEEL_STRESS,999999999.0000000000,999999999.0000000000,0.2250000000,0.2500000000,0.6500000000,3.0000000000,1.0000000000,104,110,104,110,104,111
799,neighbor,False,CONCRETE_OR_STEEL_STRESS,999999999.0000000000,999999999.0000000000,0.2000000000,0.2000000000,0.7500000000,3.5000000000,1.0000000000,102,112,103,112,104,110
800,neighbor,False,CONCRETE_OR_STEEL_STRESS,999999999.0000000000,999999999.0000000000,0.2000000000,0.2000000000,0.7500000000,3.5000000000,1.0000000000,102,110,104,110,104,112
801,neighbor,False,WSD_CRITERIA_UNVERIFIED,999999999.0000000000,999999999.0000000000,0.2500000000,0.3000000000,0.6500000000,3.5000000000,1.0000000000,104,110,103,110,102,111
802,neighbor,False,CONCRETE_OR_STEEL_STRESS,999999999.0000000000,999999999.0000000000,0.2000000000,0.2000000000,0.7500000000,3.0000000000,0.9000000000,104,110,104,112,104,110
803,neighbor,False,CONCRETE_OR_STEEL_STRESS,999999999.0000000000,999999999.0000000000,0.2000000000,0.2000000000,0.7500000000,3.5000000000,1.0000000000,104,110,104,110,104,110
804,neighbor,False,CONCRETE_OR_STEEL_STRESS,999999999.0000000000,999999999.0000000000,0.2000000000,0.2000000000,0.7500000000,3.0000000000,0.9000000000,103,111,104,110,103,110
805,neighbor,False,WSD_CRITERIA_UNVERIFIED,999999999.0000000000,999999999.0000000000,0.2000000000,0.3000000000,0.7500000000,3.5000000000,0.8000000000,104,111,102,110,104,111
806,neighbor,False,CONCRETE_OR_STEEL_STRESS,999999999.0000000000,999999999.0000000000,0.2000000000,0.2000000000,0.6500000000,3.5000000000,0.9000000000,104,110,102,111,102,110
807,neighbor,False,CONCRETE_OR_STEEL_STRESS,999999999.0000000000,999999999.0000000000,0.2000000000,0.2000000000,0.7500000000,3.0000000000,0.9000000000,103,110,104,110,104,112
808,neighbor,False,CONCRETE_OR_STEEL_STRESS,999999999.0000000000,999999999.0000000000,0.2000000000,0.2500000000,0.7500000000,3.0000000000,1.0000000000,102,110,104,110,104,110
809,neighbor,False,CONCRETE_OR_STEEL_STRESS,999999999.0000000000,999999999.0000000000,0.2000000000,0.2500000000,0.5000000000,3.0000000000,1.0000000000,103,110,103,112,103,111
810,neighbor,False,CONCRETE_OR_STEEL_STRESS,999999999.0000000000,999999999.0000000000,0.2000000000,0.2000000000,0.5500000000,3.5000000000,1.0000000000,104,110,103,112,104,110
811,neighbor,False,CONCRETE_OR_STEEL_STRESS,999999999.0000000000,999999999.0000000000,0.2500000000,0.2500000000,0.6000000000,3.5000000000,0.8000000000,102,110,102,110,104,110
812,neighbor,False,CONCRETE_OR_STEEL_STRESS,999999999.0000000000,999999999.0000000000,0.2000000000,0.2000000000,0.7500000000,3.5000000000,0.9000000000,103,110,104,110,104,110
813,neighbor,False,CONCRETE_OR_STEEL_STRESS,999999999.0000000000,999999999.0000000000,0.2000000000,0.2000000000,0.6000000000,3.0000000000,1.0000000000,104,110,103,110,104,110
814,neighbor,False,CONCRETE_OR_STEEL_STRESS,999999999.0000000000,999999999.0000000000,0.2000000000,0.2000000000,0.7500000000,3.5000000000,1.0000000000,102,110,104,112,102,110
815,neighbor,False,WSD_CRITERIA_UNVERIFIED,999999999.0000000000,999999999.0000000000,0.2000000000,0.3000000000,0.7500000000,3.5000000000,1.0000000000,104,110,102,111,104,110
816,neighbor,False,WSD_CRITERIA_UNVERIFIED,999999999.0000000000,999999999.0000000000,0.2500000000,0.3000000000,0.7500000000,3.5000000000,0.8000000000,104,111,102,110,104,112
817,neighbor,False,CONCRETE_OR_STEEL_STRESS,999999999.0000000000,999999999.0000000000,0.2000000000,0.2000000000,0.7500000000,3.5000000000,0.9000000000,102,110,103,110,102,111
818,neighbor,False,WSD_CRITERIA_UNVERIFIED,999999999.0000000000,999999999.0000000000,0.2500000000,0.2500000000,0.7500000000,3.5000000000,1.0000000000,104,110,104,110,102,110
819,neighbor,False,WSD_CRITERIA_UNVERIFIED,999999999.0000000000,999999999.0000000000,0.2000000000,0.2500000000,0.7500000000,3.0000000000,0.9000000000,104,110,104,111,104,112
820,neighbor,False,CONCRETE_OR_STEEL_STRESS,999999999.0000000000,999999999.0000000000,0.2000000000,0.2000000000,0.5000000000,3.5000000000,1.0000000000,104,110,104,110,103,111
821,neighbor,False,CONCRETE_OR_STEEL_STRESS,999999999.0000000000,999999999.0000000000,0.2000000000,0.2000000000,0.7500000000,3.5000000000,0.8000000000,103,112,104,111,103,110
822,neighbor,False,CONCRETE_OR_STEEL_STRESS,999999999.0000000000,999999999.0000000000,0.2000000000,0.2000000000,0.7500000000,3.0000000000,1.0000000000,104,110,103,110,104,110
823,neighbor,False,CONCRETE_OR_STEEL_STRESS,999999999.0000000000,999999999.0000000000,0.2000000000,0.2000000000,0.5500000000,3.0000000000,1.0000000000,104,111,104,110,104,111
824,neighbor,False,CONCRETE_OR_STEEL_STRESS,999999999.0000000000,999999999.0000000000,0.2000000000,0.2000000000,0.7500000000,3.5000000000,0.9000000000,104,112,104,111,104,112
825,neighbor,False,CONCRETE_OR_STEEL_STRESS,999999999.0000000000,999999999.0000000000,0.2000000000,0.2000000000,0.7000000000,3.0000000000,0.9000000000,103,110,104,110,103,112
826,neighbor,False,CONCRETE_OR_STEEL_STRESS,999999999.0000000000,999999999.0000000000,0.2000000000,0.2500000000,0.5000000000,3.5000000000,0.8000000000,102,111,104,112,104,110
827,neighbor,False,CONCRETE_OR_STEEL_STRESS,999999999.0000000000,999999999.0000000000,0.2000000000,0.2000000000,0.5500000000,3.5000000000,1.0000000000,102,110,104,112,102,110
828,neighbor,False,CONCRETE_OR_STEEL_STRESS,999999999.0000000000,999999999.0000000000,0.2000000000,0.2000000000,0.7000000000,3.5000000000,1.0000000000,102,112,104,110,104,111
829,neighbor,False,CONCRETE_OR_STEEL_STRESS,999999999.0000000000,999999999.0000000000,0.2000000000,0.2000000000,0.7500000000,3.0000000000,0.9000000000,104,110,103,111,104,110
830,neighbor,False,CONCRETE_OR_STEEL_STRESS,999999999.0000000000,999999999.0000000000,0.2000000000,0.2000000000,0.7500000000,3.0000000000,0.9000000000,102,110,102,110,104,111
831,neighbor,False,CONCRETE_OR_STEEL_STRESS,999999999.0000000000,999999999.0000000000,0.2000000000,0.2000000000,0.7500000000,3.5000000000,0.9000000000,104,111,104,111,103,111
832,neighbor,False,CONCRETE_OR_STEEL_STRESS,999999999.0000000000,999999999.0000000000,0.2000000000,0.2000000000,0.6500000000,3.5000000000,1.0000000000,104,112,104,110,103,110
833,neighbor,False,CONCRETE_OR_STEEL_STRESS,999999999.0000000000,999999999.0000000000,0.2000000000,0.2000000000,0.7500000000,3.0000000000,0.9000000000,104,110,102,110,103,110
834,neighbor,False,WSD_CRITERIA_UNVERIFIED,999999999.0000000000,999999999.0000000000,0.2000000000,0.3000000000,0.7500000000,3.5000000000,0.9000000000,104,110,104,110,104,110
835,neighbor,False,CONCRETE_OR_STEEL_STRESS,999999999.0000000000,999999999.0000000000,0.2000000000,0.2500000000,0.7000000000,3.0000000000,1.0000000000,104,111,102,112,103,110
836,neighbor,False,WSD_CRITERIA_UNVERIFIED,999999999.0000000000,999999999.0000000000,0.2500000000,0.3000000000,0.7500000000,3.0000000000,0.8000000000,104,110,102,112,104,110
837,neighbor,False,CONCRETE_OR_STEEL_STRESS,999999999.0000000000,999999999.0000000000,0.2000000000,0.2000000000,0.6000000000,3.5000000000,1.0000000000,104,110,104,111,104,111
838,neighbor,False,CONCRETE_OR_STEEL_STRESS,999999999.0000000000,999999999.0000000000,0.2500000000,0.2500000000,0.7500000000,3.0000000000,0.9000000000,103,112,104,110,104,110
839,neighbor,False,CONCRETE_OR_STEEL_STRESS,999999999.0000000000,999999999.0000000000,0.2000000000,0.2000000000,0.5500000000,3.0000000000,0.8000000000,103,111,104,111,104,110
840,neighbor,False,CONCRETE_OR_STEEL_STRESS,999999999.0000000000,999999999.0000000000,0.2000000000,0.2000000000,0.6500000000,3.5000000000,0.9000000000,104,110,102,110,104,110
841,neighbor,False,WSD_CRITERIA_UNVERIFIED,999999999.0000000000,999999999.0000000000,0.2000000000,0.3000000000,0.6500000000,3.5000000000,1.0000000000,104,111,104,110,103,110
842,neighbor,False,CONCRETE_OR_STEEL_STRESS,999999999.0000000000,999999999.0000000000,0.2000000000,0.2000000000,0.5500000000,3.0000000000,1.0000000000,104,110,103,110,104,112
843,neighbor,False,CONCRETE_OR_STEEL_STRESS,999999999.0000000000,999999999.0000000000,0.2000000000,0.2000000000,0.5000000000,3.0000000000,1.0000000000,103,111,104,110,104,111
844,neighbor,False,WSD_CRITERIA_UNVERIFIED,999999999.0000000000,999999999.0000000000,0.2000000000,0.3000000000,0.7500000000,3.5000000000,1.0000000000,104,110,103,111,104,110
845,neighbor,False,CONCRETE_OR_STEEL_STRESS,999999999.0000000000,999999999.0000000000,0.2000000000,0.2000000000,0.7500000000,3.5000000000,1.0000000000,104,111,102,112,104,112
846,neighbor,False,CONCRETE_OR_STEEL_STRESS,999999999.0000000000,999999999.0000000000,0.2000000000,0.2000000000,0.7500000000,3.5000000000,1.0000000000,104,110,104,112,102,112
847,neighbor,False,CONCRETE_OR_STEEL_STRESS,999999999.0000000000,999999999.0000000000,0.2000000000,0.2000000000,0.6500000000,3.5000000000,1.0000000000,104,110,104,111,104,112
848,neighbor,False,CONCRETE_OR_STEEL_STRESS,999999999.0000000000,999999999.0000000000,0.2000000000,0.2000000000,0.6500000000,3.5000000000,1.0000000000,102,111,104,110,103,110
849,neighbor,False,CONCRETE_OR_STEEL_STRESS,999999999.0000000000,999999999.0000000000,0.2000000000,0.2000000000,0.6500000000,3.5000000000,0.8000000000,103,110,103,110,102,110
850,neighbor,False,CONCRETE_OR_STEEL_STRESS,999999999.0000000000,999999999.0000000000,0.2000000000,0.2000000000,0.7500000000,3.0000000000,1.0000000000,102,111,103,110,103,111
851,neighbor,False,CONCRETE_OR_STEEL_STRESS,999999999.0000000000,999999999.0000000000,0.2000000000,0.2000000000,0.7000000000,3.5000000000,0.9000000000,104,111,104,112,102,111
852,neighbor,False,CONCRETE_OR_STEEL_STRESS,999999999.0000000000,999999999.0000000000,0.2000000000,0.2000000000,0.5500000000,3.5000000000,1.0000000000,103,110,104,110,104,110
853,neighbor,False,CONCRETE_OR_STEEL_STRESS,999999999.0000000000,999999999.0000000000,0.2000000000,0.2500000000,0.7500000000,3.0000000000,1.0000000000,104,111,102,110,103,111
854,neighbor,False,CONCRETE_OR_STEEL_STRESS,999999999.0000000000,999999999.0000000000,0.2000000000,0.2500000000,0.7500000000,3.5000000000,0.9000000000,104,112,104,110,104,110
855,neighbor,False,WSD_CRITERIA_UNVERIFIED,999999999.0000000000,999999999.0000000000,0.2500000000,0.2500000000,0.7500000000,3.0000000000,1.0000000000,104,110,104,110,103,110
856,neighbor,False,WSD_CRITERIA_UNVERIFIED,999999999.0000000000,999999999.0000000000,0.2500000000,0.3000000000,0.5500000000,3.0000000000,0.9000000000,104,112,102,110,104,110
857,neighbor,False,CONCRETE_OR_STEEL_STRESS,999999999.0000000000,999999999.0000000000,0.2000000000,0.2000000000,0.7500000000,3.0000000000,1.0000000000,104,110,104,110,104,110
858,neighbor,False,CONCRETE_OR_STEEL_STRESS,999999999.0000000000,999999999.0000000000,0.2000000000,0.2000000000,0.5000000000,3.5000000000,1.0000000000,104,110,104,112,104,110
859,neighbor,False,CONCRETE_OR_STEEL_STRESS,999999999.0000000000,999999999.0000000000,0.2250000000,0.2500000000,0.7500000000,3.5000000000,1.0000000000,103,111,103,110,104,110
860,neighbor,False,CONCRETE_OR_STEEL_STRESS,999999999.0000000000,999999999.0000000000,0.2000000000,0.2000000000,0.7500000000,3.5000000000,0.9000000000,104,110,104,110,104,110
861,neighbor,False,CONCRETE_OR_STEEL_STRESS,999999999.0000000000,999999999.0000000000,0.2000000000,0.2000000000,0.7500000000,3.5000000000,0.9000000000,104,111,102,110,104,110
862,neighbor,False,WSD_CRITERIA_UNVERIFIED,999999999.0000000000,999999999.0000000000,0.2000000000,0.2500000000,0.7500000000,3.0000000000,1.0000000000,104,110,104,112,104,110
863,neighbor,False,CONCRETE_OR_STEEL_STRESS,999999999.0000000000,999999999.0000000000,0.2000000000,0.2000000000,0.7500000000,3.0000000000,1.0000000000,103,110,102,110,102,112
864,neighbor,False,CONCRETE_OR_STEEL_STRESS,999999999.0000000000,999999999.0000000000,0.2250000000,0.2500000000,0.6500000000,3.0000000000,0.8000000000,104,110,104,110,104,110
865,neighbor,False,CONCRETE_OR_STEEL_STRESS,999999999.0000000000,999999999.0000000000,0.2500000000,0.2500000000,0.7500000000,3.5000000000,0.8000000000,103,112,104,112,102,110
866,neighbor,False,CONCRETE_OR_STEEL_STRESS,999999999.0000000000,999999999.0000000000,0.2000000000,0.2000000000,0.6500000000,3.5000000000,0.8000000000,104,110,104,110,104,110
867,neighbor,False,WSD_CRITERIA_UNVERIFIED,999999999.0000000000,999999999.0000000000,0.2000000000,0.3000000000,0.7500000000,3.5000000000,0.9000000000,103,110,104,110,103,112
868,neighbor,False,WSD_CRITERIA_UNVERIFIED,999999999.0000000000,999999999.0000000000,0.2250000000,0.2500000000,0.7500000000,3.0000000000,1.0000000000,104,110,102,110,103,110
869,neighbor,False,WSD_CRITERIA_UNVERIFIED,999999999.0000000000,999999999.0000000000,0.2000000000,0.3000000000,0.7500000000,3.0000000000,0.8000000000,103,110,104,110,102,110
870,neighbor,False,CONCRETE_OR_STEEL_STRESS,999999999.0000000000,999999999.0000000000,0.2000000000,0.2000000000,0.5000000000,3.5000000000,1.0000000000,104,110,103,110,104,110
871,neighbor,False,CONCRETE_OR_STEEL_STRESS,999999999.0000000000,999999999.0000000000,0.2000000000,0.2000000000,0.5500000000,3.5000000000,1.0000000000,104,112,104,111,102,110
872,neighbor,False,CONCRETE_OR_STEEL_STRESS,999999999.0000000000,999999999.0000000000,0.2000000000,0.2000000000,0.7500000000,3.5000000000,0.8000000000,103,110,104,110,104,111
873,neighbor,False,CONCRETE_OR_STEEL_STRESS,999999999.0000000000,999999999.0000000000,0.2000000000,0.2000000000,0.6000000000,3.5000000000,0.8000000000,104,110,103,112,102,110
874,neighbor,False,CONCRETE_OR_STEEL_STRESS,999999999.0000000000,999999999.0000000000,0.2000000000,0.2000000000,0.5000000000,3.0000000000,0.8000000000,102,110,104,110,104,110
875,neighbor,False,WSD_CRITERIA_UNVERIFIED,999999999.0000000000,999999999.0000000000,0.2250000000,0.3000000000,0.7500000000,3.0000000000,1.0000000000,102,110,103,111,103,110
876,neighbor,False,CONCRETE_OR_STEEL_STRESS,999999999.0000000000,999999999.0000000000,0.2500000000,0.2500000000,0.5000000000,3.5000000000,0.8000000000,104,110,104,110,104,110
877,neighbor,False,WSD_CRITERIA_UNVERIFIED,999999999.0000000000,999999999.0000000000,0.2000000000,0.3000000000,0.5000000000,3.5000000000,1.0000000000,104,110,104,111,104,110
878,neighbor,False,WSD_CRITERIA_UNVERIFIED,999999999.0000000000,999999999.0000000000,0.2000000000,0.3000000000,0.6500000000,3.0000000000,0.9000000000,104,110,104,110,104,110
879,neighbor,False,WSD_CRITERIA_UNVERIFIED,999999999.0000000000,999999999.0000000000,0.2250000000,0.3000000000,0.6000000000,3.5000000000,1.0000000000,104,110,102,112,103,110
880,neighbor,False,CONCRETE_OR_STEEL_STRESS,999999999.0000000000,999999999.0000000000,0.2000000000,0.2000000000,0.7500000000,3.0000000000,0.8000000000,104,110,104,110,103,110
881,neighbor,False,CONCRETE_OR_STEEL_STRESS,999999999.0000000000,999999999.0000000000,0.2000000000,0.2000000000,0.7500000000,3.0000000000,0.9000000000,104,110,102,111,103,112
882,neighbor,False,CONCRETE_OR_STEEL_STRESS,999999999.0000000000,999999999.0000000000,0.2000000000,0.2000000000,0.5000000000,3.0000000000,1.0000000000,104,112,104,111,103,110
883,neighbor,False,CONCRETE_OR_STEEL_STRESS,999999999.0000000000,999999999.0000000000,0.2000000000,0.2000000000,0.7500000000,3.5000000000,1.0000000000,104,112,103,112,104,111
884,neighbor,False,CONCRETE_OR_STEEL_STRESS,999999999.0000000000,999999999.0000000000,0.2500000000,0.3000000000,0.7500000000,3.5000000000,1.0000000000,102,111,104,110,102,110
885,neighbor,False,CONCRETE_OR_STEEL_STRESS,999999999.0000000000,999999999.0000000000,0.2000000000,0.2500000000,0.7500000000,3.0000000000,1.0000000000,102,110,104,110,102,110
886,neighbor,False,CONCRETE_OR_STEEL_STRESS,999999999.0000000000,999999999.0000000000,0.2000000000,0.2000000000,0.7500000000,3.5000000000,0.8000000000,102,110,102,110,104,112
887,neighbor,False,WSD_CRITERIA_UNVERIFIED,999999999.0000000000,999999999.0000000000,0.2000000000,0.3000000000,0.7500000000,3.5000000000,0.9000000000,102,110,102,110,104,110
888,neighbor,False,CONCRETE_OR_STEEL_STRESS,999999999.0000000000,999999999.0000000000,0.2500000000,0.2500000000,0.7500000000,3.0000000000,1.0000000000,102,110,104,110,102,110
889,neighbor,False,CONCRETE_OR_STEEL_STRESS,999999999.0000000000,999999999.0000000000,0.2000000000,0.2000000000,0.7500000000,3.0000000000,1.0000000000,104,112,102,111,104,110
890,neighbor,False,CONCRETE_OR_STEEL_STRESS,999999999.0000000000,999999999.0000000000,0.2500000000,0.2500000000,0.7000000000,3.5000000000,0.8000000000,104,112,104,110,103,112
891,neighbor,False,CONCRETE_OR_STEEL_STRESS,999999999.0000000000,999999999.0000000000,0.2000000000,0.2500000000,0.6500000000,3.0000000000,0.9000000000,104,112,104,111,102,112
892,neighbor,False,CONCRETE_OR_STEEL_STRESS,999999999.0000000000,999999999.0000000000,0.2000000000,0.2000000000,0.7000000000,3.5000000000,0.9000000000,102,110,103,111,104,111
893,neighbor,False,CONCRETE_OR_STEEL_STRESS,999999999.0000000000,999999999.0000000000,0.2000000000,0.2000000000,0.7500000000,3.5000000000,1.0000000000,103,111,103,110,104,111
894,neighbor,False,CONCRETE_OR_STEEL_STRESS,999999999.0000000000,999999999.0000000000,0.2000000000,0.2000000000,0.5500000000,3.5000000000,0.8000000000,103,110,104,112,102,110
895,neighbor,False,CONCRETE_OR_STEEL_STRESS,999999999.0000000000,999999999.0000000000,0.2000000000,0.2000000000,0.7500000000,3.0000000000,1.0000000000,104,111,104,110,104,110
896,neighbor,False,CONCRETE_OR_STEEL_STRESS,999999999.0000000000,999999999.0000000000,0.2000000000,0.2000000000,0.6000000000,3.5000000000,0.8000000000,102,112,103,110,104,110
897,neighbor,False,CONCRETE_OR_STEEL_STRESS,999999999.0000000000,999999999.0000000000,0.2000000000,0.2000000000,0.7500000000,3.5000000000,1.0000000000,103,112,103,110,103,110
898,neighbor,False,CONCRETE_OR_STEEL_STRESS,999999999.0000000000,999999999.0000000000,0.2500000000,0.3000000000,0.7500000000,3.5000000000,0.8000000000,102,112,103,111,103,111
899,neighbor,False,CONCRETE_OR_STEEL_STRESS,999999999.0000000000,999999999.0000000000,0.2000000000,0.2500000000,0.7500000000,3.5000000000,0.9000000000,102,110,104,110,102,110
900,neighbor,False,CONCRETE_OR_STEEL_STRESS,999999999.0000000000,999999999.0000000000,0.2000000000,0.2000000000,0.7500000000,3.5000000000,0.9000000000,102,111,104,110,104,111
901,neighbor,False,CONCRETE_OR_STEEL_STRESS,999999999.0000000000,999999999.0000000000,0.2000000000,0.2000000000,0.7500000000,3.0000000000,0.9000000000,102,110,104,110,104,110
902,neighbor,False,WSD_CRITERIA_UNVERIFIED,999999999.0000000000,999999999.0000000000,0.2000000000,0.3000000000,0.7500000000,3.0000000000,1.0000000000,104,110,103,110,102,110
903,neighbor,False,CONCRETE_OR_STEEL_STRESS,999999999.0000000000,999999999.0000000000,0.2000000000,0.2000000000,0.5000000000,3.0000000000,0.8000000000,102,110,103,110,103,110
904,neighbor,False,WSD_CRITERIA_UNVERIFIED,999999999.0000000000,999999999.0000000000,0.2000000000,0.2500000000,0.7500000000,3.5000000000,0.9000000000,104,110,102,110,103,110
905,neighbor,False,CONCRETE_OR_STEEL_STRESS,999999999.0000000000,999999999.0000000000,0.2000000000,0.2500000000,0.6500000000,3.5000000000,1.0000000000,104,111,103,111,104,110
906,neighbor,False,CONCRETE_OR_STEEL_STRESS,999999999.0000000000,999999999.0000000000,0.2000000000,0.2500000000,0.7500000000,3.5000000000,1.0000000000,104,112,104,110,104,110
907,neighbor,False,CONCRETE_OR_STEEL_STRESS,999999999.0000000000,999999999.0000000000,0.2000000000,0.2000000000,0.6500000000,3.5000000000,1.0000000000,104,111,104,110,102,110
908,neighbor,False,CONCRETE_OR_STEEL_STRESS,999999999.0000000000,999999999.0000000000,0.2000000000,0.2000000000,0.7500000000,3.0000000000,1.0000000000,102,110,103,111,104,110
909,neighbor,False,CONCRETE_OR_STEEL_STRESS,999999999.0000000000,999999999.0000000000,0.2000000000,0.2000000000,0.7500000000,3.5000000000,1.0000000000,104,112,103,110,102,110
910,reset,False,CONCRETE_OR_STEEL_STRESS,999999999.0000000000,999999999.0000000000,0.2000000000,0.2500000000,0.4000000000,2.5000000000,1.0000000000,104,110,104,110,104,110
911,neighbor,False,CONCRETE_OR_STEEL_STRESS,999999999.0000000000,999999999.0000000000,0.2000000000,0.2000000000,0.4000000000,3.0000000000,1.0000000000,104,110,102,110,103,111
912,neighbor,False,CONCRETE_OR_STEEL_STRESS,999999999.0000000000,999999999.0000000000,0.2000000000,0.2000000000,0.3000000000,3.0000000000,1.0000000000,102,110,104,110,104,110
913,neighbor,False,CONCRETE_OR_STEEL_STRESS,999999999.0000000000,999999999.0000000000,0.2000000000,0.2000000000,0.4000000000,2.5000000000,1.0000000000,104,110,102,110,104,110
914,neighbor,False,WSD_CRITERIA_UNVERIFIED,999999999.0000000000,999999999.0000000000,0.2000000000,0.3500000000,0.4500000000,2.5000000000,0.8000000000,103,110,104,110,102,112
915,neighbor,False,CONCRETE_OR_STEEL_STRESS,999999999.0000000000,999999999.0000000000,0.2000000000,0.2000000000,0.4000000000,2.5000000000,0.9000000000,104,110,104,110,104,112
916,neighbor,False,CONCRETE_OR_STEEL_STRESS,999999999.0000000000,999999999.0000000000,0.2250000000,0.2500000000,0.5500000000,2.5000000000,1.0000000000,103,112,103,111,103,110
917,neighbor,False,CONCRETE_OR_STEEL_STRESS,999999999.0000000000,999999999.0000000000,0.2000000000,0.2000000000,0.4000000000,3.0000000000,1.0000000000,104,110,103,112,104,110
918,neighbor,False,CONCRETE_OR_STEEL_STRESS,999999999.0000000000,999999999.0000000000,0.2000000000,0.2000000000,0.5500000000,2.5000000000,0.9000000000,104,110,104,110,104,111
919,neighbor,False,WSD_CRITERIA_UNVERIFIED,999999999.0000000000,999999999.0000000000,0.2000000000,0.3000000000,0.3500000000,3.0000000000,1.0000000000,104,110,104,110,102,110
920,neighbor,False,WSD_CRITERIA_UNVERIFIED,999999999.0000000000,999999999.0000000000,0.2000000000,0.3500000000,0.4000000000,3.0000000000,0.8000000000,104,112,104,111,104,110
921,neighbor,False,WSD_CRITERIA_UNVERIFIED,999999999.0000000000,999999999.0000000000,0.2000000000,0.3500000000,0.5000000000,3.0000000000,1.0000000000,103,110,102,110,103,112
922,neighbor,False,CONCRETE_OR_STEEL_STRESS,999999999.0000000000,999999999.0000000000,0.2000000000,0.2000000000,0.3000000000,2.5000000000,1.0000000000,104,110,104,110,103,112
923,neighbor,False,CONCRETE_OR_STEEL_STRESS,999999999.0000000000,999999999.0000000000,0.2250000000,0.2500000000,0.4500000000,3.0000000000,1.0000000000,103,111,104,110,104,111
924,neighbor,False,WSD_CRITERIA_UNVERIFIED,999999999.0000000000,999999999.0000000000,0.2000000000,0.3000000000,0.3000000000,3.0000000000,1.0000000000,104,110,103,110,104,112
925,neighbor,False,WSD_CRITERIA_UNVERIFIED,999999999.0000000000,999999999.0000000000,0.2250000000,0.3000000000,0.6000000000,3.0000000000,1.0000000000,103,111,104,110,104,111
926,neighbor,False,CONCRETE_OR_STEEL_STRESS,999999999.0000000000,999999999.0000000000,0.2000000000,0.2000000000,0.4000000000,3.0000000000,0.8000000000,104,112,104,112,104,110
927,neighbor,False,WSD_CRITERIA_UNVERIFIED,999999999.0000000000,999999999.0000000000,0.2250000000,0.3500000000,0.3000000000,2.5000000000,1.0000000000,102,110,102,111,104,110
928,neighbor,False,CONCRETE_OR_STEEL_STRESS,999999999.0000000000,999999999.0000000000,0.2500000000,0.2500000000,0.3000000000,3.0000000000,0.8000000000,104,110,104,110,103,110
929,neighbor,False,CONCRETE_OR_STEEL_STRESS,999999999.0000000000,999999999.0000000000,0.2000000000,0.2000000000,0.4000000000,2.5000000000,1.0000000000,102,110,104,111,102,110
930,neighbor,False,CONCRETE_OR_STEEL_STRESS,999999999.0000000000,999999999.0000000000,0.2000000000,0.2000000000,0.3000000000,2.5000000000,1.0000000000,102,110,104,110,104,111
931,neighbor,False,CONCRETE_OR_STEEL_STRESS,999999999.0000000000,999999999.0000000000,0.2000000000,0.2000000000,0.5000000000,2.5000000000,0.8000000000,102,110,102,110,104,110
932,neighbor,False,WSD_CRITERIA_UNVERIFIED,999999999.0000000000,999999999.0000000000,0.2250000000,0.3000000000,0.3000000000,2.5000000000,1.0000000000,102,110,102,112,102,110
933,neighbor,False,CONCRETE_OR_STEEL_STRESS,999999999.0000000000,999999999.0000000000,0.2000000000,0.2000000000,0.3000000000,2.5000000000,0.8000000000,104,110,104,110,102,112
934,neighbor,False,CONCRETE_OR_STEEL_STRESS,999999999.0000000000,999999999.0000000000,0.2000000000,0.2000000000,0.6000000000,3.0000000000,1.0000000000,104,111,104,110,102,110
935,neighbor,False,CONCRETE_OR_STEEL_STRESS,999999999.0000000000,999999999.0000000000,0.2000000000,0.2500000000,0.4000000000,2.5000000000,1.0000000000,104,111,102,110,104,112
936,neighbor,False,WSD_CRITERIA_UNVERIFIED,999999999.0000000000,999999999.0000000000,0.2000000000,0.3500000000,0.6000000000,2.5000000000,0.8000000000,104,110,104,112,104,110
937,neighbor,False,WSD_CRITERIA_UNVERIFIED,999999999.0000000000,999999999.0000000000,0.2000000000,0.3000000000,0.3000000000,2.5000000000,1.0000000000,104,110,104,110,104,111
938,neighbor,False,WSD_CRITERIA_UNVERIFIED,999999999.0000000000,999999999.0000000000,0.2000000000,0.3000000000,0.3000000000,2.5000000000,1.0000000000,104,111,104,112,102,112
939,neighbor,False,CONCRETE_OR_STEEL_STRESS,999999999.0000000000,999999999.0000000000,0.2000000000,0.2000000000,0.3000000000,2.5000000000,1.0000000000,103,110,104,112,104,112
940,neighbor,False,CONCRETE_OR_STEEL_STRESS,999999999.0000000000,999999999.0000000000,0.2000000000,0.2000000000,0.4500000000,3.0000000000,0.8000000000,104,110,104,112,103,110
941,neighbor,False,WSD_CRITERIA_UNVERIFIED,999999999.0000000000,999999999.0000000000,0.2000000000,0.3500000000,0.4000000000,2.5000000000,1.0000000000,104,110,104,110,104,112
942,neighbor,False,CONCRETE_OR_STEEL_STRESS,999999999.0000000000,999999999.0000000000,0.2000000000,0.2000000000,0.3000000000,2.5000000000,0.8000000000,104,110,104,110,104,110
943,neighbor,False,WSD_CRITERIA_UNVERIFIED,999999999.0000000000,999999999.0000000000,0.2000000000,0.3000000000,0.6000000000,2.5000000000,0.8000000000,104,110,102,110,104,111
944,neighbor,False,CONCRETE_OR_STEEL_STRESS,999999999.0000000000,999999999.0000000000,0.2000000000,0.2000000000,0.3000000000,2.5000000000,0.8000000000,104,111,103,110,103,112
945,neighbor,False,CONCRETE_OR_STEEL_STRESS,999999999.0000000000,999999999.0000000000,0.2000000000,0.2000000000,0.3500000000,2.5000000000,1.0000000000,104,110,104,111,104,111
946,neighbor,False,WSD_CRITERIA_UNVERIFIED,999999999.0000000000,999999999.0000000000,0.2000000000,0.3500000000,0.6000000000,2.5000000000,0.8000000000,104,110,104,111,104,110
947,neighbor,False,CONCRETE_OR_STEEL_STRESS,999999999.0000000000,999999999.0000000000,0.2000000000,0.2500000000,0.6500000000,2.5000000000,1.0000000000,104,110,104,110,103,110
948,neighbor,False,CONCRETE_OR_STEEL_STRESS,999999999.0000000000,999999999.0000000000,0.2000000000,0.2000000000,0.3500000000,2.5000000000,1.0000000000,103,112,104,112,104,110
949,neighbor,False,WSD_CRITERIA_UNVERIFIED,999999999.0000000000,999999999.0000000000,0.2000000000,0.3000000000,0.5000000000,3.0000000000,0.9000000000,104,110,104,110,103,111
950,neighbor,False,CONCRETE_OR_STEEL_STRESS,999999999.0000000000,999999999.0000000000,0.2000000000,0.2500000000,0.3000000000,3.0000000000,0.8000000000,103,110,104,110,103,110
951,neighbor,False,CONCRETE_OR_STEEL_STRESS,999999999.0000000000,999999999.0000000000,0.2000000000,0.2000000000,0.4000000000,2.5000000000,1.0000000000,104,111,104,110,104,112
952,neighbor,False,CONCRETE_OR_STEEL_STRESS,999999999.0000000000,999999999.0000000000,0.2000000000,0.2000000000,0.4500000000,2.5000000000,0.8000000000,104,110,104,110,104,111
953,neighbor,False,WSD_CRITERIA_UNVERIFIED,999999999.0000000000,999999999.0000000000,0.2500000000,0.3000000000,0.6000000000,3.0000000000,1.0000000000,103,111,104,111,104,110
954,neighbor,False,CONCRETE_OR_STEEL_STRESS,999999999.0000000000,999999999.0000000000,0.2000000000,0.2000000000,0.3000000000,3.0000000000,0.9000000000,104,112,104,110,103,110
955,neighbor,False,WSD_CRITERIA_UNVERIFIED,999999999.0000000000,999999999.0000000000,0.2000000000,0.3000000000,0.6000000000,3.0000000000,1.0000000000,104,112,103,110,104,111
956,neighbor,False,CONCRETE_OR_STEEL_STRESS,999999999.0000000000,999999999.0000000000,0.2000000000,0.2500000000,0.6000000000,2.5000000000,1.0000000000,104,110,103,110,104,110
957,neighbor,False,CONCRETE_OR_STEEL_STRESS,999999999.0000000000,999999999.0000000000,0.2000000000,0.2000000000,0.5000000000,2.5000000000,1.0000000000,103,110,102,110,104,111
958,neighbor,False,CONCRETE_OR_STEEL_STRESS,999999999.0000000000,999999999.0000000000,0.2000000000,0.2000000000,0.3000000000,2.5000000000,0.8000000000,104,112,104,110,103,111
959,neighbor,False,CONCRETE_OR_STEEL_STRESS,999999999.0000000000,999999999.0000000000,0.2000000000,0.2000000000,0.3000000000,3.0000000000,0.8000000000,102,110,104,110,104,110
960,neighbor,False,CONCRETE_OR_STEEL_STRESS,999999999.0000000000,999999999.0000000000,0.2000000000,0.2000000000,0.3000000000,2.5000000000,1.0000000000,102,110,104,110,104,111
961,neighbor,False,CONCRETE_OR_STEEL_STRESS,999999999.0000000000,999999999.0000000000,0.2000000000,0.2000000000,0.5000000000,2.5000000000,0.9000000000,104,112,104,110,104,111
962,neighbor,False,WSD_CRITERIA_UNVERIFIED,999999999.0000000000,999999999.0000000000,0.2250000000,0.3500000000,0.5500000000,3.0000000000,0.8000000000,102,110,104,112,103,110
963,neighbor,False,WSD_CRITERIA_UNVERIFIED,999999999.0000000000,999999999.0000000000,0.2000000000,0.3000000000,0.4000000000,2.5000000000,1.0000000000,104,110,104,112,102,110
964,neighbor,False,CONCRETE_OR_STEEL_STRESS,999999999.0000000000,999999999.0000000000,0.2000000000,0.2000000000,0.4000000000,3.0000000000,1.0000000000,104,112,104,110,103,112
965,neighbor,False,CONCRETE_OR_STEEL_STRESS,999999999.0000000000,999999999.0000000000,0.2000000000,0.2500000000,0.4500000000,3.0000000000,1.0000000000,104,110,104,112,104,112
966,neighbor,False,WSD_CRITERIA_UNVERIFIED,999999999.0000000000,999999999.0000000000,0.2250000000,0.3000000000,0.3000000000,2.5000000000,0.9000000000,104,110,103,112,104,110
967,neighbor,False,CONCRETE_OR_STEEL_STRESS,999999999.0000000000,999999999.0000000000,0.2000000000,0.2000000000,0.3000000000,2.5000000000,1.0000000000,104,110,104,111,102,112
968,neighbor,False,CONCRETE_OR_STEEL_STRESS,999999999.0000000000,999999999.0000000000,0.2000000000,0.2500000000,0.4000000000,2.5000000000,0.9000000000,104,110,104,112,104,112
969,neighbor,False,WSD_CRITERIA_UNVERIFIED,999999999.0000000000,999999999.0000000000,0.2000000000,0.3000000000,0.3000000000,2.5000000000,1.0000000000,104,110,104,110,104,112
970,neighbor,False,CONCRETE_OR_STEEL_STRESS,999999999.0000000000,999999999.0000000000,0.2000000000,0.2000000000,0.4000000000,2.5000000000,0.8000000000,104,110,102,110,103,110
971,neighbor,False,CONCRETE_OR_STEEL_STRESS,999999999.0000000000,999999999.0000000000,0.2000000000,0.2000000000,0.3000000000,2.5000000000,1.0000000000,104,112,104,110,103,110
972,neighbor,False,CONCRETE_OR_STEEL_STRESS,999999999.0000000000,999999999.0000000000,0.2000000000,0.2000000000,0.3000000000,3.0000000000,0.8000000000,103,110,104,110,104,112
973,neighbor,False,CONCRETE_OR_STEEL_STRESS,999999999.0000000000,999999999.0000000000,0.2000000000,0.2500000000,0.3000000000,2.5000000000,1.0000000000,102,111,104,110,104,110
974,neighbor,False,WSD_CRITERIA_UNVERIFIED,999999999.0000000000,999999999.0000000000,0.2250000000,0.3500000000,0.3000000000,2.5000000000,1.0000000000,104,112,103,111,103,111
975,neighbor,False,CONCRETE_OR_STEEL_STRESS,999999999.0000000000,999999999.0000000000,0.2000000000,0.2000000000,0.6500000000,2.5000000000,1.0000000000,104,110,104,112,103,110
976,neighbor,False,CONCRETE_OR_STEEL_STRESS,999999999.0000000000,999999999.0000000000,0.2000000000,0.2000000000,0.6000000000,2.5000000000,1.0000000000,104,110,104,110,103,110
977,neighbor,False,CONCRETE_OR_STEEL_STRESS,999999999.0000000000,999999999.0000000000,0.2000000000,0.2500000000,0.5500000000,3.0000000000,0.8000000000,103,111,104,110,103,112
978,neighbor,False,CONCRETE_OR_STEEL_STRESS,999999999.0000000000,999999999.0000000000,0.2000000000,0.2000000000,0.3000000000,2.5000000000,0.8000000000,104,110,104,111,104,110
979,neighbor,False,CONCRETE_OR_STEEL_STRESS,999999999.0000000000,999999999.0000000000,0.2000000000,0.2500000000,0.3000000000,3.0000000000,1.0000000000,102,112,102,111,103,110
980,neighbor,False,CONCRETE_OR_STEEL_STRESS,999999999.0000000000,999999999.0000000000,0.2000000000,0.2500000000,0.3000000000,2.5000000000,0.9000000000,104,110,104,110,104,112
981,neighbor,False,CONCRETE_OR_STEEL_STRESS,999999999.0000000000,999999999.0000000000,0.2000000000,0.2500000000,0.3000000000,2.5000000000,1.0000000000,103,110,102,110,102,112
982,neighbor,False,WSD_CRITERIA_UNVERIFIED,999999999.0000000000,999999999.0000000000,0.2250000000,0.3500000000,0.3000000000,3.0000000000,1.0000000000,103,110,104,110,103,110
983,neighbor,False,CONCRETE_OR_STEEL_STRESS,999999999.0000000000,999999999.0000000000,0.2000000000,0.2000000000,0.4500000000,3.0000000000,0.8000000000,103,112,104,111,102,110
984,neighbor,False,WSD_CRITERIA_UNVERIFIED,999999999.0000000000,999999999.0000000000,0.2500000000,0.3000000000,0.5000000000,3.0000000000,1.0000000000,104,111,104,112,104,111
985,neighbor,False,CONCRETE_OR_STEEL_STRESS,999999999.0000000000,999999999.0000000000,0.2000000000,0.2000000000,0.3000000000,2.5000000000,1.0000000000,104,111,104,110,104,110
986,neighbor,False,WSD_CRITERIA_UNVERIFIED,999999999.0000000000,999999999.0000000000,0.2000000000,0.3000000000,0.3000000000,3.0000000000,1.0000000000,104,110,103,110,103,110
987,neighbor,False,CONCRETE_OR_STEEL_STRESS,999999999.0000000000,999999999.0000000000,0.2500000000,0.2500000000,0.5500000000,2.5000000000,1.0000000000,104,111,104,112,104,110
988,neighbor,False,CONCRETE_OR_STEEL_STRESS,999999999.0000000000,999999999.0000000000,0.2000000000,0.3000000000,0.4000000000,3.0000000000,1.0000000000,102,111,104,112,104,111
989,neighbor,False,CONCRETE_OR_STEEL_STRESS,999999999.0000000000,999999999.0000000000,0.2000000000,0.2500000000,0.3000000000,3.0000000000,0.8000000000,104,110,104,112,102,112
990,neighbor,False,WSD_CRITERIA_UNVERIFIED,999999999.0000000000,999999999.0000000000,0.2500000000,0.3500000000,0.5000000000,2.5000000000,1.0000000000,103,112,102,110,102,110
991,neighbor,False,CONCRETE_OR_STEEL_STRESS,999999999.0000000000,999999999.0000000000,0.2000000000,0.2000000000,0.3000000000,2.5000000000,1.0000000000,102,111,103,110,103,110
992,neighbor,False,CONCRETE_OR_STEEL_STRESS,999999999.0000000000,999999999.0000000000,0.2000000000,0.2000000000,0.4000000000,2.5000000000,1.0000000000,104,111,104,110,102,110
993,neighbor,False,CONCRETE_OR_STEEL_STRESS,999999999.0000000000,999999999.0000000000,0.2000000000,0.2000000000,0.5000000000,3.0000000000,1.0000000000,104,111,104,112,103,110
994,neighbor,False,CONCRETE_OR_STEEL_STRESS,999999999.0000000000,999999999.0000000000,0.2000000000,0.2000000000,0.6000000000,2.5000000000,0.8000000000,104,112,102,111,102,112
995,neighbor,False,WSD_CRITERIA_UNVERIFIED,999999999.0000000000,999999999.0000000000,0.2000000000,0.3500000000,0.3000000000,3.0000000000,1.0000000000,104,111,103,111,104,111
996,neighbor,False,WSD_CRITERIA_UNVERIFIED,999999999.0000000000,999999999.0000000000,0.2000000000,0.3000000000,0.6500000000,2.5000000000,0.9000000000,104,112,104,110,104,110
997,neighbor,False,WSD_CRITERIA_UNVERIFIED,999999999.0000000000,999999999.0000000000,0.2000000000,0.3000000000,0.4500000000,2.5000000000,1.0000000000,103,110,104,110,104,110
998,neighbor,False,CONCRETE_OR_STEEL_STRESS,999999999.0000000000,999999999.0000000000,0.2000000000,0.2000000000,0.3000000000,2.5000000000,0.8000000000,102,110,103,110,104,110
999,neighbor,False,CONCRETE_OR_STEEL_STRESS,999999999.0000000000,999999999.0000000000,0.2000000000,0.2000000000,0.6000000000,2.5000000000,0.8000000000,104,110,103,110,102,112
1000,neighbor,False,WSD_CRITERIA_UNVERIFIED,999999999.0000000000,999999999.0000000000,0.2000000000,0.3500000000,0.4000000000,2.5000000000,1.0000000000,102,110,103,110,102,111
1001,neighbor,False,WSD_CRITERIA_UNVERIFIED,999999999.0000000000,999999999.0000000000,0.2000000000,0.3500000000,0.3000000000,2.5000000000,1.0000000000,102,110,104,111,102,110
1002,neighbor,False,CONCRETE_OR_STEEL_STRESS,999999999.0000000000,999999999.0000000000,0.2000000000,0.2500000000,0.3000000000,2.5000000000,1.0000000000,104,110,104,112,102,111
1003,neighbor,False,CONCRETE_OR_STEEL_STRESS,999999999.0000000000,999999999.0000000000,0.2000000000,0.3500000000,0.3000000000,3.0000000000,1.0000000000,102,111,102,111,104,110
1004,neighbor,False,CONCRETE_OR_STEEL_STRESS,999999999.0000000000,999999999.0000000000,0.2000000000,0.2000000000,0.4000000000,2.5000000000,1.0000000000,104,111,103,110,104,110
1005,neighbor,False,WSD_CRITERIA_UNVERIFIED,999999999.0000000000,999999999.0000000000,0.2250000000,0.3000000000,0.3000000000,2.5000000000,1.0000000000,104,110,102,111,102,110
1006,neighbor,False,CONCRETE_OR_STEEL_STRESS,999999999.0000000000,999999999.0000000000,0.2000000000,0.2000000000,0.3000000000,2.5000000000,0.8000000000,103,112,104,112,104,111
1007,neighbor,False,WSD_CRITERIA_UNVERIFIED,999999999.0000000000,999999999.0000000000,0.2500000000,0.3000000000,0.6500000000,2.5000000000,1.0000000000,104,110,104,110,104,112
1008,neighbor,False,CONCRETE_OR_STEEL_STRESS,999999999.0000000000,999999999.0000000000,0.2000000000,0.2000000000,0.3000000000,2.5000000000,1.0000000000,104,111,103,111,104,110
1009,neighbor,False,CONCRETE_OR_STEEL_STRESS,999999999.0000000000,999999999.0000000000,0.2000000000,0.2500000000,0.5000000000,2.5000000000,1.0000000000,104,111,104,110,103,110
1010,neighbor,False,CONCRETE_OR_STEEL_STRESS,999999999.0000000000,999999999.0000000000,0.2000000000,0.2000000000,0.4000000000,3.0000000000,1.0000000000,103,112,103,110,104,111
1011,neighbor,False,CONCRETE_OR_STEEL_STRESS,999999999.0000000000,999999999.0000000000,0.2000000000,0.2500000000,0.3000000000,2.5000000000,0.9000000000,104,110,104,110,104,110
1012,neighbor,False,CONCRETE_OR_STEEL_STRESS,999999999.0000000000,999999999.0000000000,0.2000000000,0.2000000000,0.3000000000,3.0000000000,1.0000000000,104,110,104,110,102,111
1013,neighbor,False,WSD_CRITERIA_UNVERIFIED,999999999.0000000000,999999999.0000000000,0.2500000000,0.3500000000,0.3500000000,2.5000000000,1.0000000000,104,110,104,110,102,110
1014,neighbor,False,WSD_CRITERIA_UNVERIFIED,999999999.0000000000,999999999.0000000000,0.2500000000,0.3500000000,0.3000000000,3.0000000000,1.0000000000,104,112,104,110,104,110
1015,neighbor,False,WSD_CRITERIA_UNVERIFIED,999999999.0000000000,999999999.0000000000,0.2000000000,0.3500000000,0.4500000000,2.5000000000,1.0000000000,103,110,104,110,104,111
1016,neighbor,False,CONCRETE_OR_STEEL_STRESS,999999999.0000000000,999999999.0000000000,0.2000000000,0.2000000000,0.3500000000,3.0000000000,0.9000000000,104,110,104,110,104,112
1017,neighbor,False,CONCRETE_OR_STEEL_STRESS,999999999.0000000000,999999999.0000000000,0.2250000000,0.2500000000,0.5000000000,3.0000000000,1.0000000000,102,111,104,110,104,112
1018,neighbor,False,CONCRETE_OR_STEEL_STRESS,999999999.0000000000,999999999.0000000000,0.2250000000,0.2500000000,0.3500000000,2.5000000000,0.8000000000,104,110,104,111,103,110
1019,neighbor,False,WSD_CRITERIA_UNVERIFIED,999999999.0000000000,999999999.0000000000,0.2000000000,0.3000000000,0.3000000000,3.0000000000,1.0000000000,103,111,104,112,104,110
1020,neighbor,False,CONCRETE_OR_STEEL_STRESS,999999999.0000000000,999999999.0000000000,0.2000000000,0.2000000000,0.3000000000,2.5000000000,0.8000000000,104,110,103,110,104,112
1021,neighbor,False,CONCRETE_OR_STEEL_STRESS,999999999.0000000000,999999999.0000000000,0.2000000000,0.2000000000,0.5000000000,3.0000000000,1.0000000000,104,110,104,110,103,110
1022,neighbor,False,CONCRETE_OR_STEEL_STRESS,999999999.0000000000,999999999.0000000000,0.2000000000,0.2000000000,0.3000000000,2.5000000000,0.8000000000,104,110,104,110,104,111
1023,neighbor,False,CONCRETE_OR_STEEL_STRESS,999999999.0000000000,999999999.0000000000,0.2000000000,0.2000000000,0.3000000000,2.5000000000,1.0000000000,104,110,104,110,104,110
1024,neighbor,False,WSD_CRITERIA_UNVERIFIED,999999999.0000000000,999999999.0000000000,0.2250000000,0.3000000000,0.3000000000,2.5000000000,1.0000000000,102,110,104,110,104,110
1025,neighbor,False,CONCRETE_OR_STEEL_STRESS,999999999.0000000000,999999999.0000000000,0.2000000000,0.2000000000,0.3000000000,2.5000000000,1.0000000000,104,110,104,111,104,110
1026,neighbor,False,CONCRETE_OR_STEEL_STRESS,999999999.0000000000,999999999.0000000000,0.2000000000,0.2500000000,0.3000000000,2.5000000000,0.8000000000,104,111,103,110,104,110
1027,neighbor,False,WSD_CRITERIA_UNVERIFIED,999999999.0000000000,999999999.0000000000,0.2000000000,0.3500000000,0.6500000000,2.5000000000,0.8000000000,104,110,104,110,104,110
1028,neighbor,False,CONCRETE_OR_STEEL_STRESS,999999999.0000000000,999999999.0000000000,0.2000000000,0.2500000000,0.4500000000,2.5000000000,1.0000000000,104,111,103,110,104,110
1029,neighbor,False,CONCRETE_OR_STEEL_STRESS,999999999.0000000000,999999999.0000000000,0.2000000000,0.2000000000,0.6000000000,3.0000000000,1.0000000000,103,112,102,111,102,110
1030,neighbor,False,WSD_CRITERIA_UNVERIFIED,999999999.0000000000,999999999.0000000000,0.2000000000,0.3500000000,0.3000000000,2.5000000000,0.9000000000,104,112,104,110,104,110
1031,neighbor,False,CONCRETE_OR_STEEL_STRESS,999999999.0000000000,999999999.0000000000,0.2000000000,0.2000000000,0.4500000000,3.0000000000,1.0000000000,103,112,102,110,104,110
1032,neighbor,False,CONCRETE_OR_STEEL_STRESS,999999999.0000000000,999999999.0000000000,0.2500000000,0.3500000000,0.3000000000,2.5000000000,0.8000000000,102,112,104,112,102,110
1033,neighbor,False,CONCRETE_OR_STEEL_STRESS,999999999.0000000000,999999999.0000000000,0.2000000000,0.2000000000,0.3000000000,3.0000000000,0.8000000000,104,110,104,110,102,111
1034,neighbor,False,WSD_CRITERIA_UNVERIFIED,999999999.0000000000,999999999.0000000000,0.2500000000,0.3500000000,0.3000000000,2.5000000000,0.9000000000,104,110,104,112,103,111
1035,neighbor,False,WSD_CRITERIA_UNVERIFIED,999999999.0000000000,999999999.0000000000,0.2000000000,0.3500000000,0.5000000000,2.5000000000,1.0000000000,104,110,104,111,103,110
1036,neighbor,False,WSD_CRITERIA_UNVERIFIED,999999999.0000000000,999999999.0000000000,0.2000000000,0.3000000000,0.3000000000,2.5000000000,0.8000000000,104,110,104,110,102,111
1037,neighbor,False,CONCRETE_OR_STEEL_STRESS,999999999.0000000000,999999999.0000000000,0.2000000000,0.2000000000,0.3500000000,2.5000000000,1.0000000000,102,112,102,111,104,111
1038,neighbor,False,WSD_CRITERIA_UNVERIFIED,999999999.0000000000,999999999.0000000000,0.2000000000,0.3000000000,0.3500000000,2.5000000000,0.9000000000,104,110,104,111,104,112
1039,neighbor,False,CONCRETE_OR_STEEL_STRESS,999999999.0000000000,999999999.0000000000,0.2000000000,0.2000000000,0.6500000000,3.0000000000,0.9000000000,104,112,104,110,104,110
1040,neighbor,False,CONCRETE_OR_STEEL_STRESS,999999999.0000000000,999999999.0000000000,0.2250000000,0.2500000000,0.3000000000,3.0000000000,0.8000000000,104,110,104,110,104,110
1041,neighbor,False,CONCRETE_OR_STEEL_STRESS,999999999.0000000000,999999999.0000000000,0.2250000000,0.2500000000,0.5000000000,3.0000000000,1.0000000000,103,110,102,110,102,111
1042,neighbor,False,CONCRETE_OR_STEEL_STRESS,999999999.0000000000,999999999.0000000000,0.2000000000,0.2000000000,0.3000000000,2.5000000000,1.0000000000,104,112,104,111,104,110
1043,neighbor,False,CONCRETE_OR_STEEL_STRESS,999999999.0000000000,999999999.0000000000,0.2000000000,0.3500000000,0.3000000000,2.5000000000,1.0000000000,102,111,104,110,104,111
1044,neighbor,False,CONCRETE_OR_STEEL_STRESS,999999999.0000000000,999999999.0000000000,0.2000000000,0.2000000000,0.3000000000,2.5000000000,0.8000000000,102,112,104,110,103,111
1045,neighbor,False,WSD_CRITERIA_UNVERIFIED,999999999.0000000000,999999999.0000000000,0.2000000000,0.3000000000,0.4500000000,2.5000000000,1.0000000000,104,110,104,110,104,112
1046,neighbor,False,WSD_CRITERIA_UNVERIFIED,999999999.0000000000,999999999.0000000000,0.2250000000,0.3500000000,0.4500000000,2.5000000000,0.9000000000,103,111,103,111,103,110
1047,neighbor,False,WSD_CRITERIA_UNVERIFIED,999999999.0000000000,999999999.0000000000,0.2000000000,0.3000000000,0.5500000000,2.5000000000,1.0000000000,103,110,104,110,104,111
1048,neighbor,False,CONCRETE_OR_STEEL_STRESS,999999999.0000000000,999999999.0000000000,0.2000000000,0.3500000000,0.3000000000,3.0000000000,1.0000000000,102,112,104,110,104,110
1049,neighbor,False,WSD_CRITERIA_UNVERIFIED,999999999.0000000000,999999999.0000000000,0.2000000000,0.3000000000,0.6500000000,2.5000000000,1.0000000000,103,111,104,110,104,111
1050,neighbor,False,CONCRETE_OR_STEEL_STRESS,999999999.0000000000,999999999.0000000000,0.2000000000,0.2000000000,0.5000000000,2.5000000000,1.0000000000,103,110,103,110,103,110
1051,neighbor,False,CONCRETE_OR_STEEL_STRESS,999999999.0000000000,999999999.0000000000,0.2000000000,0.2000000000,0.3000000000,2.5000000000,1.0000000000,102,111,104,110,102,110
1052,neighbor,False,WSD_CRITERIA_UNVERIFIED,999999999.0000000000,999999999.0000000000,0.2000000000,0.3500000000,0.6500000000,2.5000000000,1.0000000000,104,111,104,110,104,110
1053,neighbor,False,WSD_CRITERIA_UNVERIFIED,999999999.0000000000,999999999.0000000000,0.2250000000,0.3000000000,0.4500000000,3.0000000000,0.8000000000,103,110,103,110,104,110
1054,neighbor,False,CONCRETE_OR_STEEL_STRESS,999999999.0000000000,999999999.0000000000,0.2000000000,0.2000000000,0.5500000000,2.5000000000,1.0000000000,104,110,103,112,102,110
1055,neighbor,False,WSD_CRITERIA_UNVERIFIED,999999999.0000000000,999999999.0000000000,0.2000000000,0.3500000000,0.3000000000,2.5000000000,1.0000000000,103,110,104,110,102,110
1056,neighbor,False,WSD_CRITERIA_UNVERIFIED,999999999.0000000000,999999999.0000000000,0.2250000000,0.3000000000,0.3000000000,3.0000000000,0.8000000000,103,110,102,110,104,112
1057,neighbor,False,CONCRETE_OR_STEEL_STRESS,999999999.0000000000,999999999.0000000000,0.2000000000,0.2500000000,0.3000000000,3.0000000000,1.0000000000,104,110,102,111,102,112
1058,neighbor,False,CONCRETE_OR_STEEL_STRESS,999999999.0000000000,999999999.0000000000,0.2000000000,0.2500000000,0.3000000000,2.5000000000,1.0000000000,103,110,104,110,104,110
1059,neighbor,False,CONCRETE_OR_STEEL_STRESS,999999999.0000000000,999999999.0000000000,0.2500000000,0.2500000000,0.5500000000,3.0000000000,1.0000000000,103,110,104,110,103,111
1060,neighbor,False,WSD_CRITERIA_UNVERIFIED,999999999.0000000000,999999999.0000000000,0.2000000000,0.3000000000,0.3500000000,2.5000000000,0.9000000000,104,110,104,110,104,110
1061,neighbor,False,CONCRETE_OR_STEEL_STRESS,999999999.0000000000,999999999.0000000000,0.2000000000,0.2500000000,0.3000000000,3.0000000000,1.0000000000,104,111,104,112,104,110
1062,neighbor,False,CONCRETE_OR_STEEL_STRESS,999999999.0000000000,999999999.0000000000,0.2000000000,0.2000000000,0.3500000000,2.5000000000,0.9000000000,103,110,104,110,104,110
1063,neighbor,False,CONCRETE_OR_STEEL_STRESS,999999999.0000000000,999999999.0000000000,0.2000000000,0.2000000000,0.4000000000,3.0000000000,1.0000000000,104,110,103,110,104,112
1064,neighbor,False,WSD_CRITERIA_UNVERIFIED,999999999.0000000000,999999999.0000000000,0.2500000000,0.3500000000,0.3000000000,2.5000000000,1.0000000000,103,111,104,110,104,110
1065,neighbor,False,WSD_CRITERIA_UNVERIFIED,999999999.0000000000,999999999.0000000000,0.2000000000,0.3500000000,0.5500000000,3.0000000000,1.0000000000,104,112,104,111,104,110
1066,neighbor,False,CONCRETE_OR_STEEL_STRESS,999999999.0000000000,999999999.0000000000,0.2000000000,0.2000000000,0.6500000000,3.0000000000,0.8000000000,104,110,104,110,102,112
1067,neighbor,False,CONCRETE_OR_STEEL_STRESS,999999999.0000000000,999999999.0000000000,0.2000000000,0.2000000000,0.3500000000,2.5000000000,1.0000000000,104,110,104,111,104,110
1068,neighbor,False,CONCRETE_OR_STEEL_STRESS,999999999.0000000000,999999999.0000000000,0.2250000000,0.2500000000,0.3500000000,3.0000000000,0.8000000000,104,110,104,112,102,111
1069,neighbor,False,WSD_CRITERIA_UNVERIFIED,999999999.0000000000,999999999.0000000000,0.2250000000,0.3000000000,0.4000000000,3.0000000000,1.0000000000,102,110,104,110,104,110
1070,neighbor,False,CONCRETE_OR_STEEL_STRESS,999999999.0000000000,999999999.0000000000,0.2000000000,0.2500000000,0.6000000000,2.5000000000,1.0000000000,104,110,104,110,104,112
1071,neighbor,False,CONCRETE_OR_STEEL_STRESS,999999999.0000000000,999999999.0000000000,0.2000000000,0.2000000000,0.6500000000,2.5000000000,1.0000000000,104,112,104,110,102,112
1072,neighbor,False,CONCRETE_OR_STEEL_STRESS,999999999.0000000000,999999999.0000000000,0.2000000000,0.2000000000,0.5000000000,2.5000000000,1.0000000000,103,110,104,110,103,111
1073,neighbor,False,CONCRETE_OR_STEEL_STRESS,999999999.0000000000,999999999.0000000000,0.2000000000,0.2000000000,0.3000000000,3.0000000000,1.0000000000,103,110,104,111,104,111
1074,neighbor,False,WSD_CRITERIA_UNVERIFIED,999999999.0000000000,999999999.0000000000,0.2250000000,0.3500000000,0.3000000000,2.5000000000,1.0000000000,103,111,104,111,104,112
1075,neighbor,False,CONCRETE_OR_STEEL_STRESS,999999999.0000000000,999999999.0000000000,0.2000000000,0.2000000000,0.6500000000,2.5000000000,0.9000000000,103,110,104,111,103,110
1076,neighbor,False,CONCRETE_OR_STEEL_STRESS,999999999.0000000000,999999999.0000000000,0.2000000000,0.2000000000,0.3000000000,2.5000000000,0.9000000000,102,112,103,112,104,112
1077,neighbor,False,CONCRETE_OR_STEEL_STRESS,999999999.0000000000,999999999.0000000000,0.2000000000,0.2000000000,0.6000000000,2.5000000000,1.0000000000,103,111,104,111,102,110
1078,neighbor,False,WSD_CRITERIA_UNVERIFIED,999999999.0000000000,999999999.0000000000,0.2000000000,0.3000000000,0.6000000000,2.5000000000,0.8000000000,103,110,104,110,104,111
1079,neighbor,False,CONCRETE_OR_STEEL_STRESS,999999999.0000000000,999999999.0000000000,0.2000000000,0.3000000000,0.3000000000,2.5000000000,1.0000000000,103,112,103,111,104,110
1080,neighbor,False,WSD_CRITERIA_UNVERIFIED,999999999.0000000000,999999999.0000000000,0.2000000000,0.3500000000,0.3500000000,3.0000000000,0.8000000000,104,111,103,110,104,110
1081,neighbor,False,CONCRETE_OR_STEEL_STRESS,999999999.0000000000,999999999.0000000000,0.2000000000,0.2000000000,0.3000000000,3.0000000000,1.0000000000,104,111,104,110,104,112
1082,neighbor,False,CONCRETE_OR_STEEL_STRESS,999999999.0000000000,999999999.0000000000,0.2500000000,0.3500000000,0.5500000000,2.5000000000,1.0000000000,102,111,104,110,104,110
1083,neighbor,False,WSD_CRITERIA_UNVERIFIED,999999999.0000000000,999999999.0000000000,0.2250000000,0.3000000000,0.6500000000,3.0000000000,0.8000000000,103,111,104,110,104,112
1084,neighbor,False,CONCRETE_OR_STEEL_STRESS,999999999.0000000000,999999999.0000000000,0.2000000000,0.2500000000,0.5000000000,2.5000000000,0.9000000000,104,110,104,111,104,110
1085,neighbor,False,WSD_CRITERIA_UNVERIFIED,999999999.0000000000,999999999.0000000000,0.2500000000,0.3500000000,0.6000000000,2.5000000000,1.0000000000,104,112,104,111,104,111
1086,neighbor,False,CONCRETE_OR_STEEL_STRESS,999999999.0000000000,999999999.0000000000,0.2500000000,0.2500000000,0.6000000000,3.0000000000,1.0000000000,102,110,103,112,104,110
1087,neighbor,False,WSD_CRITERIA_UNVERIFIED,999999999.0000000000,999999999.0000000000,0.2000000000,0.3500000000,0.3000000000,2.5000000000,1.0000000000,104,110,104,110,104,112
1088,neighbor,False,WSD_CRITERIA_UNVERIFIED,999999999.0000000000,999999999.0000000000,0.2000000000,0.3000000000,0.3500000000,2.5000000000,0.9000000000,103,111,104,110,102,110
1089,neighbor,False,CONCRETE_OR_STEEL_STRESS,999999999.0000000000,999999999.0000000000,0.2000000000,0.2000000000,0.3500000000,2.5000000000,1.0000000000,102,111,104,110,104,111
1090,neighbor,False,CONCRETE_OR_STEEL_STRESS,999999999.0000000000,999999999.0000000000,0.2250000000,0.2500000000,0.3000000000,2.5000000000,0.9000000000,104,110,104,112,103,110
1091,neighbor,False,WSD_CRITERIA_UNVERIFIED,999999999.0000000000,999999999.0000000000,0.2000000000,0.3000000000,0.3000000000,2.5000000000,0.9000000000,104,110,104,111,104,110
1092,neighbor,False,CONCRETE_OR_STEEL_STRESS,999999999.0000000000,999999999.0000000000,0.2000000000,0.3000000000,0.3000000000,2.5000000000,1.0000000000,103,112,104,112,103,111
1093,neighbor,False,WSD_CRITERIA_UNVERIFIED,999999999.0000000000,999999999.0000000000,0.2000000000,0.3500000000,0.5000000000,2.5000000000,0.9000000000,103,112,104,111,104,112
1094,neighbor,False,CONCRETE_OR_STEEL_STRESS,999999999.0000000000,999999999.0000000000,0.2000000000,0.2000000000,0.6000000000,2.5000000000,1.0000000000,103,111,103,110,104,111
1095,neighbor,False,CONCRETE_OR_STEEL_STRESS,999999999.0000000000,999999999.0000000000,0.2000000000,0.2000000000,0.4500000000,3.0000000000,0.9000000000,103,110,103,110,104,110
1096,neighbor,False,CONCRETE_OR_STEEL_STRESS,999999999.0000000000,999999999.0000000000,0.2000000000,0.2000000000,0.3000000000,3.0000000000,1.0000000000,103,110,104,110,102,110
1097,neighbor,False,WSD_CRITERIA_UNVERIFIED,999999999.0000000000,999999999.0000000000,0.2500000000,0.3000000000,0.5000000000,2.5000000000,1.0000000000,104,110,104,110,104,111
1098,neighbor,False,CONCRETE_OR_STEEL_STRESS,999999999.0000000000,999999999.0000000000,0.2500000000,0.2500000000,0.3500000000,2.5000000000,0.9000000000,104,110,102,110,104,110
1099,neighbor,False,CONCRETE_OR_STEEL_STRESS,999999999.0000000000,999999999.0000000000,0.2000000000,0.2000000000,0.6000000000,3.0000000000,0.8000000000,104,110,103,112,104,110
1100,neighbor,False,CONCRETE_OR_STEEL_STRESS,999999999.0000000000,999999999.0000000000,0.2000000000,0.2000000000,0.3000000000,2.5000000000,0.8000000000,104,110,102,110,103,111
1101,neighbor,False,WSD_CRITERIA_UNVERIFIED,999999999.0000000000,999999999.0000000000,0.2000000000,0.3500000000,0.3500000000,3.0000000000,1.0000000000,104,111,103,110,104,110
1102,neighbor,False,WSD_CRITERIA_UNVERIFIED,999999999.0000000000,999999999.0000000000,0.2000000000,0.3500000000,0.6000000000,3.0000000000,0.8000000000,104,112,103,112,103,110
1103,neighbor,False,WSD_CRITERIA_UNVERIFIED,999999999.0000000000,999999999.0000000000,0.2000000000,0.3000000000,0.3000000000,2.5000000000,0.9000000000,104,110,103,110,104,110
1104,neighbor,False,WSD_CRITERIA_UNVERIFIED,999999999.0000000000,999999999.0000000000,0.2500000000,0.3000000000,0.3500000000,2.5000000000,1.0000000000,103,111,104,111,104,110
1105,neighbor,False,CONCRETE_OR_STEEL_STRESS,999999999.0000000000,999999999.0000000000,0.2000000000,0.2000000000,0.3000000000,2.5000000000,1.0000000000,104,110,104,110,104,110
1106,neighbor,False,WSD_CRITERIA_UNVERIFIED,999999999.0000000000,999999999.0000000000,0.2500000000,0.3000000000,0.3000000000,2.5000000000,1.0000000000,104,110,103,110,104,111
1107,neighbor,False,CONCRETE_OR_STEEL_STRESS,999999999.0000000000,999999999.0000000000,0.2250000000,0.2500000000,0.6500000000,3.0000000000,0.8000000000,104,110,104,111,102,110
1108,neighbor,False,WSD_CRITERIA_UNVERIFIED,999999999.0000000000,999999999.0000000000,0.2000000000,0.3000000000,0.4500000000,2.5000000000,1.0000000000,104,112,103,110,102,110
1109,neighbor,False,CONCRETE_OR_STEEL_STRESS,999999999.0000000000,999999999.0000000000,0.2000000000,0.2000000000,0.3000000000,2.5000000000,0.9000000000,104,110,102,110,104,110
1110,neighbor,False,CONCRETE_OR_STEEL_STRESS,999999999.0000000000,999999999.0000000000,0.2000000000,0.2000000000,0.3000000000,2.5000000000,0.8000000000,103,112,104,110,104,111
1111,reset,False,WSD_CRITERIA_UNVERIFIED,999999999.0000000000,999999999.0000000000,0.2000000000,0.4500000000,0.5000000000,3.5000000000,1.0000000000,104,110,104,110,104,110
1112,neighbor,False,WSD_CRITERIA_UNVERIFIED,999999999.0000000000,999999999.0000000000,0.2000000000,0.4000000000,0.3500000000,3.5000000000,0.9000000000,104,110,104,110,104,111
1113,neighbor,False,WSD_CRITERIA_UNVERIFIED,999999999.0000000000,999999999.0000000000,0.2000000000,0.5000000000,0.5000000000,3.5000000000,1.0000000000,104,110,102,110,104,110
1114,neighbor,False,WSD_CRITERIA_UNVERIFIED,999999999.0000000000,999999999.0000000000,0.2000000000,0.3500000000,0.6500000000,3.5000000000,0.9000000000,104,111,104,110,104,110
1115,neighbor,False,WSD_CRITERIA_UNVERIFIED,999999999.0000000000,999999999.0000000000,0.2500000000,0.5000000000,0.5500000000,3.5000000000,1.0000000000,104,110,104,110,104,111
1116,neighbor,False,WSD_CRITERIA_UNVERIFIED,999999999.0000000000,999999999.0000000000,0.2500000000,0.5000000000,0.7000000000,3.5000000000,1.0000000000,103,110,104,110,102,110
1117,neighbor,False,WSD_CRITERIA_UNVERIFIED,999999999.0000000000,999999999.0000000000,0.2500000000,0.4500000000,0.4500000000,3.5000000000,0.8000000000,104,110,104,112,104,110
1118,neighbor,False,WSD_CRITERIA_UNVERIFIED,999999999.0000000000,999999999.0000000000,0.2500000000,0.4500000000,0.4000000000,3.0000000000,0.8000000000,104,110,104,111,102,110
1119,neighbor,False,WSD_CRITERIA_UNVERIFIED,999999999.0000000000,999999999.0000000000,0.2000000000,0.5500000000,0.7500000000,3.5000000000,1.0000000000,103,110,104,110,104,110
1120,neighbor,False,WSD_CRITERIA_UNVERIFIED,999999999.0000000000,999999999.0000000000,0.2000000000,0.4500000000,0.5500000000,3.0000000000,0.9000000000,104,111,104,111,102,111
1121,neighbor,False,WSD_CRITERIA_UNVERIFIED,999999999.0000000000,999999999.0000000000,0.2250000000,0.5000000000,0.3000000000,3.5000000000,1.0000000000,104,110,104,110,104,112
1122,neighbor,False,WSD_CRITERIA_UNVERIFIED,999999999.0000000000,999999999.0000000000,0.2000000000,0.4000000000,0.3500000000,3.0000000000,1.0000000000,104,110,102,110,104,110
1123,neighbor,False,WSD_CRITERIA_UNVERIFIED,999999999.0000000000,999999999.0000000000,0.2000000000,0.4500000000,0.5500000000,3.5000000000,0.8000000000,102,110,104,112,103,110
1124,neighbor,False,WSD_CRITERIA_UNVERIFIED,999999999.0000000000,999999999.0000000000,0.2250000000,0.5000000000,0.3000000000,3.5000000000,1.0000000000,104,110,104,111,104,110
1125,neighbor,False,WSD_CRITERIA_UNVERIFIED,999999999.0000000000,999999999.0000000000,0.2500000000,0.5500000000,0.6000000000,3.5000000000,1.0000000000,104,112,104,111,104,112
1126,neighbor,False,WSD_CRITERIA_UNVERIFIED,999999999.0000000000,999999999.0000000000,0.2000000000,0.4500000000,0.7500000000,3.5000000000,0.9000000000,102,110,104,110,104,112
1127,neighbor,False,WSD_CRITERIA_UNVERIFIED,999999999.0000000000,999999999.0000000000,0.2250000000,0.4000000000,0.6000000000,3.5000000000,1.0000000000,102,110,104,110,104,110
1128,neighbor,False,WSD_CRITERIA_UNVERIFIED,999999999.0000000000,999999999.0000000000,0.2000000000,0.3500000000,0.3000000000,3.0000000000,1.0000000000,104,110,104,111,103,110
1129,neighbor,False,WSD_CRITERIA_UNVERIFIED,999999999.0000000000,999999999.0000000000,0.2250000000,0.5500000000,0.3000000000,3.5000000000,1.0000000000,104,111,103,110,104,110
1130,neighbor,False,WSD_CRITERIA_UNVERIFIED,999999999.0000000000,999999999.0000000000,0.2000000000,0.5000000000,0.5500000000,3.5000000000,1.0000000000,104,112,104,110,103,110
1131,neighbor,False,WSD_CRITERIA_UNVERIFIED,999999999.0000000000,999999999.0000000000,0.2500000000,0.4500000000,0.7000000000,3.5000000000,0.8000000000,104,110,104,110,104,112
1132,neighbor,False,WSD_CRITERIA_UNVERIFIED,999999999.0000000000,999999999.0000000000,0.2000000000,0.5500000000,0.3500000000,3.5000000000,1.0000000000,102,112,102,110,104,110
1133,neighbor,False,WSD_CRITERIA_UNVERIFIED,999999999.0000000000,999999999.0000000000,0.2000000000,0.5500000000,0.3000000000,3.0000000000,0.8000000000,102,110,104,110,104,112
1134,neighbor,False,WSD_CRITERIA_UNVERIFIED,999999999.0000000000,999999999.0000000000,0.2000000000,0.4000000000,0.3000000000,3.5000000000,1.0000000000,104,112,104,110,104,111
1135,neighbor,False,WSD_CRITERIA_UNVERIFIED,999999999.0000000000,999999999.0000000000,0.2500000000,0.4000000000,0.4000000000,3.5000000000,0.9000000000,103,110,103,112,104,110
1136,neighbor,False,WSD_CRITERIA_UNVERIFIED,999999999.0000000000,999999999.0000000000,0.2000000000,0.4000000000,0.7500000000,3.5000000000,1.0000000000,104,111,102,110,103,112
1137,neighbor,False,WSD_CRITERIA_UNVERIFIED,999999999.0000000000,999999999.0000000000,0.2000000000,0.4500000000,0.7000000000,3.0000000000,0.9000000000,103,112,104,110,104,110
1138,neighbor,False,WSD_CRITERIA_UNVERIFIED,999999999.0000000000,999999999.0000000000,0.2500000000,0.3500000000,0.5500000000,3.5000000000,1.0000000000,104,110,103,110,104,111
1139,neighbor,False,WSD_CRITERIA_UNVERIFIED,999999999.0000000000,999999999.0000000000,0.2000000000,0.4500000000,0.3000000000,3.5000000000,1.0000000000,104,112,104,110,104,112
1140,neighbor,False,WSD_CRITERIA_UNVERIFIED,999999999.0000000000,999999999.0000000000,0.2000000000,0.4500000000,0.6500000000,3.0000000000,1.0000000000,104,111,102,110,102,112
1141,neighbor,False,WSD_CRITERIA_UNVERIFIED,999999999.0000000000,999999999.0000000000,0.2250000000,0.5500000000,0.7500000000,3.5000000000,1.0000000000,103,110,104,110,104,112
1142,neighbor,False,WSD_CRITERIA_UNVERIFIED,999999999.0000000000,999999999.0000000000,0.2000000000,0.5500000000,0.5000000000,3.0000000000,1.0000000000,104,110,102,111,104,110
1143,neighbor,False,WSD_CRITERIA_UNVERIFIED,999999999.0000000000,999999999.0000000000,0.2250000000,0.5500000000,0.3000000000,3.5000000000,1.0000000000,104,110,102,111,104,112
1144,neighbor,False,WSD_CRITERIA_UNVERIFIED,999999999.0000000000,999999999.0000000000,0.2000000000,0.3500000000,0.4000000000,3.0000000000,0.9000000000,104,112,104,111,104,110
1145,neighbor,False,WSD_CRITERIA_UNVERIFIED,999999999.0000000000,999999999.0000000000,0.2000000000,0.4000000000,0.7500000000,3.5000000000,0.9000000000,103,110,102,110,103,111
1146,neighbor,False,WSD_CRITERIA_UNVERIFIED,999999999.0000000000,999999999.0000000000,0.2000000000,0.4000000000,0.5500000000,3.5000000000,0.9000000000,104,110,104,112,103,110
1147,neighbor,False,WSD_CRITERIA_UNVERIFIED,999999999.0000000000,999999999.0000000000,0.2000000000,0.3500000000,0.4500000000,3.5000000000,1.0000000000,104,112,102,110,104,110
1148,neighbor,False,WSD_CRITERIA_UNVERIFIED,999999999.0000000000,999999999.0000000000,0.2000000000,0.4000000000,0.6000000000,3.5000000000,1.0000000000,103,110,102,112,103,112
1149,neighbor,False,WSD_CRITERIA_UNVERIFIED,999999999.0000000000,999999999.0000000000,0.2500000000,0.3500000000,0.4000000000,3.5000000000,0.8000000000,102,110,103,112,103,112
1150,neighbor,False,WSD_CRITERIA_UNVERIFIED,999999999.0000000000,999999999.0000000000,0.2500000000,0.4500000000,0.7500000000,3.5000000000,0.8000000000,103,110,102,110,104,110
1151,neighbor,False,WSD_CRITERIA_UNVERIFIED,999999999.0000000000,999999999.0000000000,0.2000000000,0.5000000000,0.4000000000,3.0000000000,1.0000000000,103,110,104,110,104,112
1152,neighbor,False,WSD_CRITERIA_UNVERIFIED,999999999.0000000000,999999999.0000000000,0.2000000000,0.4000000000,0.3500000000,3.0000000000,1.0000000000,102,110,102,110,103,110
1153,neighbor,False,WSD_CRITERIA_UNVERIFIED,999999999.0000000000,999999999.0000000000,0.2250000000,0.3500000000,0.5000000000,3.0000000000,1.0000000000,104,110,104,111,103,110
1154,neighbor,False,WSD_CRITERIA_UNVERIFIED,999999999.0000000000,999999999.0000000000,0.2000000000,0.5500000000,0.3000000000,3.5000000000,1.0000000000,104,111,103,110,103,110
1155,neighbor,False,WSD_CRITERIA_UNVERIFIED,999999999.0000000000,999999999.0000000000,0.2250000000,0.5000000000,0.5000000000,3.5000000000,1.0000000000,102,110,104,110,102,111
1156,neighbor,False,WSD_CRITERIA_UNVERIFIED,999999999.0000000000,999999999.0000000000,0.2250000000,0.3500000000,0.7500000000,3.5000000000,1.0000000000,104,111,103,112,104,110
1157,neighbor,False,WSD_CRITERIA_UNVERIFIED,999999999.0000000000,999999999.0000000000,0.2000000000,0.4500000000,0.3000000000,3.0000000000,1.0000000000,104,110,104,112,104,111
1158,neighbor,False,WSD_CRITERIA_UNVERIFIED,999999999.0000000000,999999999.0000000000,0.2250000000,0.3500000000,0.5500000000,3.5000000000,1.0000000000,103,110,104,112,104,111
1159,neighbor,False,WSD_CRITERIA_UNVERIFIED,999999999.0000000000,999999999.0000000000,0.2000000000,0.5500000000,0.5000000000,3.5000000000,1.0000000000,102,110,104,111,104,112
1160,neighbor,False,WSD_CRITERIA_UNVERIFIED,999999999.0000000000,999999999.0000000000,0.2000000000,0.5500000000,0.3000000000,3.0000000000,1.0000000000,102,110,102,111,103,112
1161,neighbor,False,WSD_CRITERIA_UNVERIFIED,999999999.0000000000,999999999.0000000000,0.2500000000,0.4500000000,0.3500000000,3.5000000000,1.0000000000,102,110,104,112,104,110
1162,neighbor,False,WSD_CRITERIA_UNVERIFIED,999999999.0000000000,999999999.0000000000,0.2000000000,0.5500000000,0.5000000000,3.0000000000,1.0000000000,104,110,104,110,103,110
1163,neighbor,False,WSD_CRITERIA_UNVERIFIED,999999999.0000000000,999999999.0000000000,0.2500000000,0.5500000000,0.4000000000,3.5000000000,1.0000000000,104,110,103,110,102,111
1164,neighbor,False,WSD_CRITERIA_UNVERIFIED,999999999.0000000000,999999999.0000000000,0.2000000000,0.5500000000,0.3000000000,3.5000000000,0.9000000000,104,112,104,112,104,111
1165,neighbor,False,WSD_CRITERIA_UNVERIFIED,999999999.0000000000,999999999.0000000000,0.2500000000,0.5500000000,0.7500000000,3.5000000000,0.8000000000,103,110,104,110,104,110
1166,neighbor,False,WSD_CRITERIA_UNVERIFIED,999999999.0000000000,999999999.0000000000,0.2500000000,0.4500000000,0.6500000000,3.0000000000,0.8000000000,104,111,102,110,104,110
1167,neighbor,False,WSD_CRITERIA_UNVERIFIED,999999999.0000000000,999999999.0000000000,0.2000000000,0.5000000000,0.4500000000,3.5000000000,1.0000000000,103,112,102,110,104,110
1168,neighbor,False,WSD_CRITERIA_UNVERIFIED,999999999.0000000000,999999999.0000000000,0.2500000000,0.4500000000,0.7000000000,3.0000000000,1.0000000000,104,110,102,111,104,110
1169,neighbor,False,WSD_CRITERIA_UNVERIFIED,999999999.0000000000,999999999.0000000000,0.2250000000,0.4000000000,0.5500000000,3.0000000000,0.9000000000,104,112,104,110,102,110
1170,neighbor,False,WSD_CRITERIA_UNVERIFIED,999999999.0000000000,999999999.0000000000,0.2000000000,0.5000000000,0.7500000000,3.5000000000,1.0000000000,102,110,104,112,102,111
1171,neighbor,False,WSD_CRITERIA_UNVERIFIED,999999999.0000000000,999999999.0000000000,0.2000000000,0.3500000000,0.5500000000,3.0000000000,0.8000000000,103,111,104,112,104,110
1172,neighbor,False,WSD_CRITERIA_UNVERIFIED,999999999.0000000000,999999999.0000000000,0.2000000000,0.4500000000,0.6000000000,3.5000000000,1.0000000000,104,110,102,110,104,110
1173,neighbor,False,WSD_CRITERIA_UNVERIFIED,999999999.0000000000,999999999.0000000000,0.2000000000,0.4500000000,0.5000000000,3.5000000000,0.9000000000,104,110,103,110,102,110
1174,neighbor,False,CONCRETE_OR_STEEL_STRESS,999999999.0000000000,999999999.0000000000,0.2500000000,0.3500000000,0.5500000000,3.5000000000,0.8000000000,102,111,103,112,103,110
1175,neighbor,False,WSD_CRITERIA_UNVERIFIED,999999999.0000000000,999999999.0000000000,0.2000000000,0.5500000000,0.3000000000,3.5000000000,1.0000000000,102,112,104,110,103,110
1176,neighbor,False,WSD_CRITERIA_UNVERIFIED,999999999.0000000000,999999999.0000000000,0.2000000000,0.5000000000,0.3000000000,3.5000000000,1.0000000000,103,111,104,112,104,112
1177,neighbor,False,WSD_CRITERIA_UNVERIFIED,999999999.0000000000,999999999.0000000000,0.2250000000,0.4000000000,0.4000000000,3.0000000000,0.9000000000,103,110,104,110,104,110
1178,neighbor,False,WSD_CRITERIA_UNVERIFIED,999999999.0000000000,999999999.0000000000,0.2000000000,0.4500000000,0.5500000000,3.0000000000,1.0000000000,104,110,104,110,104,112
1179,neighbor,False,CONCRETE_OR_STEEL_STRESS,999999999.0000000000,999999999.0000000000,0.2250000000,0.3500000000,0.3000000000,3.0000000000,0.9000000000,103,110,104,110,102,112
1180,neighbor,False,WSD_CRITERIA_UNVERIFIED,999999999.0000000000,999999999.0000000000,0.2000000000,0.4500000000,0.7000000000,3.5000000000,1.0000000000,103,110,104,112,104,110
1181,neighbor,False,WSD_CRITERIA_UNVERIFIED,999999999.0000000000,999999999.0000000000,0.2000000000,0.4000000000,0.3000000000,3.5000000000,1.0000000000,104,110,104,110,104,110
1182,neighbor,False,WSD_CRITERIA_UNVERIFIED,999999999.0000000000,999999999.0000000000,0.2000000000,0.5500000000,0.5500000000,3.5000000000,0.9000000000,104,110,104,110,104,111
1183,neighbor,False,WSD_CRITERIA_UNVERIFIED,999999999.0000000000,999999999.0000000000,0.2000000000,0.5000000000,0.4500000000,3.5000000000,0.8000000000,104,110,104,112,104,110
1184,neighbor,False,WSD_CRITERIA_UNVERIFIED,999999999.0000000000,999999999.0000000000,0.2000000000,0.5000000000,0.6500000000,3.0000000000,1.0000000000,103,112,104,111,102,110
1185,neighbor,False,WSD_CRITERIA_UNVERIFIED,999999999.0000000000,999999999.0000000000,0.2000000000,0.5500000000,0.3000000000,3.0000000000,1.0000000000,102,110,102,112,103,110
1186,neighbor,False,WSD_CRITERIA_UNVERIFIED,999999999.0000000000,999999999.0000000000,0.2000000000,0.4500000000,0.4000000000,3.5000000000,1.0000000000,104,112,104,110,103,110
1187,neighbor,False,WSD_CRITERIA_UNVERIFIED,999999999.0000000000,999999999.0000000000,0.2000000000,0.5500000000,0.5500000000,3.0000000000,1.0000000000,104,110,104,112,102,110
1188,neighbor,False,WSD_CRITERIA_UNVERIFIED,999999999.0000000000,999999999.0000000000,0.2500000000,0.5500000000,0.4500000000,3.5000000000,1.0000000000,104,110,103,110,103,110
1189,neighbor,False,WSD_CRITERIA_UNVERIFIED,999999999.0000000000,999999999.0000000000,0.2250000000,0.4000000000,0.3000000000,3.5000000000,1.0000000000,104,111,102,110,104,110
1190,neighbor,False,WSD_CRITERIA_UNVERIFIED,999999999.0000000000,999999999.0000000000,0.2000000000,0.4000000000,0.5000000000,3.0000000000,1.0000000000,104,112,104,111,103,110
1191,neighbor,False,WSD_CRITERIA_UNVERIFIED,999999999.0000000000,999999999.0000000000,0.2250000000,0.5000000000,0.7500000000,3.5000000000,1.0000000000,103,110,104,112,104,110
1192,neighbor,False,WSD_CRITERIA_UNVERIFIED,999999999.0000000000,999999999.0000000000,0.2250000000,0.4500000000,0.4500000000,3.5000000000,0.9000000000,104,112,102,111,103,111
1193,neighbor,False,WSD_CRITERIA_UNVERIFIED,999999999.0000000000,999999999.0000000000,0.2000000000,0.5000000000,0.7500000000,3.5000000000,1.0000000000,102,110,102,110,104,110
1194,neighbor,False,WSD_CRITERIA_UNVERIFIED,999999999.0000000000,999999999.0000000000,0.2000000000,0.5000000000,0.3000000000,3.0000000000,1.0000000000,104,111,104,110,103,110
1195,neighbor,False,WSD_CRITERIA_UNVERIFIED,999999999.0000000000,999999999.0000000000,0.2000000000,0.5500000000,0.5500000000,3.5000000000,1.0000000000,102,112,102,110,104,110
1196,neighbor,False,WSD_CRITERIA_UNVERIFIED,999999999.0000000000,999999999.0000000000,0.2000000000,0.4500000000,0.4000000000,3.5000000000,1.0000000000,103,110,104,111,103,111
1197,neighbor,False,WSD_CRITERIA_UNVERIFIED,999999999.0000000000,999999999.0000000000,0.2000000000,0.5500000000,0.5000000000,3.0000000000,0.8000000000,104,110,103,110,104,110
1198,neighbor,False,WSD_CRITERIA_UNVERIFIED,999999999.0000000000,999999999.0000000000,0.2500000000,0.5500000000,0.3000000000,3.5000000000,1.0000000000,103,112,103,112,104,110
1199,neighbor,False,WSD_CRITERIA_UNVERIFIED,999999999.0000000000,999999999.0000000000,0.2250000000,0.3500000000,0.3500000000,3.5000000000,1.0000000000,102,110,104,110,104,110
1200,neighbor,False,WSD_CRITERIA_UNVERIFIED,999999999.0000000000,999999999.0000000000,0.2250000000,0.5000000000,0.7500000000,3.0000000000,0.8000000000,104,112,104,111,102,112
1201,neighbor,False,WSD_CRITERIA_UNVERIFIED,999999999.0000000000,999999999.0000000000,0.2000000000,0.4500000000,0.5000000000,3.5000000000,0.9000000000,104,111,104,111,103,111
1202,neighbor,False,WSD_CRITERIA_UNVERIFIED,999999999.0000000000,999999999.0000000000,0.2250000000,0.3500000000,0.6000000000,3.5000000000,1.0000000000,104,112,102,110,102,112
1203,neighbor,False,WSD_CRITERIA_UNVERIFIED,999999999.0000000000,999999999.0000000000,0.2000000000,0.5000000000,0.6000000000,3.5000000000,0.9000000000,104,110,103,112,102,112
1204,neighbor,False,WSD_CRITERIA_UNVERIFIED,999999999.0000000000,999999999.0000000000,0.2500000000,0.4500000000,0.6500000000,3.5000000000,1.0000000000,103,110,102,111,104,110
1205,neighbor,False,WSD_CRITERIA_UNVERIFIED,999999999.0000000000,999999999.0000000000,0.2000000000,0.4000000000,0.3000000000,3.5000000000,0.9000000000,102,110,102,112,104,110
1206,neighbor,False,WSD_CRITERIA_UNVERIFIED,999999999.0000000000,999999999.0000000000,0.2250000000,0.4000000000,0.7500000000,3.5000000000,1.0000000000,103,110,103,111,104,111
1207,neighbor,False,WSD_CRITERIA_UNVERIFIED,999999999.0000000000,999999999.0000000000,0.2000000000,0.3500000000,0.3000000000,3.0000000000,1.0000000000,104,110,103,110,102,110
1208,neighbor,False,WSD_CRITERIA_UNVERIFIED,999999999.0000000000,999999999.0000000000,0.2500000000,0.5000000000,0.3000000000,3.5000000000,1.0000000000,102,110,102,110,104,112
1209,neighbor,False,WSD_CRITERIA_UNVERIFIED,999999999.0000000000,999999999.0000000000,0.2000000000,0.4000000000,0.7500000000,3.0000000000,1.0000000000,104,110,104,110,104,110
1210,neighbor,False,WSD_CRITERIA_UNVERIFIED,999999999.0000000000,999999999.0000000000,0.2000000000,0.5000000000,0.5500000000,3.5000000000,1.0000000000,104,112,104,110,102,110
1211,neighbor,False,WSD_CRITERIA_UNVERIFIED,999999999.0000000000,999999999.0000000000,0.2500000000,0.4000000000,0.5000000000,3.5000000000,0.9000000000,104,110,104,112,103,110
1212,neighbor,False,WSD_CRITERIA_UNVERIFIED,999999999.0000000000,999999999.0000000000,0.2500000000,0.4000000000,0.3500000000,3.0000000000,1.0000000000,104,110,104,112,104,111
1213,neighbor,False,WSD_CRITERIA_UNVERIFIED,999999999.0000000000,999999999.0000000000,0.2000000000,0.4000000000,0.6500000000,3.0000000000,0.9000000000,104,112,104,110,103,111
1214,neighbor,False,WSD_CRITERIA_UNVERIFIED,999999999.0000000000,999999999.0000000000,0.2000000000,0.4000000000,0.5000000000,3.5000000000,1.0000000000,104,110,103,111,102,111
1215,neighbor,False,WSD_CRITERIA_UNVERIFIED,999999999.0000000000,999999999.0000000000,0.2000000000,0.5500000000,0.3500000000,3.5000000000,0.9000000000,104,112,104,111,102,110
1216,neighbor,False,WSD_CRITERIA_UNVERIFIED,999999999.0000000000,999999999.0000000000,0.2000000000,0.4500000000,0.6500000000,3.0000000000,1.0000000000,103,110,104,110,102,110
1217,neighbor,False,WSD_CRITERIA_UNVERIFIED,999999999.0000000000,999999999.0000000000,0.2000000000,0.5500000000,0.4000000000,3.5000000000,0.8000000000,102,110,104,110,104,112
1218,neighbor,False,WSD_CRITERIA_UNVERIFIED,999999999.0000000000,999999999.0000000000,0.2000000000,0.4000000000,0.5500000000,3.5000000000,1.0000000000,104,110,104,110,104,110
1219,neighbor,False,WSD_CRITERIA_UNVERIFIED,999999999.0000000000,999999999.0000000000,0.2000000000,0.3500000000,0.5000000000,3.5000000000,1.0000000000,104,110,104,110,102,110
1220,neighbor,False,WSD_CRITERIA_UNVERIFIED,999999999.0000000000,999999999.0000000000,0.2250000000,0.4000000000,0.5500000000,3.5000000000,1.0000000000,103,112,104,110,104,112
1221,neighbor,False,WSD_CRITERIA_UNVERIFIED,999999999.0000000000,999999999.0000000000,0.2000000000,0.4500000000,0.6500000000,3.5000000000,0.8000000000,103,111,102,110,104,111
1222,neighbor,False,WSD_CRITERIA_UNVERIFIED,999999999.0000000000,999999999.0000000000,0.2000000000,0.5000000000,0.6500000000,3.5000000000,1.0000000000,104,111,104,110,103,111
1223,neighbor,False,WSD_CRITERIA_UNVERIFIED,999999999.0000000000,999999999.0000000000,0.2000000000,0.4000000000,0.3000000000,3.5000000000,0.8000000000,104,110,104,111,104,110
1224,neighbor,False,WSD_CRITERIA_UNVERIFIED,999999999.0000000000,999999999.0000000000,0.2000000000,0.4000000000,0.5500000000,3.5000000000,1.0000000000,103,112,102,111,103,110
1225,neighbor,False,WSD_CRITERIA_UNVERIFIED,999999999.0000000000,999999999.0000000000,0.2000000000,0.4500000000,0.6000000000,3.0000000000,0.9000000000,104,112,103,111,103,110
1226,neighbor,False,WSD_CRITERIA_UNVERIFIED,999999999.0000000000,999999999.0000000000,0.2000000000,0.5000000000,0.3000000000,3.5000000000,1.0000000000,104,112,104,111,102,110
1227,neighbor,False,WSD_CRITERIA_UNVERIFIED,999999999.0000000000,999999999.0000000000,0.2250000000,0.4500000000,0.3000000000,3.5000000000,1.0000000000,104,110,104,110,104,111
1228,neighbor,False,WSD_CRITERIA_UNVERIFIED,999999999.0000000000,999999999.0000000000,0.2000000000,0.5000000000,0.6000000000,3.5000000000,0.8000000000,102,112,103,112,104,112
1229,neighbor,False,WSD_CRITERIA_UNVERIFIED,999999999.0000000000,999999999.0000000000,0.2250000000,0.4000000000,0.6500000000,3.0000000000,0.8000000000,102,110,102,112,103,112
1230,neighbor,False,WSD_CRITERIA_UNVERIFIED,999999999.0000000000,999999999.0000000000,0.2000000000,0.5500000000,0.3000000000,3.0000000000,1.0000000000,102,110,104,110,103,110
1231,neighbor,False,WSD_CRITERIA_UNVERIFIED,999999999.0000000000,999999999.0000000000,0.2000000000,0.4000000000,0.7000000000,3.0000000000,1.0000000000,103,110,104,111,104,110
1232,neighbor,False,WSD_CRITERIA_UNVERIFIED,999999999.0000000000,999999999.0000000000,0.2250000000,0.4500000000,0.6000000000,3.0000000000,0.8000000000,104,110,104,110,102,110
1233,neighbor,False,WSD_CRITERIA_UNVERIFIED,999999999.0000000000,999999999.0000000000,0.2000000000,0.4500000000,0.3500000000,3.5000000000,1.0000000000,104,112,104,110,104,112
1234,neighbor,False,WSD_CRITERIA_UNVERIFIED,999999999.0000000000,999999999.0000000000,0.2000000000,0.5000000000,0.3500000000,3.5000000000,1.0000000000,104,110,103,111,102,112
1235,neighbor,False,WSD_CRITERIA_UNVERIFIED,999999999.0000000000,999999999.0000000000,0.2000000000,0.5500000000,0.7000000000,3.5000000000,0.9000000000,104,110,104,112,102,110
1236,neighbor,False,WSD_CRITERIA_UNVERIFIED,999999999.0000000000,999999999.0000000000,0.2000000000,0.5000000000,0.7500000000,3.5000000000,0.8000000000,102,110,104,112,104,112
1237,neighbor,False,WSD_CRITERIA_UNVERIFIED,999999999.0000000000,999999999.0000000000,0.2250000000,0.4500000000,0.6500000000,3.5000000000,1.0000000000,102,110,104,112,103,110
1238,neighbor,False,WSD_CRITERIA_UNVERIFIED,999999999.0000000000,999999999.0000000000,0.2000000000,0.5500000000,0.7500000000,3.5000000000,1.0000000000,104,110,102,110,104,112
1239,neighbor,False,WSD_CRITERIA_UNVERIFIED,999999999.0000000000,999999999.0000000000,0.2500000000,0.3500000000,0.4000000000,3.0000000000,0.8000000000,104,110,103,111,104,110
1240,neighbor,False,WSD_CRITERIA_UNVERIFIED,999999999.0000000000,999999999.0000000000,0.2000000000,0.3500000000,0.6000000000,3.5000000000,0.8000000000,104,110,104,110,103,112
1241,neighbor,False,WSD_CRITERIA_UNVERIFIED,999999999.0000000000,999999999.0000000000,0.2000000000,0.3500000000,0.4000000000,3.5000000000,0.9000000000,104,110,103,110,104,110
1242,neighbor,False,WSD_CRITERIA_UNVERIFIED,999999999.0000000000,999999999.0000000000,0.2000000000,0.5500000000,0.4500000000,3.0000000000,0.9000000000,102,112,104,112,102,110
1243,neighbor,False,WSD_CRITERIA_UNVERIFIED,999999999.0000000000,999999999.0000000000,0.2000000000,0.4000000000,0.7500000000,3.5000000000,0.9000000000,102,111,104,111,104,110
1244,neighbor,False,WSD_CRITERIA_UNVERIFIED,999999999.0000000000,999999999.0000000000,0.2000000000,0.5500000000,0.7000000000,3.0000000000,0.8000000000,103,112,104,110,104,111
1245,neighbor,False,WSD_CRITERIA_UNVERIFIED,999999999.0000000000,999999999.0000000000,0.2250000000,0.5500000000,0.7000000000,3.5000000000,0.9000000000,103,111,102,111,102,110
1246,neighbor,False,WSD_CRITERIA_UNVERIFIED,999999999.0000000000,999999999.0000000000,0.2000000000,0.4000000000,0.7500000000,3.5000000000,1.0000000000,104,110,104,111,104,110
1247,neighbor,False,WSD_CRITERIA_UNVERIFIED,999999999.0000000000,999999999.0000000000,0.2250000000,0.5500000000,0.7500000000,3.0000000000,0.8000000000,104,111,102,110,104,110
1248,neighbor,False,WSD_CRITERIA_UNVERIFIED,999999999.0000000000,999999999.0000000000,0.2000000000,0.4000000000,0.5500000000,3.5000000000,1.0000000000,104,111,103,111,102,110
1249,neighbor,False,WSD_CRITERIA_UNVERIFIED,999999999.0000000000,999999999.0000000000,0.2500000000,0.4500000000,0.4000000000,3.0000000000,0.8000000000,104,110,104,110,104,110
1250,neighbor,False,WSD_CRITERIA_UNVERIFIED,999999999.0000000000,999999999.0000000000,0.2500000000,0.5500000000,0.6000000000,3.5000000000,1.0000000000,102,110,104,110,102,112
1251,neighbor,False,WSD_CRITERIA_UNVERIFIED,999999999.0000000000,999999999.0000000000,0.2500000000,0.5000000000,0.6500000000,3.5000000000,1.0000000000,104,110,104,110,102,110
1252,neighbor,False,WSD_CRITERIA_UNVERIFIED,999999999.0000000000,999999999.0000000000,0.2000000000,0.4000000000,0.4000000000,3.5000000000,1.0000000000,104,112,104,110,103,112
1253,neighbor,False,WSD_CRITERIA_UNVERIFIED,999999999.0000000000,999999999.0000000000,0.2000000000,0.3500000000,0.7000000000,3.0000000000,1.0000000000,102,111,104,110,104,111
1254,neighbor,False,WSD_CRITERIA_UNVERIFIED,999999999.0000000000,999999999.0000000000,0.2250000000,0.5000000000,0.6000000000,3.5000000000,0.9000000000,104,110,103,110,104,110
1255,neighbor,False,WSD_CRITERIA_UNVERIFIED,999999999.0000000000,999999999.0000000000,0.2250000000,0.5000000000,0.3000000000,3.5000000000,0.9000000000,103,110,103,110,104,110
1256,neighbor,False,WSD_CRITERIA_UNVERIFIED,999999999.0000000000,999999999.0000000000,0.2000000000,0.3500000000,0.3000000000,3.0000000000,0.8000000000,104,110,104,110,104,112
1257,neighbor,False,WSD_CRITERIA_UNVERIFIED,999999999.0000000000,999999999.0000000000,0.2000000000,0.3500000000,0.6000000000,3.5000000000,1.0000000000,103,110,104,111,102,111
1258,neighbor,False,WSD_CRITERIA_UNVERIFIED,999999999.0000000000,999999999.0000000000,0.2500000000,0.4000000000,0.3000000000,3.5000000000,1.0000000000,104,110,103,110,104,112
1259,neighbor,False,WSD_CRITERIA_UNVERIFIED,999999999.0000000000,999999999.0000000000,0.2000000000,0.5000000000,0.6000000000,3.0000000000,0.8000000000,104,110,104,110,104,110
1260,neighbor,False,WSD_CRITERIA_UNVERIFIED,999999999.0000000000,999999999.0000000000,0.2500000000,0.3500000000,0.3500000000,3.5000000000,0.9000000000,102,110,104,110,104,110
1261,neighbor,False,WSD_CRITERIA_UNVERIFIED,999999999.0000000000,999999999.0000000000,0.2000000000,0.5500000000,0.5500000000,3.0000000000,1.0000000000,102,111,104,111,104,110
1262,neighbor,False,WSD_CRITERIA_UNVERIFIED,999999999.0000000000,999999999.0000000000,0.2500000000,0.4000000000,0.4000000000,3.5000000000,1.0000000000,104,110,104,110,104,110
1263,neighbor,False,WSD_CRITERIA_UNVERIFIED,999999999.0000000000,999999999.0000000000,0.2000000000,0.3500000000,0.5000000000,3.0000000000,1.0000000000,104,110,102,112,102,110
1264,neighbor,False,WSD_CRITERIA_UNVERIFIED,999999999.0000000000,999999999.0000000000,0.2250000000,0.5000000000,0.5000000000,3.5000000000,1.0000000000,104,110,104,110,104,110
1265,neighbor,False,WSD_CRITERIA_UNVERIFIED,999999999.0000000000,999999999.0000000000,0.2000000000,0.5500000000,0.7000000000,3.5000000000,0.8000000000,102,110,102,110,102,110
1266,neighbor,False,WSD_CRITERIA_UNVERIFIED,999999999.0000000000,999999999.0000000000,0.2500000000,0.4000000000,0.5000000000,3.5000000000,1.0000000000,103,112,104,110,104,110
1267,neighbor,False,WSD_CRITERIA_UNVERIFIED,999999999.0000000000,999999999.0000000000,0.2000000000,0.5500000000,0.6000000000,3.5000000000,1.0000000000,104,110,103,110,102,111
1268,neighbor,False,WSD_CRITERIA_UNVERIFIED,999999999.0000000000,999999999.0000000000,0.2000000000,0.4500000000,0.3500000000,3.0000000000,1.0000000000,104,111,102,112,104,112
1269,neighbor,False,WSD_CRITERIA_UNVERIFIED,999999999.0000000000,999999999.0000000000,0.2250000000,0.4000000000,0.4000000000,3.5000000000,1.0000000000,104,110,104,112,104,112
1270,neighbor,False,WSD_CRITERIA_UNVERIFIED,999999999.0000000000,999999999.0000000000,0.2250000000,0.4000000000,0.6000000000,3.5000000000,1.0000000000,102,110,104,110,104,110
1271,neighbor,False,WSD_CRITERIA_UNVERIFIED,999999999.0000000000,999999999.0000000000,0.2250000000,0.3500000000,0.7000000000,3.5000000000,1.0000000000,104,111,104,110,103,112
1272,neighbor,False,WSD_CRITERIA_UNVERIFIED,999999999.0000000000,999999999.0000000000,0.2000000000,0.4000000000,0.4000000000,3.0000000000,0.9000000000,104,112,102,110,104,112
1273,neighbor,False,WSD_CRITERIA_UNVERIFIED,999999999.0000000000,999999999.0000000000,0.2000000000,0.3500000000,0.6000000000,3.0000000000,0.9000000000,103,110,104,112,104,110
1274,neighbor,False,WSD_CRITERIA_UNVERIFIED,999999999.0000000000,999999999.0000000000,0.2250000000,0.5500000000,0.5500000000,3.0000000000,0.8000000000,102,112,104,110,104,110
1275,neighbor,False,WSD_CRITERIA_UNVERIFIED,999999999.0000000000,999999999.0000000000,0.2250000000,0.4500000000,0.3500000000,3.5000000000,0.9000000000,103,110,104,111,104,111
1276,neighbor,False,WSD_CRITERIA_UNVERIFIED,999999999.0000000000,999999999.0000000000,0.2000000000,0.5000000000,0.6000000000,3.5000000000,1.0000000000,102,112,103,111,103,111
1277,neighbor,False,WSD_CRITERIA_UNVERIFIED,999999999.0000000000,999999999.0000000000,0.2500000000,0.4500000000,0.5000000000,3.0000000000,0.9000000000,104,110,103,110,103,111
1278,neighbor,False,CONCRETE_OR_STEEL_STRESS,999999999.0000000000,999999999.0000000000,0.2500000000,0.3500000000,0.7500000000,3.0000000000,0.8000000000,102,112,104,112,104,110
1279,neighbor,False,WSD_CRITERIA_UNVERIFIED,999999999.0000000000,999999999.0000000000,0.2000000000,0.5500000000,0.6000000000,3.5000000000,0.9000000000,104,111,102,110,104,112
1280,neighbor,False,WSD_CRITERIA_UNVERIFIED,999999999.0000000000,999999999.0000000000,0.2000000000,0.5500000000,0.6500000000,3.5000000000,0.9000000000,104,110,103,110,103,110
1281,neighbor,False,WSD_CRITERIA_UNVERIFIED,999999999.0000000000,999999999.0000000000,0.2000000000,0.4500000000,0.5000000000,3.5000000000,1.0000000000,104,110,104,110,103,111
1282,neighbor,False,WSD_CRITERIA_UNVERIFIED,999999999.0000000000,999999999.0000000000,0.2000000000,0.5000000000,0.3500000000,3.0000000000,1.0000000000,104,110,104,110,102,110
1283,neighbor,False,WSD_CRITERIA_UNVERIFIED,999999999.0000000000,999999999.0000000000,0.2000000000,0.5500000000,0.3000000000,3.5000000000,0.9000000000,104,111,104,111,104,110
1284,neighbor,False,WSD_CRITERIA_UNVERIFIED,999999999.0000000000,999999999.0000000000,0.2000000000,0.4500000000,0.5500000000,3.5000000000,1.0000000000,103,112,102,110,104,110
1285,neighbor,False,WSD_CRITERIA_UNVERIFIED,999999999.0000000000,999999999.0000000000,0.2250000000,0.3500000000,0.3500000000,3.0000000000,1.0000000000,103,110,104,111,104,110
1286,neighbor,False,WSD_CRITERIA_UNVERIFIED,999999999.0000000000,999999999.0000000000,0.2500000000,0.3500000000,0.5000000000,3.5000000000,0.9000000000,103,112,104,111,104,110
1287,neighbor,False,CONCRETE_OR_STEEL_STRESS,999999999.0000000000,999999999.0000000000,0.2000000000,0.4000000000,0.6500000000,3.5000000000,0.8000000000,102,112,104,112,104,112
1288,neighbor,False,WSD_CRITERIA_UNVERIFIED,999999999.0000000000,999999999.0000000000,0.2000000000,0.5500000000,0.5500000000,3.5000000000,1.0000000000,102,110,104,111,102,110
1289,neighbor,False,WSD_CRITERIA_UNVERIFIED,999999999.0000000000,999999999.0000000000,0.2000000000,0.4000000000,0.4500000000,3.0000000000,1.0000000000,104,110,102,110,102,110
1290,neighbor,False,WSD_CRITERIA_UNVERIFIED,999999999.0000000000,999999999.0000000000,0.2500000000,0.4000000000,0.7000000000,3.5000000000,1.0000000000,103,112,104,110,104,110
1291,neighbor,False,WSD_CRITERIA_UNVERIFIED,999999999.0000000000,999999999.0000000000,0.2000000000,0.3500000000,0.6500000000,3.0000000000,0.9000000000,103,112,104,110,102,112
1292,neighbor,False,WSD_CRITERIA_UNVERIFIED,999999999.0000000000,999999999.0000000000,0.2000000000,0.4500000000,0.3000000000,3.5000000000,0.9000000000,103,110,102,110,102,110
1293,neighbor,False,WSD_CRITERIA_UNVERIFIED,999999999.0000000000,999999999.0000000000,0.2000000000,0.5500000000,0.6000000000,3.5000000000,1.0000000000,102,112,104,111,104,110
1294,neighbor,False,WSD_CRITERIA_UNVERIFIED,999999999.0000000000,999999999.0000000000,0.2000000000,0.4000000000,0.7000000000,3.0000000000,0.9000000000,104,110,102,112,103,110
1295,neighbor,False,WSD_CRITERIA_UNVERIFIED,999999999.0000000000,999999999.0000000000,0.2500000000,0.4000000000,0.3000000000,3.0000000000,1.0000000000,104,112,104,110,104,110
1296,neighbor,False,WSD_CRITERIA_UNVERIFIED,999999999.0000000000,999999999.0000000000,0.2000000000,0.3500000000,0.7500000000,3.0000000000,0.8000000000,104,111,104,110,104,110
1297,neighbor,False,WSD_CRITERIA_UNVERIFIED,999999999.0000000000,999999999.0000000000,0.2000000000,0.4500000000,0.7500000000,3.5000000000,1.0000000000,102,110,102,112,102,112
1298,neighbor,False,WSD_CRITERIA_UNVERIFIED,999999999.0000000000,999999999.0000000000,0.2500000000,0.5500000000,0.3000000000,3.5000000000,0.8000000000,104,111,102,110,104,110
1299,neighbor,False,WSD_CRITERIA_UNVERIFIED,999999999.0000000000,999999999.0000000000,0.2000000000,0.3500000000,0.7000000000,3.5000000000,1.0000000000,104,110,104,110,103,110
1300,neighbor,False,WSD_CRITERIA_UNVERIFIED,999999999.0000000000,999999999.0000000000,0.2000000000,0.5000000000,0.5000000000,3.5000000000,1.0000000000,102,110,103,110,102,110
1301,neighbor,False,WSD_CRITERIA_UNVERIFIED,999999999.0000000000,999999999.0000000000,0.2000000000,0.4500000000,0.5000000000,3.5000000000,1.0000000000,103,112,103,110,103,110
1302,neighbor,False,WSD_CRITERIA_UNVERIFIED,999999999.0000000000,999999999.0000000000,0.2000000000,0.4000000000,0.4000000000,3.5000000000,0.9000000000,104,111,103,110,102,111
1303,neighbor,False,WSD_CRITERIA_UNVERIFIED,999999999.0000000000,999999999.0000000000,0.2000000000,0.5000000000,0.7000000000,3.5000000000,1.0000000000,104,112,103,110,104,110
1304,neighbor,False,WSD_CRITERIA_UNVERIFIED,999999999.0000000000,999999999.0000000000,0.2000000000,0.3500000000,0.5500000000,3.5000000000,0.9000000000,104,110,104,111,103,112
1305,neighbor,False,WSD_CRITERIA_UNVERIFIED,999999999.0000000000,999999999.0000000000,0.2000000000,0.5500000000,0.4000000000,3.0000000000,1.0000000000,104,111,103,112,104,110
1306,neighbor,False,WSD_CRITERIA_UNVERIFIED,999999999.0000000000,999999999.0000000000,0.2000000000,0.5000000000,0.7500000000,3.0000000000,1.0000000000,104,110,104,110,104,110
1307,neighbor,False,WSD_CRITERIA_UNVERIFIED,999999999.0000000000,999999999.0000000000,0.2000000000,0.4000000000,0.6500000000,3.0000000000,1.0000000000,104,110,104,111,104,110
1308,neighbor,False,WSD_CRITERIA_UNVERIFIED,999999999.0000000000,999999999.0000000000,0.2000000000,0.5000000000,0.5500000000,3.5000000000,0.9000000000,102,110,103,111,104,110
1309,neighbor,False,WSD_CRITERIA_UNVERIFIED,999999999.0000000000,999999999.0000000000,0.2000000000,0.3500000000,0.4500000000,3.0000000000,1.0000000000,104,110,103,110,103,110
1310,neighbor,False,WSD_CRITERIA_UNVERIFIED,999999999.0000000000,999999999.0000000000,0.2000000000,0.4000000000,0.7500000000,3.5000000000,0.8000000000,103,110,104,111,104,110
1311,neighbor,False,WSD_CRITERIA_UNVERIFIED,999999999.0000000000,999999999.0000000000,0.2000000000,0.3500000000,0.5000000000,3.5000000000,1.0000000000,103,111,104,112,104,110
1312,neighbor,False,WSD_CRITERIA_UNVERIFIED,999999999.0000000000,999999999.0000000000,0.2000000000,0.5500000000,0.6500000000,3.5000000000,0.8000000000,103,111,102,110,102,110
1313,neighbor,False,WSD_CRITERIA_UNVERIFIED,999999999.0000000000,999999999.0000000000,0.2250000000,0.4500000000,0.3500000000,3.0000000000,1.0000000000,102,110,104,110,104,111
1314,neighbor,False,WSD_CRITERIA_UNVERIFIED,999999999.0000000000,999999999.0000000000,0.2000000000,0.4000000000,0.3000000000,3.5000000000,1.0000000000,104,111,102,112,104,110
1315,neighbor,False,WSD_CRITERIA_UNVERIFIED,999999999.0000000000,999999999.0000000000,0.2000000000,0.4500000000,0.3000000000,3.0000000000,0.8000000000,102,110,104,110,104,111
1316,neighbor,False,WSD_CRITERIA_UNVERIFIED,999999999.0000000000,999999999.0000000000,0.2250000000,0.5500000000,0.4500000000,3.5000000000,0.8000000000,103,110,104,111,104,110
1317,neighbor,False,WSD_CRITERIA_UNVERIFIED,999999999.0000000000,999999999.0000000000,0.2000000000,0.5500000000,0.6500000000,3.5000000000,1.0000000000,104,112,102,110,102,110
1318,neighbor,False,WSD_CRITERIA_UNVERIFIED,999999999.0000000000,999999999.0000000000,0.2000000000,0.5500000000,0.4500000000,3.5000000000,0.9000000000,104,112,102,112,104,110
1319,neighbor,False,WSD_CRITERIA_UNVERIFIED,999999999.0000000000,999999999.0000000000,0.2000000000,0.4500000000,0.5000000000,3.0000000000,0.9000000000,104,111,104,110,103,110
1320,neighbor,False,WSD_CRITERIA_UNVERIFIED,999999999.0000000000,999999999.0000000000,0.2000000000,0.4000000000,0.3500000000,3.5000000000,0.8000000000,103,110,104,110,104,110
1321,neighbor,False,WSD_CRITERIA_UNVERIFIED,999999999.0000000000,999999999.0000000000,0.2000000000,0.5500000000,0.3000000000,3.0000000000,1.0000000000,102,111,104,110,104,110
1322,neighbor,False,WSD_CRITERIA_UNVERIFIED,999999999.0000000000,999999999.0000000000,0.2000000000,0.4500000000,0.3500000000,3.5000000000,0.9000000000,104,110,104,111,104,111
1323,neighbor,False,WSD_CRITERIA_UNVERIFIED,999999999.0000000000,999999999.0000000000,0.2000000000,0.5500000000,0.7500000000,3.5000000000,0.9000000000,104,110,104,110,104,110
1324,neighbor,False,WSD_CRITERIA_UNVERIFIED,999999999.0000000000,999999999.0000000000,0.2500000000,0.4500000000,0.7000000000,3.5000000000,0.9000000000,103,110,104,110,103,110
1325,neighbor,False,WSD_CRITERIA_UNVERIFIED,999999999.0000000000,999999999.0000000000,0.2000000000,0.4500000000,0.3000000000,3.0000000000,1.0000000000,103,111,104,110,104,110
1326,neighbor,False,CONCRETE_OR_STEEL_STRESS,999999999.0000000000,999999999.0000000000,0.2000000000,0.4000000000,0.7000000000,3.5000000000,1.0000000000,102,112,102,110,104,112
1327,neighbor,False,WSD_CRITERIA_UNVERIFIED,999999999.0000000000,999999999.0000000000,0.2250000000,0.5500000000,0.6500000000,3.5000000000,0.8000000000,103,111,104,110,104,110
1328,neighbor,False,WSD_CRITERIA_UNVERIFIED,999999999.0000000000,999999999.0000000000,0.2000000000,0.4000000000,0.4500000000,3.5000000000,1.0000000000,104,110,104,111,102,112
1329,neighbor,False,WSD_CRITERIA_UNVERIFIED,999999999.0000000000,999999999.0000000000,0.2000000000,0.5500000000,0.6500000000,3.0000000000,1.0000000000,103,111,104,110,104,110
1330,neighbor,False,WSD_CRITERIA_UNVERIFIED,999999999.0000000000,999999999.0000000000,0.2000000000,0.4500000000,0.6000000000,3.5000000000,0.9000000000,102,110,104,112,104,112
1331,neighbor,False,WSD_CRITERIA_UNVERIFIED,999999999.0000000000,999999999.0000000000,0.2250000000,0.5000000000,0.7500000000,3.5000000000,1.0000000000,104,110,104,110,104,110
1332,reset,False,WSD_CRITERIA_UNVERIFIED,999999999.0000000000,999999999.0000000000,0.2000000000,0.5000000000,0.7000000000,3.5000000000,1.0000000000,104,110,104,110,104,110
1333,neighbor,False,WSD_CRITERIA_UNVERIFIED,999999999.0000000000,999999999.0000000000,0.2500000000,0.5000000000,0.7500000000,3.5000000000,0.8000000000,104,111,102,110,102,110
1334,neighbor,False,WSD_CRITERIA_UNVERIFIED,999999999.0000000000,999999999.0000000000,0.2500000000,0.4500000000,0.5500000000,3.0000000000,1.0000000000,102,110,102,110,102,110
1335,neighbor,False,WSD_CRITERIA_UNVERIFIED,999999999.0000000000,999999999.0000000000,0.2000000000,0.4500000000,0.7500000000,3.5000000000,1.0000000000,103,112,104,110,102,110
1336,neighbor,False,WSD_CRITERIA_UNVERIFIED,999999999.0000000000,999999999.0000000000,0.2000000000,0.4000000000,0.6500000000,3.5000000000,1.0000000000,104,111,104,110,102,112
1337,neighbor,False,WSD_CRITERIA_UNVERIFIED,999999999.0000000000,999999999.0000000000,0.2500000000,0.4500000000,0.7500000000,3.5000000000,1.0000000000,102,110,103,110,102,111
1338,neighbor,False,WSD_CRITERIA_UNVERIFIED,999999999.0000000000,999999999.0000000000,0.2000000000,0.5500000000,0.7500000000,3.5000000000,1.0000000000,102,110,104,110,103,110
1339,neighbor,False,WSD_CRITERIA_UNVERIFIED,999999999.0000000000,999999999.0000000000,0.2000000000,0.5000000000,0.7500000000,3.5000000000,1.0000000000,104,110,104,112,103,110
1340,neighbor,False,WSD_CRITERIA_UNVERIFIED,999999999.0000000000,999999999.0000000000,0.2000000000,0.4500000000,0.5500000000,3.5000000000,0.9000000000,104,112,103,110,104,111
1341,neighbor,False,WSD_CRITERIA_UNVERIFIED,999999999.0000000000,999999999.0000000000,0.2000000000,0.5500000000,0.7500000000,3.5000000000,0.9000000000,104,112,104,111,104,110
1342,neighbor,False,WSD_CRITERIA_UNVERIFIED,999999999.0000000000,999999999.0000000000,0.2250000000,0.6000000000,0.7500000000,3.5000000000,1.0000000000,103,110,102,110,104,110
1343,neighbor,False,WSD_CRITERIA_UNVERIFIED,999999999.0000000000,999999999.0000000000,0.2000000000,0.4000000000,0.7500000000,3.5000000000,0.8000000000,104,110,104,110,102,110
1344,neighbor,False,WSD_CRITERIA_UNVERIFIED,999999999.0000000000,999999999.0000000000,0.2000000000,0.5000000000,0.7500000000,3.0000000000,0.9000000000,102,111,104,110,102,110
1345,neighbor,False,WSD_CRITERIA_UNVERIFIED,999999999.0000000000,999999999.0000000000,0.2000000000,0.4000000000,0.5500000000,3.5000000000,1.0000000000,103,111,104,112,103,112
1346,neighbor,False,WSD_CRITERIA_UNVERIFIED,999999999.0000000000,999999999.0000000000,0.2500000000,0.5000000000,0.4500000000,3.5000000000,0.9000000000,104,110,103,112,104,111
1347,neighbor,False,WSD_CRITERIA_UNVERIFIED,999999999.0000000000,999999999.0000000000,0.2000000000,0.5500000000,0.6500000000,3.5000000000,0.9000000000,102,111,104,110,104,110
1348,neighbor,False,WSD_CRITERIA_UNVERIFIED,999999999.0000000000,999999999.0000000000,0.2250000000,0.5500000000,0.7500000000,3.0000000000,1.0000000000,104,111,104,111,104,111
1349,neighbor,False,WSD_CRITERIA_UNVERIFIED,999999999.0000000000,999999999.0000000000,0.2000000000,0.6000000000,0.7500000000,3.5000000000,1.0000000000,104,110,104,110,103,110
1350,neighbor,False,WSD_CRITERIA_UNVERIFIED,999999999.0000000000,999999999.0000000000,0.2000000000,0.5500000000,0.7000000000,3.0000000000,1.0000000000,103,110,104,112,104,111
1351,neighbor,False,WSD_CRITERIA_UNVERIFIED,999999999.0000000000,999999999.0000000000,0.2000000000,0.5000000000,0.7500000000,3.0000000000,0.8000000000,103,110,104,111,102,110
1352,neighbor,False,WSD_CRITERIA_UNVERIFIED,999999999.0000000000,999999999.0000000000,0.2500000000,0.5000000000,0.7500000000,3.5000000000,1.0000000000,102,110,104,111,104,111
1353,neighbor,False,WSD_CRITERIA_UNVERIFIED,999999999.0000000000,999999999.0000000000,0.2500000000,0.5500000000,0.7000000000,3.5000000000,1.0000000000,104,110,104,110,102,110
1354,neighbor,False,WSD_CRITERIA_UNVERIFIED,999999999.0000000000,999999999.0000000000,0.2000000000,0.5000000000,0.7500000000,3.0000000000,1.0000000000,103,110,104,110,104,112
1355,neighbor,False,WSD_CRITERIA_UNVERIFIED,999999999.0000000000,999999999.0000000000,0.2000000000,0.5000000000,0.7500000000,3.5000000000,0.9000000000,102,110,103,110,103,112
1356,neighbor,False,WSD_CRITERIA_UNVERIFIED,999999999.0000000000,999999999.0000000000,0.2000000000,0.4500000000,0.7500000000,3.0000000000,0.8000000000,102,110,104,112,104,112
1357,neighbor,False,WSD_CRITERIA_UNVERIFIED,999999999.0000000000,999999999.0000000000,0.2500000000,0.6000000000,0.5500000000,3.0000000000,1.0000000000,104,110,104,111,104,110
1358,neighbor,False,WSD_CRITERIA_UNVERIFIED,999999999.0000000000,999999999.0000000000,0.2000000000,0.4500000000,0.4500000000,3.0000000000,1.0000000000,103,111,104,112,104,111
1359,neighbor,False,WSD_CRITERIA_UNVERIFIED,999999999.0000000000,999999999.0000000000,0.2500000000,0.5500000000,0.6500000000,3.5000000000,1.0000000000,102,110,102,111,104,111
1360,neighbor,False,WSD_CRITERIA_UNVERIFIED,999999999.0000000000,999999999.0000000000,0.2000000000,0.5500000000,0.7500000000,3.5000000000,1.0000000000,104,111,104,112,104,110
1361,neighbor,False,WSD_CRITERIA_UNVERIFIED,999999999.0000000000,999999999.0000000000,0.2250000000,0.6000000000,0.7000000000,3.5000000000,0.9000000000,104,110,103,110,104,110
1362,neighbor,False,WSD_CRITERIA_UNVERIFIED,999999999.0000000000,999999999.0000000000,0.2000000000,0.4500000000,0.7500000000,3.5000000000,0.8000000000,103,110,103,112,103,110
1363,neighbor,False,WSD_CRITERIA_UNVERIFIED,999999999.0000000000,999999999.0000000000,0.2000000000,0.5000000000,0.7000000000,3.0000000000,0.8000000000,104,110,104,110,102,110
1364,neighbor,False,WSD_CRITERIA_UNVERIFIED,999999999.0000000000,999999999.0000000000,0.2250000000,0.6000000000,0.6000000000,3.5000000000,0.8000000000,104,110,102,112,104,110
1365,neighbor,False,WSD_CRITERIA_UNVERIFIED,999999999.0000000000,999999999.0000000000,0.2000000000,0.5000000000,0.5000000000,3.0000000000,1.0000000000,104,111,104,110,104,110
1366,neighbor,False,WSD_CRITERIA_UNVERIFIED,999999999.0000000000,999999999.0000000000,0.2500000000,0.4000000000,0.6500000000,3.5000000000,0.9000000000,103,112,104,110,104,110
1367,neighbor,False,WSD_CRITERIA_UNVERIFIED,999999999.0000000000,999999999.0000000000,0.2500000000,0.5000000000,0.7500000000,3.5000000000,0.9000000000,104,110,104,110,104,110
1368,neighbor,False,WSD_CRITERIA_UNVERIFIED,999999999.0000000000,999999999.0000000000,0.2000000000,0.6000000000,0.7500000000,3.5000000000,1.0000000000,103,110,102,112,104,111
1369,neighbor,False,WSD_CRITERIA_UNVERIFIED,999999999.0000000000,999999999.0000000000,0.2000000000,0.4000000000,0.7500000000,3.5000000000,0.8000000000,104,112,102,111,104,112
1370,neighbor,False,WSD_CRITERIA_UNVERIFIED,999999999.0000000000,999999999.0000000000,0.2000000000,0.4500000000,0.4500000000,3.0000000000,1.0000000000,104,112,102,111,103,110
1371,neighbor,False,WSD_CRITERIA_UNVERIFIED,999999999.0000000000,999999999.0000000000,0.2500000000,0.6000000000,0.5000000000,3.0000000000,1.0000000000,104,110,102,111,103,110
1372,neighbor,False,WSD_CRITERIA_UNVERIFIED,999999999.0000000000,999999999.0000000000,0.2000000000,0.5500000000,0.7500000000,3.0000000000,0.9000000000,104,112,103,110,104,112
1373,neighbor,False,WSD_CRITERIA_UNVERIFIED,999999999.0000000000,999999999.0000000000,0.2000000000,0.4000000000,0.6500000000,3.0000000000,1.0000000000,104,110,104,111,102,110
1374,neighbor,False,WSD_CRITERIA_UNVERIFIED,999999999.0000000000,999999999.0000000000,0.2000000000,0.4500000000,0.6000000000,3.5000000000,0.8000000000,104,110,104,111,103,110
1375,neighbor,False,WSD_CRITERIA_UNVERIFIED,999999999.0000000000,999999999.0000000000,0.2500000000,0.5000000000,0.7500000000,3.0000000000,1.0000000000,104,110,104,110,104,110
1376,neighbor,False,WSD_CRITERIA_UNVERIFIED,999999999.0000000000,999999999.0000000000,0.2000000000,0.4000000000,0.4500000000,3.5000000000,0.8000000000,104,110,104,110,102,110
1377,neighbor,False,WSD_CRITERIA_UNVERIFIED,999999999.0000000000,999999999.0000000000,0.2000000000,0.4500000000,0.7500000000,3.0000000000,1.0000000000,104,111,104,110,104,111
1378,neighbor,False,WSD_CRITERIA_UNVERIFIED,999999999.0000000000,999999999.0000000000,0.2000000000,0.5500000000,0.6500000000,3.5000000000,1.0000000000,102,111,102,110,103,110
1379,neighbor,False,WSD_CRITERIA_UNVERIFIED,999999999.0000000000,999999999.0000000000,0.2000000000,0.4000000000,0.6000000000,3.5000000000,0.9000000000,104,111,104,110,104,110
1380,neighbor,False,WSD_CRITERIA_UNVERIFIED,999999999.0000000000,999999999.0000000000,0.2500000000,0.4000000000,0.7500000000,3.0000000000,0.8000000000,104,110,103,110,104,110
1381,neighbor,False,WSD_CRITERIA_UNVERIFIED,999999999.0000000000,999999999.0000000000,0.2000000000,0.5000000000,0.6500000000,3.5000000000,1.0000000000,104,111,104,111,102,110
1382,neighbor,False,WSD_CRITERIA_UNVERIFIED,999999999.0000000000,999999999.0000000000,0.2000000000,0.5500000000,0.7500000000,3.5000000000,1.0000000000,104,110,104,110,104,110
1383,neighbor,False,WSD_CRITERIA_UNVERIFIED,999999999.0000000000,999999999.0000000000,0.2500000000,0.5000000000,0.6000000000,3.5000000000,0.8000000000,102,110,104,110,102,110
1384,neighbor,False,WSD_CRITERIA_UNVERIFIED,999999999.0000000000,999999999.0000000000,0.2000000000,0.5000000000,0.6500000000,3.0000000000,1.0000000000,103,110,104,110,103,110
1385,neighbor,False,WSD_CRITERIA_UNVERIFIED,999999999.0000000000,999999999.0000000000,0.2250000000,0.5500000000,0.7500000000,3.5000000000,1.0000000000,102,110,104,110,102,112
1386,neighbor,False,WSD_CRITERIA_UNVERIFIED,999999999.0000000000,999999999.0000000000,0.2250000000,0.5000000000,0.5000000000,3.0000000000,0.9000000000,104,110,104,112,104,110
1387,neighbor,False,WSD_CRITERIA_UNVERIFIED,999999999.0000000000,999999999.0000000000,0.2000000000,0.6000000000,0.4500000000,3.5000000000,0.9000000000,102,110,102,110,104,110
1388,neighbor,False,WSD_CRITERIA_UNVERIFIED,999999999.0000000000,999999999.0000000000,0.2000000000,0.5000000000,0.4500000000,3.5000000000,1.0000000000,104,110,102,110,104,112
1389,neighbor,False,WSD_CRITERIA_UNVERIFIED,999999999.0000000000,999999999.0000000000,0.2000000000,0.5500000000,0.7500000000,3.5000000000,0.9000000000,103,112,104,111,104,111
1390,neighbor,False,WSD_CRITERIA_UNVERIFIED,999999999.0000000000,999999999.0000000000,0.2500000000,0.5500000000,0.6500000000,3.5000000000,1.0000000000,102,110,102,110,104,110
1391,neighbor,False,WSD_CRITERIA_UNVERIFIED,999999999.0000000000,999999999.0000000000,0.2000000000,0.4500000000,0.7500000000,3.5000000000,1.0000000000,104,112,104,110,104,112
1392,neighbor,False,WSD_CRITERIA_UNVERIFIED,999999999.0000000000,999999999.0000000000,0.2000000000,0.5500000000,0.5000000000,3.5000000000,0.8000000000,104,110,104,112,102,110
1393,neighbor,False,WSD_CRITERIA_UNVERIFIED,999999999.0000000000,999999999.0000000000,0.2000000000,0.4500000000,0.7000000000,3.0000000000,1.0000000000,104,111,103,112,104,112
1394,neighbor,False,WSD_CRITERIA_UNVERIFIED,999999999.0000000000,999999999.0000000000,0.2500000000,0.4000000000,0.5000000000,3.5000000000,0.9000000000,104,110,102,110,104,110
1395,neighbor,False,WSD_CRITERIA_UNVERIFIED,999999999.0000000000,999999999.0000000000,0.2000000000,0.4500000000,0.7500000000,3.5000000000,0.8000000000,104,111,104,112,104,110
1396,neighbor,False,WSD_CRITERIA_UNVERIFIED,999999999.0000000000,999999999.0000000000,0.2500000000,0.5500000000,0.5000000000,3.0000000000,1.0000000000,104,112,104,110,104,110
1397,neighbor,False,WSD_CRITERIA_UNVERIFIED,999999999.0000000000,999999999.0000000000,0.2500000000,0.6000000000,0.7500000000,3.0000000000,1.0000000000,104,111,103,112,102,111
1398,neighbor,False,WSD_CRITERIA_UNVERIFIED,999999999.0000000000,999999999.0000000000,0.2000000000,0.5000000000,0.5500000000,3.5000000000,1.0000000000,104,110,102,112,104,110
1399,neighbor,False,WSD_CRITERIA_UNVERIFIED,999999999.0000000000,999999999.0000000000,0.2500000000,0.6000000000,0.7500000000,3.0000000000,1.0000000000,104,110,103,110,104,110
1400,neighbor,False,WSD_CRITERIA_UNVERIFIED,999999999.0000000000,999999999.0000000000,0.2000000000,0.4000000000,0.5500000000,3.5000000000,1.0000000000,104,112,104,110,103,110
1401,neighbor,False,WSD_CRITERIA_UNVERIFIED,999999999.0000000000,999999999.0000000000,0.2500000000,0.4000000000,0.7500000000,3.5000000000,0.8000000000,104,110,103,112,104,111
1402,neighbor,False,WSD_CRITERIA_UNVERIFIED,999999999.0000000000,999999999.0000000000,0.2250000000,0.4000000000,0.5000000000,3.5000000000,1.0000000000,104,111,104,112,103,110
1403,neighbor,False,WSD_CRITERIA_UNVERIFIED,999999999.0000000000,999999999.0000000000,0.2250000000,0.5500000000,0.7500000000,3.5000000000,0.9000000000,102,111,104,112,104,110
1404,neighbor,False,WSD_CRITERIA_UNVERIFIED,999999999.0000000000,999999999.0000000000,0.2000000000,0.4000000000,0.4500000000,3.5000000000,1.0000000000,102,110,104,111,104,110
1405,neighbor,False,WSD_CRITERIA_UNVERIFIED,999999999.0000000000,999999999.0000000000,0.2250000000,0.5000000000,0.5500000000,3.0000000000,0.8000000000,104,110,104,111,104,110
1406,neighbor,False,WSD_CRITERIA_UNVERIFIED,999999999.0000000000,999999999.0000000000,0.2500000000,0.5500000000,0.7500000000,3.0000000000,0.8000000000,104,112,103,112,104,110
1407,neighbor,False,WSD_CRITERIA_UNVERIFIED,999999999.0000000000,999999999.0000000000,0.2000000000,0.4000000000,0.7500000000,3.5000000000,1.0000000000,103,112,104,110,104,110
1408,neighbor,False,WSD_CRITERIA_UNVERIFIED,999999999.0000000000,999999999.0000000000,0.2000000000,0.6000000000,0.7500000000,3.0000000000,1.0000000000,104,110,104,110,104,110
1409,neighbor,False,WSD_CRITERIA_UNVERIFIED,999999999.0000000000,999999999.0000000000,0.2500000000,0.4000000000,0.6500000000,3.5000000000,0.9000000000,104,110,104,110,104,110
1410,neighbor,False,WSD_CRITERIA_UNVERIFIED,999999999.0000000000,999999999.0000000000,0.2000000000,0.5000000000,0.4500000000,3.0000000000,0.9000000000,104,112,103,112,104,112
1411,neighbor,False,WSD_CRITERIA_UNVERIFIED,999999999.0000000000,999999999.0000000000,0.2250000000,0.5500000000,0.7500000000,3.5000000000,1.0000000000,104,110,104,111,104,110
1412,neighbor,False,WSD_CRITERIA_UNVERIFIED,999999999.0000000000,999999999.0000000000,0.2000000000,0.5000000000,0.6000000000,3.5000000000,1.0000000000,104,112,104,111,104,111
1413,neighbor,False,WSD_CRITERIA_UNVERIFIED,999999999.0000000000,999999999.0000000000,0.2250000000,0.4500000000,0.5500000000,3.5000000000,0.8000000000,103,110,102,112,103,110
1414,neighbor,False,WSD_CRITERIA_UNVERIFIED,999999999.0000000000,999999999.0000000000,0.2000000000,0.4000000000,0.7500000000,3.0000000000,1.0000000000,104,111,104,110,102,112
1415,neighbor,False,WSD_CRITERIA_UNVERIFIED,999999999.0000000000,999999999.0000000000,0.2250000000,0.4500000000,0.6000000000,3.5000000000,1.0000000000,104,112,104,110,103,110
1416,neighbor,False,WSD_CRITERIA_UNVERIFIED,999999999.0000000000,999999999.0000000000,0.2000000000,0.4000000000,0.6000000000,3.5000000000,0.9000000000,102,110,103,110,102,112
1417,neighbor,False,WSD_CRITERIA_UNVERIFIED,999999999.0000000000,999999999.0000000000,0.2000000000,0.6000000000,0.4500000000,3.5000000000,0.8000000000,104,110,104,110,104,111
1418,neighbor,False,WSD_CRITERIA_UNVERIFIED,999999999.0000000000,999999999.0000000000,0.2250000000,0.5500000000,0.7000000000,3.5000000000,1.0000000000,104,110,102,112,103,111
1419,neighbor,False,WSD_CRITERIA_UNVERIFIED,999999999.0000000000,999999999.0000000000,0.2250000000,0.5500000000,0.7500000000,3.0000000000,1.0000000000,104,110,104,110,104,110
1420,neighbor,False,WSD_CRITERIA_UNVERIFIED,999999999.0000000000,999999999.0000000000,0.2000000000,0.5000000000,0.6500000000,3.0000000000,1.0000000000,104,110,103,111,102,110
1421,neighbor,False,WSD_CRITERIA_UNVERIFIED,999999999.0000000000,999999999.0000000000,0.2000000000,0.5500000000,0.7500000000,3.0000000000,1.0000000000,103,110,104,110,104,111
1422,neighbor,False,WSD_CRITERIA_UNVERIFIED,999999999.0000000000,999999999.0000000000,0.2250000000,0.6000000000,0.7500000000,3.0000000000,0.8000000000,104,111,104,111,104,110
1423,neighbor,False,WSD_CRITERIA_UNVERIFIED,999999999.0000000000,999999999.0000000000,0.2000000000,0.5000000000,0.7500000000,3.5000000000,1.0000000000,102,112,102,110,103,110
1424,neighbor,False,WSD_CRITERIA_UNVERIFIED,999999999.0000000000,999999999.0000000000,0.2000000000,0.6000000000,0.7500000000,3.5000000000,1.0000000000,104,110,103,112,102,111
1425,neighbor,False,WSD_CRITERIA_UNVERIFIED,999999999.0000000000,999999999.0000000000,0.2000000000,0.5500000000,0.5500000000,3.5000000000,1.0000000000,104,111,103,112,104,112
1426,neighbor,False,WSD_CRITERIA_UNVERIFIED,999999999.0000000000,999999999.0000000000,0.2000000000,0.6000000000,0.7500000000,3.5000000000,0.8000000000,104,110,104,110,104,110
1427,neighbor,False,WSD_CRITERIA_UNVERIFIED,999999999.0000000000,999999999.0000000000,0.2000000000,0.5500000000,0.4500000000,3.5000000000,0.9000000000,103,110,104,110,104,111
1428,neighbor,False,WSD_CRITERIA_UNVERIFIED,999999999.0000000000,999999999.0000000000,0.2250000000,0.5000000000,0.6000000000,3.5000000000,0.8000000000,102,111,104,110,103,110
1429,neighbor,False,WSD_CRITERIA_UNVERIFIED,999999999.0000000000,999999999.0000000000,0.2000000000,0.6000000000,0.5000000000,3.0000000000,0.8000000000,102,111,104,110,104,110
1430,neighbor,False,WSD_CRITERIA_UNVERIFIED,999999999.0000000000,999999999.0000000000,0.2500000000,0.6000000000,0.7500000000,3.5000000000,1.0000000000,103,112,104,110,103,110
1431,neighbor,False,WSD_CRITERIA_UNVERIFIED,999999999.0000000000,999999999.0000000000,0.2500000000,0.6000000000,0.5500000000,3.5000000000,1.0000000000,104,111,102,110,102,112
1432,neighbor,False,WSD_CRITERIA_UNVERIFIED,999999999.0000000000,999999999.0000000000,0.2000000000,0.4000000000,0.4500000000,3.5000000000,1.0000000000,104,110,103,112,104,110
1433,neighbor,False,WSD_CRITERIA_UNVERIFIED,999999999.0000000000,999999999.0000000000,0.2500000000,0.4000000000,0.4500000000,3.5000000000,1.0000000000,104,110,102,110,104,110
1434,neighbor,False,WSD_CRITERIA_UNVERIFIED,999999999.0000000000,999999999.0000000000,0.2250000000,0.6000000000,0.7500000000,3.5000000000,1.0000000000,104,110,104,112,104,110
1435,neighbor,False,WSD_CRITERIA_UNVERIFIED,999999999.0000000000,999999999.0000000000,0.2000000000,0.5000000000,0.4500000000,3.5000000000,1.0000000000,104,110,104,110,104,110
1436,neighbor,False,WSD_CRITERIA_UNVERIFIED,999999999.0000000000,999999999.0000000000,0.2000000000,0.5000000000,0.7500000000,3.5000000000,1.0000000000,104,110,104,110,104,110
1437,neighbor,False,WSD_CRITERIA_UNVERIFIED,999999999.0000000000,999999999.0000000000,0.2250000000,0.4000000000,0.7500000000,3.5000000000,0.8000000000,104,110,102,110,104,111
1438,neighbor,False,WSD_CRITERIA_UNVERIFIED,999999999.0000000000,999999999.0000000000,0.2250000000,0.5000000000,0.4500000000,3.0000000000,0.9000000000,103,110,104,110,104,110
1439,neighbor,False,WSD_CRITERIA_UNVERIFIED,999999999.0000000000,999999999.0000000000,0.2500000000,0.5500000000,0.6500000000,3.5000000000,1.0000000000,102,110,104,110,103,110
1440,neighbor,False,WSD_CRITERIA_UNVERIFIED,999999999.0000000000,999999999.0000000000,0.2000000000,0.5000000000,0.7500000000,3.5000000000,1.0000000000,104,111,104,110,103,110
1441,neighbor,False,WSD_CRITERIA_UNVERIFIED,999999999.0000000000,999999999.0000000000,0.2500000000,0.6000000000,0.5500000000,3.5000000000,0.8000000000,102,112,104,112,104,111
1442,neighbor,False,WSD_CRITERIA_UNVERIFIED,999999999.0000000000,999999999.0000000000,0.2500000000,0.6000000000,0.7500000000,3.5000000000,0.8000000000,103,112,103,110,104,111
1443,neighbor,False,WSD_CRITERIA_UNVERIFIED,999999999.0000000000,999999999.0000000000,0.2000000000,0.4500000000,0.7000000000,3.0000000000,0.8000000000,102,110,104,110,103,111
1444,neighbor,False,WSD_CRITERIA_UNVERIFIED,999999999.0000000000,999999999.0000000000,0.2000000000,0.4500000000,0.4500000000,3.0000000000,0.8000000000,102,110,104,110,102,110
1445,neighbor,False,WSD_CRITERIA_UNVERIFIED,999999999.0000000000,999999999.0000000000,0.2000000000,0.6000000000,0.5000000000,3.0000000000,1.0000000000,104,110,104,110,104,111
1446,neighbor,False,WSD_CRITERIA_UNVERIFIED,999999999.0000000000,999999999.0000000000,0.2500000000,0.4500000000,0.7500000000,3.0000000000,0.8000000000,103,111,102,110,102,110
1447,neighbor,False,WSD_CRITERIA_UNVERIFIED,999999999.0000000000,999999999.0000000000,0.2500000000,0.5500000000,0.7500000000,3.0000000000,1.0000000000,103,110,104,110,104,112
1448,neighbor,False,WSD_CRITERIA_UNVERIFIED,999999999.0000000000,999999999.0000000000,0.2250000000,0.6000000000,0.7500000000,3.5000000000,1.0000000000,104,111,103,110,104,110
1449,neighbor,False,WSD_CRITERIA_UNVERIFIED,999999999.0000000000,999999999.0000000000,0.2000000000,0.6000000000,0.5500000000,3.5000000000,1.0000000000,103,110,104,110,104,111
1450,neighbor,False,WSD_CRITERIA_UNVERIFIED,999999999.0000000000,999999999.0000000000,0.2250000000,0.6000000000,0.6000000000,3.0000000000,1.0000000000,104,110,102,110,104,110
1451,neighbor,False,WSD_CRITERIA_UNVERIFIED,999999999.0000000000,999999999.0000000000,0.2000000000,0.5000000000,0.4500000000,3.5000000000,1.0000000000,104,110,104,110,104,112
1452,neighbor,False,WSD_CRITERIA_UNVERIFIED,999999999.0000000000,999999999.0000000000,0.2250000000,0.4000000000,0.7500000000,3.5000000000,0.9000000000,104,110,104,110,103,110
1453,neighbor,False,WSD_CRITERIA_UNVERIFIED,999999999.0000000000,999999999.0000000000,0.2000000000,0.5500000000,0.5000000000,3.5000000000,1.0000000000,104,110,102,110,104,110
1454,neighbor,False,WSD_CRITERIA_UNVERIFIED,999999999.0000000000,999999999.0000000000,0.2000000000,0.6000000000,0.4500000000,3.0000000000,1.0000000000,104,112,104,112,104,110
1455,neighbor,False,WSD_CRITERIA_UNVERIFIED,999999999.0000000000,999999999.0000000000,0.2000000000,0.6000000000,0.7500000000,3.5000000000,1.0000000000,104,112,103,110,102,110
1456,neighbor,False,WSD_CRITERIA_UNVERIFIED,999999999.0000000000,999999999.0000000000,0.2500000000,0.6000000000,0.7500000000,3.5000000000,1.0000000000,103,110,103,111,102,112
1457,neighbor,False,WSD_CRITERIA_UNVERIFIED,999999999.0000000000,999999999.0000000000,0.2000000000,0.5500000000,0.7500000000,3.5000000000,0.8000000000,103,110,104,112,104,112
1458,neighbor,False,WSD_CRITERIA_UNVERIFIED,999999999.0000000000,999999999.0000000000,0.2000000000,0.5500000000,0.5000000000,3.5000000000,0.8000000000,104,110,102,110,104,110
1459,neighbor,False,WSD_CRITERIA_UNVERIFIED,999999999.0000000000,999999999.0000000000,0.2000000000,0.4500000000,0.7000000000,3.0000000000,1.0000000000,104,110,104,110,104,110
1460,neighbor,False,WSD_CRITERIA_UNVERIFIED,999999999.0000000000,999999999.0000000000,0.2000000000,0.4000000000,0.7500000000,3.5000000000,0.8000000000,104,110,103,111,102,110
1461,neighbor,False,WSD_CRITERIA_UNVERIFIED,999999999.0000000000,999999999.0000000000,0.2250000000,0.5000000000,0.7000000000,3.5000000000,1.0000000000,103,110,104,112,104,110
1462,neighbor,False,WSD_CRITERIA_UNVERIFIED,999999999.0000000000,999999999.0000000000,0.2000000000,0.6000000000,0.7000000000,3.0000000000,1.0000000000,104,110,103,112,102,110
1463,neighbor,False,WSD_CRITERIA_UNVERIFIED,999999999.0000000000,999999999.0000000000,0.2000000000,0.6000000000,0.6000000000,3.5000000000,1.0000000000,104,110,103,112,104,110
1464,neighbor,False,WSD_CRITERIA_UNVERIFIED,999999999.0000000000,999999999.0000000000,0.2250000000,0.5500000000,0.7500000000,3.0000000000,0.9000000000,104,112,104,110,104,111
1465,neighbor,False,WSD_CRITERIA_UNVERIFIED,999999999.0000000000,999999999.0000000000,0.2250000000,0.5500000000,0.7500000000,3.5000000000,1.0000000000,103,110,102,110,104,110
1466,neighbor,False,WSD_CRITERIA_UNVERIFIED,999999999.0000000000,999999999.0000000000,0.2500000000,0.6000000000,0.4500000000,3.0000000000,0.9000000000,104,110,104,110,104,110
1467,neighbor,False,WSD_CRITERIA_UNVERIFIED,999999999.0000000000,999999999.0000000000,0.2000000000,0.5000000000,0.7500000000,3.5000000000,0.8000000000,102,110,104,111,103,110
1468,neighbor,False,WSD_CRITERIA_UNVERIFIED,999999999.0000000000,999999999.0000000000,0.2000000000,0.4500000000,0.7500000000,3.0000000000,1.0000000000,102,110,104,112,104,111
1469,neighbor,False,WSD_CRITERIA_UNVERIFIED,999999999.0000000000,999999999.0000000000,0.2000000000,0.4000000000,0.6000000000,3.5000000000,0.8000000000,104,110,102,112,104,110
1470,neighbor,False,WSD_CRITERIA_UNVERIFIED,999999999.0000000000,999999999.0000000000,0.2250000000,0.6000000000,0.7500000000,3.5000000000,0.8000000000,102,110,103,110,104,110
1471,neighbor,False,WSD_CRITERIA_UNVERIFIED,999999999.0000000000,999999999.0000000000,0.2000000000,0.5500000000,0.7500000000,3.5000000000,1.0000000000,102,110,102,110,104,110
1472,neighbor,False,WSD_CRITERIA_UNVERIFIED,999999999.0000000000,999999999.0000000000,0.2000000000,0.6000000000,0.7500000000,3.5000000000,1.0000000000,102,111,104,110,104,110
1473,neighbor,False,WSD_CRITERIA_UNVERIFIED,999999999.0000000000,999999999.0000000000,0.2500000000,0.5500000000,0.7500000000,3.0000000000,1.0000000000,104,110,104,110,104,110
1474,neighbor,False,WSD_CRITERIA_UNVERIFIED,999999999.0000000000,999999999.0000000000,0.2000000000,0.5500000000,0.7500000000,3.0000000000,0.8000000000,104,110,104,110,104,110
1475,neighbor,False,WSD_CRITERIA_UNVERIFIED,999999999.0000000000,999999999.0000000000,0.2000000000,0.5500000000,0.7500000000,3.5000000000,1.0000000000,104,111,104,110,102,111
1476,neighbor,False,WSD_CRITERIA_UNVERIFIED,999999999.0000000000,999999999.0000000000,0.2250000000,0.5500000000,0.4500000000,3.5000000000,1.0000000000,103,110,104,112,104,110
1477,neighbor,False,WSD_CRITERIA_UNVERIFIED,999999999.0000000000,999999999.0000000000,0.2000000000,0.6000000000,0.7500000000,3.5000000000,1.0000000000,104,110,104,110,103,110
1478,neighbor,False,WSD_CRITERIA_UNVERIFIED,999999999.0000000000,999999999.0000000000,0.2000000000,0.5500000000,0.7000000000,3.5000000000,0.8000000000,102,110,104,110,104,112
1479,neighbor,False,WSD_CRITERIA_UNVERIFIED,999999999.0000000000,999999999.0000000000,0.2000000000,0.5500000000,0.6000000000,3.5000000000,1.0000000000,104,110,103,112,104,112
1480,neighbor,False,WSD_CRITERIA_UNVERIFIED,999999999.0000000000,999999999.0000000000,0.2000000000,0.5500000000,0.7500000000,3.5000000000,1.0000000000,104,110,104,111,104,111
1481,neighbor,False,WSD_CRITERIA_UNVERIFIED,999999999.0000000000,999999999.0000000000,0.2000000000,0.4500000000,0.7500000000,3.5000000000,0.9000000000,104,110,104,110,104,111
1482,neighbor,False,WSD_CRITERIA_UNVERIFIED,999999999.0000000000,999999999.0000000000,0.2250000000,0.4500000000,0.6500000000,3.5000000000,1.0000000000,104,111,104,111,103,110
1483,neighbor,False,WSD_CRITERIA_UNVERIFIED,999999999.0000000000,999999999.0000000000,0.2000000000,0.4000000000,0.7500000000,3.5000000000,1.0000000000,103,110,103,110,102,110
1484,neighbor,False,WSD_CRITERIA_UNVERIFIED,999999999.0000000000,999999999.0000000000,0.2250000000,0.5500000000,0.7500000000,3.0000000000,1.0000000000,102,110,102,110,102,110
1485,neighbor,False,WSD_CRITERIA_UNVERIFIED,999999999.0000000000,999999999.0000000000,0.2250000000,0.4000000000,0.7500000000,3.5000000000,1.0000000000,102,112,104,111,104,110
1486,neighbor,False,WSD_CRITERIA_UNVERIFIED,999999999.0000000000,999999999.0000000000,0.2000000000,0.5500000000,0.7500000000,3.5000000000,0.9000000000,103,110,103,111,104,110
1487,neighbor,False,WSD_CRITERIA_UNVERIFIED,999999999.0000000000,999999999.0000000000,0.2500000000,0.5000000000,0.6000000000,3.5000000000,1.0000000000,103,112,104,110,104,110
1488,neighbor,False,WSD_CRITERIA_UNVERIFIED,999999999.0000000000,999999999.0000000000,0.2000000000,0.4500000000,0.6000000000,3.0000000000,1.0000000000,102,112,104,112,102,111
1489,neighbor,False,WSD_CRITERIA_UNVERIFIED,999999999.0000000000,999999999.0000000000,0.2000000000,0.5000000000,0.7500000000,3.5000000000,1.0000000000,104,110,104,111,102,110
1490,neighbor,False,WSD_CRITERIA_UNVERIFIED,999999999.0000000000,999999999.0000000000,0.2000000000,0.5000000000,0.6000000000,3.0000000000,1.0000000000,104,112,103,110,104,110
1491,neighbor,False,WSD_CRITERIA_UNVERIFIED,999999999.0000000000,999999999.0000000000,0.2250000000,0.4500000000,0.7000000000,3.5000000000,0.8000000000,104,110,102,112,103,111
1492,neighbor,False,WSD_CRITERIA_UNVERIFIED,999999999.0000000000,999999999.0000000000,0.2250000000,0.4000000000,0.7000000000,3.5000000000,1.0000000000,102,110,104,110,104,110
1493,neighbor,False,WSD_CRITERIA_UNVERIFIED,999999999.0000000000,999999999.0000000000,0.2000000000,0.5500000000,0.7500000000,3.5000000000,1.0000000000,102,111,104,111,104,110
1494,neighbor,False,WSD_CRITERIA_UNVERIFIED,999999999.0000000000,999999999.0000000000,0.2500000000,0.5500000000,0.6500000000,3.0000000000,0.9000000000,104,110,104,110,104,110
1495,neighbor,False,WSD_CRITERIA_UNVERIFIED,999999999.0000000000,999999999.0000000000,0.2500000000,0.5000000000,0.5500000000,3.5000000000,1.0000000000,104,110,102,110,104,111
1496,neighbor,False,WSD_CRITERIA_UNVERIFIED,999999999.0000000000,999999999.0000000000,0.2000000000,0.5000000000,0.7500000000,3.0000000000,1.0000000000,104,110,102,110,104,110
1497,neighbor,False,WSD_CRITERIA_UNVERIFIED,999999999.0000000000,999999999.0000000000,0.2000000000,0.4500000000,0.7500000000,3.5000000000,1.0000000000,102,111,104,112,103,110
1498,neighbor,False,WSD_CRITERIA_UNVERIFIED,999999999.0000000000,999999999.0000000000,0.2500000000,0.6000000000,0.5500000000,3.0000000000,0.9000000000,104,110,104,111,102,112
1499,neighbor,False,WSD_CRITERIA_UNVERIFIED,999999999.0000000000,999999999.0000000000,0.2000000000,0.4000000000,0.7500000000,3.0000000000,0.8000000000,104,110,104,111,104,110
1500,neighbor,False,WSD_CRITERIA_UNVERIFIED,999999999.0000000000,999999999.0000000000,0.2000000000,0.5500000000,0.7500000000,3.5000000000,1.0000000000,104,112,104,110,104,112
1501,neighbor,False,WSD_CRITERIA_UNVERIFIED,999999999.0000000000,999999999.0000000000,0.2500000000,0.4500000000,0.6000000000,3.5000000000,1.0000000000,104,111,104,110,103,112
1502,neighbor,False,WSD_CRITERIA_UNVERIFIED,999999999.0000000000,999999999.0000000000,0.2000000000,0.5000000000,0.7500000000,3.5000000000,1.0000000000,104,110,103,111,103,110
1503,neighbor,False,WSD_CRITERIA_UNVERIFIED,999999999.0000000000,999999999.0000000000,0.2000000000,0.4000000000,0.7500000000,3.5000000000,0.9000000000,103,111,104,110,104,111
1504,neighbor,False,WSD_CRITERIA_UNVERIFIED,999999999.0000000000,999999999.0000000000,0.2500000000,0.5500000000,0.5000000000,3.5000000000,0.9000000000,104,110,104,110,103,112
1505,neighbor,False,WSD_CRITERIA_UNVERIFIED,999999999.0000000000,999999999.0000000000,0.2000000000,0.6000000000,0.5000000000,3.0000000000,0.9000000000,104,110,104,112,102,110
1506,neighbor,False,WSD_CRITERIA_UNVERIFIED,999999999.0000000000,999999999.0000000000,0.2000000000,0.6000000000,0.6500000000,3.5000000000,1.0000000000,102,112,103,110,104,111
1507,neighbor,False,WSD_CRITERIA_UNVERIFIED,999999999.0000000000,999999999.0000000000,0.2000000000,0.5500000000,0.7500000000,3.5000000000,1.0000000000,103,110,104,110,102,111
1508,neighbor,False,WSD_CRITERIA_UNVERIFIED,999999999.0000000000,999999999.0000000000,0.2500000000,0.6000000000,0.5500000000,3.5000000000,1.0000000000,104,110,104,110,104,110
1509,neighbor,False,WSD_CRITERIA_UNVERIFIED,999999999.0000000000,999999999.0000000000,0.2000000000,0.6000000000,0.5000000000,3.0000000000,0.9000000000,102,111,104,111,104,110
1510,neighbor,False,WSD_CRITERIA_UNVERIFIED,999999999.0000000000,999999999.0000000000,0.2000000000,0.5500000000,0.5000000000,3.5000000000,1.0000000000,103,110,104,110,104,110
1511,neighbor,False,WSD_CRITERIA_UNVERIFIED,999999999.0000000000,999999999.0000000000,0.2250000000,0.5500000000,0.7500000000,3.5000000000,1.0000000000,103,112,103,110,104,110
1512,neighbor,False,WSD_CRITERIA_UNVERIFIED,999999999.0000000000,999999999.0000000000,0.2000000000,0.4000000000,0.5000000000,3.0000000000,0.9000000000,104,111,104,110,104,110
1513,neighbor,False,WSD_CRITERIA_UNVERIFIED,999999999.0000000000,999999999.0000000000,0.2000000000,0.5000000000,0.7500000000,3.0000000000,0.8000000000,104,110,102,110,104,111
1514,neighbor,False,WSD_CRITERIA_UNVERIFIED,999999999.0000000000,999999999.0000000000,0.2250000000,0.5500000000,0.6000000000,3.5000000000,0.9000000000,104,110,104,110,104,111
1515,neighbor,False,WSD_CRITERIA_UNVERIFIED,999999999.0000000000,999999999.0000000000,0.2250000000,0.5000000000,0.4500000000,3.5000000000,0.9000000000,104,111,104,110,102,112
1516,neighbor,False,WSD_CRITERIA_UNVERIFIED,999999999.0000000000,999999999.0000000000,0.2000000000,0.4500000000,0.6000000000,3.5000000000,1.0000000000,104,110,104,110,102,110
1517,neighbor,False,WSD_CRITERIA_UNVERIFIED,999999999.0000000000,999999999.0000000000,0.2000000000,0.6000000000,0.5000000000,3.5000000000,1.0000000000,102,110,104,110,103,111
1518,neighbor,False,WSD_CRITERIA_UNVERIFIED,999999999.0000000000,999999999.0000000000,0.2250000000,0.6000000000,0.7500000000,3.0000000000,1.0000000000,104,110,104,110,104,110
1519,neighbor,False,WSD_CRITERIA_UNVERIFIED,999999999.0000000000,999999999.0000000000,0.2000000000,0.4000000000,0.7500000000,3.5000000000,0.9000000000,104,112,104,110,102,110
1520,neighbor,False,WSD_CRITERIA_UNVERIFIED,999999999.0000000000,999999999.0000000000,0.2000000000,0.6000000000,0.6000000000,3.5000000000,1.0000000000,104,111,102,110,104,110
1521,neighbor,False,WSD_CRITERIA_UNVERIFIED,999999999.0000000000,999999999.0000000000,0.2000000000,0.4500000000,0.5500000000,3.5000000000,1.0000000000,103,112,103,110,104,111
1522,neighbor,False,WSD_CRITERIA_UNVERIFIED,999999999.0000000000,999999999.0000000000,0.2250000000,0.4000000000,0.5500000000,3.5000000000,1.0000000000,104,110,104,112,103,111
1523,neighbor,False,WSD_CRITERIA_UNVERIFIED,999999999.0000000000,999999999.0000000000,0.2000000000,0.4500000000,0.7500000000,3.5000000000,1.0000000000,102,110,104,112,103,111
1524,neighbor,False,WSD_CRITERIA_UNVERIFIED,999999999.0000000000,999999999.0000000000,0.2000000000,0.6000000000,0.6500000000,3.5000000000,1.0000000000,103,110,104,112,104,110
1525,neighbor,False,WSD_CRITERIA_UNVERIFIED,999999999.0000000000,999999999.0000000000,0.2000000000,0.5500000000,0.6500000000,3.5000000000,1.0000000000,104,110,104,111,104,110
1526,neighbor,False,WSD_CRITERIA_UNVERIFIED,999999999.0000000000,999999999.0000000000,0.2000000000,0.4000000000,0.7500000000,3.0000000000,1.0000000000,104,112,104,111,102,110
1527,neighbor,False,WSD_CRITERIA_UNVERIFIED,999999999.0000000000,999999999.0000000000,0.2000000000,0.5500000000,0.4500000000,3.5000000000,1.0000000000,104,110,104,110,102,110
1528,neighbor,False,WSD_CRITERIA_UNVERIFIED,999999999.0000000000,999999999.0000000000,0.2000000000,0.5000000000,0.7500000000,3.5000000000,1.0000000000,104,110,102,112,104,110
1529,neighbor,False,WSD_CRITERIA_UNVERIFIED,999999999.0000000000,999999999.0000000000,0.2000000000,0.5500000000,0.7500000000,3.0000000000,1.0000000000,104,110,103,110,104,110
1530,neighbor,False,WSD_CRITERIA_UNVERIFIED,999999999.0000000000,999999999.0000000000,0.2000000000,0.6000000000,0.5000000000,3.5000000000,0.8000000000,104,112,103,111,102,111
1531,neighbor,False,WSD_CRITERIA_UNVERIFIED,999999999.0000000000,999999999.0000000000,0.2000000000,0.5000000000,0.7500000000,3.5000000000,0.8000000000,102,110,103,110,102,111
1532,neighbor,False,WSD_CRITERIA_UNVERIFIED,999999999.0000000000,999999999.0000000000,0.2500000000,0.6000000000,0.7500000000,3.0000000000,0.9000000000,104,111,104,110,102,110
1533,neighbor,False,WSD_CRITERIA_UNVERIFIED,999999999.0000000000,999999999.0000000000,0.2000000000,0.6000000000,0.7500000000,3.5000000000,0.8000000000,103,110,104,110,102,110
1534,neighbor,False,WSD_CRITERIA_UNVERIFIED,999999999.0000000000,999999999.0000000000,0.2000000000,0.6000000000,0.6500000000,3.5000000000,0.8000000000,104,110,104,111,103,112
1535,neighbor,False,WSD_CRITERIA_UNVERIFIED,999999999.0000000000,999999999.0000000000,0.2000000000,0.5000000000,0.6000000000,3.5000000000,0.8000000000,104,110,104,112,104,110
1536,neighbor,False,WSD_CRITERIA_UNVERIFIED,999999999.0000000000,999999999.0000000000,0.2250000000,0.5000000000,0.7500000000,3.0000000000,0.8000000000,104,110,102,110,104,111
1537,neighbor,False,WSD_CRITERIA_UNVERIFIED,999999999.0000000000,999999999.0000000000,0.2000000000,0.6000000000,0.7500000000,3.5000000000,0.8000000000,104,110,104,111,104,111
1538,neighbor,False,WSD_CRITERIA_UNVERIFIED,999999999.0000000000,999999999.0000000000,0.2500000000,0.5000000000,0.4500000000,3.0000000000,1.0000000000,104,110,104,111,104,110
1539,neighbor,False,WSD_CRITERIA_UNVERIFIED,999999999.0000000000,999999999.0000000000,0.2000000000,0.4500000000,0.6000000000,3.5000000000,1.0000000000,104,110,103,110,104,110
1540,neighbor,False,WSD_CRITERIA_UNVERIFIED,999999999.0000000000,999999999.0000000000,0.2000000000,0.6000000000,0.7500000000,3.0000000000,1.0000000000,104,111,104,110,104,110
1541,neighbor,False,WSD_CRITERIA_UNVERIFIED,999999999.0000000000,999999999.0000000000,0.2000000000,0.4500000000,0.4500000000,3.0000000000,1.0000000000,103,110,104,110,104,110
1542,neighbor,False,WSD_CRITERIA_UNVERIFIED,999999999.0000000000,999999999.0000000000,0.2000000000,0.6000000000,0.7500000000,3.5000000000,0.9000000000,104,111,103,112,104,111
1543,neighbor,False,WSD_CRITERIA_UNVERIFIED,999999999.0000000000,999999999.0000000000,0.2000000000,0.4000000000,0.7500000000,3.5000000000,1.0000000000,104,110,104,110,102,110
1544,neighbor,False,WSD_CRITERIA_UNVERIFIED,999999999.0000000000,999999999.0000000000,0.2250000000,0.6000000000,0.7500000000,3.0000000000,1.0000000000,102,111,102,110,104,112
1545,neighbor,False,WSD_CRITERIA_UNVERIFIED,999999999.0000000000,999999999.0000000000,0.2250000000,0.4000000000,0.7500000000,3.5000000000,0.8000000000,102,110,104,110,104,112
1546,neighbor,False,WSD_CRITERIA_UNVERIFIED,999999999.0000000000,999999999.0000000000,0.2500000000,0.4000000000,0.7500000000,3.0000000000,0.8000000000,104,111,102,112,104,112
1547,neighbor,False,WSD_CRITERIA_UNVERIFIED,999999999.0000000000,999999999.0000000000,0.2000000000,0.5000000000,0.7500000000,3.5000000000,1.0000000000,102,111,102,111,104,111
1548,neighbor,False,WSD_CRITERIA_UNVERIFIED,999999999.0000000000,999999999.0000000000,0.2000000000,0.5000000000,0.5000000000,3.5000000000,0.8000000000,104,112,104,110,104,110
1549,neighbor,False,WSD_CRITERIA_UNVERIFIED,999999999.0000000000,999999999.0000000000,0.2250000000,0.4000000000,0.7000000000,3.0000000000,1.0000000000,104,111,104,110,102,110
1550,neighbor,False,WSD_CRITERIA_UNVERIFIED,999999999.0000000000,999999999.0000000000,0.2500000000,0.4000000000,0.7500000000,3.0000000000,0.8000000000,102,110,103,110,102,110
1551,neighbor,False,WSD_CRITERIA_UNVERIFIED,999999999.0000000000,999999999.0000000000,0.2000000000,0.5500000000,0.7500000000,3.5000000000,0.8000000000,104,112,104,112,104,111
1552,neighbor,False,WSD_CRITERIA_UNVERIFIED,999999999.0000000000,999999999.0000000000,0.2250000000,0.5000000000,0.6500000000,3.5000000000,1.0000000000,104,110,102,110,103,110
1553,neighbor,False,WSD_CRITERIA_UNVERIFIED,999999999.0000000000,999999999.0000000000,0.2250000000,0.4500000000,0.7500000000,3.5000000000,1.0000000000,104,110,104,110,103,110
1554,neighbor,False,WSD_CRITERIA_UNVERIFIED,999999999.0000000000,999999999.0000000000,0.2250000000,0.5500000000,0.7000000000,3.5000000000,0.8000000000,104,110,103,110,102,112
1555,neighbor,False,WSD_CRITERIA_UNVERIFIED,999999999.0000000000,999999999.0000000000,0.2000000000,0.4500000000,0.7000000000,3.5000000000,1.0000000000,103,111,104,112,102,111
1556,neighbor,False,WSD_CRITERIA_UNVERIFIED,999999999.0000000000,999999999.0000000000,0.2000000000,0.6000000000,0.7500000000,3.5000000000,1.0000000000,103,112,104,110,102,110
1557,neighbor,False,WSD_CRITERIA_UNVERIFIED,999999999.0000000000,999999999.0000000000,0.2000000000,0.5000000000,0.7500000000,3.5000000000,1.0000000000,104,110,102,112,103,110
1558,neighbor,False,WSD_CRITERIA_UNVERIFIED,999999999.0000000000,999999999.0000000000,0.2000000000,0.4500000000,0.7500000000,3.5000000000,0.9000000000,103,112,104,111,104,111
1559,neighbor,False,WSD_CRITERIA_UNVERIFIED,999999999.0000000000,999999999.0000000000,0.2000000000,0.6000000000,0.7500000000,3.5000000000,1.0000000000,104,110,103,112,103,112
1560,neighbor,False,CONCRETE_OR_STEEL_STRESS,999999999.0000000000,999999999.0000000000,0.2250000000,0.4000000000,0.6000000000,3.0000000000,0.8000000000,102,112,104,110,104,110
1561,neighbor,False,WSD_CRITERIA_UNVERIFIED,999999999.0000000000,999999999.0000000000,0.2000000000,0.5000000000,0.7500000000,3.5000000000,1.0000000000,102,110,104,111,104,111
1562,neighbor,False,WSD_CRITERIA_UNVERIFIED,999999999.0000000000,999999999.0000000000,0.2250000000,0.6000000000,0.7500000000,3.5000000000,1.0000000000,104,112,104,110,103,110
1563,neighbor,False,WSD_CRITERIA_UNVERIFIED,999999999.0000000000,999999999.0000000000,0.2500000000,0.4500000000,0.6500000000,3.5000000000,0.9000000000,104,110,104,112,103,110
1564,neighbor,False,WSD_CRITERIA_UNVERIFIED,999999999.0000000000,999999999.0000000000,0.2250000000,0.6000000000,0.7500000000,3.5000000000,1.0000000000,102,110,102,111,103,110
1565,neighbor,False,WSD_CRITERIA_UNVERIFIED,999999999.0000000000,999999999.0000000000,0.2500000000,0.4000000000,0.7000000000,3.5000000000,0.8000000000,104,112,103,110,102,112
1566,neighbor,False,WSD_CRITERIA_UNVERIFIED,999999999.0000000000,999999999.0000000000,0.2000000000,0.4500000000,0.4500000000,3.5000000000,1.0000000000,103,110,104,111,102,112
1567,neighbor,False,WSD_CRITERIA_UNVERIFIED,999999999.0000000000,999999999.0000000000,0.2000000000,0.4000000000,0.7500000000,3.0000000000,1.0000000000,104,110,102,111,104,110
1568,neighbor,False,WSD_CRITERIA_UNVERIFIED,999999999.0000000000,999999999.0000000000,0.2000000000,0.4000000000,0.4500000000,3.0000000000,1.0000000000,104,111,102,112,104,110
1569,neighbor,False,WSD_CRITERIA_UNVERIFIED,999999999.0000000000,999999999.0000000000,0.2000000000,0.5500000000,0.6000000000,3.0000000000,1.0000000000,104,110,104,110,102,110
1570,neighbor,False,WSD_CRITERIA_UNVERIFIED,999999999.0000000000,999999999.0000000000,0.2250000000,0.5000000000,0.7000000000,3.5000000000,1.0000000000,103,110,104,112,104,110
1571,neighbor,False,WSD_CRITERIA_UNVERIFIED,999999999.0000000000,999999999.0000000000,0.2000000000,0.4000000000,0.7000000000,3.5000000000,1.0000000000,104,110,103,111,104,111
1572,neighbor,False,WSD_CRITERIA_UNVERIFIED,999999999.0000000000,999999999.0000000000,0.2250000000,0.4000000000,0.5500000000,3.5000000000,0.9000000000,104,110,104,110,103,112
1573,reset,False,WSD_CRITERIA_UNVERIFIED,999999999.0000000000,999999999.0000000000,0.2000000000,0.3000000000,0.3500000000,2.5000000000,1.0000000000,104,110,104,110,104,110
1574,neighbor,False,WSD_CRITERIA_UNVERIFIED,999999999.0000000000,999999999.0000000000,0.2000000000,0.3000000000,0.4000000000,2.5000000000,1.0000000000,104,111,103,112,104,112
1575,neighbor,False,CONCRETE_OR_STEEL_STRESS,999999999.0000000000,999999999.0000000000,0.2000000000,0.2000000000,0.3000000000,2.5000000000,1.0000000000,104,110,103,110,104,112
1576,neighbor,False,WSD_CRITERIA_UNVERIFIED,999999999.0000000000,999999999.0000000000,0.2250000000,0.3000000000,0.4500000000,2.5000000000,0.8000000000,104,110,103,112,104,111
1577,neighbor,False,CONCRETE_OR_STEEL_STRESS,999999999.0000000000,999999999.0000000000,0.2250000000,0.2500000000,0.3500000000,2.5000000000,0.8000000000,104,110,104,112,102,110
1578,neighbor,False,CONCRETE_OR_STEEL_STRESS,999999999.0000000000,999999999.0000000000,0.2000000000,0.2500000000,0.3000000000,3.0000000000,1.0000000000,104,111,102,110,104,112
1579,neighbor,False,CONCRETE_OR_STEEL_STRESS,999999999.0000000000,999999999.0000000000,0.2500000000,0.2500000000,0.3000000000,3.0000000000,1.0000000000,104,110,103,112,103,112
1580,neighbor,False,WSD_CRITERIA_UNVERIFIED,999999999.0000000000,999999999.0000000000,0.2000000000,0.3000000000,0.3000000000,3.0000000000,1.0000000000,102,110,103,110,104,112
1581,neighbor,False,WSD_CRITERIA_UNVERIFIED,999999999.0000000000,999999999.0000000000,0.2000000000,0.4000000000,0.4500000000,2.5000000000,1.0000000000,103,111,103,112,104,110
1582,neighbor,False,WSD_CRITERIA_UNVERIFIED,999999999.0000000000,999999999.0000000000,0.2000000000,0.3000000000,0.3500000000,2.5000000000,1.0000000000,104,110,103,111,103,112
1583,neighbor,False,CONCRETE_OR_STEEL_STRESS,999999999.0000000000,999999999.0000000000,0.2250000000,0.3500000000,0.4500000000,2.5000000000,0.9000000000,102,111,102,111,104,112
1584,neighbor,False,CONCRETE_OR_STEEL_STRESS,999999999.0000000000,999999999.0000000000,0.2000000000,0.2000000000,0.5500000000,3.0000000000,1.0000000000,103,111,104,112,103,110
1585,neighbor,False,CONCRETE_OR_STEEL_STRESS,999999999.0000000000,999999999.0000000000,0.2000000000,0.2000000000,0.4500000000,3.0000000000,1.0000000000,102,110,104,110,104,111
1586,neighbor,False,WSD_CRITERIA_UNVERIFIED,999999999.0000000000,999999999.0000000000,0.2250000000,0.3000000000,0.3000000000,2.5000000000,0.8000000000,104,110,102,110,103,110
1587,neighbor,False,CONCRETE_OR_STEEL_STRESS,999999999.0000000000,999999999.0000000000,0.2000000000,0.2000000000,0.4000000000,2.5000000000,1.0000000000,103,112,102,110,103,111
1588,neighbor,False,CONCRETE_OR_STEEL_STRESS,999999999.0000000000,999999999.0000000000,0.2000000000,0.2500000000,0.3000000000,2.5000000000,1.0000000000,104,110,104,110,104,112
1589,neighbor,False,CONCRETE_OR_STEEL_STRESS,999999999.0000000000,999999999.0000000000,0.2000000000,0.2000000000,0.5500000000,2.5000000000,1.0000000000,104,112,104,110,102,110
1590,neighbor,False,CONCRETE_OR_STEEL_STRESS,999999999.0000000000,999999999.0000000000,0.2500000000,0.3000000000,0.3000000000,3.0000000000,0.9000000000,104,112,104,110,104,112
1591,neighbor,False,WSD_CRITERIA_UNVERIFIED,999999999.0000000000,999999999.0000000000,0.2500000000,0.3000000000,0.3000000000,2.5000000000,1.0000000000,102,110,102,110,104,110
1592,neighbor,False,WSD_CRITERIA_UNVERIFIED,999999999.0000000000,999999999.0000000000,0.2000000000,0.4000000000,0.3000000000,2.5000000000,1.0000000000,104,110,104,110,103,110
1593,neighbor,False,CONCRETE_OR_STEEL_STRESS,999999999.0000000000,999999999.0000000000,0.2000000000,0.2000000000,0.3500000000,2.5000000000,1.0000000000,104,110,104,112,104,111
1594,neighbor,False,WSD_CRITERIA_UNVERIFIED,999999999.0000000000,999999999.0000000000,0.2250000000,0.3500000000,0.6000000000,3.0000000000,1.0000000000,102,110,104,112,104,110
1595,neighbor,False,WSD_CRITERIA_UNVERIFIED,999999999.0000000000,999999999.0000000000,0.2250000000,0.3500000000,0.3000000000,3.0000000000,0.8000000000,103,110,104,110,104,111
1596,neighbor,False,WSD_CRITERIA_UNVERIFIED,999999999.0000000000,999999999.0000000000,0.2250000000,0.4000000000,0.3000000000,2.5000000000,1.0000000000,104,112,104,110,103,111
1597,neighbor,False,CONCRETE_OR_STEEL_STRESS,999999999.0000000000,999999999.0000000000,0.2500000000,0.2500000000,0.3000000000,2.5000000000,1.0000000000,103,110,102,112,104,110
1598,neighbor,False,WSD_CRITERIA_UNVERIFIED,999999999.0000000000,999999999.0000000000,0.2000000000,0.4000000000,0.3000000000,2.5000000000,0.9000000000,104,111,103,110,104,111
1599,neighbor,False,WSD_CRITERIA_UNVERIFIED,999999999.0000000000,999999999.0000000000,0.2000000000,0.3000000000,0.4000000000,3.0000000000,1.0000000000,104,110,102,110,104,110
1600,neighbor,False,CONCRETE_OR_STEEL_STRESS,999999999.0000000000,999999999.0000000000,0.2500000000,0.2500000000,0.3000000000,2.5000000000,1.0000000000,102,110,104,110,103,111
1601,neighbor,False,CONCRETE_OR_STEEL_STRESS,999999999.0000000000,999999999.0000000000,0.2000000000,0.2500000000,0.3000000000,2.5000000000,1.0000000000,104,111,104,110,104,111
1602,neighbor,False,WSD_CRITERIA_UNVERIFIED,999999999.0000000000,999999999.0000000000,0.2250000000,0.4000000000,0.3000000000,3.0000000000,1.0000000000,104,111,103,111,104,110
1603,neighbor,False,WSD_CRITERIA_UNVERIFIED,999999999.0000000000,999999999.0000000000,0.2000000000,0.3000000000,0.3500000000,2.5000000000,1.0000000000,102,110,104,110,104,112
1604,neighbor,False,WSD_CRITERIA_UNVERIFIED,999999999.0000000000,999999999.0000000000,0.2000000000,0.4000000000,0.3000000000,2.5000000000,0.8000000000,103,112,104,111,104,112
1605,neighbor,False,WSD_CRITERIA_UNVERIFIED,999999999.0000000000,999999999.0000000000,0.2000000000,0.3500000000,0.5500000000,2.5000000000,0.8000000000,104,110,104,111,104,111
1606,neighbor,False,WSD_CRITERIA_UNVERIFIED,999999999.0000000000,999999999.0000000000,0.2000000000,0.3500000000,0.3000000000,2.5000000000,1.0000000000,103,110,104,112,104,110
1607,neighbor,False,WSD_CRITERIA_UNVERIFIED,999999999.0000000000,999999999.0000000000,0.2000000000,0.4000000000,0.3000000000,2.5000000000,1.0000000000,103,110,104,110,104,110
1608,neighbor,False,WSD_CRITERIA_UNVERIFIED,999999999.0000000000,999999999.0000000000,0.2500000000,0.4000000000,0.3000000000,2.5000000000,1.0000000000,104,110,104,111,104,112
1609,neighbor,False,WSD_CRITERIA_UNVERIFIED,999999999.0000000000,999999999.0000000000,0.2000000000,0.3500000000,0.4000000000,2.5000000000,0.8000000000,103,112,104,110,104,111
1610,neighbor,False,WSD_CRITERIA_UNVERIFIED,999999999.0000000000,999999999.0000000000,0.2000000000,0.3000000000,0.4000000000,2.5000000000,1.0000000000,102,110,103,112,104,112
1611,neighbor,False,WSD_CRITERIA_UNVERIFIED,999999999.0000000000,999999999.0000000000,0.2250000000,0.3000000000,0.3000000000,2.5000000000,1.0000000000,104,111,104,110,104,112
1612,neighbor,False,WSD_CRITERIA_UNVERIFIED,999999999.0000000000,999999999.0000000000,0.2250000000,0.3500000000,0.4500000000,2.5000000000,1.0000000000,104,110,103,112,104,112
1613,neighbor,False,WSD_CRITERIA_UNVERIFIED,999999999.0000000000,999999999.0000000000,0.2500000000,0.4000000000,0.3000000000,2.5000000000,1.0000000000,104,112,102,110,104,110
1614,neighbor,False,WSD_CRITERIA_UNVERIFIED,999999999.0000000000,999999999.0000000000,0.2000000000,0.3500000000,0.3000000000,2.5000000000,0.9000000000,104,110,104,110,102,110
1615,neighbor,False,CONCRETE_OR_STEEL_STRESS,999999999.0000000000,999999999.0000000000,0.2000000000,0.2000000000,0.4500000000,2.5000000000,1.0000000000,103,111,104,110,102,111
1616,neighbor,False,WSD_CRITERIA_UNVERIFIED,999999999.0000000000,999999999.0000000000,0.2500000000,0.3500000000,0.5500000000,2.5000000000,0.8000000000,104,110,104,110,104,112
1617,neighbor,False,WSD_CRITERIA_UNVERIFIED,999999999.0000000000,999999999.0000000000,0.2000000000,0.3500000000,0.4500000000,2.5000000000,1.0000000000,102,110,104,110,104,110
1618,neighbor,False,CONCRETE_OR_STEEL_STRESS,999999999.0000000000,999999999.0000000000,0.2000000000,0.2000000000,0.3000000000,2.5000000000,1.0000000000,104,110,104,110,104,110
1619,neighbor,False,WSD_CRITERIA_UNVERIFIED,999999999.0000000000,999999999.0000000000,0.2250000000,0.3500000000,0.3000000000,3.0000000000,1.0000000000,102,110,104,110,104,112
1620,neighbor,False,WSD_CRITERIA_UNVERIFIED,999999999.0000000000,999999999.0000000000,0.2250000000,0.4000000000,0.3000000000,2.5000000000,0.9000000000,104,111,103,110,103,110
1621,neighbor,False,CONCRETE_OR_STEEL_STRESS,999999999.0000000000,999999999.0000000000,0.2250000000,0.3000000000,0.5000000000,2.5000000000,0.9000000000,102,111,104,110,104,111
1622,neighbor,False,WSD_CRITERIA_UNVERIFIED,999999999.0000000000,999999999.0000000000,0.2250000000,0.4000000000,0.3000000000,3.0000000000,1.0000000000,104,110,104,110,104,112
1623,neighbor,False,WSD_CRITERIA_UNVERIFIED,999999999.0000000000,999999999.0000000000,0.2500000000,0.3000000000,0.4000000000,3.0000000000,1.0000000000,104,110,104,111,104,110
1624,neighbor,False,WSD_CRITERIA_UNVERIFIED,999999999.0000000000,999999999.0000000000,0.2000000000,0.3500000000,0.5000000000,2.5000000000,1.0000000000,104,110,102,111,104,110
1625,neighbor,False,WSD_CRITERIA_UNVERIFIED,999999999.0000000000,999999999.0000000000,0.2000000000,0.3500000000,0.3000000000,2.5000000000,1.0000000000,104,112,103,110,104,110
1626,neighbor,False,WSD_CRITERIA_UNVERIFIED,999999999.0000000000,999999999.0000000000,0.2000000000,0.3000000000,0.3500000000,2.5000000000,1.0000000000,104,110,104,112,104,112
1627,neighbor,False,CONCRETE_OR_STEEL_STRESS,999999999.0000000000,999999999.0000000000,0.2250000000,0.2500000000,0.3000000000,3.0000000000,0.9000000000,104,111,102,111,104,110
1628,neighbor,False,CONCRETE_OR_STEEL_STRESS,999999999.0000000000,999999999.0000000000,0.2000000000,0.2000000000,0.4000000000,3.0000000000,1.0000000000,104,112,102,110,104,110
1629,neighbor,False,WSD_CRITERIA_UNVERIFIED,999999999.0000000000,999999999.0000000000,0.2500000000,0.4000000000,0.5000000000,2.5000000000,1.0000000000,103,110,104,110,103,110
1630,neighbor,False,WSD_CRITERIA_UNVERIFIED,999999999.0000000000,999999999.0000000000,0.2500000000,0.4000000000,0.3000000000,3.0000000000,1.0000000000,103,112,103,110,103,111
1631,neighbor,False,CONCRETE_OR_STEEL_STRESS,999999999.0000000000,999999999.0000000000,0.2000000000,0.3000000000,0.3000000000,3.0000000000,0.8000000000,102,111,102,110,102,112
1632,neighbor,False,CONCRETE_OR_STEEL_STRESS,999999999.0000000000,999999999.0000000000,0.2000000000,0.2500000000,0.5500000000,2.5000000000,1.0000000000,104,111,102,111,104,110
1633,neighbor,False,CONCRETE_OR_STEEL_STRESS,999999999.0000000000,999999999.0000000000,0.2000000000,0.2000000000,0.6000000000,2.5000000000,1.0000000000,104,110,103,110,104,110
1634,neighbor,False,WSD_CRITERIA_UNVERIFIED,999999999.0000000000,999999999.0000000000,0.2250000000,0.3000000000,0.3000000000,2.5000000000,0.8000000000,102,110,103,110,102,111
1635,neighbor,False,WSD_CRITERIA_UNVERIFIED,999999999.0000000000,999999999.0000000000,0.2500000000,0.3500000000,0.5500000000,3.0000000000,0.9000000000,104,112,102,110,104,112
1636,neighbor,False,WSD_CRITERIA_UNVERIFIED,999999999.0000000000,999999999.0000000000,0.2000000000,0.3000000000,0.4000000000,2.5000000000,0.9000000000,104,111,103,112,104,111
1637,neighbor,False,WSD_CRITERIA_UNVERIFIED,999999999.0000000000,999999999.0000000000,0.2500000000,0.4000000000,0.4000000000,2.5000000000,1.0000000000,103,110,103,111,104,110
1638,neighbor,False,CONCRETE_OR_STEEL_STRESS,999999999.0000000000,999999999.0000000000,0.2000000000,0.2000000000,0.3000000000,3.0000000000,1.0000000000,103,110,104,110,104,111
1639,neighbor,False,WSD_CRITERIA_UNVERIFIED,999999999.0000000000,999999999.0000000000,0.2250000000,0.3000000000,0.4500000000,2.5000000000,1.0000000000,102,110,104,112,103,110
1640,neighbor,False,CONCRETE_OR_STEEL_STRESS,999999999.0000000000,999999999.0000000000,0.2000000000,0.4000000000,0.3500000000,2.5000000000,0.9000000000,102,112,103,110,104,110
1641,neighbor,False,WSD_CRITERIA_UNVERIFIED,999999999.0000000000,999999999.0000000000,0.2000000000,0.3500000000,0.4000000000,3.0000000000,1.0000000000,104,111,104,110,104,110
1642,neighbor,False,WSD_CRITERIA_UNVERIFIED,999999999.0000000000,999999999.0000000000,0.2000000000,0.4000000000,0.3000000000,2.5000000000,1.0000000000,104,110,104,110,104,112
1643,neighbor,False,WSD_CRITERIA_UNVERIFIED,999999999.0000000000,999999999.0000000000,0.2000000000,0.3000000000,0.3000000000,2.5000000000,1.0000000000,104,110,104,110,104,110
1644,neighbor,False,WSD_CRITERIA_UNVERIFIED,999999999.0000000000,999999999.0000000000,0.2250000000,0.3500000000,0.3500000000,2.5000000000,1.0000000000,103,110,104,110,104,111
1645,neighbor,False,CONCRETE_OR_STEEL_STRESS,999999999.0000000000,999999999.0000000000,0.2000000000,0.2000000000,0.6000000000,2.5000000000,1.0000000000,104,111,104,111,104,110
1646,neighbor,False,WSD_CRITERIA_UNVERIFIED,999999999.0000000000,999999999.0000000000,0.2250000000,0.4000000000,0.3500000000,2.5000000000,1.0000000000,104,110,103,112,104,110
1647,neighbor,False,CONCRETE_OR_STEEL_STRESS,999999999.0000000000,999999999.0000000000,0.2000000000,0.2500000000,0.3000000000,3.0000000000,1.0000000000,102,110,104,110,102,110
1648,neighbor,False,WSD_CRITERIA_UNVERIFIED,999999999.0000000000,999999999.0000000000,0.2500000000,0.3500000000,0.3500000000,2.5000000000,0.9000000000,104,110,104,110,104,110
1649,neighbor,False,CONCRETE_OR_STEEL_STRESS,999999999.0000000000,999999999.0000000000,0.2000000000,0.2000000000,0.5000000000,2.5000000000,1.0000000000,103,112,103,111,104,112
1650,neighbor,False,CONCRETE_OR_STEEL_STRESS,999999999.0000000000,999999999.0000000000,0.2000000000,0.2000000000,0.3000000000,2.5000000000,1.0000000000,104,112,104,110,102,110
1651,neighbor,False,WSD_CRITERIA_UNVERIFIED,999999999.0000000000,999999999.0000000000,0.2000000000,0.4000000000,0.3000000000,2.5000000000,1.0000000000,103,111,104,110,103,110
1652,neighbor,False,CONCRETE_OR_STEEL_STRESS,999999999.0000000000,999999999.0000000000,0.2000000000,0.2500000000,0.6000000000,3.0000000000,0.9000000000,104,110,102,110,103,111
1653,neighbor,False,WSD_CRITERIA_UNVERIFIED,999999999.0000000000,999999999.0000000000,0.2250000000,0.4000000000,0.5500000000,2.5000000000,1.0000000000,104,110,103,110,102,110
1654,neighbor,False,WSD_CRITERIA_UNVERIFIED,999999999.0000000000,999999999.0000000000,0.2500000000,0.3500000000,0.3500000000,3.0000000000,1.0000000000,104,111,104,110,104,110
1655,neighbor,False,CONCRETE_OR_STEEL_STRESS,999999999.0000000000,999999999.0000000000,0.2000000000,0.3000000000,0.3000000000,2.5000000000,1.0000000000,104,112,104,110,104,111
1656,neighbor,False,CONCRETE_OR_STEEL_STRESS,999999999.0000000000,999999999.0000000000,0.2000000000,0.2000000000,0.3000000000,2.5000000000,1.0000000000,104,110,104,110,102,110
1657,neighbor,False,CONCRETE_OR_STEEL_STRESS,999999999.0000000000,999999999.0000000000,0.2000000000,0.2500000000,0.4000000000,2.5000000000,1.0000000000,104,111,104,110,104,110
1658,neighbor,False,WSD_CRITERIA_UNVERIFIED,999999999.0000000000,999999999.0000000000,0.2000000000,0.4000000000,0.3500000000,2.5000000000,1.0000000000,102,111,104,111,104,110
1659,neighbor,False,CONCRETE_OR_STEEL_STRESS,999999999.0000000000,999999999.0000000000,0.2000000000,0.2000000000,0.3000000000,3.0000000000,1.0000000000,102,111,104,110,104,111
1660,neighbor,False,CONCRETE_OR_STEEL_STRESS,999999999.0000000000,999999999.0000000000,0.2000000000,0.2500000000,0.3500000000,2.5000000000,1.0000000000,103,110,104,111,102,112
1661,neighbor,False,CONCRETE_OR_STEEL_STRESS,999999999.0000000000,999999999.0000000000,0.2000000000,0.2500000000,0.4000000000,2.5000000000,0.8000000000,102,110,104,111,104,112
1662,neighbor,False,WSD_CRITERIA_UNVERIFIED,999999999.0000000000,999999999.0000000000,0.2000000000,0.4000000000,0.3000000000,3.0000000000,0.8000000000,104,110,102,110,104,110
1663,neighbor,False,CONCRETE_OR_STEEL_STRESS,999999999.0000000000,999999999.0000000000,0.2000000000,0.2000000000,0.3000000000,2.5000000000,1.0000000000,104,111,104,112,102,111
1664,neighbor,False,WSD_CRITERIA_UNVERIFIED,999999999.0000000000,999999999.0000000000,0.2500000000,0.4000000000,0.3000000000,2.5000000000,1.0000000000,104,112,104,110,104,111
1665,neighbor,False,CONCRETE_OR_STEEL_STRESS,999999999.0000000000,999999999.0000000000,0.2250000000,0.2500000000,0.5500000000,2.5000000000,0.9000000000,104,111,102,110,104,112
1666,neighbor,False,WSD_CRITERIA_UNVERIFIED,999999999.0000000000,999999999.0000000000,0.2000000000,0.3000000000,0.3000000000,2.5000000000,1.0000000000,102,110,104,110,104,112
1667,neighbor,False,CONCRETE_OR_STEEL_STRESS,999999999.0000000000,999999999.0000000000,0.2000000000,0.2500000000,0.6000000000,3.0000000000,1.0000000000,104,111,104,110,103,110
1668,neighbor,False,CONCRETE_OR_STEEL_STRESS,999999999.0000000000,999999999.0000000000,0.2500000000,0.2500000000,0.3000000000,3.0000000000,1.0000000000,104,111,102,110,104,111
1669,neighbor,False,CONCRETE_OR_STEEL_STRESS,999999999.0000000000,999999999.0000000000,0.2500000000,0.2500000000,0.3000000000,2.5000000000,1.0000000000,104,112,104,110,102,110
1670,neighbor,False,CONCRETE_OR_STEEL_STRESS,999999999.0000000000,999999999.0000000000,0.2000000000,0.2000000000,0.4000000000,2.5000000000,1.0000000000,102,111,103,110,104,112
1671,neighbor,False,WSD_CRITERIA_UNVERIFIED,999999999.0000000000,999999999.0000000000,0.2000000000,0.3000000000,0.3000000000,2.5000000000,0.9000000000,104,110,102,110,104,110
1672,neighbor,False,CONCRETE_OR_STEEL_STRESS,999999999.0000000000,999999999.0000000000,0.2000000000,0.2500000000,0.3000000000,2.5000000000,0.8000000000,104,111,104,111,104,110
1673,neighbor,False,CONCRETE_OR_STEEL_STRESS,999999999.0000000000,999999999.0000000000,0.2000000000,0.2000000000,0.5500000000,2.5000000000,0.9000000000,102,110,104,111,103,112
1674,neighbor,False,CONCRETE_OR_STEEL_STRESS,999999999.0000000000,999999999.0000000000,0.2250000000,0.2500000000,0.4000000000,3.0000000000,1.0000000000,103,110,103,110,104,110
1675,neighbor,False,CONCRETE_OR_STEEL_STRESS,999999999.0000000000,999999999.0000000000,0.2000000000,0.2000000000,0.5500000000,2.5000000000,1.0000000000,103,111,104,112,102,110
1676,neighbor,False,WSD_CRITERIA_UNVERIFIED,999999999.0000000000,999999999.0000000000,0.2000000000,0.4000000000,0.4500000000,2.5000000000,0.9000000000,104,110,103,110,102,110
1677,neighbor,False,WSD_CRITERIA_UNVERIFIED,999999999.0000000000,999999999.0000000000,0.2500000000,0.4000000000,0.6000000000,2.5000000000,1.0000000000,103,110,102,112,104,110
1678,neighbor,False,WSD_CRITERIA_UNVERIFIED,999999999.0000000000,999999999.0000000000,0.2250000000,0.3500000000,0.3000000000,3.0000000000,0.8000000000,104,110,104,110,104,112
1679,neighbor,False,WSD_CRITERIA_UNVERIFIED,999999999.0000000000,999999999.0000000000,0.2000000000,0.4000000000,0.6000000000,2.5000000000,1.0000000000,104,112,102,111,102,110
1680,neighbor,False,WSD_CRITERIA_UNVERIFIED,999999999.0000000000,999999999.0000000000,0.2500000000,0.4000000000,0.3000000000,2.5000000000,1.0000000000,104,110,104,110,104,110
1681,neighbor,False,WSD_CRITERIA_UNVERIFIED,999999999.0000000000,999999999.0000000000,0.2000000000,0.4000000000,0.3000000000,3.0000000000,1.0000000000,102,110,103,110,103,111
1682,neighbor,False,CONCRETE_OR_STEEL_STRESS,999999999.0000000000,999999999.0000000000,0.2000000000,0.2000000000,0.3000000000,2.5000000000,0.9000000000,104,110,104,110,103,111
1683,neighbor,False,CONCRETE_OR_STEEL_STRESS,999999999.0000000000,999999999.0000000000,0.2000000000,0.2500000000,0.3000000000,2.5000000000,1.0000000000,103,110,104,110,102,110
1684,neighbor,False,WSD_CRITERIA_UNVERIFIED,999999999.0000000000,999999999.0000000000,0.2000000000,0.3500000000,0.3000000000,3.0000000000,0.9000000000,104,111,103,110,104,110
1685,neighbor,False,CONCRETE_OR_STEEL_STRESS,999999999.0000000000,999999999.0000000000,0.2500000000,0.3000000000,0.6000000000,3.0000000000,1.0000000000,103,112,104,112,104,111
1686,neighbor,False,CONCRETE_OR_STEEL_STRESS,999999999.0000000000,999999999.0000000000,0.2250000000,0.2500000000,0.4500000000,2.5000000000,0.8000000000,103,110,103,112,104,110
1687,neighbor,False,CONCRETE_OR_STEEL_STRESS,999999999.0000000000,999999999.0000000000,0.2500000000,0.2500000000,0.3000000000,3.0000000000,0.9000000000,104,111,102,110,103,110
1688,neighbor,False,WSD_CRITERIA_UNVERIFIED,999999999.0000000000,999999999.0000000000,0.2000000000,0.4000000000,0.5500000000,2.5000000000,0.9000000000,102,110,102,112,102,111
1689,neighbor,False,WSD_CRITERIA_UNVERIFIED,999999999.0000000000,999999999.0000000000,0.2000000000,0.3000000000,0.5500000000,2.5000000000,1.0000000000,104,110,103,112,104,110
1690,neighbor,False,WSD_CRITERIA_UNVERIFIED,999999999.0000000000,999999999.0000000000,0.2000000000,0.3500000000,0.5000000000,2.5000000000,0.8000000000,104,110,103,110,103,111
1691,neighbor,False,CONCRETE_OR_STEEL_STRESS,999999999.0000000000,999999999.0000000000,0.2000000000,0.2000000000,0.3000000000,3.0000000000,1.0000000000,104,112,102,110,102,110
1692,neighbor,False,WSD_CRITERIA_UNVERIFIED,999999999.0000000000,999999999.0000000000,0.2500000000,0.3000000000,0.4500000000,2.5000000000,0.9000000000,102,110,103,110,104,110
1693,neighbor,False,WSD_CRITERIA_UNVERIFIED,999999999.0000000000,999999999.0000000000,0.2000000000,0.4000000000,0.4000000000,2.5000000000,0.9000000000,104,110,104,112,102,110
1694,neighbor,False,CONCRETE_OR_STEEL_STRESS,999999999.0000000000,999999999.0000000000,0.2000000000,0.2500000000,0.3000000000,2.5000000000,0.8000000000,103,112,102,110,104,110
1695,neighbor,False,WSD_CRITERIA_UNVERIFIED,999999999.0000000000,999999999.0000000000,0.2500000000,0.3500000000,0.4000000000,2.5000000000,1.0000000000,104,112,104,110,103,111
1696,neighbor,False,CONCRETE_OR_STEEL_STRESS,999999999.0000000000,999999999.0000000000,0.2000000000,0.2000000000,0.5500000000,3.0000000000,0.8000000000,104,110,104,110,102,110
1697,neighbor,False,WSD_CRITERIA_UNVERIFIED,999999999.0000000000,999999999.0000000000,0.2000000000,0.3500000000,0.3500000000,2.5000000000,0.8000000000,104,110,103,112,104,110
1698,neighbor,False,WSD_CRITERIA_UNVERIFIED,999999999.0000000000,999999999.0000000000,0.2500000000,0.3000000000,0.5000000000,2.5000000000,0.9000000000,102,110,104,110,102,112
1699,neighbor,False,CONCRETE_OR_STEEL_STRESS,999999999.0000000000,999999999.0000000000,0.2000000000,0.2000000000,0.3000000000,3.0000000000,0.8000000000,104,110,103,111,104,111
1700,neighbor,False,WSD_CRITERIA_UNVERIFIED,999999999.0000000000,999999999.0000000000,0.2000000000,0.3500000000,0.3000000000,2.5000000000,0.9000000000,103,111,104,110,103,110
1701,neighbor,False,WSD_CRITERIA_UNVERIFIED,999999999.0000000000,999999999.0000000000,0.2250000000,0.3500000000,0.5500000000,2.5000000000,1.0000000000,104,110,104,112,102,111
1702,neighbor,False,CONCRETE_OR_STEEL_STRESS,999999999.0000000000,999999999.0000000000,0.2000000000,0.2000000000,0.3000000000,3.0000000000,1.0000000000,104,110,102,110,102,110
1703,neighbor,False,CONCRETE_OR_STEEL_STRESS,999999999.0000000000,999999999.0000000000,0.2000000000,0.2500000000,0.4500000000,2.5000000000,1.0000000000,104,111,102,111,104,110
1704,neighbor,False,WSD_CRITERIA_UNVERIFIED,999999999.0000000000,999999999.0000000000,0.2500000000,0.4000000000,0.3000000000,2.5000000000,1.0000000000,102,111,103,110,104,110
1705,neighbor,False,WSD_CRITERIA_UNVERIFIED,999999999.0000000000,999999999.0000000000,0.2250000000,0.3000000000,0.4500000000,2.5000000000,1.0000000000,104,111,104,112,104,110
1706,neighbor,False,WSD_CRITERIA_UNVERIFIED,999999999.0000000000,999999999.0000000000,0.2000000000,0.3500000000,0.4000000000,3.0000000000,0.8000000000,102,110,104,110,104,111
1707,neighbor,False,CONCRETE_OR_STEEL_STRESS,999999999.0000000000,999999999.0000000000,0.2000000000,0.2500000000,0.3000000000,3.0000000000,0.8000000000,102,110,102,110,104,110
1708,neighbor,False,CONCRETE_OR_STEEL_STRESS,999999999.0000000000,999999999.0000000000,0.2000000000,0.2000000000,0.3000000000,3.0000000000,1.0000000000,103,110,103,111,103,110
1709,neighbor,False,CONCRETE_OR_STEEL_STRESS,999999999.0000000000,999999999.0000000000,0.2000000000,0.2000000000,0.3000000000,3.0000000000,0.9000000000,102,110,103,112,104,111
1710,neighbor,False,WSD_CRITERIA_UNVERIFIED,999999999.0000000000,999999999.0000000000,0.2000000000,0.3500000000,0.6000000000,2.5000000000,0.8000000000,104,111,103,110,102,112
1711,neighbor,False,CONCRETE_OR_STEEL_STRESS,999999999.0000000000,999999999.0000000000,0.2000000000,0.2500000000,0.3000000000,3.0000000000,1.0000000000,104,110,104,112,104,110
1712,neighbor,False,CONCRETE_OR_STEEL_STRESS,999999999.0000000000,999999999.0000000000,0.2000000000,0.2000000000,0.3000000000,2.5000000000,0.8000000000,104,110,104,110,104,112
1713,neighbor,False,WSD_CRITERIA_UNVERIFIED,999999999.0000000000,999999999.0000000000,0.2000000000,0.3500000000,0.5000000000,2.5000000000,1.0000000000,104,110,104,112,102,110
1714,neighbor,False,CONCRETE_OR_STEEL_STRESS,999999999.0000000000,999999999.0000000000,0.2000000000,0.2500000000,0.6000000000,3.0000000000,0.9000000000,104,111,102,110,104,110
1715,neighbor,False,WSD_CRITERIA_UNVERIFIED,999999999.0000000000,999999999.0000000000,0.2000000000,0.3500000000,0.5500000000,2.5000000000,0.8000000000,104,112,104,110,104,111
1716,neighbor,False,CONCRETE_OR_STEEL_STRESS,999999999.0000000000,999999999.0000000000,0.2000000000,0.2000000000,0.3000000000,3.0000000000,0.9000000000,103,110,104,111,104,112
1717,neighbor,False,CONCRETE_OR_STEEL_STRESS,999999999.0000000000,999999999.0000000000,0.2000000000,0.2000000000,0.3000000000,3.0000000000,1.0000000000,103,110,104,110,102,111
1718,neighbor,False,CONCRETE_OR_STEEL_STRESS,999999999.0000000000,999999999.0000000000,0.2000000000,0.2000000000,0.5000000000,3.0000000000,0.8000000000,104,110,104,111,104,110
1719,neighbor,False,WSD_CRITERIA_UNVERIFIED,999999999.0000000000,999999999.0000000000,0.2250000000,0.4000000000,0.4000000000,2.5000000000,0.8000000000,104,110,104,111,102,110
1720,neighbor,False,CONCRETE_OR_STEEL_STRESS,999999999.0000000000,999999999.0000000000,0.2000000000,0.2500000000,0.4500000000,2.5000000000,1.0000000000,104,110,102,110,104,111
1721,neighbor,False,WSD_CRITERIA_UNVERIFIED,999999999.0000000000,999999999.0000000000,0.2000000000,0.4000000000,0.3000000000,2.5000000000,1.0000000000,104,110,104,110,104,112
1722,neighbor,False,CONCRETE_OR_STEEL_STRESS,999999999.0000000000,999999999.0000000000,0.2000000000,0.2000000000,0.6000000000,2.5000000000,1.0000000000,104,110,104,110,104,110
1723,neighbor,False,CONCRETE_OR_STEEL_STRESS,999999999.0000000000,999999999.0000000000,0.2000000000,0.2000000000,0.5500000000,2.5000000000,1.0000000000,104,111,102,110,104,110
1724,neighbor,False,CONCRETE_OR_STEEL_STRESS,999999999.0000000000,999999999.0000000000,0.2000000000,0.2000000000,0.3000000000,2.5000000000,0.8000000000,104,112,102,110,104,112
1725,neighbor,False,CONCRETE_OR_STEEL_STRESS,999999999.0000000000,999999999.0000000000,0.2250000000,0.2500000000,0.3500000000,3.0000000000,1.0000000000,104,110,102,110,104,112
1726,neighbor,False,CONCRETE_OR_STEEL_STRESS,999999999.0000000000,999999999.0000000000,0.2000000000,0.2500000000,0.6000000000,3.0000000000,0.9000000000,102,112,104,110,104,111
1727,neighbor,False,WSD_CRITERIA_UNVERIFIED,999999999.0000000000,999999999.0000000000,0.2250000000,0.3500000000,0.5000000000,2.5000000000,0.8000000000,104,112,103,110,102,112
1728,neighbor,False,WSD_CRITERIA_UNVERIFIED,999999999.0000000000,999999999.0000000000,0.2250000000,0.3000000000,0.3000000000,2.5000000000,1.0000000000,104,110,104,110,103,111
1729,neighbor,False,WSD_CRITERIA_UNVERIFIED,999999999.0000000000,999999999.0000000000,0.2000000000,0.4000000000,0.3000000000,3.0000000000,0.8000000000,103,110,104,110,104,110
1730,neighbor,False,WSD_CRITERIA_UNVERIFIED,999999999.0000000000,999999999.0000000000,0.2000000000,0.3000000000,0.6000000000,3.0000000000,1.0000000000,104,110,102,111,102,110
1731,neighbor,False,WSD_CRITERIA_UNVERIFIED,999999999.0000000000,999999999.0000000000,0.2500000000,0.4000000000,0.4500000000,2.5000000000,0.8000000000,103,112,103,112,102,110
1732,neighbor,False,WSD_CRITERIA_UNVERIFIED,999999999.0000000000,999999999.0000000000,0.2000000000,0.4000000000,0.3000000000,2.5000000000,0.9000000000,102,110,104,111,102,110
1733,neighbor,False,CONCRETE_OR_STEEL_STRESS,999999999.0000000000,999999999.0000000000,0.2000000000,0.2500000000,0.3000000000,3.0000000000,1.0000000000,104,110,103,110,104,110
1734,neighbor,False,WSD_CRITERIA_UNVERIFIED,999999999.0000000000,999999999.0000000000,0.2500000000,0.3500000000,0.4500000000,3.0000000000,1.0000000000,102,110,104,110,104,110
1735,neighbor,False,CONCRETE_OR_STEEL_STRESS,999999999.0000000000,999999999.0000000000,0.2000000000,0.2000000000,0.3000000000,2.5000000000,1.0000000000,103,110,102,111,102,110
1736,neighbor,False,CONCRETE_OR_STEEL_STRESS,999999999.0000000000,999999999.0000000000,0.2000000000,0.2500000000,0.5500000000,2.5000000000,0.8000000000,104,110,102,111,104,110
1737,neighbor,False,CONCRETE_OR_STEEL_STRESS,999999999.0000000000,999999999.0000000000,0.2500000000,0.2500000000,0.3500000000,3.0000000000,0.8000000000,104,111,102,110,102,112
1738,neighbor,False,CONCRETE_OR_STEEL_STRESS,999999999.0000000000,999999999.0000000000,0.2000000000,0.2000000000,0.6000000000,2.5000000000,1.0000000000,104,111,104,110,102,110
1739,neighbor,False,WSD_CRITERIA_UNVERIFIED,999999999.0000000000,999999999.0000000000,0.2250000000,0.4000000000,0.3000000000,3.0000000000,1.0000000000,104,110,104,111,102,112
1740,neighbor,False,CONCRETE_OR_STEEL_STRESS,999999999.0000000000,999999999.0000000000,0.2000000000,0.3500000000,0.6000000000,2.5000000000,1.0000000000,102,112,102,112,104,112
1741,neighbor,False,CONCRETE_OR_STEEL_STRESS,999999999.0000000000,999999999.0000000000,0.2000000000,0.4000000000,0.3000000000,3.0000000000,0.8000000000,103,110,102,110,102,112
1742,neighbor,False,CONCRETE_OR_STEEL_STRESS,999999999.0000000000,999999999.0000000000,0.2000000000,0.2000000000,0.4000000000,2.5000000000,0.9000000000,104,112,104,112,104,110
1743,neighbor,False,WSD_CRITERIA_UNVERIFIED,999999999.0000000000,999999999.0000000000,0.2250000000,0.3000000000,0.4000000000,2.5000000000,1.0000000000,104,110,102,110,103,112
1744,neighbor,False,WSD_CRITERIA_UNVERIFIED,999999999.0000000000,999999999.0000000000,0.2000000000,0.3500000000,0.3000000000,3.0000000000,0.8000000000,104,110,104,111,102,110
1745,neighbor,False,WSD_CRITERIA_UNVERIFIED,999999999.0000000000,999999999.0000000000,0.2000000000,0.4000000000,0.3000000000,2.5000000000,1.0000000000,104,110,104,112,104,110
1746,neighbor,False,WSD_CRITERIA_UNVERIFIED,999999999.0000000000,999999999.0000000000,0.2000000000,0.3000000000,0.6000000000,3.0000000000,1.0000000000,104,112,104,111,103,110
1747,neighbor,False,CONCRETE_OR_STEEL_STRESS,999999999.0000000000,999999999.0000000000,0.2000000000,0.2000000000,0.5000000000,2.5000000000,0.8000000000,104,112,104,110,104,110
1748,neighbor,False,WSD_CRITERIA_UNVERIFIED,999999999.0000000000,999999999.0000000000,0.2000000000,0.4000000000,0.6000000000,3.0000000000,1.0000000000,102,110,103,111,104,110
1749,neighbor,False,WSD_CRITERIA_UNVERIFIED,999999999.0000000000,999999999.0000000000,0.2000000000,0.4000000000,0.5000000000,3.0000000000,1.0000000000,102,111,103,111,102,110
1750,neighbor,False,WSD_CRITERIA_UNVERIFIED,999999999.0000000000,999999999.0000000000,0.2000000000,0.3500000000,0.3000000000,2.5000000000,1.0000000000,104,110,104,110,103,110
1751,neighbor,False,WSD_CRITERIA_UNVERIFIED,999999999.0000000000,999999999.0000000000,0.2000000000,0.3500000000,0.4000000000,2.5000000000,1.0000000000,104,110,104,110,104,112
1752,neighbor,False,WSD_CRITERIA_UNVERIFIED,999999999.0000000000,999999999.0000000000,0.2500000000,0.3500000000,0.5500000000,3.0000000000,1.0000000000,103,112,104,111,104,110
1753,neighbor,False,WSD_CRITERIA_UNVERIFIED,999999999.0000000000,999999999.0000000000,0.2500000000,0.4000000000,0.4000000000,3.0000000000,1.0000000000,104,110,104,112,104,110
1754,neighbor,False,WSD_CRITERIA_UNVERIFIED,999999999.0000000000,999999999.0000000000,0.2000000000,0.4000000000,0.5000000000,2.5000000000,0.8000000000,103,110,104,110,104,110
1755,neighbor,False,CONCRETE_OR_STEEL_STRESS,999999999.0000000000,999999999.0000000000,0.2000000000,0.3500000000,0.3500000000,2.5000000000,1.0000000000,102,111,103,112,104,110
1756,neighbor,False,CONCRETE_OR_STEEL_STRESS,999999999.0000000000,999999999.0000000000,0.2000000000,0.2500000000,0.3000000000,3.0000000000,0.8000000000,104,110,104,110,102,112
1757,neighbor,False,CONCRETE_OR_STEEL_STRESS,999999999.0000000000,999999999.0000000000,0.2000000000,0.2000000000,0.3000000000,3.0000000000,0.8000000000,104,110,104,110,104,112
1758,neighbor,False,WSD_CRITERIA_UNVERIFIED,999999999.0000000000,999999999.0000000000,0.2000000000,0.3500000000,0.3000000000,3.0000000000,1.0000000000,103,110,104,110,104,110
1759,neighbor,False,WSD_CRITERIA_UNVERIFIED,999999999.0000000000,999999999.0000000000,0.2500000000,0.3000000000,0.4500000000,2.5000000000,1.0000000000,103,110,102,111,104,111
1760,neighbor,False,WSD_CRITERIA_UNVERIFIED,999999999.0000000000,999999999.0000000000,0.2000000000,0.4000000000,0.4000000000,3.0000000000,0.8000000000,104,110,102,110,103,112
1761,neighbor,False,CONCRETE_OR_STEEL_STRESS,999999999.0000000000,999999999.0000000000,0.2000000000,0.2500000000,0.3000000000,3.0000000000,0.9000000000,104,110,102,112,102,112
1762,neighbor,False,WSD_CRITERIA_UNVERIFIED,999999999.0000000000,999999999.0000000000,0.2500000000,0.3500000000,0.3000000000,2.5000000000,1.0000000000,103,111,104,110,104,110
1763,neighbor,False,WSD_CRITERIA_UNVERIFIED,999999999.0000000000,999999999.0000000000,0.2500000000,0.3500000000,0.4000000000,2.5000000000,1.0000000000,103,110,104,110,103,110
1764,neighbor,False,WSD_CRITERIA_UNVERIFIED,999999999.0000000000,999999999.0000000000,0.2250000000,0.4000000000,0.4000000000,3.0000000000,0.9000000000,102,110,103,111,104,110
1765,neighbor,False,CONCRETE_OR_STEEL_STRESS,999999999.0000000000,999999999.0000000000,0.2000000000,0.2500000000,0.3000000000,2.5000000000,1.0000000000,103,112,102,111,104,110
1766,neighbor,False,CONCRETE_OR_STEEL_STRESS,999999999.0000000000,999999999.0000000000,0.2000000000,0.2500000000,0.4500000000,2.5000000000,1.0000000000,104,111,104,112,104,110
1767,neighbor,False,CONCRETE_OR_STEEL_STRESS,999999999.0000000000,999999999.0000000000,0.2500000000,0.2500000000,0.5000000000,3.0000000000,1.0000000000,102,110,103,110,104,110
1768,neighbor,False,CONCRETE_OR_STEEL_STRESS,999999999.0000000000,999999999.0000000000,0.2000000000,0.2000000000,0.5000000000,3.0000000000,1.0000000000,103,110,102,110,104,111
1769,neighbor,False,CONCRETE_OR_STEEL_STRESS,999999999.0000000000,999999999.0000000000,0.2000000000,0.2000000000,0.4500000000,3.0000000000,0.8000000000,104,110,103,112,104,112
1770,neighbor,False,CONCRETE_OR_STEEL_STRESS,999999999.0000000000,999999999.0000000000,0.2500000000,0.3000000000,0.3000000000,3.0000000000,1.0000000000,104,112,104,112,104,110
1771,neighbor,False,WSD_CRITERIA_UNVERIFIED,999999999.0000000000,999999999.0000000000,0.2250000000,0.3500000000,0.5000000000,3.0000000000,1.0000000000,104,110,104,110,104,110
1772,neighbor,False,CONCRETE_OR_STEEL_STRESS,999999999.0000000000,999999999.0000000000,0.2000000000,0.2000000000,0.3000000000,3.0000000000,1.0000000000,102,112,104,112,104,110
1773,neighbor,False,CONCRETE_OR_STEEL_STRESS,999999999.0000000000,999999999.0000000000,0.2000000000,0.2500000000,0.5500000000,2.5000000000,0.8000000000,104,111,104,110,102,111
1774,neighbor,False,WSD_CRITERIA_UNVERIFIED,999999999.0000000000,999999999.0000000000,0.2000000000,0.3000000000,0.3500000000,3.0000000000,1.0000000000,103,110,104,111,102,110
1775,neighbor,False,CONCRETE_OR_STEEL_STRESS,999999999.0000000000,999999999.0000000000,0.2000000000,0.2500000000,0.3500000000,3.0000000000,1.0000000000,104,110,104,110,104,110
1776,neighbor,False,WSD_CRITERIA_UNVERIFIED,999999999.0000000000,999999999.0000000000,0.2000000000,0.3500000000,0.3000000000,2.5000000000,1.0000000000,104,110,104,110,104,110
1777,neighbor,False,CONCRETE_OR_STEEL_STRESS,999999999.0000000000,999999999.0000000000,0.2000000000,0.2000000000,0.3500000000,2.5000000000,1.0000000000,103,110,104,110,103,110
1778,neighbor,False,WSD_CRITERIA_UNVERIFIED,999999999.0000000000,999999999.0000000000,0.2000000000,0.4000000000,0.6000000000,3.0000000000,1.0000000000,103,110,103,110,102,112
1779,neighbor,False,WSD_CRITERIA_UNVERIFIED,999999999.0000000000,999999999.0000000000,0.2000000000,0.3000000000,0.3500000000,2.5000000000,1.0000000000,104,111,104,110,103,110
1780,neighbor,False,CONCRETE_OR_STEEL_STRESS,999999999.0000000000,999999999.0000000000,0.2000000000,0.2500000000,0.3000000000,2.5000000000,1.0000000000,104,110,104,110,104,110
1781,neighbor,False,CONCRETE_OR_STEEL_STRESS,999999999.0000000000,999999999.0000000000,0.2250000000,0.2500000000,0.3000000000,2.5000000000,0.9000000000,104,112,103,110,104,110
1782,neighbor,False,CONCRETE_OR_STEEL_STRESS,999999999.0000000000,999999999.0000000000,0.2000000000,0.3000000000,0.6000000000,3.0000000000,0.9000000000,102,112,104,110,104,110
1783,neighbor,False,CONCRETE_OR_STEEL_STRESS,999999999.0000000000,999999999.0000000000,0.2000000000,0.2000000000,0.3000000000,2.5000000000,1.0000000000,104,110,104,111,103,112
1784,neighbor,False,CONCRETE_OR_STEEL_STRESS,999999999.0000000000,999999999.0000000000,0.2000000000,0.2500000000,0.6000000000,2.5000000000,0.9000000000,104,110,102,111,104,112
1785,neighbor,False,WSD_CRITERIA_UNVERIFIED,999999999.0000000000,999999999.0000000000,0.2250000000,0.3000000000,0.5000000000,2.5000000000,0.9000000000,104,110,104,110,104,111
1786,neighbor,False,CONCRETE_OR_STEEL_STRESS,999999999.0000000000,999999999.0000000000,0.2000000000,0.2500000000,0.3000000000,2.5000000000,1.0000000000,104,112,104,111,103,110
1787,neighbor,False,CONCRETE_OR_STEEL_STRESS,999999999.0000000000,999999999.0000000000,0.2000000000,0.2000000000,0.3000000000,2.5000000000,1.0000000000,104,111,103,112,104,112
1788,neighbor,False,CONCRETE_OR_STEEL_STRESS,999999999.0000000000,999999999.0000000000,0.2000000000,0.2000000000,0.3000000000,2.5000000000,1.0000000000,103,112,104,111,102,110
1789,neighbor,False,WSD_CRITERIA_UNVERIFIED,999999999.0000000000,999999999.0000000000,0.2500000000,0.4000000000,0.5000000000,3.0000000000,1.0000000000,103,110,104,112,104,110
1790,neighbor,False,WSD_CRITERIA_UNVERIFIED,999999999.0000000000,999999999.0000000000,0.2250000000,0.3500000000,0.3000000000,2.5000000000,1.0000000000,104,112,103,110,103,112
1791,neighbor,False,CONCRETE_OR_STEEL_STRESS,999999999.0000000000,999999999.0000000000,0.2000000000,0.2500000000,0.3500000000,3.0000000000,1.0000000000,104,112,102,111,102,112
1792,neighbor,False,CONCRETE_OR_STEEL_STRESS,999999999.0000000000,999999999.0000000000,0.2000000000,0.2000000000,0.5000000000,2.5000000000,1.0000000000,102,111,102,111,102,110
1793,neighbor,False,WSD_CRITERIA_UNVERIFIED,999999999.0000000000,999999999.0000000000,0.2000000000,0.3500000000,0.4500000000,3.0000000000,1.0000000000,104,111,104,110,104,110
1794,neighbor,False,WSD_CRITERIA_UNVERIFIED,999999999.0000000000,999999999.0000000000,0.2000000000,0.4000000000,0.5000000000,2.5000000000,0.8000000000,104,110,104,112,103,111
1795,neighbor,False,CONCRETE_OR_STEEL_STRESS,999999999.0000000000,999999999.0000000000,0.2250000000,0.2500000000,0.4000000000,2.5000000000,1.0000000000,104,110,102,110,102,112
1796,neighbor,False,CONCRETE_OR_STEEL_STRESS,999999999.0000000000,999999999.0000000000,0.2000000000,0.2000000000,0.5500000000,3.0000000000,0.8000000000,102,110,104,110,104,110
1797,neighbor,False,WSD_CRITERIA_UNVERIFIED,999999999.0000000000,999999999.0000000000,0.2000000000,0.3000000000,0.5000000000,2.5000000000,1.0000000000,103,110,104,110,104,112
1798,neighbor,False,CONCRETE_OR_STEEL_STRESS,999999999.0000000000,999999999.0000000000,0.2000000000,0.2500000000,0.3000000000,2.5000000000,0.8000000000,104,110,102,110,104,111
1799,neighbor,False,CONCRETE_OR_STEEL_STRESS,999999999.0000000000,999999999.0000000000,0.2500000000,0.2500000000,0.4000000000,2.5000000000,1.0000000000,104,110,104,110,104,110
1800,neighbor,False,CONCRETE_OR_STEEL_STRESS,999999999.0000000000,999999999.0000000000,0.2000000000,0.2000000000,0.3000000000,2.5000000000,0.8000000000,104,110,104,110,104,112
1801,neighbor,False,WSD_CRITERIA_UNVERIFIED,999999999.0000000000,999999999.0000000000,0.2000000000,0.3500000000,0.3000000000,2.5000000000,0.9000000000,103,112,104,112,102,111
1802,neighbor,False,WSD_CRITERIA_UNVERIFIED,999999999.0000000000,999999999.0000000000,0.2000000000,0.3500000000,0.3000000000,3.0000000000,1.0000000000,102,110,104,110,104,110
1803,neighbor,False,CONCRETE_OR_STEEL_STRESS,999999999.0000000000,999999999.0000000000,0.2250000000,0.3500000000,0.4000000000,3.0000000000,1.0000000000,102,111,104,110,103,110
1804,neighbor,False,CONCRETE_OR_STEEL_STRESS,999999999.0000000000,999999999.0000000000,0.2000000000,0.2500000000,0.3000000000,3.0000000000,1.0000000000,104,110,104,110,103,110
1805,neighbor,False,WSD_CRITERIA_UNVERIFIED,999999999.0000000000,999999999.0000000000,0.2500000000,0.3500000000,0.3000000000,2.5000000000,1.0000000000,104,112,104,112,104,110
1806,neighbor,False,CONCRETE_OR_STEEL_STRESS,999999999.0000000000,999999999.0000000000,0.2000000000,0.2000000000,0.6000000000,2.5000000000,0.9000000000,102,110,104,110,104,110
1807,neighbor,False,WSD_CRITERIA_UNVERIFIED,999999999.0000000000,999999999.0000000000,0.2000000000,0.3500000000,0.3000000000,2.5000000000,1.0000000000,104,110,104,111,104,110
1808,neighbor,False,WSD_CRITERIA_UNVERIFIED,999999999.0000000000,999999999.0000000000,0.2500000000,0.4000000000,0.4000000000,2.5000000000,0.9000000000,104,110,102,110,104,110
1809,neighbor,False,CONCRETE_OR_STEEL_STRESS,999999999.0000000000,999999999.0000000000,0.2000000000,0.2000000000,0.3500000000,2.5000000000,1.0000000000,103,110,102,112,102,110
1810,neighbor,False,CONCRETE_OR_STEEL_STRESS,999999999.0000000000,999999999.0000000000,0.2000000000,0.2000000000,0.5500000000,2.5000000000,1.0000000000,103,110,102,110,103,111
1811,neighbor,False,CONCRETE_OR_STEEL_STRESS,999999999.0000000000,999999999.0000000000,0.2000000000,0.2500000000,0.4500000000,2.5000000000,1.0000000000,104,110,102,110,103,110
1812,neighbor,False,WSD_CRITERIA_UNVERIFIED,999999999.0000000000,999999999.0000000000,0.2500000000,0.3000000000,0.3000000000,2.5000000000,0.8000000000,104,111,103,112,104,110
1813,neighbor,False,WSD_CRITERIA_UNVERIFIED,999999999.0000000000,999999999.0000000000,0.2000000000,0.4000000000,0.6000000000,3.0000000000,1.0000000000,104,111,102,111,104,110
1814,neighbor,False,CONCRETE_OR_STEEL_STRESS,999999999.0000000000,999999999.0000000000,0.2000000000,0.2000000000,0.3000000000,3.0000000000,0.8000000000,103,110,104,110,103,111
1815,neighbor,False,WSD_CRITERIA_UNVERIFIED,999999999.0000000000,999999999.0000000000,0.2000000000,0.3000000000,0.5500000000,2.5000000000,0.9000000000,104,111,104,111,104,112
1816,neighbor,False,WSD_CRITERIA_UNVERIFIED,999999999.0000000000,999999999.0000000000,0.2000000000,0.4000000000,0.3000000000,2.5000000000,0.8000000000,104,111,104,110,104,112
1817,neighbor,False,CONCRETE_OR_STEEL_STRESS,999999999.0000000000,999999999.0000000000,0.2000000000,0.2000000000,0.3000000000,2.5000000000,0.8000000000,102,111,102,111,103,112
1818,neighbor,False,WSD_CRITERIA_UNVERIFIED,999999999.0000000000,999999999.0000000000,0.2500000000,0.4000000000,0.3000000000,3.0000000000,1.0000000000,102,111,104,110,103,110
1819,neighbor,False,CONCRETE_OR_STEEL_STRESS,999999999.0000000000,999999999.0000000000,0.2500000000,0.4000000000,0.3000000000,3.0000000000,1.0000000000,102,112,102,110,104,110
1820,neighbor,False,WSD_CRITERIA_UNVERIFIED,999999999.0000000000,999999999.0000000000,0.2000000000,0.4000000000,0.3000000000,2.5000000000,0.9000000000,104,112,102,111,103,112
1821,neighbor,False,CONCRETE_OR_STEEL_STRESS,999999999.0000000000,999999999.0000000000,0.2000000000,0.2000000000,0.5000000000,3.0000000000,1.0000000000,104,111,104,111,103,110
1822,neighbor,False,WSD_CRITERIA_UNVERIFIED,999999999.0000000000,999999999.0000000000,0.2500000000,0.4000000000,0.4000000000,3.0000000000,1.0000000000,104,110,104,111,104,110
1823,neighbor,False,CONCRETE_OR_STEEL_STRESS,999999999.0000000000,999999999.0000000000,0.2000000000,0.2500000000,0.3000000000,3.0000000000,0.9000000000,104,110,103,112,104,112
1824,neighbor,False,WSD_CRITERIA_UNVERIFIED,999999999.0000000000,999999999.0000000000,0.2500000000,0.3000000000,0.6000000000,2.5000000000,1.0000000000,104,112,104,111,103,110
1825,neighbor,False,WSD_CRITERIA_UNVERIFIED,999999999.0000000000,999999999.0000000000,0.2000000000,0.3000000000,0.3000000000,2.5000000000,0.9000000000,104,110,102,112,104,111
1826,neighbor,False,CONCRETE_OR_STEEL_STRESS,999999999.0000000000,999999999.0000000000,0.2000000000,0.2000000000,0.4500000000,2.5000000000,1.0000000000,104,112,104,111,104,110
1827,neighbor,False,CONCRETE_OR_STEEL_STRESS,999999999.0000000000,999999999.0000000000,0.2000000000,0.2500000000,0.3000000000,2.5000000000,0.8000000000,104,111,102,110,104,111
1828,neighbor,False,WSD_CRITERIA_UNVERIFIED,999999999.0000000000,999999999.0000000000,0.2000000000,0.3500000000,0.3000000000,3.0000000000,0.8000000000,104,110,104,112,104,110
1829,neighbor,False,CONCRETE_OR_STEEL_STRESS,999999999.0000000000,999999999.0000000000,0.2500000000,0.2500000000,0.6000000000,2.5000000000,1.0000000000,102,111,104,112,104,110
1830,neighbor,False,CONCRETE_OR_STEEL_STRESS,999999999.0000000000,999999999.0000000000,0.2000000000,0.2000000000,0.3000000000,3.0000000000,1.0000000000,103,110,103,110,104,110
1831,neighbor,False,CONCRETE_OR_STEEL_STRESS,999999999.0000000000,999999999.0000000000,0.2250000000,0.2500000000,0.5000000000,3.0000000000,1.0000000000,102,110,104,110,104,111
1832,neighbor,False,CONCRETE_OR_STEEL_STRESS,999999999.0000000000,999999999.0000000000,0.2000000000,0.2000000000,0.5000000000,2.5000000000,1.0000000000,104,110,103,110,103,110
1833,neighbor,False,CONCRETE_OR_STEEL_STRESS,999999999.0000000000,999999999.0000000000,0.2000000000,0.3000000000,0.3000000000,2.5000000000,1.0000000000,104,112,104,112,102,110
1834,reset,False,WSD_CRITERIA_UNVERIFIED,999999999.0000000000,999999999.0000000000,0.2000000000,0.5000000000,0.7000000000,3.5000000000,1.0000000000,104,110,104,110,104,110
1835,neighbor,False,WSD_CRITERIA_UNVERIFIED,999999999.0000000000,999999999.0000000000,0.2000000000,0.5000000000,0.7500000000,3.5000000000,0.8000000000,104,112,104,110,103,110
1836,neighbor,False,WSD_CRITERIA_UNVERIFIED,999999999.0000000000,999999999.0000000000,0.2500000000,0.6000000000,0.7000000000,3.5000000000,1.0000000000,103,111,102,110,104,111
1837,neighbor,False,WSD_CRITERIA_UNVERIFIED,999999999.0000000000,999999999.0000000000,0.2250000000,0.5000000000,0.7500000000,3.5000000000,0.9000000000,104,110,104,112,103,110
1838,neighbor,False,WSD_CRITERIA_UNVERIFIED,999999999.0000000000,999999999.0000000000,0.2000000000,0.6000000000,0.4500000000,3.5000000000,1.0000000000,104,111,103,112,103,110
1839,neighbor,False,WSD_CRITERIA_UNVERIFIED,999999999.0000000000,999999999.0000000000,0.2000000000,0.6000000000,0.7500000000,3.5000000000,0.9000000000,104,112,102,110,104,110
1840,neighbor,False,WSD_CRITERIA_UNVERIFIED,999999999.0000000000,999999999.0000000000,0.2000000000,0.5000000000,0.5000000000,3.5000000000,1.0000000000,104,110,103,111,103,110
1841,neighbor,False,WSD_CRITERIA_UNVERIFIED,999999999.0000000000,999999999.0000000000,0.2500000000,0.4000000000,0.7500000000,3.5000000000,1.0000000000,104,110,103,110,104,111
1842,neighbor,False,WSD_CRITERIA_UNVERIFIED,999999999.0000000000,999999999.0000000000,0.2500000000,0.5000000000,0.7500000000,3.5000000000,0.8000000000,102,110,104,110,104,110
1843,neighbor,False,WSD_CRITERIA_UNVERIFIED,999999999.0000000000,999999999.0000000000,0.2000000000,0.6000000000,0.6000000000,3.0000000000,0.8000000000,102,112,103,111,104,112
1844,neighbor,False,WSD_CRITERIA_UNVERIFIED,999999999.0000000000,999999999.0000000000,0.2000000000,0.5000000000,0.5500000000,3.5000000000,1.0000000000,103,110,104,111,104,110
1845,neighbor,False,WSD_CRITERIA_UNVERIFIED,999999999.0000000000,999999999.0000000000,0.2000000000,0.4000000000,0.6000000000,3.5000000000,0.8000000000,103,110,104,110,103,110
1846,neighbor,False,WSD_CRITERIA_UNVERIFIED,999999999.0000000000,999999999.0000000000,0.2000000000,0.5500000000,0.7500000000,3.0000000000,1.0000000000,104,112,104,111,104,111
1847,neighbor,False,WSD_CRITERIA_UNVERIFIED,999999999.0000000000,999999999.0000000000,0.2000000000,0.5000000000,0.7500000000,3.0000000000,1.0000000000,104,111,104,110,103,110
1848,neighbor,False,WSD_CRITERIA_UNVERIFIED,999999999.0000000000,999999999.0000000000,0.2500000000,0.4500000000,0.7500000000,3.5000000000,1.0000000000,104,111,104,110,104,111
1849,neighbor,False,WSD_CRITERIA_UNVERIFIED,999999999.0000000000,999999999.0000000000,0.2500000000,0.6000000000,0.6500000000,3.5000000000,1.0000000000,103,110,104,110,104,110
1850,neighbor,False,WSD_CRITERIA_UNVERIFIED,999999999.0000000000,999999999.0000000000,0.2000000000,0.4000000000,0.7000000000,3.5000000000,0.9000000000,104,110,103,112,104,110
1851,neighbor,False,WSD_CRITERIA_UNVERIFIED,999999999.0000000000,999999999.0000000000,0.2000000000,0.6000000000,0.7500000000,3.5000000000,0.8000000000,103,110,104,110,104,111
1852,neighbor,False,WSD_CRITERIA_UNVERIFIED,999999999.0000000000,999999999.0000000000,0.2250000000,0.6000000000,0.7500000000,3.5000000000,1.0000000000,103,110,104,112,103,111
1853,neighbor,False,WSD_CRITERIA_UNVERIFIED,999999999.0000000000,999999999.0000000000,0.2000000000,0.4500000000,0.7500000000,3.0000000000,1.0000000000,104,111,104,111,103,110
1854,neighbor,False,WSD_CRITERIA_UNVERIFIED,999999999.0000000000,999999999.0000000000,0.2000000000,0.4000000000,0.5500000000,3.5000000000,1.0000000000,104,112,104,111,104,110
1855,neighbor,False,WSD_CRITERIA_UNVERIFIED,999999999.0000000000,999999999.0000000000,0.2000000000,0.4500000000,0.5000000000,3.0000000000,0.9000000000,104,110,104,110,104,112
1856,neighbor,False,WSD_CRITERIA_UNVERIFIED,999999999.0000000000,999999999.0000000000,0.2000000000,0.4500000000,0.7500000000,3.0000000000,0.9000000000,103,110,103,110,102,111
1857,neighbor,False,WSD_CRITERIA_UNVERIFIED,999999999.0000000000,999999999.0000000000,0.2000000000,0.5000000000,0.6500000000,3.5000000000,1.0000000000,104,110,104,110,102,110
1858,neighbor,False,WSD_CRITERIA_UNVERIFIED,999999999.0000000000,999999999.0000000000,0.2000000000,0.4000000000,0.7500000000,3.5000000000,0.9000000000,104,110,104,110,104,110
1859,neighbor,False,WSD_CRITERIA_UNVERIFIED,999999999.0000000000,999999999.0000000000,0.2000000000,0.6000000000,0.7500000000,3.5000000000,1.0000000000,104,112,104,111,104,110
1860,neighbor,False,WSD_CRITERIA_UNVERIFIED,999999999.0000000000,999999999.0000000000,0.2000000000,0.4000000000,0.4500000000,3.5000000000,1.0000000000,102,110,104,110,102,111
1861,neighbor,False,WSD_CRITERIA_UNVERIFIED,999999999.0000000000,999999999.0000000000,0.2000000000,0.4000000000,0.7000000000,3.5000000000,1.0000000000,104,110,104,111,102,112
1862,neighbor,False,WSD_CRITERIA_UNVERIFIED,999999999.0000000000,999999999.0000000000,0.2000000000,0.5500000000,0.7500000000,3.5000000000,1.0000000000,104,112,104,110,104,110
1863,neighbor,False,WSD_CRITERIA_UNVERIFIED,999999999.0000000000,999999999.0000000000,0.2250000000,0.5000000000,0.7500000000,3.5000000000,0.9000000000,102,112,104,111,104,110
1864,neighbor,False,WSD_CRITERIA_UNVERIFIED,999999999.0000000000,999999999.0000000000,0.2000000000,0.5500000000,0.6000000000,3.5000000000,1.0000000000,104,112,103,112,103,112
1865,neighbor,False,WSD_CRITERIA_UNVERIFIED,999999999.0000000000,999999999.0000000000,0.2250000000,0.4000000000,0.7500000000,3.5000000000,1.0000000000,104,110,104,110,104,110
1866,neighbor,False,WSD_CRITERIA_UNVERIFIED,999999999.0000000000,999999999.0000000000,0.2000000000,0.5500000000,0.4500000000,3.5000000000,1.0000000000,103,112,104,111,104,110
1867,neighbor,False,WSD_CRITERIA_UNVERIFIED,999999999.0000000000,999999999.0000000000,0.2000000000,0.4000000000,0.4500000000,3.5000000000,0.8000000000,103,110,104,112,104,110
1868,neighbor,False,WSD_CRITERIA_UNVERIFIED,999999999.0000000000,999999999.0000000000,0.2000000000,0.4000000000,0.7500000000,3.0000000000,0.8000000000,104,110,104,110,102,110
1869,neighbor,False,WSD_CRITERIA_UNVERIFIED,999999999.0000000000,999999999.0000000000,0.2250000000,0.4000000000,0.7500000000,3.0000000000,1.0000000000,104,110,103,110,102,110
1870,neighbor,False,WSD_CRITERIA_UNVERIFIED,999999999.0000000000,999999999.0000000000,0.2250000000,0.5500000000,0.5500000000,3.5000000000,1.0000000000,104,111,104,112,103,110
1871,neighbor,False,WSD_CRITERIA_UNVERIFIED,999999999.0000000000,999999999.0000000000,0.2250000000,0.6000000000,0.7500000000,3.5000000000,1.0000000000,104,111,104,112,104,112
1872,neighbor,False,WSD_CRITERIA_UNVERIFIED,999999999.0000000000,999999999.0000000000,0.2250000000,0.5000000000,0.7500000000,3.0000000000,1.0000000000,102,111,104,112,103,110
1873,neighbor,False,WSD_CRITERIA_UNVERIFIED,999999999.0000000000,999999999.0000000000,0.2000000000,0.5000000000,0.5000000000,3.0000000000,0.9000000000,104,112,102,111,103,110
1874,neighbor,False,WSD_CRITERIA_UNVERIFIED,999999999.0000000000,999999999.0000000000,0.2250000000,0.6000000000,0.4500000000,3.5000000000,1.0000000000,104,112,103,112,103,111
1875,neighbor,False,WSD_CRITERIA_UNVERIFIED,999999999.0000000000,999999999.0000000000,0.2000000000,0.4500000000,0.5500000000,3.5000000000,1.0000000000,104,112,104,110,104,111
1876,neighbor,False,WSD_CRITERIA_UNVERIFIED,999999999.0000000000,999999999.0000000000,0.2500000000,0.6000000000,0.5000000000,3.5000000000,1.0000000000,104,110,104,110,102,110
1877,neighbor,False,WSD_CRITERIA_UNVERIFIED,999999999.0000000000,999999999.0000000000,0.2000000000,0.5500000000,0.7000000000,3.5000000000,1.0000000000,102,110,102,112,104,110
1878,neighbor,False,WSD_CRITERIA_UNVERIFIED,999999999.0000000000,999999999.0000000000,0.2500000000,0.5000000000,0.7500000000,3.5000000000,1.0000000000,104,111,104,110,104,110
1879,neighbor,False,WSD_CRITERIA_UNVERIFIED,999999999.0000000000,999999999.0000000000,0.2000000000,0.6000000000,0.7000000000,3.0000000000,1.0000000000,102,111,104,110,104,110
1880,neighbor,False,WSD_CRITERIA_UNVERIFIED,999999999.0000000000,999999999.0000000000,0.2250000000,0.5500000000,0.7500000000,3.5000000000,1.0000000000,104,111,102,110,104,110
1881,neighbor,False,WSD_CRITERIA_UNVERIFIED,999999999.0000000000,999999999.0000000000,0.2250000000,0.5500000000,0.7500000000,3.0000000000,0.8000000000,102,112,104,110,104,110
1882,neighbor,False,WSD_CRITERIA_UNVERIFIED,999999999.0000000000,999999999.0000000000,0.2000000000,0.5000000000,0.7000000000,3.0000000000,1.0000000000,102,110,104,110,103,110
1883,neighbor,False,WSD_CRITERIA_UNVERIFIED,999999999.0000000000,999999999.0000000000,0.2000000000,0.6000000000,0.7500000000,3.5000000000,1.0000000000,104,110,104,110,104,110
1884,neighbor,False,WSD_CRITERIA_UNVERIFIED,999999999.0000000000,999999999.0000000000,0.2000000000,0.6000000000,0.7000000000,3.5000000000,0.9000000000,104,110,102,110,103,110
1885,neighbor,False,WSD_CRITERIA_UNVERIFIED,999999999.0000000000,999999999.0000000000,0.2500000000,0.4500000000,0.7500000000,3.0000000000,1.0000000000,102,111,102,112,104,111
1886,neighbor,False,WSD_CRITERIA_UNVERIFIED,999999999.0000000000,999999999.0000000000,0.2000000000,0.4000000000,0.4500000000,3.5000000000,1.0000000000,104,110,104,111,104,110
1887,neighbor,False,WSD_CRITERIA_UNVERIFIED,999999999.0000000000,999999999.0000000000,0.2000000000,0.5000000000,0.6000000000,3.5000000000,1.0000000000,104,110,104,110,104,110
1888,neighbor,False,WSD_CRITERIA_UNVERIFIED,999999999.0000000000,999999999.0000000000,0.2000000000,0.4000000000,0.7500000000,3.0000000000,1.0000000000,104,111,104,110,104,110
1889,neighbor,False,WSD_CRITERIA_UNVERIFIED,999999999.0000000000,999999999.0000000000,0.2500000000,0.6000000000,0.7500000000,3.5000000000,1.0000000000,103,110,103,110,103,110
1890,neighbor,False,WSD_CRITERIA_UNVERIFIED,999999999.0000000000,999999999.0000000000,0.2500000000,0.6000000000,0.5000000000,3.0000000000,0.8000000000,104,111,104,110,104,110
1891,neighbor,False,WSD_CRITERIA_UNVERIFIED,999999999.0000000000,999999999.0000000000,0.2500000000,0.5500000000,0.5500000000,3.5000000000,0.8000000000,104,110,104,110,104,110
1892,neighbor,False,WSD_CRITERIA_UNVERIFIED,999999999.0000000000,999999999.0000000000,0.2250000000,0.5500000000,0.7500000000,3.0000000000,1.0000000000,104,110,104,110,104,110
1893,neighbor,False,WSD_CRITERIA_UNVERIFIED,999999999.0000000000,999999999.0000000000,0.2500000000,0.4500000000,0.7500000000,3.0000000000,1.0000000000,104,110,104,111,104,110
1894,neighbor,False,WSD_CRITERIA_UNVERIFIED,999999999.0000000000,999999999.0000000000,0.2000000000,0.4500000000,0.7500000000,3.5000000000,0.8000000000,102,110,102,110,104,110
1895,neighbor,False,WSD_CRITERIA_UNVERIFIED,999999999.0000000000,999999999.0000000000,0.2250000000,0.4000000000,0.7500000000,3.5000000000,1.0000000000,103,112,104,110,103,110
1896,neighbor,False,WSD_CRITERIA_UNVERIFIED,999999999.0000000000,999999999.0000000000,0.2000000000,0.5000000000,0.7500000000,3.5000000000,1.0000000000,104,110,104,112,104,110
1897,neighbor,False,WSD_CRITERIA_UNVERIFIED,999999999.0000000000,999999999.0000000000,0.2500000000,0.5000000000,0.7500000000,3.5000000000,0.9000000000,104,110,104,110,104,110
1898,neighbor,False,WSD_CRITERIA_UNVERIFIED,999999999.0000000000,999999999.0000000000,0.2000000000,0.5500000000,0.7500000000,3.5000000000,1.0000000000,104,112,102,110,104,112
1899,neighbor,False,WSD_CRITERIA_UNVERIFIED,999999999.0000000000,999999999.0000000000,0.2000000000,0.4500000000,0.4500000000,3.5000000000,1.0000000000,104,110,104,110,104,112
1900,neighbor,False,WSD_CRITERIA_UNVERIFIED,999999999.0000000000,999999999.0000000000,0.2500000000,0.6000000000,0.7500000000,3.5000000000,1.0000000000,104,111,104,110,102,110
1901,neighbor,False,WSD_CRITERIA_UNVERIFIED,999999999.0000000000,999999999.0000000000,0.2000000000,0.5000000000,0.4500000000,3.0000000000,1.0000000000,104,111,104,110,104,110
1902,neighbor,False,WSD_CRITERIA_UNVERIFIED,999999999.0000000000,999999999.0000000000,0.2000000000,0.4500000000,0.7500000000,3.5000000000,1.0000000000,104,110,102,112,104,110
1903,neighbor,False,WSD_CRITERIA_UNVERIFIED,999999999.0000000000,999999999.0000000000,0.2250000000,0.6000000000,0.7500000000,3.0000000000,0.8000000000,102,110,104,110,104,112
1904,neighbor,False,WSD_CRITERIA_UNVERIFIED,999999999.0000000000,999999999.0000000000,0.2000000000,0.4500000000,0.4500000000,3.5000000000,1.0000000000,103,111,102,110,102,110
1905,neighbor,False,WSD_CRITERIA_UNVERIFIED,999999999.0000000000,999999999.0000000000,0.2000000000,0.5000000000,0.7500000000,3.5000000000,1.0000000000,102,110,103,110,104,112
1906,neighbor,False,WSD_CRITERIA_UNVERIFIED,999999999.0000000000,999999999.0000000000,0.2500000000,0.5500000000,0.5500000000,3.0000000000,1.0000000000,104,110,104,110,104,110
1907,neighbor,False,WSD_CRITERIA_UNVERIFIED,999999999.0000000000,999999999.0000000000,0.2000000000,0.4500000000,0.7000000000,3.0000000000,0.9000000000,104,111,104,110,104,110
1908,neighbor,False,WSD_CRITERIA_UNVERIFIED,999999999.0000000000,999999999.0000000000,0.2500000000,0.6000000000,0.7000000000,3.5000000000,1.0000000000,104,110,104,112,103,112
1909,neighbor,False,WSD_CRITERIA_UNVERIFIED,999999999.0000000000,999999999.0000000000,0.2250000000,0.4000000000,0.5000000000,3.5000000000,1.0000000000,104,110,103,110,104,110
1910,neighbor,False,WSD_CRITERIA_UNVERIFIED,999999999.0000000000,999999999.0000000000,0.2250000000,0.5000000000,0.5000000000,3.5000000000,1.0000000000,104,110,102,110,102,112
1911,neighbor,False,WSD_CRITERIA_UNVERIFIED,999999999.0000000000,999999999.0000000000,0.2000000000,0.5000000000,0.7500000000,3.5000000000,1.0000000000,103,111,102,110,103,112
1912,neighbor,False,WSD_CRITERIA_UNVERIFIED,999999999.0000000000,999999999.0000000000,0.2000000000,0.4500000000,0.6000000000,3.5000000000,1.0000000000,104,110,104,111,104,111
1913,neighbor,False,WSD_CRITERIA_UNVERIFIED,999999999.0000000000,999999999.0000000000,0.2000000000,0.5500000000,0.7500000000,3.5000000000,1.0000000000,104,112,102,110,103,110
1914,neighbor,False,WSD_CRITERIA_UNVERIFIED,999999999.0000000000,999999999.0000000000,0.2500000000,0.6000000000,0.7500000000,3.0000000000,1.0000000000,103,110,104,110,104,112
1915,neighbor,False,WSD_CRITERIA_UNVERIFIED,999999999.0000000000,999999999.0000000000,0.2000000000,0.4000000000,0.4500000000,3.0000000000,0.9000000000,104,112,102,110,103,110
1916,neighbor,False,WSD_CRITERIA_UNVERIFIED,999999999.0000000000,999999999.0000000000,0.2500000000,0.4000000000,0.7500000000,3.5000000000,1.0000000000,104,110,102,110,104,112
1917,neighbor,False,WSD_CRITERIA_UNVERIFIED,999999999.0000000000,999999999.0000000000,0.2500000000,0.4000000000,0.5500000000,3.5000000000,0.8000000000,104,112,104,111,103,110
1918,neighbor,False,WSD_CRITERIA_UNVERIFIED,999999999.0000000000,999999999.0000000000,0.2000000000,0.4500000000,0.5500000000,3.5000000000,0.8000000000,104,110,104,110,104,112
1919,neighbor,False,WSD_CRITERIA_UNVERIFIED,999999999.0000000000,999999999.0000000000,0.2000000000,0.5000000000,0.6000000000,3.0000000000,1.0000000000,104,110,104,110,102,110
1920,neighbor,False,WSD_CRITERIA_UNVERIFIED,999999999.0000000000,999999999.0000000000,0.2500000000,0.5000000000,0.6500000000,3.0000000000,1.0000000000,104,110,102,110,103,112
1921,neighbor,False,WSD_CRITERIA_UNVERIFIED,999999999.0000000000,999999999.0000000000,0.2250000000,0.6000000000,0.7500000000,3.5000000000,1.0000000000,103,110,104,110,104,112
1922,neighbor,False,WSD_CRITERIA_UNVERIFIED,999999999.0000000000,999999999.0000000000,0.2000000000,0.6000000000,0.7500000000,3.5000000000,1.0000000000,104,112,104,111,104,111
1923,neighbor,False,WSD_CRITERIA_UNVERIFIED,999999999.0000000000,999999999.0000000000,0.2500000000,0.5500000000,0.7500000000,3.0000000000,0.8000000000,104,112,104,110,103,111
1924,neighbor,False,WSD_CRITERIA_UNVERIFIED,999999999.0000000000,999999999.0000000000,0.2500000000,0.4000000000,0.7500000000,3.5000000000,1.0000000000,102,112,102,110,102,110
1925,neighbor,False,WSD_CRITERIA_UNVERIFIED,999999999.0000000000,999999999.0000000000,0.2250000000,0.6000000000,0.7500000000,3.5000000000,1.0000000000,104,110,104,110,102,110
1926,neighbor,False,WSD_CRITERIA_UNVERIFIED,999999999.0000000000,999999999.0000000000,0.2500000000,0.4000000000,0.7500000000,3.5000000000,1.0000000000,104,110,102,110,104,112
1927,neighbor,False,WSD_CRITERIA_UNVERIFIED,999999999.0000000000,999999999.0000000000,0.2000000000,0.5000000000,0.6500000000,3.5000000000,0.9000000000,103,112,104,110,104,110
1928,neighbor,False,WSD_CRITERIA_UNVERIFIED,999999999.0000000000,999999999.0000000000,0.2000000000,0.5500000000,0.6000000000,3.0000000000,0.8000000000,104,110,102,110,103,111
1929,neighbor,False,WSD_CRITERIA_UNVERIFIED,999999999.0000000000,999999999.0000000000,0.2000000000,0.5000000000,0.7500000000,3.5000000000,1.0000000000,102,110,104,111,102,112
1930,neighbor,False,WSD_CRITERIA_UNVERIFIED,999999999.0000000000,999999999.0000000000,0.2250000000,0.6000000000,0.7500000000,3.0000000000,0.8000000000,104,110,103,110,102,110
1931,neighbor,False,WSD_CRITERIA_UNVERIFIED,999999999.0000000000,999999999.0000000000,0.2000000000,0.4000000000,0.6500000000,3.5000000000,1.0000000000,102,110,104,111,104,110
1932,neighbor,False,WSD_CRITERIA_UNVERIFIED,999999999.0000000000,999999999.0000000000,0.2000000000,0.4500000000,0.6000000000,3.5000000000,1.0000000000,103,110,103,112,103,112
1933,neighbor,False,WSD_CRITERIA_UNVERIFIED,999999999.0000000000,999999999.0000000000,0.2000000000,0.4000000000,0.7000000000,3.5000000000,1.0000000000,104,110,102,111,103,110
1934,neighbor,False,WSD_CRITERIA_UNVERIFIED,999999999.0000000000,999999999.0000000000,0.2000000000,0.4500000000,0.7500000000,3.0000000000,0.8000000000,102,110,104,110,104,111
1935,neighbor,False,WSD_CRITERIA_UNVERIFIED,999999999.0000000000,999999999.0000000000,0.2000000000,0.4000000000,0.4500000000,3.5000000000,1.0000000000,104,110,104,110,104,110
1936,neighbor,False,WSD_CRITERIA_UNVERIFIED,999999999.0000000000,999999999.0000000000,0.2000000000,0.5000000000,0.6000000000,3.5000000000,0.8000000000,104,110,102,112,104,111
1937,neighbor,False,WSD_CRITERIA_UNVERIFIED,999999999.0000000000,999999999.0000000000,0.2000000000,0.5000000000,0.7500000000,3.5000000000,1.0000000000,103,110,102,110,103,111
1938,neighbor,False,WSD_CRITERIA_UNVERIFIED,999999999.0000000000,999999999.0000000000,0.2500000000,0.4000000000,0.7500000000,3.5000000000,1.0000000000,102,110,104,110,104,110
1939,neighbor,False,WSD_CRITERIA_UNVERIFIED,999999999.0000000000,999999999.0000000000,0.2250000000,0.5000000000,0.7500000000,3.5000000000,1.0000000000,104,110,103,110,104,110
1940,neighbor,False,WSD_CRITERIA_UNVERIFIED,999999999.0000000000,999999999.0000000000,0.2000000000,0.6000000000,0.5500000000,3.5000000000,0.8000000000,103,110,104,110,104,111
1941,neighbor,False,WSD_CRITERIA_UNVERIFIED,999999999.0000000000,999999999.0000000000,0.2000000000,0.5000000000,0.4500000000,3.5000000000,1.0000000000,103,110,103,112,102,110
1942,neighbor,False,WSD_CRITERIA_UNVERIFIED,999999999.0000000000,999999999.0000000000,0.2000000000,0.5000000000,0.7500000000,3.5000000000,1.0000000000,103,111,104,110,102,110
1943,neighbor,False,WSD_CRITERIA_UNVERIFIED,999999999.0000000000,999999999.0000000000,0.2000000000,0.6000000000,0.4500000000,3.0000000000,0.9000000000,102,110,104,112,103,110
1944,neighbor,False,WSD_CRITERIA_UNVERIFIED,999999999.0000000000,999999999.0000000000,0.2500000000,0.5000000000,0.6000000000,3.5000000000,1.0000000000,104,111,103,110,104,110
1945,neighbor,False,WSD_CRITERIA_UNVERIFIED,999999999.0000000000,999999999.0000000000,0.2500000000,0.4000000000,0.5000000000,3.5000000000,1.0000000000,104,110,102,111,104,110
1946,neighbor,False,WSD_CRITERIA_UNVERIFIED,999999999.0000000000,999999999.0000000000,0.2000000000,0.5500000000,0.5000000000,3.0000000000,0.9000000000,104,112,104,112,102,111
1947,neighbor,False,WSD_CRITERIA_UNVERIFIED,999999999.0000000000,999999999.0000000000,0.2500000000,0.6000000000,0.4500000000,3.5000000000,1.0000000000,102,111,104,110,104,112
1948,neighbor,False,WSD_CRITERIA_UNVERIFIED,999999999.0000000000,999999999.0000000000,0.2500000000,0.4500000000,0.7500000000,3.5000000000,1.0000000000,103,110,103,110,104,110
1949,neighbor,False,WSD_CRITERIA_UNVERIFIED,999999999.0000000000,999999999.0000000000,0.2000000000,0.6000000000,0.7000000000,3.5000000000,1.0000000000,102,110,104,110,102,111
1950,neighbor,False,WSD_CRITERIA_UNVERIFIED,999999999.0000000000,999999999.0000000000,0.2500000000,0.6000000000,0.4500000000,3.5000000000,1.0000000000,104,110,104,111,104,111
1951,neighbor,False,WSD_CRITERIA_UNVERIFIED,999999999.0000000000,999999999.0000000000,0.2500000000,0.4000000000,0.4500000000,3.5000000000,1.0000000000,103,112,104,110,104,112
1952,neighbor,False,WSD_CRITERIA_UNVERIFIED,999999999.0000000000,999999999.0000000000,0.2000000000,0.4500000000,0.7500000000,3.0000000000,1.0000000000,103,110,103,112,103,110
1953,neighbor,False,WSD_CRITERIA_UNVERIFIED,999999999.0000000000,999999999.0000000000,0.2500000000,0.4500000000,0.6000000000,3.0000000000,1.0000000000,104,110,104,112,104,110
1954,neighbor,False,WSD_CRITERIA_UNVERIFIED,999999999.0000000000,999999999.0000000000,0.2250000000,0.6000000000,0.6500000000,3.5000000000,0.9000000000,104,110,104,111,104,110
1955,neighbor,False,WSD_CRITERIA_UNVERIFIED,999999999.0000000000,999999999.0000000000,0.2500000000,0.4000000000,0.6500000000,3.0000000000,0.8000000000,104,112,104,110,104,110
1956,neighbor,False,WSD_CRITERIA_UNVERIFIED,999999999.0000000000,999999999.0000000000,0.2000000000,0.4500000000,0.7000000000,3.5000000000,0.9000000000,104,110,104,111,102,112
1957,neighbor,False,WSD_CRITERIA_UNVERIFIED,999999999.0000000000,999999999.0000000000,0.2000000000,0.6000000000,0.7500000000,3.0000000000,0.8000000000,104,110,102,110,103,110
1958,neighbor,False,WSD_CRITERIA_UNVERIFIED,999999999.0000000000,999999999.0000000000,0.2000000000,0.4500000000,0.7500000000,3.0000000000,0.8000000000,103,111,103,110,104,110
1959,neighbor,False,WSD_CRITERIA_UNVERIFIED,999999999.0000000000,999999999.0000000000,0.2250000000,0.4500000000,0.6000000000,3.5000000000,1.0000000000,104,110,103,110,104,110
1960,neighbor,False,WSD_CRITERIA_UNVERIFIED,999999999.0000000000,999999999.0000000000,0.2250000000,0.6000000000,0.5000000000,3.5000000000,0.8000000000,102,110,104,110,104,110
1961,neighbor,False,WSD_CRITERIA_UNVERIFIED,999999999.0000000000,999999999.0000000000,0.2500000000,0.6000000000,0.6500000000,3.0000000000,1.0000000000,104,110,103,111,104,110
1962,neighbor,False,WSD_CRITERIA_UNVERIFIED,999999999.0000000000,999999999.0000000000,0.2500000000,0.4500000000,0.7500000000,3.5000000000,1.0000000000,102,110,102,110,104,110
1963,neighbor,False,WSD_CRITERIA_UNVERIFIED,999999999.0000000000,999999999.0000000000,0.2000000000,0.6000000000,0.7500000000,3.5000000000,0.9000000000,104,110,103,111,104,110
1964,neighbor,False,WSD_CRITERIA_UNVERIFIED,999999999.0000000000,999999999.0000000000,0.2000000000,0.5000000000,0.7500000000,3.5000000000,0.9000000000,104,110,103,111,104,111
1965,neighbor,False,WSD_CRITERIA_UNVERIFIED,999999999.0000000000,999999999.0000000000,0.2000000000,0.5000000000,0.7500000000,3.5000000000,0.8000000000,104,112,102,110,103,110
1966,neighbor,False,WSD_CRITERIA_UNVERIFIED,999999999.0000000000,999999999.0000000000,0.2500000000,0.4000000000,0.7500000000,3.0000000000,1.0000000000,102,110,104,110,104,111
1967,neighbor,False,WSD_CRITERIA_UNVERIFIED,999999999.0000000000,999999999.0000000000,0.2250000000,0.5500000000,0.7500000000,3.0000000000,0.9000000000,104,111,104,110,102,112
1968,neighbor,False,WSD_CRITERIA_UNVERIFIED,999999999.0000000000,999999999.0000000000,0.2250000000,0.4000000000,0.5000000000,3.5000000000,0.8000000000,104,110,104,110,102,110
1969,neighbor,False,WSD_CRITERIA_UNVERIFIED,999999999.0000000000,999999999.0000000000,0.2000000000,0.4000000000,0.7500000000,3.0000000000,1.0000000000,104,110,103,111,102,110
1970,neighbor,False,WSD_CRITERIA_UNVERIFIED,999999999.0000000000,999999999.0000000000,0.2000000000,0.4000000000,0.7500000000,3.0000000000,0.8000000000,104,112,103,110,102,112
1971,neighbor,False,WSD_CRITERIA_UNVERIFIED,999999999.0000000000,999999999.0000000000,0.2000000000,0.5500000000,0.7500000000,3.0000000000,1.0000000000,104,110,104,110,104,110
1972,neighbor,False,WSD_CRITERIA_UNVERIFIED,999999999.0000000000,999999999.0000000000,0.2000000000,0.6000000000,0.6000000000,3.5000000000,1.0000000000,102,110,103,111,102,110
1973,neighbor,False,WSD_CRITERIA_UNVERIFIED,999999999.0000000000,999999999.0000000000,0.2250000000,0.5500000000,0.5000000000,3.5000000000,1.0000000000,103,110,104,110,102,112
1974,neighbor,False,WSD_CRITERIA_UNVERIFIED,999999999.0000000000,999999999.0000000000,0.2000000000,0.5500000000,0.6000000000,3.5000000000,0.8000000000,102,110,102,110,102,110
1975,neighbor,False,WSD_CRITERIA_UNVERIFIED,999999999.0000000000,999999999.0000000000,0.2000000000,0.4500000000,0.5000000000,3.5000000000,1.0000000000,104,110,104,110,104,110
1976,neighbor,False,WSD_CRITERIA_UNVERIFIED,999999999.0000000000,999999999.0000000000,0.2000000000,0.4500000000,0.7500000000,3.5000000000,0.8000000000,104,112,102,112,103,110
1977,neighbor,False,WSD_CRITERIA_UNVERIFIED,999999999.0000000000,999999999.0000000000,0.2250000000,0.5500000000,0.5000000000,3.0000000000,0.8000000000,104,110,104,110,104,110
1978,neighbor,False,WSD_CRITERIA_UNVERIFIED,999999999.0000000000,999999999.0000000000,0.2000000000,0.5000000000,0.5500000000,3.5000000000,1.0000000000,104,110,102,110,103,110
1979,neighbor,False,WSD_CRITERIA_UNVERIFIED,999999999.0000000000,999999999.0000000000,0.2250000000,0.5500000000,0.6000000000,3.5000000000,1.0000000000,103,110,102,110,104,110
1980,neighbor,False,WSD_CRITERIA_UNVERIFIED,999999999.0000000000,999999999.0000000000,0.2000000000,0.4500000000,0.6500000000,3.0000000000,0.9000000000,104,111,103,110,104,110
1981,neighbor,False,WSD_CRITERIA_UNVERIFIED,999999999.0000000000,999999999.0000000000,0.2000000000,0.6000000000,0.5500000000,3.0000000000,1.0000000000,103,110,104,110,104,112
1982,neighbor,False,WSD_CRITERIA_UNVERIFIED,999999999.0000000000,999999999.0000000000,0.2000000000,0.5500000000,0.7500000000,3.5000000000,1.0000000000,102,111,104,112,104,110
1983,neighbor,False,WSD_CRITERIA_UNVERIFIED,999999999.0000000000,999999999.0000000000,0.2000000000,0.4500000000,0.7500000000,3.5000000000,1.0000000000,104,112,104,111,104,110
1984,neighbor,False,WSD_CRITERIA_UNVERIFIED,999999999.0000000000,999999999.0000000000,0.2000000000,0.4000000000,0.4500000000,3.5000000000,1.0000000000,104,110,104,110,103,110
1985,neighbor,False,WSD_CRITERIA_UNVERIFIED,999999999.0000000000,999999999.0000000000,0.2000000000,0.5000000000,0.7000000000,3.5000000000,0.9000000000,104,111,104,110,104,112
1986,neighbor,False,WSD_CRITERIA_UNVERIFIED,999999999.0000000000,999999999.0000000000,0.2000000000,0.5500000000,0.7000000000,3.5000000000,0.8000000000,104,112,103,110,104,110
1987,neighbor,False,WSD_CRITERIA_UNVERIFIED,999999999.0000000000,999999999.0000000000,0.2250000000,0.4500000000,0.5500000000,3.5000000000,0.9000000000,103,110,102,112,104,110
1988,neighbor,False,WSD_CRITERIA_UNVERIFIED,999999999.0000000000,999999999.0000000000,0.2500000000,0.6000000000,0.6000000000,3.5000000000,1.0000000000,104,110,102,111,104,110
1989,neighbor,False,WSD_CRITERIA_UNVERIFIED,999999999.0000000000,999999999.0000000000,0.2500000000,0.5000000000,0.6000000000,3.0000000000,1.0000000000,104,112,102,112,104,110
1990,neighbor,False,WSD_CRITERIA_UNVERIFIED,999999999.0000000000,999999999.0000000000,0.2000000000,0.5500000000,0.6000000000,3.5000000000,1.0000000000,103,111,102,112,102,111
1991,neighbor,False,WSD_CRITERIA_UNVERIFIED,999999999.0000000000,999999999.0000000000,0.2000000000,0.6000000000,0.7500000000,3.5000000000,0.9000000000,103,112,102,112,104,110
1992,neighbor,False,WSD_CRITERIA_UNVERIFIED,999999999.0000000000,999999999.0000000000,0.2250000000,0.4500000000,0.6000000000,3.0000000000,1.0000000000,104,112,104,111,103,110
1993,neighbor,False,WSD_CRITERIA_UNVERIFIED,999999999.0000000000,999999999.0000000000,0.2500000000,0.4500000000,0.7500000000,3.5000000000,1.0000000000,104,112,104,111,104,112
1994,neighbor,False,WSD_CRITERIA_UNVERIFIED,999999999.0000000000,999999999.0000000000,0.2000000000,0.5500000000,0.5500000000,3.5000000000,0.9000000000,102,110,104,110,103,110
1995,neighbor,False,WSD_CRITERIA_UNVERIFIED,999999999.0000000000,999999999.0000000000,0.2000000000,0.4000000000,0.7500000000,3.5000000000,1.0000000000,102,110,104,111,104,111
1996,neighbor,False,WSD_CRITERIA_UNVERIFIED,999999999.0000000000,999999999.0000000000,0.2000000000,0.4000000000,0.7500000000,3.0000000000,0.8000000000,103,110,104,110,103,111
1997,neighbor,False,WSD_CRITERIA_UNVERIFIED,999999999.0000000000,999999999.0000000000,0.2500000000,0.4500000000,0.6500000000,3.5000000000,0.8000000000,104,111,104,110,104,110
1998,neighbor,False,WSD_CRITERIA_UNVERIFIED,999999999.0000000000,999999999.0000000000,0.2250000000,0.4000000000,0.7500000000,3.5000000000,0.9000000000,102,110,104,110,104,110
1999,neighbor,False,WSD_CRITERIA_UNVERIFIED,999999999.0000000000,999999999.0000000000,0.2250000000,0.4500000000,0.4500000000,3.5000000000,1.0000000000,104,110,103,110,102,112
2000,neighbor,False,WSD_CRITERIA_UNVERIFIED,999999999.0000000000,999999999.0000000000,0.2250000000,0.5000000000,0.7500000000,3.0000000000,1.0000000000,104,110,104,110,104,110
2001,neighbor,False,WSD_CRITERIA_UNVERIFIED,999999999.0000000000,999999999.0000000000,0.2250000000,0.6000000000,0.7500000000,3.5000000000,0.9000000000,103,110,104,110,103,110
2002,neighbor,False,WSD_CRITERIA_UNVERIFIED,999999999.0000000000,999999999.0000000000,0.2250000000,0.5000000000,0.7500000000,3.5000000000,0.8000000000,104,110,104,110,103,110
2003,neighbor,False,WSD_CRITERIA_UNVERIFIED,999999999.0000000000,999999999.0000000000,0.2500000000,0.6000000000,0.7500000000,3.5000000000,0.9000000000,104,111,104,112,103,111
2004,neighbor,False,WSD_CRITERIA_UNVERIFIED,999999999.0000000000,999999999.0000000000,0.2000000000,0.4000000000,0.7500000000,3.0000000000,0.9000000000,103,112,104,110,103,111
2005,neighbor,False,WSD_CRITERIA_UNVERIFIED,999999999.0000000000,999999999.0000000000,0.2000000000,0.6000000000,0.5500000000,3.5000000000,1.0000000000,103,111,104,110,103,110
2006,neighbor,False,WSD_CRITERIA_UNVERIFIED,999999999.0000000000,999999999.0000000000,0.2000000000,0.5500000000,0.7000000000,3.5000000000,1.0000000000,103,110,102,111,104,110
2007,neighbor,False,WSD_CRITERIA_UNVERIFIED,999999999.0000000000,999999999.0000000000,0.2500000000,0.4000000000,0.7500000000,3.5000000000,1.0000000000,102,112,103,110,104,110
2008,neighbor,False,WSD_CRITERIA_UNVERIFIED,999999999.0000000000,999999999.0000000000,0.2500000000,0.5000000000,0.7500000000,3.0000000000,1.0000000000,104,111,103,110,104,110
2009,neighbor,False,WSD_CRITERIA_UNVERIFIED,999999999.0000000000,999999999.0000000000,0.2250000000,0.6000000000,0.5500000000,3.0000000000,1.0000000000,103,110,104,112,104,110
2010,neighbor,False,WSD_CRITERIA_UNVERIFIED,999999999.0000000000,999999999.0000000000,0.2000000000,0.4500000000,0.7500000000,3.0000000000,1.0000000000,104,110,102,111,104,110
2011,neighbor,False,WSD_CRITERIA_UNVERIFIED,999999999.0000000000,999999999.0000000000,0.2250000000,0.5500000000,0.7500000000,3.5000000000,0.8000000000,102,112,102,112,104,110
2012,neighbor,False,WSD_CRITERIA_UNVERIFIED,999999999.0000000000,999999999.0000000000,0.2000000000,0.6000000000,0.4500000000,3.0000000000,1.0000000000,104,110,104,110,103,110
2013,neighbor,False,WSD_CRITERIA_UNVERIFIED,999999999.0000000000,999999999.0000000000,0.2000000000,0.4000000000,0.5500000000,3.0000000000,1.0000000000,104,111,104,112,104,111
2014,neighbor,False,WSD_CRITERIA_UNVERIFIED,999999999.0000000000,999999999.0000000000,0.2250000000,0.6000000000,0.7500000000,3.5000000000,1.0000000000,104,111,102,112,104,112
2015,neighbor,False,WSD_CRITERIA_UNVERIFIED,999999999.0000000000,999999999.0000000000,0.2250000000,0.5000000000,0.7500000000,3.0000000000,0.9000000000,103,112,102,110,103,111
2016,neighbor,False,WSD_CRITERIA_UNVERIFIED,999999999.0000000000,999999999.0000000000,0.2000000000,0.6000000000,0.5000000000,3.0000000000,1.0000000000,104,110,103,110,104,111
2017,neighbor,False,WSD_CRITERIA_UNVERIFIED,999999999.0000000000,999999999.0000000000,0.2500000000,0.4000000000,0.7000000000,3.5000000000,0.9000000000,104,110,104,110,104,110
2018,neighbor,False,WSD_CRITERIA_UNVERIFIED,999999999.0000000000,999999999.0000000000,0.2000000000,0.5500000000,0.7500000000,3.5000000000,1.0000000000,104,110,102,110,104,110
2019,neighbor,False,WSD_CRITERIA_UNVERIFIED,999999999.0000000000,999999999.0000000000,0.2250000000,0.5500000000,0.4500000000,3.0000000000,1.0000000000,102,111,103,110,104,111
2020,neighbor,False,WSD_CRITERIA_UNVERIFIED,999999999.0000000000,999999999.0000000000,0.2000000000,0.5500000000,0.6500000000,3.5000000000,0.8000000000,104,111,103,110,104,110
2021,neighbor,False,WSD_CRITERIA_UNVERIFIED,999999999.0000000000,999999999.0000000000,0.2250000000,0.5000000000,0.7500000000,3.5000000000,1.0000000000,103,112,104,110,104,110
2022,neighbor,False,WSD_CRITERIA_UNVERIFIED,999999999.0000000000,999999999.0000000000,0.2000000000,0.5000000000,0.7500000000,3.0000000000,0.8000000000,104,111,104,110,104,110
2023,neighbor,False,WSD_CRITERIA_UNVERIFIED,999999999.0000000000,999999999.0000000000,0.2000000000,0.5000000000,0.4500000000,3.0000000000,0.9000000000,104,112,103,111,104,111
2024,neighbor,False,WSD_CRITERIA_UNVERIFIED,999999999.0000000000,999999999.0000000000,0.2000000000,0.4000000000,0.7000000000,3.5000000000,0.8000000000,103,110,104,110,104,110
2025,neighbor,False,WSD_CRITERIA_UNVERIFIED,999999999.0000000000,999999999.0000000000,0.2250000000,0.4000000000,0.6500000000,3.5000000000,1.0000000000,104,110,104,111,104,112
2026,neighbor,False,WSD_CRITERIA_UNVERIFIED,999999999.0000000000,999999999.0000000000,0.2000000000,0.4500000000,0.5000000000,3.5000000000,1.0000000000,104,112,104,110,102,110
2027,neighbor,False,WSD_CRITERIA_UNVERIFIED,999999999.0000000000,999999999.0000000000,0.2250000000,0.4000000000,0.6000000000,3.5000000000,0.9000000000,102,110,104,111,103,110
2028,neighbor,False,WSD_CRITERIA_UNVERIFIED,999999999.0000000000,999999999.0000000000,0.2250000000,0.6000000000,0.7000000000,3.5000000000,1.0000000000,102,110,103,112,104,110
2029,neighbor,False,WSD_CRITERIA_UNVERIFIED,999999999.0000000000,999999999.0000000000,0.2000000000,0.4000000000,0.7000000000,3.0000000000,1.0000000000,104,111,104,111,104,110
2030,neighbor,False,WSD_CRITERIA_UNVERIFIED,999999999.0000000000,999999999.0000000000,0.2000000000,0.6000000000,0.7500000000,3.5000000000,1.0000000000,104,110,104,110,102,110
2031,neighbor,False,WSD_CRITERIA_UNVERIFIED,999999999.0000000000,999999999.0000000000,0.2000000000,0.4000000000,0.7500000000,3.0000000000,1.0000000000,102,110,102,110,102,110
2032,neighbor,False,WSD_CRITERIA_UNVERIFIED,999999999.0000000000,999999999.0000000000,0.2500000000,0.5000000000,0.7500000000,3.0000000000,1.0000000000,104,110,104,112,104,112
2033,neighbor,False,WSD_CRITERIA_UNVERIFIED,999999999.0000000000,999999999.0000000000,0.2000000000,0.5000000000,0.7500000000,3.5000000000,0.9000000000,104,112,104,110,102,110
2034,neighbor,False,WSD_CRITERIA_UNVERIFIED,999999999.0000000000,999999999.0000000000,0.2500000000,0.5000000000,0.4500000000,3.5000000000,0.9000000000,103,110,104,112,103,112
2035,neighbor,False,WSD_CRITERIA_UNVERIFIED,999999999.0000000000,999999999.0000000000,0.2000000000,0.4000000000,0.6000000000,3.5000000000,1.0000000000,104,112,102,110,104,110
2036,neighbor,False,WSD_CRITERIA_UNVERIFIED,999999999.0000000000,999999999.0000000000,0.2250000000,0.6000000000,0.5500000000,3.5000000000,1.0000000000,103,112,104,110,104,112
2037,neighbor,False,WSD_CRITERIA_UNVERIFIED,999999999.0000000000,999999999.0000000000,0.2500000000,0.5000000000,0.5000000000,3.5000000000,1.0000000000,104,110,104,111,104,110
2038,neighbor,False,WSD_CRITERIA_UNVERIFIED,999999999.0000000000,999999999.0000000000,0.2500000000,0.6000000000,0.5500000000,3.0000000000,1.0000000000,104,112,102,110,102,110
2039,neighbor,False,WSD_CRITERIA_UNVERIFIED,999999999.0000000000,999999999.0000000000,0.2500000000,0.5000000000,0.6000000000,3.0000000000,0.9000000000,103,110,102,110,103,111
2040,neighbor,False,WSD_CRITERIA_UNVERIFIED,999999999.0000000000,999999999.0000000000,0.2500000000,0.5000000000,0.7500000000,3.5000000000,1.0000000000,102,110,104,112,102,110
2041,neighbor,False,WSD_CRITERIA_UNVERIFIED,999999999.0000000000,999999999.0000000000,0.2500000000,0.5000000000,0.7500000000,3.5000000000,1.0000000000,104,111,104,112,104,110
2042,neighbor,False,WSD_CRITERIA_UNVERIFIED,999999999.0000000000,999999999.0000000000,0.2000000000,0.4500000000,0.7500000000,3.5000000000,1.0000000000,102,110,104,110,104,110
2043,neighbor,False,WSD_CRITERIA_UNVERIFIED,999999999.0000000000,999999999.0000000000,0.2000000000,0.5500000000,0.6500000000,3.5000000000,0.8000000000,103,110,103,111,104,110
2044,neighbor,False,WSD_CRITERIA_UNVERIFIED,999999999.0000000000,999999999.0000000000,0.2000000000,0.5000000000,0.7500000000,3.5000000000,1.0000000000,104,110,104,112,104,112
2045,neighbor,False,WSD_CRITERIA_UNVERIFIED,999999999.0000000000,999999999.0000000000,0.2250000000,0.5000000000,0.6500000000,3.5000000000,1.0000000000,104,110,104,110,104,112
2046,neighbor,False,WSD_CRITERIA_UNVERIFIED,999999999.0000000000,999999999.0000000000,0.2000000000,0.4000000000,0.7500000000,3.5000000000,1.0000000000,104,110,102,110,103,112
2047,neighbor,False,WSD_CRITERIA_UNVERIFIED,999999999.0000000000,999999999.0000000000,0.2000000000,0.4500000000,0.7000000000,3.0000000000,1.0000000000,103,110,102,111,104,110
2048,neighbor,False,WSD_CRITERIA_UNVERIFIED,999999999.0000000000,999999999.0000000000,0.2250000000,0.4000000000,0.7000000000,3.5000000000,1.0000000000,104,110,102,110,104,112
2049,neighbor,False,WSD_CRITERIA_UNVERIFIED,999999999.0000000000,999999999.0000000000,0.2000000000,0.6000000000,0.7500000000,3.5000000000,1.0000000000,102,112,104,110,104,110
2050,neighbor,False,WSD_CRITERIA_UNVERIFIED,999999999.0000000000,999999999.0000000000,0.2250000000,0.5500000000,0.6500000000,3.5000000000,0.8000000000,103,110,104,111,104,110
2051,neighbor,False,WSD_CRITERIA_UNVERIFIED,999999999.0000000000,999999999.0000000000,0.2000000000,0.4500000000,0.6000000000,3.5000000000,1.0000000000,104,110,102,112,102,110
2052,neighbor,False,WSD_CRITERIA_UNVERIFIED,999999999.0000000000,999999999.0000000000,0.2250000000,0.4500000000,0.7500000000,3.0000000000,1.0000000000,102,110,104,111,102,110
2053,neighbor,False,WSD_CRITERIA_UNVERIFIED,999999999.0000000000,999999999.0000000000,0.2500000000,0.4500000000,0.6000000000,3.0000000000,1.0000000000,104,112,103,110,104,110
2054,neighbor,False,WSD_CRITERIA_UNVERIFIED,999999999.0000000000,999999999.0000000000,0.2000000000,0.4500000000,0.7500000000,3.5000000000,1.0000000000,104,110,104,110,104,112
2055,neighbor,False,WSD_CRITERIA_UNVERIFIED,999999999.0000000000,999999999.0000000000,0.2000000000,0.4500000000,0.4500000000,3.5000000000,0.8000000000,103,110,102,110,104,111
2056,neighbor,False,WSD_CRITERIA_UNVERIFIED,999999999.0000000000,999999999.0000000000,0.2000000000,0.4500000000,0.4500000000,3.5000000000,0.9000000000,104,110,104,110,102,112
2057,neighbor,False,WSD_CRITERIA_UNVERIFIED,999999999.0000000000,999999999.0000000000,0.2000000000,0.4000000000,0.7000000000,3.0000000000,0.8000000000,104,111,104,110,104,110
2058,neighbor,False,CONCRETE_OR_STEEL_STRESS,999999999.0000000000,999999999.0000000000,0.2000000000,0.4000000000,0.4500000000,3.5000000000,1.0000000000,102,112,102,111,103,112
2059,neighbor,False,WSD_CRITERIA_UNVERIFIED,999999999.0000000000,999999999.0000000000,0.2500000000,0.6000000000,0.7000000000,3.0000000000,1.0000000000,104,110,104,110,104,110
2060,neighbor,False,WSD_CRITERIA_UNVERIFIED,999999999.0000000000,999999999.0000000000,0.2000000000,0.4500000000,0.7500000000,3.5000000000,0.8000000000,102,111,103,111,104,110
2061,neighbor,False,WSD_CRITERIA_UNVERIFIED,999999999.0000000000,999999999.0000000000,0.2000000000,0.5000000000,0.5500000000,3.0000000000,0.9000000000,102,110,104,111,104,112
2062,neighbor,False,WSD_CRITERIA_UNVERIFIED,999999999.0000000000,999999999.0000000000,0.2500000000,0.6000000000,0.6500000000,3.5000000000,1.0000000000,104,110,104,111,102,110
2063,neighbor,False,WSD_CRITERIA_UNVERIFIED,999999999.0000000000,999999999.0000000000,0.2000000000,0.5000000000,0.6000000000,3.5000000000,1.0000000000,104,112,104,110,104,110
2064,neighbor,False,WSD_CRITERIA_UNVERIFIED,999999999.0000000000,999999999.0000000000,0.2000000000,0.4000000000,0.4500000000,3.5000000000,1.0000000000,104,110,104,110,104,110
2065,neighbor,False,WSD_CRITERIA_UNVERIFIED,999999999.0000000000,999999999.0000000000,0.2250000000,0.4500000000,0.7500000000,3.5000000000,1.0000000000,102,110,103,110,104,110
2066,neighbor,False,WSD_CRITERIA_UNVERIFIED,999999999.0000000000,999999999.0000000000,0.2000000000,0.6000000000,0.7500000000,3.5000000000,1.0000000000,103,110,104,110,103,112
2067,neighbor,False,WSD_CRITERIA_UNVERIFIED,999999999.0000000000,999999999.0000000000,0.2000000000,0.6000000000,0.6000000000,3.5000000000,0.8000000000,104,110,104,111,104,110
2068,neighbor,False,WSD_CRITERIA_UNVERIFIED,999999999.0000000000,999999999.0000000000,0.2000000000,0.5000000000,0.4500000000,3.0000000000,0.8000000000,104,111,104,110,104,110
2069,neighbor,False,WSD_CRITERIA_UNVERIFIED,999999999.0000000000,999999999.0000000000,0.2500000000,0.4000000000,0.7500000000,3.5000000000,0.8000000000,104,112,104,110,104,110
2070,neighbor,False,WSD_CRITERIA_UNVERIFIED,999999999.0000000000,999999999.0000000000,0.2000000000,0.6000000000,0.7500000000,3.0000000000,0.9000000000,103,111,102,110,103,112
2071,neighbor,False,WSD_CRITERIA_UNVERIFIED,999999999.0000000000,999999999.0000000000,0.2500000000,0.4000000000,0.7500000000,3.0000000000,1.0000000000,104,110,102,110,104,111
2072,neighbor,False,WSD_CRITERIA_UNVERIFIED,999999999.0000000000,999999999.0000000000,0.2000000000,0.4500000000,0.7500000000,3.5000000000,1.0000000000,104,112,104,110,103,110
2073,neighbor,False,WSD_CRITERIA_UNVERIFIED,999999999.0000000000,999999999.0000000000,0.2000000000,0.4000000000,0.7500000000,3.5000000000,1.0000000000,103,111,102,111,104,112
2074,neighbor,False,WSD_CRITERIA_UNVERIFIED,999999999.0000000000,999999999.0000000000,0.2000000000,0.4500000000,0.6000000000,3.0000000000,0.8000000000,103,110,104,112,104,110
2075,neighbor,False,WSD_CRITERIA_UNVERIFIED,999999999.0000000000,999999999.0000000000,0.2000000000,0.4000000000,0.6000000000,3.5000000000,1.0000000000,102,111,104,112,104,110
2076,neighbor,False,WSD_CRITERIA_UNVERIFIED,999999999.0000000000,999999999.0000000000,0.2500000000,0.4000000000,0.7500000000,3.5000000000,0.8000000000,102,112,103,110,102,111
2077,neighbor,False,WSD_CRITERIA_UNVERIFIED,999999999.0000000000,999999999.0000000000,0.2000000000,0.5000000000,0.7500000000,3.5000000000,1.0000000000,104,110,104,110,104,110
2078,neighbor,False,WSD_CRITERIA_UNVERIFIED,999999999.0000000000,999999999.0000000000,0.2500000000,0.6000000000,0.7500000000,3.0000000000,1.0000000000,103,111,102,112,104,111
2079,neighbor,False,WSD_CRITERIA_UNVERIFIED,999999999.0000000000,999999999.0000000000,0.2250000000,0.5500000000,0.7500000000,3.0000000000,0.9000000000,104,110,104,110,104,112
2080,neighbor,False,WSD_CRITERIA_UNVERIFIED,999999999.0000000000,999999999.0000000000,0.2000000000,0.5000000000,0.6500000000,3.0000000000,0.8000000000,103,110,103,110,104,111
2081,neighbor,False,WSD_CRITERIA_UNVERIFIED,999999999.0000000000,999999999.0000000000,0.2500000000,0.5000000000,0.7500000000,3.0000000000,0.9000000000,104,110,103,111,104,111
2082,neighbor,False,WSD_CRITERIA_UNVERIFIED,999999999.0000000000,999999999.0000000000,0.2250000000,0.5000000000,0.7500000000,3.5000000000,1.0000000000,104,110,103,112,103,110
2083,neighbor,False,WSD_CRITERIA_UNVERIFIED,999999999.0000000000,999999999.0000000000,0.2000000000,0.4000000000,0.7500000000,3.5000000000,1.0000000000,104,112,102,112,104,112
2084,neighbor,False,WSD_CRITERIA_UNVERIFIED,999999999.0000000000,999999999.0000000000,0.2500000000,0.5500000000,0.6000000000,3.5000000000,1.0000000000,102,110,103,110,102,110
2085,neighbor,False,WSD_CRITERIA_UNVERIFIED,999999999.0000000000,999999999.0000000000,0.2500000000,0.6000000000,0.6000000000,3.5000000000,1.0000000000,104,112,103,110,102,110
2086,neighbor,False,WSD_CRITERIA_UNVERIFIED,999999999.0000000000,999999999.0000000000,0.2000000000,0.5000000000,0.6000000000,3.5000000000,0.8000000000,102,110,104,111,103,110
2087,neighbor,False,WSD_CRITERIA_UNVERIFIED,999999999.0000000000,999999999.0000000000,0.2250000000,0.6000000000,0.7500000000,3.5000000000,1.0000000000,103,110,104,110,103,111
2088,neighbor,False,WSD_CRITERIA_UNVERIFIED,999999999.0000000000,999999999.0000000000,0.2000000000,0.5000000000,0.7000000000,3.5000000000,0.8000000000,102,110,104,112,104,110
2089,neighbor,False,WSD_CRITERIA_UNVERIFIED,999999999.0000000000,999999999.0000000000,0.2000000000,0.6000000000,0.6500000000,3.5000000000,0.8000000000,103,111,104,111,104,110
2090,neighbor,False,WSD_CRITERIA_UNVERIFIED,999999999.0000000000,999999999.0000000000,0.2500000000,0.5500000000,0.7500000000,3.0000000000,0.8000000000,102,110,103,111,104,112
2091,neighbor,False,WSD_CRITERIA_UNVERIFIED,999999999.0000000000,999999999.0000000000,0.2000000000,0.5000000000,0.4500000000,3.0000000000,0.9000000000,104,110,102,110,104,110
2092,neighbor,False,WSD_CRITERIA_UNVERIFIED,999999999.0000000000,999999999.0000000000,0.2500000000,0.5000000000,0.7500000000,3.0000000000,0.9000000000,102,112,104,110,102,110
2093,neighbor,False,WSD_CRITERIA_UNVERIFIED,999999999.0000000000,999999999.0000000000,0.2500000000,0.4000000000,0.6500000000,3.5000000000,1.0000000000,104,111,104,110,104,110
2094,neighbor,False,WSD_CRITERIA_UNVERIFIED,999999999.0000000000,999999999.0000000000,0.2000000000,0.5500000000,0.7500000000,3.5000000000,0.9000000000,103,112,104,110,103,112
2095,neighbor,False,WSD_CRITERIA_UNVERIFIED,999999999.0000000000,999999999.0000000000,0.2000000000,0.6000000000,0.7500000000,3.0000000000,1.0000000000,103,110,104,111,104,110
2096,neighbor,False,WSD_CRITERIA_UNVERIFIED,999999999.0000000000,999999999.0000000000,0.2500000000,0.5500000000,0.6500000000,3.5000000000,1.0000000000,104,110,102,112,104,110
2097,neighbor,False,WSD_CRITERIA_UNVERIFIED,999999999.0000000000,999999999.0000000000,0.2250000000,0.4500000000,0.7500000000,3.0000000000,0.9000000000,104,110,104,110,104,110
2098,neighbor,False,WSD_CRITERIA_UNVERIFIED,999999999.0000000000,999999999.0000000000,0.2000000000,0.5500000000,0.7500000000,3.5000000000,0.9000000000,104,110,104,111,103,110
2099,neighbor,False,WSD_CRITERIA_UNVERIFIED,999999999.0000000000,999999999.0000000000,0.2500000000,0.4000000000,0.6500000000,3.0000000000,0.8000000000,104,111,103,110,104,112
2100,neighbor,False,WSD_CRITERIA_UNVERIFIED,999999999.0000000000,999999999.0000000000,0.2000000000,0.4000000000,0.5000000000,3.5000000000,0.8000000000,103,110,104,110,104,110
2101,neighbor,False,WSD_CRITERIA_UNVERIFIED,999999999.0000000000,999999999.0000000000,0.2000000000,0.4000000000,0.7500000000,3.5000000000,1.0000000000,104,111,104,110,104,112
2102,neighbor,False,WSD_CRITERIA_UNVERIFIED,999999999.0000000000,999999999.0000000000,0.2500000000,0.4000000000,0.7500000000,3.0000000000,1.0000000000,104,110,104,111,104,110
2103,neighbor,False,WSD_CRITERIA_UNVERIFIED,999999999.0000000000,999999999.0000000000,0.2000000000,0.6000000000,0.7500000000,3.5000000000,1.0000000000,103,112,103,111,102,110
2104,neighbor,False,WSD_CRITERIA_UNVERIFIED,999999999.0000000000,999999999.0000000000,0.2000000000,0.4500000000,0.7500000000,3.0000000000,0.8000000000,104,110,103,110,104,110
2105,neighbor,False,WSD_CRITERIA_UNVERIFIED,999999999.0000000000,999999999.0000000000,0.2000000000,0.4000000000,0.7500000000,3.0000000000,1.0000000000,104,112,102,111,103,111
2106,neighbor,False,WSD_CRITERIA_UNVERIFIED,999999999.0000000000,999999999.0000000000,0.2500000000,0.5000000000,0.7500000000,3.5000000000,1.0000000000,104,110,104,112,104,110
2107,neighbor,False,WSD_CRITERIA_UNVERIFIED,999999999.0000000000,999999999.0000000000,0.2000000000,0.4500000000,0.7500000000,3.0000000000,1.0000000000,104,111,104,110,103,110
2108,neighbor,False,WSD_CRITERIA_UNVERIFIED,999999999.0000000000,999999999.0000000000,0.2000000000,0.4500000000,0.7500000000,3.5000000000,0.9000000000,104,110,102,111,102,110
2109,neighbor,False,WSD_CRITERIA_UNVERIFIED,999999999.0000000000,999999999.0000000000,0.2000000000,0.5500000000,0.7500000000,3.5000000000,1.0000000000,104,112,104,111,102,110
2110,neighbor,False,WSD_CRITERIA_UNVERIFIED,999999999.0000000000,999999999.0000000000,0.2500000000,0.5000000000,0.5000000000,3.5000000000,0.9000000000,104,110,104,112,102,110
2111,neighbor,False,WSD_CRITERIA_UNVERIFIED,999999999.0000000000,999999999.0000000000,0.2000000000,0.4500000000,0.4500000000,3.0000000000,1.0000000000,104,110,103,110,104,110
2112,neighbor,False,WSD_CRITERIA_UNVERIFIED,999999999.0000000000,999999999.0000000000,0.2000000000,0.6000000000,0.6500000000,3.0000000000,1.0000000000,102,110,104,110,103,110
2113,neighbor,False,WSD_CRITERIA_UNVERIFIED,999999999.0000000000,999999999.0000000000,0.2500000000,0.4500000000,0.7500000000,3.5000000000,0.8000000000,104,110,104,111,102,110
2114,neighbor,False,CONCRETE_OR_STEEL_STRESS,999999999.0000000000,999999999.0000000000,0.2000000000,0.4000000000,0.5000000000,3.5000000000,0.8000000000,102,112,104,112,102,110
2115,reset,False,INVALID_GEOMETRY_OR_INPUT,999999999.0000000000,999999999.0000000000,0.2000000000,0.5000000000,0.5000000000,2.5000000000,1.0000000000,104,110,104,110,104,110
2116,neighbor,False,INVALID_GEOMETRY_OR_INPUT,999999999.0000000000,999999999.0000000000,0.2000000000,0.6000000000,0.7500000000,2.5000000000,1.0000000000,102,111,104,110,103,110
2117,neighbor,False,INVALID_GEOMETRY_OR_INPUT,999999999.0000000000,999999999.0000000000,0.2250000000,0.5500000000,0.7000000000,2.5000000000,1.0000000000,104,110,104,110,103,111
2118,neighbor,False,WSD_CRITERIA_UNVERIFIED,999999999.0000000000,999999999.0000000000,0.2500000000,0.4000000000,0.4500000000,2.5000000000,1.0000000000,104,110,104,111,104,110
2119,neighbor,False,INVALID_GEOMETRY_OR_INPUT,999999999.0000000000,999999999.0000000000,0.2000000000,0.5000000000,0.5000000000,2.5000000000,1.0000000000,104,110,104,111,102,111
2120,neighbor,False,WSD_CRITERIA_UNVERIFIED,999999999.0000000000,999999999.0000000000,0.2000000000,0.4500000000,0.6500000000,2.5000000000,1.0000000000,104,110,104,110,104,110
2121,neighbor,False,WSD_CRITERIA_UNVERIFIED,999999999.0000000000,999999999.0000000000,0.2500000000,0.4500000000,0.3000000000,2.5000000000,0.9000000000,104,110,104,112,103,110
2122,neighbor,False,WSD_CRITERIA_UNVERIFIED,999999999.0000000000,999999999.0000000000,0.2000000000,0.6000000000,0.4000000000,2.5000000000,0.8000000000,104,110,103,110,104,112
2123,neighbor,False,WSD_CRITERIA_UNVERIFIED,999999999.0000000000,999999999.0000000000,0.2250000000,0.4500000000,0.4500000000,3.0000000000,1.0000000000,103,110,104,110,104,111
2124,neighbor,False,WSD_CRITERIA_UNVERIFIED,999999999.0000000000,999999999.0000000000,0.2000000000,0.6000000000,0.6500000000,2.5000000000,0.9000000000,102,110,102,111,104,110
2125,neighbor,False,WSD_CRITERIA_UNVERIFIED,999999999.0000000000,999999999.0000000000,0.2000000000,0.4000000000,0.6500000000,2.5000000000,0.8000000000,103,112,104,110,102,112
2126,neighbor,False,WSD_CRITERIA_UNVERIFIED,999999999.0000000000,999999999.0000000000,0.2500000000,0.5000000000,0.3000000000,2.5000000000,0.9000000000,104,112,103,110,104,111
2127,neighbor,False,INVALID_GEOMETRY_OR_INPUT,999999999.0000000000,999999999.0000000000,0.2250000000,0.5000000000,0.4500000000,2.5000000000,1.0000000000,104,110,102,110,104,111
2128,neighbor,False,CONCRETE_OR_STEEL_STRESS,999999999.0000000000,999999999.0000000000,0.2500000000,0.4500000000,0.3500000000,2.5000000000,0.8000000000,102,112,102,110,102,111
2129,neighbor,False,CONCRETE_OR_STEEL_STRESS,999999999.0000000000,999999999.0000000000,0.2500000000,0.4500000000,0.4500000000,3.0000000000,1.0000000000,102,112,104,112,102,112
2130,neighbor,False,WSD_CRITERIA_UNVERIFIED,999999999.0000000000,999999999.0000000000,0.2000000000,0.4000000000,0.6000000000,3.0000000000,1.0000000000,104,112,104,111,104,110
2131,neighbor,False,WSD_CRITERIA_UNVERIFIED,999999999.0000000000,999999999.0000000000,0.2250000000,0.5000000000,0.4000000000,3.0000000000,1.0000000000,104,110,103,110,104,112
2132,neighbor,False,WSD_CRITERIA_UNVERIFIED,999999999.0000000000,999999999.0000000000,0.2000000000,0.5500000000,0.7000000000,3.0000000000,1.0000000000,103,110,104,112,102,110
2133,neighbor,False,WSD_CRITERIA_UNVERIFIED,999999999.0000000000,999999999.0000000000,0.2250000000,0.5500000000,0.7500000000,2.5000000000,0.9000000000,104,110,102,110,104,110
2134,neighbor,False,WSD_CRITERIA_UNVERIFIED,999999999.0000000000,999999999.0000000000,0.2500000000,0.4000000000,0.3000000000,2.5000000000,1.0000000000,103,110,103,112,104,111
2135,neighbor,False,WSD_CRITERIA_UNVERIFIED,999999999.0000000000,999999999.0000000000,0.2000000000,0.5500000000,0.4500000000,2.5000000000,0.9000000000,104,111,102,110,103,110
2136,neighbor,False,WSD_CRITERIA_UNVERIFIED,999999999.0000000000,999999999.0000000000,0.2000000000,0.4500000000,0.3000000000,2.5000000000,1.0000000000,102,111,104,110,104,110
2137,neighbor,False,WSD_CRITERIA_UNVERIFIED,999999999.0000000000,999999999.0000000000,0.2000000000,0.4000000000,0.5000000000,2.5000000000,1.0000000000,103,110,102,110,104,110
2138,neighbor,False,WSD_CRITERIA_UNVERIFIED,999999999.0000000000,999999999.0000000000,0.2500000000,0.4000000000,0.3500000000,3.0000000000,0.9000000000,104,110,103,110,104,110
2139,neighbor,False,INVALID_GEOMETRY_OR_INPUT,999999999.0000000000,999999999.0000000000,0.2000000000,0.5000000000,0.5000000000,2.5000000000,1.0000000000,104,112,102,112,103,112
2140,neighbor,False,WSD_CRITERIA_UNVERIFIED,999999999.0000000000,999999999.0000000000,0.2000000000,0.4000000000,0.3000000000,3.0000000000,1.0000000000,104,110,102,110,104,111
2141,neighbor,False,INVALID_GEOMETRY_OR_INPUT,999999999.0000000000,999999999.0000000000,0.2500000000,0.5000000000,0.5500000000,2.5000000000,1.0000000000,103,111,104,111,104,110
2142,neighbor,False,WSD_CRITERIA_UNVERIFIED,999999999.0000000000,999999999.0000000000,0.2000000000,0.4000000000,0.4500000000,2.5000000000,1.0000000000,104,111,104,110,102,110
2143,neighbor,False,WSD_CRITERIA_UNVERIFIED,999999999.0000000000,999999999.0000000000,0.2500000000,0.5000000000,0.5000000000,2.5000000000,0.9000000000,104,110,104,110,104,112
2144,neighbor,False,WSD_CRITERIA_UNVERIFIED,999999999.0000000000,999999999.0000000000,0.2250000000,0.5500000000,0.3000000000,3.0000000000,1.0000000000,102,110,102,112,104,112
2145,neighbor,False,WSD_CRITERIA_UNVERIFIED,999999999.0000000000,999999999.0000000000,0.2000000000,0.4500000000,0.3500000000,2.5000000000,1.0000000000,104,110,102,112,104,110
2146,neighbor,False,WSD_CRITERIA_UNVERIFIED,999999999.0000000000,999999999.0000000000,0.2000000000,0.4500000000,0.3000000000,3.0000000000,1.0000000000,103,110,104,111,104,112
2147,neighbor,False,WSD_CRITERIA_UNVERIFIED,999999999.0000000000,999999999.0000000000,0.2000000000,0.4500000000,0.6000000000,3.0000000000,1.0000000000,104,110,102,110,104,110
2148,neighbor,False,WSD_CRITERIA_UNVERIFIED,999999999.0000000000,999999999.0000000000,0.2000000000,0.4500000000,0.3500000000,2.5000000000,0.8000000000,104,110,103,110,104,110
2149,neighbor,False,WSD_CRITERIA_UNVERIFIED,999999999.0000000000,999999999.0000000000,0.2250000000,0.4500000000,0.3000000000,3.0000000000,0.9000000000,102,110,103,112,103,110
2150,neighbor,False,WSD_CRITERIA_UNVERIFIED,999999999.0000000000,999999999.0000000000,0.2500000000,0.4000000000,0.4500000000,2.5000000000,1.0000000000,104,110,104,110,104,110
2151,neighbor,False,WSD_CRITERIA_UNVERIFIED,999999999.0000000000,999999999.0000000000,0.2250000000,0.5500000000,0.3000000000,2.5000000000,0.8000000000,104,110,104,111,104,110
2152,neighbor,False,WSD_CRITERIA_UNVERIFIED,999999999.0000000000,999999999.0000000000,0.2000000000,0.4500000000,0.5000000000,2.5000000000,1.0000000000,104,110,104,112,104,112
2153,neighbor,False,WSD_CRITERIA_UNVERIFIED,999999999.0000000000,999999999.0000000000,0.2500000000,0.4500000000,0.7500000000,3.0000000000,1.0000000000,104,111,104,111,102,110
2154,neighbor,False,WSD_CRITERIA_UNVERIFIED,999999999.0000000000,999999999.0000000000,0.2250000000,0.4500000000,0.4000000000,2.5000000000,0.9000000000,104,110,104,110,103,110
2155,neighbor,False,WSD_CRITERIA_UNVERIFIED,999999999.0000000000,999999999.0000000000,0.2500000000,0.4000000000,0.5000000000,3.0000000000,1.0000000000,104,112,103,112,104,111
2156,neighbor,False,WSD_CRITERIA_UNVERIFIED,999999999.0000000000,999999999.0000000000,0.2000000000,0.4000000000,0.5500000000,2.5000000000,0.9000000000,104,110,104,110,102,110
2157,neighbor,False,INVALID_GEOMETRY_OR_INPUT,999999999.0000000000,999999999.0000000000,0.2250000000,0.5000000000,0.3000000000,2.5000000000,1.0000000000,103,112,104,110,104,110
2158,neighbor,False,WSD_CRITERIA_UNVERIFIED,999999999.0000000000,999999999.0000000000,0.2500000000,0.4500000000,0.4000000000,2.5000000000,1.0000000000,104,112,104,112,104,112
2159,neighbor,False,INVALID_GEOMETRY_OR_INPUT,999999999.0000000000,999999999.0000000000,0.2000000000,0.5000000000,0.6000000000,2.5000000000,1.0000000000,102,110,102,111,104,112
2160,neighbor,False,WSD_CRITERIA_UNVERIFIED,999999999.0000000000,999999999.0000000000,0.2250000000,0.4500000000,0.7500000000,2.5000000000,1.0000000000,102,110,104,112,104,110
2161,neighbor,False,INVALID_GEOMETRY_OR_INPUT,999999999.0000000000,999999999.0000000000,0.2000000000,0.5000000000,0.3000000000,2.5000000000,1.0000000000,104,110,104,110,103,111
2162,neighbor,False,WSD_CRITERIA_UNVERIFIED,999999999.0000000000,999999999.0000000000,0.2000000000,0.4500000000,0.3000000000,3.0000000000,1.0000000000,104,110,104,110,103,111
2163,neighbor,False,INVALID_GEOMETRY_OR_INPUT,999999999.0000000000,999999999.0000000000,0.2250000000,0.5000000000,0.4000000000,2.5000000000,1.0000000000,103,110,102,110,104,110
2164,neighbor,False,CONCRETE_OR_STEEL_STRESS,999999999.0000000000,999999999.0000000000,0.2000000000,0.4500000000,0.3500000000,2.5000000000,1.0000000000,102,112,104,110,104,111
2165,neighbor,False,WSD_CRITERIA_UNVERIFIED,999999999.0000000000,999999999.0000000000,0.2250000000,0.4000000000,0.6000000000,2.5000000000,0.8000000000,104,110,103,110,104,112
2166,neighbor,False,WSD_CRITERIA_UNVERIFIED,999999999.0000000000,999999999.0000000000,0.2500000000,0.5500000000,0.3000000000,3.0000000000,0.9000000000,104,110,104,111,102,110
2167,neighbor,False,WSD_CRITERIA_UNVERIFIED,999999999.0000000000,999999999.0000000000,0.2000000000,0.4500000000,0.7000000000,2.5000000000,1.0000000000,104,110,102,110,104,110
2168,neighbor,False,WSD_CRITERIA_UNVERIFIED,999999999.0000000000,999999999.0000000000,0.2000000000,0.4500000000,0.6000000000,2.5000000000,1.0000000000,103,110,104,111,104,110
2169,neighbor,False,WSD_CRITERIA_UNVERIFIED,999999999.0000000000,999999999.0000000000,0.2000000000,0.4500000000,0.7500000000,2.5000000000,0.8000000000,104,110,104,110,102,110
2170,neighbor,False,INVALID_GEOMETRY_OR_INPUT,999999999.0000000000,999999999.0000000000,0.2000000000,0.5000000000,0.7000000000,2.5000000000,1.0000000000,102,110,104,110,104,110
2171,neighbor,False,WSD_CRITERIA_UNVERIFIED,999999999.0000000000,999999999.0000000000,0.2000000000,0.5000000000,0.6000000000,3.0000000000,0.9000000000,104,110,104,112,104,111
2172,neighbor,False,INVALID_GEOMETRY_OR_INPUT,999999999.0000000000,999999999.0000000000,0.2500000000,0.6000000000,0.3500000000,2.5000000000,1.0000000000,104,111,104,111,104,111
2173,neighbor,False,WSD_CRITERIA_UNVERIFIED,999999999.0000000000,999999999.0000000000,0.2000000000,0.4000000000,0.3500000000,2.5000000000,1.0000000000,102,110,102,110,104,111
2174,neighbor,False,WSD_CRITERIA_UNVERIFIED,999999999.0000000000,999999999.0000000000,0.2000000000,0.4500000000,0.3500000000,2.5000000000,0.9000000000,104,110,104,110,104,110
2175,neighbor,False,WSD_CRITERIA_UNVERIFIED,999999999.0000000000,999999999.0000000000,0.2000000000,0.4000000000,0.5500000000,3.0000000000,1.0000000000,104,110,102,112,104,110
2176,neighbor,False,WSD_CRITERIA_UNVERIFIED,999999999.0000000000,999999999.0000000000,0.2000000000,0.5000000000,0.5000000000,3.0000000000,0.8000000000,102,112,102,110,102,110
2177,neighbor,False,WSD_CRITERIA_UNVERIFIED,999999999.0000000000,999999999.0000000000,0.2250000000,0.4500000000,0.3000000000,3.0000000000,1.0000000000,104,112,104,112,102,110
2178,neighbor,False,INVALID_GEOMETRY_OR_INPUT,999999999.0000000000,999999999.0000000000,0.2000000000,0.5000000000,0.6500000000,2.5000000000,1.0000000000,104,110,104,112,104,111
2179,neighbor,False,WSD_CRITERIA_UNVERIFIED,999999999.0000000000,999999999.0000000000,0.2000000000,0.4000000000,0.3000000000,2.5000000000,0.9000000000,104,110,104,110,104,110
2180,neighbor,False,INVALID_GEOMETRY_OR_INPUT,999999999.0000000000,999999999.0000000000,0.2000000000,0.6000000000,0.3500000000,2.5000000000,1.0000000000,104,110,102,110,103,110
2181,neighbor,False,WSD_CRITERIA_UNVERIFIED,999999999.0000000000,999999999.0000000000,0.2000000000,0.6000000000,0.5500000000,3.0000000000,1.0000000000,104,112,103,110,102,110
2182,neighbor,False,INVALID_GEOMETRY_OR_INPUT,999999999.0000000000,999999999.0000000000,0.2250000000,0.6000000000,0.6500000000,2.5000000000,1.0000000000,104,110,104,110,103,110
2183,neighbor,False,INVALID_GEOMETRY_OR_INPUT,999999999.0000000000,999999999.0000000000,0.2250000000,0.5000000000,0.7500000000,2.5000000000,1.0000000000,104,110,104,110,102,111
2184,neighbor,False,INVALID_GEOMETRY_OR_INPUT,999999999.0000000000,999999999.0000000000,0.2500000000,0.6000000000,0.6000000000,2.5000000000,1.0000000000,103,110,103,110,102,111
2185,neighbor,False,WSD_CRITERIA_UNVERIFIED,999999999.0000000000,999999999.0000000000,0.2500000000,0.5500000000,0.3000000000,3.0000000000,0.8000000000,104,112,104,110,104,112
2186,neighbor,False,CONCRETE_OR_STEEL_STRESS,999999999.0000000000,999999999.0000000000,0.2500000000,0.4500000000,0.3000000000,2.5000000000,1.0000000000,102,112,103,111,104,111
2187,neighbor,False,WSD_CRITERIA_UNVERIFIED,999999999.0000000000,999999999.0000000000,0.2500000000,0.4500000000,0.7500000000,3.0000000000,1.0000000000,103,110,102,110,104,110
2188,neighbor,False,WSD_CRITERIA_UNVERIFIED,999999999.0000000000,999999999.0000000000,0.2500000000,0.6000000000,0.6000000000,3.0000000000,0.9000000000,102,110,104,112,104,112
2189,neighbor,False,WSD_CRITERIA_UNVERIFIED,999999999.0000000000,999999999.0000000000,0.2500000000,0.5500000000,0.6500000000,2.5000000000,0.8000000000,104,112,104,112,102,112
2190,neighbor,False,WSD_CRITERIA_UNVERIFIED,999999999.0000000000,999999999.0000000000,0.2500000000,0.4500000000,0.4500000000,2.5000000000,1.0000000000,104,110,102,110,103,110
2191,neighbor,False,WSD_CRITERIA_UNVERIFIED,999999999.0000000000,999999999.0000000000,0.2000000000,0.4000000000,0.3500000000,2.5000000000,0.8000000000,104,112,103,111,104,110
2192,neighbor,False,WSD_CRITERIA_UNVERIFIED,999999999.0000000000,999999999.0000000000,0.2000000000,0.5000000000,0.7500000000,3.0000000000,0.9000000000,104,110,104,110,103,110
2193,neighbor,False,WSD_CRITERIA_UNVERIFIED,999999999.0000000000,999999999.0000000000,0.2000000000,0.5000000000,0.6000000000,2.5000000000,0.8000000000,104,110,104,112,104,112
2194,neighbor,False,INVALID_GEOMETRY_OR_INPUT,999999999.0000000000,999999999.0000000000,0.2000000000,0.5000000000,0.6500000000,2.5000000000,1.0000000000,104,112,104,112,103,110
2195,neighbor,False,WSD_CRITERIA_UNVERIFIED,999999999.0000000000,999999999.0000000000,0.2000000000,0.6000000000,0.4500000000,3.0000000000,1.0000000000,104,110,104,110,103,112
2196,neighbor,False,INVALID_GEOMETRY_OR_INPUT,999999999.0000000000,999999999.0000000000,0.2000000000,0.5500000000,0.7000000000,2.5000000000,1.0000000000,104,112,103,112,104,110
2197,neighbor,False,INVALID_GEOMETRY_OR_INPUT,999999999.0000000000,999999999.0000000000,0.2000000000,0.5000000000,0.3000000000,2.5000000000,1.0000000000,104,110,104,110,104,110
2198,neighbor,False,INVALID_GEOMETRY_OR_INPUT,999999999.0000000000,999999999.0000000000,0.2500000000,0.5000000000,0.5500000000,2.5000000000,1.0000000000,102,110,103,110,102,110
2199,neighbor,False,INVALID_GEOMETRY_OR_INPUT,999999999.0000000000,999999999.0000000000,0.2250000000,0.6000000000,0.3000000000,2.5000000000,1.0000000000,102,110,104,110,102,112
2200,neighbor,False,WSD_CRITERIA_UNVERIFIED,999999999.0000000000,999999999.0000000000,0.2000000000,0.4500000000,0.5500000000,2.5000000000,1.0000000000,104,110,102,110,103,111
2201,neighbor,False,WSD_CRITERIA_UNVERIFIED,999999999.0000000000,999999999.0000000000,0.2000000000,0.4500000000,0.4500000000,2.5000000000,0.8000000000,104,111,104,110,102,112
2202,neighbor,False,WSD_CRITERIA_UNVERIFIED,999999999.0000000000,999999999.0000000000,0.2000000000,0.4000000000,0.6500000000,2.5000000000,0.8000000000,104,110,104,110,102,112
2203,neighbor,False,WSD_CRITERIA_UNVERIFIED,999999999.0000000000,999999999.0000000000,0.2250000000,0.4000000000,0.3000000000,2.5000000000,0.9000000000,104,110,103,111,103,110
2204,neighbor,False,WSD_CRITERIA_UNVERIFIED,999999999.0000000000,999999999.0000000000,0.2000000000,0.5000000000,0.6500000000,3.0000000000,0.8000000000,102,110,104,110,104,111
2205,neighbor,False,INVALID_GEOMETRY_OR_INPUT,999999999.0000000000,999999999.0000000000,0.2000000000,0.6000000000,0.3500000000,2.5000000000,1.0000000000,104,111,104,111,104,110
2206,neighbor,False,WSD_CRITERIA_UNVERIFIED,999999999.0000000000,999999999.0000000000,0.2000000000,0.5000000000,0.4500000000,2.5000000000,0.8000000000,102,110,104,110,104,110
2207,neighbor,False,WSD_CRITERIA_UNVERIFIED,999999999.0000000000,999999999.0000000000,0.2500000000,0.6000000000,0.3000000000,2.5000000000,0.8000000000,104,110,103,112,102,110
2208,neighbor,False,WSD_CRITERIA_UNVERIFIED,999999999.0000000000,999999999.0000000000,0.2000000000,0.6000000000,0.5000000000,3.0000000000,0.8000000000,104,110,102,110,103,111
2209,neighbor,False,WSD_CRITERIA_UNVERIFIED,999999999.0000000000,999999999.0000000000,0.2000000000,0.4000000000,0.3500000000,2.5000000000,1.0000000000,103,110,104,110,104,110
2210,neighbor,False,CONCRETE_OR_STEEL_STRESS,999999999.0000000000,999999999.0000000000,0.2250000000,0.4000000000,0.5500000000,2.5000000000,1.0000000000,102,112,104,110,104,112
2211,neighbor,False,WSD_CRITERIA_UNVERIFIED,999999999.0000000000,999999999.0000000000,0.2000000000,0.5000000000,0.7500000000,3.0000000000,1.0000000000,104,112,103,111,102,112
2212,neighbor,False,WSD_CRITERIA_UNVERIFIED,999999999.0000000000,999999999.0000000000,0.2500000000,0.4500000000,0.7500000000,2.5000000000,1.0000000000,103,110,104,110,104,110
2213,neighbor,False,WSD_CRITERIA_UNVERIFIED,999999999.0000000000,999999999.0000000000,0.2500000000,0.4500000000,0.4500000000,2.5000000000,0.9000000000,102,111,102,110,104,112
2214,neighbor,False,WSD_CRITERIA_UNVERIFIED,999999999.0000000000,999999999.0000000000,0.2000000000,0.4000000000,0.5500000000,3.0000000000,1.0000000000,104,110,102,110,104,110
2215,neighbor,False,WSD_CRITERIA_UNVERIFIED,999999999.0000000000,999999999.0000000000,0.2000000000,0.5500000000,0.3000000000,2.5000000000,0.8000000000,103,110,104,110,104,112
2216,neighbor,False,WSD_CRITERIA_UNVERIFIED,999999999.0000000000,999999999.0000000000,0.2000000000,0.4000000000,0.7000000000,2.5000000000,1.0000000000,102,110,104,110,104,110
2217,neighbor,False,WSD_CRITERIA_UNVERIFIED,999999999.0000000000,999999999.0000000000,0.2000000000,0.4000000000,0.7500000000,2.5000000000,1.0000000000,104,110,104,110,102,111
2218,neighbor,False,INVALID_GEOMETRY_OR_INPUT,999999999.0000000000,999999999.0000000000,0.2000000000,0.5500000000,0.5000000000,2.5000000000,1.0000000000,104,111,104,110,104,112
2219,neighbor,False,WSD_CRITERIA_UNVERIFIED,999999999.0000000000,999999999.0000000000,0.2000000000,0.6000000000,0.4000000000,3.0000000000,0.9000000000,104,112,102,110,103,110
2220,neighbor,False,INVALID_GEOMETRY_OR_INPUT,999999999.0000000000,999999999.0000000000,0.2000000000,0.5000000000,0.3500000000,2.5000000000,1.0000000000,104,110,103,110,102,111
2221,neighbor,False,INVALID_GEOMETRY_OR_INPUT,999999999.0000000000,999999999.0000000000,0.2250000000,0.5500000000,0.6500000000,2.5000000000,1.0000000000,102,110,103,110,104,110
2222,neighbor,False,WSD_CRITERIA_UNVERIFIED,999999999.0000000000,999999999.0000000000,0.2250000000,0.4000000000,0.4500000000,2.5000000000,0.9000000000,104,110,102,111,104,110
2223,neighbor,False,WSD_CRITERIA_UNVERIFIED,999999999.0000000000,999999999.0000000000,0.2000000000,0.4000000000,0.4000000000,2.5000000000,0.9000000000,104,110,104,110,104,110
2224,neighbor,False,INVALID_GEOMETRY_OR_INPUT,999999999.0000000000,999999999.0000000000,0.2000000000,0.5000000000,0.6000000000,2.5000000000,1.0000000000,104,112,102,110,104,110
2225,neighbor,False,WSD_CRITERIA_UNVERIFIED,999999999.0000000000,999999999.0000000000,0.2000000000,0.4000000000,0.5000000000,3.0000000000,1.0000000000,104,111,102,111,104,112
2226,neighbor,False,WSD_CRITERIA_UNVERIFIED,999999999.0000000000,999999999.0000000000,0.2000000000,0.4000000000,0.5000000000,3.0000000000,0.9000000000,104,110,103,112,104,111
2227,neighbor,False,INVALID_GEOMETRY_OR_INPUT,999999999.0000000000,999999999.0000000000,0.2000000000,0.5500000000,0.4000000000,2.5000000000,1.0000000000,104,112,104,111,104,111
2228,neighbor,False,INVALID_GEOMETRY_OR_INPUT,999999999.0000000000,999999999.0000000000,0.2500000000,0.5500000000,0.6000000000,2.5000000000,1.0000000000,102,110,104,110,104,111
2229,neighbor,False,WSD_CRITERIA_UNVERIFIED,999999999.0000000000,999999999.0000000000,0.2000000000,0.6000000000,0.3500000000,3.0000000000,1.0000000000,104,112,104,110,103,110
2230,neighbor,False,WSD_CRITERIA_UNVERIFIED,999999999.0000000000,999999999.0000000000,0.2000000000,0.6000000000,0.6500000000,2.5000000000,0.9000000000,104,110,104,111,103,111
2231,neighbor,False,INVALID_GEOMETRY_OR_INPUT,999999999.0000000000,999999999.0000000000,0.2250000000,0.6000000000,0.3000000000,2.5000000000,1.0000000000,103,112,104,112,103,111
2232,neighbor,False,INVALID_GEOMETRY_OR_INPUT,999999999.0000000000,999999999.0000000000,0.2000000000,0.5000000000,0.3500000000,2.5000000000,1.0000000000,104,110,102,110,102,111
2233,neighbor,False,INVALID_GEOMETRY_OR_INPUT,999999999.0000000000,999999999.0000000000,0.2000000000,0.5000000000,0.3000000000,2.5000000000,1.0000000000,104,110,104,110,104,110
2234,neighbor,False,WSD_CRITERIA_UNVERIFIED,999999999.0000000000,999999999.0000000000,0.2500000000,0.5000000000,0.4500000000,2.5000000000,0.8000000000,102,111,104,110,102,110
2235,neighbor,False,WSD_CRITERIA_UNVERIFIED,999999999.0000000000,999999999.0000000000,0.2000000000,0.5000000000,0.3500000000,3.0000000000,1.0000000000,104,110,102,111,103,110
2236,neighbor,False,WSD_CRITERIA_UNVERIFIED,999999999.0000000000,999999999.0000000000,0.2000000000,0.4000000000,0.5500000000,3.0000000000,1.0000000000,102,110,102,110,102,111
2237,neighbor,False,WSD_CRITERIA_UNVERIFIED,999999999.0000000000,999999999.0000000000,0.2000000000,0.4500000000,0.5000000000,2.5000000000,1.0000000000,104,111,104,112,103,110
2238,neighbor,False,WSD_CRITERIA_UNVERIFIED,999999999.0000000000,999999999.0000000000,0.2000000000,0.4000000000,0.4000000000,2.5000000000,0.8000000000,103,110,104,110,104,110
2239,neighbor,False,WSD_CRITERIA_UNVERIFIED,999999999.0000000000,999999999.0000000000,0.2500000000,0.4000000000,0.7500000000,2.5000000000,0.9000000000,104,110,104,110,102,112
2240,neighbor,False,WSD_CRITERIA_UNVERIFIED,999999999.0000000000,999999999.0000000000,0.2000000000,0.4500000000,0.4500000000,2.5000000000,1.0000000000,104,110,103,110,103,111
2241,neighbor,False,WSD_CRITERIA_UNVERIFIED,999999999.0000000000,999999999.0000000000,0.2250000000,0.4500000000,0.6500000000,3.0000000000,0.9000000000,104,110,104,112,104,111
2242,neighbor,False,WSD_CRITERIA_UNVERIFIED,999999999.0000000000,999999999.0000000000,0.2500000000,0.5500000000,0.4500000000,3.0000000000,1.0000000000,104,110,104,110,103,110
2243,neighbor,False,WSD_CRITERIA_UNVERIFIED,999999999.0000000000,999999999.0000000000,0.2000000000,0.6000000000,0.6500000000,2.5000000000,0.9000000000,104,112,102,110,104,110
2244,neighbor,False,INVALID_GEOMETRY_OR_INPUT,999999999.0000000000,999999999.0000000000,0.2000000000,0.5500000000,0.5000000000,2.5000000000,1.0000000000,104,112,104,110,104,110
2245,neighbor,False,INVALID_GEOMETRY_OR_INPUT,999999999.0000000000,999999999.0000000000,0.2250000000,0.6000000000,0.3500000000,2.5000000000,1.0000000000,104,110,104,112,104,110
2246,neighbor,False,WSD_CRITERIA_UNVERIFIED,999999999.0000000000,999999999.0000000000,0.2000000000,0.4000000000,0.4000000000,3.0000000000,0.8000000000,103,110,103,111,103,110
2247,neighbor,False,WSD_CRITERIA_UNVERIFIED,999999999.0000000000,999999999.0000000000,0.2500000000,0.5000000000,0.6000000000,3.0000000000,0.9000000000,104,112,104,111,104,110
2248,neighbor,False,WSD_CRITERIA_UNVERIFIED,999999999.0000000000,999999999.0000000000,0.2000000000,0.5000000000,0.5500000000,2.5000000000,0.8000000000,104,110,104,110,102,110
2249,neighbor,False,WSD_CRITERIA_UNVERIFIED,999999999.0000000000,999999999.0000000000,0.2500000000,0.4000000000,0.6000000000,2.5000000000,1.0000000000,103,110,103,111,104,110
2250,neighbor,False,WSD_CRITERIA_UNVERIFIED,999999999.0000000000,999999999.0000000000,0.2500000000,0.5500000000,0.7500000000,2.5000000000,0.9000000000,102,112,104,110,103,110
2251,neighbor,False,WSD_CRITERIA_UNVERIFIED,999999999.0000000000,999999999.0000000000,0.2250000000,0.5000000000,0.4000000000,3.0000000000,1.0000000000,103,110,104,110,102,112
2252,neighbor,False,WSD_CRITERIA_UNVERIFIED,999999999.0000000000,999999999.0000000000,0.2250000000,0.4500000000,0.3000000000,2.5000000000,1.0000000000,102,110,104,111,103,110
2253,neighbor,False,WSD_CRITERIA_UNVERIFIED,999999999.0000000000,999999999.0000000000,0.2000000000,0.6000000000,0.7500000000,3.0000000000,1.0000000000,102,111,103,110,103,110
2254,neighbor,False,WSD_CRITERIA_UNVERIFIED,999999999.0000000000,999999999.0000000000,0.2500000000,0.4500000000,0.5500000000,3.0000000000,0.9000000000,102,111,103,112,102,110
2255,neighbor,False,WSD_CRITERIA_UNVERIFIED,999999999.0000000000,999999999.0000000000,0.2250000000,0.4500000000,0.7500000000,3.0000000000,0.8000000000,102,111,104,110,103,112
2256,neighbor,False,WSD_CRITERIA_UNVERIFIED,999999999.0000000000,999999999.0000000000,0.2000000000,0.6000000000,0.6000000000,2.5000000000,0.9000000000,104,110,102,110,104,110
2257,neighbor,False,INVALID_GEOMETRY_OR_INPUT,999999999.0000000000,999999999.0000000000,0.2500000000,0.6000000000,0.3000000000,2.5000000000,1.0000000000,104,110,104,110,104,111
2258,neighbor,False,INVALID_GEOMETRY_OR_INPUT,999999999.0000000000,999999999.0000000000,0.2500000000,0.5500000000,0.7500000000,2.5000000000,1.0000000000,103,112,104,110,104,112
2259,neighbor,False,WSD_CRITERIA_UNVERIFIED,999999999.0000000000,999999999.0000000000,0.2000000000,0.5500000000,0.5500000000,3.0000000000,1.0000000000,102,110,102,110,103,110
2260,neighbor,False,WSD_CRITERIA_UNVERIFIED,999999999.0000000000,999999999.0000000000,0.2000000000,0.4000000000,0.6500000000,2.5000000000,1.0000000000,104,112,102,110,104,110
2261,neighbor,False,INVALID_GEOMETRY_OR_INPUT,999999999.0000000000,999999999.0000000000,0.2250000000,0.5000000000,0.6500000000,2.5000000000,1.0000000000,102,110,102,110,104,110
2262,neighbor,False,INVALID_GEOMETRY_OR_INPUT,999999999.0000000000,999999999.0000000000,0.2250000000,0.5000000000,0.6500000000,2.5000000000,1.0000000000,104,111,104,111,102,110
2263,neighbor,False,WSD_CRITERIA_UNVERIFIED,999999999.0000000000,999999999.0000000000,0.2000000000,0.5000000000,0.3000000000,3.0000000000,0.9000000000,104,110,102,112,104,112
2264,neighbor,False,WSD_CRITERIA_UNVERIFIED,999999999.0000000000,999999999.0000000000,0.2000000000,0.5500000000,0.3000000000,3.0000000000,1.0000000000,103,110,103,110,104,110
2265,neighbor,False,WSD_CRITERIA_UNVERIFIED,999999999.0000000000,999999999.0000000000,0.2000000000,0.5500000000,0.5000000000,3.0000000000,1.0000000000,103,110,104,110,102,112
2266,neighbor,False,WSD_CRITERIA_UNVERIFIED,999999999.0000000000,999999999.0000000000,0.2500000000,0.4000000000,0.6000000000,2.5000000000,1.0000000000,104,110,104,112,104,110
2267,neighbor,False,WSD_CRITERIA_UNVERIFIED,999999999.0000000000,999999999.0000000000,0.2000000000,0.4500000000,0.6000000000,2.5000000000,1.0000000000,104,110,102,110,104,110
2268,neighbor,False,WSD_CRITERIA_UNVERIFIED,999999999.0000000000,999999999.0000000000,0.2250000000,0.6000000000,0.6000000000,2.5000000000,0.9000000000,104,110,103,111,104,110
2269,neighbor,False,CONCRETE_OR_STEEL_STRESS,999999999.0000000000,999999999.0000000000,0.2250000000,0.4000000000,0.7000000000,2.5000000000,0.9000000000,102,112,103,112,102,110
2270,neighbor,False,WSD_CRITERIA_UNVERIFIED,999999999.0000000000,999999999.0000000000,0.2000000000,0.6000000000,0.7500000000,3.0000000000,0.8000000000,102,112,103,110,103,111
2271,neighbor,False,WSD_CRITERIA_UNVERIFIED,999999999.0000000000,999999999.0000000000,0.2500000000,0.5500000000,0.5000000000,3.0000000000,1.0000000000,104,111,104,110,104,110
2272,neighbor,False,INVALID_GEOMETRY_OR_INPUT,999999999.0000000000,999999999.0000000000,0.2000000000,0.5500000000,0.7000000000,2.5000000000,1.0000000000,104,111,104,110,102,110
2273,neighbor,False,WSD_CRITERIA_UNVERIFIED,999999999.0000000000,999999999.0000000000,0.2500000000,0.4500000000,0.3000000000,2.5000000000,0.9000000000,104,111,104,110,104,111
2274,neighbor,False,WSD_CRITERIA_UNVERIFIED,999999999.0000000000,999999999.0000000000,0.2000000000,0.5000000000,0.6500000000,3.0000000000,1.0000000000,104,111,104,111,103,110
2275,neighbor,False,WSD_CRITERIA_UNVERIFIED,999999999.0000000000,999999999.0000000000,0.2250000000,0.5500000000,0.4000000000,2.5000000000,0.9000000000,104,110,104,110,103,112
2276,neighbor,False,WSD_CRITERIA_UNVERIFIED,999999999.0000000000,999999999.0000000000,0.2500000000,0.4500000000,0.5500000000,2.5000000000,0.9000000000,104,111,104,110,104,111
2277,neighbor,False,WSD_CRITERIA_UNVERIFIED,999999999.0000000000,999999999.0000000000,0.2000000000,0.5500000000,0.3000000000,2.5000000000,0.9000000000,104,110,104,110,103,112
2278,neighbor,False,WSD_CRITERIA_UNVERIFIED,999999999.0000000000,999999999.0000000000,0.2000000000,0.4500000000,0.7500000000,2.5000000000,1.0000000000,104,112,104,110,102,112
2279,neighbor,False,WSD_CRITERIA_UNVERIFIED,999999999.0000000000,999999999.0000000000,0.2500000000,0.6000000000,0.6000000000,2.5000000000,0.9000000000,104,110,104,111,103,111
2280,neighbor,False,INVALID_GEOMETRY_OR_INPUT,999999999.0000000000,999999999.0000000000,0.2250000000,0.6000000000,0.3500000000,2.5000000000,1.0000000000,102,110,104,112,104,110
2281,neighbor,False,WSD_CRITERIA_UNVERIFIED,999999999.0000000000,999999999.0000000000,0.2000000000,0.4000000000,0.6000000000,2.5000000000,0.9000000000,102,111,104,110,102,110
2282,neighbor,False,WSD_CRITERIA_UNVERIFIED,999999999.0000000000,999999999.0000000000,0.2000000000,0.4500000000,0.4500000000,3.0000000000,1.0000000000,102,110,103,111,104,111
2283,neighbor,False,WSD_CRITERIA_UNVERIFIED,999999999.0000000000,999999999.0000000000,0.2000000000,0.4500000000,0.5000000000,2.5000000000,0.9000000000,104,112,104,111,102,110
2284,neighbor,False,INVALID_GEOMETRY_OR_INPUT,999999999.0000000000,999999999.0000000000,0.2000000000,0.5000000000,0.4000000000,2.5000000000,1.0000000000,103,110,104,110,103,112
2285,neighbor,False,WSD_CRITERIA_UNVERIFIED,999999999.0000000000,999999999.0000000000,0.2000000000,0.6000000000,0.3000000000,3.0000000000,0.9000000000,104,110,102,112,104,111
2286,neighbor,False,WSD_CRITERIA_UNVERIFIED,999999999.0000000000,999999999.0000000000,0.2000000000,0.4500000000,0.3500000000,3.0000000000,1.0000000000,104,110,104,110,103,112
2287,neighbor,False,WSD_CRITERIA_UNVERIFIED,999999999.0000000000,999999999.0000000000,0.2000000000,0.5500000000,0.3500000000,3.0000000000,0.9000000000,104,110,104,110,102,111
2288,neighbor,False,INVALID_GEOMETRY_OR_INPUT,999999999.0000000000,999999999.0000000000,0.2000000000,0.5000000000,0.4500000000,2.5000000000,1.0000000000,103,110,103,110,104,111
2289,neighbor,False,WSD_CRITERIA_UNVERIFIED,999999999.0000000000,999999999.0000000000,0.2000000000,0.4500000000,0.5500000000,2.5000000000,1.0000000000,104,112,103,111,104,110
2290,neighbor,False,INVALID_GEOMETRY_OR_INPUT,999999999.0000000000,999999999.0000000000,0.2000000000,0.5000000000,0.7500000000,2.5000000000,1.0000000000,102,112,104,111,102,110
2291,neighbor,False,WSD_CRITERIA_UNVERIFIED,999999999.0000000000,999999999.0000000000,0.2500000000,0.5500000000,0.6500000000,2.5000000000,0.9000000000,102,110,104,112,103,110
2292,neighbor,False,WSD_CRITERIA_UNVERIFIED,999999999.0000000000,999999999.0000000000,0.2000000000,0.4000000000,0.3000000000,2.5000000000,0.8000000000,104,110,104,110,104,112
2293,neighbor,False,WSD_CRITERIA_UNVERIFIED,999999999.0000000000,999999999.0000000000,0.2500000000,0.4000000000,0.6000000000,3.0000000000,1.0000000000,103,110,102,110,103,110
2294,neighbor,False,WSD_CRITERIA_UNVERIFIED,999999999.0000000000,999999999.0000000000,0.2500000000,0.4500000000,0.7000000000,2.5000000000,1.0000000000,102,110,104,112,103,112
2295,neighbor,False,WSD_CRITERIA_UNVERIFIED,999999999.0000000000,999999999.0000000000,0.2000000000,0.4500000000,0.3500000000,2.5000000000,1.0000000000,104,110,104,110,104,111
2296,neighbor,False,INVALID_GEOMETRY_OR_INPUT,999999999.0000000000,999999999.0000000000,0.2250000000,0.5500000000,0.6000000000,2.5000000000,1.0000000000,104,110,104,111,104,110
2297,neighbor,False,WSD_CRITERIA_UNVERIFIED,999999999.0000000000,999999999.0000000000,0.2000000000,0.4500000000,0.6500000000,3.0000000000,1.0000000000,104,112,104,110,104,110
2298,neighbor,False,INVALID_GEOMETRY_OR_INPUT,999999999.0000000000,999999999.0000000000,0.2000000000,0.5000000000,0.3500000000,2.5000000000,1.0000000000,102,110,103,110,104,111
2299,neighbor,False,WSD_CRITERIA_UNVERIFIED,999999999.0000000000,999999999.0000000000,0.2250000000,0.5500000000,0.3000000000,2.5000000000,0.8000000000,104,111,104,111,102,112
2300,neighbor,False,WSD_CRITERIA_UNVERIFIED,999999999.0000000000,999999999.0000000000,0.2000000000,0.4000000000,0.3000000000,2.5000000000,0.9000000000,102,111,104,112,104,110
2301,neighbor,False,INVALID_GEOMETRY_OR_INPUT,999999999.0000000000,999999999.0000000000,0.2250000000,0.5000000000,0.3000000000,2.5000000000,1.0000000000,104,111,104,110,102,110
2302,neighbor,False,WSD_CRITERIA_UNVERIFIED,999999999.0000000000,999999999.0000000000,0.2000000000,0.4000000000,0.5500000000,2.5000000000,0.8000000000,104,110,103,110,104,110
2303,neighbor,False,WSD_CRITERIA_UNVERIFIED,999999999.0000000000,999999999.0000000000,0.2000000000,0.5000000000,0.6500000000,3.0000000000,1.0000000000,104,110,104,110,104,111
2304,neighbor,False,WSD_CRITERIA_UNVERIFIED,999999999.0000000000,999999999.0000000000,0.2000000000,0.5500000000,0.3500000000,2.5000000000,0.9000000000,104,110,103,111,102,111
2305,neighbor,False,WSD_CRITERIA_UNVERIFIED,999999999.0000000000,999999999.0000000000,0.2000000000,0.5500000000,0.6000000000,2.5000000000,0.8000000000,104,112,104,112,102,112
2306,neighbor,False,WSD_CRITERIA_UNVERIFIED,999999999.0000000000,999999999.0000000000,0.2000000000,0.5000000000,0.5500000000,3.0000000000,1.0000000000,104,110,102,112,103,110
2307,neighbor,False,WSD_CRITERIA_UNVERIFIED,999999999.0000000000,999999999.0000000000,0.2000000000,0.4500000000,0.3000000000,2.5000000000,1.0000000000,104,110,104,110,102,112
2308,neighbor,False,WSD_CRITERIA_UNVERIFIED,999999999.0000000000,999999999.0000000000,0.2000000000,0.4000000000,0.4500000000,2.5000000000,0.9000000000,104,110,103,110,104,112
2309,neighbor,False,WSD_CRITERIA_UNVERIFIED,999999999.0000000000,999999999.0000000000,0.2000000000,0.5500000000,0.5000000000,3.0000000000,0.9000000000,104,112,104,110,104,111
2310,neighbor,False,WSD_CRITERIA_UNVERIFIED,999999999.0000000000,999999999.0000000000,0.2250000000,0.4500000000,0.7000000000,2.5000000000,1.0000000000,102,110,102,112,102,112
2311,neighbor,False,WSD_CRITERIA_UNVERIFIED,999999999.0000000000,999999999.0000000000,0.2000000000,0.5500000000,0.4000000000,3.0000000000,1.0000000000,104,110,103,112,104,110
2312,neighbor,False,WSD_CRITERIA_UNVERIFIED,999999999.0000000000,999999999.0000000000,0.2000000000,0.5500000000,0.4000000000,3.0000000000,0.8000000000,104,110,102,110,102,110
2313,neighbor,False,WSD_CRITERIA_UNVERIFIED,999999999.0000000000,999999999.0000000000,0.2250000000,0.4000000000,0.4000000000,3.0000000000,0.8000000000,104,112,104,110,104,112
2314,neighbor,False,WSD_CRITERIA_UNVERIFIED,999999999.0000000000,999999999.0000000000,0.2000000000,0.4500000000,0.5000000000,2.5000000000,1.0000000000,103,111,103,111,104,110
2315,neighbor,False,WSD_CRITERIA_UNVERIFIED,999999999.0000000000,999999999.0000000000,0.2500000000,0.5500000000,0.4000000000,2.5000000000,0.8000000000,102,110,103,110,104,110
2316,neighbor,False,WSD_CRITERIA_UNVERIFIED,999999999.0000000000,999999999.0000000000,0.2250000000,0.4000000000,0.6000000000,2.5000000000,1.0000000000,102,110,104,110,104,110
2317,neighbor,False,WSD_CRITERIA_UNVERIFIED,999999999.0000000000,999999999.0000000000,0.2000000000,0.4000000000,0.3000000000,3.0000000000,0.8000000000,102,111,104,110,104,110
2318,neighbor,False,WSD_CRITERIA_UNVERIFIED,999999999.0000000000,999999999.0000000000,0.2250000000,0.5000000000,0.5000000000,3.0000000000,1.0000000000,103,112,104,110,104,112
2319,neighbor,False,WSD_CRITERIA_UNVERIFIED,999999999.0000000000,999999999.0000000000,0.2000000000,0.6000000000,0.3500000000,3.0000000000,1.0000000000,104,112,103,111,102,110
2320,neighbor,False,WSD_CRITERIA_UNVERIFIED,999999999.0000000000,999999999.0000000000,0.2000000000,0.4500000000,0.4000000000,2.5000000000,1.0000000000,104,110,104,111,103,112
2321,neighbor,False,WSD_CRITERIA_UNVERIFIED,999999999.0000000000,999999999.0000000000,0.2500000000,0.4000000000,0.5000000000,2.5000000000,0.8000000000,102,110,103,110,102,110
2322,neighbor,False,WSD_CRITERIA_UNVERIFIED,999999999.0000000000,999999999.0000000000,0.2000000000,0.4500000000,0.3000000000,2.5000000000,0.9000000000,102,111,104,110,103,110
2323,neighbor,False,INVALID_GEOMETRY_OR_INPUT,999999999.0000000000,999999999.0000000000,0.2000000000,0.5500000000,0.5000000000,2.5000000000,1.0000000000,104,111,102,110,104,111
2324,neighbor,False,WSD_CRITERIA_UNVERIFIED,999999999.0000000000,999999999.0000000000,0.2250000000,0.4500000000,0.4500000000,3.0000000000,1.0000000000,104,112,103,110,104,110
2325,neighbor,False,WSD_CRITERIA_UNVERIFIED,999999999.0000000000,999999999.0000000000,0.2250000000,0.4000000000,0.6000000000,2.5000000000,0.9000000000,104,111,102,110,104,111
2326,neighbor,False,WSD_CRITERIA_UNVERIFIED,999999999.0000000000,999999999.0000000000,0.2000000000,0.4500000000,0.4000000000,2.5000000000,0.9000000000,104,112,104,110,103,110
2327,neighbor,False,WSD_CRITERIA_UNVERIFIED,999999999.0000000000,999999999.0000000000,0.2250000000,0.5000000000,0.4500000000,3.0000000000,0.9000000000,104,111,103,110,104,112
2328,neighbor,False,WSD_CRITERIA_UNVERIFIED,999999999.0000000000,999999999.0000000000,0.2250000000,0.4500000000,0.4500000000,3.0000000000,0.9000000000,104,110,102,111,102,110
2329,neighbor,False,WSD_CRITERIA_UNVERIFIED,999999999.0000000000,999999999.0000000000,0.2500000000,0.4000000000,0.4000000000,3.0000000000,1.0000000000,104,110,104,110,103,110
2330,neighbor,False,CONCRETE_OR_STEEL_STRESS,999999999.0000000000,999999999.0000000000,0.2500000000,0.4000000000,0.7000000000,2.5000000000,1.0000000000,102,112,104,111,104,111
2331,neighbor,False,WSD_CRITERIA_UNVERIFIED,999999999.0000000000,999999999.0000000000,0.2000000000,0.4500000000,0.3000000000,2.5000000000,0.9000000000,104,111,104,111,104,110
2332,neighbor,False,WSD_CRITERIA_UNVERIFIED,999999999.0000000000,999999999.0000000000,0.2000000000,0.6000000000,0.6500000000,3.0000000000,0.8000000000,104,110,103,112,104,112
2333,neighbor,False,WSD_CRITERIA_UNVERIFIED,999999999.0000000000,999999999.0000000000,0.2500000000,0.5000000000,0.3000000000,2.5000000000,0.8000000000,104,110,104,110,102,112
2334,neighbor,False,INVALID_GEOMETRY_OR_INPUT,999999999.0000000000,999999999.0000000000,0.2000000000,0.5000000000,0.5000000000,2.5000000000,1.0000000000,104,112,103,111,104,110
2335,neighbor,False,INVALID_GEOMETRY_OR_INPUT,999999999.0000000000,999999999.0000000000,0.2250000000,0.5500000000,0.6500000000,2.5000000000,1.0000000000,103,110,102,110,102,112
2336,neighbor,False,INVALID_GEOMETRY_OR_INPUT,999999999.0000000000,999999999.0000000000,0.2500000000,0.6000000000,0.7500000000,2.5000000000,1.0000000000,104,112,104,112,104,111
2337,neighbor,False,INVALID_GEOMETRY_OR_INPUT,999999999.0000000000,999999999.0000000000,0.2000000000,0.5000000000,0.6500000000,2.5000000000,1.0000000000,103,111,103,110,102,110
2338,neighbor,False,WSD_CRITERIA_UNVERIFIED,999999999.0000000000,999999999.0000000000,0.2000000000,0.5000000000,0.4000000000,3.0000000000,1.0000000000,102,110,102,112,104,110
2339,neighbor,False,INVALID_GEOMETRY_OR_INPUT,999999999.0000000000,999999999.0000000000,0.2000000000,0.5500000000,0.5500000000,2.5000000000,1.0000000000,104,110,104,112,104,112
2340,neighbor,False,INVALID_GEOMETRY_OR_INPUT,999999999.0000000000,999999999.0000000000,0.2250000000,0.5000000000,0.7000000000,2.5000000000,1.0000000000,104,110,103,110,104,110
2341,neighbor,False,WSD_CRITERIA_UNVERIFIED,999999999.0000000000,999999999.0000000000,0.2250000000,0.6000000000,0.5500000000,3.0000000000,1.0000000000,104,112,104,110,104,111
2342,neighbor,False,INVALID_GEOMETRY_OR_INPUT,999999999.0000000000,999999999.0000000000,0.2000000000,0.5000000000,0.3000000000,2.5000000000,1.0000000000,103,110,104,110,104,112
2343,neighbor,False,WSD_CRITERIA_UNVERIFIED,999999999.0000000000,999999999.0000000000,0.2000000000,0.4000000000,0.5500000000,3.0000000000,1.0000000000,104,112,104,111,104,110
2344,neighbor,False,WSD_CRITERIA_UNVERIFIED,999999999.0000000000,999999999.0000000000,0.2000000000,0.4000000000,0.4000000000,3.0000000000,0.8000000000,102,110,103,112,103,110
2345,neighbor,False,WSD_CRITERIA_UNVERIFIED,999999999.0000000000,999999999.0000000000,0.2500000000,0.5000000000,0.7500000000,2.5000000000,0.9000000000,104,110,104,110,104,110
2346,neighbor,False,INVALID_GEOMETRY_OR_INPUT,999999999.0000000000,999999999.0000000000,0.2000000000,0.5500000000,0.3000000000,2.5000000000,1.0000000000,103,112,104,110,104,112
2347,neighbor,False,WSD_CRITERIA_UNVERIFIED,999999999.0000000000,999999999.0000000000,0.2250000000,0.5500000000,0.5500000000,3.0000000000,0.8000000000,102,110,104,110,102,112
2348,neighbor,False,WSD_CRITERIA_UNVERIFIED,999999999.0000000000,999999999.0000000000,0.2000000000,0.4500000000,0.4500000000,2.5000000000,1.0000000000,103,111,104,110,104,111
2349,neighbor,False,INVALID_GEOMETRY_OR_INPUT,999999999.0000000000,999999999.0000000000,0.2000000000,0.5000000000,0.6500000000,2.5000000000,1.0000000000,103,112,104,112,103,110
2350,neighbor,False,INVALID_GEOMETRY_OR_INPUT,999999999.0000000000,999999999.0000000000,0.2000000000,0.5000000000,0.6000000000,2.5000000000,1.0000000000,103,111,102,110,104,110
2351,neighbor,False,WSD_CRITERIA_UNVERIFIED,999999999.0000000000,999999999.0000000000,0.2500000000,0.4000000000,0.3000000000,2.5000000000,0.9000000000,104,111,103,111,104,112
2352,neighbor,False,INVALID_GEOMETRY_OR_INPUT,999999999.0000000000,999999999.0000000000,0.2500000000,0.5500000000,0.6500000000,2.5000000000,1.0000000000,104,110,104,110,104,110
2353,neighbor,False,INVALID_GEOMETRY_OR_INPUT,999999999.0000000000,999999999.0000000000,0.2000000000,0.6000000000,0.3000000000,2.5000000000,1.0000000000,104,111,102,110,103,110
2354,neighbor,False,WSD_CRITERIA_UNVERIFIED,999999999.0000000000,999999999.0000000000,0.2250000000,0.4000000000,0.3500000000,2.5000000000,1.0000000000,102,110,102,110,103,111
2355,neighbor,False,INVALID_GEOMETRY_OR_INPUT,999999999.0000000000,999999999.0000000000,0.2000000000,0.5000000000,0.4000000000,2.5000000000,1.0000000000,104,112,103,112,103,110
2356,neighbor,False,WSD_CRITERIA_UNVERIFIED,999999999.0000000000,999999999.0000000000,0.2500000000,0.5000000000,0.7000000000,3.0000000000,0.8000000000,102,111,104,111,102,110
2357,neighbor,False,WSD_CRITERIA_UNVERIFIED,999999999.0000000000,999999999.0000000000,0.2000000000,0.5000000000,0.6500000000,3.0000000000,0.9000000000,104,110,102,111,104,110
2358,neighbor,False,WSD_CRITERIA_UNVERIFIED,999999999.0000000000,999999999.0000000000,0.2500000000,0.5500000000,0.4000000000,2.5000000000,0.9000000000,104,110,102,111,104,111
2359,neighbor,False,WSD_CRITERIA_UNVERIFIED,999999999.0000000000,999999999.0000000000,0.2250000000,0.5000000000,0.7000000000,2.5000000000,0.9000000000,104,110,103,110,104,112
2360,neighbor,False,WSD_CRITERIA_UNVERIFIED,999999999.0000000000,999999999.0000000000,0.2000000000,0.4000000000,0.6500000000,2.5000000000,0.9000000000,102,110,102,110,102,112
2361,neighbor,False,WSD_CRITERIA_UNVERIFIED,999999999.0000000000,999999999.0000000000,0.2250000000,0.5000000000,0.5500000000,2.5000000000,0.9000000000,104,110,102,111,104,110
2362,neighbor,False,INVALID_GEOMETRY_OR_INPUT,999999999.0000000000,999999999.0000000000,0.2000000000,0.5000000000,0.3000000000,2.5000000000,1.0000000000,102,112,102,111,102,110
2363,neighbor,False,WSD_CRITERIA_UNVERIFIED,999999999.0000000000,999999999.0000000000,0.2000000000,0.6000000000,0.3500000000,2.5000000000,0.9000000000,102,110,103,112,104,112
2364,neighbor,False,WSD_CRITERIA_UNVERIFIED,999999999.0000000000,999999999.0000000000,0.2000000000,0.5000000000,0.6000000000,2.5000000000,0.9000000000,104,110,104,110,103,110
2365,neighbor,False,INVALID_GEOMETRY_OR_INPUT,999999999.0000000000,999999999.0000000000,0.2000000000,0.5000000000,0.5500000000,2.5000000000,1.0000000000,104,110,104,110,104,110
2366,neighbor,False,WSD_CRITERIA_UNVERIFIED,999999999.0000000000,999999999.0000000000,0.2250000000,0.4000000000,0.7500000000,2.5000000000,0.8000000000,102,111,102,110,103,112
2367,neighbor,False,WSD_CRITERIA_UNVERIFIED,999999999.0000000000,999999999.0000000000,0.2000000000,0.5000000000,0.6000000000,3.0000000000,1.0000000000,103,112,102,110,103,110
2368,neighbor,False,WSD_CRITERIA_UNVERIFIED,999999999.0000000000,999999999.0000000000,0.2000000000,0.4500000000,0.5500000000,3.0000000000,0.9000000000,104,110,102,111,102,110
2369,neighbor,False,WSD_CRITERIA_UNVERIFIED,999999999.0000000000,999999999.0000000000,0.2000000000,0.5500000000,0.6000000000,3.0000000000,1.0000000000,104,111,102,110,104,111
2370,neighbor,False,WSD_CRITERIA_UNVERIFIED,999999999.0000000000,999999999.0000000000,0.2500000000,0.5000000000,0.7500000000,2.5000000000,0.9000000000,103,110,104,111,104,110
2371,neighbor,False,WSD_CRITERIA_UNVERIFIED,999999999.0000000000,999999999.0000000000,0.2000000000,0.6000000000,0.5500000000,2.5000000000,0.8000000000,103,112,103,110,104,110
2372,neighbor,False,WSD_CRITERIA_UNVERIFIED,999999999.0000000000,999999999.0000000000,0.2000000000,0.5500000000,0.7000000000,3.0000000000,1.0000000000,104,110,104,110,104,110
2373,neighbor,False,INVALID_GEOMETRY_OR_INPUT,999999999.0000000000,999999999.0000000000,0.2000000000,0.5500000000,0.3000000000,2.5000000000,1.0000000000,103,111,104,110,104,110
2374,neighbor,False,INVALID_GEOMETRY_OR_INPUT,999999999.0000000000,999999999.0000000000,0.2000000000,0.5000000000,0.3000000000,2.5000000000,1.0000000000,104,111,104,112,104,110
2375,neighbor,False,WSD_CRITERIA_UNVERIFIED,999999999.0000000000,999999999.0000000000,0.2000000000,0.5000000000,0.5500000000,2.5000000000,0.9000000000,102,110,103,110,104,110
2376,neighbor,False,WSD_CRITERIA_UNVERIFIED,999999999.0000000000,999999999.0000000000,0.2250000000,0.5500000000,0.6000000000,2.5000000000,0.9000000000,103,110,102,111,104,112
2377,neighbor,False,INVALID_GEOMETRY_OR_INPUT,999999999.0000000000,999999999.0000000000,0.2250000000,0.6000000000,0.7000000000,2.5000000000,1.0000000000,102,112,104,112,104,110
2378,neighbor,False,WSD_CRITERIA_UNVERIFIED,999999999.0000000000,999999999.0000000000,0.2000000000,0.5000000000,0.5500000000,3.0000000000,1.0000000000,104,110,104,110,104,112
2379,neighbor,False,WSD_CRITERIA_UNVERIFIED,999999999.0000000000,999999999.0000000000,0.2000000000,0.4500000000,0.6500000000,2.5000000000,1.0000000000,104,112,104,112,103,112
2380,neighbor,False,WSD_CRITERIA_UNVERIFIED,999999999.0000000000,999999999.0000000000,0.2250000000,0.5500000000,0.3500000000,3.0000000000,0.8000000000,104,110,104,110,104,110
2381,neighbor,False,INVALID_GEOMETRY_OR_INPUT,999999999.0000000000,999999999.0000000000,0.2000000000,0.5000000000,0.7500000000,2.5000000000,1.0000000000,103,112,104,111,104,110
2382,neighbor,False,WSD_CRITERIA_UNVERIFIED,999999999.0000000000,999999999.0000000000,0.2000000000,0.5000000000,0.7000000000,3.0000000000,1.0000000000,104,110,104,110,104,110
2383,neighbor,False,INVALID_GEOMETRY_OR_INPUT,999999999.0000000000,999999999.0000000000,0.2500000000,0.5500000000,0.6500000000,2.5000000000,1.0000000000,103,110,104,111,104,110
2384,neighbor,False,WSD_CRITERIA_UNVERIFIED,999999999.0000000000,999999999.0000000000,0.2000000000,0.4500000000,0.4500000000,2.5000000000,1.0000000000,104,110,103,111,104,111
2385,neighbor,False,WSD_CRITERIA_UNVERIFIED,999999999.0000000000,999999999.0000000000,0.2000000000,0.4000000000,0.6000000000,2.5000000000,1.0000000000,104,110,102,111,104,112
2386,neighbor,False,INVALID_GEOMETRY_OR_INPUT,999999999.0000000000,999999999.0000000000,0.2250000000,0.6000000000,0.7500000000,2.5000000000,1.0000000000,103,111,103,110,103,111
2387,neighbor,False,INVALID_GEOMETRY_OR_INPUT,999999999.0000000000,999999999.0000000000,0.2000000000,0.5500000000,0.7000000000,2.5000000000,1.0000000000,104,110,102,110,104,111
2388,neighbor,False,WSD_CRITERIA_UNVERIFIED,999999999.0000000000,999999999.0000000000,0.2000000000,0.4000000000,0.4500000000,2.5000000000,1.0000000000,103,110,104,112,104,110
2389,neighbor,False,WSD_CRITERIA_UNVERIFIED,999999999.0000000000,999999999.0000000000,0.2500000000,0.5000000000,0.6000000000,2.5000000000,0.8000000000,104,110,103,112,104,112
2390,neighbor,False,WSD_CRITERIA_UNVERIFIED,999999999.0000000000,999999999.0000000000,0.2500000000,0.6000000000,0.3000000000,2.5000000000,0.9000000000,104,111,104,110,104,110
2391,neighbor,False,INVALID_GEOMETRY_OR_INPUT,999999999.0000000000,999999999.0000000000,0.2250000000,0.5000000000,0.5500000000,2.5000000000,1.0000000000,104,110,104,110,104,110
2392,neighbor,False,WSD_CRITERIA_UNVERIFIED,999999999.0000000000,999999999.0000000000,0.2000000000,0.6000000000,0.3500000000,2.5000000000,0.9000000000,104,110,104,110,104,112
2393,neighbor,False,WSD_CRITERIA_UNVERIFIED,999999999.0000000000,999999999.0000000000,0.2500000000,0.4000000000,0.6500000000,2.5000000000,1.0000000000,103,110,103,112,104,112
2394,neighbor,False,INVALID_GEOMETRY_OR_INPUT,999999999.0000000000,999999999.0000000000,0.2500000000,0.5500000000,0.7000000000,2.5000000000,1.0000000000,104,110,102,110,104,110
2395,neighbor,False,WSD_CRITERIA_UNVERIFIED,999999999.0000000000,999999999.0000000000,0.2500000000,0.4500000000,0.3000000000,2.5000000000,0.9000000000,104,112,104,110,104,111
2396,neighbor,False,WSD_CRITERIA_UNVERIFIED,999999999.0000000000,999999999.0000000000,0.2000000000,0.4500000000,0.6500000000,2.5000000000,0.8000000000,104,111,103,111,102,110
2397,neighbor,False,WSD_CRITERIA_UNVERIFIED,999999999.0000000000,999999999.0000000000,0.2250000000,0.4000000000,0.5500000000,3.0000000000,1.0000000000,102,110,104,110,102,112
2398,neighbor,False,INVALID_GEOMETRY_OR_INPUT,999999999.0000000000,999999999.0000000000,0.2500000000,0.5500000000,0.3000000000,2.5000000000,1.0000000000,104,110,104,110,104,110
2399,neighbor,False,WSD_CRITERIA_UNVERIFIED,999999999.0000000000,999999999.0000000000,0.2000000000,0.5000000000,0.5000000000,3.0000000000,1.0000000000,104,110,103,112,102,112
2400,neighbor,False,INVALID_GEOMETRY_OR_INPUT,999999999.0000000000,999999999.0000000000,0.2500000000,0.5000000000,0.5500000000,2.5000000000,1.0000000000,104,110,104,110,104,110
2401,neighbor,False,WSD_CRITERIA_UNVERIFIED,999999999.0000000000,999999999.0000000000,0.2000000000,0.5000000000,0.6500000000,3.0000000000,1.0000000000,103,110,103,110,102,110
2402,neighbor,False,WSD_CRITERIA_UNVERIFIED,999999999.0000000000,999999999.0000000000,0.2250000000,0.5000000000,0.3000000000,3.0000000000,1.0000000000,104,110,104,112,104,110
2403,neighbor,False,INVALID_GEOMETRY_OR_INPUT,999999999.0000000000,999999999.0000000000,0.2250000000,0.5000000000,0.5500000000,2.5000000000,1.0000000000,104,110,104,110,103,110
2404,neighbor,False,WSD_CRITERIA_UNVERIFIED,999999999.0000000000,999999999.0000000000,0.2000000000,0.5500000000,0.4500000000,2.5000000000,0.9000000000,103,110,102,110,104,110
2405,neighbor,False,WSD_CRITERIA_UNVERIFIED,999999999.0000000000,999999999.0000000000,0.2000000000,0.6000000000,0.7000000000,3.0000000000,1.0000000000,104,112,104,112,102,110
2406,neighbor,False,INVALID_GEOMETRY_OR_INPUT,999999999.0000000000,999999999.0000000000,0.2000000000,0.5000000000,0.7500000000,2.5000000000,1.0000000000,103,111,104,110,104,111
2407,neighbor,False,INVALID_GEOMETRY_OR_INPUT,999999999.0000000000,999999999.0000000000,0.2000000000,0.6000000000,0.5500000000,2.5000000000,1.0000000000,104,112,104,111,104,110
2408,neighbor,False,WSD_CRITERIA_UNVERIFIED,999999999.0000000000,999999999.0000000000,0.2000000000,0.6000000000,0.7000000000,2.5000000000,0.9000000000,104,110,102,112,102,111
2409,neighbor,False,WSD_CRITERIA_UNVERIFIED,999999999.0000000000,999999999.0000000000,0.2500000000,0.5500000000,0.5000000000,3.0000000000,0.9000000000,102,110,102,110,104,110
2410,neighbor,False,WSD_CRITERIA_UNVERIFIED,999999999.0000000000,999999999.0000000000,0.2000000000,0.5500000000,0.7500000000,2.5000000000,0.9000000000,102,110,102,110,104,110
2411,neighbor,False,WSD_CRITERIA_UNVERIFIED,999999999.0000000000,999999999.0000000000,0.2000000000,0.4500000000,0.5000000000,2.5000000000,1.0000000000,102,112,103,110,103,110
2412,neighbor,False,WSD_CRITERIA_UNVERIFIED,999999999.0000000000,999999999.0000000000,0.2000000000,0.4000000000,0.3500000000,2.5000000000,0.9000000000,103,110,104,111,103,110
2413,neighbor,False,WSD_CRITERIA_UNVERIFIED,999999999.0000000000,999999999.0000000000,0.2000000000,0.5500000000,0.5000000000,3.0000000000,0.9000000000,103,110,102,112,104,110
2414,neighbor,False,WSD_CRITERIA_UNVERIFIED,999999999.0000000000,999999999.0000000000,0.2500000000,0.4500000000,0.4500000000,3.0000000000,0.9000000000,104,110,104,110,104,112
2415,neighbor,False,INVALID_GEOMETRY_OR_INPUT,999999999.0000000000,999999999.0000000000,0.2000000000,0.6000000000,0.5000000000,2.5000000000,1.0000000000,104,111,104,110,104,110
2416,reset,False,WSD_CRITERIA_UNVERIFIED,999999999.0000000000,999999999.0000000000,0.2000000000,0.3000000000,0.6000000000,3.0000000000,1.0000000000,104,110,104,110,104,110
2417,neighbor,False,CONCRETE_OR_STEEL_STRESS,999999999.0000000000,999999999.0000000000,0.2000000000,0.2000000000,0.7500000000,3.0000000000,1.0000000000,104,110,104,110,102,111
2418,neighbor,False,CONCRETE_OR_STEEL_STRESS,999999999.0000000000,999999999.0000000000,0.2000000000,0.2500000000,0.3500000000,2.5000000000,1.0000000000,102,112,102,112,104,110
2419,neighbor,False,WSD_CRITERIA_UNVERIFIED,999999999.0000000000,999999999.0000000000,0.2000000000,0.3500000000,0.6500000000,3.5000000000,1.0000000000,102,110,102,110,102,111
2420,neighbor,False,CONCRETE_OR_STEEL_STRESS,999999999.0000000000,999999999.0000000000,0.2000000000,0.2500000000,0.6000000000,2.5000000000,0.9000000000,102,110,104,110,104,112
2421,neighbor,False,CONCRETE_OR_STEEL_STRESS,999999999.0000000000,999999999.0000000000,0.2000000000,0.2500000000,0.7500000000,3.0000000000,1.0000000000,102,110,104,112,104,110
2422,neighbor,False,WSD_CRITERIA_UNVERIFIED,999999999.0000000000,999999999.0000000000,0.2250000000,0.4000000000,0.4500000000,2.5000000000,0.9000000000,103,111,104,111,104,112
2423,neighbor,False,WSD_CRITERIA_UNVERIFIED,999999999.0000000000,999999999.0000000000,0.2000000000,0.3500000000,0.5000000000,2.5000000000,1.0000000000,103,111,104,112,104,111
2424,neighbor,False,WSD_CRITERIA_UNVERIFIED,999999999.0000000000,999999999.0000000000,0.2000000000,0.4000000000,0.4000000000,3.0000000000,0.8000000000,104,110,102,110,103,110
2425,neighbor,False,WSD_CRITERIA_UNVERIFIED,999999999.0000000000,999999999.0000000000,0.2000000000,0.4000000000,0.7500000000,3.0000000000,0.8000000000,104,110,104,111,104,110
2426,neighbor,False,WSD_CRITERIA_UNVERIFIED,999999999.0000000000,999999999.0000000000,0.2000000000,0.4000000000,0.5000000000,3.5000000000,1.0000000000,104,110,103,111,104,111
2427,neighbor,False,WSD_CRITERIA_UNVERIFIED,999999999.0000000000,999999999.0000000000,0.2500000000,0.3500000000,0.7000000000,3.5000000000,1.0000000000,102,110,104,110,103,110
2428,neighbor,False,WSD_CRITERIA_UNVERIFIED,999999999.0000000000,999999999.0000000000,0.2500000000,0.3000000000,0.7500000000,3.0000000000,0.9000000000,104,112,102,110,104,110
2429,neighbor,False,WSD_CRITERIA_UNVERIFIED,999999999.0000000000,999999999.0000000000,0.2250000000,0.4000000000,0.6000000000,3.5000000000,0.8000000000,104,110,103,112,104,112
2430,neighbor,False,WSD_CRITERIA_UNVERIFIED,999999999.0000000000,999999999.0000000000,0.2000000000,0.3500000000,0.7500000000,3.0000000000,1.0000000000,103,112,104,111,102,110
2431,neighbor,False,WSD_CRITERIA_UNVERIFIED,999999999.0000000000,999999999.0000000000,0.2500000000,0.3500000000,0.7500000000,3.5000000000,1.0000000000,102,110,103,111,104,110
2432,neighbor,False,CONCRETE_OR_STEEL_STRESS,999999999.0000000000,999999999.0000000000,0.2000000000,0.2500000000,0.5000000000,3.0000000000,0.9000000000,102,110,104,112,103,110
2433,neighbor,False,CONCRETE_OR_STEEL_STRESS,999999999.0000000000,999999999.0000000000,0.2000000000,0.2000000000,0.3500000000,3.0000000000,1.0000000000,104,112,102,112,104,110
2434,neighbor,False,WSD_CRITERIA_UNVERIFIED,999999999.0000000000,999999999.0000000000,0.2000000000,0.4000000000,0.7500000000,3.0000000000,1.0000000000,104,110,104,110,104,110
2435,neighbor,False,CONCRETE_OR_STEEL_STRESS,999999999.0000000000,999999999.0000000000,0.2000000000,0.2000000000,0.7500000000,2.5000000000,1.0000000000,104,110,102,110,103,110
2436,neighbor,False,WSD_CRITERIA_UNVERIFIED,999999999.0000000000,999999999.0000000000,0.2250000000,0.3000000000,0.4000000000,3.0000000000,1.0000000000,103,110,103,110,104,110
2437,neighbor,False,WSD_CRITERIA_UNVERIFIED,999999999.0000000000,999999999.0000000000,0.2000000000,0.3000000000,0.7500000000,2.5000000000,1.0000000000,104,112,102,112,103,111
2438,neighbor,False,CONCRETE_OR_STEEL_STRESS,999999999.0000000000,999999999.0000000000,0.2000000000,0.2500000000,0.5000000000,3.0000000000,1.0000000000,103,110,104,110,104,112
2439,neighbor,False,CONCRETE_OR_STEEL_STRESS,999999999.0000000000,999999999.0000000000,0.2250000000,0.3000000000,0.3500000000,2.5000000000,0.8000000000,103,112,104,110,104,110
2440,neighbor,False,CONCRETE_OR_STEEL_STRESS,999999999.0000000000,999999999.0000000000,0.2000000000,0.2500000000,0.4000000000,2.5000000000,0.9000000000,104,110,104,111,104,110
2441,neighbor,False,WSD_CRITERIA_UNVERIFIED,999999999.0000000000,999999999.0000000000,0.2500000000,0.3000000000,0.7500000000,2.5000000000,1.0000000000,102,110,104,112,104,110
2442,neighbor,False,WSD_CRITERIA_UNVERIFIED,999999999.0000000000,999999999.0000000000,0.2250000000,0.2500000000,0.7500000000,3.0000000000,0.8000000000,104,110,104,110,104,112
2443,neighbor,False,CONCRETE_OR_STEEL_STRESS,999999999.0000000000,999999999.0000000000,0.2000000000,0.2500000000,0.3500000000,2.5000000000,0.9000000000,103,112,104,110,104,110
2444,neighbor,False,WSD_CRITERIA_UNVERIFIED,999999999.0000000000,999999999.0000000000,0.2500000000,0.3500000000,0.4000000000,3.5000000000,1.0000000000,104,111,104,110,104,110
2445,neighbor,False,WSD_CRITERIA_UNVERIFIED,999999999.0000000000,999999999.0000000000,0.2000000000,0.2500000000,0.7500000000,2.5000000000,1.0000000000,104,110,104,110,104,110
2446,neighbor,False,WSD_CRITERIA_UNVERIFIED,999999999.0000000000,999999999.0000000000,0.2250000000,0.3500000000,0.6500000000,2.5000000000,1.0000000000,104,110,104,110,104,110
2447,neighbor,False,CONCRETE_OR_STEEL_STRESS,999999999.0000000000,999999999.0000000000,0.2500000000,0.2500000000,0.7000000000,3.5000000000,1.0000000000,104,111,104,110,102,110
2448,neighbor,False,CONCRETE_OR_STEEL_STRESS,999999999.0000000000,999999999.0000000000,0.2000000000,0.2000000000,0.7000000000,3.0000000000,0.8000000000,103,110,104,112,104,112
2449,neighbor,False,CONCRETE_OR_STEEL_STRESS,999999999.0000000000,999999999.0000000000,0.2000000000,0.2000000000,0.6500000000,3.0000000000,1.0000000000,104,112,104,110,102,110
2450,neighbor,False,CONCRETE_OR_STEEL_STRESS,999999999.0000000000,999999999.0000000000,0.2000000000,0.2500000000,0.7500000000,2.5000000000,1.0000000000,102,111,104,111,104,110
2451,neighbor,False,CONCRETE_OR_STEEL_STRESS,999999999.0000000000,999999999.0000000000,0.2250000000,0.2500000000,0.5500000000,2.5000000000,1.0000000000,103,110,103,110,104,110
2452,neighbor,False,WSD_CRITERIA_UNVERIFIED,999999999.0000000000,999999999.0000000000,0.2000000000,0.3000000000,0.7500000000,3.5000000000,0.9000000000,103,110,104,110,102,110
2453,neighbor,False,CONCRETE_OR_STEEL_STRESS,999999999.0000000000,999999999.0000000000,0.2000000000,0.2000000000,0.4500000000,3.5000000000,1.0000000000,104,110,102,110,103,110
2454,neighbor,False,WSD_CRITERIA_UNVERIFIED,999999999.0000000000,999999999.0000000000,0.2000000000,0.3000000000,0.3500000000,2.5000000000,1.0000000000,103,110,102,110,104,111
2455,neighbor,False,WSD_CRITERIA_UNVERIFIED,999999999.0000000000,999999999.0000000000,0.2000000000,0.3500000000,0.5500000000,3.5000000000,1.0000000000,103,110,104,110,104,110
2456,neighbor,False,WSD_CRITERIA_UNVERIFIED,999999999.0000000000,999999999.0000000000,0.2000000000,0.4000000000,0.7500000000,3.5000000000,1.0000000000,104,110,104,110,104,110
2457,neighbor,False,WSD_CRITERIA_UNVERIFIED,999999999.0000000000,999999999.0000000000,0.2500000000,0.3000000000,0.7000000000,2.5000000000,1.0000000000,104,111,104,111,104,110
2458,neighbor,False,WSD_CRITERIA_UNVERIFIED,999999999.0000000000,999999999.0000000000,0.2000000000,0.3500000000,0.7500000000,3.5000000000,0.9000000000,103,110,104,111,104,110
2459,neighbor,False,CONCRETE_OR_STEEL_STRESS,999999999.0000000000,999999999.0000000000,0.2000000000,0.2500000000,0.5500000000,2.5000000000,1.0000000000,103,112,104,110,102,110
2460,neighbor,False,CONCRETE_OR_STEEL_STRESS,999999999.0000000000,999999999.0000000000,0.2000000000,0.2500000000,0.3500000000,3.0000000000,1.0000000000,104,111,104,112,104,110
2461,neighbor,False,WSD_CRITERIA_UNVERIFIED,999999999.0000000000,999999999.0000000000,0.2000000000,0.3000000000,0.5500000000,2.5000000000,1.0000000000,104,110,102,111,104,110
2462,neighbor,False,WSD_CRITERIA_UNVERIFIED,999999999.0000000000,999999999.0000000000,0.2000000000,0.3500000000,0.7500000000,2.5000000000,0.8000000000,102,110,104,110,104,110
2463,neighbor,False,WSD_CRITERIA_UNVERIFIED,999999999.0000000000,999999999.0000000000,0.2000000000,0.3000000000,0.6000000000,2.5000000000,1.0000000000,104,111,104,111,104,110
2464,neighbor,False,WSD_CRITERIA_UNVERIFIED,999999999.0000000000,999999999.0000000000,0.2000000000,0.4000000000,0.6000000000,3.0000000000,1.0000000000,103,111,104,111,103,110
2465,neighbor,False,WSD_CRITERIA_UNVERIFIED,999999999.0000000000,999999999.0000000000,0.2250000000,0.4000000000,0.7500000000,2.5000000000,1.0000000000,104,111,102,110,104,112
2466,neighbor,False,WSD_CRITERIA_UNVERIFIED,999999999.0000000000,999999999.0000000000,0.2000000000,0.4000000000,0.5500000000,3.0000000000,1.0000000000,104,110,104,110,102,111
2467,neighbor,False,WSD_CRITERIA_UNVERIFIED,999999999.0000000000,999999999.0000000000,0.2250000000,0.4000000000,0.6500000000,3.0000000000,1.0000000000,104,111,102,111,104,112
2468,neighbor,False,CONCRETE_OR_STEEL_STRESS,999999999.0000000000,999999999.0000000000,0.2000000000,0.2000000000,0.4000000000,3.0000000000,0.9000000000,104,110,104,110,104,110
2469,neighbor,False,WSD_CRITERIA_UNVERIFIED,999999999.0000000000,999999999.0000000000,0.2000000000,0.3000000000,0.6500000000,3.5000000000,1.0000000000,104,110,104,110,104,111
2470,neighbor,False,CONCRETE_OR_STEEL_STRESS,999999999.0000000000,999999999.0000000000,0.2000000000,0.2500000000,0.7500000000,3.5000000000,0.9000000000,104,112,104,112,104,110
2471,neighbor,False,WSD_CRITERIA_UNVERIFIED,999999999.0000000000,999999999.0000000000,0.2000000000,0.3500000000,0.4500000000,3.0000000000,1.0000000000,104,110,104,110,103,110
2472,neighbor,False,WSD_CRITERIA_UNVERIFIED,999999999.0000000000,999999999.0000000000,0.2500000000,0.4000000000,0.7500000000,3.0000000000,1.0000000000,104,110,104,111,103,111
2473,neighbor,False,WSD_CRITERIA_UNVERIFIED,999999999.0000000000,999999999.0000000000,0.2000000000,0.3500000000,0.7500000000,3.0000000000,1.0000000000,104,110,102,111,104,110
2474,neighbor,False,WSD_CRITERIA_UNVERIFIED,999999999.0000000000,999999999.0000000000,0.2000000000,0.3000000000,0.7500000000,3.0000000000,0.8000000000,103,111,104,110,103,112
2475,neighbor,False,WSD_CRITERIA_UNVERIFIED,999999999.0000000000,999999999.0000000000,0.2500000000,0.4000000000,0.4000000000,3.5000000000,1.0000000000,104,110,102,110,104,112
2476,neighbor,False,WSD_CRITERIA_UNVERIFIED,999999999.0000000000,999999999.0000000000,0.2000000000,0.3500000000,0.5000000000,2.5000000000,0.9000000000,102,110,104,111,104,111
2477,neighbor,False,CONCRETE_OR_STEEL_STRESS,999999999.0000000000,999999999.0000000000,0.2500000000,0.2500000000,0.4500000000,2.5000000000,1.0000000000,104,110,103,111,104,110
2478,neighbor,False,CONCRETE_OR_STEEL_STRESS,999999999.0000000000,999999999.0000000000,0.2000000000,0.2000000000,0.5000000000,3.5000000000,1.0000000000,104,112,104,110,104,110
2479,neighbor,False,CONCRETE_OR_STEEL_STRESS,999999999.0000000000,999999999.0000000000,0.2000000000,0.3000000000,0.4000000000,3.0000000000,1.0000000000,102,112,104,110,103,110
2480,neighbor,False,CONCRETE_OR_STEEL_STRESS,999999999.0000000000,999999999.0000000000,0.2000000000,0.2500000000,0.3500000000,3.0000000000,1.0000000000,104,110,103,110,103,110
2481,neighbor,False,WSD_CRITERIA_UNVERIFIED,999999999.0000000000,999999999.0000000000,0.2500000000,0.4000000000,0.4500000000,3.0000000000,1.0000000000,104,111,103,110,104,110
2482,neighbor,False,WSD_CRITERIA_UNVERIFIED,999999999.0000000000,999999999.0000000000,0.2000000000,0.3000000000,0.7500000000,3.5000000000,1.0000000000,102,110,103,110,104,110
2483,neighbor,False,WSD_CRITERIA_UNVERIFIED,999999999.0000000000,999999999.0000000000,0.2250000000,0.4000000000,0.5500000000,3.0000000000,1.0000000000,103,110,103,110,104,111
2484,neighbor,False,CONCRETE_OR_STEEL_STRESS,999999999.0000000000,999999999.0000000000,0.2000000000,0.2500000000,0.7000000000,2.5000000000,1.0000000000,103,110,102,111,104,110
2485,neighbor,False,WSD_CRITERIA_UNVERIFIED,999999999.0000000000,999999999.0000000000,0.2000000000,0.2500000000,0.7500000000,3.5000000000,0.9000000000,104,110,102,112,104,112
2486,neighbor,False,CONCRETE_OR_STEEL_STRESS,999999999.0000000000,999999999.0000000000,0.2000000000,0.2000000000,0.5000000000,2.5000000000,1.0000000000,104,110,102,110,104,110
2487,neighbor,False,WSD_CRITERIA_UNVERIFIED,999999999.0000000000,999999999.0000000000,0.2000000000,0.3500000000,0.7500000000,3.0000000000,0.9000000000,102,110,104,110,103,111
2488,neighbor,False,CONCRETE_OR_STEEL_STRESS,999999999.0000000000,999999999.0000000000,0.2000000000,0.2500000000,0.7500000000,3.0000000000,0.9000000000,104,111,103,110,104,112
2489,neighbor,False,WSD_CRITERIA_UNVERIFIED,999999999.0000000000,999999999.0000000000,0.2000000000,0.4000000000,0.7500000000,3.0000000000,0.9000000000,104,110,104,111,104,112
2490,neighbor,False,WSD_CRITERIA_UNVERIFIED,999999999.0000000000,999999999.0000000000,0.2500000000,0.3000000000,0.7000000000,2.5000000000,1.0000000000,104,112,104,110,104,112
2491,neighbor,False,CONCRETE_OR_STEEL_STRESS,999999999.0000000000,999999999.0000000000,0.2000000000,0.2000000000,0.7000000000,3.0000000000,0.8000000000,102,112,104,111,104,110
2492,neighbor,False,WSD_CRITERIA_UNVERIFIED,999999999.0000000000,999999999.0000000000,0.2250000000,0.3500000000,0.7500000000,3.5000000000,1.0000000000,104,110,103,110,102,112
2493,neighbor,False,WSD_CRITERIA_UNVERIFIED,999999999.0000000000,999999999.0000000000,0.2250000000,0.4000000000,0.6500000000,3.5000000000,1.0000000000,104,111,104,111,104,111
2494,neighbor,False,CONCRETE_OR_STEEL_STRESS,999999999.0000000000,999999999.0000000000,0.2000000000,0.2000000000,0.6500000000,3.0000000000,0.8000000000,104,110,102,111,102,111
2495,neighbor,False,WSD_CRITERIA_UNVERIFIED,999999999.0000000000,999999999.0000000000,0.2500000000,0.3500000000,0.5500000000,2.5000000000,1.0000000000,104,110,103,112,103,112
2496,neighbor,False,WSD_CRITERIA_UNVERIFIED,999999999.0000000000,999999999.0000000000,0.2250000000,0.4000000000,0.7000000000,3.5000000000,0.8000000000,104,110,104,110,104,110
2497,neighbor,False,WSD_CRITERIA_UNVERIFIED,999999999.0000000000,999999999.0000000000,0.2250000000,0.3500000000,0.6000000000,3.5000000000,0.9000000000,104,110,104,110,102,111
2498,neighbor,False,WSD_CRITERIA_UNVERIFIED,999999999.0000000000,999999999.0000000000,0.2000000000,0.3000000000,0.5000000000,2.5000000000,0.8000000000,102,110,102,110,102,110
2499,neighbor,False,WSD_CRITERIA_UNVERIFIED,999999999.0000000000,999999999.0000000000,0.2000000000,0.3500000000,0.4000000000,2.5000000000,1.0000000000,104,111,102,112,104,110
2500,neighbor,False,WSD_CRITERIA_UNVERIFIED,999999999.0000000000,999999999.0000000000,0.2000000000,0.3000000000,0.6000000000,3.5000000000,0.8000000000,103,110,102,110,103,110
2501,neighbor,False,WSD_CRITERIA_UNVERIFIED,999999999.0000000000,999999999.0000000000,0.2250000000,0.2500000000,0.7500000000,3.0000000000,0.8000000000,104,110,104,112,102,110
2502,neighbor,False,CONCRETE_OR_STEEL_STRESS,999999999.0000000000,999999999.0000000000,0.2000000000,0.2000000000,0.5000000000,3.0000000000,0.9000000000,104,111,104,110,103,112
2503,neighbor,False,WSD_CRITERIA_UNVERIFIED,999999999.0000000000,999999999.0000000000,0.2000000000,0.3000000000,0.7500000000,3.0000000000,1.0000000000,102,110,103,111,104,110
2504,neighbor,False,WSD_CRITERIA_UNVERIFIED,999999999.0000000000,999999999.0000000000,0.2250000000,0.3000000000,0.5000000000,2.5000000000,1.0000000000,104,110,102,112,103,110
2505,neighbor,False,WSD_CRITERIA_UNVERIFIED,999999999.0000000000,999999999.0000000000,0.2000000000,0.3000000000,0.4500000000,3.5000000000,1.0000000000,104,111,104,112,104,111
2506,neighbor,False,WSD_CRITERIA_UNVERIFIED,999999999.0000000000,999999999.0000000000,0.2250000000,0.3500000000,0.3500000000,3.0000000000,0.9000000000,103,110,102,110,104,110
2507,neighbor,False,WSD_CRITERIA_UNVERIFIED,999999999.0000000000,999999999.0000000000,0.2000000000,0.3500000000,0.7500000000,3.5000000000,1.0000000000,103,110,103,110,104,111
2508,neighbor,False,CONCRETE_OR_STEEL_STRESS,999999999.0000000000,999999999.0000000000,0.2000000000,0.2000000000,0.7500000000,2.5000000000,1.0000000000,102,111,104,110,104,110
2509,neighbor,False,CONCRETE_OR_STEEL_STRESS,999999999.0000000000,999999999.0000000000,0.2000000000,0.2000000000,0.4000000000,3.0000000000,1.0000000000,104,111,102,112,104,111
2510,neighbor,False,CONCRETE_OR_STEEL_STRESS,999999999.0000000000,999999999.0000000000,0.2250000000,0.2500000000,0.7000000000,3.5000000000,1.0000000000,104,112,104,112,102,110
2511,neighbor,False,WSD_CRITERIA_UNVERIFIED,999999999.0000000000,999999999.0000000000,0.2250000000,0.4000000000,0.6000000000,3.0000000000,1.0000000000,103,110,104,111,104,112
2512,neighbor,False,WSD_CRITERIA_UNVERIFIED,999999999.0000000000,999999999.0000000000,0.2250000000,0.4000000000,0.4000000000,3.0000000000,1.0000000000,102,110,102,111,103,110
2513,neighbor,False,CONCRETE_OR_STEEL_STRESS,999999999.0000000000,999999999.0000000000,0.2000000000,0.2000000000,0.4000000000,2.5000000000,1.0000000000,104,110,102,111,104,110
2514,neighbor,False,WSD_CRITERIA_UNVERIFIED,999999999.0000000000,999999999.0000000000,0.2000000000,0.3000000000,0.7000000000,3.5000000000,0.9000000000,104,110,104,110,102,111
2515,neighbor,False,CONCRETE_OR_STEEL_STRESS,999999999.0000000000,999999999.0000000000,0.2000000000,0.2000000000,0.4500000000,2.5000000000,1.0000000000,103,112,104,110,102,110
2516,neighbor,False,CONCRETE_OR_STEEL_STRESS,999999999.0000000000,999999999.0000000000,0.2000000000,0.2000000000,0.7500000000,3.5000000000,0.8000000000,104,112,103,110,104,111
2517,neighbor,False,WSD_CRITERIA_UNVERIFIED,999999999.0000000000,999999999.0000000000,0.2000000000,0.4000000000,0.7000000000,3.0000000000,0.9000000000,102,110,104,111,104,111
2518,neighbor,False,CONCRETE_OR_STEEL_STRESS,999999999.0000000000,999999999.0000000000,0.2500000000,0.2500000000,0.4000000000,2.5000000000,1.0000000000,104,110,104,111,104,110
2519,neighbor,False,WSD_CRITERIA_UNVERIFIED,999999999.0000000000,999999999.0000000000,0.2000000000,0.4000000000,0.7500000000,3.0000000000,0.9000000000,102,110,103,110,102,110
2520,neighbor,False,WSD_CRITERIA_UNVERIFIED,999999999.0000000000,999999999.0000000000,0.2250000000,0.4000000000,0.3500000000,3.5000000000,0.8000000000,104,110,104,110,104,110
2521,neighbor,False,WSD_CRITERIA_UNVERIFIED,999999999.0000000000,999999999.0000000000,0.2500000000,0.3500000000,0.5000000000,3.5000000000,1.0000000000,104,110,103,110,104,110
2522,neighbor,False,CONCRETE_OR_STEEL_STRESS,999999999.0000000000,999999999.0000000000,0.2000000000,0.3000000000,0.5000000000,2.5000000000,0.8000000000,103,112,104,112,102,111
2523,neighbor,False,WSD_CRITERIA_UNVERIFIED,999999999.0000000000,999999999.0000000000,0.2500000000,0.2500000000,0.7500000000,2.5000000000,1.0000000000,104,110,102,110,102,112
2524,neighbor,False,CONCRETE_OR_STEEL_STRESS,999999999.0000000000,999999999.0000000000,0.2000000000,0.2000000000,0.5500000000,3.5000000000,1.0000000000,102,112,102,110,102,110
2525,neighbor,False,WSD_CRITERIA_UNVERIFIED,999999999.0000000000,999999999.0000000000,0.2000000000,0.3000000000,0.7500000000,3.0000000000,0.8000000000,104,110,104,112,104,112
2526,neighbor,False,CONCRETE_OR_STEEL_STRESS,999999999.0000000000,999999999.0000000000,0.2500000000,0.2500000000,0.7500000000,3.0000000000,1.0000000000,104,112,104,110,103,111
2527,neighbor,False,CONCRETE_OR_STEEL_STRESS,999999999.0000000000,999999999.0000000000,0.2000000000,0.2500000000,0.7500000000,3.5000000000,1.0000000000,102,110,104,110,102,110
2528,neighbor,False,CONCRETE_OR_STEEL_STRESS,999999999.0000000000,999999999.0000000000,0.2000000000,0.2000000000,0.5000000000,3.0000000000,0.9000000000,104,112,104,112,104,110
2529,neighbor,False,CONCRETE_OR_STEEL_STRESS,999999999.0000000000,999999999.0000000000,0.2000000000,0.2000000000,0.7500000000,3.0000000000,0.9000000000,102,110,104,112,104,110
2530,neighbor,False,WSD_CRITERIA_UNVERIFIED,999999999.0000000000,999999999.0000000000,0.2250000000,0.3500000000,0.6000000000,2.5000000000,1.0000000000,104,112,103,112,104,112
2531,neighbor,False,WSD_CRITERIA_UNVERIFIED,999999999.0000000000,999999999.0000000000,0.2000000000,0.3500000000,0.5000000000,3.0000000000,0.8000000000,102,110,104,112,102,110
2532,neighbor,False,CONCRETE_OR_STEEL_STRESS,999999999.0000000000,999999999.0000000000,0.2000000000,0.2000000000,0.4500000000,3.5000000000,0.8000000000,104,110,104,112,104,110
2533,neighbor,False,CONCRETE_OR_STEEL_STRESS,999999999.0000000000,999999999.0000000000,0.2000000000,0.2000000000,0.3500000000,2.5000000000,1.0000000000,103,110,104,110,104,111
2534,neighbor,False,CONCRETE_OR_STEEL_STRESS,999999999.0000000000,999999999.0000000000,0.2250000000,0.2500000000,0.3500000000,3.0000000000,1.0000000000,104,110,104,110,102,110
2535,neighbor,False,WSD_CRITERIA_UNVERIFIED,999999999.0000000000,999999999.0000000000,0.2000000000,0.2500000000,0.7500000000,2.5000000000,1.0000000000,104,110,103,111,102,112
2536,neighbor,False,WSD_CRITERIA_UNVERIFIED,999999999.0000000000,999999999.0000000000,0.2000000000,0.3500000000,0.3500000000,3.0000000000,1.0000000000,104,110,102,110,104,110
2537,neighbor,False,CONCRETE_OR_STEEL_STRESS,999999999.0000000000,999999999.0000000000,0.2000000000,0.2500000000,0.4500000000,3.5000000000,0.9000000000,103,110,104,110,103,110
2538,neighbor,False,CONCRETE_OR_STEEL_STRESS,999999999.0000000000,999999999.0000000000,0.2500000000,0.2500000000,0.7500000000,3.5000000000,1.0000000000,103,111,102,110,102,112
2539,neighbor,False,WSD_CRITERIA_UNVERIFIED,999999999.0000000000,999999999.0000000000,0.2500000000,0.4000000000,0.4000000000,2.5000000000,1.0000000000,102,111,104,110,103,110
2540,neighbor,False,CONCRETE_OR_STEEL_STRESS,999999999.0000000000,999999999.0000000000,0.2000000000,0.2000000000,0.5500000000,2.5000000000,0.8000000000,103,110,103,110,104,110
2541,neighbor,False,CONCRETE_OR_STEEL_STRESS,999999999.0000000000,999999999.0000000000,0.2000000000,0.2500000000,0.6500000000,3.0000000000,0.8000000000,102,112,104,111,104,110
2542,neighbor,False,CONCRETE_OR_STEEL_STRESS,999999999.0000000000,999999999.0000000000,0.2000000000,0.2500000000,0.7500000000,3.0000000000,1.0000000000,104,112,103,112,102,112
2543,neighbor,False,CONCRETE_OR_STEEL_STRESS,999999999.0000000000,999999999.0000000000,0.2000000000,0.2000000000,0.7500000000,3.0000000000,0.8000000000,104,112,104,110,104,110
2544,neighbor,False,WSD_CRITERIA_UNVERIFIED,999999999.0000000000,999999999.0000000000,0.2000000000,0.3000000000,0.5500000000,2.5000000000,0.8000000000,103,110,102,110,104,110
2545,neighbor,False,CONCRETE_OR_STEEL_STRESS,999999999.0000000000,999999999.0000000000,0.2000000000,0.2000000000,0.7000000000,3.5000000000,1.0000000000,103,112,104,110,104,110
2546,neighbor,False,WSD_CRITERIA_UNVERIFIED,999999999.0000000000,999999999.0000000000,0.2000000000,0.3500000000,0.4000000000,3.0000000000,0.9000000000,104,110,104,110,104,110
2547,neighbor,False,WSD_CRITERIA_UNVERIFIED,999999999.0000000000,999999999.0000000000,0.2000000000,0.4000000000,0.5500000000,3.5000000000,0.8000000000,104,111,104,110,104,110
2548,neighbor,False,CONCRETE_OR_STEEL_STRESS,999999999.0000000000,999999999.0000000000,0.2000000000,0.2000000000,0.5000000000,2.5000000000,1.0000000000,104,110,104,110,103,110
2549,neighbor,False,WSD_CRITERIA_UNVERIFIED,999999999.0000000000,999999999.0000000000,0.2250000000,0.4000000000,0.6500000000,3.5000000000,0.9000000000,102,110,104,110,104,110
2550,neighbor,False,WSD_CRITERIA_UNVERIFIED,999999999.0000000000,999999999.0000000000,0.2000000000,0.3000000000,0.7500000000,3.5000000000,1.0000000000,102,110,104,110,104,112
2551,neighbor,False,WSD_CRITERIA_UNVERIFIED,999999999.0000000000,999999999.0000000000,0.2500000000,0.4000000000,0.6000000000,2.5000000000,1.0000000000,104,112,102,112,104,110
2552,neighbor,False,CONCRETE_OR_STEEL_STRESS,999999999.0000000000,999999999.0000000000,0.2000000000,0.3000000000,0.7000000000,3.5000000000,1.0000000000,102,112,104,110,102,110
2553,neighbor,False,WSD_CRITERIA_UNVERIFIED,999999999.0000000000,999999999.0000000000,0.2500000000,0.3000000000,0.7000000000,3.5000000000,1.0000000000,104,111,104,110,103,111
2554,neighbor,False,WSD_CRITERIA_UNVERIFIED,999999999.0000000000,999999999.0000000000,0.2000000000,0.3500000000,0.6500000000,3.0000000000,0.9000000000,104,111,102,110,103,110
2555,neighbor,False,WSD_CRITERIA_UNVERIFIED,999999999.0000000000,999999999.0000000000,0.2000000000,0.3000000000,0.7500000000,3.5000000000,0.8000000000,104,110,104,110,104,110
2556,neighbor,False,WSD_CRITERIA_UNVERIFIED,999999999.0000000000,999999999.0000000000,0.2250000000,0.3500000000,0.7000000000,3.0000000000,1.0000000000,102,110,102,112,104,112
2557,neighbor,False,WSD_CRITERIA_UNVERIFIED,999999999.0000000000,999999999.0000000000,0.2500000000,0.2500000000,0.7500000000,2.5000000000,1.0000000000,104,110,102,110,103,111
2558,neighbor,False,WSD_CRITERIA_UNVERIFIED,999999999.0000000000,999999999.0000000000,0.2000000000,0.3500000000,0.5500000000,3.0000000000,0.8000000000,104,111,104,111,104,111
2559,neighbor,False,WSD_CRITERIA_UNVERIFIED,999999999.0000000000,999999999.0000000000,0.2000000000,0.4000000000,0.6500000000,3.0000000000,0.9000000000,104,112,104,111,104,111
2560,neighbor,False,CONCRETE_OR_STEEL_STRESS,999999999.0000000000,999999999.0000000000,0.2250000000,0.2500000000,0.7500000000,3.5000000000,1.0000000000,104,111,103,110,104,112
2561,neighbor,False,WSD_CRITERIA_UNVERIFIED,999999999.0000000000,999999999.0000000000,0.2000000000,0.3500000000,0.7000000000,2.5000000000,1.0000000000,103,110,103,112,104,110
2562,neighbor,False,CONCRETE_OR_STEEL_STRESS,999999999.0000000000,999999999.0000000000,0.2000000000,0.2500000000,0.6000000000,2.5000000000,0.8000000000,104,111,103,110,104,110
2563,neighbor,False,WSD_CRITERIA_UNVERIFIED,999999999.0000000000,999999999.0000000000,0.2000000000,0.3500000000,0.6500000000,3.5000000000,1.0000000000,104,110,103,111,103,110
2564,neighbor,False,WSD_CRITERIA_UNVERIFIED,999999999.0000000000,999999999.0000000000,0.2250000000,0.4000000000,0.4500000000,3.5000000000,0.9000000000,104,110,104,110,104,110
2565,neighbor,False,CONCRETE_OR_STEEL_STRESS,999999999.0000000000,999999999.0000000000,0.2000000000,0.2000000000,0.5000000000,2.5000000000,0.8000000000,104,112,104,111,104,110
2566,neighbor,False,CONCRETE_OR_STEEL_STRESS,999999999.0000000000,999999999.0000000000,0.2000000000,0.2000000000,0.4500000000,3.5000000000,1.0000000000,102,110,104,110,104,112
2567,neighbor,False,WSD_CRITERIA_UNVERIFIED,999999999.0000000000,999999999.0000000000,0.2500000000,0.3000000000,0.7500000000,3.5000000000,0.8000000000,104,110,102,111,104,110
2568,neighbor,False,WSD_CRITERIA_UNVERIFIED,999999999.0000000000,999999999.0000000000,0.2000000000,0.4000000000,0.5500000000,3.5000000000,0.8000000000,104,110,103,111,104,111
2569,neighbor,False,CONCRETE_OR_STEEL_STRESS,999999999.0000000000,999999999.0000000000,0.2000000000,0.2000000000,0.5000000000,2.5000000000,0.8000000000,103,110,102,111,104,110
2570,neighbor,False,WSD_CRITERIA_UNVERIFIED,999999999.0000000000,999999999.0000000000,0.2500000000,0.3500000000,0.5000000000,2.5000000000,1.0000000000,104,111,102,110,104,110
2571,neighbor,False,CONCRETE_OR_STEEL_STRESS,999999999.0000000000,999999999.0000000000,0.2000000000,0.2000000000,0.4500000000,3.0000000000,1.0000000000,104,111,102,110,103,112
2572,neighbor,False,WSD_CRITERIA_UNVERIFIED,999999999.0000000000,999999999.0000000000,0.2000000000,0.3500000000,0.4500000000,3.0000000000,0.8000000000,104,110,103,110,104,112
2573,neighbor,False,CONCRETE_OR_STEEL_STRESS,999999999.0000000000,999999999.0000000000,0.2250000000,0.3000000000,0.5000000000,3.5000000000,1.0000000000,103,112,104,110,102,110
2574,neighbor,False,CONCRETE_OR_STEEL_STRESS,999999999.0000000000,999999999.0000000000,0.2000000000,0.2000000000,0.5000000000,3.5000000000,0.9000000000,104,111,102,112,104,110
2575,neighbor,False,CONCRETE_OR_STEEL_STRESS,999999999.0000000000,999999999.0000000000,0.2250000000,0.2500000000,0.4000000000,2.5000000000,1.0000000000,104,111,102,110,104,111
2576,neighbor,False,WSD_CRITERIA_UNVERIFIED,999999999.0000000000,999999999.0000000000,0.2000000000,0.4000000000,0.6000000000,3.0000000000,1.0000000000,104,111,102,110,102,110
2577,neighbor,False,WSD_CRITERIA_UNVERIFIED,999999999.0000000000,999999999.0000000000,0.2250000000,0.3500000000,0.4500000000,3.5000000000,1.0000000000,104,112,104,112,104,110
2578,neighbor,False,WSD_CRITERIA_UNVERIFIED,999999999.0000000000,999999999.0000000000,0.2000000000,0.3500000000,0.7500000000,3.0000000000,1.0000000000,104,110,104,112,104,110
2579,neighbor,False,WSD_CRITERIA_UNVERIFIED,999999999.0000000000,999999999.0000000000,0.2000000000,0.4000000000,0.6000000000,3.0000000000,1.0000000000,104,112,104,111,103,110
2580,neighbor,False,WSD_CRITERIA_UNVERIFIED,999999999.0000000000,999999999.0000000000,0.2250000000,0.3000000000,0.3500000000,3.0000000000,1.0000000000,103,110,103,111,102,110
2581,neighbor,False,WSD_CRITERIA_UNVERIFIED,999999999.0000000000,999999999.0000000000,0.2500000000,0.3500000000,0.5500000000,2.5000000000,1.0000000000,103,111,104,110,102,110
2582,neighbor,False,CONCRETE_OR_STEEL_STRESS,999999999.0000000000,999999999.0000000000,0.2000000000,0.2000000000,0.6000000000,3.0000000000,1.0000000000,104,111,104,110,102,112
2583,neighbor,False,WSD_CRITERIA_UNVERIFIED,999999999.0000000000,999999999.0000000000,0.2000000000,0.4000000000,0.7500000000,2.5000000000,1.0000000000,104,110,103,111,104,112
2584,neighbor,False,WSD_CRITERIA_UNVERIFIED,999999999.0000000000,999999999.0000000000,0.2250000000,0.3000000000,0.4500000000,3.0000000000,1.0000000000,104,112,102,112,102,110
2585,neighbor,False,CONCRETE_OR_STEEL_STRESS,999999999.0000000000,999999999.0000000000,0.2250000000,0.3500000000,0.4000000000,2.5000000000,1.0000000000,102,112,104,110,104,110
2586,neighbor,False,WSD_CRITERIA_UNVERIFIED,999999999.0000000000,999999999.0000000000,0.2250000000,0.4000000000,0.4500000000,2.5000000000,1.0000000000,104,110,104,110,104,112
2587,neighbor,False,WSD_CRITERIA_UNVERIFIED,999999999.0000000000,999999999.0000000000,0.2000000000,0.3500000000,0.3500000000,3.5000000000,0.9000000000,102,110,102,112,103,110
2588,neighbor,False,WSD_CRITERIA_UNVERIFIED,999999999.0000000000,999999999.0000000000,0.2500000000,0.3000000000,0.6000000000,3.0000000000,0.9000000000,102,110,104,111,104,110
2589,neighbor,False,WSD_CRITERIA_UNVERIFIED,999999999.0000000000,999999999.0000000000,0.2000000000,0.2500000000,0.7000000000,3.0000000000,1.0000000000,104,110,104,110,104,110
2590,neighbor,False,WSD_CRITERIA_UNVERIFIED,999999999.0000000000,999999999.0000000000,0.2000000000,0.4000000000,0.3500000000,3.0000000000,1.0000000000,104,110,104,111,104,110
2591,neighbor,False,WSD_CRITERIA_UNVERIFIED,999999999.0000000000,999999999.0000000000,0.2000000000,0.3500000000,0.7500000000,2.5000000000,1.0000000000,103,110,104,110,103,110
2592,neighbor,False,WSD_CRITERIA_UNVERIFIED,999999999.0000000000,999999999.0000000000,0.2250000000,0.2500000000,0.7500000000,3.5000000000,1.0000000000,104,110,104,110,104,111
2593,neighbor,False,CONCRETE_OR_STEEL_STRESS,999999999.0000000000,999999999.0000000000,0.2000000000,0.2000000000,0.3500000000,2.5000000000,0.8000000000,103,110,102,112,104,112
2594,neighbor,False,CONCRETE_OR_STEEL_STRESS,999999999.0000000000,999999999.0000000000,0.2000000000,0.2500000000,0.5000000000,3.5000000000,1.0000000000,104,110,103,111,102,110
2595,neighbor,False,WSD_CRITERIA_UNVERIFIED,999999999.0000000000,999999999.0000000000,0.2000000000,0.3000000000,0.7000000000,2.5000000000,1.0000000000,102,110,104,110,104,110
2596,neighbor,False,CONCRETE_OR_STEEL_STRESS,999999999.0000000000,999999999.0000000000,0.2500000000,0.2500000000,0.5500000000,2.5000000000,0.8000000000,103,110,103,110,104,111
2597,neighbor,False,CONCRETE_OR_STEEL_STRESS,999999999.0000000000,999999999.0000000000,0.2000000000,0.2000000000,0.5500000000,2.5000000000,0.9000000000,104,111,104,110,104,110
2598,neighbor,False,CONCRETE_OR_STEEL_STRESS,999999999.0000000000,999999999.0000000000,0.2250000000,0.2500000000,0.7500000000,3.5000000000,0.9000000000,102,112,103,110,104,111
2599,neighbor,False,WSD_CRITERIA_UNVERIFIED,999999999.0000000000,999999999.0000000000,0.2000000000,0.3000000000,0.5000000000,3.0000000000,1.0000000000,104,112,104,110,102,110
2600,neighbor,False,CONCRETE_OR_STEEL_STRESS,999999999.0000000000,999999999.0000000000,0.2000000000,0.2500000000,0.7500000000,2.5000000000,0.9000000000,104,111,104,112,104,111
2601,neighbor,False,WSD_CRITERIA_UNVERIFIED,999999999.0000000000,999999999.0000000000,0.2000000000,0.4000000000,0.7000000000,2.5000000000,1.0000000000,104,112,103,110,103,110
2602,neighbor,False,WSD_CRITERIA_UNVERIFIED,999999999.0000000000,999999999.0000000000,0.2000000000,0.3000000000,0.7500000000,3.0000000000,1.0000000000,104,110,104,111,104,110
2603,neighbor,False,CONCRETE_OR_STEEL_STRESS,999999999.0000000000,999999999.0000000000,0.2000000000,0.2000000000,0.7500000000,2.5000000000,0.8000000000,103,110,102,110,104,110
2604,neighbor,False,CONCRETE_OR_STEEL_STRESS,999999999.0000000000,999999999.0000000000,0.2000000000,0.2500000000,0.4000000000,2.5000000000,1.0000000000,104,112,103,110,103,110
2605,neighbor,False,CONCRETE_OR_STEEL_STRESS,999999999.0000000000,999999999.0000000000,0.2000000000,0.2000000000,0.4500000000,2.5000000000,1.0000000000,104,110,104,110,104,110
2606,neighbor,False,WSD_CRITERIA_UNVERIFIED,999999999.0000000000,999999999.0000000000,0.2500000000,0.3500000000,0.3500000000,2.5000000000,0.8000000000,104,112,104,110,104,110
2607,neighbor,False,WSD_CRITERIA_UNVERIFIED,999999999.0000000000,999999999.0000000000,0.2000000000,0.4000000000,0.7000000000,3.5000000000,0.9000000000,103,110,104,110,104,111
2608,neighbor,False,WSD_CRITERIA_UNVERIFIED,999999999.0000000000,999999999.0000000000,0.2000000000,0.4000000000,0.7000000000,2.5000000000,0.8000000000,104,111,104,110,104,110
2609,neighbor,False,CONCRETE_OR_STEEL_STRESS,999999999.0000000000,999999999.0000000000,0.2000000000,0.2500000000,0.3500000000,2.5000000000,1.0000000000,104,110,104,110,104,110
2610,neighbor,False,WSD_CRITERIA_UNVERIFIED,999999999.0000000000,999999999.0000000000,0.2000000000,0.3500000000,0.6000000000,3.5000000000,1.0000000000,104,112,102,112,104,111
2611,neighbor,False,CONCRETE_OR_STEEL_STRESS,999999999.0000000000,999999999.0000000000,0.2000000000,0.2500000000,0.4000000000,3.0000000000,1.0000000000,103,112,102,111,104,110
2612,neighbor,False,WSD_CRITERIA_UNVERIFIED,999999999.0000000000,999999999.0000000000,0.2250000000,0.3500000000,0.3500000000,3.0000000000,1.0000000000,103,111,102,110,104,110
2613,neighbor,False,WSD_CRITERIA_UNVERIFIED,999999999.0000000000,999999999.0000000000,0.2000000000,0.4000000000,0.7500000000,3.5000000000,0.9000000000,102,110,104,112,103,112
2614,neighbor,False,WSD_CRITERIA_UNVERIFIED,999999999.0000000000,999999999.0000000000,0.2000000000,0.4000000000,0.5500000000,3.5000000000,1.0000000000,104,111,104,110,102,110
2615,neighbor,False,WSD_CRITERIA_UNVERIFIED,999999999.0000000000,999999999.0000000000,0.2000000000,0.2500000000,0.7500000000,2.5000000000,0.8000000000,104,110,102,112,104,110
2616,neighbor,False,WSD_CRITERIA_UNVERIFIED,999999999.0000000000,999999999.0000000000,0.2500000000,0.4000000000,0.4000000000,3.0000000000,1.0000000000,104,111,104,110,103,110
2617,neighbor,False,WSD_CRITERIA_UNVERIFIED,999999999.0000000000,999999999.0000000000,0.2000000000,0.4000000000,0.4500000000,2.5000000000,0.9000000000,103,111,102,110,102,112
2618,neighbor,False,CONCRETE_OR_STEEL_STRESS,999999999.0000000000,999999999.0000000000,0.2000000000,0.2000000000,0.7500000000,2.5000000000,1.0000000000,103,110,103,110,104,112
2619,neighbor,False,WSD_CRITERIA_UNVERIFIED,999999999.0000000000,999999999.0000000000,0.2000000000,0.4000000000,0.3500000000,2.5000000000,0.9000000000,102,110,104,110,103,111
2620,neighbor,False,WSD_CRITERIA_UNVERIFIED,999999999.0000000000,999999999.0000000000,0.2000000000,0.4000000000,0.3500000000,3.0000000000,1.0000000000,103,111,104,110,102,112
2621,neighbor,False,WSD_CRITERIA_UNVERIFIED,999999999.0000000000,999999999.0000000000,0.2000000000,0.3500000000,0.4000000000,3.5000000000,0.8000000000,103,111,103,110,104,112
2622,neighbor,False,CONCRETE_OR_STEEL_STRESS,999999999.0000000000,999999999.0000000000,0.2000000000,0.2500000000,0.4000000000,3.0000000000,1.0000000000,104,112,102,111,104,110
2623,neighbor,False,WSD_CRITERIA_UNVERIFIED,999999999.0000000000,999999999.0000000000,0.2000000000,0.4000000000,0.3500000000,2.5000000000,1.0000000000,103,110,104,112,104,110
2624,neighbor,False,WSD_CRITERIA_UNVERIFIED,999999999.0000000000,999999999.0000000000,0.2500000000,0.3000000000,0.7500000000,2.5000000000,1.0000000000,104,112,102,111,104,110
2625,neighbor,False,WSD_CRITERIA_UNVERIFIED,999999999.0000000000,999999999.0000000000,0.2000000000,0.4000000000,0.5500000000,2.5000000000,0.8000000000,104,110,104,110,104,110
2626,neighbor,False,WSD_CRITERIA_UNVERIFIED,999999999.0000000000,999999999.0000000000,0.2000000000,0.4000000000,0.5500000000,3.5000000000,0.9000000000,104,112,104,112,102,110
2627,neighbor,False,WSD_CRITERIA_UNVERIFIED,999999999.0000000000,999999999.0000000000,0.2000000000,0.4000000000,0.3500000000,2.5000000000,0.9000000000,104,110,103,112,104,111
2628,neighbor,False,WSD_CRITERIA_UNVERIFIED,999999999.0000000000,999999999.0000000000,0.2500000000,0.2500000000,0.7500000000,3.5000000000,1.0000000000,103,110,102,111,102,110
2629,neighbor,False,CONCRETE_OR_STEEL_STRESS,999999999.0000000000,999999999.0000000000,0.2250000000,0.2500000000,0.4000000000,3.5000000000,1.0000000000,103,110,103,111,104,112
2630,neighbor,False,CONCRETE_OR_STEEL_STRESS,999999999.0000000000,999999999.0000000000,0.2000000000,0.2000000000,0.7000000000,3.5000000000,1.0000000000,104,112,103,110,104,111
2631,neighbor,False,CONCRETE_OR_STEEL_STRESS,999999999.0000000000,999999999.0000000000,0.2000000000,0.2500000000,0.7000000000,3.0000000000,0.8000000000,103,110,104,110,104,110
2632,neighbor,False,CONCRETE_OR_STEEL_STRESS,999999999.0000000000,999999999.0000000000,0.2250000000,0.2500000000,0.4500000000,3.0000000000,1.0000000000,104,110,104,110,104,112
2633,neighbor,False,WSD_CRITERIA_UNVERIFIED,999999999.0000000000,999999999.0000000000,0.2500000000,0.3500000000,0.7000000000,3.5000000000,0.8000000000,104,110,103,110,103,110
2634,neighbor,False,CONCRETE_OR_STEEL_STRESS,999999999.0000000000,999999999.0000000000,0.2000000000,0.2000000000,0.5000000000,3.5000000000,0.8000000000,102,112,104,111,103,110
2635,neighbor,False,WSD_CRITERIA_UNVERIFIED,999999999.0000000000,999999999.0000000000,0.2000000000,0.4000000000,0.6500000000,3.0000000000,1.0000000000,104,110,102,112,102,110
2636,neighbor,False,CONCRETE_OR_STEEL_STRESS,999999999.0000000000,999999999.0000000000,0.2000000000,0.2000000000,0.4500000000,3.0000000000,1.0000000000,104,111,104,110,103,111
2637,neighbor,False,WSD_CRITERIA_UNVERIFIED,999999999.0000000000,999999999.0000000000,0.2500000000,0.4000000000,0.4000000000,2.5000000000,0.9000000000,104,111,102,110,104,110
2638,neighbor,False,WSD_CRITERIA_UNVERIFIED,999999999.0000000000,999999999.0000000000,0.2000000000,0.3500000000,0.5000000000,2.5000000000,0.9000000000,104,110,104,111,103,110
2639,neighbor,False,CONCRETE_OR_STEEL_STRESS,999999999.0000000000,999999999.0000000000,0.2500000000,0.2500000000,0.5000000000,3.5000000000,1.0000000000,104,112,103,110,103,110
2640,neighbor,False,CONCRETE_OR_STEEL_STRESS,999999999.0000000000,999999999.0000000000,0.2000000000,0.2000000000,0.5500000000,3.0000000000,1.0000000000,104,112,103,110,104,110
2641,neighbor,False,WSD_CRITERIA_UNVERIFIED,999999999.0000000000,999999999.0000000000,0.2250000000,0.3500000000,0.6000000000,3.0000000000,1.0000000000,104,110,102,112,104,111
2642,neighbor,False,WSD_CRITERIA_UNVERIFIED,999999999.0000000000,999999999.0000000000,0.2250000000,0.3500000000,0.7500000000,2.5000000000,0.9000000000,103,110,103,112,103,110
2643,neighbor,False,WSD_CRITERIA_UNVERIFIED,999999999.0000000000,999999999.0000000000,0.2250000000,0.3500000000,0.7500000000,3.0000000000,1.0000000000,102,110,104,112,104,110
2644,neighbor,False,WSD_CRITERIA_UNVERIFIED,999999999.0000000000,999999999.0000000000,0.2000000000,0.3000000000,0.4500000000,3.5000000000,1.0000000000,104,110,104,112,104,110
2645,neighbor,False,CONCRETE_OR_STEEL_STRESS,999999999.0000000000,999999999.0000000000,0.2000000000,0.2000000000,0.4000000000,2.5000000000,1.0000000000,104,110,104,110,102,112
2646,neighbor,False,WSD_CRITERIA_UNVERIFIED,999999999.0000000000,999999999.0000000000,0.2250000000,0.4000000000,0.7500000000,3.5000000000,0.9000000000,104,110,104,110,104,112
2647,neighbor,False,WSD_CRITERIA_UNVERIFIED,999999999.0000000000,999999999.0000000000,0.2000000000,0.2500000000,0.7500000000,2.5000000000,0.9000000000,104,110,104,110,104,110
2648,neighbor,False,WSD_CRITERIA_UNVERIFIED,999999999.0000000000,999999999.0000000000,0.2500000000,0.3000000000,0.7500000000,3.0000000000,1.0000000000,104,112,102,112,104,111
2649,neighbor,False,WSD_CRITERIA_UNVERIFIED,999999999.0000000000,999999999.0000000000,0.2000000000,0.4000000000,0.4000000000,3.5000000000,1.0000000000,103,110,104,111,104,110
2650,neighbor,False,WSD_CRITERIA_UNVERIFIED,999999999.0000000000,999999999.0000000000,0.2000000000,0.3000000000,0.5500000000,3.0000000000,1.0000000000,104,110,104,111,104,110
2651,neighbor,False,WSD_CRITERIA_UNVERIFIED,999999999.0000000000,999999999.0000000000,0.2000000000,0.3000000000,0.5500000000,3.0000000000,1.0000000000,104,110,104,111,104,112
2652,neighbor,False,CONCRETE_OR_STEEL_STRESS,999999999.0000000000,999999999.0000000000,0.2000000000,0.2000000000,0.3500000000,3.0000000000,0.9000000000,104,110,102,110,102,110
2653,neighbor,False,WSD_CRITERIA_UNVERIFIED,999999999.0000000000,999999999.0000000000,0.2000000000,0.3000000000,0.7500000000,3.0000000000,0.9000000000,104,110,104,110,103,111
2654,neighbor,False,WSD_CRITERIA_UNVERIFIED,999999999.0000000000,999999999.0000000000,0.2250000000,0.3000000000,0.7500000000,2.5000000000,1.0000000000,103,110,104,110,104,110
2655,neighbor,False,WSD_CRITERIA_UNVERIFIED,999999999.0000000000,999999999.0000000000,0.2250000000,0.2500000000,0.7500000000,3.5000000000,0.8000000000,103,110,104,111,102,110
2656,neighbor,False,WSD_CRITERIA_UNVERIFIED,999999999.0000000000,999999999.0000000000,0.2000000000,0.4000000000,0.4500000000,3.0000000000,0.8000000000,103,110,103,112,103,111
2657,neighbor,False,WSD_CRITERIA_UNVERIFIED,999999999.0000000000,999999999.0000000000,0.2500000000,0.3500000000,0.3500000000,3.5000000000,0.9000000000,103,112,104,111,104,110
2658,neighbor,False,WSD_CRITERIA_UNVERIFIED,999999999.0000000000,999999999.0000000000,0.2500000000,0.3500000000,0.6500000000,3.0000000000,1.0000000000,104,110,103,111,102,110
2659,neighbor,False,WSD_CRITERIA_UNVERIFIED,999999999.0000000000,999999999.0000000000,0.2500000000,0.4000000000,0.5500000000,2.5000000000,0.9000000000,104,110,104,112,104,110
2660,neighbor,False,WSD_CRITERIA_UNVERIFIED,999999999.0000000000,999999999.0000000000,0.2000000000,0.3000000000,0.6500000000,3.0000000000,1.0000000000,104,110,104,111,102,110
2661,neighbor,False,WSD_CRITERIA_UNVERIFIED,999999999.0000000000,999999999.0000000000,0.2000000000,0.4000000000,0.5500000000,3.0000000000,0.9000000000,104,110,104,110,104,110
2662,neighbor,False,CONCRETE_OR_STEEL_STRESS,999999999.0000000000,999999999.0000000000,0.2000000000,0.2000000000,0.5500000000,3.5000000000,0.9000000000,103,111,103,111,103,110
2663,neighbor,False,WSD_CRITERIA_UNVERIFIED,999999999.0000000000,999999999.0000000000,0.2000000000,0.3500000000,0.7500000000,3.5000000000,1.0000000000,104,110,102,110,102,110
2664,neighbor,False,WSD_CRITERIA_UNVERIFIED,999999999.0000000000,999999999.0000000000,0.2000000000,0.3500000000,0.6000000000,3.0000000000,0.8000000000,102,110,104,111,102,110
2665,neighbor,False,CONCRETE_OR_STEEL_STRESS,999999999.0000000000,999999999.0000000000,0.2000000000,0.2000000000,0.7500000000,2.5000000000,1.0000000000,104,110,104,110,104,110
2666,neighbor,False,WSD_CRITERIA_UNVERIFIED,999999999.0000000000,999999999.0000000000,0.2250000000,0.3500000000,0.6000000000,3.0000000000,0.9000000000,104,110,104,111,102,110
2667,neighbor,False,CONCRETE_OR_STEEL_STRESS,999999999.0000000000,999999999.0000000000,0.2250000000,0.2500000000,0.7500000000,3.5000000000,0.8000000000,104,111,104,112,104,111
2668,neighbor,False,CONCRETE_OR_STEEL_STRESS,999999999.0000000000,999999999.0000000000,0.2500000000,0.2500000000,0.5000000000,3.5000000000,0.9000000000,102,110,104,110,104,110
2669,neighbor,False,WSD_CRITERIA_UNVERIFIED,999999999.0000000000,999999999.0000000000,0.2500000000,0.2500000000,0.7500000000,2.5000000000,1.0000000000,104,110,103,110,102,110
2670,neighbor,False,WSD_CRITERIA_UNVERIFIED,999999999.0000000000,999999999.0000000000,0.2000000000,0.3500000000,0.5000000000,3.0000000000,1.0000000000,104,110,104,110,102,112
2671,neighbor,False,WSD_CRITERIA_UNVERIFIED,999999999.0000000000,999999999.0000000000,0.2250000000,0.4000000000,0.5500000000,2.5000000000,1.0000000000,104,110,104,111,104,110
2672,neighbor,False,CONCRETE_OR_STEEL_STRESS,999999999.0000000000,999999999.0000000000,0.2000000000,0.2500000000,0.5000000000,3.0000000000,1.0000000000,104,112,104,112,104,112
2673,neighbor,False,WSD_CRITERIA_UNVERIFIED,999999999.0000000000,999999999.0000000000,0.2000000000,0.2500000000,0.7500000000,3.0000000000,0.9000000000,104,110,103,110,102,110
2674,neighbor,False,WSD_CRITERIA_UNVERIFIED,999999999.0000000000,999999999.0000000000,0.2500000000,0.3000000000,0.7500000000,2.5000000000,0.8000000000,104,110,104,110,103,110
2675,neighbor,False,CONCRETE_OR_STEEL_STRESS,999999999.0000000000,999999999.0000000000,0.2000000000,0.2000000000,0.6000000000,3.0000000000,1.0000000000,104,110,104,110,103,111
2676,neighbor,False,WSD_CRITERIA_UNVERIFIED,999999999.0000000000,999999999.0000000000,0.2000000000,0.3000000000,0.7000000000,3.0000000000,1.0000000000,103,112,103,110,104,110
2677,neighbor,False,CONCRETE_OR_STEEL_STRESS,999999999.0000000000,999999999.0000000000,0.2000000000,0.2500000000,0.7500000000,2.5000000000,0.9000000000,102,111,102,110,103,110
2678,neighbor,False,WSD_CRITERIA_UNVERIFIED,999999999.0000000000,999999999.0000000000,0.2000000000,0.4000000000,0.7500000000,3.5000000000,1.0000000000,104,111,104,110,104,110
2679,neighbor,False,WSD_CRITERIA_UNVERIFIED,999999999.0000000000,999999999.0000000000,0.2000000000,0.3000000000,0.6500000000,3.0000000000,1.0000000000,104,110,104,110,104,110
2680,neighbor,False,CONCRETE_OR_STEEL_STRESS,999999999.0000000000,999999999.0000000000,0.2000000000,0.3500000000,0.4000000000,3.0000000000,1.0000000000,102,111,104,110,104,110
2681,neighbor,False,CONCRETE_OR_STEEL_STRESS,999999999.0000000000,999999999.0000000000,0.2000000000,0.2500000000,0.4500000000,3.0000000000,0.9000000000,104,110,104,111,104,110
2682,neighbor,False,WSD_CRITERIA_UNVERIFIED,999999999.0000000000,999999999.0000000000,0.2000000000,0.3500000000,0.5500000000,2.5000000000,1.0000000000,103,110,104,110,104,110
2683,neighbor,False,WSD_CRITERIA_UNVERIFIED,999999999.0000000000,999999999.0000000000,0.2000000000,0.3500000000,0.7500000000,3.0000000000,1.0000000000,104,111,104,110,104,110
2684,neighbor,False,CONCRETE_OR_STEEL_STRESS,999999999.0000000000,999999999.0000000000,0.2250000000,0.2500000000,0.7000000000,3.5000000000,1.0000000000,103,111,102,111,103,111
2685,neighbor,False,WSD_CRITERIA_UNVERIFIED,999999999.0000000000,999999999.0000000000,0.2000000000,0.4000000000,0.4000000000,2.5000000000,0.8000000000,103,111,104,110,104,111
2686,neighbor,False,WSD_CRITERIA_UNVERIFIED,999999999.0000000000,999999999.0000000000,0.2500000000,0.3500000000,0.6000000000,3.5000000000,0.8000000000,103,112,104,110,104,110
2687,neighbor,False,WSD_CRITERIA_UNVERIFIED,999999999.0000000000,999999999.0000000000,0.2500000000,0.3500000000,0.6500000000,3.0000000000,0.8000000000,104,112,102,110,103,110
2688,neighbor,False,CONCRETE_OR_STEEL_STRESS,999999999.0000000000,999999999.0000000000,0.2000000000,0.2000000000,0.5000000000,3.0000000000,0.9000000000,103,112,104,110,104,112
2689,neighbor,False,CONCRETE_OR_STEEL_STRESS,999999999.0000000000,999999999.0000000000,0.2000000000,0.2000000000,0.5500000000,3.5000000000,1.0000000000,104,110,104,112,104,110
2690,neighbor,False,WSD_CRITERIA_UNVERIFIED,999999999.0000000000,999999999.0000000000,0.2500000000,0.4000000000,0.6500000000,3.0000000000,0.9000000000,103,110,104,110,102,110
2691,neighbor,False,CONCRETE_OR_STEEL_STRESS,999999999.0000000000,999999999.0000000000,0.2000000000,0.2000000000,0.5000000000,3.0000000000,1.0000000000,104,110,102,112,102,112
2692,neighbor,False,WSD_CRITERIA_UNVERIFIED,999999999.0000000000,999999999.0000000000,0.2000000000,0.3500000000,0.6000000000,3.5000000000,0.8000000000,102,110,104,112,103,110
2693,neighbor,False,WSD_CRITERIA_UNVERIFIED,999999999.0000000000,999999999.0000000000,0.2500000000,0.4000000000,0.4000000000,3.5000000000,1.0000000000,104,111,103,112,104,110
2694,neighbor,False,WSD_CRITERIA_UNVERIFIED,999999999.0000000000,999999999.0000000000,0.2000000000,0.4000000000,0.5500000000,3.0000000000,0.8000000000,104,112,104,110,104,112
2695,neighbor,False,WSD_CRITERIA_UNVERIFIED,999999999.0000000000,999999999.0000000000,0.2500000000,0.3500000000,0.4500000000,2.5000000000,1.0000000000,104,111,102,110,104,110
2696,neighbor,False,CONCRETE_OR_STEEL_STRESS,999999999.0000000000,999999999.0000000000,0.2000000000,0.2000000000,0.5500000000,3.5000000000,0.8000000000,104,110,104,111,104,110
2697,neighbor,False,WSD_CRITERIA_UNVERIFIED,999999999.0000000000,999999999.0000000000,0.2250000000,0.3000000000,0.4500000000,2.5000000000,1.0000000000,103,110,104,112,104,110
2698,neighbor,False,WSD_CRITERIA_UNVERIFIED,999999999.0000000000,999999999.0000000000,0.2000000000,0.3000000000,0.7500000000,3.5000000000,1.0000000000,104,110,103,111,104,110
2699,neighbor,False,CONCRETE_OR_STEEL_STRESS,999999999.0000000000,999999999.0000000000,0.2000000000,0.2000000000,0.7500000000,2.5000000000,1.0000000000,102,112,102,112,104,112
2700,neighbor,False,WSD_CRITERIA_UNVERIFIED,999999999.0000000000,999999999.0000000000,0.2500000000,0.4000000000,0.5500000000,2.5000000000,0.9000000000,104,110,104,110,104,110
2701,neighbor,False,CONCRETE_OR_STEEL_STRESS,999999999.0000000000,999999999.0000000000,0.2000000000,0.2500000000,0.5000000000,2.5000000000,1.0000000000,103,112,103,110,104,112
2702,neighbor,False,CONCRETE_OR_STEEL_STRESS,999999999.0000000000,999999999.0000000000,0.2000000000,0.2000000000,0.5000000000,2.5000000000,0.8000000000,103,110,104,110,104,112
2703,neighbor,False,WSD_CRITERIA_UNVERIFIED,999999999.0000000000,999999999.0000000000,0.2000000000,0.3500000000,0.7500000000,3.5000000000,0.9000000000,103,111,102,112,103,110
2704,neighbor,False,CONCRETE_OR_STEEL_STRESS,999999999.0000000000,999999999.0000000000,0.2000000000,0.2000000000,0.7500000000,3.5000000000,1.0000000000,104,111,103,110,104,110
2705,neighbor,False,WSD_CRITERIA_UNVERIFIED,999999999.0000000000,999999999.0000000000,0.2000000000,0.3500000000,0.7500000000,3.5000000000,1.0000000000,104,110,104,110,104,112
2706,neighbor,False,CONCRETE_OR_STEEL_STRESS,999999999.0000000000,999999999.0000000000,0.2000000000,0.2000000000,0.7500000000,2.5000000000,1.0000000000,104,112,104,112,103,112
2707,neighbor,False,CONCRETE_OR_STEEL_STRESS,999999999.0000000000,999999999.0000000000,0.2000000000,0.2500000000,0.5000000000,3.5000000000,0.9000000000,104,110,102,112,102,110
2708,neighbor,False,WSD_CRITERIA_UNVERIFIED,999999999.0000000000,999999999.0000000000,0.2000000000,0.4000000000,0.4500000000,2.5000000000,1.0000000000,103,110,102,111,104,111
2709,neighbor,False,WSD_CRITERIA_UNVERIFIED,999999999.0000000000,999999999.0000000000,0.2000000000,0.2500000000,0.7000000000,2.5000000000,1.0000000000,104,110,102,110,103,110
2710,neighbor,False,WSD_CRITERIA_UNVERIFIED,999999999.0000000000,999999999.0000000000,0.2000000000,0.3000000000,0.7500000000,3.0000000000,1.0000000000,104,110,104,110,102,111
2711,neighbor,False,WSD_CRITERIA_UNVERIFIED,999999999.0000000000,999999999.0000000000,0.2000000000,0.4000000000,0.6500000000,2.5000000000,1.0000000000,104,110,103,110,104,110
2712,neighbor,False,CONCRETE_OR_STEEL_STRESS,999999999.0000000000,999999999.0000000000,0.2000000000,0.2500000000,0.3500000000,2.5000000000,0.9000000000,104,110,103,110,102,110
2713,neighbor,False,WSD_CRITERIA_UNVERIFIED,999999999.0000000000,999999999.0000000000,0.2000000000,0.3000000000,0.7500000000,3.5000000000,1.0000000000,104,110,104,111,104,110
2714,neighbor,False,CONCRETE_OR_STEEL_STRESS,999999999.0000000000,999999999.0000000000,0.2000000000,0.2000000000,0.6500000000,2.5000000000,1.0000000000,104,110,104,112,104,110
2715,neighbor,False,CONCRETE_OR_STEEL_STRESS,999999999.0000000000,999999999.0000000000,0.2500000000,0.2500000000,0.7500000000,3.0000000000,0.9000000000,102,111,104,110,104,110
2716,neighbor,False,WSD_CRITERIA_UNVERIFIED,999999999.0000000000,999999999.0000000000,0.2000000000,0.3500000000,0.7500000000,3.0000000000,1.0000000000,104,111,102,110,104,110
2717,neighbor,False,WSD_CRITERIA_UNVERIFIED,999999999.0000000000,999999999.0000000000,0.2000000000,0.3500000000,0.5500000000,3.0000000000,1.0000000000,104,112,104,112,104,110
2718,neighbor,False,WSD_CRITERIA_UNVERIFIED,999999999.0000000000,999999999.0000000000,0.2000000000,0.3000000000,0.4000000000,2.5000000000,1.0000000000,104,112,102,112,104,110
2719,neighbor,False,WSD_CRITERIA_UNVERIFIED,999999999.0000000000,999999999.0000000000,0.2000000000,0.4000000000,0.5000000000,3.0000000000,0.9000000000,104,110,104,112,102,110
2720,neighbor,False,WSD_CRITERIA_UNVERIFIED,999999999.0000000000,999999999.0000000000,0.2000000000,0.3500000000,0.7500000000,3.5000000000,1.0000000000,104,112,104,110,102,110
2721,neighbor,False,WSD_CRITERIA_UNVERIFIED,999999999.0000000000,999999999.0000000000,0.2000000000,0.3000000000,0.7000000000,2.5000000000,1.0000000000,104,112,104,110,103,110
2722,neighbor,False,WSD_CRITERIA_UNVERIFIED,999999999.0000000000,999999999.0000000000,0.2000000000,0.3000000000,0.3500000000,2.5000000000,1.0000000000,102,110,102,111,104,111
2723,neighbor,False,WSD_CRITERIA_UNVERIFIED,999999999.0000000000,999999999.0000000000,0.2000000000,0.3000000000,0.5000000000,3.0000000000,1.0000000000,103,110,104,112,104,111
2724,neighbor,False,CONCRETE_OR_STEEL_STRESS,999999999.0000000000,999999999.0000000000,0.2250000000,0.2500000000,0.6000000000,3.0000000000,1.0000000000,104,110,104,110,104,111
2725,neighbor,False,WSD_CRITERIA_UNVERIFIED,999999999.0000000000,999999999.0000000000,0.2000000000,0.3000000000,0.7500000000,3.5000000000,1.0000000000,103,111,104,110,104,110
2726,neighbor,False,WSD_CRITERIA_UNVERIFIED,999999999.0000000000,999999999.0000000000,0.2000000000,0.3500000000,0.7500000000,2.5000000000,1.0000000000,104,110,104,110,103,110
2727,neighbor,False,WSD_CRITERIA_UNVERIFIED,999999999.0000000000,999999999.0000000000,0.2500000000,0.4000000000,0.7000000000,3.5000000000,1.0000000000,104,112,104,111,104,110
2728,neighbor,False,WSD_CRITERIA_UNVERIFIED,999999999.0000000000,999999999.0000000000,0.2500000000,0.3000000000,0.5000000000,3.0000000000,0.8000000000,103,110,104,111,104,111
2729,neighbor,False,CONCRETE_OR_STEEL_STRESS,999999999.0000000000,999999999.0000000000,0.2000000000,0.3500000000,0.5500000000,3.0000000000,1.0000000000,102,112,104,110,102,110
2730,neighbor,False,CONCRETE_OR_STEEL_STRESS,999999999.0000000000,999999999.0000000000,0.2000000000,0.2000000000,0.6500000000,3.0000000000,1.0000000000,103,111,104,112,104,110
2731,neighbor,False,CONCRETE_OR_STEEL_STRESS,999999999.0000000000,999999999.0000000000,0.2000000000,0.2000000000,0.5500000000,2.5000000000,0.8000000000,104,110,103,110,104,111
2732,neighbor,False,WSD_CRITERIA_UNVERIFIED,999999999.0000000000,999999999.0000000000,0.2500000000,0.3500000000,0.6500000000,3.5000000000,0.9000000000,103,110,103,110,104,110
2733,neighbor,False,CONCRETE_OR_STEEL_STRESS,999999999.0000000000,999999999.0000000000,0.2000000000,0.2000000000,0.5000000000,3.0000000000,1.0000000000,102,110,104,110,104,110
2734,neighbor,False,CONCRETE_OR_STEEL_STRESS,999999999.0000000000,999999999.0000000000,0.2000000000,0.2500000000,0.6000000000,2.5000000000,0.9000000000,104,110,103,110,102,110
2735,neighbor,False,CONCRETE_OR_STEEL_STRESS,999999999.0000000000,999999999.0000000000,0.2250000000,0.3000000000,0.7500000000,3.0000000000,0.9000000000,102,112,103,110,103,110
2736,neighbor,False,CONCRETE_OR_STEEL_STRESS,999999999.0000000000,999999999.0000000000,0.2000000000,0.2500000000,0.5000000000,2.5000000000,1.0000000000,104,110,104,111,104,110
2737,reset,False,INVALID_GEOMETRY_OR_INPUT,999999999.0000000000,999999999.0000000000,0.2000000000,0.5000000000,0.5000000000,2.5000000000,1.0000000000,104,110,104,110,104,110
2738,neighbor,False,WSD_CRITERIA_UNVERIFIED,999999999.0000000000,999999999.0000000000,0.2250000000,0.6000000000,0.4000000000,3.0000000000,0.8000000000,102,110,104,111,103,111
2739,neighbor,False,INVALID_GEOMETRY_OR_INPUT,999999999.0000000000,999999999.0000000000,0.2000000000,0.5000000000,0.3000000000,2.5000000000,1.0000000000,104,110,103,110,104,110
2740,neighbor,False,WSD_CRITERIA_UNVERIFIED,999999999.0000000000,999999999.0000000000,0.2000000000,0.6000000000,0.3000000000,3.0000000000,1.0000000000,103,110,104,111,102,112
2741,neighbor,False,WSD_CRITERIA_UNVERIFIED,999999999.0000000000,999999999.0000000000,0.2000000000,0.4500000000,0.5000000000,2.5000000000,1.0000000000,102,110,104,110,104,111
2742,neighbor,False,INVALID_GEOMETRY_OR_INPUT,999999999.0000000000,999999999.0000000000,0.2000000000,0.6000000000,0.4000000000,2.5000000000,1.0000000000,104,110,103,111,104,110
2743,neighbor,False,WSD_CRITERIA_UNVERIFIED,999999999.0000000000,999999999.0000000000,0.2250000000,0.5500000000,0.4000000000,2.5000000000,0.9000000000,104,111,103,110,103,111
2744,neighbor,False,WSD_CRITERIA_UNVERIFIED,999999999.0000000000,999999999.0000000000,0.2000000000,0.4000000000,0.5500000000,2.5000000000,1.0000000000,104,111,104,110,104,110
2745,neighbor,False,INVALID_GEOMETRY_OR_INPUT,999999999.0000000000,999999999.0000000000,0.2250000000,0.5000000000,0.3000000000,2.5000000000,1.0000000000,102,112,104,110,104,110
2746,neighbor,False,WSD_CRITERIA_UNVERIFIED,999999999.0000000000,999999999.0000000000,0.2000000000,0.4000000000,0.7000000000,3.0000000000,1.0000000000,104,110,104,110,104,111
2747,neighbor,False,WSD_CRITERIA_UNVERIFIED,999999999.0000000000,999999999.0000000000,0.2500000000,0.5000000000,0.5000000000,3.0000000000,1.0000000000,104,110,102,110,103,110
2748,neighbor,False,INVALID_GEOMETRY_OR_INPUT,999999999.0000000000,999999999.0000000000,0.2000000000,0.5500000000,0.7000000000,2.5000000000,1.0000000000,104,112,102,110,103,110
2749,neighbor,False,WSD_CRITERIA_UNVERIFIED,999999999.0000000000,999999999.0000000000,0.2500000000,0.5000000000,0.6500000000,3.0000000000,1.0000000000,103,110,102,110,104,110
2750,neighbor,False,WSD_CRITERIA_UNVERIFIED,999999999.0000000000,999999999.0000000000,0.2500000000,0.5000000000,0.5500000000,3.0000000000,0.8000000000,104,111,104,110,102,110
2751,neighbor,False,INVALID_GEOMETRY_OR_INPUT,999999999.0000000000,999999999.0000000000,0.2250000000,0.5500000000,0.4500000000,2.5000000000,1.0000000000,103,112,104,110,103,110
2752,neighbor,False,INVALID_GEOMETRY_OR_INPUT,999999999.0000000000,999999999.0000000000,0.2250000000,0.5500000000,0.3000000000,2.5000000000,1.0000000000,104,111,104,111,104,112
2753,neighbor,False,WSD_CRITERIA_UNVERIFIED,999999999.0000000000,999999999.0000000000,0.2250000000,0.4000000000,0.4000000000,2.5000000000,1.0000000000,103,112,104,111,103,110
2754,neighbor,False,INVALID_GEOMETRY_OR_INPUT,999999999.0000000000,999999999.0000000000,0.2000000000,0.5000000000,0.4500000000,2.5000000000,1.0000000000,103,111,104,110,104,112
2755,neighbor,False,WSD_CRITERIA_UNVERIFIED,999999999.0000000000,999999999.0000000000,0.2000000000,0.4000000000,0.3000000000,3.0000000000,0.9000000000,104,110,104,110,104,110
2756,neighbor,False,WSD_CRITERIA_UNVERIFIED,999999999.0000000000,999999999.0000000000,0.2250000000,0.4000000000,0.3000000000,2.5000000000,1.0000000000,104,110,102,111,102,110
2757,neighbor,False,WSD_CRITERIA_UNVERIFIED,999999999.0000000000,999999999.0000000000,0.2250000000,0.4000000000,0.5500000000,2.5000000000,1.0000000000,104,110,103,111,104,112
2758,neighbor,False,WSD_CRITERIA_UNVERIFIED,999999999.0000000000,999999999.0000000000,0.2000000000,0.4000000000,0.3500000000,2.5000000000,1.0000000000,104,110,104,112,104,110
2759,neighbor,False,WSD_CRITERIA_UNVERIFIED,999999999.0000000000,999999999.0000000000,0.2500000000,0.4500000000,0.5000000000,2.5000000000,0.8000000000,102,112,104,110,104,110
2760,neighbor,False,WSD_CRITERIA_UNVERIFIED,999999999.0000000000,999999999.0000000000,0.2250000000,0.5000000000,0.6000000000,3.0000000000,0.9000000000,104,111,104,110,104,111
2761,neighbor,False,WSD_CRITERIA_UNVERIFIED,999999999.0000000000,999999999.0000000000,0.2500000000,0.6000000000,0.4000000000,3.0000000000,1.0000000000,103,112,104,110,104,111
2762,neighbor,False,WSD_CRITERIA_UNVERIFIED,999999999.0000000000,999999999.0000000000,0.2250000000,0.4000000000,0.4000000000,3.0000000000,0.9000000000,104,110,102,111,102,112
2763,neighbor,False,WSD_CRITERIA_UNVERIFIED,999999999.0000000000,999999999.0000000000,0.2500000000,0.5500000000,0.3000000000,3.0000000000,1.0000000000,102,110,104,110,102,110
2764,neighbor,False,WSD_CRITERIA_UNVERIFIED,999999999.0000000000,999999999.0000000000,0.2000000000,0.4500000000,0.7500000000,2.5000000000,0.9000000000,104,110,104,110,104,111
2765,neighbor,False,WSD_CRITERIA_UNVERIFIED,999999999.0000000000,999999999.0000000000,0.2000000000,0.6000000000,0.5500000000,3.0000000000,0.8000000000,104,110,102,110,104,111
2766,neighbor,False,WSD_CRITERIA_UNVERIFIED,999999999.0000000000,999999999.0000000000,0.2250000000,0.6000000000,0.4500000000,2.5000000000,0.8000000000,103,112,104,112,104,110
2767,neighbor,False,INVALID_GEOMETRY_OR_INPUT,999999999.0000000000,999999999.0000000000,0.2250000000,0.5000000000,0.7500000000,2.5000000000,1.0000000000,104,110,104,110,104,110
2768,neighbor,False,WSD_CRITERIA_UNVERIFIED,999999999.0000000000,999999999.0000000000,0.2500000000,0.6000000000,0.5000000000,3.0000000000,1.0000000000,103,110,104,111,103,110
2769,neighbor,False,WSD_CRITERIA_UNVERIFIED,999999999.0000000000,999999999.0000000000,0.2250000000,0.4000000000,0.5500000000,3.0000000000,0.8000000000,103,110,104,111,104,111
2770,neighbor,False,WSD_CRITERIA_UNVERIFIED,999999999.0000000000,999999999.0000000000,0.2000000000,0.4000000000,0.7500000000,2.5000000000,1.0000000000,104,112,103,112,104,110
2771,neighbor,False,INVALID_GEOMETRY_OR_INPUT,999999999.0000000000,999999999.0000000000,0.2250000000,0.6000000000,0.6000000000,2.5000000000,1.0000000000,104,110,104,110,104,110
2772,neighbor,False,INVALID_GEOMETRY_OR_INPUT,999999999.0000000000,999999999.0000000000,0.2250000000,0.5000000000,0.3000000000,2.5000000000,1.0000000000,103,112,102,110,104,111
2773,neighbor,False,INVALID_GEOMETRY_OR_INPUT,999999999.0000000000,999999999.0000000000,0.2500000000,0.6000000000,0.7500000000,2.5000000000,1.0000000000,104,112,104,110,104,111
2774,neighbor,False,WSD_CRITERIA_UNVERIFIED,999999999.0000000000,999999999.0000000000,0.2000000000,0.5000000000,0.6500000000,2.5000000000,0.9000000000,104,110,103,110,104,111
2775,neighbor,False,INVALID_GEOMETRY_OR_INPUT,999999999.0000000000,999999999.0000000000,0.2000000000,0.6000000000,0.3000000000,2.5000000000,1.0000000000,104,112,103,110,103,110
2776,neighbor,False,WSD_CRITERIA_UNVERIFIED,999999999.0000000000,999999999.0000000000,0.2000000000,0.6000000000,0.6000000000,3.0000000000,0.9000000000,104,112,104,110,104,110
2777,neighbor,False,WSD_CRITERIA_UNVERIFIED,999999999.0000000000,999999999.0000000000,0.2000000000,0.5500000000,0.4000000000,3.0000000000,0.8000000000,104,110,102,112,103,110
2778,neighbor,False,INVALID_GEOMETRY_OR_INPUT,999999999.0000000000,999999999.0000000000,0.2250000000,0.5500000000,0.4500000000,2.5000000000,1.0000000000,102,111,104,110,104,110
2779,neighbor,False,WSD_CRITERIA_UNVERIFIED,999999999.0000000000,999999999.0000000000,0.2000000000,0.5500000000,0.3500000000,3.0000000000,0.8000000000,103,112,103,112,104,110
2780,neighbor,False,WSD_CRITERIA_UNVERIFIED,999999999.0000000000,999999999.0000000000,0.2000000000,0.5500000000,0.3000000000,3.0000000000,1.0000000000,102,112,103,110,104,111
2781,neighbor,False,WSD_CRITERIA_UNVERIFIED,999999999.0000000000,999999999.0000000000,0.2000000000,0.4000000000,0.7500000000,2.5000000000,1.0000000000,102,112,104,112,104,111
2782,neighbor,False,WSD_CRITERIA_UNVERIFIED,999999999.0000000000,999999999.0000000000,0.2000000000,0.4500000000,0.5500000000,3.0000000000,1.0000000000,103,111,102,110,103,111
2783,neighbor,False,WSD_CRITERIA_UNVERIFIED,999999999.0000000000,999999999.0000000000,0.2000000000,0.4000000000,0.5500000000,2.5000000000,1.0000000000,104,110,102,110,104,112
2784,neighbor,False,INVALID_GEOMETRY_OR_INPUT,999999999.0000000000,999999999.0000000000,0.2000000000,0.6000000000,0.3500000000,2.5000000000,1.0000000000,103,110,104,110,104,110
2785,neighbor,False,WSD_CRITERIA_UNVERIFIED,999999999.0000000000,999999999.0000000000,0.2000000000,0.4000000000,0.3000000000,2.5000000000,0.8000000000,104,112,103,110,102,111
2786,neighbor,False,INVALID_GEOMETRY_OR_INPUT,999999999.0000000000,999999999.0000000000,0.2000000000,0.5500000000,0.7000000000,2.5000000000,1.0000000000,104,110,104,111,104,110
2787,neighbor,False,CONCRETE_OR_STEEL_STRESS,999999999.0000000000,999999999.0000000000,0.2250000000,0.4000000000,0.6500000000,2.5000000000,1.0000000000,102,112,104,110,103,110
2788,neighbor,False,WSD_CRITERIA_UNVERIFIED,999999999.0000000000,999999999.0000000000,0.2500000000,0.6000000000,0.3000000000,2.5000000000,0.9000000000,103,110,104,112,104,111
2789,neighbor,False,INVALID_GEOMETRY_OR_INPUT,999999999.0000000000,999999999.0000000000,0.2000000000,0.5500000000,0.4500000000,2.5000000000,1.0000000000,102,112,104,110,103,111
2790,neighbor,False,INVALID_GEOMETRY_OR_INPUT,999999999.0000000000,999999999.0000000000,0.2250000000,0.5500000000,0.7000000000,2.5000000000,1.0000000000,104,110,104,110,102,110
2791,neighbor,False,WSD_CRITERIA_UNVERIFIED,999999999.0000000000,999999999.0000000000,0.2500000000,0.4500000000,0.3000000000,3.0000000000,1.0000000000,104,110,104,110,104,110
2792,neighbor,False,INVALID_GEOMETRY_OR_INPUT,999999999.0000000000,999999999.0000000000,0.2500000000,0.5000000000,0.3500000000,2.5000000000,1.0000000000,103,112,104,111,104,110
2793,neighbor,False,WSD_CRITERIA_UNVERIFIED,999999999.0000000000,999999999.0000000000,0.2250000000,0.6000000000,0.4500000000,2.5000000000,0.8000000000,104,112,104,110,102,110
2794,neighbor,False,INVALID_GEOMETRY_OR_INPUT,999999999.0000000000,999999999.0000000000,0.2000000000,0.5500000000,0.3500000000,2.5000000000,1.0000000000,104,110,103,110,103,112
2795,neighbor,False,INVALID_GEOMETRY_OR_INPUT,999999999.0000000000,999999999.0000000000,0.2000000000,0.6000000000,0.5000000000,2.5000000000,1.0000000000,103,111,104,110,103,112
2796,neighbor,False,WSD_CRITERIA_UNVERIFIED,999999999.0000000000,999999999.0000000000,0.2000000000,0.4500000000,0.4500000000,2.5000000000,1.0000000000,104,110,104,110,103,112
2797,neighbor,False,WSD_CRITERIA_UNVERIFIED,999999999.0000000000,999999999.0000000000,0.2000000000,0.5500000000,0.3000000000,3.0000000000,0.9000000000,103,110,104,111,104,110
2798,neighbor,False,WSD_CRITERIA_UNVERIFIED,999999999.0000000000,999999999.0000000000,0.2000000000,0.5000000000,0.3500000000,2.5000000000,0.8000000000,102,110,103,110,103,110
2799,neighbor,False,WSD_CRITERIA_UNVERIFIED,999999999.0000000000,999999999.0000000000,0.2000000000,0.4000000000,0.3000000000,2.5000000000,1.0000000000,104,110,102,110,102,110
2800,neighbor,False,WSD_CRITERIA_UNVERIFIED,999999999.0000000000,999999999.0000000000,0.2000000000,0.5500000000,0.7000000000,3.0000000000,0.8000000000,102,112,104,112,102,110
2801,neighbor,False,WSD_CRITERIA_UNVERIFIED,999999999.0000000000,999999999.0000000000,0.2000000000,0.5000000000,0.3000000000,3.0000000000,1.0000000000,104,110,103,110,104,110
2802,neighbor,False,INVALID_GEOMETRY_OR_INPUT,999999999.0000000000,999999999.0000000000,0.2250000000,0.5000000000,0.5000000000,2.5000000000,1.0000000000,103,110,104,110,102,110
2803,neighbor,False,WSD_CRITERIA_UNVERIFIED,999999999.0000000000,999999999.0000000000,0.2000000000,0.5500000000,0.4500000000,3.0000000000,1.0000000000,104,110,103,111,104,112
2804,neighbor,False,INVALID_GEOMETRY_OR_INPUT,999999999.0000000000,999999999.0000000000,0.2250000000,0.5500000000,0.6000000000,2.5000000000,1.0000000000,104,110,104,112,102,110
2805,neighbor,False,WSD_CRITERIA_UNVERIFIED,999999999.0000000000,999999999.0000000000,0.2000000000,0.5000000000,0.5000000000,2.5000000000,0.8000000000,103,110,104,110,102,110
2806,neighbor,False,WSD_CRITERIA_UNVERIFIED,999999999.0000000000,999999999.0000000000,0.2500000000,0.6000000000,0.7500000000,2.5000000000,0.8000000000,104,110,102,111,104,111
2807,neighbor,False,WSD_CRITERIA_UNVERIFIED,999999999.0000000000,999999999.0000000000,0.2000000000,0.5000000000,0.3000000000,2.5000000000,0.8000000000,104,110,104,110,104,111
2808,neighbor,False,WSD_CRITERIA_UNVERIFIED,999999999.0000000000,999999999.0000000000,0.2000000000,0.4000000000,0.4000000000,2.5000000000,1.0000000000,103,112,104,110,102,110
2809,neighbor,False,INVALID_GEOMETRY_OR_INPUT,999999999.0000000000,999999999.0000000000,0.2250000000,0.5000000000,0.5000000000,2.5000000000,1.0000000000,102,112,104,110,104,110
2810,neighbor,False,INVALID_GEOMETRY_OR_INPUT,999999999.0000000000,999999999.0000000000,0.2250000000,0.6000000000,0.3500000000,2.5000000000,1.0000000000,103,110,102,110,103,111
2811,neighbor,False,CONCRETE_OR_STEEL_STRESS,999999999.0000000000,999999999.0000000000,0.2000000000,0.4000000000,0.5500000000,2.5000000000,0.8000000000,102,112,103,110,103,110
2812,neighbor,False,WSD_CRITERIA_UNVERIFIED,999999999.0000000000,999999999.0000000000,0.2000000000,0.4000000000,0.5500000000,2.5000000000,1.0000000000,103,110,104,110,102,110
2813,neighbor,False,INVALID_GEOMETRY_OR_INPUT,999999999.0000000000,999999999.0000000000,0.2000000000,0.5500000000,0.4000000000,2.5000000000,1.0000000000,104,110,104,110,104,110
2814,neighbor,False,WSD_CRITERIA_UNVERIFIED,999999999.0000000000,999999999.0000000000,0.2250000000,0.4500000000,0.6500000000,2.5000000000,1.0000000000,102,111,104,110,104,112
2815,neighbor,False,INVALID_GEOMETRY_OR_INPUT,999999999.0000000000,999999999.0000000000,0.2000000000,0.5500000000,0.4000000000,2.5000000000,1.0000000000,104,110,102,110,102,110
2816,neighbor,False,INVALID_GEOMETRY_OR_INPUT,999999999.0000000000,999999999.0000000000,0.2500000000,0.5500000000,0.5500000000,2.5000000000,1.0000000000,102,110,104,110,104,110
2817,neighbor,False,WSD_CRITERIA_UNVERIFIED,999999999.0000000000,999999999.0000000000,0.2000000000,0.4000000000,0.6000000000,2.5000000000,0.9000000000,104,112,103,112,103,110
2818,neighbor,False,INVALID_GEOMETRY_OR_INPUT,999999999.0000000000,999999999.0000000000,0.2000000000,0.6000000000,0.3000000000,2.5000000000,1.0000000000,104,111,104,110,102,112
2819,neighbor,False,WSD_CRITERIA_UNVERIFIED,999999999.0000000000,999999999.0000000000,0.2250000000,0.4500000000,0.7000000000,3.0000000000,0.9000000000,103,110,102,110,104,110
2820,neighbor,False,CONCRETE_OR_STEEL_STRESS,999999999.0000000000,999999999.0000000000,0.2000000000,0.4500000000,0.4000000000,2.5000000000,1.0000000000,102,112,104,110,104,112
2821,neighbor,False,WSD_CRITERIA_UNVERIFIED,999999999.0000000000,999999999.0000000000,0.2250000000,0.4500000000,0.5500000000,3.0000000000,0.8000000000,103,112,104,110,104,110
2822,neighbor,False,INVALID_GEOMETRY_OR_INPUT,999999999.0000000000,999999999.0000000000,0.2500000000,0.5500000000,0.4500000000,2.5000000000,1.0000000000,104,110,104,110,103,110
2823,neighbor,False,WSD_CRITERIA_UNVERIFIED,999999999.0000000000,999999999.0000000000,0.2000000000,0.6000000000,0.6000000000,2.5000000000,0.8000000000,103,111,104,112,104,110
2824,neighbor,False,WSD_CRITERIA_UNVERIFIED,999999999.0000000000,999999999.0000000000,0.2500000000,0.5000000000,0.3000000000,3.0000000000,1.0000000000,104,112,102,112,103,110
2825,neighbor,False,INVALID_GEOMETRY_OR_INPUT,999999999.0000000000,999999999.0000000000,0.2000000000,0.6000000000,0.3500000000,2.5000000000,1.0000000000,104,111,103,110,104,111
2826,neighbor,False,WSD_CRITERIA_UNVERIFIED,999999999.0000000000,999999999.0000000000,0.2250000000,0.5000000000,0.6500000000,3.0000000000,0.9000000000,102,110,104,110,102,112
2827,neighbor,False,WSD_CRITERIA_UNVERIFIED,999999999.0000000000,999999999.0000000000,0.2000000000,0.5000000000,0.4000000000,2.5000000000,0.8000000000,103,110,102,110,104,111
2828,neighbor,False,INVALID_GEOMETRY_OR_INPUT,999999999.0000000000,999999999.0000000000,0.2000000000,0.5000000000,0.3500000000,2.5000000000,1.0000000000,104,110,104,111,104,111
2829,neighbor,False,WSD_CRITERIA_UNVERIFIED,999999999.0000000000,999999999.0000000000,0.2000000000,0.4000000000,0.5500000000,3.0000000000,1.0000000000,103,112,102,112,104,110
2830,neighbor,False,WSD_CRITERIA_UNVERIFIED,999999999.0000000000,999999999.0000000000,0.2000000000,0.4000000000,0.7000000000,2.5000000000,0.8000000000,104,110,103,112,104,110
2831,neighbor,False,WSD_CRITERIA_UNVERIFIED,999999999.0000000000,999999999.0000000000,0.2500000000,0.4500000000,0.6000000000,2.5000000000,1.0000000000,104,110,104,111,102,110
2832,neighbor,False,WSD_CRITERIA_UNVERIFIED,999999999.0000000000,999999999.0000000000,0.2000000000,0.4500000000,0.6000000000,2.5000000000,0.8000000000,102,110,103,110,103,111
2833,neighbor,False,WSD_CRITERIA_UNVERIFIED,999999999.0000000000,999999999.0000000000,0.2000000000,0.6000000000,0.4500000000,3.0000000000,1.0000000000,104,112,104,110,104,110
2834,neighbor,False,WSD_CRITERIA_UNVERIFIED,999999999.0000000000,999999999.0000000000,0.2000000000,0.6000000000,0.6000000000,2.5000000000,0.8000000000,104,111,104,112,104,110
2835,neighbor,False,WSD_CRITERIA_UNVERIFIED,999999999.0000000000,999999999.0000000000,0.2000000000,0.5500000000,0.6500000000,2.5000000000,0.9000000000,104,112,104,110,104,112
2836,neighbor,False,WSD_CRITERIA_UNVERIFIED,999999999.0000000000,999999999.0000000000,0.2250000000,0.4500000000,0.7500000000,2.5000000000,0.8000000000,104,110,104,110,102,110
2837,neighbor,False,WSD_CRITERIA_UNVERIFIED,999999999.0000000000,999999999.0000000000,0.2500000000,0.4500000000,0.7500000000,3.0000000000,1.0000000000,104,110,104,112,104,112
2838,neighbor,False,INVALID_GEOMETRY_OR_INPUT,999999999.0000000000,999999999.0000000000,0.2500000000,0.5000000000,0.3000000000,2.5000000000,1.0000000000,104,111,104,110,104,110
2839,neighbor,False,WSD_CRITERIA_UNVERIFIED,999999999.0000000000,999999999.0000000000,0.2000000000,0.4000000000,0.6500000000,3.0000000000,1.0000000000,104,110,103,112,104,112
2840,neighbor,False,WSD_CRITERIA_UNVERIFIED,999999999.0000000000,999999999.0000000000,0.2000000000,0.4500000000,0.7000000000,2.5000000000,1.0000000000,104,110,104,110,104,110
2841,neighbor,False,INVALID_GEOMETRY_OR_INPUT,999999999.0000000000,999999999.0000000000,0.2000000000,0.5000000000,0.7500000000,2.5000000000,1.0000000000,104,112,104,110,102,111
2842,neighbor,False,WSD_CRITERIA_UNVERIFIED,999999999.0000000000,999999999.0000000000,0.2000000000,0.5000000000,0.7000000000,3.0000000000,1.0000000000,103,110,103,110,104,112
2843,neighbor,False,INVALID_GEOMETRY_OR_INPUT,999999999.0000000000,999999999.0000000000,0.2000000000,0.5000000000,0.3000000000,2.5000000000,1.0000000000,104,110,104,112,104,112
2844,neighbor,False,WSD_CRITERIA_UNVERIFIED,999999999.0000000000,999999999.0000000000,0.2000000000,0.5500000000,0.4000000000,3.0000000000,0.9000000000,102,110,103,112,102,110
2845,neighbor,False,WSD_CRITERIA_UNVERIFIED,999999999.0000000000,999999999.0000000000,0.2000000000,0.5000000000,0.6000000000,3.0000000000,1.0000000000,104,112,102,111,104,110
2846,neighbor,False,WSD_CRITERIA_UNVERIFIED,999999999.0000000000,999999999.0000000000,0.2000000000,0.4500000000,0.4500000000,2.5000000000,1.0000000000,104,110,103,111,104,110
2847,neighbor,False,WSD_CRITERIA_UNVERIFIED,999999999.0000000000,999999999.0000000000,0.2250000000,0.5500000000,0.5500000000,2.5000000000,0.9000000000,102,110,104,110,102,110
2848,neighbor,False,INVALID_GEOMETRY_OR_INPUT,999999999.0000000000,999999999.0000000000,0.2000000000,0.5500000000,0.6000000000,2.5000000000,1.0000000000,104,112,104,110,102,112
2849,neighbor,False,INVALID_GEOMETRY_OR_INPUT,999999999.0000000000,999999999.0000000000,0.2500000000,0.6000000000,0.3000000000,2.5000000000,1.0000000000,102,110,103,110,103,112
2850,neighbor,False,WSD_CRITERIA_UNVERIFIED,999999999.0000000000,999999999.0000000000,0.2250000000,0.4500000000,0.7000000000,3.0000000000,1.0000000000,104,111,104,111,102,112
2851,neighbor,False,INVALID_GEOMETRY_OR_INPUT,999999999.0000000000,999999999.0000000000,0.2250000000,0.5500000000,0.7000000000,2.5000000000,1.0000000000,102,110,104,110,104,110
2852,neighbor,False,WSD_CRITERIA_UNVERIFIED,999999999.0000000000,999999999.0000000000,0.2000000000,0.5000000000,0.6000000000,3.0000000000,0.8000000000,104,110,102,110,104,110
2853,neighbor,False,WSD_CRITERIA_UNVERIFIED,999999999.0000000000,999999999.0000000000,0.2250000000,0.4000000000,0.3500000000,3.0000000000,0.8000000000,104,110,104,111,102,110
2854,neighbor,False,WSD_CRITERIA_UNVERIFIED,999999999.0000000000,999999999.0000000000,0.2000000000,0.6000000000,0.3000000000,2.5000000000,0.8000000000,102,110,102,110,104,112
2855,neighbor,False,WSD_CRITERIA_UNVERIFIED,999999999.0000000000,999999999.0000000000,0.2000000000,0.5500000000,0.4000000000,3.0000000000,1.0000000000,104,112,104,111,104,110
2856,neighbor,False,WSD_CRITERIA_UNVERIFIED,999999999.0000000000,999999999.0000000000,0.2500000000,0.4500000000,0.5000000000,2.5000000000,0.8000000000,104,110,102,111,104,111
2857,neighbor,False,WSD_CRITERIA_UNVERIFIED,999999999.0000000000,999999999.0000000000,0.2000000000,0.4500000000,0.7500000000,2.5000000000,1.0000000000,104,110,103,110,104,110
2858,neighbor,False,WSD_CRITERIA_UNVERIFIED,999999999.0000000000,999999999.0000000000,0.2000000000,0.4000000000,0.5500000000,3.0000000000,0.9000000000,103,111,104,110,104,110
2859,neighbor,False,WSD_CRITERIA_UNVERIFIED,999999999.0000000000,999999999.0000000000,0.2250000000,0.5000000000,0.3000000000,3.0000000000,1.0000000000,103,110,103,112,104,112
2860,neighbor,False,WSD_CRITERIA_UNVERIFIED,999999999.0000000000,999999999.0000000000,0.2000000000,0.4500000000,0.3500000000,2.5000000000,1.0000000000,104,110,102,111,104,111
2861,neighbor,False,WSD_CRITERIA_UNVERIFIED,999999999.0000000000,999999999.0000000000,0.2000000000,0.4000000000,0.3000000000,2.5000000000,0.9000000000,103,112,103,110,103,111
2862,neighbor,False,WSD_CRITERIA_UNVERIFIED,999999999.0000000000,999999999.0000000000,0.2500000000,0.4500000000,0.5500000000,3.0000000000,0.8000000000,104,110,104,110,104,111
2863,neighbor,False,INVALID_GEOMETRY_OR_INPUT,999999999.0000000000,999999999.0000000000,0.2500000000,0.5000000000,0.7500000000,2.5000000000,1.0000000000,104,110,103,112,102,110
2864,neighbor,False,WSD_CRITERIA_UNVERIFIED,999999999.0000000000,999999999.0000000000,0.2000000000,0.5500000000,0.4500000000,3.0000000000,1.0000000000,104,110,102,110,102,110
2865,neighbor,False,WSD_CRITERIA_UNVERIFIED,999999999.0000000000,999999999.0000000000,0.2000000000,0.5500000000,0.7500000000,3.0000000000,1.0000000000,104,110,104,112,104,111
2866,neighbor,False,INVALID_GEOMETRY_OR_INPUT,999999999.0000000000,999999999.0000000000,0.2000000000,0.5000000000,0.3000000000,2.5000000000,1.0000000000,104,110,104,110,103,111
2867,neighbor,False,WSD_CRITERIA_UNVERIFIED,999999999.0000000000,999999999.0000000000,0.2000000000,0.5000000000,0.4000000000,2.5000000000,0.9000000000,104,110,102,112,104,110
2868,neighbor,False,WSD_CRITERIA_UNVERIFIED,999999999.0000000000,999999999.0000000000,0.2250000000,0.4000000000,0.7000000000,2.5000000000,1.0000000000,104,110,103,110,103,110
2869,neighbor,False,WSD_CRITERIA_UNVERIFIED,999999999.0000000000,999999999.0000000000,0.2500000000,0.4500000000,0.3500000000,2.5000000000,1.0000000000,103,112,104,110,102,112
2870,neighbor,False,WSD_CRITERIA_UNVERIFIED,999999999.0000000000,999999999.0000000000,0.2500000000,0.6000000000,0.5000000000,3.0000000000,0.9000000000,103,110,104,110,102,110
2871,neighbor,False,WSD_CRITERIA_UNVERIFIED,999999999.0000000000,999999999.0000000000,0.2500000000,0.5500000000,0.7500000000,2.5000000000,0.9000000000,103,110,104,110,103,111
2872,neighbor,False,WSD_CRITERIA_UNVERIFIED,999999999.0000000000,999999999.0000000000,0.2000000000,0.6000000000,0.7000000000,3.0000000000,1.0000000000,102,110,104,110,104,110
2873,neighbor,False,WSD_CRITERIA_UNVERIFIED,999999999.0000000000,999999999.0000000000,0.2000000000,0.4500000000,0.3000000000,3.0000000000,0.9000000000,102,111,104,111,102,110
2874,neighbor,False,WSD_CRITERIA_UNVERIFIED,999999999.0000000000,999999999.0000000000,0.2500000000,0.5500000000,0.3500000000,3.0000000000,1.0000000000,103,110,104,112,104,110
2875,neighbor,False,INVALID_GEOMETRY_OR_INPUT,999999999.0000000000,999999999.0000000000,0.2000000000,0.5000000000,0.3500000000,2.5000000000,1.0000000000,103,110,104,112,104,111
2876,neighbor,False,INVALID_GEOMETRY_OR_INPUT,999999999.0000000000,999999999.0000000000,0.2000000000,0.5500000000,0.4500000000,2.5000000000,1.0000000000,104,110,104,111,104,110
2877,neighbor,False,WSD_CRITERIA_UNVERIFIED,999999999.0000000000,999999999.0000000000,0.2000000000,0.4500000000,0.7500000000,3.0000000000,1.0000000000,104,112,103,110,103,112
2878,neighbor,False,WSD_CRITERIA_UNVERIFIED,999999999.0000000000,999999999.0000000000,0.2000000000,0.4500000000,0.6500000000,3.0000000000,1.0000000000,103,110,102,111,102,111
2879,neighbor,False,WSD_CRITERIA_UNVERIFIED,999999999.0000000000,999999999.0000000000,0.2000000000,0.4500000000,0.6000000000,3.0000000000,0.9000000000,104,110,104,111,103,110
2880,neighbor,False,WSD_CRITERIA_UNVERIFIED,999999999.0000000000,999999999.0000000000,0.2000000000,0.5000000000,0.7500000000,3.0000000000,1.0000000000,104,110,103,110,104,112
2881,neighbor,False,WSD_CRITERIA_UNVERIFIED,999999999.0000000000,999999999.0000000000,0.2250000000,0.4000000000,0.3000000000,2.5000000000,0.8000000000,104,112,104,110,104,110
2882,neighbor,False,WSD_CRITERIA_UNVERIFIED,999999999.0000000000,999999999.0000000000,0.2000000000,0.6000000000,0.7000000000,3.0000000000,1.0000000000,102,110,103,110,104,111
2883,neighbor,False,WSD_CRITERIA_UNVERIFIED,999999999.0000000000,999999999.0000000000,0.2000000000,0.5500000000,0.4500000000,2.5000000000,0.8000000000,103,110,104,110,104,110
2884,neighbor,False,WSD_CRITERIA_UNVERIFIED,999999999.0000000000,999999999.0000000000,0.2000000000,0.5000000000,0.3500000000,3.0000000000,0.8000000000,104,112,104,110,102,110
2885,neighbor,False,WSD_CRITERIA_UNVERIFIED,999999999.0000000000,999999999.0000000000,0.2000000000,0.4000000000,0.7500000000,3.0000000000,1.0000000000,102,110,102,110,104,111
2886,neighbor,False,WSD_CRITERIA_UNVERIFIED,999999999.0000000000,999999999.0000000000,0.2000000000,0.4500000000,0.3000000000,2.5000000000,0.8000000000,104,110,103,111,102,110
2887,neighbor,False,WSD_CRITERIA_UNVERIFIED,999999999.0000000000,999999999.0000000000,0.2000000000,0.5500000000,0.3000000000,3.0000000000,1.0000000000,103,112,102,110,103,110
2888,neighbor,False,WSD_CRITERIA_UNVERIFIED,999999999.0000000000,999999999.0000000000,0.2250000000,0.5500000000,0.3000000000,2.5000000000,0.8000000000,104,110,103,110,103,112
2889,neighbor,False,INVALID_GEOMETRY_OR_INPUT,999999999.0000000000,999999999.0000000000,0.2000000000,0.6000000000,0.3000000000,2.5000000000,1.0000000000,104,110,103,110,104,112
2890,neighbor,False,INVALID_GEOMETRY_OR_INPUT,999999999.0000000000,999999999.0000000000,0.2250000000,0.5500000000,0.4500000000,2.5000000000,1.0000000000,102,110,104,110,103,112
2891,neighbor,False,WSD_CRITERIA_UNVERIFIED,999999999.0000000000,999999999.0000000000,0.2000000000,0.5500000000,0.4500000000,3.0000000000,1.0000000000,103,110,104,112,103,110
2892,neighbor,False,INVALID_GEOMETRY_OR_INPUT,999999999.0000000000,999999999.0000000000,0.2000000000,0.5500000000,0.5500000000,2.5000000000,1.0000000000,102,110,102,112,104,110
2893,neighbor,False,INVALID_GEOMETRY_OR_INPUT,999999999.0000000000,999999999.0000000000,0.2500000000,0.5500000000,0.3500000000,2.5000000000,1.0000000000,104,110,103,111,104,112
2894,neighbor,False,INVALID_GEOMETRY_OR_INPUT,999999999.0000000000,999999999.0000000000,0.2500000000,0.5000000000,0.5000000000,2.5000000000,1.0000000000,104,111,104,111,104,110
2895,neighbor,False,WSD_CRITERIA_UNVERIFIED,999999999.0000000000,999999999.0000000000,0.2500000000,0.4000000000,0.3000000000,2.5000000000,0.8000000000,103,112,104,111,104,110
2896,neighbor,False,WSD_CRITERIA_UNVERIFIED,999999999.0000000000,999999999.0000000000,0.2000000000,0.4000000000,0.5500000000,2.5000000000,0.8000000000,102,110,103,110,103,112
2897,neighbor,False,WSD_CRITERIA_UNVERIFIED,999999999.0000000000,999999999.0000000000,0.2500000000,0.5500000000,0.7500000000,3.0000000000,0.9000000000,104,110,102,110,102,111
2898,neighbor,False,WSD_CRITERIA_UNVERIFIED,999999999.0000000000,999999999.0000000000,0.2000000000,0.4000000000,0.6000000000,3.0000000000,0.9000000000,104,111,104,110,103,112
2899,neighbor,False,WSD_CRITERIA_UNVERIFIED,999999999.0000000000,999999999.0000000000,0.2500000000,0.4000000000,0.6000000000,3.0000000000,0.8000000000,104,112,104,110,102,111
2900,neighbor,False,WSD_CRITERIA_UNVERIFIED,999999999.0000000000,999999999.0000000000,0.2000000000,0.5000000000,0.4500000000,3.0000000000,1.0000000000,103,112,102,110,104,110
2901,neighbor,False,INVALID_GEOMETRY_OR_INPUT,999999999.0000000000,999999999.0000000000,0.2500000000,0.5500000000,0.7500000000,2.5000000000,1.0000000000,102,112,102,110,103,110
2902,neighbor,False,WSD_CRITERIA_UNVERIFIED,999999999.0000000000,999999999.0000000000,0.2000000000,0.5000000000,0.4000000000,3.0000000000,1.0000000000,104,111,104,110,102,110
2903,neighbor,False,WSD_CRITERIA_UNVERIFIED,999999999.0000000000,999999999.0000000000,0.2000000000,0.4000000000,0.6500000000,3.0000000000,0.9000000000,104,111,104,111,102,112
2904,neighbor,False,WSD_CRITERIA_UNVERIFIED,999999999.0000000000,999999999.0000000000,0.2000000000,0.4000000000,0.6000000000,3.0000000000,1.0000000000,104,111,103,112,104,110
2905,neighbor,False,WSD_CRITERIA_UNVERIFIED,999999999.0000000000,999999999.0000000000,0.2000000000,0.5000000000,0.3000000000,2.5000000000,0.8000000000,104,110,104,111,104,110
2906,neighbor,False,WSD_CRITERIA_UNVERIFIED,999999999.0000000000,999999999.0000000000,0.2000000000,0.4000000000,0.7500000000,3.0000000000,0.9000000000,102,112,104,110,104,111
2907,neighbor,False,WSD_CRITERIA_UNVERIFIED,999999999.0000000000,999999999.0000000000,0.2000000000,0.4500000000,0.6500000000,3.0000000000,1.0000000000,103,110,102,110,104,112
2908,neighbor,False,INVALID_GEOMETRY_OR_INPUT,999999999.0000000000,999999999.0000000000,0.2000000000,0.5500000000,0.6000000000,2.5000000000,1.0000000000,104,111,104,110,104,110
2909,neighbor,False,WSD_CRITERIA_UNVERIFIED,999999999.0000000000,999999999.0000000000,0.2000000000,0.4500000000,0.6500000000,2.5000000000,0.9000000000,103,110,102,111,104,111
2910,neighbor,False,WSD_CRITERIA_UNVERIFIED,999999999.0000000000,999999999.0000000000,0.2000000000,0.4000000000,0.7000000000,2.5000000000,1.0000000000,104,110,104,110,104,110
2911,neighbor,False,WSD_CRITERIA_UNVERIFIED,999999999.0000000000,999999999.0000000000,0.2250000000,0.6000000000,0.5500000000,2.5000000000,0.8000000000,104,110,104,111,104,111
2912,neighbor,False,WSD_CRITERIA_UNVERIFIED,999999999.0000000000,999999999.0000000000,0.2500000000,0.4500000000,0.7000000000,2.5000000000,0.9000000000,103,110,104,110,104,112
2913,neighbor,False,WSD_CRITERIA_UNVERIFIED,999999999.0000000000,999999999.0000000000,0.2500000000,0.4000000000,0.5000000000,2.5000000000,1.0000000000,104,111,104,110,104,110
2914,neighbor,False,WSD_CRITERIA_UNVERIFIED,999999999.0000000000,999999999.0000000000,0.2000000000,0.4500000000,0.6000000000,2.5000000000,1.0000000000,103,112,104,110,104,110
2915,neighbor,False,WSD_CRITERIA_UNVERIFIED,999999999.0000000000,999999999.0000000000,0.2000000000,0.5500000000,0.3000000000,3.0000000000,1.0000000000,102,110,103,110,103,110
2916,neighbor,False,WSD_CRITERIA_UNVERIFIED,999999999.0000000000,999999999.0000000000,0.2250000000,0.6000000000,0.6500000000,2.5000000000,0.8000000000,102,112,104,110,104,111
2917,neighbor,False,INVALID_GEOMETRY_OR_INPUT,999999999.0000000000,999999999.0000000000,0.2250000000,0.5000000000,0.6500000000,2.5000000000,1.0000000000,102,111,103,110,104,110
2918,neighbor,False,WSD_CRITERIA_UNVERIFIED,999999999.0000000000,999999999.0000000000,0.2250000000,0.4000000000,0.5000000000,3.0000000000,1.0000000000,102,110,103,112,102,110
2919,neighbor,False,INVALID_GEOMETRY_OR_INPUT,999999999.0000000000,999999999.0000000000,0.2000000000,0.5000000000,0.3000000000,2.5000000000,1.0000000000,104,110,104,110,104,111
2920,neighbor,False,WSD_CRITERIA_UNVERIFIED,999999999.0000000000,999999999.0000000000,0.2500000000,0.4500000000,0.4000000000,2.5000000000,1.0000000000,102,110,104,110,104,112
2921,neighbor,False,WSD_CRITERIA_UNVERIFIED,999999999.0000000000,999999999.0000000000,0.2500000000,0.4000000000,0.6000000000,2.5000000000,0.9000000000,104,110,104,110,102,111
2922,neighbor,False,WSD_CRITERIA_UNVERIFIED,999999999.0000000000,999999999.0000000000,0.2000000000,0.4500000000,0.3000000000,2.5000000000,0.8000000000,104,110,104,110,104,112
2923,neighbor,False,WSD_CRITERIA_UNVERIFIED,999999999.0000000000,999999999.0000000000,0.2000000000,0.4000000000,0.7000000000,3.0000000000,1.0000000000,102,110,104,110,104,110
2924,neighbor,False,WSD_CRITERIA_UNVERIFIED,999999999.0000000000,999999999.0000000000,0.2000000000,0.6000000000,0.3000000000,3.0000000000,1.0000000000,102,111,102,110,102,112
2925,neighbor,False,WSD_CRITERIA_UNVERIFIED,999999999.0000000000,999999999.0000000000,0.2000000000,0.4000000000,0.7500000000,2.5000000000,0.8000000000,102,110,104,110,102,112
2926,neighbor,False,WSD_CRITERIA_UNVERIFIED,999999999.0000000000,999999999.0000000000,0.2500000000,0.4000000000,0.7500000000,2.5000000000,1.0000000000,103,111,104,112,104,110
2927,neighbor,False,WSD_CRITERIA_UNVERIFIED,999999999.0000000000,999999999.0000000000,0.2000000000,0.4500000000,0.3000000000,3.0000000000,0.8000000000,104,110,104,110,104,110
2928,neighbor,False,WSD_CRITERIA_UNVERIFIED,999999999.0000000000,999999999.0000000000,0.2500000000,0.5500000000,0.5500000000,2.5000000000,0.8000000000,104,111,102,110,104,110
2929,neighbor,False,WSD_CRITERIA_UNVERIFIED,999999999.0000000000,999999999.0000000000,0.2250000000,0.4500000000,0.7000000000,2.5000000000,1.0000000000,102,110,102,110,104,110
2930,neighbor,False,INVALID_GEOMETRY_OR_INPUT,999999999.0000000000,999999999.0000000000,0.2000000000,0.5500000000,0.3000000000,2.5000000000,1.0000000000,104,111,103,110,104,110
2931,neighbor,False,INVALID_GEOMETRY_OR_INPUT,999999999.0000000000,999999999.0000000000,0.2500000000,0.5000000000,0.5000000000,2.5000000000,1.0000000000,102,110,104,110,104,110
2932,neighbor,False,WSD_CRITERIA_UNVERIFIED,999999999.0000000000,999999999.0000000000,0.2500000000,0.5500000000,0.5500000000,2.5000000000,0.9000000000,104,110,104,111,102,112
2933,neighbor,False,INVALID_GEOMETRY_OR_INPUT,999999999.0000000000,999999999.0000000000,0.2000000000,0.5000000000,0.3000000000,2.5000000000,1.0000000000,102,111,104,111,104,111
2934,neighbor,False,INVALID_GEOMETRY_OR_INPUT,999999999.0000000000,999999999.0000000000,0.2000000000,0.5500000000,0.7000000000,2.5000000000,1.0000000000,102,111,103,110,103,110
2935,neighbor,False,WSD_CRITERIA_UNVERIFIED,999999999.0000000000,999999999.0000000000,0.2250000000,0.4500000000,0.4500000000,2.5000000000,0.8000000000,104,112,104,110,104,112
2936,neighbor,False,WSD_CRITERIA_UNVERIFIED,999999999.0000000000,999999999.0000000000,0.2000000000,0.4500000000,0.7500000000,2.5000000000,0.9000000000,104,110,104,110,103,112
2937,neighbor,False,WSD_CRITERIA_UNVERIFIED,999999999.0000000000,999999999.0000000000,0.2000000000,0.5500000000,0.5000000000,2.5000000000,0.9000000000,104,110,103,112,104,110
2938,neighbor,False,WSD_CRITERIA_UNVERIFIED,999999999.0000000000,999999999.0000000000,0.2000000000,0.4000000000,0.7000000000,2.5000000000,0.8000000000,103,112,102,111,104,110
2939,neighbor,False,WSD_CRITERIA_UNVERIFIED,999999999.0000000000,999999999.0000000000,0.2250000000,0.5500000000,0.4000000000,2.5000000000,0.9000000000,104,111,104,112,104,111
2940,neighbor,False,WSD_CRITERIA_UNVERIFIED,999999999.0000000000,999999999.0000000000,0.2000000000,0.5000000000,0.3500000000,2.5000000000,0.8000000000,104,110,102,110,104,112
2941,neighbor,False,WSD_CRITERIA_UNVERIFIED,999999999.0000000000,999999999.0000000000,0.2250000000,0.5500000000,0.3000000000,3.0000000000,0.9000000000,104,110,104,111,104,110
2942,neighbor,False,WSD_CRITERIA_UNVERIFIED,999999999.0000000000,999999999.0000000000,0.2000000000,0.4000000000,0.3000000000,2.5000000000,1.0000000000,104,110,104,110,103,112
2943,neighbor,False,WSD_CRITERIA_UNVERIFIED,999999999.0000000000,999999999.0000000000,0.2000000000,0.6000000000,0.4500000000,3.0000000000,0.9000000000,103,110,104,111,103,112
2944,neighbor,False,WSD_CRITERIA_UNVERIFIED,999999999.0000000000,999999999.0000000000,0.2250000000,0.4500000000,0.7000000000,3.0000000000,1.0000000000,104,111,102,112,103,110
2945,neighbor,False,WSD_CRITERIA_UNVERIFIED,999999999.0000000000,999999999.0000000000,0.2500000000,0.5000000000,0.3000000000,3.0000000000,1.0000000000,104,111,102,110,104,110
2946,neighbor,False,WSD_CRITERIA_UNVERIFIED,999999999.0000000000,999999999.0000000000,0.2000000000,0.6000000000,0.3500000000,3.0000000000,0.8000000000,104,110,104,110,102,112
2947,neighbor,False,WSD_CRITERIA_UNVERIFIED,999999999.0000000000,999999999.0000000000,0.2000000000,0.4000000000,0.4500000000,2.5000000000,1.0000000000,103,111,104,111,104,111
2948,neighbor,False,WSD_CRITERIA_UNVERIFIED,999999999.0000000000,999999999.0000000000,0.2500000000,0.5000000000,0.5000000000,3.0000000000,0.9000000000,104,111,104,111,104,111
2949,neighbor,False,WSD_CRITERIA_UNVERIFIED,999999999.0000000000,999999999.0000000000,0.2500000000,0.5000000000,0.4000000000,2.5000000000,0.9000000000,104,110,104,112,104,110
2950,neighbor,False,WSD_CRITERIA_UNVERIFIED,999999999.0000000000,999999999.0000000000,0.2000000000,0.5500000000,0.6500000000,2.5000000000,0.8000000000,104,110,104,111,104,112
2951,neighbor,False,WSD_CRITERIA_UNVERIFIED,999999999.0000000000,999999999.0000000000,0.2250000000,0.5000000000,0.4500000000,2.5000000000,0.9000000000,104,110,104,110,103,110
2952,neighbor,False,INVALID_GEOMETRY_OR_INPUT,999999999.0000000000,999999999.0000000000,0.2000000000,0.6000000000,0.6000000000,2.5000000000,1.0000000000,104,110,104,112,104,110
2953,neighbor,False,WSD_CRITERIA_UNVERIFIED,999999999.0000000000,999999999.0000000000,0.2250000000,0.5500000000,0.4500000000,3.0000000000,0.8000000000,104,110,104,112,102,110
2954,neighbor,False,WSD_CRITERIA_UNVERIFIED,999999999.0000000000,999999999.0000000000,0.2500000000,0.5500000000,0.3000000000,2.5000000000,0.9000000000,104,110,104,111,102,110
2955,neighbor,False,WSD_CRITERIA_UNVERIFIED,999999999.0000000000,999999999.0000000000,0.2000000000,0.4500000000,0.3000000000,3.0000000000,1.0000000000,104,110,102,112,104,110
2956,neighbor,False,WSD_CRITERIA_UNVERIFIED,999999999.0000000000,999999999.0000000000,0.2000000000,0.4000000000,0.7000000000,2.5000000000,1.0000000000,104,110,104,111,104,110
2957,neighbor,False,WSD_CRITERIA_UNVERIFIED,999999999.0000000000,999999999.0000000000,0.2000000000,0.5000000000,0.3000000000,2.5000000000,0.9000000000,102,110,104,110,104,110
2958,neighbor,False,WSD_CRITERIA_UNVERIFIED,999999999.0000000000,999999999.0000000000,0.2000000000,0.5000000000,0.3000000000,2.5000000000,0.9000000000,102,112,104,110,104,112
2959,neighbor,False,INVALID_GEOMETRY_OR_INPUT,999999999.0000000000,999999999.0000000000,0.2000000000,0.5500000000,0.7500000000,2.5000000000,1.0000000000,103,110,104,110,104,110
2960,neighbor,False,WSD_CRITERIA_UNVERIFIED,999999999.0000000000,999999999.0000000000,0.2000000000,0.4000000000,0.7500000000,2.5000000000,1.0000000000,104,110,104,110,104,110
2961,neighbor,False,WSD_CRITERIA_UNVERIFIED,999999999.0000000000,999999999.0000000000,0.2500000000,0.4500000000,0.7000000000,2.5000000000,1.0000000000,104,110,104,110,104,110
2962,neighbor,False,WSD_CRITERIA_UNVERIFIED,999999999.0000000000,999999999.0000000000,0.2250000000,0.4500000000,0.7500000000,2.5000000000,0.8000000000,102,110,103,110,103,110
2963,neighbor,False,WSD_CRITERIA_UNVERIFIED,999999999.0000000000,999999999.0000000000,0.2250000000,0.4500000000,0.4000000000,3.0000000000,1.0000000000,104,110,104,112,104,110
2964,neighbor,False,INVALID_GEOMETRY_OR_INPUT,999999999.0000000000,999999999.0000000000,0.2250000000,0.6000000000,0.4000000000,2.5000000000,1.0000000000,104,110,104,110,104,110
2965,neighbor,False,WSD_CRITERIA_UNVERIFIED,999999999.0000000000,999999999.0000000000,0.2250000000,0.6000000000,0.6000000000,3.0000000000,1.0000000000,103,112,104,112,104,110
2966,neighbor,False,WSD_CRITERIA_UNVERIFIED,999999999.0000000000,999999999.0000000000,0.2500000000,0.4000000000,0.3500000000,3.0000000000,1.0000000000,104,110,104,111,104,110
2967,neighbor,False,INVALID_GEOMETRY_OR_INPUT,999999999.0000000000,999999999.0000000000,0.2500000000,0.6000000000,0.7500000000,2.5000000000,1.0000000000,104,110,104,110,103,111
2968,neighbor,False,INVALID_GEOMETRY_OR_INPUT,999999999.0000000000,999999999.0000000000,0.2250000000,0.5000000000,0.3000000000,2.5000000000,1.0000000000,104,111,103,110,102,110
2969,neighbor,False,WSD_CRITERIA_UNVERIFIED,999999999.0000000000,999999999.0000000000,0.2000000000,0.5000000000,0.5000000000,3.0000000000,1.0000000000,104,110,104,111,104,111
2970,neighbor,False,INVALID_GEOMETRY_OR_INPUT,999999999.0000000000,999999999.0000000000,0.2250000000,0.5000000000,0.4500000000,2.5000000000,1.0000000000,104,110,104,110,104,110
2971,neighbor,False,WSD_CRITERIA_UNVERIFIED,999999999.0000000000,999999999.0000000000,0.2000000000,0.4500000000,0.4000000000,2.5000000000,1.0000000000,104,110,102,111,103,112
2972,neighbor,False,WSD_CRITERIA_UNVERIFIED,999999999.0000000000,999999999.0000000000,0.2000000000,0.5000000000,0.7000000000,2.5000000000,0.9000000000,104,110,104,110,104,110
2973,neighbor,False,INVALID_GEOMETRY_OR_INPUT,999999999.0000000000,999999999.0000000000,0.2500000000,0.5000000000,0.7500000000,2.5000000000,1.0000000000,104,111,104,110,102,112
2974,neighbor,False,WSD_CRITERIA_UNVERIFIED,999999999.0000000000,999999999.0000000000,0.2000000000,0.5500000000,0.6000000000,2.5000000000,0.9000000000,104,111,104,110,103,110
2975,neighbor,False,WSD_CRITERIA_UNVERIFIED,999999999.0000000000,999999999.0000000000,0.2000000000,0.5500000000,0.3500000000,3.0000000000,1.0000000000,104,110,104,110,102,110
2976,neighbor,False,WSD_CRITERIA_UNVERIFIED,999999999.0000000000,999999999.0000000000,0.2000000000,0.4500000000,0.4500000000,2.5000000000,1.0000000000,103,111,104,111,104,110
2977,neighbor,False,WSD_CRITERIA_UNVERIFIED,999999999.0000000000,999999999.0000000000,0.2500000000,0.4000000000,0.3000000000,2.5000000000,1.0000000000,104,112,104,111,103,111
2978,neighbor,False,WSD_CRITERIA_UNVERIFIED,999999999.0000000000,999999999.0000000000,0.2000000000,0.4500000000,0.3000000000,2.5000000000,0.9000000000,104,110,102,111,104,110
2979,neighbor,False,WSD_CRITERIA_UNVERIFIED,999999999.0000000000,999999999.0000000000,0.2250000000,0.4000000000,0.3000000000,3.0000000000,1.0000000000,104,111,104,112,104,110
2980,neighbor,False,INVALID_GEOMETRY_OR_INPUT,999999999.0000000000,999999999.0000000000,0.2000000000,0.6000000000,0.3500000000,2.5000000000,1.0000000000,103,111,103,110,104,111
2981,neighbor,False,WSD_CRITERIA_UNVERIFIED,999999999.0000000000,999999999.0000000000,0.2250000000,0.4000000000,0.6000000000,3.0000000000,0.8000000000,104,112,104,112,104,110
2982,neighbor,False,INVALID_GEOMETRY_OR_INPUT,999999999.0000000000,999999999.0000000000,0.2000000000,0.5500000000,0.3000000000,2.5000000000,1.0000000000,104,110,104,110,104,110
2983,neighbor,False,INVALID_GEOMETRY_OR_INPUT,999999999.0000000000,999999999.0000000000,0.2500000000,0.6000000000,0.3000000000,2.5000000000,1.0000000000,104,111,104,110,104,110
2984,neighbor,False,WSD_CRITERIA_UNVERIFIED,999999999.0000000000,999999999.0000000000,0.2000000000,0.4000000000,0.5500000000,2.5000000000,1.0000000000,104,110,103,111,104,110
2985,neighbor,False,WSD_CRITERIA_UNVERIFIED,999999999.0000000000,999999999.0000000000,0.2000000000,0.4000000000,0.4500000000,2.5000000000,0.9000000000,104,112,104,112,104,111
2986,neighbor,False,INVALID_GEOMETRY_OR_INPUT,999999999.0000000000,999999999.0000000000,0.2000000000,0.6000000000,0.3500000000,2.5000000000,1.0000000000,103,110,102,111,104,110
2987,neighbor,False,WSD_CRITERIA_UNVERIFIED,999999999.0000000000,999999999.0000000000,0.2500000000,0.4500000000,0.5500000000,2.5000000000,0.8000000000,103,110,104,110,103,110
2988,neighbor,False,WSD_CRITERIA_UNVERIFIED,999999999.0000000000,999999999.0000000000,0.2500000000,0.5500000000,0.6000000000,3.0000000000,1.0000000000,102,110,104,112,102,110
2989,neighbor,False,WSD_CRITERIA_UNVERIFIED,999999999.0000000000,999999999.0000000000,0.2000000000,0.6000000000,0.6000000000,3.0000000000,1.0000000000,104,111,104,111,102,110
2990,neighbor,False,WSD_CRITERIA_UNVERIFIED,999999999.0000000000,999999999.0000000000,0.2250000000,0.4500000000,0.3000000000,2.5000000000,0.9000000000,102,110,104,110,104,110
2991,neighbor,False,WSD_CRITERIA_UNVERIFIED,999999999.0000000000,999999999.0000000000,0.2500000000,0.5000000000,0.7500000000,2.5000000000,0.8000000000,104,110,103,110,104,112
2992,neighbor,False,WSD_CRITERIA_UNVERIFIED,999999999.0000000000,999999999.0000000000,0.2000000000,0.4000000000,0.3000000000,2.5000000000,1.0000000000,104,110,104,110,104,112
2993,neighbor,False,WSD_CRITERIA_UNVERIFIED,999999999.0000000000,999999999.0000000000,0.2000000000,0.4500000000,0.5000000000,2.5000000000,0.8000000000,104,111,104,110,104,110
2994,neighbor,False,WSD_CRITERIA_UNVERIFIED,999999999.0000000000,999999999.0000000000,0.2500000000,0.6000000000,0.3000000000,2.5000000000,0.8000000000,104,112,104,110,104,110
2995,neighbor,False,WSD_CRITERIA_UNVERIFIED,999999999.0000000000,999999999.0000000000,0.2250000000,0.5000000000,0.6500000000,2.5000000000,0.9000000000,102,111,103,111,102,110
2996,neighbor,False,WSD_CRITERIA_UNVERIFIED,999999999.0000000000,999999999.0000000000,0.2500000000,0.4500000000,0.5000000000,2.5000000000,0.9000000000,102,110,104,110,103,110
2997,neighbor,False,WSD_CRITERIA_UNVERIFIED,999999999.0000000000,999999999.0000000000,0.2500000000,0.6000000000,0.3500000000,2.5000000000,0.8000000000,104,110,103,112,104,111
2998,neighbor,False,WSD_CRITERIA_UNVERIFIED,999999999.0000000000,999999999.0000000000,0.2500000000,0.4500000000,0.6000000000,2.5000000000,0.8000000000,104,112,103,110,102,110
2999,neighbor,False,INVALID_GEOMETRY_OR_INPUT,999999999.0000000000,999999999.0000000000,0.2000000000,0.6000000000,0.4500000000,2.5000000000,1.0000000000,103,110,104,110,104,110
3000,neighbor,False,WSD_CRITERIA_UNVERIFIED,999999999.0000000000,999999999.0000000000,0.2250000000,0.6000000000,0.4500000000,2.5000000000,0.9000000000,102,110,104,112,103,110
3001,neighbor,False,WSD_CRITERIA_UNVERIFIED,999999999.0000000000,999999999.0000000000,0.2000000000,0.5000000000,0.5500000000,2.5000000000,0.8000000000,103,111,102,111,104,112
3002,neighbor,False,WSD_CRITERIA_UNVERIFIED,999999999.0000000000,999999999.0000000000,0.2250000000,0.4000000000,0.5500000000,2.5000000000,1.0000000000,103,112,103,110,103,112
3003,neighbor,False,WSD_CRITERIA_UNVERIFIED,999999999.0000000000,999999999.0000000000,0.2500000000,0.4000000000,0.5000000000,2.5000000000,1.0000000000,104,110,102,110,102,110
3004,neighbor,False,WSD_CRITERIA_UNVERIFIED,999999999.0000000000,999999999.0000000000,0.2500000000,0.6000000000,0.6000000000,2.5000000000,0.9000000000,102,110,104,111,104,111
3005,neighbor,False,WSD_CRITERIA_UNVERIFIED,999999999.0000000000,999999999.0000000000,0.2250000000,0.6000000000,0.7000000000,3.0000000000,0.9000000000,103,112,103,111,104,110
3006,neighbor,False,WSD_CRITERIA_UNVERIFIED,999999999.0000000000,999999999.0000000000,0.2000000000,0.5000000000,0.6500000000,2.5000000000,0.9000000000,104,110,103,111,102,111
3007,neighbor,False,WSD_CRITERIA_UNVERIFIED,999999999.0000000000,999999999.0000000000,0.2500000000,0.5000000000,0.3000000000,2.5000000000,0.8000000000,104,112,104,110,102,110
3008,neighbor,False,WSD_CRITERIA_UNVERIFIED,999999999.0000000000,999999999.0000000000,0.2000000000,0.4500000000,0.3000000000,2.5000000000,0.9000000000,104,110,104,110,104,110
3009,neighbor,False,WSD_CRITERIA_UNVERIFIED,999999999.0000000000,999999999.0000000000,0.2500000000,0.5000000000,0.6000000000,3.0000000000,1.0000000000,104,110,104,110,104,111
3010,neighbor,False,INVALID_GEOMETRY_OR_INPUT,999999999.0000000000,999999999.0000000000,0.2500000000,0.5500000000,0.3000000000,2.5000000000,1.0000000000,104,111,103,112,102,110
3011,neighbor,False,WSD_CRITERIA_UNVERIFIED,999999999.0000000000,999999999.0000000000,0.2000000000,0.4000000000,0.6000000000,2.5000000000,0.8000000000,104,112,102,112,104,110
3012,neighbor,False,INVALID_GEOMETRY_OR_INPUT,999999999.0000000000,999999999.0000000000,0.2500000000,0.6000000000,0.7500000000,2.5000000000,1.0000000000,104,110,103,111,104,111
3013,neighbor,False,WSD_CRITERIA_UNVERIFIED,999999999.0000000000,999999999.0000000000,0.2500000000,0.4500000000,0.5000000000,3.0000000000,1.0000000000,104,110,104,110,102,110
3014,neighbor,False,WSD_CRITERIA_UNVERIFIED,999999999.0000000000,999999999.0000000000,0.2500000000,0.5500000000,0.5000000000,3.0000000000,0.9000000000,104,110,102,110,103,111
3015,neighbor,False,WSD_CRITERIA_UNVERIFIED,999999999.0000000000,999999999.0000000000,0.2500000000,0.4000000000,0.4500000000,3.0000000000,0.8000000000,104,110,104,110,104,111
3016,neighbor,False,WSD_CRITERIA_UNVERIFIED,999999999.0000000000,999999999.0000000000,0.2000000000,0.5500000000,0.5500000000,3.0000000000,1.0000000000,104,110,104,112,104,112
3017,neighbor,False,INVALID_GEOMETRY_OR_INPUT,999999999.0000000000,999999999.0000000000,0.2000000000,0.6000000000,0.3000000000,2.5000000000,1.0000000000,104,110,104,112,104,112
3018,neighbor,False,WSD_CRITERIA_UNVERIFIED,999999999.0000000000,999999999.0000000000,0.2500000000,0.6000000000,0.3500000000,3.0000000000,0.8000000000,104,110,104,111,104,112
3019,neighbor,False,INVALID_GEOMETRY_OR_INPUT,999999999.0000000000,999999999.0000000000,0.2000000000,0.5500000000,0.3000000000,2.5000000000,1.0000000000,104,110,102,112,104,112
3020,neighbor,False,WSD_CRITERIA_UNVERIFIED,999999999.0000000000,999999999.0000000000,0.2500000000,0.5500000000,0.6000000000,3.0000000000,0.9000000000,104,112,103,111,102,110
3021,neighbor,False,WSD_CRITERIA_UNVERIFIED,999999999.0000000000,999999999.0000000000,0.2250000000,0.4000000000,0.4000000000,3.0000000000,0.9000000000,102,110,102,111,102,112
3022,neighbor,False,WSD_CRITERIA_UNVERIFIED,999999999.0000000000,999999999.0000000000,0.2000000000,0.4000000000,0.4000000000,2.5000000000,0.9000000000,103,111,104,110,104,110
3023,neighbor,False,WSD_CRITERIA_UNVERIFIED,999999999.0000000000,999999999.0000000000,0.2000000000,0.6000000000,0.3000000000,3.0000000000,1.0000000000,104,110,102,110,104,110
3024,neighbor,False,WSD_CRITERIA_UNVERIFIED,999999999.0000000000,999999999.0000000000,0.2000000000,0.4000000000,0.5000000000,3.0000000000,0.9000000000,103,110,103,111,103,112
3025,neighbor,False,WSD_CRITERIA_UNVERIFIED,999999999.0000000000,999999999.0000000000,0.2000000000,0.5500000000,0.3000000000,2.5000000000,0.9000000000,104,110,104,112,103,110
3026,neighbor,False,WSD_CRITERIA_UNVERIFIED,999999999.0000000000,999999999.0000000000,0.2000000000,0.5000000000,0.3000000000,2.5000000000,0.9000000000,104,111,102,112,104,110
3027,neighbor,False,WSD_CRITERIA_UNVERIFIED,999999999.0000000000,999999999.0000000000,0.2000000000,0.6000000000,0.4500000000,2.5000000000,0.9000000000,104,110,104,112,104,112
3028,neighbor,False,WSD_CRITERIA_UNVERIFIED,999999999.0000000000,999999999.0000000000,0.2000000000,0.4500000000,0.3500000000,3.0000000000,1.0000000000,102,110,104,110,104,110
3029,neighbor,False,WSD_CRITERIA_UNVERIFIED,999999999.0000000000,999999999.0000000000,0.2000000000,0.5000000000,0.7000000000,3.0000000000,0.8000000000,104,110,104,111,104,111
3030,neighbor,False,INVALID_GEOMETRY_OR_INPUT,999999999.0000000000,999999999.0000000000,0.2500000000,0.5000000000,0.4500000000,2.5000000000,1.0000000000,104,110,103,110,104,110
3031,neighbor,False,WSD_CRITERIA_UNVERIFIED,999999999.0000000000,999999999.0000000000,0.2000000000,0.4000000000,0.7500000000,2.5000000000,1.0000000000,104,110,104,110,104,110
3032,neighbor,False,INVALID_GEOMETRY_OR_INPUT,999999999.0000000000,999999999.0000000000,0.2000000000,0.6000000000,0.5500000000,2.5000000000,1.0000000000,102,110,104,112,104,110
3033,neighbor,False,WSD_CRITERIA_UNVERIFIED,999999999.0000000000,999999999.0000000000,0.2500000000,0.4000000000,0.7500000000,3.0000000000,1.0000000000,102,110,104,110,104,111
3034,neighbor,False,WSD_CRITERIA_UNVERIFIED,999999999.0000000000,999999999.0000000000,0.2000000000,0.4000000000,0.3000000000,2.5000000000,1.0000000000,103,110,104,110,104,112
3035,neighbor,False,INVALID_GEOMETRY_OR_INPUT,999999999.0000000000,999999999.0000000000,0.2000000000,0.6000000000,0.4500000000,2.5000000000,1.0000000000,102,112,104,111,104,112
3036,neighbor,False,WSD_CRITERIA_UNVERIFIED,999999999.0000000000,999999999.0000000000,0.2000000000,0.6000000000,0.6000000000,3.0000000000,0.9000000000,102,110,104,110,104,110
3037,neighbor,False,WSD_CRITERIA_UNVERIFIED,999999999.0000000000,999999999.0000000000,0.2500000000,0.5500000000,0.7000000000,2.5000000000,0.8000000000,104,110,104,110,104,110
3038,neighbor,False,WSD_CRITERIA_UNVERIFIED,999999999.0000000000,999999999.0000000000,0.2500000000,0.5500000000,0.5500000000,3.0000000000,0.9000000000,102,110,103,110,103,110
3039,neighbor,False,INVALID_GEOMETRY_OR_INPUT,999999999.0000000000,999999999.0000000000,0.2250000000,0.5500000000,0.4000000000,2.5000000000,1.0000000000,104,112,104,110,103,110
3040,neighbor,False,WSD_CRITERIA_UNVERIFIED,999999999.0000000000,999999999.0000000000,0.2000000000,0.6000000000,0.3000000000,2.5000000000,0.8000000000,104,110,104,110,103,111
3041,neighbor,False,WSD_CRITERIA_UNVERIFIED,999999999.0000000000,999999999.0000000000,0.2000000000,0.4000000000,0.4000000000,2.5000000000,0.8000000000,104,110,102,110,104,112
3042,neighbor,False,WSD_CRITERIA_UNVERIFIED,999999999.0000000000,999999999.0000000000,0.2000000000,0.4000000000,0.7000000000,2.5000000000,0.8000000000,104,112,104,110,104,110
3043,neighbor,False,INVALID_GEOMETRY_OR_INPUT,999999999.0000000000,999999999.0000000000,0.2500000000,0.5000000000,0.6000000000,2.5000000000,1.0000000000,104,110,103,110,103,110
3044,neighbor,False,WSD_CRITERIA_UNVERIFIED,999999999.0000000000,999999999.0000000000,0.2000000000,0.4000000000,0.5500000000,2.5000000000,1.0000000000,104,110,102,110,104,110
3045,neighbor,False,WSD_CRITERIA_UNVERIFIED,999999999.0000000000,999999999.0000000000,0.2500000000,0.4500000000,0.6500000000,3.0000000000,1.0000000000,104,112,104,110,104,110
3046,neighbor,False,INVALID_GEOMETRY_OR_INPUT,999999999.0000000000,999999999.0000000000,0.2250000000,0.6000000000,0.4500000000,2.5000000000,1.0000000000,103,110,104,112,104,110
3047,neighbor,False,WSD_CRITERIA_UNVERIFIED,999999999.0000000000,999999999.0000000000,0.2500000000,0.5000000000,0.3500000000,3.0000000000,1.0000000000,104,111,102,110,103,110
3048,neighbor,False,WSD_CRITERIA_UNVERIFIED,999999999.0000000000,999999999.0000000000,0.2000000000,0.4500000000,0.3000000000,2.5000000000,1.0000000000,104,110,104,110,104,110
3049,neighbor,False,WSD_CRITERIA_UNVERIFIED,999999999.0000000000,999999999.0000000000,0.2250000000,0.5500000000,0.6500000000,2.5000000000,0.8000000000,104,112,103,111,103,110
3050,neighbor,False,WSD_CRITERIA_UNVERIFIED,999999999.0000000000,999999999.0000000000,0.2250000000,0.5500000000,0.7500000000,2.5000000000,0.8000000000,104,111,104,110,104,112
3051,neighbor,False,WSD_CRITERIA_UNVERIFIED,999999999.0000000000,999999999.0000000000,0.2000000000,0.6000000000,0.3000000000,2.5000000000,0.9000000000,104,112,104,110,104,110
3052,neighbor,False,INVALID_GEOMETRY_OR_INPUT,999999999.0000000000,999999999.0000000000,0.2500000000,0.5000000000,0.6500000000,2.5000000000,1.0000000000,104,110,103,111,104,111
3053,neighbor,False,WSD_CRITERIA_UNVERIFIED,999999999.0000000000,999999999.0000000000,0.2500000000,0.5500000000,0.7000000000,2.5000000000,0.8000000000,103,110,102,110,104,111
3054,neighbor,False,WSD_CRITERIA_UNVERIFIED,999999999.0000000000,999999999.0000000000,0.2000000000,0.4000000000,0.6500000000,2.5000000000,0.9000000000,104,112,104,111,102,111
3055,neighbor,False,WSD_CRITERIA_UNVERIFIED,999999999.0000000000,999999999.0000000000,0.2250000000,0.5000000000,0.5000000000,2.5000000000,0.9000000000,104,112,104,112,104,111
3056,neighbor,False,WSD_CRITERIA_UNVERIFIED,999999999.0000000000,999999999.0000000000,0.2500000000,0.4000000000,0.6000000000,2.5000000000,1.0000000000,103,110,102,110,104,110
3057,neighbor,False,WSD_CRITERIA_UNVERIFIED,999999999.0000000000,999999999.0000000000,0.2250000000,0.4000000000,0.6500000000,2.5000000000,1.0000000000,104,111,104,110,104,111
3058,neighbor,False,WSD_CRITERIA_UNVERIFIED,999999999.0000000000,999999999.0000000000,0.2000000000,0.6000000000,0.6000000000,3.0000000000,1.0000000000,104,111,104,112,103,112
3059,neighbor,False,WSD_CRITERIA_UNVERIFIED,999999999.0000000000,999999999.0000000000,0.2000000000,0.4500000000,0.6500000000,3.0000000000,0.9000000000,104,110,103,110,104,110
3060,neighbor,False,WSD_CRITERIA_UNVERIFIED,999999999.0000000000,999999999.0000000000,0.2250000000,0.5500000000,0.4500000000,2.5000000000,0.9000000000,104,110,104,110,104,111
3061,neighbor,False,WSD_CRITERIA_UNVERIFIED,999999999.0000000000,999999999.0000000000,0.2000000000,0.4000000000,0.3500000000,2.5000000000,1.0000000000,102,110,104,111,104,110
3062,neighbor,False,WSD_CRITERIA_UNVERIFIED,999999999.0000000000,999999999.0000000000,0.2000000000,0.4000000000,0.6000000000,3.0000000000,0.8000000000,104,111,102,110,102,110
3063,neighbor,False,WSD_CRITERIA_UNVERIFIED,999999999.0000000000,999999999.0000000000,0.2500000000,0.4500000000,0.5500000000,2.5000000000,1.0000000000,103,110,104,110,102,110
3064,neighbor,False,INVALID_GEOMETRY_OR_INPUT,999999999.0000000000,999999999.0000000000,0.2250000000,0.5500000000,0.7500000000,2.5000000000,1.0000000000,103,111,104,110,103,110
3065,neighbor,False,WSD_CRITERIA_UNVERIFIED,999999999.0000000000,999999999.0000000000,0.2250000000,0.4000000000,0.3000000000,2.5000000000,1.0000000000,104,110,104,111,103,110
3066,neighbor,False,WSD_CRITERIA_UNVERIFIED,999999999.0000000000,999999999.0000000000,0.2500000000,0.4500000000,0.4500000000,2.5000000000,1.0000000000,104,110,104,110,104,112
3067,neighbor,False,WSD_CRITERIA_UNVERIFIED,999999999.0000000000,999999999.0000000000,0.2500000000,0.5000000000,0.5500000000,3.0000000000,1.0000000000,104,110,104,111,104,111
3068,neighbor,False,WSD_CRITERIA_UNVERIFIED,999999999.0000000000,999999999.0000000000,0.2000000000,0.6000000000,0.6000000000,3.0000000000,0.9000000000,104,110,103,111,102,110
3069,neighbor,False,WSD_CRITERIA_UNVERIFIED,999999999.0000000000,999999999.0000000000,0.2000000000,0.5000000000,0.6500000000,3.0000000000,1.0000000000,103,110,104,110,103,110
3070,neighbor,False,WSD_CRITERIA_UNVERIFIED,999999999.0000000000,999999999.0000000000,0.2000000000,0.4000000000,0.4000000000,2.5000000000,1.0000000000,104,110,104,110,103,110
3071,neighbor,False,WSD_CRITERIA_UNVERIFIED,999999999.0000000000,999999999.0000000000,0.2000000000,0.5500000000,0.6500000000,2.5000000000,0.9000000000,104,110,104,111,104,112
3072,neighbor,False,WSD_CRITERIA_UNVERIFIED,999999999.0000000000,999999999.0000000000,0.2000000000,0.5500000000,0.3500000000,2.5000000000,0.8000000000,104,111,103,110,104,110
3073,neighbor,False,WSD_CRITERIA_UNVERIFIED,999999999.0000000000,999999999.0000000000,0.2000000000,0.5000000000,0.5000000000,2.5000000000,0.9000000000,102,110,104,112,102,112
3074,neighbor,False,INVALID_GEOMETRY_OR_INPUT,999999999.0000000000,999999999.0000000000,0.2500000000,0.5000000000,0.3000000000,2.5000000000,1.0000000000,102,112,103,110,104,110
3075,neighbor,False,WSD_CRITERIA_UNVERIFIED,999999999.0000000000,999999999.0000000000,0.2500000000,0.5500000000,0.7000000000,3.0000000000,1.0000000000,103,112,104,111,104,111
3076,neighbor,False,INVALID_GEOMETRY_OR_INPUT,999999999.0000000000,999999999.0000000000,0.2000000000,0.5000000000,0.3500000000,2.5000000000,1.0000000000,104,110,104,110,102,111
3077,neighbor,False,WSD_CRITERIA_UNVERIFIED,999999999.0000000000,999999999.0000000000,0.2000000000,0.4000000000,0.3500000000,2.5000000000,0.8000000000,104,110,104,112,104,110
3078,reset,False,WSD_CRITERIA_UNVERIFIED,999999999.0000000000,999999999.0000000000,0.2000000000,0.6000000000,0.4500000000,3.5000000000,1.0000000000,104,110,104,110,104,110
3079,neighbor,False,WSD_CRITERIA_UNVERIFIED,999999999.0000000000,999999999.0000000000,0.2000000000,0.6000000000,0.4000000000,3.5000000000,0.8000000000,104,112,102,110,104,111
3080,neighbor,False,WSD_CRITERIA_UNVERIFIED,999999999.0000000000,999999999.0000000000,0.2500000000,0.6000000000,0.7000000000,3.5000000000,0.9000000000,104,111,102,112,104,110
3081,neighbor,False,WSD_CRITERIA_UNVERIFIED,999999999.0000000000,999999999.0000000000,0.2500000000,0.6000000000,0.3000000000,3.0000000000,1.0000000000,103,110,103,110,104,112
3082,neighbor,False,WSD_CRITERIA_UNVERIFIED,999999999.0000000000,999999999.0000000000,0.2000000000,0.6000000000,0.6500000000,3.0000000000,0.9000000000,104,110,104,110,104,112
3083,neighbor,False,WSD_CRITERIA_UNVERIFIED,999999999.0000000000,999999999.0000000000,0.2000000000,0.6000000000,0.3000000000,3.5000000000,1.0000000000,102,110,104,110,103,110
3084,neighbor,False,WSD_CRITERIA_UNVERIFIED,999999999.0000000000,999999999.0000000000,0.2000000000,0.6000000000,0.3000000000,3.5000000000,1.0000000000,104,110,102,110,104,112
3085,neighbor,False,WSD_CRITERIA_UNVERIFIED,999999999.0000000000,999999999.0000000000,0.2500000000,0.6000000000,0.5000000000,3.5000000000,0.8000000000,102,110,104,110,103,110
3086,neighbor,False,WSD_CRITERIA_UNVERIFIED,999999999.0000000000,999999999.0000000000,0.2000000000,0.6000000000,0.3000000000,3.5000000000,0.9000000000,104,110,103,112,104,112
3087,neighbor,False,WSD_CRITERIA_UNVERIFIED,999999999.0000000000,999999999.0000000000,0.2500000000,0.6000000000,0.6000000000,3.5000000000,0.8000000000,103,110,104,110,102,110
3088,neighbor,False,WSD_CRITERIA_UNVERIFIED,999999999.0000000000,999999999.0000000000,0.2000000000,0.5500000000,0.4500000000,3.0000000000,1.0000000000,104,110,104,111,102,110
3089,neighbor,False,WSD_CRITERIA_UNVERIFIED,999999999.0000000000,999999999.0000000000,0.2000000000,0.5500000000,0.3000000000,3.5000000000,1.0000000000,103,110,103,110,104,110
3090,neighbor,False,WSD_CRITERIA_UNVERIFIED,999999999.0000000000,999999999.0000000000,0.2500000000,0.5500000000,0.3000000000,3.0000000000,1.0000000000,103,112,103,110,102,111
3091,neighbor,False,WSD_CRITERIA_UNVERIFIED,999999999.0000000000,999999999.0000000000,0.2500000000,0.6000000000,0.3000000000,3.5000000000,0.9000000000,103,111,104,110,104,110
3092,neighbor,False,WSD_CRITERIA_UNVERIFIED,999999999.0000000000,999999999.0000000000,0.2000000000,0.5500000000,0.3000000000,3.5000000000,0.8000000000,102,112,104,110,104,110
3093,neighbor,False,WSD_CRITERIA_UNVERIFIED,999999999.0000000000,999999999.0000000000,0.2250000000,0.6000000000,0.7000000000,3.0000000000,0.8000000000,103,110,104,110,104,110
3094,neighbor,False,WSD_CRITERIA_UNVERIFIED,999999999.0000000000,999999999.0000000000,0.2500000000,0.6000000000,0.6000000000,3.5000000000,1.0000000000,104,112,104,112,103,111
3095,neighbor,False,WSD_CRITERIA_UNVERIFIED,999999999.0000000000,999999999.0000000000,0.2500000000,0.5500000000,0.6000000000,3.0000000000,1.0000000000,104,110,102,110,104,110
3096,neighbor,False,WSD_CRITERIA_UNVERIFIED,999999999.0000000000,999999999.0000000000,0.2000000000,0.6000000000,0.4000000000,3.5000000000,1.0000000000,102,110,102,110,104,110
3097,neighbor,False,WSD_CRITERIA_UNVERIFIED,999999999.0000000000,999999999.0000000000,0.2000000000,0.5000000000,0.3500000000,3.5000000000,0.9000000000,104,112,104,110,104,110
3098,neighbor,False,WSD_CRITERIA_UNVERIFIED,999999999.0000000000,999999999.0000000000,0.2000000000,0.6000000000,0.5000000000,3.5000000000,0.9000000000,104,110,102,112,102,110
3099,neighbor,False,WSD_CRITERIA_UNVERIFIED,999999999.0000000000,999999999.0000000000,0.2500000000,0.5000000000,0.6500000000,3.5000000000,0.8000000000,104,110,104,112,103,111
3100,neighbor,False,WSD_CRITERIA_UNVERIFIED,999999999.0000000000,999999999.0000000000,0.2000000000,0.6000000000,0.4500000000,3.0000000000,1.0000000000,103,112,103,112,103,111
3101,neighbor,False,WSD_CRITERIA_UNVERIFIED,999999999.0000000000,999999999.0000000000,0.2000000000,0.6000000000,0.7000000000,3.5000000000,0.9000000000,104,110,102,112,104,110
3102,neighbor,False,WSD_CRITERIA_UNVERIFIED,999999999.0000000000,999999999.0000000000,0.2500000000,0.5000000000,0.3000000000,3.5000000000,0.9000000000,104,110,104,112,104,110
3103,neighbor,False,WSD_CRITERIA_UNVERIFIED,999999999.0000000000,999999999.0000000000,0.2000000000,0.6000000000,0.6500000000,3.5000000000,0.9000000000,102,111,103,112,102,110
3104,neighbor,False,WSD_CRITERIA_UNVERIFIED,999999999.0000000000,999999999.0000000000,0.2000000000,0.6000000000,0.6500000000,3.5000000000,1.0000000000,102,111,104,110,102,112
3105,neighbor,False,WSD_CRITERIA_UNVERIFIED,999999999.0000000000,999999999.0000000000,0.2500000000,0.6000000000,0.7000000000,3.0000000000,1.0000000000,103,112,102,110,104,110
3106,neighbor,False,WSD_CRITERIA_UNVERIFIED,999999999.0000000000,999999999.0000000000,0.2500000000,0.6000000000,0.5500000000,3.5000000000,1.0000000000,104,112,102,110,102,111
3107,neighbor,False,WSD_CRITERIA_UNVERIFIED,999999999.0000000000,999999999.0000000000,0.2500000000,0.6000000000,0.4500000000,3.5000000000,0.8000000000,104,110,104,111,104,111
3108,neighbor,False,WSD_CRITERIA_UNVERIFIED,999999999.0000000000,999999999.0000000000,0.2000000000,0.5500000000,0.3500000000,3.5000000000,1.0000000000,102,112,104,110,104,112
3109,neighbor,False,WSD_CRITERIA_UNVERIFIED,999999999.0000000000,999999999.0000000000,0.2250000000,0.6000000000,0.6500000000,3.5000000000,1.0000000000,104,110,102,112,104,111
3110,neighbor,False,WSD_CRITERIA_UNVERIFIED,999999999.0000000000,999999999.0000000000,0.2250000000,0.5000000000,0.3000000000,3.5000000000,1.0000000000,104,110,103,110,104,110
3111,neighbor,False,WSD_CRITERIA_UNVERIFIED,999999999.0000000000,999999999.0000000000,0.2000000000,0.6000000000,0.3000000000,3.0000000000,0.9000000000,104,110,102,111,102,110
3112,neighbor,False,WSD_CRITERIA_UNVERIFIED,999999999.0000000000,999999999.0000000000,0.2000000000,0.6000000000,0.7000000000,3.0000000000,1.0000000000,103,111,102,110,104,110
3113,neighbor,False,WSD_CRITERIA_UNVERIFIED,999999999.0000000000,999999999.0000000000,0.2500000000,0.6000000000,0.4500000000,3.5000000000,1.0000000000,104,110,103,110,104,111
3114,neighbor,False,WSD_CRITERIA_UNVERIFIED,999999999.0000000000,999999999.0000000000,0.2500000000,0.6000000000,0.7000000000,3.0000000000,0.8000000000,103,110,103,111,103,112
3115,neighbor,False,WSD_CRITERIA_UNVERIFIED,999999999.0000000000,999999999.0000000000,0.2000000000,0.6000000000,0.6500000000,3.5000000000,1.0000000000,104,110,103,110,102,112
3116,neighbor,False,WSD_CRITERIA_UNVERIFIED,999999999.0000000000,999999999.0000000000,0.2500000000,0.5000000000,0.4500000000,3.5000000000,1.0000000000,104,110,104,110,104,110
3117,neighbor,False,WSD_CRITERIA_UNVERIFIED,999999999.0000000000,999999999.0000000000,0.2000000000,0.6000000000,0.3500000000,3.0000000000,1.0000000000,104,112,104,111,102,110
3118,neighbor,False,WSD_CRITERIA_UNVERIFIED,999999999.0000000000,999999999.0000000000,0.2000000000,0.6000000000,0.3000000000,3.5000000000,1.0000000000,104,110,104,112,104,111
3119,neighbor,False,WSD_CRITERIA_UNVERIFIED,999999999.0000000000,999999999.0000000000,0.2000000000,0.5500000000,0.3000000000,3.5000000000,1.0000000000,104,110,103,110,104,110
3120,neighbor,False,WSD_CRITERIA_UNVERIFIED,999999999.0000000000,999999999.0000000000,0.2500000000,0.5500000000,0.3000000000,3.5000000000,1.0000000000,104,110,104,110,103,110
3121,neighbor,False,WSD_CRITERIA_UNVERIFIED,999999999.0000000000,999999999.0000000000,0.2000000000,0.6000000000,0.4000000000,3.5000000000,1.0000000000,103,111,104,110,104,110
3122,neighbor,False,WSD_CRITERIA_UNVERIFIED,999999999.0000000000,999999999.0000000000,0.2000000000,0.6000000000,0.4500000000,3.5000000000,0.8000000000,102,110,104,110,104,112
3123,neighbor,False,WSD_CRITERIA_UNVERIFIED,999999999.0000000000,999999999.0000000000,0.2000000000,0.5500000000,0.5500000000,3.5000000000,1.0000000000,103,110,104,110,103,110
3124,neighbor,False,WSD_CRITERIA_UNVERIFIED,999999999.0000000000,999999999.0000000000,0.2000000000,0.6000000000,0.6000000000,3.5000000000,1.0000000000,104,110,104,111,104,110
3125,neighbor,False,WSD_CRITERIA_UNVERIFIED,999999999.0000000000,999999999.0000000000,0.2500000000,0.5000000000,0.4000000000,3.5000000000,0.8000000000,103,110,104,112,103,111
3126,neighbor,False,WSD_CRITERIA_UNVERIFIED,999999999.0000000000,999999999.0000000000,0.2000000000,0.6000000000,0.7000000000,3.0000000000,0.8000000000,102,111,104,110,104,111
3127,neighbor,False,WSD_CRITERIA_UNVERIFIED,999999999.0000000000,999999999.0000000000,0.2500000000,0.5000000000,0.5500000000,3.5000000000,1.0000000000,104,112,104,110,104,111
3128,neighbor,False,WSD_CRITERIA_UNVERIFIED,999999999.0000000000,999999999.0000000000,0.2000000000,0.6000000000,0.3000000000,3.5000000000,1.0000000000,102,110,103,110,104,110
3129,neighbor,False,WSD_CRITERIA_UNVERIFIED,999999999.0000000000,999999999.0000000000,0.2000000000,0.5000000000,0.3500000000,3.0000000000,0.9000000000,103,110,104,111,103,111
3130,neighbor,False,WSD_CRITERIA_UNVERIFIED,999999999.0000000000,999999999.0000000000,0.2250000000,0.5000000000,0.6000000000,3.5000000000,1.0000000000,104,110,102,110,104,112
3131,neighbor,False,WSD_CRITERIA_UNVERIFIED,999999999.0000000000,999999999.0000000000,0.2250000000,0.5500000000,0.6000000000,3.5000000000,0.9000000000,104,110,103,112,102,110
3132,neighbor,False,WSD_CRITERIA_UNVERIFIED,999999999.0000000000,999999999.0000000000,0.2500000000,0.6000000000,0.4000000000,3.5000000000,0.9000000000,102,110,102,110,104,111
3133,neighbor,False,WSD_CRITERIA_UNVERIFIED,999999999.0000000000,999999999.0000000000,0.2000000000,0.6000000000,0.4000000000,3.5000000000,1.0000000000,102,110,103,110,103,110
3134,neighbor,False,WSD_CRITERIA_UNVERIFIED,999999999.0000000000,999999999.0000000000,0.2500000000,0.5000000000,0.3000000000,3.5000000000,0.8000000000,104,110,103,112,104,111
3135,neighbor,False,WSD_CRITERIA_UNVERIFIED,999999999.0000000000,999999999.0000000000,0.2500000000,0.5000000000,0.6000000000,3.5000000000,0.9000000000,104,110,102,110,104,112
3136,neighbor,False,WSD_CRITERIA_UNVERIFIED,999999999.0000000000,999999999.0000000000,0.2500000000,0.6000000000,0.6000000000,3.0000000000,1.0000000000,103,112,102,110,104,110
3137,neighbor,False,WSD_CRITERIA_UNVERIFIED,999999999.0000000000,999999999.0000000000,0.2000000000,0.5500000000,0.7000000000,3.0000000000,1.0000000000,103,111,102,110,104,110
3138,neighbor,False,WSD_CRITERIA_UNVERIFIED,999999999.0000000000,999999999.0000000000,0.2000000000,0.6000000000,0.5500000000,3.5000000000,0.8000000000,103,110,104,110,103,110
3139,neighbor,False,WSD_CRITERIA_UNVERIFIED,999999999.0000000000,999999999.0000000000,0.2000000000,0.5500000000,0.7000000000,3.5000000000,1.0000000000,104,110,104,110,104,112
3140,neighbor,False,WSD_CRITERIA_UNVERIFIED,999999999.0000000000,999999999.0000000000,0.2000000000,0.5500000000,0.5500000000,3.5000000000,1.0000000000,104,110,102,110,104,110
3141,neighbor,False,WSD_CRITERIA_UNVERIFIED,999999999.0000000000,999999999.0000000000,0.2000000000,0.6000000000,0.6500000000,3.0000000000,1.0000000000,104,110,102,111,104,110
3142,neighbor,False,WSD_CRITERIA_UNVERIFIED,999999999.0000000000,999999999.0000000000,0.2000000000,0.6000000000,0.7000000000,3.5000000000,1.0000000000,104,111,104,110,104,111
3143,neighbor,False,WSD_CRITERIA_UNVERIFIED,999999999.0000000000,999999999.0000000000,0.2000000000,0.5500000000,0.4000000000,3.0000000000,1.0000000000,104,112,103,110,104,110
3144,neighbor,False,WSD_CRITERIA_UNVERIFIED,999999999.0000000000,999999999.0000000000,0.2000000000,0.6000000000,0.6500000000,3.5000000000,1.0000000000,104,110,104,110,104,110
3145,neighbor,False,WSD_CRITERIA_UNVERIFIED,999999999.0000000000,999999999.0000000000,0.2250000000,0.5000000000,0.7000000000,3.5000000000,1.0000000000,103,112,104,111,104,110
3146,neighbor,False,WSD_CRITERIA_UNVERIFIED,999999999.0000000000,999999999.0000000000,0.2000000000,0.5500000000,0.3500000000,3.5000000000,0.8000000000,104,110,102,111,103,111
3147,neighbor,False,WSD_CRITERIA_UNVERIFIED,999999999.0000000000,999999999.0000000000,0.2000000000,0.6000000000,0.6000000000,3.5000000000,1.0000000000,104,110,104,110,103,110
3148,neighbor,False,WSD_CRITERIA_UNVERIFIED,999999999.0000000000,999999999.0000000000,0.2500000000,0.5000000000,0.4500000000,3.0000000000,0.9000000000,102,112,103,111,104,110
3149,neighbor,False,WSD_CRITERIA_UNVERIFIED,999999999.0000000000,999999999.0000000000,0.2500000000,0.6000000000,0.6500000000,3.5000000000,1.0000000000,102,111,102,110,104,112
3150,neighbor,False,WSD_CRITERIA_UNVERIFIED,999999999.0000000000,999999999.0000000000,0.2500000000,0.5000000000,0.3000000000,3.5000000000,0.8000000000,103,110,104,111,104,111
3151,neighbor,False,WSD_CRITERIA_UNVERIFIED,999999999.0000000000,999999999.0000000000,0.2500000000,0.5000000000,0.3000000000,3.0000000000,0.9000000000,104,112,104,110,104,110
3152,neighbor,False,WSD_CRITERIA_UNVERIFIED,999999999.0000000000,999999999.0000000000,0.2000000000,0.6000000000,0.7000000000,3.5000000000,1.0000000000,104,111,104,110,104,110
3153,neighbor,False,WSD_CRITERIA_UNVERIFIED,999999999.0000000000,999999999.0000000000,0.2250000000,0.6000000000,0.3000000000,3.5000000000,1.0000000000,102,110,104,112,104,111
3154,neighbor,False,WSD_CRITERIA_UNVERIFIED,999999999.0000000000,999999999.0000000000,0.2250000000,0.5000000000,0.4500000000,3.5000000000,1.0000000000,102,110,103,110,104,112
3155,neighbor,False,WSD_CRITERIA_UNVERIFIED,999999999.0000000000,999999999.0000000000,0.2250000000,0.6000000000,0.3000000000,3.5000000000,0.8000000000,104,110,104,110,103,111
3156,neighbor,False,WSD_CRITERIA_UNVERIFIED,999999999.0000000000,999999999.0000000000,0.2500000000,0.6000000000,0.5500000000,3.5000000000,1.0000000000,103,111,104,110,102,110
3157,neighbor,False,WSD_CRITERIA_UNVERIFIED,999999999.0000000000,999999999.0000000000,0.2500000000,0.6000000000,0.5500000000,3.5000000000,1.0000000000,104,110,104,110,102,110
3158,neighbor,False,WSD_CRITERIA_UNVERIFIED,999999999.0000000000,999999999.0000000000,0.2250000000,0.6000000000,0.6000000000,3.0000000000,1.0000000000,104,112,103,110,104,112
3159,neighbor,False,WSD_CRITERIA_UNVERIFIED,999999999.0000000000,999999999.0000000000,0.2000000000,0.5500000000,0.3500000000,3.0000000000,0.8000000000,104,111,104,111,104,110
3160,neighbor,False,WSD_CRITERIA_UNVERIFIED,999999999.0000000000,999999999.0000000000,0.2250000000,0.5000000000,0.3000000000,3.0000000000,1.0000000000,103,110,102,110,104,110
3161,neighbor,False,WSD_CRITERIA_UNVERIFIED,999999999.0000000000,999999999.0000000000,0.2000000000,0.5500000000,0.5500000000,3.5000000000,0.9000000000,102,110,102,110,104,112
3162,neighbor,False,WSD_CRITERIA_UNVERIFIED,999999999.0000000000,999999999.0000000000,0.2500000000,0.6000000000,0.3000000000,3.5000000000,0.8000000000,104,111,104,110,104,110
3163,neighbor,False,WSD_CRITERIA_UNVERIFIED,999999999.0000000000,999999999.0000000000,0.2000000000,0.6000000000,0.3000000000,3.5000000000,0.9000000000,104,110,102,110,102,110
3164,neighbor,False,WSD_CRITERIA_UNVERIFIED,999999999.0000000000,999999999.0000000000,0.2500000000,0.5000000000,0.4500000000,3.5000000000,1.0000000000,102,110,104,111,104,112
3165,neighbor,False,WSD_CRITERIA_UNVERIFIED,999999999.0000000000,999999999.0000000000,0.2500000000,0.6000000000,0.7000000000,3.0000000000,1.0000000000,104,112,104,111,103,110
3166,neighbor,False,WSD_CRITERIA_UNVERIFIED,999999999.0000000000,999999999.0000000000,0.2000000000,0.5000000000,0.3000000000,3.5000000000,0.9000000000,104,110,104,110,104,111
3167,neighbor,False,WSD_CRITERIA_UNVERIFIED,999999999.0000000000,999999999.0000000000,0.2000000000,0.6000000000,0.6500000000,3.0000000000,0.8000000000,104,111,102,111,103,111
3168,neighbor,False,WSD_CRITERIA_UNVERIFIED,999999999.0000000000,999999999.0000000000,0.2000000000,0.6000000000,0.6500000000,3.5000000000,0.9000000000,102,110,102,112,103,110
3169,neighbor,False,WSD_CRITERIA_UNVERIFIED,999999999.0000000000,999999999.0000000000,0.2500000000,0.6000000000,0.3000000000,3.5000000000,0.9000000000,104,112,104,110,104,111
3170,neighbor,False,WSD_CRITERIA_UNVERIFIED,999999999.0000000000,999999999.0000000000,0.2250000000,0.6000000000,0.5000000000,3.5000000000,0.8000000000,104,110,103,110,103,110
3171,neighbor,False,WSD_CRITERIA_UNVERIFIED,999999999.0000000000,999999999.0000000000,0.2250000000,0.5500000000,0.7000000000,3.5000000000,1.0000000000,104,111,102,110,104,112
3172,neighbor,False,WSD_CRITERIA_UNVERIFIED,999999999.0000000000,999999999.0000000000,0.2250000000,0.6000000000,0.3500000000,3.5000000000,1.0000000000,103,112,103,111,104,110
3173,neighbor,False,WSD_CRITERIA_UNVERIFIED,999999999.0000000000,999999999.0000000000,0.2250000000,0.6000000000,0.5500000000,3.5000000000,1.0000000000,104,110,104,111,104,110
3174,neighbor,False,WSD_CRITERIA_UNVERIFIED,999999999.0000000000,999999999.0000000000,0.2250000000,0.5500000000,0.7000000000,3.0000000000,0.9000000000,104,112,104,110,104,110
3175,neighbor,False,WSD_CRITERIA_UNVERIFIED,999999999.0000000000,999999999.0000000000,0.2500000000,0.5000000000,0.5000000000,3.5000000000,0.8000000000,102,112,102,111,104,110
3176,neighbor,False,WSD_CRITERIA_UNVERIFIED,999999999.0000000000,999999999.0000000000,0.2000000000,0.6000000000,0.3000000000,3.5000000000,1.0000000000,104,111,102,111,104,110
3177,neighbor,False,WSD_CRITERIA_UNVERIFIED,999999999.0000000000,999999999.0000000000,0.2000000000,0.6000000000,0.7000000000,3.5000000000,1.0000000000,104,112,103,112,103,111
3178,neighbor,False,WSD_CRITERIA_UNVERIFIED,999999999.0000000000,999999999.0000000000,0.2000000000,0.5500000000,0.6000000000,3.5000000000,0.8000000000,104,110,103,110,104,110
3179,neighbor,False,WSD_CRITERIA_UNVERIFIED,999999999.0000000000,999999999.0000000000,0.2000000000,0.6000000000,0.5000000000,3.5000000000,0.8000000000,104,110,104,110,103,112
3180,neighbor,False,WSD_CRITERIA_UNVERIFIED,999999999.0000000000,999999999.0000000000,0.2000000000,0.6000000000,0.3000000000,3.5000000000,0.8000000000,104,110,104,110,104,110
3181,neighbor,False,WSD_CRITERIA_UNVERIFIED,999999999.0000000000,999999999.0000000000,0.2500000000,0.6000000000,0.3000000000,3.5000000000,1.0000000000,103,110,102,110,102,112
3182,neighbor,False,WSD_CRITERIA_UNVERIFIED,999999999.0000000000,999999999.0000000000,0.2500000000,0.6000000000,0.6500000000,3.5000000000,0.9000000000,103,111,104,111,104,111
3183,neighbor,False,WSD_CRITERIA_UNVERIFIED,999999999.0000000000,999999999.0000000000,0.2000000000,0.6000000000,0.6000000000,3.5000000000,1.0000000000,104,110,104,110,104,110
3184,neighbor,False,WSD_CRITERIA_UNVERIFIED,999999999.0000000000,999999999.0000000000,0.2000000000,0.6000000000,0.6000000000,3.5000000000,0.8000000000,104,111,104,110,104,110
3185,neighbor,False,WSD_CRITERIA_UNVERIFIED,999999999.0000000000,999999999.0000000000,0.2000000000,0.6000000000,0.3000000000,3.5000000000,1.0000000000,103,110,104,110,103,112
3186,neighbor,False,WSD_CRITERIA_UNVERIFIED,999999999.0000000000,999999999.0000000000,0.2000000000,0.6000000000,0.6500000000,3.0000000000,1.0000000000,104,110,103,110,104,110
3187,neighbor,False,WSD_CRITERIA_UNVERIFIED,999999999.0000000000,999999999.0000000000,0.2000000000,0.5000000000,0.6000000000,3.5000000000,1.0000000000,103,112,103,110,104,110
3188,neighbor,False,WSD_CRITERIA_UNVERIFIED,999999999.0000000000,999999999.0000000000,0.2000000000,0.5000000000,0.6000000000,3.0000000000,1.0000000000,104,110,104,112,102,110
3189,neighbor,False,WSD_CRITERIA_UNVERIFIED,999999999.0000000000,999999999.0000000000,0.2000000000,0.6000000000,0.5500000000,3.0000000000,1.0000000000,104,110,102,110,104,111
3190,neighbor,False,WSD_CRITERIA_UNVERIFIED,999999999.0000000000,999999999.0000000000,0.2500000000,0.5500000000,0.4000000000,3.0000000000,1.0000000000,104,110,104,112,103,110
3191,neighbor,False,WSD_CRITERIA_UNVERIFIED,999999999.0000000000,999999999.0000000000,0.2000000000,0.6000000000,0.6000000000,3.5000000000,0.9000000000,104,110,104,111,103,111
3192,neighbor,False,WSD_CRITERIA_UNVERIFIED,999999999.0000000000,999999999.0000000000,0.2000000000,0.5500000000,0.5500000000,3.0000000000,0.8000000000,104,110,102,112,104,110
3193,neighbor,False,WSD_CRITERIA_UNVERIFIED,999999999.0000000000,999999999.0000000000,0.2000000000,0.6000000000,0.5500000000,3.0000000000,1.0000000000,103,110,104,111,103,110
3194,neighbor,False,WSD_CRITERIA_UNVERIFIED,999999999.0000000000,999999999.0000000000,0.2000000000,0.6000000000,0.3500000000,3.5000000000,1.0000000000,104,110,104,110,104,112
3195,neighbor,False,WSD_CRITERIA_UNVERIFIED,999999999.0000000000,999999999.0000000000,0.2000000000,0.6000000000,0.6000000000,3.5000000000,0.8000000000,104,110,104,112,104,110
3196,neighbor,False,WSD_CRITERIA_UNVERIFIED,999999999.0000000000,999999999.0000000000,0.2000000000,0.6000000000,0.5500000000,3.0000000000,0.8000000000,102,110,103,110,103,112
3197,neighbor,False,WSD_CRITERIA_UNVERIFIED,999999999.0000000000,999999999.0000000000,0.2250000000,0.6000000000,0.5000000000,3.0000000000,0.9000000000,104,110,104,110,103,110
3198,neighbor,False,WSD_CRITERIA_UNVERIFIED,999999999.0000000000,999999999.0000000000,0.2000000000,0.6000000000,0.3000000000,3.5000000000,0.8000000000,104,111,102,110,104,110
3199,neighbor,False,WSD_CRITERIA_UNVERIFIED,999999999.0000000000,999999999.0000000000,0.2000000000,0.5000000000,0.3000000000,3.5000000000,1.0000000000,104,110,103,110,104,110
3200,neighbor,False,WSD_CRITERIA_UNVERIFIED,999999999.0000000000,999999999.0000000000,0.2000000000,0.6000000000,0.4500000000,3.5000000000,1.0000000000,104,110,104,110,104,112
3201,neighbor,False,WSD_CRITERIA_UNVERIFIED,999999999.0000000000,999999999.0000000000,0.2000000000,0.6000000000,0.3000000000,3.5000000000,0.8000000000,104,110,102,112,104,111
3202,neighbor,False,WSD_CRITERIA_UNVERIFIED,999999999.0000000000,999999999.0000000000,0.2250000000,0.6000000000,0.3500000000,3.0000000000,0.8000000000,104,110,102,112,103,111
3203,neighbor,False,WSD_CRITERIA_UNVERIFIED,999999999.0000000000,999999999.0000000000,0.2500000000,0.6000000000,0.3000000000,3.0000000000,1.0000000000,104,111,104,110,104,110
3204,neighbor,False,WSD_CRITERIA_UNVERIFIED,999999999.0000000000,999999999.0000000000,0.2500000000,0.5500000000,0.3000000000,3.5000000000,0.8000000000,104,110,104,110,104,111
3205,neighbor,False,WSD_CRITERIA_UNVERIFIED,999999999.0000000000,999999999.0000000000,0.2000000000,0.5500000000,0.3000000000,3.5000000000,0.9000000000,104,110,102,112,103,110
3206,neighbor,False,WSD_CRITERIA_UNVERIFIED,999999999.0000000000,999999999.0000000000,0.2000000000,0.5500000000,0.3500000000,3.0000000000,1.0000000000,103,111,104,110,104,111
3207,neighbor,False,WSD_CRITERIA_UNVERIFIED,999999999.0000000000,999999999.0000000000,0.2000000000,0.6000000000,0.5000000000,3.5000000000,0.8000000000,104,111,104,111,104,111
3208,neighbor,False,WSD_CRITERIA_UNVERIFIED,999999999.0000000000,999999999.0000000000,0.2500000000,0.5500000000,0.4000000000,3.5000000000,0.8000000000,102,111,104,112,104,110
3209,neighbor,False,WSD_CRITERIA_UNVERIFIED,999999999.0000000000,999999999.0000000000,0.2000000000,0.5000000000,0.6000000000,3.5000000000,1.0000000000,102,110,102,112,104,111
3210,neighbor,False,WSD_CRITERIA_UNVERIFIED,999999999.0000000000,999999999.0000000000,0.2500000000,0.5500000000,0.3000000000,3.0000000000,1.0000000000,103,110,104,112,102,110
3211,neighbor,False,WSD_CRITERIA_UNVERIFIED,999999999.0000000000,999999999.0000000000,0.2000000000,0.6000000000,0.6500000000,3.5000000000,1.0000000000,104,111,104,110,104,110
3212,neighbor,False,WSD_CRITERIA_UNVERIFIED,999999999.0000000000,999999999.0000000000,0.2000000000,0.6000000000,0.3500000000,3.5000000000,1.0000000000,104,110,103,110,103,110
3213,neighbor,False,WSD_CRITERIA_UNVERIFIED,999999999.0000000000,999999999.0000000000,0.2500000000,0.6000000000,0.5000000000,3.5000000000,1.0000000000,104,110,104,110,104,112
3214,neighbor,False,WSD_CRITERIA_UNVERIFIED,999999999.0000000000,999999999.0000000000,0.2000000000,0.5500000000,0.3000000000,3.5000000000,1.0000000000,103,110,104,110,104,110
3215,neighbor,False,WSD_CRITERIA_UNVERIFIED,999999999.0000000000,999999999.0000000000,0.2500000000,0.6000000000,0.3000000000,3.0000000000,1.0000000000,102,111,103,111,104,110
3216,neighbor,False,WSD_CRITERIA_UNVERIFIED,999999999.0000000000,999999999.0000000000,0.2000000000,0.5000000000,0.7000000000,3.0000000000,1.0000000000,102,110,104,111,104,110
3217,neighbor,False,CONCRETE_OR_STEEL_STRESS,999999999.0000000000,999999999.0000000000,0.2000000000,0.5000000000,0.3000000000,3.5000000000,1.0000000000,104,111,104,110,102,112
3218,neighbor,False,WSD_CRITERIA_UNVERIFIED,999999999.0000000000,999999999.0000000000,0.2000000000,0.6000000000,0.3500000000,3.5000000000,1.0000000000,102,110,102,111,104,110
3219,neighbor,False,WSD_CRITERIA_UNVERIFIED,999999999.0000000000,999999999.0000000000,0.2500000000,0.6000000000,0.4500000000,3.5000000000,1.0000000000,103,110,104,110,102,110
3220,neighbor,False,WSD_CRITERIA_UNVERIFIED,999999999.0000000000,999999999.0000000000,0.2000000000,0.6000000000,0.3000000000,3.5000000000,1.0000000000,102,111,104,110,102,110
3221,neighbor,False,WSD_CRITERIA_UNVERIFIED,999999999.0000000000,999999999.0000000000,0.2000000000,0.6000000000,0.3000000000,3.5000000000,1.0000000000,104,112,104,110,104,111
3222,neighbor,False,WSD_CRITERIA_UNVERIFIED,999999999.0000000000,999999999.0000000000,0.2500000000,0.5500000000,0.3000000000,3.5000000000,1.0000000000,104,110,104,110,104,111
3223,neighbor,False,WSD_CRITERIA_UNVERIFIED,999999999.0000000000,999999999.0000000000,0.2500000000,0.6000000000,0.3000000000,3.5000000000,1.0000000000,102,112,104,111,104,110
3224,neighbor,False,WSD_CRITERIA_UNVERIFIED,999999999.0000000000,999999999.0000000000,0.2000000000,0.5000000000,0.4000000000,3.5000000000,0.9000000000,104,110,104,110,102,112
3225,neighbor,False,WSD_CRITERIA_UNVERIFIED,999999999.0000000000,999999999.0000000000,0.2250000000,0.5000000000,0.5500000000,3.5000000000,0.8000000000,104,110,102,110,102,112
3226,neighbor,False,WSD_CRITERIA_UNVERIFIED,999999999.0000000000,999999999.0000000000,0.2250000000,0.5000000000,0.3000000000,3.0000000000,1.0000000000,104,112,104,110,103,111
3227,neighbor,False,WSD_CRITERIA_UNVERIFIED,999999999.0000000000,999999999.0000000000,0.2000000000,0.5500000000,0.3000000000,3.0000000000,0.8000000000,102,111,103,110,103,110
3228,neighbor,False,WSD_CRITERIA_UNVERIFIED,999999999.0000000000,999999999.0000000000,0.2000000000,0.5000000000,0.6500000000,3.5000000000,1.0000000000,104,110,104,111,102,111
3229,neighbor,False,WSD_CRITERIA_UNVERIFIED,999999999.0000000000,999999999.0000000000,0.2000000000,0.6000000000,0.3000000000,3.5000000000,0.9000000000,104,110,102,111,104,110
3230,neighbor,False,WSD_CRITERIA_UNVERIFIED,999999999.0000000000,999999999.0000000000,0.2000000000,0.6000000000,0.4500000000,3.5000000000,1.0000000000,103,111,104,110,102,110
3231,neighbor,False,WSD_CRITERIA_UNVERIFIED,999999999.0000000000,999999999.0000000000,0.2000000000,0.6000000000,0.5500000000,3.5000000000,0.8000000000,104,112,103,110,102,111
3232,neighbor,False,WSD_CRITERIA_UNVERIFIED,999999999.0000000000,999999999.0000000000,0.2000000000,0.6000000000,0.3500000000,3.5000000000,1.0000000000,102,110,103,110,104,112
3233,neighbor,False,WSD_CRITERIA_UNVERIFIED,999999999.0000000000,999999999.0000000000,0.2000000000,0.5500000000,0.3000000000,3.5000000000,0.9000000000,104,110,102,111,102,110
3234,neighbor,False,WSD_CRITERIA_UNVERIFIED,999999999.0000000000,999999999.0000000000,0.2000000000,0.6000000000,0.4500000000,3.5000000000,1.0000000000,104,112,102,110,103,110
3235,neighbor,False,WSD_CRITERIA_UNVERIFIED,999999999.0000000000,999999999.0000000000,0.2250000000,0.6000000000,0.7000000000,3.0000000000,1.0000000000,103,110,104,111,104,112
3236,neighbor,False,WSD_CRITERIA_UNVERIFIED,999999999.0000000000,999999999.0000000000,0.2000000000,0.6000000000,0.3000000000,3.5000000000,0.8000000000,104,112,103,110,102,110
3237,neighbor,False,WSD_CRITERIA_UNVERIFIED,999999999.0000000000,999999999.0000000000,0.2000000000,0.5000000000,0.6500000000,3.5000000000,1.0000000000,104,111,102,110,103,110
3238,neighbor,False,WSD_CRITERIA_UNVERIFIED,999999999.0000000000,999999999.0000000000,0.2000000000,0.5500000000,0.4500000000,3.0000000000,0.8000000000,104,110,104,110,104,111
3239,neighbor,False,WSD_CRITERIA_UNVERIFIED,999999999.0000000000,999999999.0000000000,0.2000000000,0.5500000000,0.5000000000,3.5000000000,1.0000000000,102,112,104,110,102,110
3240,neighbor,False,WSD_CRITERIA_UNVERIFIED,999999999.0000000000,999999999.0000000000,0.2000000000,0.6000000000,0.7000000000,3.0000000000,1.0000000000,104,110,103,110,104,111
3241,neighbor,False,WSD_CRITERIA_UNVERIFIED,999999999.0000000000,999999999.0000000000,0.2000000000,0.6000000000,0.6500000000,3.5000000000,1.0000000000,104,112,104,111,104,111
3242,neighbor,False,WSD_CRITERIA_UNVERIFIED,999999999.0000000000,999999999.0000000000,0.2250000000,0.5000000000,0.6000000000,3.5000000000,1.0000000000,103,111,104,111,102,112
3243,neighbor,False,WSD_CRITERIA_UNVERIFIED,999999999.0000000000,999999999.0000000000,0.2000000000,0.5000000000,0.3000000000,3.0000000000,0.9000000000,104,112,103,110,103,110
3244,neighbor,False,WSD_CRITERIA_UNVERIFIED,999999999.0000000000,999999999.0000000000,0.2250000000,0.6000000000,0.3000000000,3.0000000000,0.9000000000,104,110,102,110,104,110
3245,neighbor,False,WSD_CRITERIA_UNVERIFIED,999999999.0000000000,999999999.0000000000,0.2000000000,0.5500000000,0.4000000000,3.5000000000,1.0000000000,104,110,104,111,104,110
3246,neighbor,False,WSD_CRITERIA_UNVERIFIED,999999999.0000000000,999999999.0000000000,0.2000000000,0.6000000000,0.3000000000,3.0000000000,1.0000000000,104,110,103,110,103,110
3247,neighbor,False,WSD_CRITERIA_UNVERIFIED,999999999.0000000000,999999999.0000000000,0.2000000000,0.5000000000,0.4500000000,3.5000000000,1.0000000000,104,112,104,112,104,110
3248,neighbor,False,WSD_CRITERIA_UNVERIFIED,999999999.0000000000,999999999.0000000000,0.2500000000,0.5000000000,0.7000000000,3.0000000000,0.8000000000,104,112,103,110,104,111
3249,neighbor,False,WSD_CRITERIA_UNVERIFIED,999999999.0000000000,999999999.0000000000,0.2250000000,0.5500000000,0.7000000000,3.5000000000,1.0000000000,104,110,104,111,103,110
3250,neighbor,False,WSD_CRITERIA_UNVERIFIED,999999999.0000000000,999999999.0000000000,0.2500000000,0.5500000000,0.5000000000,3.5000000000,0.8000000000,102,110,102,110,102,112
3251,neighbor,False,WSD_CRITERIA_UNVERIFIED,999999999.0000000000,999999999.0000000000,0.2000000000,0.6000000000,0.5500000000,3.5000000000,0.9000000000,104,110,104,110,104,110
3252,neighbor,False,WSD_CRITERIA_UNVERIFIED,999999999.0000000000,999999999.0000000000,0.2500000000,0.6000000000,0.5000000000,3.5000000000,1.0000000000,102,111,102,110,104,110
3253,neighbor,False,WSD_CRITERIA_UNVERIFIED,999999999.0000000000,999999999.0000000000,0.2000000000,0.5500000000,0.3000000000,3.5000000000,0.9000000000,103,112,103,110,104,110
3254,neighbor,False,WSD_CRITERIA_UNVERIFIED,999999999.0000000000,999999999.0000000000,0.2000000000,0.6000000000,0.3000000000,3.0000000000,1.0000000000,104,111,104,110,102,112
3255,neighbor,False,WSD_CRITERIA_UNVERIFIED,999999999.0000000000,999999999.0000000000,0.2000000000,0.6000000000,0.4500000000,3.5000000000,1.0000000000,104,110,104,112,104,112
3256,neighbor,False,WSD_CRITERIA_UNVERIFIED,999999999.0000000000,999999999.0000000000,0.2250000000,0.6000000000,0.5500000000,3.5000000000,1.0000000000,103,111,103,110,104,110
3257,neighbor,False,WSD_CRITERIA_UNVERIFIED,999999999.0000000000,999999999.0000000000,0.2000000000,0.6000000000,0.3000000000,3.5000000000,1.0000000000,103,110,104,112,104,110
3258,neighbor,False,WSD_CRITERIA_UNVERIFIED,999999999.0000000000,999999999.0000000000,0.2000000000,0.6000000000,0.4500000000,3.5000000000,0.8000000000,103,111,102,111,104,110
3259,neighbor,False,WSD_CRITERIA_UNVERIFIED,999999999.0000000000,999999999.0000000000,0.2000000000,0.5500000000,0.5500000000,3.5000000000,1.0000000000,102,112,103,110,103,111
3260,neighbor,False,WSD_CRITERIA_UNVERIFIED,999999999.0000000000,999999999.0000000000,0.2000000000,0.6000000000,0.3000000000,3.5000000000,1.0000000000,104,111,104,110,104,110
3261,neighbor,False,WSD_CRITERIA_UNVERIFIED,999999999.0000000000,999999999.0000000000,0.2000000000,0.5000000000,0.3000000000,3.5000000000,1.0000000000,103,110,103,111,102,110
3262,neighbor,False,WSD_CRITERIA_UNVERIFIED,999999999.0000000000,999999999.0000000000,0.2500000000,0.6000000000,0.3000000000,3.5000000000,1.0000000000,102,110,103,111,104,110
3263,neighbor,False,WSD_CRITERIA_UNVERIFIED,999999999.0000000000,999999999.0000000000,0.2500000000,0.5500000000,0.6000000000,3.5000000000,1.0000000000,104,112,102,111,102,112
3264,neighbor,False,WSD_CRITERIA_UNVERIFIED,999999999.0000000000,999999999.0000000000,0.2250000000,0.5500000000,0.5500000000,3.5000000000,1.0000000000,102,110,104,111,103,111
3265,neighbor,False,WSD_CRITERIA_UNVERIFIED,999999999.0000000000,999999999.0000000000,0.2000000000,0.6000000000,0.3500000000,3.0000000000,1.0000000000,104,112,103,112,104,112
3266,neighbor,False,WSD_CRITERIA_UNVERIFIED,999999999.0000000000,999999999.0000000000,0.2250000000,0.6000000000,0.6000000000,3.5000000000,1.0000000000,104,112,102,110,104,112
3267,neighbor,False,CONCRETE_OR_STEEL_STRESS,999999999.0000000000,999999999.0000000000,0.2000000000,0.5500000000,0.3000000000,3.5000000000,0.9000000000,104,110,104,110,102,112
3268,neighbor,False,WSD_CRITERIA_UNVERIFIED,999999999.0000000000,999999999.0000000000,0.2250000000,0.6000000000,0.4000000000,3.5000000000,1.0000000000,103,110,103,110,104,110
3269,neighbor,False,WSD_CRITERIA_UNVERIFIED,999999999.0000000000,999999999.0000000000,0.2250000000,0.6000000000,0.7000000000,3.0000000000,0.9000000000,104,110,104,110,102,110
3270,neighbor,False,WSD_CRITERIA_UNVERIFIED,999999999.0000000000,999999999.0000000000,0.2000000000,0.6000000000,0.4500000000,3.0000000000,0.8000000000,104,110,103,110,104,111
3271,neighbor,False,WSD_CRITERIA_UNVERIFIED,999999999.0000000000,999999999.0000000000,0.2500000000,0.5000000000,0.5000000000,3.5000000000,1.0000000000,104,110,103,111,103,111
3272,neighbor,False,WSD_CRITERIA_UNVERIFIED,999999999.0000000000,999999999.0000000000,0.2000000000,0.6000000000,0.3500000000,3.0000000000,1.0000000000,104,110,104,112,104,111
3273,neighbor,False,WSD_CRITERIA_UNVERIFIED,999999999.0000000000,999999999.0000000000,0.2000000000,0.5500000000,0.4000000000,3.5000000000,1.0000000000,102,111,104,111,104,110
3274,neighbor,False,WSD_CRITERIA_UNVERIFIED,999999999.0000000000,999999999.0000000000,0.2500000000,0.5000000000,0.5500000000,3.0000000000,1.0000000000,104,112,104,110,104,112
3275,neighbor,False,WSD_CRITERIA_UNVERIFIED,999999999.0000000000,999999999.0000000000,0.2250000000,0.6000000000,0.6500000000,3.5000000000,1.0000000000,104,112,102,110,104,110
3276,neighbor,False,WSD_CRITERIA_UNVERIFIED,999999999.0000000000,999999999.0000000000,0.2000000000,0.5500000000,0.4000000000,3.0000000000,1.0000000000,104,111,104,110,104,110
3277,neighbor,False,WSD_CRITERIA_UNVERIFIED,999999999.0000000000,999999999.0000000000,0.2000000000,0.5500000000,0.4000000000,3.0000000000,1.0000000000,104,110,102,110,102,110
3278,neighbor,False,WSD_CRITERIA_UNVERIFIED,999999999.0000000000,999999999.0000000000,0.2250000000,0.5000000000,0.4000000000,3.0000000000,1.0000000000,104,112,104,110,104,110
3279,neighbor,False,WSD_CRITERIA_UNVERIFIED,999999999.0000000000,999999999.0000000000,0.2500000000,0.5500000000,0.6000000000,3.5000000000,0.9000000000,103,110,104,111,102,110
3280,neighbor,False,WSD_CRITERIA_UNVERIFIED,999999999.0000000000,999999999.0000000000,0.2000000000,0.6000000000,0.3500000000,3.5000000000,1.0000000000,104,110,103,111,104,110
3281,neighbor,False,WSD_CRITERIA_UNVERIFIED,999999999.0000000000,999999999.0000000000,0.2500000000,0.6000000000,0.5500000000,3.0000000000,1.0000000000,104,112,104,110,104,110
3282,neighbor,False,WSD_CRITERIA_UNVERIFIED,999999999.0000000000,999999999.0000000000,0.2250000000,0.6000000000,0.4000000000,3.5000000000,1.0000000000,104,110,104,112,103,110
3283,neighbor,False,WSD_CRITERIA_UNVERIFIED,999999999.0000000000,999999999.0000000000,0.2500000000,0.6000000000,0.3000000000,3.5000000000,1.0000000000,104,112,104,111,104,111
3284,neighbor,False,WSD_CRITERIA_UNVERIFIED,999999999.0000000000,999999999.0000000000,0.2000000000,0.6000000000,0.3000000000,3.0000000000,0.9000000000,102,110,104,110,104,112
3285,neighbor,False,WSD_CRITERIA_UNVERIFIED,999999999.0000000000,999999999.0000000000,0.2250000000,0.6000000000,0.3000000000,3.5000000000,1.0000000000,103,110,103,110,103,110
3286,neighbor,False,WSD_CRITERIA_UNVERIFIED,999999999.0000000000,999999999.0000000000,0.2000000000,0.6000000000,0.6000000000,3.0000000000,0.8000000000,104,110,104,110,103,112
3287,neighbor,False,WSD_CRITERIA_UNVERIFIED,999999999.0000000000,999999999.0000000000,0.2000000000,0.6000000000,0.7000000000,3.0000000000,0.9000000000,102,110,104,110,104,110
3288,neighbor,False,WSD_CRITERIA_UNVERIFIED,999999999.0000000000,999999999.0000000000,0.2000000000,0.6000000000,0.3000000000,3.5000000000,1.0000000000,104,110,103,111,103,111
3289,neighbor,False,WSD_CRITERIA_UNVERIFIED,999999999.0000000000,999999999.0000000000,0.2250000000,0.5500000000,0.3000000000,3.5000000000,1.0000000000,104,112,102,110,104,110
3290,neighbor,False,WSD_CRITERIA_UNVERIFIED,999999999.0000000000,999999999.0000000000,0.2000000000,0.6000000000,0.6500000000,3.5000000000,1.0000000000,102,110,103,110,104,110
3291,neighbor,False,WSD_CRITERIA_UNVERIFIED,999999999.0000000000,999999999.0000000000,0.2250000000,0.6000000000,0.3000000000,3.5000000000,0.9000000000,104,110,103,110,102,111
3292,neighbor,False,WSD_CRITERIA_UNVERIFIED,999999999.0000000000,999999999.0000000000,0.2000000000,0.6000000000,0.4500000000,3.5000000000,1.0000000000,104,110,103,110,103,110
3293,neighbor,False,WSD_CRITERIA_UNVERIFIED,999999999.0000000000,999999999.0000000000,0.2000000000,0.6000000000,0.7000000000,3.5000000000,1.0000000000,102,110,104,112,104,112
3294,neighbor,False,WSD_CRITERIA_UNVERIFIED,999999999.0000000000,999999999.0000000000,0.2000000000,0.5500000000,0.6000000000,3.0000000000,1.0000000000,103,110,102,110,104,112
3295,neighbor,False,WSD_CRITERIA_UNVERIFIED,999999999.0000000000,999999999.0000000000,0.2000000000,0.5000000000,0.3000000000,3.5000000000,0.9000000000,104,112,104,111,104,110
3296,neighbor,False,WSD_CRITERIA_UNVERIFIED,999999999.0000000000,999999999.0000000000,0.2000000000,0.5500000000,0.3000000000,3.5000000000,1.0000000000,102,110,104,110,102,112
3297,neighbor,False,WSD_CRITERIA_UNVERIFIED,999999999.0000000000,999999999.0000000000,0.2250000000,0.5500000000,0.3000000000,3.0000000000,0.9000000000,104,110,103,110,102,110
3298,neighbor,False,WSD_CRITERIA_UNVERIFIED,999999999.0000000000,999999999.0000000000,0.2500000000,0.6000000000,0.7000000000,3.5000000000,1.0000000000,104,110,103,111,104,112
3299,neighbor,False,WSD_CRITERIA_UNVERIFIED,999999999.0000000000,999999999.0000000000,0.2250000000,0.6000000000,0.3000000000,3.0000000000,1.0000000000,102,111,104,112,104,110
3300,neighbor,False,WSD_CRITERIA_UNVERIFIED,999999999.0000000000,999999999.0000000000,0.2500000000,0.5000000000,0.6000000000,3.5000000000,1.0000000000,103,110,102,111,104,111
3301,neighbor,False,WSD_CRITERIA_UNVERIFIED,999999999.0000000000,999999999.0000000000,0.2000000000,0.5500000000,0.3000000000,3.5000000000,1.0000000000,104,111,104,111,104,111
3302,neighbor,False,WSD_CRITERIA_UNVERIFIED,999999999.0000000000,999999999.0000000000,0.2000000000,0.6000000000,0.5500000000,3.5000000000,1.0000000000,104,111,102,112,103,111
3303,neighbor,False,WSD_CRITERIA_UNVERIFIED,999999999.0000000000,999999999.0000000000,0.2000000000,0.6000000000,0.6000000000,3.5000000000,0.8000000000,104,112,104,110,103,111
3304,neighbor,False,WSD_CRITERIA_UNVERIFIED,999999999.0000000000,999999999.0000000000,0.2000000000,0.5000000000,0.7000000000,3.0000000000,1.0000000000,104,111,103,110,104,110
3305,neighbor,False,WSD_CRITERIA_UNVERIFIED,999999999.0000000000,999999999.0000000000,0.2250000000,0.5500000000,0.6500000000,3.0000000000,1.0000000000,104,110,104,110,104,110
3306,neighbor,False,WSD_CRITERIA_UNVERIFIED,999999999.0000000000,999999999.0000000000,0.2000000000,0.6000000000,0.5000000000,3.0000000000,1.0000000000,102,110,104,110,104,110
3307,neighbor,False,WSD_CRITERIA_UNVERIFIED,999999999.0000000000,999999999.0000000000,0.2250000000,0.6000000000,0.7000000000,3.5000000000,0.9000000000,102,110,102,110,103,111
3308,neighbor,False,WSD_CRITERIA_UNVERIFIED,999999999.0000000000,999999999.0000000000,0.2000000000,0.5000000000,0.3000000000,3.5000000000,0.9000000000,104,112,103,111,104,110
3309,neighbor,False,WSD_CRITERIA_UNVERIFIED,999999999.0000000000,999999999.0000000000,0.2000000000,0.6000000000,0.3500000000,3.0000000000,1.0000000000,104,110,102,110,102,111
3310,neighbor,False,WSD_CRITERIA_UNVERIFIED,999999999.0000000000,999999999.0000000000,0.2500000000,0.6000000000,0.7000000000,3.0000000000,0.9000000000,104,112,104,112,104,111
3311,neighbor,False,WSD_CRITERIA_UNVERIFIED,999999999.0000000000,999999999.0000000000,0.2500000000,0.5500000000,0.3000000000,3.5000000000,1.0000000000,102,110,104,110,103,112
3312,neighbor,False,WSD_CRITERIA_UNVERIFIED,999999999.0000000000,999999999.0000000000,0.2500000000,0.5000000000,0.4000000000,3.5000000000,1.0000000000,102,111,103,112,104,110
3313,neighbor,False,WSD_CRITERIA_UNVERIFIED,999999999.0000000000,999999999.0000000000,0.2000000000,0.6000000000,0.6500000000,3.0000000000,1.0000000000,102,111,104,112,104,110
3314,neighbor,False,WSD_CRITERIA_UNVERIFIED,999999999.0000000000,999999999.0000000000,0.2500000000,0.6000000000,0.4000000000,3.0000000000,0.9000000000,104,112,102,110,102,110
3315,neighbor,False,WSD_CRITERIA_UNVERIFIED,999999999.0000000000,999999999.0000000000,0.2000000000,0.6000000000,0.3000000000,3.5000000000,0.9000000000,103,111,103,112,104,112
3316,neighbor,False,WSD_CRITERIA_UNVERIFIED,999999999.0000000000,999999999.0000000000,0.2000000000,0.6000000000,0.7000000000,3.0000000000,1.0000000000,102,111,104,110,104,111
3317,neighbor,False,WSD_CRITERIA_UNVERIFIED,999999999.0000000000,999999999.0000000000,0.2000000000,0.5000000000,0.3000000000,3.5000000000,1.0000000000,104,111,104,111,104,110
3318,neighbor,False,WSD_CRITERIA_UNVERIFIED,999999999.0000000000,999999999.0000000000,0.2000000000,0.6000000000,0.3000000000,3.0000000000,1.0000000000,104,110,104,110,104,110
3319,neighbor,False,WSD_CRITERIA_UNVERIFIED,999999999.0000000000,999999999.0000000000,0.2250000000,0.6000000000,0.5000000000,3.5000000000,1.0000000000,104,112,104,110,102,110
3320,neighbor,False,WSD_CRITERIA_UNVERIFIED,999999999.0000000000,999999999.0000000000,0.2000000000,0.6000000000,0.6500000000,3.5000000000,1.0000000000,102,111,103,110,102,112
3321,neighbor,False,WSD_CRITERIA_UNVERIFIED,999999999.0000000000,999999999.0000000000,0.2250000000,0.5000000000,0.4000000000,3.0000000000,0.8000000000,104,110,104,110,104,110
3322,neighbor,False,WSD_CRITERIA_UNVERIFIED,999999999.0000000000,999999999.0000000000,0.2000000000,0.6000000000,0.3000000000,3.0000000000,1.0000000000,102,110,104,110,104,110
3323,neighbor,False,WSD_CRITERIA_UNVERIFIED,999999999.0000000000,999999999.0000000000,0.2500000000,0.6000000000,0.3000000000,3.5000000000,1.0000000000,102,110,103,110,104,112
3324,neighbor,False,WSD_CRITERIA_UNVERIFIED,999999999.0000000000,999999999.0000000000,0.2500000000,0.5500000000,0.6000000000,3.5000000000,1.0000000000,104,110,104,110,104,111
3325,neighbor,False,WSD_CRITERIA_UNVERIFIED,999999999.0000000000,999999999.0000000000,0.2000000000,0.5500000000,0.3000000000,3.0000000000,0.9000000000,103,110,104,110,104,110
3326,neighbor,False,WSD_CRITERIA_UNVERIFIED,999999999.0000000000,999999999.0000000000,0.2000000000,0.5500000000,0.6500000000,3.0000000000,0.8000000000,104,110,104,110,104,110
3327,neighbor,False,WSD_CRITERIA_UNVERIFIED,999999999.0000000000,999999999.0000000000,0.2500000000,0.6000000000,0.4000000000,3.5000000000,0.8000000000,104,111,104,110,103,110
3328,neighbor,False,WSD_CRITERIA_UNVERIFIED,999999999.0000000000,999999999.0000000000,0.2000000000,0.5500000000,0.7000000000,3.0000000000,0.8000000000,102,110,103,110,102,111
3329,neighbor,False,WSD_CRITERIA_UNVERIFIED,999999999.0000000000,999999999.0000000000,0.2000000000,0.5000000000,0.3000000000,3.5000000000,0.9000000000,103,110,104,110,102,110
3330,neighbor,False,WSD_CRITERIA_UNVERIFIED,999999999.0000000000,999999999.0000000000,0.2000000000,0.6000000000,0.6000000000,3.5000000000,1.0000000000,104,112,102,112,104,110
3331,neighbor,False,WSD_CRITERIA_UNVERIFIED,999999999.0000000000,999999999.0000000000,0.2250000000,0.6000000000,0.6500000000,3.5000000000,1.0000000000,102,110,104,110,104,111
3332,neighbor,False,WSD_CRITERIA_UNVERIFIED,999999999.0000000000,999999999.0000000000,0.2000000000,0.5000000000,0.3000000000,3.0000000000,0.9000000000,104,110,104,110,102,111
3333,neighbor,False,WSD_CRITERIA_UNVERIFIED,999999999.0000000000,999999999.0000000000,0.2000000000,0.5000000000,0.3500000000,3.0000000000,1.0000000000,104,112,104,112,104,110
3334,neighbor,False,WSD_CRITERIA_UNVERIFIED,999999999.0000000000,999999999.0000000000,0.2250000000,0.5500000000,0.3000000000,3.5000000000,1.0000000000,104,110,102,110,103,110
3335,neighbor,False,WSD_CRITERIA_UNVERIFIED,999999999.0000000000,999999999.0000000000,0.2000000000,0.6000000000,0.3000000000,3.5000000000,1.0000000000,104,112,104,110,104,110
3336,neighbor,False,WSD_CRITERIA_UNVERIFIED,999999999.0000000000,999999999.0000000000,0.2000000000,0.5000000000,0.3500000000,3.5000000000,1.0000000000,104,110,104,110,102,110
3337,neighbor,False,WSD_CRITERIA_UNVERIFIED,999999999.0000000000,999999999.0000000000,0.2000000000,0.5500000000,0.5000000000,3.5000000000,1.0000000000,103,112,104,110,104,111
3338,neighbor,False,WSD_CRITERIA_UNVERIFIED,999999999.0000000000,999999999.0000000000,0.2000000000,0.6000000000,0.3000000000,3.0000000000,1.0000000000,102,111,104,112,104,111
3339,neighbor,False,WSD_CRITERIA_UNVERIFIED,999999999.0000000000,999999999.0000000000,0.2250000000,0.6000000000,0.6000000000,3.5000000000,0.8000000000,104,110,104,110,102,110
3340,neighbor,False,WSD_CRITERIA_UNVERIFIED,999999999.0000000000,999999999.0000000000,0.2250000000,0.6000000000,0.4000000000,3.0000000000,1.0000000000,102,110,104,110,104,111
3341,neighbor,False,WSD_CRITERIA_UNVERIFIED,999999999.0000000000,999999999.0000000000,0.2000000000,0.6000000000,0.3000000000,3.5000000000,1.0000000000,104,112,104,110,103,110
3342,neighbor,False,WSD_CRITERIA_UNVERIFIED,999999999.0000000000,999999999.0000000000,0.2500000000,0.6000000000,0.7000000000,3.5000000000,0.9000000000,104,110,103,112,104,110
3343,neighbor,False,WSD_CRITERIA_UNVERIFIED,999999999.0000000000,999999999.0000000000,0.2000000000,0.6000000000,0.4500000000,3.5000000000,1.0000000000,104,112,104,110,103,112
3344,neighbor,False,WSD_CRITERIA_UNVERIFIED,999999999.0000000000,999999999.0000000000,0.2500000000,0.6000000000,0.6000000000,3.5000000000,1.0000000000,104,111,104,110,102,110
3345,neighbor,False,WSD_CRITERIA_UNVERIFIED,999999999.0000000000,999999999.0000000000,0.2000000000,0.5000000000,0.5500000000,3.0000000000,0.9000000000,103,110,102,111,104,110
3346,neighbor,False,WSD_CRITERIA_UNVERIFIED,999999999.0000000000,999999999.0000000000,0.2000000000,0.5500000000,0.4000000000,3.5000000000,1.0000000000,103,112,104,111,102,110
3347,neighbor,False,WSD_CRITERIA_UNVERIFIED,999999999.0000000000,999999999.0000000000,0.2250000000,0.6000000000,0.4000000000,3.5000000000,0.9000000000,104,110,104,110,104,110
3348,neighbor,False,WSD_CRITERIA_UNVERIFIED,999999999.0000000000,999999999.0000000000,0.2000000000,0.5000000000,0.6000000000,3.5000000000,0.9000000000,104,110,104,110,104,110
3349,neighbor,False,WSD_CRITERIA_UNVERIFIED,999999999.0000000000,999999999.0000000000,0.2000000000,0.6000000000,0.3000000000,3.0000000000,1.0000000000,102,110,102,111,103,110
3350,neighbor,False,WSD_CRITERIA_UNVERIFIED,999999999.0000000000,999999999.0000000000,0.2000000000,0.5000000000,0.4000000000,3.0000000000,1.0000000000,102,112,102,110,103,110
3351,neighbor,False,WSD_CRITERIA_UNVERIFIED,999999999.0000000000,999999999.0000000000,0.2000000000,0.5000000000,0.5000000000,3.5000000000,1.0000000000,103,111,104,110,103,111
3352,neighbor,False,WSD_CRITERIA_UNVERIFIED,999999999.0000000000,999999999.0000000000,0.2000000000,0.5000000000,0.5000000000,3.5000000000,0.9000000000,104,110,102,110,104,110
3353,neighbor,False,WSD_CRITERIA_UNVERIFIED,999999999.0000000000,999999999.0000000000,0.2000000000,0.6000000000,0.7000000000,3.0000000000,0.8000000000,102,112,102,110,104,112
3354,neighbor,False,WSD_CRITERIA_UNVERIFIED,999999999.0000000000,999999999.0000000000,0.2000000000,0.5000000000,0.5500000000,3.5000000000,0.9000000000,104,110,103,111,103,110
3355,neighbor,False,WSD_CRITERIA_UNVERIFIED,999999999.0000000000,999999999.0000000000,0.2000000000,0.5000000000,0.3000000000,3.5000000000,1.0000000000,103,110,104,110,104,111
3356,neighbor,False,WSD_CRITERIA_UNVERIFIED,999999999.0000000000,999999999.0000000000,0.2000000000,0.5000000000,0.7000000000,3.0000000000,0.8000000000,104,110,104,112,104,110
3357,neighbor,False,WSD_CRITERIA_UNVERIFIED,999999999.0000000000,999999999.0000000000,0.2000000000,0.6000000000,0.3500000000,3.0000000000,1.0000000000,102,110,104,112,104,110
3358,neighbor,False,WSD_CRITERIA_UNVERIFIED,999999999.0000000000,999999999.0000000000,0.2250000000,0.5000000000,0.5500000000,3.5000000000,0.8000000000,102,112,104,110,104,110
3359,neighbor,False,WSD_CRITERIA_UNVERIFIED,999999999.0000000000,999999999.0000000000,0.2000000000,0.5000000000,0.3000000000,3.5000000000,0.8000000000,103,111,103,110,104,110
3360,neighbor,False,WSD_CRITERIA_UNVERIFIED,999999999.0000000000,999999999.0000000000,0.2250000000,0.5500000000,0.6500000000,3.5000000000,1.0000000000,104,111,104,110,102,111
3361,neighbor,False,WSD_CRITERIA_UNVERIFIED,999999999.0000000000,999999999.0000000000,0.2000000000,0.6000000000,0.4000000000,3.5000000000,0.8000000000,104,110,104,110,104,110
3362,neighbor,False,WSD_CRITERIA_UNVERIFIED,999999999.0000000000,999999999.0000000000,0.2000000000,0.5000000000,0.6500000000,3.5000000000,1.0000000000,104,110,104,112,104,110
3363,neighbor,False,WSD_CRITERIA_UNVERIFIED,999999999.0000000000,999999999.0000000000,0.2000000000,0.6000000000,0.5000000000,3.5000000000,1.0000000000,104,112,104,112,103,110
3364,neighbor,False,WSD_CRITERIA_UNVERIFIED,999999999.0000000000,999999999.0000000000,0.2500000000,0.5000000000,0.5500000000,3.5000000000,1.0000000000,104,110,104,112,104,110
3365,neighbor,False,WSD_CRITERIA_UNVERIFIED,999999999.0000000000,999999999.0000000000,0.2000000000,0.5500000000,0.3500000000,3.5000000000,1.0000000000,104,112,104,111,104,112
3366,neighbor,False,WSD_CRITERIA_UNVERIFIED,999999999.0000000000,999999999.0000000000,0.2250000000,0.6000000000,0.3500000000,3.0000000000,1.0000000000,104,110,103,110,104,110
3367,neighbor,False,WSD_CRITERIA_UNVERIFIED,999999999.0000000000,999999999.0000000000,0.2000000000,0.6000000000,0.3000000000,3.5000000000,1.0000000000,102,110,104,111,104,110
3368,neighbor,False,WSD_CRITERIA_UNVERIFIED,999999999.0000000000,999999999.0000000000,0.2000000000,0.6000000000,0.7000000000,3.5000000000,0.8000000000,103,112,104,112,104,110
3369,neighbor,False,WSD_CRITERIA_UNVERIFIED,999999999.0000000000,999999999.0000000000,0.2000000000,0.5000000000,0.6500000000,3.5000000000,1.0000000000,103,112,104,111,104,111
3370,neighbor,False,WSD_CRITERIA_UNVERIFIED,999999999.0000000000,999999999.0000000000,0.2000000000,0.6000000000,0.3000000000,3.5000000000,1.0000000000,104,111,104,112,104,112
3371,neighbor,False,WSD_CRITERIA_UNVERIFIED,999999999.0000000000,999999999.0000000000,0.2000000000,0.6000000000,0.7000000000,3.5000000000,1.0000000000,104,110,104,110,104,112
3372,neighbor,False,WSD_CRITERIA_UNVERIFIED,999999999.0000000000,999999999.0000000000,0.2500000000,0.5000000000,0.3000000000,3.0000000000,1.0000000000,104,112,103,110,103,110
3373,neighbor,False,WSD_CRITERIA_UNVERIFIED,999999999.0000000000,999999999.0000000000,0.2500000000,0.6000000000,0.4000000000,3.5000000000,1.0000000000,102,112,103,112,104,111
3374,neighbor,False,WSD_CRITERIA_UNVERIFIED,999999999.0000000000,999999999.0000000000,0.2000000000,0.5500000000,0.6000000000,3.5000000000,0.9000000000,104,112,103,112,102,110
3375,neighbor,False,WSD_CRITERIA_UNVERIFIED,999999999.0000000000,999999999.0000000000,0.2000000000,0.6000000000,0.3000000000,3.5000000000,1.0000000000,104,112,104,110,102,112
3376,neighbor,False,WSD_CRITERIA_UNVERIFIED,999999999.0000000000,999999999.0000000000,0.2000000000,0.5500000000,0.6000000000,3.0000000000,0.9000000000,103,112,104,110,102,111
3377,neighbor,False,WSD_CRITERIA_UNVERIFIED,999999999.0000000000,999999999.0000000000,0.2000000000,0.6000000000,0.4500000000,3.0000000000,0.9000000000,103,110,104,111,104,110
3378,neighbor,False,WSD_CRITERIA_UNVERIFIED,999999999.0000000000,999999999.0000000000,0.2000000000,0.6000000000,0.3000000000,3.0000000000,1.0000000000,102,112,104,110,104,112
3379,neighbor,False,WSD_CRITERIA_UNVERIFIED,999999999.0000000000,999999999.0000000000,0.2000000000,0.6000000000,0.5500000000,3.5000000000,1.0000000000,104,110,102,110,102,110
3380,neighbor,False,WSD_CRITERIA_UNVERIFIED,999999999.0000000000,999999999.0000000000,0.2000000000,0.6000000000,0.5500000000,3.5000000000,0.8000000000,104,112,104,111,104,111
3381,neighbor,False,WSD_CRITERIA_UNVERIFIED,999999999.0000000000,999999999.0000000000,0.2000000000,0.6000000000,0.6500000000,3.0000000000,1.0000000000,102,110,104,110,102,112
3382,neighbor,False,WSD_CRITERIA_UNVERIFIED,999999999.0000000000,999999999.0000000000,0.2000000000,0.6000000000,0.6500000000,3.5000000000,0.9000000000,103,112,104,110,102,112
3383,neighbor,False,WSD_CRITERIA_UNVERIFIED,999999999.0000000000,999999999.0000000000,0.2500000000,0.5000000000,0.7000000000,3.5000000000,0.9000000000,104,110,104,111,104,110
3384,neighbor,False,WSD_CRITERIA_UNVERIFIED,999999999.0000000000,999999999.0000000000,0.2000000000,0.6000000000,0.6500000000,3.5000000000,0.8000000000,104,111,102,110,103,110
3385,neighbor,False,WSD_CRITERIA_UNVERIFIED,999999999.0000000000,999999999.0000000000,0.2500000000,0.6000000000,0.3500000000,3.5000000000,1.0000000000,104,112,103,110,102,111
3386,neighbor,False,WSD_CRITERIA_UNVERIFIED,999999999.0000000000,999999999.0000000000,0.2000000000,0.6000000000,0.5000000000,3.5000000000,1.0000000000,104,110,104,112,104,110
3387,neighbor,False,WSD_CRITERIA_UNVERIFIED,999999999.0000000000,999999999.0000000000,0.2000000000,0.5500000000,0.7000000000,3.0000000000,0.9000000000,104,110,104,112,102,111
3388,neighbor,False,WSD_CRITERIA_UNVERIFIED,999999999.0000000000,999999999.0000000000,0.2000000000,0.6000000000,0.3000000000,3.5000000000,0.8000000000,103,111,103,110,104,110
3389,neighbor,False,WSD_CRITERIA_UNVERIFIED,999999999.0000000000,999999999.0000000000,0.2500000000,0.6000000000,0.6000000000,3.5000000000,1.0000000000,104,112,104,111,104,110
3390,neighbor,False,WSD_CRITERIA_UNVERIFIED,999999999.0000000000,999999999.0000000000,0.2250000000,0.5000000000,0.3500000000,3.5000000000,1.0000000000,104,112,103,111,102,112
3391,neighbor,False,WSD_CRITERIA_UNVERIFIED,999999999.0000000000,999999999.0000000000,0.2000000000,0.5000000000,0.6000000000,3.5000000000,0.8000000000,104,110,104,111,104,110
3392,neighbor,False,WSD_CRITERIA_UNVERIFIED,999999999.0000000000,999999999.0000000000,0.2250000000,0.6000000000,0.3000000000,3.5000000000,1.0000000000,104,110,104,110,102,110
3393,neighbor,False,WSD_CRITERIA_UNVERIFIED,999999999.0000000000,999999999.0000000000,0.2250000000,0.5500000000,0.4000000000,3.5000000000,0.9000000000,104,110,104,112,104,110
3394,neighbor,False,WSD_CRITERIA_UNVERIFIED,999999999.0000000000,999999999.0000000000,0.2000000000,0.6000000000,0.3000000000,3.5000000000,1.0000000000,102,110,104,110,103,110
3395,neighbor,False,WSD_CRITERIA_UNVERIFIED,999999999.0000000000,999999999.0000000000,0.2000000000,0.5000000000,0.3000000000,3.5000000000,0.9000000000,103,112,103,110,104,110
3396,neighbor,False,WSD_CRITERIA_UNVERIFIED,999999999.0000000000,999999999.0000000000,0.2000000000,0.5500000000,0.3000000000,3.5000000000,1.0000000000,104,110,104,110,104,112
3397,neighbor,False,WSD_CRITERIA_UNVERIFIED,999999999.0000000000,999999999.0000000000,0.2500000000,0.6000000000,0.7000000000,3.0000000000,1.0000000000,103,110,104,110,104,110
3398,neighbor,False,WSD_CRITERIA_UNVERIFIED,999999999.0000000000,999999999.0000000000,0.2000000000,0.5000000000,0.3000000000,3.5000000000,0.8000000000,104,111,103,110,104,110
3399,neighbor,False,WSD_CRITERIA_UNVERIFIED,999999999.0000000000,999999999.0000000000,0.2250000000,0.6000000000,0.3000000000,3.5000000000,1.0000000000,104,111,104,110,103,112
3400,neighbor,False,WSD_CRITERIA_UNVERIFIED,999999999.0000000000,999999999.0000000000,0.2500000000,0.6000000000,0.3000000000,3.5000000000,1.0000000000,102,110,103,110,104,110
3401,neighbor,False,WSD_CRITERIA_UNVERIFIED,999999999.0000000000,999999999.0000000000,0.2000000000,0.5500000000,0.3000000000,3.5000000000,1.0000000000,103,110,104,110,103,110
3402,neighbor,False,WSD_CRITERIA_UNVERIFIED,999999999.0000000000,999999999.0000000000,0.2000000000,0.6000000000,0.3000000000,3.5000000000,1.0000000000,104,111,102,110,103,111
3403,neighbor,False,WSD_CRITERIA_UNVERIFIED,999999999.0000000000,999999999.0000000000,0.2000000000,0.5500000000,0.3000000000,3.5000000000,1.0000000000,104,110,102,112,103,112
3404,neighbor,False,WSD_CRITERIA_UNVERIFIED,999999999.0000000000,999999999.0000000000,0.2500000000,0.6000000000,0.3000000000,3.5000000000,1.0000000000,103,110,102,110,104,110
3405,neighbor,False,WSD_CRITERIA_UNVERIFIED,999999999.0000000000,999999999.0000000000,0.2000000000,0.6000000000,0.3000000000,3.0000000000,0.8000000000,104,112,103,110,104,111
3406,neighbor,False,WSD_CRITERIA_UNVERIFIED,999999999.0000000000,999999999.0000000000,0.2500000000,0.6000000000,0.4500000000,3.0000000000,1.0000000000,102,110,104,110,102,110
3407,neighbor,False,WSD_CRITERIA_UNVERIFIED,999999999.0000000000,999999999.0000000000,0.2000000000,0.6000000000,0.3500000000,3.5000000000,1.0000000000,104,112,104,110,103,110
3408,neighbor,False,WSD_CRITERIA_UNVERIFIED,999999999.0000000000,999999999.0000000000,0.2000000000,0.5000000000,0.7000000000,3.5000000000,1.0000000000,104,110,104,111,102,110
3409,neighbor,False,WSD_CRITERIA_UNVERIFIED,999999999.0000000000,999999999.0000000000,0.2000000000,0.6000000000,0.6000000000,3.5000000000,0.9000000000,104,110,103,110,104,110
3410,neighbor,False,WSD_CRITERIA_UNVERIFIED,999999999.0000000000,999999999.0000000000,0.2000000000,0.6000000000,0.3000000000,3.5000000000,1.0000000000,104,110,102,112,104,110
3411,neighbor,False,WSD_CRITERIA_UNVERIFIED,999999999.0000000000,999999999.0000000000,0.2500000000,0.5000000000,0.4500000000,3.5000000000,1.0000000000,103,112,104,110,104,110
3412,neighbor,False,WSD_CRITERIA_UNVERIFIED,999999999.0000000000,999999999.0000000000,0.2000000000,0.6000000000,0.5000000000,3.5000000000,1.0000000000,104,111,104,112,104,112
3413,neighbor,False,WSD_CRITERIA_UNVERIFIED,999999999.0000000000,999999999.0000000000,0.2250000000,0.5000000000,0.3000000000,3.0000000000,1.0000000000,103,110,104,110,104,111
3414,neighbor,False,WSD_CRITERIA_UNVERIFIED,999999999.0000000000,999999999.0000000000,0.2000000000,0.6000000000,0.5500000000,3.5000000000,1.0000000000,104,112,104,112,103,110
3415,neighbor,False,WSD_CRITERIA_UNVERIFIED,999999999.0000000000,999999999.0000000000,0.2000000000,0.5500000000,0.6500000000,3.0000000000,1.0000000000,103,111,102,110,104,110
3416,neighbor,False,WSD_CRITERIA_UNVERIFIED,999999999.0000000000,999999999.0000000000,0.2500000000,0.6000000000,0.3000000000,3.5000000000,1.0000000000,102,110,102,110,104,112
3417,neighbor,False,WSD_CRITERIA_UNVERIFIED,999999999.0000000000,999999999.0000000000,0.2000000000,0.5000000000,0.5500000000,3.5000000000,1.0000000000,104,110,104,111,102,110
3418,neighbor,False,WSD_CRITERIA_UNVERIFIED,999999999.0000000000,999999999.0000000000,0.2000000000,0.6000000000,0.4000000000,3.5000000000,0.9000000000,102,110,103,110,102,110
3419,neighbor,False,WSD_CRITERIA_UNVERIFIED,999999999.0000000000,999999999.0000000000,0.2500000000,0.5000000000,0.7000000000,3.5000000000,1.0000000000,104,110,104,111,103,110
3420,neighbor,False,WSD_CRITERIA_UNVERIFIED,999999999.0000000000,999999999.0000000000,0.2250000000,0.6000000000,0.3000000000,3.0000000000,1.0000000000,104,111,104,112,103,112
3421,neighbor,False,WSD_CRITERIA_UNVERIFIED,999999999.0000000000,999999999.0000000000,0.2000000000,0.5500000000,0.3000000000,3.5000000000,1.0000000000,104,112,104,110,104,111
3422,neighbor,False,WSD_CRITERIA_UNVERIFIED,999999999.0000000000,999999999.0000000000,0.2500000000,0.6000000000,0.3000000000,3.5000000000,1.0000000000,102,110,104,110,104,111
3423,neighbor,False,WSD_CRITERIA_UNVERIFIED,999999999.0000000000,999999999.0000000000,0.2000000000,0.5500000000,0.3500000000,3.5000000000,1.0000000000,104,111,104,111,102,112
3424,neighbor,False,WSD_CRITERIA_UNVERIFIED,999999999.0000000000,999999999.0000000000,0.2000000000,0.6000000000,0.4000000000,3.5000000000,1.0000000000,103,110,104,110,104,110
3425,neighbor,False,WSD_CRITERIA_UNVERIFIED,999999999.0000000000,999999999.0000000000,0.2500000000,0.6000000000,0.4500000000,3.0000000000,1.0000000000,104,111,102,110,102,110
3426,neighbor,False,WSD_CRITERIA_UNVERIFIED,999999999.0000000000,999999999.0000000000,0.2000000000,0.6000000000,0.7000000000,3.5000000000,1.0000000000,104,112,104,110,104,112
3427,neighbor,False,WSD_CRITERIA_UNVERIFIED,999999999.0000000000,999999999.0000000000,0.2000000000,0.6000000000,0.6500000000,3.5000000000,0.8000000000,103,110,103,110,102,110
3428,neighbor,False,WSD_CRITERIA_UNVERIFIED,999999999.0000000000,999999999.0000000000,0.2500000000,0.6000000000,0.5500000000,3.0000000000,1.0000000000,104,112,104,110,104,112
3429,neighbor,False,WSD_CRITERIA_UNVERIFIED,999999999.0000000000,999999999.0000000000,0.2250000000,0.6000000000,0.3000000000,3.0000000000,1.0000000000,102,110,104,111,102,111
3430,neighbor,False,WSD_CRITERIA_UNVERIFIED,999999999.0000000000,999999999.0000000000,0.2000000000,0.5500000000,0.3000000000,3.0000000000,1.0000000000,104,111,102,112,102,110
3431,neighbor,False,WSD_CRITERIA_UNVERIFIED,999999999.0000000000,999999999.0000000000,0.2000000000,0.5000000000,0.7000000000,3.5000000000,0.8000000000,103,112,102,111,103,110
3432,neighbor,False,WSD_CRITERIA_UNVERIFIED,999999999.0000000000,999999999.0000000000,0.2500000000,0.5000000000,0.5500000000,3.0000000000,1.0000000000,104,111,104,110,104,110
3433,neighbor,False,WSD_CRITERIA_UNVERIFIED,999999999.0000000000,999999999.0000000000,0.2000000000,0.5000000000,0.5000000000,3.5000000000,1.0000000000,104,110,103,110,104,110
3434,neighbor,False,WSD_CRITERIA_UNVERIFIED,999999999.0000000000,999999999.0000000000,0.2500000000,0.5500000000,0.3000000000,3.0000000000,1.0000000000,102,110,104,110,104,111
3435,neighbor,False,WSD_CRITERIA_UNVERIFIED,999999999.0000000000,999999999.0000000000,0.2000000000,0.6000000000,0.7000000000,3.5000000000,1.0000000000,102,110,103,110,104,110
3436,neighbor,False,WSD_CRITERIA_UNVERIFIED,999999999.0000000000,999999999.0000000000,0.2000000000,0.6000000000,0.5500000000,3.5000000000,0.9000000000,104,112,104,110,103,112
3437,neighbor,False,WSD_CRITERIA_UNVERIFIED,999999999.0000000000,999999999.0000000000,0.2000000000,0.6000000000,0.4500000000,3.5000000000,0.8000000000,104,110,104,110,104,111
3438,neighbor,False,WSD_CRITERIA_UNVERIFIED,999999999.0000000000,999999999.0000000000,0.2000000000,0.5500000000,0.4500000000,3.0000000000,1.0000000000,102,110,104,111,104,112
3439,reset,False,WSD_CRITERIA_UNVERIFIED,999999999.0000000000,999999999.0000000000,0.2000000000,0.5500000000,0.5000000000,3.5000000000,1.0000000000,104,110,104,110,104,110
3440,neighbor,False,WSD_CRITERIA_UNVERIFIED,999999999.0000000000,999999999.0000000000,0.2000000000,0.6000000000,0.5500000000,3.5000000000,1.0000000000,104,110,104,112,104,112
3441,neighbor,False,WSD_CRITERIA_UNVERIFIED,999999999.0000000000,999999999.0000000000,0.2000000000,0.6000000000,0.5000000000,3.5000000000,1.0000000000,104,110,104,110,104,111
3442,neighbor,False,WSD_CRITERIA_UNVERIFIED,999999999.0000000000,999999999.0000000000,0.2000000000,0.5000000000,0.5500000000,3.0000000000,1.0000000000,104,110,104,110,104,110
3443,neighbor,False,WSD_CRITERIA_UNVERIFIED,999999999.0000000000,999999999.0000000000,0.2250000000,0.6000000000,0.4000000000,3.5000000000,1.0000000000,104,110,104,111,104,110
3444,neighbor,False,WSD_CRITERIA_UNVERIFIED,999999999.0000000000,999999999.0000000000,0.2000000000,0.6000000000,0.7500000000,3.5000000000,1.0000000000,104,112,104,110,102,110
3445,neighbor,False,WSD_CRITERIA_UNVERIFIED,999999999.0000000000,999999999.0000000000,0.2250000000,0.4500000000,0.3500000000,3.0000000000,0.9000000000,104,110,102,110,103,112
3446,neighbor,False,WSD_CRITERIA_UNVERIFIED,999999999.0000000000,999999999.0000000000,0.2000000000,0.5000000000,0.6000000000,3.0000000000,1.0000000000,104,110,104,112,102,110
3447,neighbor,False,WSD_CRITERIA_UNVERIFIED,999999999.0000000000,999999999.0000000000,0.2000000000,0.6000000000,0.6500000000,3.5000000000,1.0000000000,104,112,102,110,104,110
3448,neighbor,False,WSD_CRITERIA_UNVERIFIED,999999999.0000000000,999999999.0000000000,0.2000000000,0.4500000000,0.6500000000,3.5000000000,1.0000000000,104,110,103,110,104,111
3449,neighbor,False,WSD_CRITERIA_UNVERIFIED,999999999.0000000000,999999999.0000000000,0.2000000000,0.6000000000,0.6000000000,3.5000000000,0.8000000000,104,110,104,112,102,110
3450,neighbor,False,WSD_CRITERIA_UNVERIFIED,999999999.0000000000,999999999.0000000000,0.2250000000,0.5000000000,0.3000000000,3.5000000000,1.0000000000,103,110,104,110,104,112
3451,neighbor,False,WSD_CRITERIA_UNVERIFIED,999999999.0000000000,999999999.0000000000,0.2000000000,0.5000000000,0.6000000000,3.5000000000,0.9000000000,103,110,104,110,104,112
3452,neighbor,False,WSD_CRITERIA_UNVERIFIED,999999999.0000000000,999999999.0000000000,0.2000000000,0.5500000000,0.4000000000,3.0000000000,0.8000000000,104,112,104,112,104,112
3453,neighbor,False,WSD_CRITERIA_UNVERIFIED,999999999.0000000000,999999999.0000000000,0.2250000000,0.6000000000,0.4000000000,3.5000000000,1.0000000000,104,111,104,112,104,110
3454,neighbor,False,WSD_CRITERIA_UNVERIFIED,999999999.0000000000,999999999.0000000000,0.2250000000,0.5500000000,0.5500000000,3.0000000000,1.0000000000,104,110,102,111,104,110
3455,neighbor,False,WSD_CRITERIA_UNVERIFIED,999999999.0000000000,999999999.0000000000,0.2000000000,0.5500000000,0.4000000000,3.5000000000,1.0000000000,102,110,102,112,102,111
3456,neighbor,False,WSD_CRITERIA_UNVERIFIED,999999999.0000000000,999999999.0000000000,0.2000000000,0.5000000000,0.3000000000,3.5000000000,0.8000000000,104,110,103,110,104,110
3457,neighbor,False,WSD_CRITERIA_UNVERIFIED,999999999.0000000000,999999999.0000000000,0.2000000000,0.6000000000,0.3000000000,3.5000000000,1.0000000000,104,111,104,112,104,112
3458,neighbor,False,WSD_CRITERIA_UNVERIFIED,999999999.0000000000,999999999.0000000000,0.2000000000,0.6000000000,0.3000000000,3.5000000000,0.8000000000,104,111,103,112,104,110
3459,neighbor,False,WSD_CRITERIA_UNVERIFIED,999999999.0000000000,999999999.0000000000,0.2000000000,0.5500000000,0.6500000000,3.0000000000,0.9000000000,104,110,104,110,104,110
3460,neighbor,False,WSD_CRITERIA_UNVERIFIED,999999999.0000000000,999999999.0000000000,0.2500000000,0.6000000000,0.3000000000,3.0000000000,1.0000000000,104,110,104,110,104,110
3461,neighbor,False,WSD_CRITERIA_UNVERIFIED,999999999.0000000000,999999999.0000000000,0.2000000000,0.5500000000,0.4000000000,3.5000000000,0.8000000000,104,112,103,112,102,111
3462,neighbor,False,WSD_CRITERIA_UNVERIFIED,999999999.0000000000,999999999.0000000000,0.2000000000,0.5500000000,0.5500000000,3.5000000000,0.8000000000,102,112,104,111,103,110
3463,neighbor,False,WSD_CRITERIA_UNVERIFIED,999999999.0000000000,999999999.0000000000,0.2250000000,0.4500000000,0.3000000000,3.5000000000,1.0000000000,104,110,104,110,104,110
3464,neighbor,False,WSD_CRITERIA_UNVERIFIED,999999999.0000000000,999999999.0000000000,0.2000000000,0.4500000000,0.3000000000,3.0000000000,1.0000000000,104,112,103,110,104,111
3465,neighbor,False,WSD_CRITERIA_UNVERIFIED,999999999.0000000000,999999999.0000000000,0.2000000000,0.6000000000,0.3500000000,3.5000000000,0.8000000000,102,110,102,110,104,111
3466,neighbor,False,WSD_CRITERIA_UNVERIFIED,999999999.0000000000,999999999.0000000000,0.2500000000,0.6000000000,0.7500000000,3.5000000000,0.8000000000,104,112,103,110,104,110
3467,neighbor,False,WSD_CRITERIA_UNVERIFIED,999999999.0000000000,999999999.0000000000,0.2500000000,0.6000000000,0.3000000000,3.5000000000,1.0000000000,104,111,104,112,104,112
3468,neighbor,False,WSD_CRITERIA_UNVERIFIED,999999999.0000000000,999999999.0000000000,0.2000000000,0.6000000000,0.3000000000,3.0000000000,0.9000000000,104,110,102,112,102,110
3469,neighbor,False,WSD_CRITERIA_UNVERIFIED,999999999.0000000000,999999999.0000000000,0.2500000000,0.6000000000,0.6500000000,3.0000000000,1.0000000000,104,110,103,111,104,112
3470,neighbor,False,WSD_CRITERIA_UNVERIFIED,999999999.0000000000,999999999.0000000000,0.2500000000,0.6000000000,0.3000000000,3.5000000000,0.8000000000,103,110,104,110,104,112
3471,neighbor,False,WSD_CRITERIA_UNVERIFIED,999999999.0000000000,999999999.0000000000,0.2000000000,0.6000000000,0.3000000000,3.0000000000,1.0000000000,104,110,104,111,102,111
3472,neighbor,False,WSD_CRITERIA_UNVERIFIED,999999999.0000000000,999999999.0000000000,0.2000000000,0.6000000000,0.7000000000,3.5000000000,0.8000000000,104,112,102,111,104,112
3473,neighbor,False,WSD_CRITERIA_UNVERIFIED,999999999.0000000000,999999999.0000000000,0.2250000000,0.4500000000,0.7500000000,3.0000000000,1.0000000000,104,110,103,110,102,111
3474,neighbor,False,WSD_CRITERIA_UNVERIFIED,999999999.0000000000,999999999.0000000000,0.2000000000,0.5500000000,0.3500000000,3.5000000000,0.9000000000,104,111,104,111,104,110
3475,neighbor,False,WSD_CRITERIA_UNVERIFIED,999999999.0000000000,999999999.0000000000,0.2500000000,0.6000000000,0.6500000000,3.0000000000,1.0000000000,102,112,104,111,103,112
3476,neighbor,False,WSD_CRITERIA_UNVERIFIED,999999999.0000000000,999999999.0000000000,0.2000000000,0.5000000000,0.6500000000,3.5000000000,0.9000000000,103,110,104,110,103,110
3477,neighbor,False,WSD_CRITERIA_UNVERIFIED,999999999.0000000000,999999999.0000000000,0.2500000000,0.6000000000,0.6500000000,3.0000000000,0.8000000000,104,110,104,110,104,112
3478,neighbor,False,WSD_CRITERIA_UNVERIFIED,999999999.0000000000,999999999.0000000000,0.2000000000,0.5500000000,0.6500000000,3.0000000000,1.0000000000,103,110,103,110,102,110
3479,neighbor,False,WSD_CRITERIA_UNVERIFIED,999999999.0000000000,999999999.0000000000,0.2000000000,0.6000000000,0.4500000000,3.5000000000,1.0000000000,104,112,103,110,104,110
3480,neighbor,False,WSD_CRITERIA_UNVERIFIED,999999999.0000000000,999999999.0000000000,0.2000000000,0.5000000000,0.7500000000,3.0000000000,1.0000000000,103,110,104,112,104,110
3481,neighbor,False,WSD_CRITERIA_UNVERIFIED,999999999.0000000000,999999999.0000000000,0.2000000000,0.6000000000,0.7000000000,3.5000000000,0.9000000000,104,112,104,112,104,110
3482,neighbor,False,WSD_CRITERIA_UNVERIFIED,999999999.0000000000,999999999.0000000000,0.2000000000,0.4500000000,0.7000000000,3.5000000000,0.9000000000,104,112,104,111,102,112
3483,neighbor,False,WSD_CRITERIA_UNVERIFIED,999999999.0000000000,999999999.0000000000,0.2500000000,0.5000000000,0.5000000000,3.0000000000,0.9000000000,102,110,104,112,104,110
3484,neighbor,False,WSD_CRITERIA_UNVERIFIED,999999999.0000000000,999999999.0000000000,0.2000000000,0.4500000000,0.5000000000,3.5000000000,1.0000000000,104,110,102,110,102,111
3485,neighbor,False,WSD_CRITERIA_UNVERIFIED,999999999.0000000000,999999999.0000000000,0.2000000000,0.6000000000,0.4000000000,3.0000000000,1.0000000000,104,110,104,110,104,111
3486,neighbor,False,WSD_CRITERIA_UNVERIFIED,999999999.0000000000,999999999.0000000000,0.2500000000,0.6000000000,0.7500000000,3.5000000000,1.0000000000,103,111,104,110,104,110
3487,neighbor,False,WSD_CRITERIA_UNVERIFIED,999999999.0000000000,999999999.0000000000,0.2000000000,0.4500000000,0.4500000000,3.5000000000,1.0000000000,104,110,103,110,104,110
3488,neighbor,False,WSD_CRITERIA_UNVERIFIED,999999999.0000000000,999999999.0000000000,0.2000000000,0.5000000000,0.5500000000,3.0000000000,0.8000000000,104,112,102,111,104,110
3489,neighbor,False,WSD_CRITERIA_UNVERIFIED,999999999.0000000000,999999999.0000000000,0.2000000000,0.6000000000,0.7500000000,3.5000000000,0.9000000000,103,110,103,112,103,110
3490,neighbor,False,WSD_CRITERIA_UNVERIFIED,999999999.0000000000,999999999.0000000000,0.2000000000,0.6000000000,0.3500000000,3.0000000000,0.9000000000,104,111,104,111,104,112
3491,neighbor,False,WSD_CRITERIA_UNVERIFIED,999999999.0000000000,999999999.0000000000,0.2000000000,0.4500000000,0.4500000000,3.5000000000,1.0000000000,104,110,104,110,102,111
3492,neighbor,False,WSD_CRITERIA_UNVERIFIED,999999999.0000000000,999999999.0000000000,0.2000000000,0.6000000000,0.4500000000,3.0000000000,1.0000000000,103,112,103,110,104,110
3493,neighbor,False,WSD_CRITERIA_UNVERIFIED,999999999.0000000000,999999999.0000000000,0.2500000000,0.5000000000,0.3500000000,3.5000000000,0.8000000000,104,111,104,110,104,110
3494,neighbor,False,WSD_CRITERIA_UNVERIFIED,999999999.0000000000,999999999.0000000000,0.2000000000,0.4500000000,0.5500000000,3.5000000000,0.9000000000,104,111,104,111,104,111
3495,neighbor,False,WSD_CRITERIA_UNVERIFIED,999999999.0000000000,999999999.0000000000,0.2000000000,0.5000000000,0.3500000000,3.5000000000,0.8000000000,102,110,103,112,104,110
3496,neighbor,False,WSD_CRITERIA_UNVERIFIED,999999999.0000000000,999999999.0000000000,0.2000000000,0.4500000000,0.3500000000,3.5000000000,0.9000000000,104,112,104,110,102,112
3497,neighbor,False,WSD_CRITERIA_UNVERIFIED,999999999.0000000000,999999999.0000000000,0.2000000000,0.6000000000,0.3000000000,3.5000000000,1.0000000000,104,110,104,112,104,111
3498,neighbor,False,WSD_CRITERIA_UNVERIFIED,999999999.0000000000,999999999.0000000000,0.2000000000,0.6000000000,0.3000000000,3.0000000000,0.8000000000,104,110,103,110,102,110
3499,neighbor,False,WSD_CRITERIA_UNVERIFIED,999999999.0000000000,999999999.0000000000,0.2000000000,0.6000000000,0.7000000000,3.5000000000,0.8000000000,102,111,102,111,104,110
3500,neighbor,False,WSD_CRITERIA_UNVERIFIED,999999999.0000000000,999999999.0000000000,0.2250000000,0.5000000000,0.3500000000,3.0000000000,1.0000000000,104,110,104,110,102,110
3501,neighbor,False,WSD_CRITERIA_UNVERIFIED,999999999.0000000000,999999999.0000000000,0.2000000000,0.6000000000,0.4500000000,3.5000000000,0.8000000000,104,110,104,111,103,110
3502,neighbor,False,WSD_CRITERIA_UNVERIFIED,999999999.0000000000,999999999.0000000000,0.2000000000,0.6000000000,0.4500000000,3.5000000000,0.8000000000,102,110,104,111,102,112
3503,neighbor,False,WSD_CRITERIA_UNVERIFIED,999999999.0000000000,999999999.0000000000,0.2250000000,0.5000000000,0.3000000000,3.0000000000,1.0000000000,103,110,103,111,104,110
3504,neighbor,False,WSD_CRITERIA_UNVERIFIED,999999999.0000000000,999999999.0000000000,0.2500000000,0.4500000000,0.3500000000,3.5000000000,0.8000000000,104,110,104,110,104,110
3505,neighbor,False,WSD_CRITERIA_UNVERIFIED,999999999.0000000000,999999999.0000000000,0.2250000000,0.4500000000,0.5000000000,3.0000000000,1.0000000000,102,112,102,110,104,110
3506,neighbor,False,WSD_CRITERIA_UNVERIFIED,999999999.0000000000,999999999.0000000000,0.2000000000,0.6000000000,0.5000000000,3.5000000000,0.8000000000,103,110,104,112,104,112
3507,neighbor,False,WSD_CRITERIA_UNVERIFIED,999999999.0000000000,999999999.0000000000,0.2000000000,0.5500000000,0.7500000000,3.0000000000,0.8000000000,102,110,104,111,104,111
3508,neighbor,False,WSD_CRITERIA_UNVERIFIED,999999999.0000000000,999999999.0000000000,0.2250000000,0.6000000000,0.5500000000,3.5000000000,1.0000000000,104,110,103,111,104,110
3509,neighbor,False,WSD_CRITERIA_UNVERIFIED,999999999.0000000000,999999999.0000000000,0.2000000000,0.6000000000,0.3000000000,3.5000000000,1.0000000000,103,111,104,112,103,110
3510,neighbor,False,WSD_CRITERIA_UNVERIFIED,999999999.0000000000,999999999.0000000000,0.2500000000,0.5500000000,0.5000000000,3.5000000000,1.0000000000,104,110,104,111,103,112
3511,neighbor,False,WSD_CRITERIA_UNVERIFIED,999999999.0000000000,999999999.0000000000,0.2250000000,0.6000000000,0.3500000000,3.5000000000,0.9000000000,103,112,104,110,104,110
3512,neighbor,False,WSD_CRITERIA_UNVERIFIED,999999999.0000000000,999999999.0000000000,0.2500000000,0.6000000000,0.3000000000,3.5000000000,0.9000000000,104,111,104,110,102,111
3513,neighbor,False,WSD_CRITERIA_UNVERIFIED,999999999.0000000000,999999999.0000000000,0.2000000000,0.5000000000,0.7500000000,3.5000000000,1.0000000000,103,112,104,112,104,112
3514,neighbor,False,WSD_CRITERIA_UNVERIFIED,999999999.0000000000,999999999.0000000000,0.2000000000,0.5500000000,0.3000000000,3.0000000000,1.0000000000,103,110,104,111,104,112
3515,neighbor,False,WSD_CRITERIA_UNVERIFIED,999999999.0000000000,999999999.0000000000,0.2000000000,0.4500000000,0.3000000000,3.0000000000,0.9000000000,104,112,102,111,102,111
3516,neighbor,False,WSD_CRITERIA_UNVERIFIED,999999999.0000000000,999999999.0000000000,0.2500000000,0.6000000000,0.7000000000,3.5000000000,1.0000000000,104,111,102,111,104,110
3517,neighbor,False,WSD_CRITERIA_UNVERIFIED,999999999.0000000000,999999999.0000000000,0.2000000000,0.6000000000,0.6000000000,3.5000000000,0.8000000000,103,111,104,111,102,112
3518,neighbor,False,WSD_CRITERIA_UNVERIFIED,999999999.0000000000,999999999.0000000000,0.2250000000,0.5000000000,0.3000000000,3.5000000000,0.8000000000,104,110,103,110,104,111
3519,neighbor,False,WSD_CRITERIA_UNVERIFIED,999999999.0000000000,999999999.0000000000,0.2500000000,0.6000000000,0.4500000000,3.0000000000,1.0000000000,102,110,103,110,104,112
3520,neighbor,False,WSD_CRITERIA_UNVERIFIED,999999999.0000000000,999999999.0000000000,0.2000000000,0.6000000000,0.4000000000,3.0000000000,0.9000000000,103,110,104,110,104,110
3521,neighbor,False,WSD_CRITERIA_UNVERIFIED,999999999.0000000000,999999999.0000000000,0.2000000000,0.5000000000,0.3000000000,3.5000000000,1.0000000000,104,110,103,110,104,110
3522,neighbor,False,WSD_CRITERIA_UNVERIFIED,999999999.0000000000,999999999.0000000000,0.2500000000,0.5000000000,0.7000000000,3.5000000000,0.9000000000,104,110,104,110,102,110
3523,neighbor,False,WSD_CRITERIA_UNVERIFIED,999999999.0000000000,999999999.0000000000,0.2250000000,0.4500000000,0.3000000000,3.0000000000,0.8000000000,103,112,104,110,104,112
3524,neighbor,False,WSD_CRITERIA_UNVERIFIED,999999999.0000000000,999999999.0000000000,0.2000000000,0.4500000000,0.3500000000,3.0000000000,1.0000000000,104,110,104,110,104,112
3525,neighbor,False,WSD_CRITERIA_UNVERIFIED,999999999.0000000000,999999999.0000000000,0.2000000000,0.6000000000,0.4500000000,3.5000000000,1.0000000000,104,111,102,112,104,110
3526,neighbor,False,WSD_CRITERIA_UNVERIFIED,999999999.0000000000,999999999.0000000000,0.2250000000,0.6000000000,0.4500000000,3.5000000000,0.8000000000,103,110,102,112,104,112
3527,neighbor,False,WSD_CRITERIA_UNVERIFIED,999999999.0000000000,999999999.0000000000,0.2250000000,0.6000000000,0.4000000000,3.5000000000,1.0000000000,103,111,104,110,104,110
3528,neighbor,False,WSD_CRITERIA_UNVERIFIED,999999999.0000000000,999999999.0000000000,0.2000000000,0.6000000000,0.3500000000,3.5000000000,1.0000000000,103,110,104,110,102,110
3529,neighbor,False,WSD_CRITERIA_UNVERIFIED,999999999.0000000000,999999999.0000000000,0.2000000000,0.4500000000,0.5500000000,3.0000000000,1.0000000000,104,110,102,110,102,110
3530,neighbor,False,WSD_CRITERIA_UNVERIFIED,999999999.0000000000,999999999.0000000000,0.2000000000,0.5000000000,0.7500000000,3.5000000000,1.0000000000,102,110,104,111,103,111
3531,neighbor,False,WSD_CRITERIA_UNVERIFIED,999999999.0000000000,999999999.0000000000,0.2500000000,0.5000000000,0.3500000000,3.5000000000,0.9000000000,102,112,102,111,103,111
3532,neighbor,False,WSD_CRITERIA_UNVERIFIED,999999999.0000000000,999999999.0000000000,0.2500000000,0.6000000000,0.5000000000,3.5000000000,0.9000000000,104,111,104,110,103,112
3533,neighbor,False,WSD_CRITERIA_UNVERIFIED,999999999.0000000000,999999999.0000000000,0.2250000000,0.5000000000,0.4000000000,3.5000000000,1.0000000000,104,110,103,110,102,110
3534,neighbor,False,WSD_CRITERIA_UNVERIFIED,999999999.0000000000,999999999.0000000000,0.2000000000,0.5000000000,0.7500000000,3.5000000000,0.9000000000,103,112,104,112,102,111
3535,neighbor,False,WSD_CRITERIA_UNVERIFIED,999999999.0000000000,999999999.0000000000,0.2000000000,0.5500000000,0.7500000000,3.5000000000,1.0000000000,103,110,103,110,104,111
3536,neighbor,False,WSD_CRITERIA_UNVERIFIED,999999999.0000000000,999999999.0000000000,0.2250000000,0.5500000000,0.3500000000,3.5000000000,1.0000000000,104,111,103,111,104,112
3537,neighbor,False,WSD_CRITERIA_UNVERIFIED,999999999.0000000000,999999999.0000000000,0.2250000000,0.6000000000,0.4500000000,3.5000000000,0.8000000000,102,110,104,110,104,110
3538,neighbor,False,WSD_CRITERIA_UNVERIFIED,999999999.0000000000,999999999.0000000000,0.2250000000,0.6000000000,0.3000000000,3.5000000000,0.8000000000,103,110,103,110,104,112
3539,neighbor,False,WSD_CRITERIA_UNVERIFIED,999999999.0000000000,999999999.0000000000,0.2000000000,0.6000000000,0.5000000000,3.0000000000,1.0000000000,103,110,104,111,104,110
3540,neighbor,False,WSD_CRITERIA_UNVERIFIED,999999999.0000000000,999999999.0000000000,0.2000000000,0.5000000000,0.4500000000,3.0000000000,1.0000000000,104,112,104,110,102,111
3541,neighbor,False,WSD_CRITERIA_UNVERIFIED,999999999.0000000000,999999999.0000000000,0.2250000000,0.5000000000,0.3000000000,3.0000000000,0.9000000000,102,110,102,110,102,110
3542,neighbor,False,WSD_CRITERIA_UNVERIFIED,999999999.0000000000,999999999.0000000000,0.2250000000,0.6000000000,0.4000000000,3.0000000000,0.8000000000,104,111,103,110,103,110
3543,neighbor,False,WSD_CRITERIA_UNVERIFIED,999999999.0000000000,999999999.0000000000,0.2000000000,0.4500000000,0.5500000000,3.0000000000,0.8000000000,104,110,103,110,104,112
3544,neighbor,False,WSD_CRITERIA_UNVERIFIED,999999999.0000000000,999999999.0000000000,0.2000000000,0.6000000000,0.7500000000,3.5000000000,1.0000000000,104,112,102,111,104,110
3545,neighbor,False,WSD_CRITERIA_UNVERIFIED,999999999.0000000000,999999999.0000000000,0.2000000000,0.5500000000,0.4500000000,3.5000000000,1.0000000000,104,112,102,110,103,110
3546,neighbor,False,WSD_CRITERIA_UNVERIFIED,999999999.0000000000,999999999.0000000000,0.2250000000,0.6000000000,0.5500000000,3.5000000000,0.8000000000,104,111,104,110,103,111
3547,neighbor,False,WSD_CRITERIA_UNVERIFIED,999999999.0000000000,999999999.0000000000,0.2000000000,0.6000000000,0.7000000000,3.5000000000,1.0000000000,104,110,102,110,104,111
3548,neighbor,False,WSD_CRITERIA_UNVERIFIED,999999999.0000000000,999999999.0000000000,0.2250000000,0.4500000000,0.4500000000,3.5000000000,1.0000000000,104,112,103,112,104,110
3549,neighbor,False,WSD_CRITERIA_UNVERIFIED,999999999.0000000000,999999999.0000000000,0.2000000000,0.6000000000,0.4500000000,3.5000000000,1.0000000000,102,111,104,110,103,110
3550,neighbor,False,WSD_CRITERIA_UNVERIFIED,999999999.0000000000,999999999.0000000000,0.2000000000,0.4500000000,0.3000000000,3.0000000000,0.8000000000,104,111,104,110,104,112
3551,neighbor,False,WSD_CRITERIA_UNVERIFIED,999999999.0000000000,999999999.0000000000,0.2000000000,0.4500000000,0.5000000000,3.5000000000,0.8000000000,104,111,104,110,104,112
3552,neighbor,False,WSD_CRITERIA_UNVERIFIED,999999999.0000000000,999999999.0000000000,0.2500000000,0.4500000000,0.7000000000,3.0000000000,0.9000000000,104,110,104,111,104,111
3553,neighbor,False,WSD_CRITERIA_UNVERIFIED,999999999.0000000000,999999999.0000000000,0.2000000000,0.5500000000,0.5500000000,3.0000000000,0.9000000000,104,112,103,110,102,110
3554,neighbor,False,WSD_CRITERIA_UNVERIFIED,999999999.0000000000,999999999.0000000000,0.2000000000,0.5500000000,0.6000000000,3.0000000000,1.0000000000,104,110,103,110,102,111
3555,neighbor,False,WSD_CRITERIA_UNVERIFIED,999999999.0000000000,999999999.0000000000,0.2000000000,0.5500000000,0.4000000000,3.0000000000,1.0000000000,102,110,102,110,102,111
3556,neighbor,False,WSD_CRITERIA_UNVERIFIED,999999999.0000000000,999999999.0000000000,0.2000000000,0.5500000000,0.5500000000,3.5000000000,1.0000000000,103,110,104,110,104,110
3557,neighbor,False,WSD_CRITERIA_UNVERIFIED,999999999.0000000000,999999999.0000000000,0.2000000000,0.6000000000,0.6500000000,3.5000000000,0.8000000000,104,110,102,110,104,111
3558,neighbor,False,WSD_CRITERIA_UNVERIFIED,999999999.0000000000,999999999.0000000000,0.2000000000,0.5000000000,0.4500000000,3.5000000000,1.0000000000,103,110,103,111,103,110
3559,neighbor,False,WSD_CRITERIA_UNVERIFIED,999999999.0000000000,999999999.0000000000,0.2000000000,0.6000000000,0.4500000000,3.5000000000,0.8000000000,104,111,102,110,104,110
3560,neighbor,False,WSD_CRITERIA_UNVERIFIED,999999999.0000000000,999999999.0000000000,0.2250000000,0.5000000000,0.5000000000,3.5000000000,1.0000000000,103,110,104,112,104,110
3561,neighbor,False,WSD_CRITERIA_UNVERIFIED,999999999.0000000000,999999999.0000000000,0.2000000000,0.6000000000,0.3000000000,3.5000000000,0.8000000000,104,110,104,110,104,112
3562,neighbor,False,WSD_CRITERIA_UNVERIFIED,999999999.0000000000,999999999.0000000000,0.2500000000,0.4500000000,0.4500000000,3.0000000000,0.9000000000,104,110,104,112,104,112
3563,neighbor,False,WSD_CRITERIA_UNVERIFIED,999999999.0000000000,999999999.0000000000,0.2000000000,0.6000000000,0.6500000000,3.0000000000,0.9000000000,103,110,102,110,104,111
3564,neighbor,False,WSD_CRITERIA_UNVERIFIED,999999999.0000000000,999999999.0000000000,0.2000000000,0.6000000000,0.7500000000,3.5000000000,1.0000000000,104,111,104,110,103,110
3565,neighbor,False,WSD_CRITERIA_UNVERIFIED,999999999.0000000000,999999999.0000000000,0.2250000000,0.5000000000,0.5000000000,3.0000000000,1.0000000000,104,112,104,112,104,110
3566,neighbor,False,WSD_CRITERIA_UNVERIFIED,999999999.0000000000,999999999.0000000000,0.2500000000,0.6000000000,0.3000000000,3.0000000000,0.9000000000,103,112,104,112,104,110
3567,neighbor,False,WSD_CRITERIA_UNVERIFIED,999999999.0000000000,999999999.0000000000,0.2000000000,0.6000000000,0.7500000000,3.0000000000,0.8000000000,102,110,102,110,104,111
3568,neighbor,False,WSD_CRITERIA_UNVERIFIED,999999999.0000000000,999999999.0000000000,0.2000000000,0.6000000000,0.3500000000,3.5000000000,1.0000000000,103,112,104,110,104,110
3569,neighbor,False,WSD_CRITERIA_UNVERIFIED,999999999.0000000000,999999999.0000000000,0.2500000000,0.5500000000,0.7500000000,3.5000000000,0.9000000000,104,111,104,112,104,111
3570,neighbor,False,WSD_CRITERIA_UNVERIFIED,999999999.0000000000,999999999.0000000000,0.2000000000,0.6000000000,0.7000000000,3.5000000000,0.9000000000,104,111,104,110,102,111
3571,neighbor,False,WSD_CRITERIA_UNVERIFIED,999999999.0000000000,999999999.0000000000,0.2000000000,0.4500000000,0.7000000000,3.5000000000,1.0000000000,102,111,104,110,104,111
3572,neighbor,False,WSD_CRITERIA_UNVERIFIED,999999999.0000000000,999999999.0000000000,0.2000000000,0.5000000000,0.4000000000,3.0000000000,1.0000000000,104,112,104,111,104,110
3573,neighbor,False,WSD_CRITERIA_UNVERIFIED,999999999.0000000000,999999999.0000000000,0.2000000000,0.5500000000,0.5500000000,3.5000000000,1.0000000000,104,112,104,110,102,112
3574,neighbor,False,WSD_CRITERIA_UNVERIFIED,999999999.0000000000,999999999.0000000000,0.2000000000,0.5000000000,0.3500000000,3.0000000000,1.0000000000,102,110,103,110,103,110
3575,neighbor,False,WSD_CRITERIA_UNVERIFIED,999999999.0000000000,999999999.0000000000,0.2000000000,0.4500000000,0.4500000000,3.5000000000,1.0000000000,102,111,104,110,104,111
3576,neighbor,False,WSD_CRITERIA_UNVERIFIED,999999999.0000000000,999999999.0000000000,0.2500000000,0.4500000000,0.7000000000,3.5000000000,1.0000000000,104,112,104,110,104,110
3577,neighbor,False,WSD_CRITERIA_UNVERIFIED,999999999.0000000000,999999999.0000000000,0.2000000000,0.4500000000,0.5500000000,3.5000000000,1.0000000000,104,112,102,110,104,110
3578,neighbor,False,WSD_CRITERIA_UNVERIFIED,999999999.0000000000,999999999.0000000000,0.2000000000,0.4500000000,0.7500000000,3.5000000000,1.0000000000,103,110,103,112,103,110
3579,neighbor,False,WSD_CRITERIA_UNVERIFIED,999999999.0000000000,999999999.0000000000,0.2500000000,0.4500000000,0.6000000000,3.5000000000,0.9000000000,104,111,104,110,104,110
3580,neighbor,False,WSD_CRITERIA_UNVERIFIED,999999999.0000000000,999999999.0000000000,0.2000000000,0.6000000000,0.3000000000,3.5000000000,0.8000000000,102,110,103,112,104,110
3581,neighbor,False,WSD_CRITERIA_UNVERIFIED,999999999.0000000000,999999999.0000000000,0.2250000000,0.6000000000,0.3500000000,3.0000000000,1.0000000000,102,110,104,110,102,112
3582,neighbor,False,WSD_CRITERIA_UNVERIFIED,999999999.0000000000,999999999.0000000000,0.2000000000,0.6000000000,0.4000000000,3.5000000000,1.0000000000,102,111,104,111,102,110
3583,neighbor,False,WSD_CRITERIA_UNVERIFIED,999999999.0000000000,999999999.0000000000,0.2000000000,0.4500000000,0.6000000000,3.5000000000,0.8000000000,103,111,104,111,104,110
3584,neighbor,False,WSD_CRITERIA_UNVERIFIED,999999999.0000000000,999999999.0000000000,0.2000000000,0.5000000000,0.6000000000,3.0000000000,1.0000000000,104,110,104,110,104,110
3585,neighbor,False,WSD_CRITERIA_UNVERIFIED,999999999.0000000000,999999999.0000000000,0.2250000000,0.4500000000,0.3000000000,3.0000000000,1.0000000000,104,111,104,110,103,110
3586,neighbor,False,WSD_CRITERIA_UNVERIFIED,999999999.0000000000,999999999.0000000000,0.2250000000,0.6000000000,0.5000000000,3.5000000000,1.0000000000,104,112,104,112,104,110
3587,neighbor,False,WSD_CRITERIA_UNVERIFIED,999999999.0000000000,999999999.0000000000,0.2000000000,0.4500000000,0.6500000000,3.5000000000,1.0000000000,104,110,104,110,103,112
3588,neighbor,False,WSD_CRITERIA_UNVERIFIED,999999999.0000000000,999999999.0000000000,0.2000000000,0.5000000000,0.4500000000,3.0000000000,0.8000000000,104,110,102,110,104,110
3589,neighbor,False,WSD_CRITERIA_UNVERIFIED,999999999.0000000000,999999999.0000000000,0.2000000000,0.6000000000,0.3000000000,3.5000000000,1.0000000000,103,112,104,112,104,110
3590,neighbor,False,WSD_CRITERIA_UNVERIFIED,999999999.0000000000,999999999.0000000000,0.2000000000,0.6000000000,0.6000000000,3.5000000000,1.0000000000,104,111,102,111,103,110
3591,neighbor,False,WSD_CRITERIA_UNVERIFIED,999999999.0000000000,999999999.0000000000,0.2000000000,0.6000000000,0.5000000000,3.0000000000,1.0000000000,102,110,104,110,104,110
3592,neighbor,False,WSD_CRITERIA_UNVERIFIED,999999999.0000000000,999999999.0000000000,0.2500000000,0.6000000000,0.5000000000,3.5000000000,1.0000000000,103,110,102,110,102,110
3593,neighbor,False,WSD_CRITERIA_UNVERIFIED,999999999.0000000000,999999999.0000000000,0.2000000000,0.5500000000,0.7500000000,3.0000000000,1.0000000000,103,112,102,110,103,112
3594,neighbor,False,WSD_CRITERIA_UNVERIFIED,999999999.0000000000,999999999.0000000000,0.2500000000,0.4500000000,0.3000000000,3.5000000000,0.9000000000,103,111,102,112,104,111
3595,neighbor,False,WSD_CRITERIA_UNVERIFIED,999999999.0000000000,999999999.0000000000,0.2250000000,0.5000000000,0.7500000000,3.5000000000,0.9000000000,104,111,102,110,104,110
3596,neighbor,False,WSD_CRITERIA_UNVERIFIED,999999999.0000000000,999999999.0000000000,0.2000000000,0.5000000000,0.5500000000,3.5000000000,1.0000000000,102,110,103,110,103,110
3597,neighbor,False,WSD_CRITERIA_UNVERIFIED,999999999.0000000000,999999999.0000000000,0.2000000000,0.6000000000,0.6000000000,3.5000000000,0.8000000000,104,110,104,110,102,110
3598,neighbor,False,WSD_CRITERIA_UNVERIFIED,999999999.0000000000,999999999.0000000000,0.2500000000,0.4500000000,0.7000000000,3.5000000000,0.9000000000,104,112,104,110,104,111
3599,neighbor,False,WSD_CRITERIA_UNVERIFIED,999999999.0000000000,999999999.0000000000,0.2000000000,0.5500000000,0.3500000000,3.5000000000,1.0000000000,103,112,102,110,102,111
3600,neighbor,False,WSD_CRITERIA_UNVERIFIED,999999999.0000000000,999999999.0000000000,0.2000000000,0.5500000000,0.6500000000,3.0000000000,0.8000000000,104,110,103,110,104,110
3601,neighbor,False,WSD_CRITERIA_UNVERIFIED,999999999.0000000000,999999999.0000000000,0.2000000000,0.5500000000,0.5500000000,3.5000000000,1.0000000000,104,110,103,111,103,110
3602,neighbor,False,WSD_CRITERIA_UNVERIFIED,999999999.0000000000,999999999.0000000000,0.2250000000,0.6000000000,0.4500000000,3.0000000000,0.9000000000,104,111,104,112,103,110
3603,neighbor,False,WSD_CRITERIA_UNVERIFIED,999999999.0000000000,999999999.0000000000,0.2000000000,0.5500000000,0.6500000000,3.5000000000,1.0000000000,102,110,104,112,104,110
3604,neighbor,False,WSD_CRITERIA_UNVERIFIED,999999999.0000000000,999999999.0000000000,0.2500000000,0.5500000000,0.3000000000,3.5000000000,1.0000000000,104,110,104,112,103,110
3605,neighbor,False,WSD_CRITERIA_UNVERIFIED,999999999.0000000000,999999999.0000000000,0.2000000000,0.5500000000,0.5500000000,3.5000000000,1.0000000000,102,110,104,110,104,110
3606,neighbor,False,WSD_CRITERIA_UNVERIFIED,999999999.0000000000,999999999.0000000000,0.2250000000,0.6000000000,0.6000000000,3.5000000000,1.0000000000,104,110,103,111,103,110
3607,neighbor,False,WSD_CRITERIA_UNVERIFIED,999999999.0000000000,999999999.0000000000,0.2000000000,0.5000000000,0.6500000000,3.5000000000,1.0000000000,104,112,104,110,104,110
3608,neighbor,False,WSD_CRITERIA_UNVERIFIED,999999999.0000000000,999999999.0000000000,0.2000000000,0.5500000000,0.3000000000,3.0000000000,1.0000000000,104,111,104,111,104,111
3609,neighbor,False,WSD_CRITERIA_UNVERIFIED,999999999.0000000000,999999999.0000000000,0.2000000000,0.6000000000,0.6000000000,3.0000000000,1.0000000000,103,110,102,111,104,110
3610,neighbor,False,WSD_CRITERIA_UNVERIFIED,999999999.0000000000,999999999.0000000000,0.2000000000,0.4500000000,0.7000000000,3.5000000000,0.8000000000,103,110,104,110,104,112
3611,neighbor,False,WSD_CRITERIA_UNVERIFIED,999999999.0000000000,999999999.0000000000,0.2000000000,0.6000000000,0.7500000000,3.0000000000,1.0000000000,102,112,103,110,102,110
3612,neighbor,False,WSD_CRITERIA_UNVERIFIED,999999999.0000000000,999999999.0000000000,0.2250000000,0.6000000000,0.6500000000,3.5000000000,1.0000000000,104,110,104,112,102,112
3613,neighbor,False,WSD_CRITERIA_UNVERIFIED,999999999.0000000000,999999999.0000000000,0.2000000000,0.6000000000,0.3000000000,3.0000000000,1.0000000000,104,112,104,111,104,110
3614,neighbor,False,WSD_CRITERIA_UNVERIFIED,999999999.0000000000,999999999.0000000000,0.2500000000,0.5500000000,0.7000000000,3.5000000000,1.0000000000,103,110,104,111,104,110
3615,neighbor,False,WSD_CRITERIA_UNVERIFIED,999999999.0000000000,999999999.0000000000,0.2000000000,0.4500000000,0.3500000000,3.0000000000,1.0000000000,103,112,103,112,104,112
3616,neighbor,False,WSD_CRITERIA_UNVERIFIED,999999999.0000000000,999999999.0000000000,0.2000000000,0.5500000000,0.3500000000,3.0000000000,0.9000000000,102,110,103,112,104,110
3617,neighbor,False,WSD_CRITERIA_UNVERIFIED,999999999.0000000000,999999999.0000000000,0.2000000000,0.6000000000,0.6500000000,3.5000000000,0.9000000000,102,110,104,110,104,110
3618,neighbor,False,WSD_CRITERIA_UNVERIFIED,999999999.0000000000,999999999.0000000000,0.2250000000,0.6000000000,0.7500000000,3.0000000000,0.9000000000,104,112,102,110,104,111
3619,neighbor,False,WSD_CRITERIA_UNVERIFIED,999999999.0000000000,999999999.0000000000,0.2000000000,0.6000000000,0.3000000000,3.5000000000,0.8000000000,102,110,104,112,104,112
3620,neighbor,False,WSD_CRITERIA_UNVERIFIED,999999999.0000000000,999999999.0000000000,0.2000000000,0.6000000000,0.6500000000,3.0000000000,0.8000000000,102,111,104,112,102,112
3621,neighbor,False,WSD_CRITERIA_UNVERIFIED,999999999.0000000000,999999999.0000000000,0.2000000000,0.4500000000,0.3000000000,3.0000000000,1.0000000000,104,112,104,110,102,112
3622,neighbor,False,WSD_CRITERIA_UNVERIFIED,999999999.0000000000,999999999.0000000000,0.2250000000,0.4500000000,0.5000000000,3.5000000000,1.0000000000,103,111,104,110,104,111
3623,neighbor,False,WSD_CRITERIA_UNVERIFIED,999999999.0000000000,999999999.0000000000,0.2000000000,0.4500000000,0.6000000000,3.0000000000,1.0000000000,103,110,103,110,104,112
3624,neighbor,False,WSD_CRITERIA_UNVERIFIED,999999999.0000000000,999999999.0000000000,0.2000000000,0.5000000000,0.6500000000,3.5000000000,0.9000000000,104,111,104,112,104,111
3625,neighbor,False,WSD_CRITERIA_UNVERIFIED,999999999.0000000000,999999999.0000000000,0.2000000000,0.5000000000,0.5000000000,3.5000000000,0.8000000000,104,110,104,110,104,110
3626,neighbor,False,WSD_CRITERIA_UNVERIFIED,999999999.0000000000,999999999.0000000000,0.2000000000,0.5500000000,0.6000000000,3.5000000000,1.0000000000,104,111,104,110,104,110
3627,neighbor,False,WSD_CRITERIA_UNVERIFIED,999999999.0000000000,999999999.0000000000,0.2500000000,0.6000000000,0.5000000000,3.5000000000,1.0000000000,104,110,104,110,103,112
3628,neighbor,False,WSD_CRITERIA_UNVERIFIED,999999999.0000000000,999999999.0000000000,0.2000000000,0.6000000000,0.3500000000,3.5000000000,1.0000000000,104,111,102,110,104,110
3629,neighbor,False,WSD_CRITERIA_UNVERIFIED,999999999.0000000000,999999999.0000000000,0.2500000000,0.4500000000,0.6500000000,3.5000000000,1.0000000000,104,110,104,110,104,112
3630,neighbor,False,WSD_CRITERIA_UNVERIFIED,999999999.0000000000,999999999.0000000000,0.2500000000,0.5000000000,0.6000000000,3.0000000000,1.0000000000,104,110,103,110,104,110
3631,neighbor,False,WSD_CRITERIA_UNVERIFIED,999999999.0000000000,999999999.0000000000,0.2000000000,0.6000000000,0.6000000000,3.5000000000,1.0000000000,102,110,103,110,104,111
3632,neighbor,False,WSD_CRITERIA_UNVERIFIED,999999999.0000000000,999999999.0000000000,0.2250000000,0.6000000000,0.3500000000,3.5000000000,1.0000000000,104,111,103,110,102,111
3633,neighbor,False,WSD_CRITERIA_UNVERIFIED,999999999.0000000000,999999999.0000000000,0.2000000000,0.5000000000,0.6000000000,3.5000000000,1.0000000000,103,110,102,112,102,112
3634,neighbor,False,WSD_CRITERIA_UNVERIFIED,999999999.0000000000,999999999.0000000000,0.2000000000,0.6000000000,0.4500000000,3.0000000000,1.0000000000,104,112,104,110,104,110
3635,neighbor,False,WSD_CRITERIA_UNVERIFIED,999999999.0000000000,999999999.0000000000,0.2000000000,0.6000000000,0.6500000000,3.5000000000,1.0000000000,104,111,104,111,104,112
3636,neighbor,False,WSD_CRITERIA_UNVERIFIED,999999999.0000000000,999999999.0000000000,0.2250000000,0.4500000000,0.7000000000,3.0000000000,1.0000000000,104,111,104,110,102,111
3637,neighbor,False,WSD_CRITERIA_UNVERIFIED,999999999.0000000000,999999999.0000000000,0.2250000000,0.5500000000,0.6500000000,3.5000000000,1.0000000000,102,110,104,110,103,110
3638,neighbor,False,WSD_CRITERIA_UNVERIFIED,999999999.0000000000,999999999.0000000000,0.2000000000,0.5000000000,0.6000000000,3.5000000000,1.0000000000,104,112,104,110,104,110
3639,neighbor,False,WSD_CRITERIA_UNVERIFIED,999999999.0000000000,999999999.0000000000,0.2000000000,0.4500000000,0.7000000000,3.0000000000,1.0000000000,104,110,104,110,104,110
3640,neighbor,False,WSD_CRITERIA_UNVERIFIED,999999999.0000000000,999999999.0000000000,0.2500000000,0.6000000000,0.5000000000,3.5000000000,0.9000000000,102,110,104,110,104,110
3641,neighbor,False,WSD_CRITERIA_UNVERIFIED,999999999.0000000000,999999999.0000000000,0.2000000000,0.4500000000,0.3500000000,3.5000000000,1.0000000000,104,110,102,112,104,110
3642,neighbor,False,WSD_CRITERIA_UNVERIFIED,999999999.0000000000,999999999.0000000000,0.2500000000,0.6000000000,0.3000000000,3.0000000000,1.0000000000,102,111,102,111,103,110
3643,neighbor,False,WSD_CRITERIA_UNVERIFIED,999999999.0000000000,999999999.0000000000,0.2000000000,0.6000000000,0.4500000000,3.0000000000,0.9000000000,104,110,104,110,103,112
3644,neighbor,False,WSD_CRITERIA_UNVERIFIED,999999999.0000000000,999999999.0000000000,0.2250000000,0.5000000000,0.5500000000,3.0000000000,1.0000000000,103,110,102,110,104,110
3645,neighbor,False,WSD_CRITERIA_UNVERIFIED,999999999.0000000000,999999999.0000000000,0.2500000000,0.4500000000,0.6000000000,3.0000000000,1.0000000000,103,111,104,110,104,111
3646,neighbor,False,WSD_CRITERIA_UNVERIFIED,999999999.0000000000,999999999.0000000000,0.2250000000,0.5000000000,0.7500000000,3.5000000000,1.0000000000,104,110,102,111,102,110
3647,neighbor,False,WSD_CRITERIA_UNVERIFIED,999999999.0000000000,999999999.0000000000,0.2000000000,0.5500000000,0.3000000000,3.5000000000,1.0000000000,104,112,104,112,104,110
3648,neighbor,False,CONCRETE_OR_STEEL_STRESS,999999999.0000000000,999999999.0000000000,0.2000000000,0.5000000000,0.3000000000,3.5000000000,0.9000000000,104,110,102,111,102,112
3649,neighbor,False,WSD_CRITERIA_UNVERIFIED,999999999.0000000000,999999999.0000000000,0.2000000000,0.5500000000,0.3000000000,3.0000000000,1.0000000000,104,110,103,110,104,110
3650,neighbor,False,WSD_CRITERIA_UNVERIFIED,999999999.0000000000,999999999.0000000000,0.2000000000,0.6000000000,0.6500000000,3.0000000000,1.0000000000,104,110,103,111,104,110
3651,neighbor,False,WSD_CRITERIA_UNVERIFIED,999999999.0000000000,999999999.0000000000,0.2000000000,0.4500000000,0.5500000000,3.5000000000,1.0000000000,102,110,102,111,104,110
3652,neighbor,False,WSD_CRITERIA_UNVERIFIED,999999999.0000000000,999999999.0000000000,0.2000000000,0.5000000000,0.5000000000,3.5000000000,0.8000000000,104,112,104,110,104,111
3653,neighbor,False,WSD_CRITERIA_UNVERIFIED,999999999.0000000000,999999999.0000000000,0.2000000000,0.6000000000,0.7000000000,3.0000000000,0.9000000000,104,110,104,110,103,110
3654,neighbor,False,WSD_CRITERIA_UNVERIFIED,999999999.0000000000,999999999.0000000000,0.2000000000,0.4500000000,0.3000000000,3.0000000000,0.9000000000,104,110,104,110,104,112
3655,neighbor,False,WSD_CRITERIA_UNVERIFIED,999999999.0000000000,999999999.0000000000,0.2500000000,0.4500000000,0.3500000000,3.0000000000,0.9000000000,104,110,104,112,104,110
3656,neighbor,False,WSD_CRITERIA_UNVERIFIED,999999999.0000000000,999999999.0000000000,0.2500000000,0.6000000000,0.6500000000,3.5000000000,1.0000000000,104,110,104,110,104,110
3657,neighbor,False,WSD_CRITERIA_UNVERIFIED,999999999.0000000000,999999999.0000000000,0.2500000000,0.4500000000,0.3000000000,3.5000000000,1.0000000000,103,110,104,110,103,110
3658,neighbor,False,WSD_CRITERIA_UNVERIFIED,999999999.0000000000,999999999.0000000000,0.2000000000,0.4500000000,0.7500000000,3.5000000000,0.8000000000,104,110,103,110,102,110
3659,neighbor,False,WSD_CRITERIA_UNVERIFIED,999999999.0000000000,999999999.0000000000,0.2000000000,0.6000000000,0.7500000000,3.5000000000,1.0000000000,104,111,103,110,104,110
3660,neighbor,False,WSD_CRITERIA_UNVERIFIED,999999999.0000000000,999999999.0000000000,0.2000000000,0.5000000000,0.7000000000,3.0000000000,1.0000000000,103,111,104,111,104,110
3661,neighbor,False,WSD_CRITERIA_UNVERIFIED,999999999.0000000000,999999999.0000000000,0.2000000000,0.4500000000,0.5500000000,3.5000000000,1.0000000000,103,111,104,110,103,110
3662,neighbor,False,WSD_CRITERIA_UNVERIFIED,999999999.0000000000,999999999.0000000000,0.2000000000,0.4500000000,0.6000000000,3.0000000000,1.0000000000,104,111,104,110,104,111
3663,neighbor,False,WSD_CRITERIA_UNVERIFIED,999999999.0000000000,999999999.0000000000,0.2500000000,0.5500000000,0.5500000000,3.0000000000,0.8000000000,103,110,104,111,104,112
3664,neighbor,False,WSD_CRITERIA_UNVERIFIED,999999999.0000000000,999999999.0000000000,0.2000000000,0.6000000000,0.3500000000,3.0000000000,1.0000000000,103,110,103,110,104,110
3665,neighbor,False,WSD_CRITERIA_UNVERIFIED,999999999.0000000000,999999999.0000000000,0.2000000000,0.5500000000,0.5000000000,3.0000000000,0.9000000000,103,111,104,111,103,111
3666,neighbor,False,WSD_CRITERIA_UNVERIFIED,999999999.0000000000,999999999.0000000000,0.2500000000,0.6000000000,0.6500000000,3.5000000000,0.8000000000,104,110,104,110,104,110
3667,neighbor,False,WSD_CRITERIA_UNVERIFIED,999999999.0000000000,999999999.0000000000,0.2250000000,0.4500000000,0.4500000000,3.0000000000,1.0000000000,103,110,104,111,103,110
3668,neighbor,False,WSD_CRITERIA_UNVERIFIED,999999999.0000000000,999999999.0000000000,0.2000000000,0.6000000000,0.5500000000,3.5000000000,1.0000000000,102,110,104,110,104,110
3669,neighbor,False,WSD_CRITERIA_UNVERIFIED,999999999.0000000000,999999999.0000000000,0.2000000000,0.5000000000,0.7500000000,3.5000000000,1.0000000000,104,110,104,112,102,111
3670,neighbor,False,WSD_CRITERIA_UNVERIFIED,999999999.0000000000,999999999.0000000000,0.2000000000,0.4500000000,0.5500000000,3.5000000000,1.0000000000,104,112,104,110,103,110
3671,neighbor,False,WSD_CRITERIA_UNVERIFIED,999999999.0000000000,999999999.0000000000,0.2500000000,0.6000000000,0.6500000000,3.5000000000,1.0000000000,103,110,104,110,104,110
3672,neighbor,False,WSD_CRITERIA_UNVERIFIED,999999999.0000000000,999999999.0000000000,0.2250000000,0.6000000000,0.3500000000,3.5000000000,1.0000000000,103,111,102,111,104,111
3673,neighbor,False,WSD_CRITERIA_UNVERIFIED,999999999.0000000000,999999999.0000000000,0.2500000000,0.6000000000,0.5000000000,3.0000000000,0.9000000000,103,112,102,112,104,110
3674,neighbor,False,WSD_CRITERIA_UNVERIFIED,999999999.0000000000,999999999.0000000000,0.2000000000,0.5000000000,0.4500000000,3.0000000000,1.0000000000,104,110,104,110,104,112
3675,neighbor,False,WSD_CRITERIA_UNVERIFIED,999999999.0000000000,999999999.0000000000,0.2000000000,0.4500000000,0.5000000000,3.0000000000,1.0000000000,103,110,102,110,104,110
3676,neighbor,False,WSD_CRITERIA_UNVERIFIED,999999999.0000000000,999999999.0000000000,0.2000000000,0.6000000000,0.4500000000,3.0000000000,1.0000000000,104,111,103,111,104,110
3677,neighbor,False,WSD_CRITERIA_UNVERIFIED,999999999.0000000000,999999999.0000000000,0.2500000000,0.6000000000,0.7500000000,3.5000000000,0.8000000000,104,112,102,110,103,111
3678,neighbor,False,WSD_CRITERIA_UNVERIFIED,999999999.0000000000,999999999.0000000000,0.2000000000,0.5000000000,0.7000000000,3.5000000000,1.0000000000,104,111,103,110,102,111
3679,neighbor,False,WSD_CRITERIA_UNVERIFIED,999999999.0000000000,999999999.0000000000,0.2000000000,0.6000000000,0.4000000000,3.5000000000,0.9000000000,102,110,103,111,104,110
3680,neighbor,False,WSD_CRITERIA_UNVERIFIED,999999999.0000000000,999999999.0000000000,0.2500000000,0.6000000000,0.5000000000,3.5000000000,1.0000000000,102,111,102,110,104,110
3681,neighbor,False,WSD_CRITERIA_UNVERIFIED,999999999.0000000000,999999999.0000000000,0.2000000000,0.4500000000,0.3500000000,3.0000000000,1.0000000000,104,110,102,111,104,110
3682,neighbor,False,WSD_CRITERIA_UNVERIFIED,999999999.0000000000,999999999.0000000000,0.2500000000,0.6000000000,0.6000000000,3.5000000000,0.8000000000,104,112,103,111,104,112
3683,neighbor,False,WSD_CRITERIA_UNVERIFIED,999999999.0000000000,999999999.0000000000,0.2000000000,0.5000000000,0.3500000000,3.5000000000,1.0000000000,103,111,104,110,104,112
3684,neighbor,False,WSD_CRITERIA_UNVERIFIED,999999999.0000000000,999999999.0000000000,0.2000000000,0.6000000000,0.5500000000,3.0000000000,0.8000000000,104,110,104,112,104,110
3685,neighbor,False,WSD_CRITERIA_UNVERIFIED,999999999.0000000000,999999999.0000000000,0.2500000000,0.4500000000,0.3000000000,3.0000000000,0.8000000000,104,112,104,112,103,111
3686,neighbor,False,WSD_CRITERIA_UNVERIFIED,999999999.0000000000,999999999.0000000000,0.2000000000,0.6000000000,0.5500000000,3.5000000000,1.0000000000,104,110,104,110,104,111
3687,neighbor,False,WSD_CRITERIA_UNVERIFIED,999999999.0000000000,999999999.0000000000,0.2000000000,0.6000000000,0.3000000000,3.5000000000,0.8000000000,104,110,102,110,104,110
3688,neighbor,False,WSD_CRITERIA_UNVERIFIED,999999999.0000000000,999999999.0000000000,0.2000000000,0.5000000000,0.7500000000,3.5000000000,0.8000000000,103,110,104,110,102,112
3689,neighbor,False,WSD_CRITERIA_UNVERIFIED,999999999.0000000000,999999999.0000000000,0.2000000000,0.5500000000,0.3000000000,3.0000000000,1.0000000000,103,110,104,111,103,110
3690,neighbor,False,WSD_CRITERIA_UNVERIFIED,999999999.0000000000,999999999.0000000000,0.2000000000,0.6000000000,0.6000000000,3.0000000000,1.0000000000,103,112,104,110,102,110
3691,neighbor,False,WSD_CRITERIA_UNVERIFIED,999999999.0000000000,999999999.0000000000,0.2500000000,0.5500000000,0.7000000000,3.0000000000,0.9000000000,104,111,104,110,102,112
3692,neighbor,False,WSD_CRITERIA_UNVERIFIED,999999999.0000000000,999999999.0000000000,0.2500000000,0.6000000000,0.5500000000,3.0000000000,0.9000000000,104,112,104,112,104,111
3693,neighbor,False,WSD_CRITERIA_UNVERIFIED,999999999.0000000000,999999999.0000000000,0.2000000000,0.4500000000,0.3000000000,3.5000000000,0.9000000000,104,110,103,112,104,110
3694,neighbor,False,WSD_CRITERIA_UNVERIFIED,999999999.0000000000,999999999.0000000000,0.2000000000,0.6000000000,0.3000000000,3.5000000000,1.0000000000,103,112,104,110,103,110
3695,neighbor,False,WSD_CRITERIA_UNVERIFIED,999999999.0000000000,999999999.0000000000,0.2000000000,0.5500000000,0.3000000000,3.5000000000,0.8000000000,102,111,104,110,103,110
3696,neighbor,False,WSD_CRITERIA_UNVERIFIED,999999999.0000000000,999999999.0000000000,0.2000000000,0.5500000000,0.3000000000,3.0000000000,1.0000000000,104,112,103,110,104,110
3697,neighbor,False,WSD_CRITERIA_UNVERIFIED,999999999.0000000000,999999999.0000000000,0.2000000000,0.6000000000,0.4500000000,3.5000000000,1.0000000000,104,110,102,110,103,111
3698,neighbor,False,WSD_CRITERIA_UNVERIFIED,999999999.0000000000,999999999.0000000000,0.2000000000,0.5000000000,0.7500000000,3.5000000000,1.0000000000,104,111,104,112,103,110
3699,neighbor,False,WSD_CRITERIA_UNVERIFIED,999999999.0000000000,999999999.0000000000,0.2000000000,0.4500000000,0.4500000000,3.5000000000,0.8000000000,103,112,104,110,104,110
3700,neighbor,False,WSD_CRITERIA_UNVERIFIED,999999999.0000000000,999999999.0000000000,0.2000000000,0.6000000000,0.3500000000,3.0000000000,1.0000000000,103,112,104,110,103,110
3701,neighbor,False,WSD_CRITERIA_UNVERIFIED,999999999.0000000000,999999999.0000000000,0.2000000000,0.5000000000,0.3000000000,3.0000000000,1.0000000000,104,110,104,110,104,110
3702,neighbor,False,WSD_CRITERIA_UNVERIFIED,999999999.0000000000,999999999.0000000000,0.2000000000,0.5500000000,0.5000000000,3.5000000000,1.0000000000,102,110,103,112,103,110
3703,neighbor,False,WSD_CRITERIA_UNVERIFIED,999999999.0000000000,999999999.0000000000,0.2000000000,0.5000000000,0.5500000000,3.5000000000,0.9000000000,104,110,104,110,104,111
3704,neighbor,False,WSD_CRITERIA_UNVERIFIED,999999999.0000000000,999999999.0000000000,0.2000000000,0.6000000000,0.7500000000,3.5000000000,1.0000000000,104,112,103,111,104,110
3705,neighbor,False,WSD_CRITERIA_UNVERIFIED,999999999.0000000000,999999999.0000000000,0.2000000000,0.5000000000,0.6500000000,3.5000000000,1.0000000000,104,111,104,110,104,110
3706,neighbor,False,WSD_CRITERIA_UNVERIFIED,999999999.0000000000,999999999.0000000000,0.2500000000,0.5500000000,0.5000000000,3.5000000000,0.8000000000,104,111,104,112,102,111
3707,neighbor,False,WSD_CRITERIA_UNVERIFIED,999999999.0000000000,999999999.0000000000,0.2000000000,0.4500000000,0.7500000000,3.0000000000,1.0000000000,104,110,104,110,104,111
3708,neighbor,False,WSD_CRITERIA_UNVERIFIED,999999999.0000000000,999999999.0000000000,0.2000000000,0.5500000000,0.3500000000,3.5000000000,1.0000000000,102,110,104,110,103,111
3709,neighbor,False,WSD_CRITERIA_UNVERIFIED,999999999.0000000000,999999999.0000000000,0.2500000000,0.4500000000,0.6000000000,3.5000000000,0.8000000000,104,110,102,110,103,110
3710,neighbor,False,WSD_CRITERIA_UNVERIFIED,999999999.0000000000,999999999.0000000000,0.2000000000,0.6000000000,0.6500000000,3.5000000000,1.0000000000,103,110,103,110,104,112
3711,neighbor,False,WSD_CRITERIA_UNVERIFIED,999999999.0000000000,999999999.0000000000,0.2500000000,0.4500000000,0.3000000000,3.5000000000,1.0000000000,104,110,102,111,103,112
3712,neighbor,False,WSD_CRITERIA_UNVERIFIED,999999999.0000000000,999999999.0000000000,0.2000000000,0.6000000000,0.3000000000,3.5000000000,1.0000000000,104,111,102,112,104,111
3713,neighbor,False,WSD_CRITERIA_UNVERIFIED,999999999.0000000000,999999999.0000000000,0.2000000000,0.6000000000,0.5500000000,3.0000000000,0.8000000000,104,112,103,111,103,110
3714,neighbor,False,WSD_CRITERIA_UNVERIFIED,999999999.0000000000,999999999.0000000000,0.2000000000,0.5000000000,0.4500000000,3.5000000000,0.9000000000,104,110,104,110,104,110
3715,neighbor,False,WSD_CRITERIA_UNVERIFIED,999999999.0000000000,999999999.0000000000,0.2250000000,0.4500000000,0.4500000000,3.5000000000,1.0000000000,104,111,103,110,103,110
3716,neighbor,False,WSD_CRITERIA_UNVERIFIED,999999999.0000000000,999999999.0000000000,0.2000000000,0.6000000000,0.3000000000,3.5000000000,0.9000000000,104,110,102,112,103,110
3717,neighbor,False,WSD_CRITERIA_UNVERIFIED,999999999.0000000000,999999999.0000000000,0.2000000000,0.6000000000,0.5500000000,3.5000000000,1.0000000000,104,110,104,110,104,110
3718,neighbor,False,WSD_CRITERIA_UNVERIFIED,999999999.0000000000,999999999.0000000000,0.2000000000,0.5000000000,0.3500000000,3.5000000000,0.9000000000,103,111,104,110,104,110
3719,neighbor,False,WSD_CRITERIA_UNVERIFIED,999999999.0000000000,999999999.0000000000,0.2000000000,0.5000000000,0.4000000000,3.0000000000,1.0000000000,103,110,103,112,104,110
3720,neighbor,False,WSD_CRITERIA_UNVERIFIED,999999999.0000000000,999999999.0000000000,0.2000000000,0.4500000000,0.6000000000,3.5000000000,1.0000000000,104,111,104,110,103,111
3721,neighbor,False,WSD_CRITERIA_UNVERIFIED,999999999.0000000000,999999999.0000000000,0.2000000000,0.6000000000,0.6500000000,3.5000000000,1.0000000000,103,110,103,110,102,110
3722,neighbor,False,WSD_CRITERIA_UNVERIFIED,999999999.0000000000,999999999.0000000000,0.2250000000,0.6000000000,0.5000000000,3.5000000000,0.8000000000,104,110,103,110,104,112
3723,neighbor,False,WSD_CRITERIA_UNVERIFIED,999999999.0000000000,999999999.0000000000,0.2500000000,0.5500000000,0.7500000000,3.0000000000,1.0000000000,104,111,103,110,104,111
3724,neighbor,False,WSD_CRITERIA_UNVERIFIED,999999999.0000000000,999999999.0000000000,0.2250000000,0.5000000000,0.4000000000,3.5000000000,1.0000000000,104,112,104,110,102,110
3725,neighbor,False,WSD_CRITERIA_UNVERIFIED,999999999.0000000000,999999999.0000000000,0.2250000000,0.6000000000,0.7000000000,3.5000000000,1.0000000000,104,111,102,110,103,111
3726,neighbor,False,WSD_CRITERIA_UNVERIFIED,999999999.0000000000,999999999.0000000000,0.2000000000,0.4500000000,0.7500000000,3.5000000000,1.0000000000,102,112,104,110,103,110
3727,neighbor,False,WSD_CRITERIA_UNVERIFIED,999999999.0000000000,999999999.0000000000,0.2000000000,0.4500000000,0.7500000000,3.5000000000,1.0000000000,102,111,104,111,104,111
3728,neighbor,False,WSD_CRITERIA_UNVERIFIED,999999999.0000000000,999999999.0000000000,0.2500000000,0.6000000000,0.4000000000,3.0000000000,0.8000000000,103,110,104,110,103,112
3729,neighbor,False,WSD_CRITERIA_UNVERIFIED,999999999.0000000000,999999999.0000000000,0.2250000000,0.6000000000,0.6000000000,3.0000000000,0.8000000000,104,111,102,110,104,111
3730,neighbor,False,WSD_CRITERIA_UNVERIFIED,999999999.0000000000,999999999.0000000000,0.2000000000,0.6000000000,0.7000000000,3.0000000000,0.9000000000,104,112,104,110,103,110
3731,neighbor,False,WSD_CRITERIA_UNVERIFIED,999999999.0000000000,999999999.0000000000,0.2000000000,0.5000000000,0.3500000000,3.5000000000,0.8000000000,104,111,104,110,102,111
3732,neighbor,False,WSD_CRITERIA_UNVERIFIED,999999999.0000000000,999999999.0000000000,0.2000000000,0.5000000000,0.5500000000,3.0000000000,0.9000000000,103,110,102,110,104,110
3733,neighbor,False,WSD_CRITERIA_UNVERIFIED,999999999.0000000000,999999999.0000000000,0.2000000000,0.5000000000,0.3000000000,3.5000000000,1.0000000000,104,111,103,110,103,111
3734,neighbor,False,WSD_CRITERIA_UNVERIFIED,999999999.0000000000,999999999.0000000000,0.2500000000,0.4500000000,0.6500000000,3.5000000000,0.8000000000,103,110,104,110,104,110
3735,neighbor,False,WSD_CRITERIA_UNVERIFIED,999999999.0000000000,999999999.0000000000,0.2250000000,0.5500000000,0.4000000000,3.5000000000,0.9000000000,103,110,104,111,104,110
3736,neighbor,False,WSD_CRITERIA_UNVERIFIED,999999999.0000000000,999999999.0000000000,0.2250000000,0.4500000000,0.7500000000,3.5000000000,1.0000000000,104,111,104,110,104,110
3737,neighbor,False,WSD_CRITERIA_UNVERIFIED,999999999.0000000000,999999999.0000000000,0.2250000000,0.4500000000,0.4500000000,3.5000000000,0.9000000000,104,110,103,112,104,110
3738,neighbor,False,WSD_CRITERIA_UNVERIFIED,999999999.0000000000,999999999.0000000000,0.2250000000,0.5500000000,0.3000000000,3.0000000000,1.0000000000,102,111,104,110,104,111
3739,neighbor,False,WSD_CRITERIA_UNVERIFIED,999999999.0000000000,999999999.0000000000,0.2000000000,0.4500000000,0.3500000000,3.5000000000,0.8000000000,103,111,103,111,103,110
3740,neighbor,False,WSD_CRITERIA_UNVERIFIED,999999999.0000000000,999999999.0000000000,0.2000000000,0.6000000000,0.3000000000,3.5000000000,0.8000000000,104,110,104,110,104,112
3741,neighbor,False,WSD_CRITERIA_UNVERIFIED,999999999.0000000000,999999999.0000000000,0.2000000000,0.6000000000,0.6500000000,3.5000000000,0.9000000000,104,110,104,110,104,110
3742,neighbor,False,WSD_CRITERIA_UNVERIFIED,999999999.0000000000,999999999.0000000000,0.2000000000,0.6000000000,0.7000000000,3.0000000000,1.0000000000,104,110,104,110,104,110
3743,neighbor,False,WSD_CRITERIA_UNVERIFIED,999999999.0000000000,999999999.0000000000,0.2250000000,0.6000000000,0.5000000000,3.5000000000,1.0000000000,104,110,104,110,104,110
3744,neighbor,False,WSD_CRITERIA_UNVERIFIED,999999999.0000000000,999999999.0000000000,0.2250000000,0.6000000000,0.4500000000,3.5000000000,0.8000000000,104,112,104,112,103,112
3745,neighbor,False,WSD_CRITERIA_UNVERIFIED,999999999.0000000000,999999999.0000000000,0.2500000000,0.6000000000,0.6000000000,3.0000000000,1.0000000000,103,110,103,110,104,110
3746,neighbor,False,WSD_CRITERIA_UNVERIFIED,999999999.0000000000,999999999.0000000000,0.2000000000,0.6000000000,0.6000000000,3.5000000000,0.8000000000,104,112,104,110,104,110
3747,neighbor,False,WSD_CRITERIA_UNVERIFIED,999999999.0000000000,999999999.0000000000,0.2000000000,0.5000000000,0.6500000000,3.5000000000,1.0000000000,104,110,104,111,104,110
3748,neighbor,False,WSD_CRITERIA_UNVERIFIED,999999999.0000000000,999999999.0000000000,0.2000000000,0.4500000000,0.7500000000,3.0000000000,1.0000000000,102,111,103,110,104,112
3749,neighbor,False,WSD_CRITERIA_UNVERIFIED,999999999.0000000000,999999999.0000000000,0.2250000000,0.5500000000,0.4000000000,3.0000000000,1.0000000000,102,112,104,110,103,112
3750,neighbor,False,WSD_CRITERIA_UNVERIFIED,999999999.0000000000,999999999.0000000000,0.2500000000,0.5000000000,0.4500000000,3.5000000000,0.8000000000,104,110,104,110,104,110
3751,neighbor,False,WSD_CRITERIA_UNVERIFIED,999999999.0000000000,999999999.0000000000,0.2000000000,0.4500000000,0.3000000000,3.0000000000,1.0000000000,103,110,104,112,104,110
3752,neighbor,False,WSD_CRITERIA_UNVERIFIED,999999999.0000000000,999999999.0000000000,0.2000000000,0.6000000000,0.6000000000,3.5000000000,0.8000000000,104,110,103,111,104,110
3753,neighbor,False,WSD_CRITERIA_UNVERIFIED,999999999.0000000000,999999999.0000000000,0.2000000000,0.4500000000,0.5000000000,3.5000000000,1.0000000000,103,111,103,110,104,110
3754,neighbor,False,CONCRETE_OR_STEEL_STRESS,999999999.0000000000,999999999.0000000000,0.2250000000,0.4500000000,0.3500000000,3.5000000000,0.9000000000,102,112,103,110,103,110
3755,neighbor,False,WSD_CRITERIA_UNVERIFIED,999999999.0000000000,999999999.0000000000,0.2000000000,0.6000000000,0.6000000000,3.5000000000,1.0000000000,102,110,102,111,103,112
3756,neighbor,False,WSD_CRITERIA_UNVERIFIED,999999999.0000000000,999999999.0000000000,0.2000000000,0.4500000000,0.7500000000,3.5000000000,1.0000000000,102,110,104,110,103,110
3757,neighbor,False,WSD_CRITERIA_UNVERIFIED,999999999.0000000000,999999999.0000000000,0.2500000000,0.6000000000,0.7500000000,3.5000000000,1.0000000000,104,112,104,110,102,111
3758,neighbor,False,WSD_CRITERIA_UNVERIFIED,999999999.0000000000,999999999.0000000000,0.2250000000,0.4500000000,0.6500000000,3.5000000000,1.0000000000,104,110,104,110,104,110
3759,neighbor,False,WSD_CRITERIA_UNVERIFIED,999999999.0000000000,999999999.0000000000,0.2000000000,0.4500000000,0.5500000000,3.5000000000,0.9000000000,104,110,103,110,104,111
3760,neighbor,False,WSD_CRITERIA_UNVERIFIED,999999999.0000000000,999999999.0000000000,0.2000000000,0.4500000000,0.4500000000,3.0000000000,0.8000000000,104,111,103,110,104,110
3761,neighbor,False,WSD_CRITERIA_UNVERIFIED,999999999.0000000000,999999999.0000000000,0.2000000000,0.4500000000,0.7000000000,3.5000000000,0.9000000000,104,112,103,110,104,112
3762,neighbor,False,WSD_CRITERIA_UNVERIFIED,999999999.0000000000,999999999.0000000000,0.2000000000,0.6000000000,0.3000000000,3.0000000000,0.9000000000,103,112,103,110,102,110
3763,neighbor,False,WSD_CRITERIA_UNVERIFIED,999999999.0000000000,999999999.0000000000,0.2000000000,0.4500000000,0.5000000000,3.5000000000,0.8000000000,102,110,102,110,103,110
3764,neighbor,False,WSD_CRITERIA_UNVERIFIED,999999999.0000000000,999999999.0000000000,0.2000000000,0.6000000000,0.7000000000,3.5000000000,1.0000000000,104,110,102,111,104,110
3765,neighbor,False,WSD_CRITERIA_UNVERIFIED,999999999.0000000000,999999999.0000000000,0.2000000000,0.5500000000,0.5500000000,3.5000000000,1.0000000000,104,112,104,112,102,110
3766,neighbor,False,WSD_CRITERIA_UNVERIFIED,999999999.0000000000,999999999.0000000000,0.2500000000,0.5000000000,0.5500000000,3.5000000000,1.0000000000,104,110,104,110,104,112
3767,neighbor,False,WSD_CRITERIA_UNVERIFIED,999999999.0000000000,999999999.0000000000,0.2250000000,0.5500000000,0.3000000000,3.5000000000,0.9000000000,104,110,104,110,104,112
3768,neighbor,False,WSD_CRITERIA_UNVERIFIED,999999999.0000000000,999999999.0000000000,0.2000000000,0.6000000000,0.7000000000,3.5000000000,0.8000000000,104,110,104,112,104,111
3769,neighbor,False,WSD_CRITERIA_UNVERIFIED,999999999.0000000000,999999999.0000000000,0.2000000000,0.4500000000,0.7000000000,3.5000000000,1.0000000000,104,112,104,112,102,111
3770,neighbor,False,WSD_CRITERIA_UNVERIFIED,999999999.0000000000,999999999.0000000000,0.2500000000,0.6000000000,0.6500000000,3.5000000000,1.0000000000,103,111,103,110,104,110
3771,neighbor,False,WSD_CRITERIA_UNVERIFIED,999999999.0000000000,999999999.0000000000,0.2000000000,0.6000000000,0.3000000000,3.0000000000,0.9000000000,104,110,104,110,104,110
3772,neighbor,False,WSD_CRITERIA_UNVERIFIED,999999999.0000000000,999999999.0000000000,0.2000000000,0.5000000000,0.6500000000,3.0000000000,0.8000000000,102,110,104,112,102,110
3773,neighbor,False,WSD_CRITERIA_UNVERIFIED,999999999.0000000000,999999999.0000000000,0.2000000000,0.4500000000,0.3000000000,3.5000000000,0.8000000000,103,110,103,110,104,110
3774,neighbor,False,WSD_CRITERIA_UNVERIFIED,999999999.0000000000,999999999.0000000000,0.2250000000,0.5000000000,0.4500000000,3.0000000000,0.8000000000,104,110,104,110,104,110
3775,neighbor,False,WSD_CRITERIA_UNVERIFIED,999999999.0000000000,999999999.0000000000,0.2000000000,0.5500000000,0.5500000000,3.5000000000,0.9000000000,104,110,104,112,104,111
3776,neighbor,False,WSD_CRITERIA_UNVERIFIED,999999999.0000000000,999999999.0000000000,0.2250000000,0.5500000000,0.6500000000,3.5000000000,1.0000000000,103,110,102,110,103,110
3777,neighbor,False,WSD_CRITERIA_UNVERIFIED,999999999.0000000000,999999999.0000000000,0.2500000000,0.6000000000,0.6000000000,3.5000000000,1.0000000000,102,110,104,110,104,112
3778,neighbor,False,WSD_CRITERIA_UNVERIFIED,999999999.0000000000,999999999.0000000000,0.2250000000,0.6000000000,0.3000000000,3.5000000000,1.0000000000,104,112,104,110,104,112
3779,neighbor,False,WSD_CRITERIA_UNVERIFIED,999999999.0000000000,999999999.0000000000,0.2000000000,0.6000000000,0.7000000000,3.0000000000,0.8000000000,104,110,102,110,104,111
3780,neighbor,False,WSD_CRITERIA_UNVERIFIED,999999999.0000000000,999999999.0000000000,0.2000000000,0.5000000000,0.3000000000,3.5000000000,1.0000000000,104,111,104,111,104,110
3781,neighbor,False,WSD_CRITERIA_UNVERIFIED,999999999.0000000000,999999999.0000000000,0.2000000000,0.5500000000,0.3000000000,3.5000000000,0.9000000000,104,110,104,110,104,110
3782,neighbor,False,WSD_CRITERIA_UNVERIFIED,999999999.0000000000,999999999.0000000000,0.2500000000,0.5000000000,0.3000000000,3.5000000000,0.9000000000,103,112,104,111,104,111
3783,neighbor,False,WSD_CRITERIA_UNVERIFIED,999999999.0000000000,999999999.0000000000,0.2500000000,0.4500000000,0.5000000000,3.5000000000,0.9000000000,103,110,104,110,102,110
3784,neighbor,False,WSD_CRITERIA_UNVERIFIED,999999999.0000000000,999999999.0000000000,0.2000000000,0.6000000000,0.3000000000,3.0000000000,0.8000000000,104,112,104,110,104,110
3785,neighbor,False,WSD_CRITERIA_UNVERIFIED,999999999.0000000000,999999999.0000000000,0.2000000000,0.6000000000,0.6000000000,3.5000000000,1.0000000000,102,110,104,112,102,110
3786,neighbor,False,WSD_CRITERIA_UNVERIFIED,999999999.0000000000,999999999.0000000000,0.2000000000,0.5500000000,0.4500000000,3.5000000000,0.8000000000,102,110,104,110,104,111
3787,neighbor,False,WSD_CRITERIA_UNVERIFIED,999999999.0000000000,999999999.0000000000,0.2250000000,0.4500000000,0.6000000000,3.5000000000,1.0000000000,104,110,102,111,104,110
3788,neighbor,False,WSD_CRITERIA_UNVERIFIED,999999999.0000000000,999999999.0000000000,0.2250000000,0.4500000000,0.5000000000,3.5000000000,1.0000000000,103,110,103,110,104,112
3789,neighbor,False,WSD_CRITERIA_UNVERIFIED,999999999.0000000000,999999999.0000000000,0.2500000000,0.4500000000,0.3000000000,3.0000000000,0.9000000000,104,110,102,112,104,110
3790,neighbor,False,WSD_CRITERIA_UNVERIFIED,999999999.0000000000,999999999.0000000000,0.2000000000,0.6000000000,0.6000000000,3.5000000000,0.8000000000,102,110,104,110,102,111
3791,neighbor,False,WSD_CRITERIA_UNVERIFIED,999999999.0000000000,999999999.0000000000,0.2000000000,0.5500000000,0.3000000000,3.5000000000,1.0000000000,103,110,103,111,103,112
3792,neighbor,False,WSD_CRITERIA_UNVERIFIED,999999999.0000000000,999999999.0000000000,0.2500000000,0.5000000000,0.7000000000,3.5000000000,0.9000000000,102,110,103,112,102,112
3793,neighbor,False,CONCRETE_OR_STEEL_STRESS,999999999.0000000000,999999999.0000000000,0.2000000000,0.4500000000,0.3000000000,3.5000000000,0.9000000000,102,112,102,110,104,110
3794,neighbor,False,WSD_CRITERIA_UNVERIFIED,999999999.0000000000,999999999.0000000000,0.2000000000,0.6000000000,0.5500000000,3.5000000000,1.0000000000,103,112,103,112,104,112
3795,neighbor,False,WSD_CRITERIA_UNVERIFIED,999999999.0000000000,999999999.0000000000,0.2000000000,0.6000000000,0.7000000000,3.0000000000,0.9000000000,104,110,103,110,104,110
3796,neighbor,False,WSD_CRITERIA_UNVERIFIED,999999999.0000000000,999999999.0000000000,0.2000000000,0.4500000000,0.7500000000,3.0000000000,1.0000000000,104,111,104,110,104,110
3797,neighbor,False,WSD_CRITERIA_UNVERIFIED,999999999.0000000000,999999999.0000000000,0.2000000000,0.4500000000,0.5000000000,3.0000000000,1.0000000000,102,110,104,110,103,110
3798,neighbor,False,WSD_CRITERIA_UNVERIFIED,999999999.0000000000,999999999.0000000000,0.2000000000,0.6000000000,0.3000000000,3.0000000000,0.8000000000,104,110,104,110,103,110
3799,neighbor,False,WSD_CRITERIA_UNVERIFIED,999999999.0000000000,999999999.0000000000,0.2000000000,0.6000000000,0.3000000000,3.5000000000,0.8000000000,104,110,104,112,104,112
3800,neighbor,False,WSD_CRITERIA_UNVERIFIED,999999999.0000000000,999999999.0000000000,0.2000000000,0.4500000000,0.3000000000,3.5000000000,0.8000000000,104,110,104,111,104,110
3801,neighbor,False,WSD_CRITERIA_UNVERIFIED,999999999.0000000000,999999999.0000000000,0.2000000000,0.6000000000,0.4500000000,3.5000000000,1.0000000000,102,110,104,110,104,112
3802,neighbor,False,WSD_CRITERIA_UNVERIFIED,999999999.0000000000,999999999.0000000000,0.2000000000,0.6000000000,0.4500000000,3.0000000000,0.9000000000,103,112,102,110,102,111
3803,neighbor,False,WSD_CRITERIA_UNVERIFIED,999999999.0000000000,999999999.0000000000,0.2000000000,0.6000000000,0.7500000000,3.5000000000,1.0000000000,104,110,104,110,104,110
3804,neighbor,False,WSD_CRITERIA_UNVERIFIED,999999999.0000000000,999999999.0000000000,0.2000000000,0.5500000000,0.4500000000,3.5000000000,1.0000000000,104,112,102,110,104,111
3805,neighbor,False,WSD_CRITERIA_UNVERIFIED,999999999.0000000000,999999999.0000000000,0.2000000000,0.5000000000,0.4500000000,3.5000000000,0.8000000000,104,110,104,110,104,110
3806,neighbor,False,WSD_CRITERIA_UNVERIFIED,999999999.0000000000,999999999.0000000000,0.2250000000,0.4500000000,0.6000000000,3.5000000000,1.0000000000,103,110,102,110,104,110
3807,neighbor,False,WSD_CRITERIA_UNVERIFIED,999999999.0000000000,999999999.0000000000,0.2250000000,0.5000000000,0.5500000000,3.5000000000,0.8000000000,104,110,104,111,104,110
3808,neighbor,False,WSD_CRITERIA_UNVERIFIED,999999999.0000000000,999999999.0000000000,0.2000000000,0.5000000000,0.6000000000,3.5000000000,1.0000000000,104,110,103,110,102,111
3809,neighbor,False,WSD_CRITERIA_UNVERIFIED,999999999.0000000000,999999999.0000000000,0.2000000000,0.5500000000,0.7500000000,3.0000000000,1.0000000000,104,112,104,110,104,110
3810,neighbor,False,WSD_CRITERIA_UNVERIFIED,999999999.0000000000,999999999.0000000000,0.2500000000,0.6000000000,0.6000000000,3.5000000000,0.8000000000,102,110,104,111,104,112
3811,neighbor,False,WSD_CRITERIA_UNVERIFIED,999999999.0000000000,999999999.0000000000,0.2000000000,0.4500000000,0.4000000000,3.0000000000,0.9000000000,104,110,104,110,104,110
3812,neighbor,False,WSD_CRITERIA_UNVERIFIED,999999999.0000000000,999999999.0000000000,0.2000000000,0.5500000000,0.5500000000,3.5000000000,1.0000000000,104,110,104,112,104,110
3813,neighbor,False,WSD_CRITERIA_UNVERIFIED,999999999.0000000000,999999999.0000000000,0.2000000000,0.4500000000,0.6000000000,3.0000000000,1.0000000000,102,110,102,110,104,110
3814,neighbor,False,WSD_CRITERIA_UNVERIFIED,999999999.0000000000,999999999.0000000000,0.2000000000,0.6000000000,0.6000000000,3.0000000000,0.9000000000,104,110,104,110,104,111
3815,neighbor,False,WSD_CRITERIA_UNVERIFIED,999999999.0000000000,999999999.0000000000,0.2500000000,0.5000000000,0.5500000000,3.5000000000,1.0000000000,102,112,102,110,102,110
3816,neighbor,False,WSD_CRITERIA_UNVERIFIED,999999999.0000000000,999999999.0000000000,0.2000000000,0.5500000000,0.6000000000,3.5000000000,0.9000000000,104,110,103,110,104,110
3817,neighbor,False,WSD_CRITERIA_UNVERIFIED,999999999.0000000000,999999999.0000000000,0.2000000000,0.4500000000,0.5500000000,3.5000000000,1.0000000000,102,110,104,110,102,112
3818,neighbor,False,WSD_CRITERIA_UNVERIFIED,999999999.0000000000,999999999.0000000000,0.2000000000,0.6000000000,0.7500000000,3.0000000000,0.9000000000,104,110,104,112,102,110
3819,neighbor,False,WSD_CRITERIA_UNVERIFIED,999999999.0000000000,999999999.0000000000,0.2000000000,0.5500000000,0.5500000000,3.5000000000,1.0000000000,104,110,104,110,103,110
3820,reset,False,CONCRETE_OR_STEEL_STRESS,999999999.0000000000,999999999.0000000000,0.2000000000,0.2500000000,0.6000000000,3.5000000000,1.0000000000,104,110,104,110,104,110
3821,neighbor,False,WSD_CRITERIA_UNVERIFIED,999999999.0000000000,999999999.0000000000,0.2500000000,0.3000000000,0.4000000000,3.5000000000,0.9000000000,102,110,103,111,103,110
3822,neighbor,False,WSD_CRITERIA_UNVERIFIED,999999999.0000000000,999999999.0000000000,0.2250000000,0.2500000000,0.7500000000,3.0000000000,1.0000000000,104,110,103,110,102,112
3823,neighbor,False,WSD_CRITERIA_UNVERIFIED,999999999.0000000000,999999999.0000000000,0.2000000000,0.3500000000,0.7000000000,3.5000000000,1.0000000000,104,112,102,111,104,110
3824,neighbor,False,CONCRETE_OR_STEEL_STRESS,999999999.0000000000,999999999.0000000000,0.2000000000,0.2000000000,0.6000000000,3.5000000000,0.9000000000,104,110,104,110,104,110
3825,neighbor,False,WSD_CRITERIA_UNVERIFIED,999999999.0000000000,999999999.0000000000,0.2500000000,0.2500000000,0.7500000000,3.5000000000,1.0000000000,104,110,102,111,104,111
3826,neighbor,False,CONCRETE_OR_STEEL_STRESS,999999999.0000000000,999999999.0000000000,0.2000000000,0.2000000000,0.7000000000,3.5000000000,1.0000000000,102,112,104,110,104,112
3827,neighbor,False,CONCRETE_OR_STEEL_STRESS,999999999.0000000000,999999999.0000000000,0.2000000000,0.2500000000,0.7500000000,3.5000000000,0.9000000000,104,111,104,111,102,112
3828,neighbor,False,CONCRETE_OR_STEEL_STRESS,999999999.0000000000,999999999.0000000000,0.2000000000,0.2500000000,0.6500000000,3.0000000000,0.8000000000,104,112,104,111,102,111
3829,neighbor,False,CONCRETE_OR_STEEL_STRESS,999999999.0000000000,999999999.0000000000,0.2000000000,0.2000000000,0.4000000000,3.0000000000,1.0000000000,104,111,103,110,104,111
3830,neighbor,False,WSD_CRITERIA_UNVERIFIED,999999999.0000000000,999999999.0000000000,0.2500000000,0.3500000000,0.3500000000,3.5000000000,0.9000000000,104,110,104,112,104,110
3831,neighbor,False,CONCRETE_OR_STEEL_STRESS,999999999.0000000000,999999999.0000000000,0.2000000000,0.2500000000,0.6500000000,3.5000000000,0.9000000000,104,111,104,110,104,110
3832,neighbor,False,CONCRETE_OR_STEEL_STRESS,999999999.0000000000,999999999.0000000000,0.2000000000,0.2000000000,0.6500000000,3.5000000000,1.0000000000,103,110,104,110,104,110
3833,neighbor,False,CONCRETE_OR_STEEL_STRESS,999999999.0000000000,999999999.0000000000,0.2000000000,0.2000000000,0.3500000000,3.5000000000,0.8000000000,104,110,102,110,104,110
3834,neighbor,False,CONCRETE_OR_STEEL_STRESS,999999999.0000000000,999999999.0000000000,0.2000000000,0.2000000000,0.7500000000,3.5000000000,0.9000000000,103,110,104,111,104,111
3835,neighbor,False,CONCRETE_OR_STEEL_STRESS,999999999.0000000000,999999999.0000000000,0.2000000000,0.2000000000,0.7500000000,3.5000000000,1.0000000000,102,110,104,110,102,110
3836,neighbor,False,WSD_CRITERIA_UNVERIFIED,999999999.0000000000,999999999.0000000000,0.2500000000,0.3500000000,0.7500000000,3.5000000000,0.8000000000,103,111,104,110,104,112
3837,neighbor,False,WSD_CRITERIA_UNVERIFIED,999999999.0000000000,999999999.0000000000,0.2000000000,0.3000000000,0.5500000000,3.0000000000,0.9000000000,104,111,104,110,102,111
3838,neighbor,False,WSD_CRITERIA_UNVERIFIED,999999999.0000000000,999999999.0000000000,0.2250000000,0.3500000000,0.7000000000,3.0000000000,0.8000000000,104,110,102,110,103,111
3839,neighbor,False,CONCRETE_OR_STEEL_STRESS,999999999.0000000000,999999999.0000000000,0.2000000000,0.2500000000,0.4500000000,3.5000000000,0.9000000000,102,111,104,110,104,110
3840,neighbor,False,CONCRETE_OR_STEEL_STRESS,999999999.0000000000,999999999.0000000000,0.2000000000,0.2000000000,0.7500000000,3.5000000000,0.8000000000,103,110,104,110,104,110
3841,neighbor,False,WSD_CRITERIA_UNVERIFIED,999999999.0000000000,999999999.0000000000,0.2000000000,0.2500000000,0.7500000000,3.5000000000,0.9000000000,104,110,104,110,104,112
3842,neighbor,False,CONCRETE_OR_STEEL_STRESS,999999999.0000000000,999999999.0000000000,0.2000000000,0.2000000000,0.7000000000,3.5000000000,1.0000000000,104,110,103,110,103,112
3843,neighbor,False,WSD_CRITERIA_UNVERIFIED,999999999.0000000000,999999999.0000000000,0.2250000000,0.3500000000,0.7000000000,3.5000000000,0.8000000000,104,110,102,110,104,111
3844,neighbor,False,CONCRETE_OR_STEEL_STRESS,999999999.0000000000,999999999.0000000000,0.2000000000,0.2000000000,0.3500000000,3.5000000000,1.0000000000,104,110,102,111,104,110
3845,neighbor,False,CONCRETE_OR_STEEL_STRESS,999999999.0000000000,999999999.0000000000,0.2000000000,0.2000000000,0.4000000000,3.0000000000,1.0000000000,104,112,102,112,104,110
3846,neighbor,False,CONCRETE_OR_STEEL_STRESS,999999999.0000000000,999999999.0000000000,0.2250000000,0.2500000000,0.6500000000,3.0000000000,1.0000000000,103,110,104,111,103,110
3847,neighbor,False,CONCRETE_OR_STEEL_STRESS,999999999.0000000000,999999999.0000000000,0.2000000000,0.2000000000,0.4500000000,3.5000000000,1.0000000000,103,110,104,110,102,110
3848,neighbor,False,CONCRETE_OR_STEEL_STRESS,999999999.0000000000,999999999.0000000000,0.2000000000,0.2000000000,0.7000000000,3.5000000000,1.0000000000,103,111,104,112,104,111
3849,neighbor,False,CONCRETE_OR_STEEL_STRESS,999999999.0000000000,999999999.0000000000,0.2000000000,0.2000000000,0.7500000000,3.5000000000,0.9000000000,104,112,104,110,104,111
3850,neighbor,False,CONCRETE_OR_STEEL_STRESS,999999999.0000000000,999999999.0000000000,0.2000000000,0.2000000000,0.4000000000,3.5000000000,0.9000000000,104,110,102,110,103,110
3851,neighbor,False,WSD_CRITERIA_UNVERIFIED,999999999.0000000000,999999999.0000000000,0.2000000000,0.3000000000,0.7500000000,3.5000000000,1.0000000000,104,110,103,111,103,112
3852,neighbor,False,CONCRETE_OR_STEEL_STRESS,999999999.0000000000,999999999.0000000000,0.2000000000,0.2500000000,0.5000000000,3.0000000000,1.0000000000,104,110,103,110,104,110
3853,neighbor,False,CONCRETE_OR_STEEL_STRESS,999999999.0000000000,999999999.0000000000,0.2000000000,0.2500000000,0.6500000000,3.5000000000,1.0000000000,102,111,104,110,104,110
3854,neighbor,False,CONCRETE_OR_STEEL_STRESS,999999999.0000000000,999999999.0000000000,0.2000000000,0.2500000000,0.3500000000,3.0000000000,1.0000000000,102,112,104,112,103,110
3855,neighbor,False,CONCRETE_OR_STEEL_STRESS,999999999.0000000000,999999999.0000000000,0.2000000000,0.2500000000,0.7500000000,3.5000000000,0.8000000000,104,112,103,112,103,110
3856,neighbor,False,CONCRETE_OR_STEEL_STRESS,999999999.0000000000,999999999.0000000000,0.2000000000,0.2000000000,0.7500000000,3.0000000000,0.9000000000,104,110,104,110,104,111
3857,neighbor,False,CONCRETE_OR_STEEL_STRESS,999999999.0000000000,999999999.0000000000,0.2000000000,0.2000000000,0.4000000000,3.5000000000,1.0000000000,103,111,104,110,102,110
3858,neighbor,False,CONCRETE_OR_STEEL_STRESS,999999999.0000000000,999999999.0000000000,0.2000000000,0.2000000000,0.4000000000,3.0000000000,0.9000000000,104,110,104,110,102,111
3859,neighbor,False,WSD_CRITERIA_UNVERIFIED,999999999.0000000000,999999999.0000000000,0.2000000000,0.3000000000,0.5500000000,3.5000000000,0.8000000000,104,111,104,110,103,110
3860,neighbor,False,CONCRETE_OR_STEEL_STRESS,999999999.0000000000,999999999.0000000000,0.2250000000,0.2500000000,0.6500000000,3.0000000000,1.0000000000,103,110,104,110,104,110
3861,neighbor,False,CONCRETE_OR_STEEL_STRESS,999999999.0000000000,999999999.0000000000,0.2000000000,0.2000000000,0.6500000000,3.5000000000,1.0000000000,104,111,102,111,102,110
3862,neighbor,False,WSD_CRITERIA_UNVERIFIED,999999999.0000000000,999999999.0000000000,0.2000000000,0.3500000000,0.4500000000,3.0000000000,0.8000000000,104,112,104,112,102,110
3863,neighbor,False,WSD_CRITERIA_UNVERIFIED,999999999.0000000000,999999999.0000000000,0.2500000000,0.3000000000,0.7500000000,3.5000000000,0.9000000000,104,112,104,110,104,112
3864,neighbor,False,WSD_CRITERIA_UNVERIFIED,999999999.0000000000,999999999.0000000000,0.2250000000,0.3500000000,0.7000000000,3.5000000000,0.9000000000,104,110,102,111,102,110
3865,neighbor,False,CONCRETE_OR_STEEL_STRESS,999999999.0000000000,999999999.0000000000,0.2000000000,0.2000000000,0.5500000000,3.5000000000,1.0000000000,102,110,104,112,102,112
3866,neighbor,False,WSD_CRITERIA_UNVERIFIED,999999999.0000000000,999999999.0000000000,0.2000000000,0.3000000000,0.6500000000,3.0000000000,1.0000000000,104,111,104,111,103,110
3867,neighbor,False,CONCRETE_OR_STEEL_STRESS,999999999.0000000000,999999999.0000000000,0.2500000000,0.2500000000,0.7500000000,3.0000000000,0.8000000000,102,110,102,112,104,110
3868,neighbor,False,WSD_CRITERIA_UNVERIFIED,999999999.0000000000,999999999.0000000000,0.2000000000,0.3500000000,0.7500000000,3.5000000000,0.8000000000,104,110,104,110,103,110
3869,neighbor,False,CONCRETE_OR_STEEL_STRESS,999999999.0000000000,999999999.0000000000,0.2000000000,0.2500000000,0.7500000000,3.0000000000,0.8000000000,104,111,104,112,104,110
3870,neighbor,False,CONCRETE_OR_STEEL_STRESS,999999999.0000000000,999999999.0000000000,0.2500000000,0.2500000000,0.7000000000,3.5000000000,1.0000000000,104,111,104,110,104,112
3871,neighbor,False,CONCRETE_OR_STEEL_STRESS,999999999.0000000000,999999999.0000000000,0.2000000000,0.2500000000,0.4000000000,3.5000000000,0.9000000000,103,110,104,110,104,110
3872,neighbor,False,WSD_CRITERIA_UNVERIFIED,999999999.0000000000,999999999.0000000000,0.2000000000,0.3000000000,0.7500000000,3.0000000000,0.9000000000,104,110,103,110,104,112
3873,neighbor,False,CONCRETE_OR_STEEL_STRESS,999999999.0000000000,999999999.0000000000,0.2500000000,0.2500000000,0.5000000000,3.0000000000,1.0000000000,104,110,104,110,103,112
3874,neighbor,False,WSD_CRITERIA_UNVERIFIED,999999999.0000000000,999999999.0000000000,0.2000000000,0.2500000000,0.7500000000,3.5000000000,1.0000000000,103,110,103,110,102,110
3875,neighbor,False,WSD_CRITERIA_UNVERIFIED,999999999.0000000000,999999999.0000000000,0.2000000000,0.3500000000,0.3500000000,3.5000000000,1.0000000000,104,112,102,112,102,111
3876,neighbor,False,CONCRETE_OR_STEEL_STRESS,999999999.0000000000,999999999.0000000000,0.2000000000,0.2000000000,0.5500000000,3.5000000000,1.0000000000,104,110,104,110,103,110
3877,neighbor,False,WSD_CRITERIA_UNVERIFIED,999999999.0000000000,999999999.0000000000,0.2000000000,0.3000000000,0.6000000000,3.5000000000,1.0000000000,104,111,103,110,104,112
3878,neighbor,False,CONCRETE_OR_STEEL_STRESS,999999999.0000000000,999999999.0000000000,0.2250000000,0.2500000000,0.7500000000,3.0000000000,0.8000000000,103,111,104,110,104,110
3879,neighbor,False,WSD_CRITERIA_UNVERIFIED,999999999.0000000000,999999999.0000000000,0.2000000000,0.3000000000,0.7500000000,3.5000000000,0.8000000000,104,110,104,110,104,110
3880,neighbor,False,WSD_CRITERIA_UNVERIFIED,999999999.0000000000,999999999.0000000000,0.2000000000,0.3000000000,0.7500000000,3.0000000000,0.8000000000,102,110,104,110,102,112
3881,neighbor,False,CONCRETE_OR_STEEL_STRESS,999999999.0000000000,999999999.0000000000,0.2000000000,0.2000000000,0.4000000000,3.5000000000,0.9000000000,103,112,103,110,103,110
3882,neighbor,False,CONCRETE_OR_STEEL_STRESS,999999999.0000000000,999999999.0000000000,0.2000000000,0.2000000000,0.3500000000,3.5000000000,0.8000000000,102,110,103,111,104,111
3883,neighbor,False,CONCRETE_OR_STEEL_STRESS,999999999.0000000000,999999999.0000000000,0.2000000000,0.2000000000,0.7000000000,3.5000000000,1.0000000000,103,111,104,110,104,110
3884,neighbor,False,CONCRETE_OR_STEEL_STRESS,999999999.0000000000,999999999.0000000000,0.2000000000,0.2000000000,0.7500000000,3.5000000000,1.0000000000,103,112,104,110,103,110
3885,neighbor,False,CONCRETE_OR_STEEL_STRESS,999999999.0000000000,999999999.0000000000,0.2000000000,0.2000000000,0.5000000000,3.5000000000,1.0000000000,103,110,104,111,103,112
3886,neighbor,False,WSD_CRITERIA_UNVERIFIED,999999999.0000000000,999999999.0000000000,0.2000000000,0.3000000000,0.7000000000,3.5000000000,1.0000000000,104,111,102,110,104,111
3887,neighbor,False,CONCRETE_OR_STEEL_STRESS,999999999.0000000000,999999999.0000000000,0.2000000000,0.2000000000,0.6000000000,3.5000000000,0.9000000000,104,110,104,112,104,111
3888,neighbor,False,WSD_CRITERIA_UNVERIFIED,999999999.0000000000,999999999.0000000000,0.2000000000,0.3500000000,0.6500000000,3.5000000000,0.8000000000,104,110,104,110,104,112
3889,neighbor,False,WSD_CRITERIA_UNVERIFIED,999999999.0000000000,999999999.0000000000,0.2000000000,0.3000000000,0.6500000000,3.5000000000,0.9000000000,104,110,102,110,102,112
3890,neighbor,False,CONCRETE_OR_STEEL_STRESS,999999999.0000000000,999999999.0000000000,0.2000000000,0.3000000000,0.4500000000,3.0000000000,0.8000000000,103,112,104,110,104,111
3891,neighbor,False,CONCRETE_OR_STEEL_STRESS,999999999.0000000000,999999999.0000000000,0.2000000000,0.2000000000,0.5000000000,3.0000000000,1.0000000000,102,112,102,112,104,110
3892,neighbor,False,CONCRETE_OR_STEEL_STRESS,999999999.0000000000,999999999.0000000000,0.2000000000,0.2000000000,0.7000000000,3.0000000000,1.0000000000,102,110,103,111,103,110
3893,neighbor,False,WSD_CRITERIA_UNVERIFIED,999999999.0000000000,999999999.0000000000,0.2000000000,0.3000000000,0.7500000000,3.5000000000,0.9000000000,102,110,104,112,104,110
3894,neighbor,False,CONCRETE_OR_STEEL_STRESS,999999999.0000000000,999999999.0000000000,0.2000000000,0.2000000000,0.7500000000,3.5000000000,0.8000000000,104,112,102,110,104,110
3895,neighbor,False,WSD_CRITERIA_UNVERIFIED,999999999.0000000000,999999999.0000000000,0.2000000000,0.3500000000,0.5500000000,3.5000000000,1.0000000000,103,110,104,112,103,110
3896,neighbor,False,CONCRETE_OR_STEEL_STRESS,999999999.0000000000,999999999.0000000000,0.2000000000,0.2000000000,0.5500000000,3.5000000000,0.9000000000,104,112,104,110,104,110
3897,neighbor,False,WSD_CRITERIA_UNVERIFIED,999999999.0000000000,999999999.0000000000,0.2000000000,0.3500000000,0.4000000000,3.5000000000,1.0000000000,103,112,104,112,104,112
3898,neighbor,False,CONCRETE_OR_STEEL_STRESS,999999999.0000000000,999999999.0000000000,0.2000000000,0.2000000000,0.7500000000,3.0000000000,0.9000000000,102,110,104,110,104,110
3899,neighbor,False,WSD_CRITERIA_UNVERIFIED,999999999.0000000000,999999999.0000000000,0.2000000000,0.3000000000,0.6000000000,3.5000000000,0.9000000000,104,112,104,111,104,110
3900,neighbor,False,CONCRETE_OR_STEEL_STRESS,999999999.0000000000,999999999.0000000000,0.2000000000,0.2500000000,0.5000000000,3.5000000000,1.0000000000,103,110,104,110,104,110
3901,neighbor,False,CONCRETE_OR_STEEL_STRESS,999999999.0000000000,999999999.0000000000,0.2000000000,0.2000000000,0.5500000000,3.5000000000,1.0000000000,104,110,102,111,104,110
3902,neighbor,False,WSD_CRITERIA_UNVERIFIED,999999999.0000000000,999999999.0000000000,0.2250000000,0.3500000000,0.4500000000,3.5000000000,0.9000000000,102,110,102,110,103,110
3903,neighbor,False,WSD_CRITERIA_UNVERIFIED,999999999.0000000000,999999999.0000000000,0.2000000000,0.3500000000,0.4000000000,3.0000000000,1.0000000000,102,110,104,111,104,110
3904,neighbor,False,CONCRETE_OR_STEEL_STRESS,999999999.0000000000,999999999.0000000000,0.2000000000,0.2000000000,0.3500000000,3.5000000000,1.0000000000,104,110,103,110,102,110
3905,neighbor,False,WSD_CRITERIA_UNVERIFIED,999999999.0000000000,999999999.0000000000,0.2250000000,0.3000000000,0.6500000000,3.0000000000,1.0000000000,104,112,104,110,104,110
3906,neighbor,False,WSD_CRITERIA_UNVERIFIED,999999999.0000000000,999999999.0000000000,0.2000000000,0.3500000000,0.4500000000,3.0000000000,1.0000000000,104,112,103,110,102,110
3907,neighbor,False,WSD_CRITERIA_UNVERIFIED,999999999.0000000000,999999999.0000000000,0.2000000000,0.3000000000,0.7500000000,3.5000000000,1.0000000000,104,111,104,111,104,112
3908,neighbor,False,WSD_CRITERIA_UNVERIFIED,999999999.0000000000,999999999.0000000000,0.2000000000,0.2500000000,0.7500000000,3.5000000000,0.8000000000,104,110,104,112,104,110
3909,neighbor,False,CONCRETE_OR_STEEL_STRESS,999999999.0000000000,999999999.0000000000,0.2000000000,0.3000000000,0.7000000000,3.5000000000,1.0000000000,102,111,102,110,103,110
3910,neighbor,False,WSD_CRITERIA_UNVERIFIED,999999999.0000000000,999999999.0000000000,0.2500000000,0.3000000000,0.4500000000,3.5000000000,1.0000000000,102,110,104,110,104,111
3911,neighbor,False,WSD_CRITERIA_UNVERIFIED,999999999.0000000000,999999999.0000000000,0.2250000000,0.3500000000,0.3500000000,3.5000000000,1.0000000000,103,110,104,112,104,110
3912,neighbor,False,CONCRETE_OR_STEEL_STRESS,999999999.0000000000,999999999.0000000000,0.2000000000,0.2500000000,0.4000000000,3.0000000000,1.0000000000,102,112,104,111,104,110
3913,neighbor,False,CONCRETE_OR_STEEL_STRESS,999999999.0000000000,999999999.0000000000,0.2000000000,0.2000000000,0.7000000000,3.5000000000,0.9000000000,104,110,103,112,104,110
3914,neighbor,False,WSD_CRITERIA_UNVERIFIED,999999999.0000000000,999999999.0000000000,0.2250000000,0.3500000000,0.6000000000,3.5000000000,1.0000000000,102,111,104,110,104,110
3915,neighbor,False,WSD_CRITERIA_UNVERIFIED,999999999.0000000000,999999999.0000000000,0.2250000000,0.3500000000,0.6500000000,3.5000000000,1.0000000000,102,110,103,110,104,110
3916,neighbor,False,CONCRETE_OR_STEEL_STRESS,999999999.0000000000,999999999.0000000000,0.2000000000,0.2000000000,0.4000000000,3.5000000000,1.0000000000,102,111,102,110,104,110
3917,neighbor,False,CONCRETE_OR_STEEL_STRESS,999999999.0000000000,999999999.0000000000,0.2000000000,0.2500000000,0.5000000000,3.0000000000,0.9000000000,102,110,102,111,104,112
3918,neighbor,False,WSD_CRITERIA_UNVERIFIED,999999999.0000000000,999999999.0000000000,0.2500000000,0.3500000000,0.7500000000,3.5000000000,0.8000000000,102,110,104,110,102,110
3919,neighbor,False,WSD_CRITERIA_UNVERIFIED,999999999.0000000000,999999999.0000000000,0.2000000000,0.2500000000,0.7500000000,3.5000000000,1.0000000000,104,110,104,110,103,110
3920,neighbor,False,WSD_CRITERIA_UNVERIFIED,999999999.0000000000,999999999.0000000000,0.2000000000,0.3000000000,0.5500000000,3.0000000000,0.8000000000,104,110,104,110,102,110
3921,neighbor,False,WSD_CRITERIA_UNVERIFIED,999999999.0000000000,999999999.0000000000,0.2000000000,0.3500000000,0.5000000000,3.0000000000,1.0000000000,104,112,104,112,104,110
3922,neighbor,False,CONCRETE_OR_STEEL_STRESS,999999999.0000000000,999999999.0000000000,0.2000000000,0.2000000000,0.6500000000,3.5000000000,0.9000000000,104,110,104,112,102,111
3923,neighbor,False,CONCRETE_OR_STEEL_STRESS,999999999.0000000000,999999999.0000000000,0.2000000000,0.2000000000,0.5500000000,3.0000000000,1.0000000000,102,110,103,112,104,111
3924,neighbor,False,CONCRETE_OR_STEEL_STRESS,999999999.0000000000,999999999.0000000000,0.2250000000,0.2500000000,0.7500000000,3.0000000000,1.0000000000,102,110,104,110,104,110
3925,neighbor,False,CONCRETE_OR_STEEL_STRESS,999999999.0000000000,999999999.0000000000,0.2000000000,0.2000000000,0.4500000000,3.0000000000,0.9000000000,103,112,104,111,104,111
3926,neighbor,False,CONCRETE_OR_STEEL_STRESS,999999999.0000000000,999999999.0000000000,0.2000000000,0.2000000000,0.7500000000,3.0000000000,1.0000000000,102,112,103,110,104,111
3927,neighbor,False,CONCRETE_OR_STEEL_STRESS,999999999.0000000000,999999999.0000000000,0.2000000000,0.2500000000,0.4500000000,3.5000000000,1.0000000000,104,110,104,110,104,110
3928,neighbor,False,CONCRETE_OR_STEEL_STRESS,999999999.0000000000,999999999.0000000000,0.2000000000,0.2000000000,0.5500000000,3.0000000000,1.0000000000,102,112,104,111,104,110
3929,neighbor,False,WSD_CRITERIA_UNVERIFIED,999999999.0000000000,999999999.0000000000,0.2000000000,0.3500000000,0.5000000000,3.0000000000,1.0000000000,104,110,103,112,103,110
3930,neighbor,False,CONCRETE_OR_STEEL_STRESS,999999999.0000000000,999999999.0000000000,0.2000000000,0.2000000000,0.6500000000,3.0000000000,0.8000000000,102,110,103,111,102,110
3931,neighbor,False,WSD_CRITERIA_UNVERIFIED,999999999.0000000000,999999999.0000000000,0.2000000000,0.3000000000,0.6000000000,3.5000000000,1.0000000000,104,111,104,110,104,110
3932,neighbor,False,WSD_CRITERIA_UNVERIFIED,999999999.0000000000,999999999.0000000000,0.2250000000,0.3500000000,0.4000000000,3.5000000000,1.0000000000,102,110,104,111,104,110
3933,neighbor,False,WSD_CRITERIA_UNVERIFIED,999999999.0000000000,999999999.0000000000,0.2000000000,0.3000000000,0.6000000000,3.0000000000,1.0000000000,103,110,104,111,104,112
3934,neighbor,False,CONCRETE_OR_STEEL_STRESS,999999999.0000000000,999999999.0000000000,0.2000000000,0.2000000000,0.6500000000,3.0000000000,1.0000000000,104,110,104,110,104,110
3935,neighbor,False,WSD_CRITERIA_UNVERIFIED,999999999.0000000000,999999999.0000000000,0.2500000000,0.3000000000,0.5500000000,3.0000000000,0.9000000000,103,110,102,110,104,110
3936,neighbor,False,CONCRETE_OR_STEEL_STRESS,999999999.0000000000,999999999.0000000000,0.2000000000,0.2000000000,0.7500000000,3.0000000000,1.0000000000,104,110,104,110,104,110
3937,neighbor,False,WSD_CRITERIA_UNVERIFIED,999999999.0000000000,999999999.0000000000,0.2500000000,0.3500000000,0.7500000000,3.0000000000,1.0000000000,104,110,103,112,103,112
3938,neighbor,False,WSD_CRITERIA_UNVERIFIED,999999999.0000000000,999999999.0000000000,0.2500000000,0.3000000000,0.4000000000,3.5000000000,1.0000000000,103,110,102,111,104,111
3939,neighbor,False,CONCRETE_OR_STEEL_STRESS,999999999.0000000000,999999999.0000000000,0.2000000000,0.2000000000,0.5500000000,3.5000000000,1.0000000000,103,110,104,110,103,111
3940,neighbor,False,WSD_CRITERIA_UNVERIFIED,999999999.0000000000,999999999.0000000000,0.2000000000,0.3000000000,0.5500000000,3.5000000000,1.0000000000,103,111,103,110,104,110
3941,neighbor,False,CONCRETE_OR_STEEL_STRESS,999999999.0000000000,999999999.0000000000,0.2250000000,0.2500000000,0.6500000000,3.5000000000,0.8000000000,104,110,103,110,104,111
3942,neighbor,False,CONCRETE_OR_STEEL_STRESS,999999999.0000000000,999999999.0000000000,0.2250000000,0.2500000000,0.7000000000,3.5000000000,1.0000000000,104,111,104,112,104,112
3943,neighbor,False,CONCRETE_OR_STEEL_STRESS,999999999.0000000000,999999999.0000000000,0.2000000000,0.2000000000,0.6000000000,3.5000000000,0.8000000000,104,110,104,110,103,112
3944,neighbor,False,CONCRETE_OR_STEEL_STRESS,999999999.0000000000,999999999.0000000000,0.2000000000,0.2000000000,0.7500000000,3.5000000000,0.9000000000,104,111,104,110,104,111
3945,neighbor,False,WSD_CRITERIA_UNVERIFIED,999999999.0000000000,999999999.0000000000,0.2000000000,0.2500000000,0.7500000000,3.0000000000,0.8000000000,104,110,104,112,102,111
3946,neighbor,False,CONCRETE_OR_STEEL_STRESS,999999999.0000000000,999999999.0000000000,0.2250000000,0.2500000000,0.4000000000,3.5000000000,1.0000000000,104,112,103,110,104,110
3947,neighbor,False,CONCRETE_OR_STEEL_STRESS,999999999.0000000000,999999999.0000000000,0.2000000000,0.2000000000,0.4000000000,3.5000000000,0.8000000000,102,110,104,112,104,112
3948,neighbor,False,CONCRETE_OR_STEEL_STRESS,999999999.0000000000,999999999.0000000000,0.2000000000,0.2500000000,0.5500000000,3.5000000000,0.8000000000,102,111,104,110,104,110
3949,neighbor,False,WSD_CRITERIA_UNVERIFIED,999999999.0000000000,999999999.0000000000,0.2000000000,0.3500000000,0.5500000000,3.5000000000,1.0000000000,104,112,102,110,104,110
3950,neighbor,False,CONCRETE_OR_STEEL_STRESS,999999999.0000000000,999999999.0000000000,0.2000000000,0.2000000000,0.4000000000,3.5000000000,0.9000000000,104,110,102,111,104,110
3951,neighbor,False,CONCRETE_OR_STEEL_STRESS,999999999.0000000000,999999999.0000000000,0.2250000000,0.2500000000,0.3500000000,3.5000000000,1.0000000000,103,112,104,110,104,112
3952,neighbor,False,WSD_CRITERIA_UNVERIFIED,999999999.0000000000,999999999.0000000000,0.2500000000,0.3500000000,0.6500000000,3.5000000000,0.8000000000,102,110,102,111,102,110
3953,neighbor,False,CONCRETE_OR_STEEL_STRESS,999999999.0000000000,999999999.0000000000,0.2000000000,0.2500000000,0.7500000000,3.5000000000,1.0000000000,103,111,104,110,104,110
3954,neighbor,False,CONCRETE_OR_STEEL_STRESS,999999999.0000000000,999999999.0000000000,0.2000000000,0.2000000000,0.3500000000,3.0000000000,1.0000000000,104,110,102,110,104,110
3955,neighbor,False,CONCRETE_OR_STEEL_STRESS,999999999.0000000000,999999999.0000000000,0.2000000000,0.2000000000,0.4500000000,3.0000000000,1.0000000000,104,111,103,110,104,110
3956,neighbor,False,CONCRETE_OR_STEEL_STRESS,999999999.0000000000,999999999.0000000000,0.2000000000,0.2000000000,0.7500000000,3.0000000000,1.0000000000,104,111,102,111,104,112
3957,neighbor,False,CONCRETE_OR_STEEL_STRESS,999999999.0000000000,999999999.0000000000,0.2000000000,0.2000000000,0.3500000000,3.5000000000,1.0000000000,104,111,104,110,103,110
3958,neighbor,False,WSD_CRITERIA_UNVERIFIED,999999999.0000000000,999999999.0000000000,0.2500000000,0.3000000000,0.7500000000,3.5000000000,0.8000000000,104,112,104,110,104,110
3959,neighbor,False,CONCRETE_OR_STEEL_STRESS,999999999.0000000000,999999999.0000000000,0.2500000000,0.3500000000,0.6500000000,3.5000000000,0.8000000000,102,112,104,110,103,111
3960,neighbor,False,CONCRETE_OR_STEEL_STRESS,999999999.0000000000,999999999.0000000000,0.2000000000,0.2500000000,0.3500000000,3.0000000000,0.9000000000,104,110,102,112,102,110
3961,neighbor,False,CONCRETE_OR_STEEL_STRESS,999999999.0000000000,999999999.0000000000,0.2000000000,0.2000000000,0.6000000000,3.5000000000,1.0000000000,104,112,104,110,103,110
3962,neighbor,False,CONCRETE_OR_STEEL_STRESS,999999999.0000000000,999999999.0000000000,0.2250000000,0.2500000000,0.5500000000,3.5000000000,1.0000000000,102,110,104,110,104,110
3963,neighbor,False,CONCRETE_OR_STEEL_STRESS,999999999.0000000000,999999999.0000000000,0.2000000000,0.2500000000,0.6500000000,3.5000000000,0.8000000000,104,111,104,111,104,110
3964,neighbor,False,CONCRETE_OR_STEEL_STRESS,999999999.0000000000,999999999.0000000000,0.2000000000,0.2000000000,0.5000000000,3.5000000000,1.0000000000,104,110,103,110,104,110
3965,neighbor,False,CONCRETE_OR_STEEL_STRESS,999999999.0000000000,999999999.0000000000,0.2000000000,0.2000000000,0.3500000000,3.0000000000,0.8000000000,104,110,102,111,104,110
3966,neighbor,False,WSD_CRITERIA_UNVERIFIED,999999999.0000000000,999999999.0000000000,0.2000000000,0.3500000000,0.7500000000,3.5000000000,1.0000000000,104,111,104,111,102,110
3967,neighbor,False,WSD_CRITERIA_UNVERIFIED,999999999.0000000000,999999999.0000000000,0.2000000000,0.3000000000,0.3500000000,3.5000000000,1.0000000000,102,110,104,110,104,111
3968,neighbor,False,WSD_CRITERIA_UNVERIFIED,999999999.0000000000,999999999.0000000000,0.2500000000,0.3500000000,0.4000000000,3.5000000000,1.0000000000,103,110,103,110,104,112
3969,neighbor,False,WSD_CRITERIA_UNVERIFIED,999999999.0000000000,999999999.0000000000,0.2500000000,0.3000000000,0.6500000000,3.5000000000,0.8000000000,104,110,104,111,103,112
3970,neighbor,False,CONCRETE_OR_STEEL_STRESS,999999999.0000000000,999999999.0000000000,0.2000000000,0.2500000000,0.6000000000,3.5000000000,0.9000000000,102,111,104,111,104,112
3971,neighbor,False,CONCRETE_OR_STEEL_STRESS,999999999.0000000000,999999999.0000000000,0.2000000000,0.2000000000,0.6000000000,3.5000000000,0.8000000000,102,112,104,111,102,111
3972,neighbor,False,CONCRETE_OR_STEEL_STRESS,999999999.0000000000,999999999.0000000000,0.2000000000,0.2000000000,0.7500000000,3.0000000000,1.0000000000,103,110,104,110,104,111
3973,neighbor,False,CONCRETE_OR_STEEL_STRESS,999999999.0000000000,999999999.0000000000,0.2000000000,0.2000000000,0.4000000000,3.0000000000,0.8000000000,104,112,102,110,104,110
3974,neighbor,False,CONCRETE_OR_STEEL_STRESS,999999999.0000000000,999999999.0000000000,0.2000000000,0.2000000000,0.6500000000,3.5000000000,0.8000000000,104,110,103,110,104,112
3975,neighbor,False,WSD_CRITERIA_UNVERIFIED,999999999.0000000000,999999999.0000000000,0.2000000000,0.3500000000,0.5500000000,3.5000000000,1.0000000000,102,110,102,110,104,110
3976,neighbor,False,CONCRETE_OR_STEEL_STRESS,999999999.0000000000,999999999.0000000000,0.2500000000,0.2500000000,0.5000000000,3.5000000000,1.0000000000,104,112,104,110,104,111
3977,neighbor,False,WSD_CRITERIA_UNVERIFIED,999999999.0000000000,999999999.0000000000,0.2500000000,0.3500000000,0.5000000000,3.0000000000,0.8000000000,103,110,104,112,104,110
3978,neighbor,False,WSD_CRITERIA_UNVERIFIED,999999999.0000000000,999999999.0000000000,0.2000000000,0.3500000000,0.7500000000,3.5000000000,0.8000000000,102,110,104,112,104,111
3979,neighbor,False,CONCRETE_OR_STEEL_STRESS,999999999.0000000000,999999999.0000000000,0.2000000000,0.2000000000,0.3500000000,3.5000000000,1.0000000000,104,111,104,111,102,110
3980,neighbor,False,WSD_CRITERIA_UNVERIFIED,999999999.0000000000,999999999.0000000000,0.2250000000,0.3000000000,0.6000000000,3.5000000000,0.8000000000,104,110,102,110,104,110
3981,neighbor,False,CONCRETE_OR_STEEL_STRESS,999999999.0000000000,999999999.0000000000,0.2250000000,0.2500000000,0.5500000000,3.5000000000,1.0000000000,104,112,102,110,102,112
3982,neighbor,False,CONCRETE_OR_STEEL_STRESS,999999999.0000000000,999999999.0000000000,0.2000000000,0.2000000000,0.5000000000,3.5000000000,0.9000000000,103,110,102,110,104,110
3983,neighbor,False,WSD_CRITERIA_UNVERIFIED,999999999.0000000000,999999999.0000000000,0.2250000000,0.3000000000,0.4000000000,3.5000000000,1.0000000000,104,110,102,112,102,111
3984,neighbor,False,CONCRETE_OR_STEEL_STRESS,999999999.0000000000,999999999.0000000000,0.2000000000,0.2500000000,0.7000000000,3.0000000000,1.0000000000,104,111,102,110,104,110
3985,neighbor,False,WSD_CRITERIA_UNVERIFIED,999999999.0000000000,999999999.0000000000,0.2000000000,0.3500000000,0.5000000000,3.0000000000,1.0000000000,103,111,103,111,103,110
3986,neighbor,False,WSD_CRITERIA_UNVERIFIED,999999999.0000000000,999999999.0000000000,0.2000000000,0.3500000000,0.4500000000,3.5000000000,1.0000000000,104,110,104,111,102,111
3987,neighbor,False,CONCRETE_OR_STEEL_STRESS,999999999.0000000000,999999999.0000000000,0.2000000000,0.2000000000,0.5000000000,3.0000000000,0.9000000000,104,110,104,112,102,110
3988,neighbor,False,CONCRETE_OR_STEEL_STRESS,999999999.0000000000,999999999.0000000000,0.2000000000,0.2000000000,0.3500000000,3.5000000000,1.0000000000,104,110,104,111,104,110
3989,neighbor,False,WSD_CRITERIA_UNVERIFIED,999999999.0000000000,999999999.0000000000,0.2000000000,0.3500000000,0.5500000000,3.5000000000,1.0000000000,104,110,104,112,104,112
3990,neighbor,False,WSD_CRITERIA_UNVERIFIED,999999999.0000000000,999999999.0000000000,0.2500000000,0.3500000000,0.7000000000,3.5000000000,1.0000000000,103,110,104,110,102,111
3991,neighbor,False,CONCRETE_OR_STEEL_STRESS,999999999.0000000000,999999999.0000000000,0.2000000000,0.2500000000,0.5500000000,3.0000000000,0.9000000000,104,110,103,110,104,111
3992,neighbor,False,WSD_CRITERIA_UNVERIFIED,999999999.0000000000,999999999.0000000000,0.2000000000,0.3500000000,0.7500000000,3.5000000000,1.0000000000,104,112,104,111,104,110
3993,neighbor,False,CONCRETE_OR_STEEL_STRESS,999999999.0000000000,999999999.0000000000,0.2000000000,0.2500000000,0.7500000000,3.5000000000,0.9000000000,104,112,104,110,103,110
3994,neighbor,False,CONCRETE_OR_STEEL_STRESS,999999999.0000000000,999999999.0000000000,0.2500000000,0.2500000000,0.3500000000,3.5000000000,0.9000000000,102,110,104,110,104,111
3995,neighbor,False,WSD_CRITERIA_UNVERIFIED,999999999.0000000000,999999999.0000000000,0.2000000000,0.3500000000,0.4000000000,3.5000000000,0.9000000000,104,110,104,110,104,110
3996,neighbor,False,CONCRETE_OR_STEEL_STRESS,999999999.0000000000,999999999.0000000000,0.2000000000,0.2000000000,0.7500000000,3.5000000000,1.0000000000,104,112,104,111,104,110
3997,neighbor,False,WSD_CRITERIA_UNVERIFIED,999999999.0000000000,999999999.0000000000,0.2500000000,0.3500000000,0.7500000000,3.5000000000,1.0000000000,103,110,104,110,102,110
3998,neighbor,False,WSD_CRITERIA_UNVERIFIED,999999999.0000000000,999999999.0000000000,0.2000000000,0.3000000000,0.5000000000,3.5000000000,0.8000000000,104,110,104,112,104,110
3999,neighbor,False,WSD_CRITERIA_UNVERIFIED,999999999.0000000000,999999999.0000000000,0.2250000000,0.3500000000,0.3500000000,3.0000000000,0.9000000000,103,111,102,110,104,110
4000,neighbor,False,CONCRETE_OR_STEEL_STRESS,999999999.0000000000,999999999.0000000000,0.2250000000,0.2500000000,0.7500000000,3.0000000000,1.0000000000,102,112,104,110,103,110
4001,neighbor,False,WSD_CRITERIA_UNVERIFIED,999999999.0000000000,999999999.0000000000,0.2250000000,0.3000000000,0.3500000000,3.5000000000,1.0000000000,103,110,104,111,102,110
4002,neighbor,False,WSD_CRITERIA_UNVERIFIED,999999999.0000000000,999999999.0000000000,0.2000000000,0.3000000000,0.7500000000,3.0000000000,1.0000000000,103,110,103,110,104,110
4003,neighbor,False,WSD_CRITERIA_UNVERIFIED,999999999.0000000000,999999999.0000000000,0.2000000000,0.2500000000,0.7000000000,3.0000000000,0.9000000000,104,110,104,110,104,112
4004,neighbor,False,CONCRETE_OR_STEEL_STRESS,999999999.0000000000,999999999.0000000000,0.2000000000,0.2000000000,0.5500000000,3.0000000000,0.8000000000,104,112,104,112,102,110
4005,neighbor,False,WSD_CRITERIA_UNVERIFIED,999999999.0000000000,999999999.0000000000,0.2000000000,0.3500000000,0.3500000000,3.0000000000,0.9000000000,103,111,103,111,104,112
4006,neighbor,False,CONCRETE_OR_STEEL_STRESS,999999999.0000000000,999999999.0000000000,0.2000000000,0.2000000000,0.3500000000,3.5000000000,0.8000000000,104,110,104,110,102,110
4007,neighbor,False,CONCRETE_OR_STEEL_STRESS,999999999.0000000000,999999999.0000000000,0.2000000000,0.2000000000,0.7500000000,3.5000000000,0.9000000000,104,111,104,112,103,110
4008,neighbor,False,CONCRETE_OR_STEEL_STRESS,999999999.0000000000,999999999.0000000000,0.2250000000,0.2500000000,0.5000000000,3.0000000000,1.0000000000,103,110,102,110,104,110
4009,neighbor,False,CONCRETE_OR_STEEL_STRESS,999999999.0000000000,999999999.0000000000,0.2000000000,0.2000000000,0.4000000000,3.5000000000,0.8000000000,104,111,104,110,102,110
4010,neighbor,False,CONCRETE_OR_STEEL_STRESS,999999999.0000000000,999999999.0000000000,0.2000000000,0.2000000000,0.3500000000,3.0000000000,1.0000000000,102,111,104,110,104,112
4011,neighbor,False,CONCRETE_OR_STEEL_STRESS,999999999.0000000000,999999999.0000000000,0.2500000000,0.3000000000,0.7500000000,3.5000000000,0.9000000000,102,111,102,110,104,111
4012,neighbor,False,WSD_CRITERIA_UNVERIFIED,999999999.0000000000,999999999.0000000000,0.2000000000,0.3500000000,0.6000000000,3.5000000000,0.8000000000,104,112,104,112,104,111
4013,neighbor,False,WSD_CRITERIA_UNVERIFIED,999999999.0000000000,999999999.0000000000,0.2500000000,0.3500000000,0.4500000000,3.5000000000,1.0000000000,104,110,104,110,103,111
4014,neighbor,False,WSD_CRITERIA_UNVERIFIED,999999999.0000000000,999999999.0000000000,0.2000000000,0.3000000000,0.7500000000,3.5000000000,1.0000000000,104,110,104,112,103,110
4015,neighbor,False,CONCRETE_OR_STEEL_STRESS,999999999.0000000000,999999999.0000000000,0.2000000000,0.2000000000,0.4000000000,3.5000000000,1.0000000000,104,110,104,110,104,110
4016,neighbor,False,WSD_CRITERIA_UNVERIFIED,999999999.0000000000,999999999.0000000000,0.2250000000,0.3500000000,0.4500000000,3.5000000000,0.9000000000,103,111,103,111,103,110
4017,neighbor,False,WSD_CRITERIA_UNVERIFIED,999999999.0000000000,999999999.0000000000,0.2500000000,0.3000000000,0.4500000000,3.5000000000,0.9000000000,104,112,104,110,104,112
4018,neighbor,False,CONCRETE_OR_STEEL_STRESS,999999999.0000000000,999999999.0000000000,0.2000000000,0.2000000000,0.7500000000,3.5000000000,1.0000000000,104,110,104,112,102,112
4019,neighbor,False,WSD_CRITERIA_UNVERIFIED,999999999.0000000000,999999999.0000000000,0.2500000000,0.3500000000,0.4500000000,3.5000000000,1.0000000000,104,111,104,111,104,111
4020,neighbor,False,CONCRETE_OR_STEEL_STRESS,999999999.0000000000,999999999.0000000000,0.2000000000,0.2000000000,0.4500000000,3.0000000000,0.8000000000,104,110,104,110,104,111
4021,neighbor,False,WSD_CRITERIA_UNVERIFIED,999999999.0000000000,999999999.0000000000,0.2500000000,0.3500000000,0.4000000000,3.5000000000,0.9000000000,104,110,104,110,103,111
4022,neighbor,False,CONCRETE_OR_STEEL_STRESS,999999999.0000000000,999999999.0000000000,0.2000000000,0.2000000000,0.7500000000,3.0000000000,1.0000000000,103,111,103,110,103,110
4023,neighbor,False,WSD_CRITERIA_UNVERIFIED,999999999.0000000000,999999999.0000000000,0.2000000000,0.2500000000,0.7500000000,3.0000000000,0.8000000000,104,110,103,110,102,110
4024,neighbor,False,CONCRETE_OR_STEEL_STRESS,999999999.0000000000,999999999.0000000000,0.2000000000,0.2000000000,0.5000000000,3.5000000000,1.0000000000,103,110,104,110,104,112
4025,neighbor,False,CONCRETE_OR_STEEL_STRESS,999999999.0000000000,999999999.0000000000,0.2000000000,0.2000000000,0.7500000000,3.5000000000,0.8000000000,104,110,103,111,102,110
4026,neighbor,False,CONCRETE_OR_STEEL_STRESS,999999999.0000000000,999999999.0000000000,0.2000000000,0.2000000000,0.4000000000,3.5000000000,1.0000000000,103,110,102,111,102,112
4027,neighbor,False,WSD_CRITERIA_UNVERIFIED,999999999.0000000000,999999999.0000000000,0.2000000000,0.3000000000,0.7500000000,3.0000000000,0.9000000000,104,110,102,112,104,110
4028,neighbor,False,WSD_CRITERIA_UNVERIFIED,999999999.0000000000,999999999.0000000000,0.2500000000,0.3000000000,0.7500000000,3.0000000000,1.0000000000,104,110,104,110,104,111
4029,neighbor,False,WSD_CRITERIA_UNVERIFIED,999999999.0000000000,999999999.0000000000,0.2000000000,0.3000000000,0.3500000000,3.5000000000,1.0000000000,104,110,104,112,104,110
4030,neighbor,False,WSD_CRITERIA_UNVERIFIED,999999999.0000000000,999999999.0000000000,0.2000000000,0.3500000000,0.4000000000,3.0000000000,1.0000000000,104,110,104,111,104,110
4031,neighbor,False,WSD_CRITERIA_UNVERIFIED,999999999.0000000000,999999999.0000000000,0.2000000000,0.3000000000,0.7000000000,3.0000000000,0.9000000000,104,111,104,110,104,112
4032,neighbor,False,CONCRETE_OR_STEEL_STRESS,999999999.0000000000,999999999.0000000000,0.2000000000,0.2000000000,0.7000000000,3.5000000000,0.9000000000,104,112,104,112,104,112
4033,neighbor,False,CONCRETE_OR_STEEL_STRESS,999999999.0000000000,999999999.0000000000,0.2000000000,0.2000000000,0.6000000000,3.5000000000,1.0000000000,104,110,102,110,104,110
4034,neighbor,False,WSD_CRITERIA_UNVERIFIED,999999999.0000000000,999999999.0000000000,0.2500000000,0.3500000000,0.5000000000,3.5000000000,0.8000000000,104,110,104,110,103,111
4035,neighbor,False,CONCRETE_OR_STEEL_STRESS,999999999.0000000000,999999999.0000000000,0.2000000000,0.2000000000,0.6500000000,3.0000000000,1.0000000000,104,110,104,110,104,110
4036,neighbor,False,CONCRETE_OR_STEEL_STRESS,999999999.0000000000,999999999.0000000000,0.2000000000,0.2000000000,0.7500000000,3.0000000000,1.0000000000,104,110,104,112,103,111
4037,neighbor,False,WSD_CRITERIA_UNVERIFIED,999999999.0000000000,999999999.0000000000,0.2000000000,0.3500000000,0.4500000000,3.0000000000,1.0000000000,104,110,104,110,103,110
4038,neighbor,False,CONCRETE_OR_STEEL_STRESS,999999999.0000000000,999999999.0000000000,0.2000000000,0.2500000000,0.5500000000,3.0000000000,1.0000000000,104,110,104,110,104,111
4039,neighbor,False,WSD_CRITERIA_UNVERIFIED,999999999.0000000000,999999999.0000000000,0.2500000000,0.3500000000,0.4000000000,3.0000000000,1.0000000000,104,111,104,110,104,110
4040,neighbor,False,CONCRETE_OR_STEEL_STRESS,999999999.0000000000,999999999.0000000000,0.2000000000,0.2500000000,0.4000000000,3.5000000000,1.0000000000,104,110,104,110,104,110
4041,neighbor,False,WSD_CRITERIA_UNVERIFIED,999999999.0000000000,999999999.0000000000,0.2500000000,0.2500000000,0.7000000000,3.5000000000,1.0000000000,104,110,103,112,104,110
4042,neighbor,False,CONCRETE_OR_STEEL_STRESS,999999999.0000000000,999999999.0000000000,0.2000000000,0.2000000000,0.7500000000,3.5000000000,1.0000000000,102,111,104,110,102,110
4043,neighbor,False,WSD_CRITERIA_UNVERIFIED,999999999.0000000000,999999999.0000000000,0.2000000000,0.2500000000,0.7500000000,3.5000000000,1.0000000000,104,110,104,111,104,110
4044,neighbor,False,CONCRETE_OR_STEEL_STRESS,999999999.0000000000,999999999.0000000000,0.2000000000,0.2000000000,0.5000000000,3.5000000000,1.0000000000,104,112,103,110,104,110
4045,neighbor,False,WSD_CRITERIA_UNVERIFIED,999999999.0000000000,999999999.0000000000,0.2000000000,0.3000000000,0.6500000000,3.0000000000,1.0000000000,102,110,103,110,104,110
4046,neighbor,False,WSD_CRITERIA_UNVERIFIED,999999999.0000000000,999999999.0000000000,0.2000000000,0.3000000000,0.7500000000,3.5000000000,0.8000000000,104,112,104,110,104,111
4047,neighbor,False,WSD_CRITERIA_UNVERIFIED,999999999.0000000000,999999999.0000000000,0.2000000000,0.3000000000,0.4500000000,3.5000000000,1.0000000000,104,110,104,111,103,110
4048,neighbor,False,CONCRETE_OR_STEEL_STRESS,999999999.0000000000,999999999.0000000000,0.2000000000,0.2000000000,0.6500000000,3.5000000000,1.0000000000,102,110,104,111,102,110
4049,neighbor,False,CONCRETE_OR_STEEL_STRESS,999999999.0000000000,999999999.0000000000,0.2250000000,0.2500000000,0.7500000000,3.0000000000,0.9000000000,103,112,102,111,104,110
4050,neighbor,False,CONCRETE_OR_STEEL_STRESS,999999999.0000000000,999999999.0000000000,0.2000000000,0.2000000000,0.7500000000,3.0000000000,1.0000000000,103,110,104,110,104,110
4051,neighbor,False,CONCRETE_OR_STEEL_STRESS,999999999.0000000000,999999999.0000000000,0.2000000000,0.2000000000,0.7500000000,3.5000000000,1.0000000000,102,110,104,110,104,112
4052,neighbor,False,WSD_CRITERIA_UNVERIFIED,999999999.0000000000,999999999.0000000000,0.2000000000,0.3000000000,0.4500000000,3.5000000000,0.8000000000,103,110,102,110,104,112
4053,neighbor,False,CONCRETE_OR_STEEL_STRESS,999999999.0000000000,999999999.0000000000,0.2500000000,0.2500000000,0.3500000000,3.0000000000,1.0000000000,103,112,104,110,104,110
4054,neighbor,False,CONCRETE_OR_STEEL_STRESS,999999999.0000000000,999999999.0000000000,0.2000000000,0.2000000000,0.5500000000,3.0000000000,0.8000000000,102,110,103,110,103,111
4055,neighbor,False,CONCRETE_OR_STEEL_STRESS,999999999.0000000000,999999999.0000000000,0.2000000000,0.2000000000,0.3500000000,3.5000000000,1.0000000000,104,110,104,110,103,110
4056,neighbor,False,WSD_CRITERIA_UNVERIFIED,999999999.0000000000,999999999.0000000000,0.2500000000,0.3500000000,0.7500000000,3.5000000000,1.0000000000,104,110,104,111,104,110
4057,neighbor,False,CONCRETE_OR_STEEL_STRESS,999999999.0000000000,999999999.0000000000,0.2000000000,0.2000000000,0.7500000000,3.0000000000,0.9000000000,103,110,103,111,104,111
4058,neighbor,False,WSD_CRITERIA_UNVERIFIED,999999999.0000000000,999999999.0000000000,0.2000000000,0.3000000000,0.6500000000,3.5000000000,0.9000000000,104,112,104,110,104,112
4059,neighbor,False,CONCRETE_OR_STEEL_STRESS,999999999.0000000000,999999999.0000000000,0.2000000000,0.3000000000,0.5500000000,3.0000000000,0.8000000000,103,112,104,110,104,110
4060,neighbor,False,WSD_CRITERIA_UNVERIFIED,999999999.0000000000,999999999.0000000000,0.2250000000,0.3000000000,0.3500000000,3.5000000000,0.9000000000,104,111,102,110,103,110
4061,neighbor,False,WSD_CRITERIA_UNVERIFIED,999999999.0000000000,999999999.0000000000,0.2000000000,0.3000000000,0.4000000000,3.0000000000,0.9000000000,104,110,104,110,102,110
4062,neighbor,False,CONCRETE_OR_STEEL_STRESS,999999999.0000000000,999999999.0000000000,0.2000000000,0.2000000000,0.7000000000,3.0000000000,1.0000000000,104,110,104,110,102,110
4063,neighbor,False,WSD_CRITERIA_UNVERIFIED,999999999.0000000000,999999999.0000000000,0.2000000000,0.3000000000,0.7500000000,3.0000000000,1.0000000000,104,111,102,111,104,111
4064,neighbor,False,CONCRETE_OR_STEEL_STRESS,999999999.0000000000,999999999.0000000000,0.2000000000,0.2000000000,0.4000000000,3.5000000000,1.0000000000,104,110,104,110,104,110
4065,neighbor,False,CONCRETE_OR_STEEL_STRESS,999999999.0000000000,999999999.0000000000,0.2000000000,0.2000000000,0.5500000000,3.5000000000,1.0000000000,104,110,104,112,103,110
4066,neighbor,False,CONCRETE_OR_STEEL_STRESS,999999999.0000000000,999999999.0000000000,0.2000000000,0.2000000000,0.4000000000,3.5000000000,1.0000000000,104,112,104,112,104,111
4067,neighbor,False,WSD_CRITERIA_UNVERIFIED,999999999.0000000000,999999999.0000000000,0.2250000000,0.3500000000,0.7500000000,3.5000000000,0.9000000000,104,110,104,112,102,110
4068,neighbor,False,WSD_CRITERIA_UNVERIFIED,999999999.0000000000,999999999.0000000000,0.2250000000,0.3000000000,0.5000000000,3.0000000000,1.0000000000,104,112,103,111,104,110
4069,neighbor,False,WSD_CRITERIA_UNVERIFIED,999999999.0000000000,999999999.0000000000,0.2250000000,0.3000000000,0.6500000000,3.5000000000,0.9000000000,103,110,104,110,104,110
4070,neighbor,False,WSD_CRITERIA_UNVERIFIED,999999999.0000000000,999999999.0000000000,0.2500000000,0.3500000000,0.7500000000,3.5000000000,1.0000000000,102,110,102,111,104,112
4071,neighbor,False,CONCRETE_OR_STEEL_STRESS,999999999.0000000000,999999999.0000000000,0.2000000000,0.2000000000,0.3500000000,3.0000000000,1.0000000000,104,111,104,112,104,110
4072,neighbor,False,CONCRETE_OR_STEEL_STRESS,999999999.0000000000,999999999.0000000000,0.2000000000,0.2000000000,0.4500000000,3.0000000000,1.0000000000,104,110,104,111,103,110
4073,neighbor,False,WSD_CRITERIA_UNVERIFIED,999999999.0000000000,999999999.0000000000,0.2500000000,0.3000000000,0.5500000000,3.0000000000,1.0000000000,103,110,103,110,102,110
4074,neighbor,False,WSD_CRITERIA_UNVERIFIED,999999999.0000000000,999999999.0000000000,0.2000000000,0.3500000000,0.6500000000,3.5000000000,0.8000000000,102,111,104,110,103,110
4075,neighbor,False,CONCRETE_OR_STEEL_STRESS,999999999.0000000000,999999999.0000000000,0.2000000000,0.2500000000,0.4500000000,3.5000000000,1.0000000000,104,110,104,112,103,111
4076,neighbor,False,WSD_CRITERIA_UNVERIFIED,999999999.0000000000,999999999.0000000000,0.2000000000,0.3000000000,0.7500000000,3.0000000000,0.8000000000,103,111,102,110,103,112
4077,neighbor,False,CONCRETE_OR_STEEL_STRESS,999999999.0000000000,999999999.0000000000,0.2000000000,0.3500000000,0.5500000000,3.0000000000,0.8000000000,102,112,104,110,104,110
4078,neighbor,False,WSD_CRITERIA_UNVERIFIED,999999999.0000000000,999999999.0000000000,0.2500000000,0.3500000000,0.6500000000,3.5000000000,0.9000000000,104,112,104,111,103,112
4079,neighbor,False,CONCRETE_OR_STEEL_STRESS,999999999.0000000000,999999999.0000000000,0.2000000000,0.2500000000,0.6000000000,3.5000000000,1.0000000000,104,110,104,112,103,110
4080,neighbor,False,WSD_CRITERIA_UNVERIFIED,999999999.0000000000,999999999.0000000000,0.2500000000,0.3500000000,0.4500000000,3.5000000000,0.9000000000,102,110,104,110,102,111
4081,neighbor,False,CONCRETE_OR_STEEL_STRESS,999999999.0000000000,999999999.0000000000,0.2000000000,0.2000000000,0.6500000000,3.0000000000,0.8000000000,104,110,103,110,104,110
4082,neighbor,False,WSD_CRITERIA_UNVERIFIED,999999999.0000000000,999999999.0000000000,0.2500000000,0.3500000000,0.6000000000,3.5000000000,1.0000000000,104,110,104,111,104,112
4083,neighbor,False,CONCRETE_OR_STEEL_STRESS,999999999.0000000000,999999999.0000000000,0.2000000000,0.2000000000,0.5000000000,3.5000000000,0.8000000000,102,111,103,111,104,110
4084,neighbor,False,CONCRETE_OR_STEEL_STRESS,999999999.0000000000,999999999.0000000000,0.2000000000,0.2000000000,0.4500000000,3.0000000000,1.0000000000,103,111,104,110,104,111
4085,neighbor,False,WSD_CRITERIA_UNVERIFIED,999999999.0000000000,999999999.0000000000,0.2000000000,0.3500000000,0.7500000000,3.5000000000,1.0000000000,104,110,104,112,103,110
4086,neighbor,False,CONCRETE_OR_STEEL_STRESS,999999999.0000000000,999999999.0000000000,0.2000000000,0.2000000000,0.6500000000,3.5000000000,1.0000000000,104,110,104,110,103,111
4087,neighbor,False,CONCRETE_OR_STEEL_STRESS,999999999.0000000000,999999999.0000000000,0.2000000000,0.2000000000,0.3500000000,3.5000000000,0.9000000000,103,110,104,110,104,112
4088,neighbor,False,WSD_CRITERIA_UNVERIFIED,999999999.0000000000,999999999.0000000000,0.2000000000,0.3500000000,0.7500000000,3.5000000000,1.0000000000,104,110,104,110,102,111
4089,neighbor,False,CONCRETE_OR_STEEL_STRESS,999999999.0000000000,999999999.0000000000,0.2000000000,0.2000000000,0.4500000000,3.0000000000,1.0000000000,104,110,104,110,102,110
4090,neighbor,False,CONCRETE_OR_STEEL_STRESS,999999999.0000000000,999999999.0000000000,0.2250000000,0.3500000000,0.7500000000,3.0000000000,0.9000000000,102,112,103,110,103,110
4091,neighbor,False,WSD_CRITERIA_UNVERIFIED,999999999.0000000000,999999999.0000000000,0.2000000000,0.3500000000,0.5000000000,3.5000000000,0.8000000000,102,110,104,110,103,110
4092,neighbor,False,WSD_CRITERIA_UNVERIFIED,999999999.0000000000,999999999.0000000000,0.2500000000,0.3500000000,0.6000000000,3.5000000000,0.8000000000,104,111,102,111,104,112
4093,neighbor,False,CONCRETE_OR_STEEL_STRESS,999999999.0000000000,999999999.0000000000,0.2000000000,0.2000000000,0.4000000000,3.5000000000,1.0000000000,103,110,102,110,102,110
4094,neighbor,False,WSD_CRITERIA_UNVERIFIED,999999999.0000000000,999999999.0000000000,0.2250000000,0.3000000000,0.3500000000,3.0000000000,0.9000000000,104,110,102,110,104,110
4095,neighbor,False,WSD_CRITERIA_UNVERIFIED,999999999.0000000000,999999999.0000000000,0.2000000000,0.3500000000,0.7500000000,3.0000000000,1.0000000000,102,110,104,110,104,110
4096,neighbor,False,WSD_CRITERIA_UNVERIFIED,999999999.0000000000,999999999.0000000000,0.2500000000,0.2500000000,0.7000000000,3.5000000000,1.0000000000,104,110,103,111,104,110
4097,neighbor,False,CONCRETE_OR_STEEL_STRESS,999999999.0000000000,999999999.0000000000,0.2000000000,0.2000000000,0.3500000000,3.0000000000,0.9000000000,102,112,104,110,102,111
4098,neighbor,False,WSD_CRITERIA_UNVERIFIED,999999999.0000000000,999999999.0000000000,0.2000000000,0.3000000000,0.4500000000,3.5000000000,0.9000000000,104,112,104,111,104,110
4099,neighbor,False,CONCRETE_OR_STEEL_STRESS,999999999.0000000000,999999999.0000000000,0.2250000000,0.2500000000,0.7500000000,3.5000000000,1.0000000000,104,112,104,110,104,110
4100,neighbor,False,CONCRETE_OR_STEEL_STRESS,999999999.0000000000,999999999.0000000000,0.2000000000,0.2500000000,0.6500000000,3.5000000000,1.0000000000,104,110,104,110,102,110
4101,neighbor,False,CONCRETE_OR_STEEL_STRESS,999999999.0000000000,999999999.0000000000,0.2000000000,0.2000000000,0.7500000000,3.0000000000,0.8000000000,104,110,102,110,102,111
4102,neighbor,False,CONCRETE_OR_STEEL_STRESS,999999999.0000000000,999999999.0000000000,0.2000000000,0.2000000000,0.5500000000,3.0000000000,0.8000000000,104,110,104,110,104,112
4103,neighbor,False,WSD_CRITERIA_UNVERIFIED,999999999.0000000000,999999999.0000000000,0.2000000000,0.3500000000,0.7500000000,3.5000000000,0.9000000000,103,110,104,112,103,112
4104,neighbor,False,WSD_CRITERIA_UNVERIFIED,999999999.0000000000,999999999.0000000000,0.2000000000,0.3000000000,0.4000000000,3.5000000000,1.0000000000,104,112,104,110,102,110
4105,neighbor,False,CONCRETE_OR_STEEL_STRESS,999999999.0000000000,999999999.0000000000,0.2500000000,0.2500000000,0.6500000000,3.5000000000,0.8000000000,102,111,102,110,103,111
4106,neighbor,False,CONCRETE_OR_STEEL_STRESS,999999999.0000000000,999999999.0000000000,0.2000000000,0.2000000000,0.4000000000,3.5000000000,1.0000000000,102,110,104,112,103,110
4107,neighbor,False,CONCRETE_OR_STEEL_STRESS,999999999.0000000000,999999999.0000000000,0.2000000000,0.2000000000,0.4000000000,3.5000000000,0.9000000000,102,110,104,110,103,110
4108,neighbor,False,WSD_CRITERIA_UNVERIFIED,999999999.0000000000,999999999.0000000000,0.2250000000,0.3500000000,0.5000000000,3.5000000000,1.0000000000,102,110,102,111,104,110
4109,neighbor,False,CONCRETE_OR_STEEL_STRESS,999999999.0000000000,999999999.0000000000,0.2000000000,0.2500000000,0.6000000000,3.5000000000,1.0000000000,103,112,104,111,103,112
4110,neighbor,False,CONCRETE_OR_STEEL_STRESS,999999999.0000000000,999999999.0000000000,0.2000000000,0.2500000000,0.5000000000,3.0000000000,1.0000000000,104,112,104,112,102,110
4111,neighbor,False,WSD_CRITERIA_UNVERIFIED,999999999.0000000000,999999999.0000000000,0.2000000000,0.3000000000,0.3500000000,3.5000000000,0.8000000000,104,112,104,112,104,111
4112,neighbor,False,WSD_CRITERIA_UNVERIFIED,999999999.0000000000,999999999.0000000000,0.2000000000,0.3000000000,0.7000000000,3.5000000000,1.0000000000,104,110,104,111,102,110
4113,neighbor,False,WSD_CRITERIA_UNVERIFIED,999999999.0000000000,999999999.0000000000,0.2250000000,0.3000000000,0.7500000000,3.5000000000,0.8000000000,103,112,104,110,103,111
4114,neighbor,False,CONCRETE_OR_STEEL_STRESS,999999999.0000000000,999999999.0000000000,0.2000000000,0.2000000000,0.7500000000,3.5000000000,1.0000000000,104,111,104,110,103,112
4115,neighbor,False,WSD_CRITERIA_UNVERIFIED,999999999.0000000000,999999999.0000000000,0.2000000000,0.3000000000,0.6000000000,3.5000000000,1.0000000000,104,111,104,111,102,110
4116,neighbor,False,CONCRETE_OR_STEEL_STRESS,999999999.0000000000,999999999.0000000000,0.2000000000,0.2000000000,0.3500000000,3.5000000000,1.0000000000,103,112,104,110,103,112
4117,neighbor,False,CONCRETE_OR_STEEL_STRESS,999999999.0000000000,999999999.0000000000,0.2000000000,0.2000000000,0.7500000000,3.0000000000,1.0000000000,102,110,104,112,102,110
4118,neighbor,False,CONCRETE_OR_STEEL_STRESS,999999999.0000000000,999999999.0000000000,0.2000000000,0.2000000000,0.7500000000,3.5000000000,1.0000000000,103,111,103,111,102,110
4119,neighbor,False,WSD_CRITERIA_UNVERIFIED,999999999.0000000000,999999999.0000000000,0.2000000000,0.3000000000,0.7500000000,3.5000000000,1.0000000000,104,111,104,110,104,111
4120,neighbor,False,WSD_CRITERIA_UNVERIFIED,999999999.0000000000,999999999.0000000000,0.2250000000,0.3000000000,0.4000000000,3.0000000000,1.0000000000,104,112,104,110,102,111
4121,neighbor,False,CONCRETE_OR_STEEL_STRESS,999999999.0000000000,999999999.0000000000,0.2000000000,0.2000000000,0.4000000000,3.0000000000,1.0000000000,102,112,104,112,102,111
4122,neighbor,False,WSD_CRITERIA_UNVERIFIED,999999999.0000000000,999999999.0000000000,0.2000000000,0.3000000000,0.7500000000,3.5000000000,1.0000000000,104,110,104,112,104,110
4123,neighbor,False,WSD_CRITERIA_UNVERIFIED,999999999.0000000000,999999999.0000000000,0.2000000000,0.3500000000,0.4000000000,3.5000000000,1.0000000000,103,110,104,111,102,112
4124,neighbor,False,CONCRETE_OR_STEEL_STRESS,999999999.0000000000,999999999.0000000000,0.2000000000,0.2000000000,0.5000000000,3.5000000000,1.0000000000,102,110,104,110,102,112
4125,neighbor,False,CONCRETE_OR_STEEL_STRESS,999999999.0000000000,999999999.0000000000,0.2000000000,0.2000000000,0.7500000000,3.5000000000,0.9000000000,103,110,104,110,104,110
4126,neighbor,False,WSD_CRITERIA_UNVERIFIED,999999999.0000000000,999999999.0000000000,0.2000000000,0.3500000000,0.5500000000,3.0000000000,1.0000000000,104,110,102,112,102,110
4127,neighbor,False,WSD_CRITERIA_UNVERIFIED,999999999.0000000000,999999999.0000000000,0.2250000000,0.3500000000,0.5500000000,3.5000000000,0.8000000000,104,112,104,110,104,110
4128,neighbor,False,WSD_CRITERIA_UNVERIFIED,999999999.0000000000,999999999.0000000000,0.2250000000,0.3500000000,0.7000000000,3.5000000000,1.0000000000,103,111,104,110,103,110
4129,neighbor,False,CONCRETE_OR_STEEL_STRESS,999999999.0000000000,999999999.0000000000,0.2000000000,0.2500000000,0.7500000000,3.0000000000,0.8000000000,104,111,104,112,104,111
4130,neighbor,False,CONCRETE_OR_STEEL_STRESS,999999999.0000000000,999999999.0000000000,0.2000000000,0.2000000000,0.5500000000,3.0000000000,1.0000000000,102,110,104,110,103,110
4131,neighbor,False,CONCRETE_OR_STEEL_STRESS,999999999.0000000000,999999999.0000000000,0.2000000000,0.2000000000,0.5500000000,3.0000000000,1.0000000000,104,110,103,110,103,110
4132,neighbor,False,WSD_CRITERIA_UNVERIFIED,999999999.0000000000,999999999.0000000000,0.2000000000,0.3000000000,0.7000000000,3.0000000000,1.0000000000,104,111,102,110,104,110
4133,neighbor,False,WSD_CRITERIA_UNVERIFIED,999999999.0000000000,999999999.0000000000,0.2000000000,0.3000000000,0.7500000000,3.0000000000,1.0000000000,102,110,104,110,104,110
4134,neighbor,False,WSD_CRITERIA_UNVERIFIED,999999999.0000000000,999999999.0000000000,0.2000000000,0.3500000000,0.6000000000,3.5000000000,0.8000000000,103,112,103,110,103,112
4135,neighbor,False,CONCRETE_OR_STEEL_STRESS,999999999.0000000000,999999999.0000000000,0.2000000000,0.2000000000,0.6500000000,3.5000000000,1.0000000000,102,112,104,110,103,110
4136,neighbor,False,CONCRETE_OR_STEEL_STRESS,999999999.0000000000,999999999.0000000000,0.2250000000,0.2500000000,0.5000000000,3.0000000000,0.9000000000,102,110,104,110,104,110
4137,neighbor,False,CONCRETE_OR_STEEL_STRESS,999999999.0000000000,999999999.0000000000,0.2000000000,0.2000000000,0.6500000000,3.5000000000,0.9000000000,104,111,104,111,102,110
4138,neighbor,False,CONCRETE_OR_STEEL_STRESS,999999999.0000000000,999999999.0000000000,0.2000000000,0.2000000000,0.5000000000,3.5000000000,1.0000000000,103,112,102,110,103,110
4139,neighbor,False,CONCRETE_OR_STEEL_STRESS,999999999.0000000000,999999999.0000000000,0.2000000000,0.2000000000,0.4500000000,3.5000000000,1.0000000000,103,112,104,110,104,110
4140,neighbor,False,WSD_CRITERIA_UNVERIFIED,999999999.0000000000,999999999.0000000000,0.2250000000,0.3500000000,0.5500000000,3.5000000000,0.8000000000,103,110,104,110,104,111
4141,neighbor,False,WSD_CRITERIA_UNVERIFIED,999999999.0000000000,999999999.0000000000,0.2000000000,0.2500000000,0.7500000000,3.0000000000,0.9000000000,104,110,102,110,104,110
4142,neighbor,False,CONCRETE_OR_STEEL_STRESS,999999999.0000000000,999999999.0000000000,0.2000000000,0.2000000000,0.4500000000,3.5000000000,0.9000000000,103,111,104,111,103,110
4143,neighbor,False,WSD_CRITERIA_UNVERIFIED,999999999.0000000000,999999999.0000000000,0.2500000000,0.3000000000,0.7500000000,3.5000000000,1.0000000000,104,110,102,110,104,111
4144,neighbor,False,CONCRETE_OR_STEEL_STRESS,999999999.0000000000,999999999.0000000000,0.2000000000,0.2000000000,0.5000000000,3.5000000000,1.0000000000,102,112,103,112,102,110
4145,neighbor,False,CONCRETE_OR_STEEL_STRESS,999999999.0000000000,999999999.0000000000,0.2000000000,0.2000000000,0.7000000000,3.5000000000,1.0000000000,104,110,104,112,104,112
4146,neighbor,False,WSD_CRITERIA_UNVERIFIED,999999999.0000000000,999999999.0000000000,0.2000000000,0.3500000000,0.7000000000,3.0000000000,0.9000000000,102,111,104,110,102,110
4147,neighbor,False,CONCRETE_OR_STEEL_STRESS,999999999.0000000000,999999999.0000000000,0.2000000000,0.2000000000,0.7500000000,3.5000000000,1.0000000000,104,110,104,110,103,110
4148,neighbor,False,CONCRETE_OR_STEEL_STRESS,999999999.0000000000,999999999.0000000000,0.2000000000,0.2000000000,0.7500000000,3.5000000000,1.0000000000,103,110,102,112,104,110
4149,neighbor,False,CONCRETE_OR_STEEL_STRESS,999999999.0000000000,999999999.0000000000,0.2000000000,0.2000000000,0.5000000000,3.5000000000,1.0000000000,104,112,104,110,102,112
4150,neighbor,False,WSD_CRITERIA_UNVERIFIED,999999999.0000000000,999999999.0000000000,0.2500000000,0.3000000000,0.7500000000,3.5000000000,1.0000000000,102,110,104,111,103,110
4151,neighbor,False,CONCRETE_OR_STEEL_STRESS,999999999.0000000000,999999999.0000000000,0.2000000000,0.2000000000,0.7500000000,3.5000000000,1.0000000000,104,112,104,110,102,110
4152,neighbor,False,CONCRETE_OR_STEEL_STRESS,999999999.0000000000,999999999.0000000000,0.2000000000,0.2000000000,0.7000000000,3.5000000000,1.0000000000,104,112,104,110,103,110
4153,neighbor,False,CONCRETE_OR_STEEL_STRESS,999999999.0000000000,999999999.0000000000,0.2000000000,0.2500000000,0.3500000000,3.5000000000,0.8000000000,102,112,104,110,104,111
4154,neighbor,False,CONCRETE_OR_STEEL_STRESS,999999999.0000000000,999999999.0000000000,0.2000000000,0.2000000000,0.6000000000,3.5000000000,1.0000000000,104,110,102,110,103,110
4155,neighbor,False,WSD_CRITERIA_UNVERIFIED,999999999.0000000000,999999999.0000000000,0.2000000000,0.3000000000,0.6000000000,3.5000000000,1.0000000000,104,111,104,110,104,112
4156,neighbor,False,WSD_CRITERIA_UNVERIFIED,999999999.0000000000,999999999.0000000000,0.2250000000,0.3500000000,0.4500000000,3.5000000000,1.0000000000,104,112,104,111,102,110
4157,neighbor,False,WSD_CRITERIA_UNVERIFIED,999999999.0000000000,999999999.0000000000,0.2250000000,0.3000000000,0.3500000000,3.5000000000,0.9000000000,103,110,103,111,104,110
4158,neighbor,False,CONCRETE_OR_STEEL_STRESS,999999999.0000000000,999999999.0000000000,0.2500000000,0.2500000000,0.3500000000,3.5000000000,0.8000000000,102,110,103,112,104,110
4159,neighbor,False,WSD_CRITERIA_UNVERIFIED,999999999.0000000000,999999999.0000000000,0.2000000000,0.3500000000,0.3500000000,3.0000000000,0.8000000000,103,110,104,110,104,110
4160,neighbor,False,WSD_CRITERIA_UNVERIFIED,999999999.0000000000,999999999.0000000000,0.2250000000,0.3500000000,0.7000000000,3.0000000000,0.8000000000,104,110,104,110,104,110
4161,neighbor,False,WSD_CRITERIA_UNVERIFIED,999999999.0000000000,999999999.0000000000,0.2250000000,0.3500000000,0.7500000000,3.0000000000,1.0000000000,104,110,102,112,104,112
4162,neighbor,False,WSD_CRITERIA_UNVERIFIED,999999999.0000000000,999999999.0000000000,0.2500000000,0.3000000000,0.4500000000,3.5000000000,1.0000000000,104,112,104,112,104,111
4163,neighbor,False,CONCRETE_OR_STEEL_STRESS,999999999.0000000000,999999999.0000000000,0.2000000000,0.2000000000,0.7500000000,3.5000000000,1.0000000000,104,110,102,110,104,111
4164,neighbor,False,CONCRETE_OR_STEEL_STRESS,999999999.0000000000,999999999.0000000000,0.2250000000,0.2500000000,0.7000000000,3.5000000000,1.0000000000,103,112,104,111,102,110
4165,neighbor,False,WSD_CRITERIA_UNVERIFIED,999999999.0000000000,999999999.0000000000,0.2000000000,0.3000000000,0.6500000000,3.5000000000,1.0000000000,104,112,104,110,103,110
4166,neighbor,False,CONCRETE_OR_STEEL_STRESS,999999999.0000000000,999999999.0000000000,0.2500000000,0.2500000000,0.5500000000,3.5000000000,0.9000000000,103,110,104,110,103,110
4167,neighbor,False,CONCRETE_OR_STEEL_STRESS,999999999.0000000000,999999999.0000000000,0.2000000000,0.2500000000,0.5500000000,3.5000000000,1.0000000000,103,110,103,110,103,110
4168,neighbor,False,CONCRETE_OR_STEEL_STRESS,999999999.0000000000,999999999.0000000000,0.2000000000,0.2000000000,0.4500000000,3.5000000000,1.0000000000,104,110,104,110,104,110
4169,neighbor,False,WSD_CRITERIA_UNVERIFIED,999999999.0000000000,999999999.0000000000,0.2000000000,0.2500000000,0.7000000000,3.5000000000,1.0000000000,104,110,104,110,104,112
4170,neighbor,False,CONCRETE_OR_STEEL_STRESS,999999999.0000000000,999999999.0000000000,0.2000000000,0.2000000000,0.7500000000,3.5000000000,1.0000000000,104,110,104,110,102,110
4171,neighbor,False,WSD_CRITERIA_UNVERIFIED,999999999.0000000000,999999999.0000000000,0.2000000000,0.3000000000,0.4500000000,3.5000000000,0.9000000000,104,111,104,112,103,110
4172,neighbor,False,WSD_CRITERIA_UNVERIFIED,999999999.0000000000,999999999.0000000000,0.2500000000,0.3500000000,0.4500000000,3.0000000000,1.0000000000,103,111,104,110,104,112
4173,neighbor,False,CONCRETE_OR_STEEL_STRESS,999999999.0000000000,999999999.0000000000,0.2000000000,0.2000000000,0.7500000000,3.5000000000,0.8000000000,104,110,103,111,102,110
4174,neighbor,False,WSD_CRITERIA_UNVERIFIED,999999999.0000000000,999999999.0000000000,0.2500000000,0.3000000000,0.6000000000,3.5000000000,1.0000000000,104,110,104,111,104,112
4175,neighbor,False,CONCRETE_OR_STEEL_STRESS,999999999.0000000000,999999999.0000000000,0.2000000000,0.2000000000,0.5000000000,3.5000000000,0.8000000000,104,110,104,112,104,111
4176,neighbor,False,CONCRETE_OR_STEEL_STRESS,999999999.0000000000,999999999.0000000000,0.2000000000,0.2500000000,0.7500000000,3.5000000000,1.0000000000,104,112,104,111,104,110
4177,neighbor,False,CONCRETE_OR_STEEL_STRESS,999999999.0000000000,999999999.0000000000,0.2000000000,0.2000000000,0.7000000000,3.0000000000,1.0000000000,102,110,104,110,102,110
4178,neighbor,False,CONCRETE_OR_STEEL_STRESS,999999999.0000000000,999999999.0000000000,0.2000000000,0.2000000000,0.6500000000,3.5000000000,0.8000000000,103,111,103,110,102,112
4179,neighbor,False,CONCRETE_OR_STEEL_STRESS,999999999.0000000000,999999999.0000000000,0.2000000000,0.3000000000,0.5000000000,3.5000000000,0.8000000000,102,112,104,112,102,110
4180,neighbor,False,CONCRETE_OR_STEEL_STRESS,999999999.0000000000,999999999.0000000000,0.2000000000,0.2000000000,0.4500000000,3.0000000000,0.9000000000,104,110,104,110,104,111
4181,neighbor,False,CONCRETE_OR_STEEL_STRESS,999999999.0000000000,999999999.0000000000,0.2000000000,0.2000000000,0.5500000000,3.5000000000,1.0000000000,103,110,104,110,104,110
4182,neighbor,False,CONCRETE_OR_STEEL_STRESS,999999999.0000000000,999999999.0000000000,0.2000000000,0.2000000000,0.6000000000,3.0000000000,1.0000000000,104,111,102,110,104,112
4183,neighbor,False,CONCRETE_OR_STEEL_STRESS,999999999.0000000000,999999999.0000000000,0.2000000000,0.2500000000,0.7500000000,3.5000000000,0.8000000000,104,111,104,111,104,112
4184,neighbor,False,CONCRETE_OR_STEEL_STRESS,999999999.0000000000,999999999.0000000000,0.2000000000,0.2000000000,0.5000000000,3.0000000000,1.0000000000,104,110,102,112,104,110
4185,neighbor,False,CONCRETE_OR_STEEL_STRESS,999999999.0000000000,999999999.0000000000,0.2000000000,0.2000000000,0.4500000000,3.5000000000,1.0000000000,102,110,104,111,103,110
4186,neighbor,False,CONCRETE_OR_STEEL_STRESS,999999999.0000000000,999999999.0000000000,0.2000000000,0.2500000000,0.3500000000,3.5000000000,1.0000000000,103,110,104,110,104,110
4187,neighbor,False,CONCRETE_OR_STEEL_STRESS,999999999.0000000000,999999999.0000000000,0.2000000000,0.2000000000,0.3500000000,3.5000000000,1.0000000000,104,112,103,110,104,110
4188,neighbor,False,CONCRETE_OR_STEEL_STRESS,999999999.0000000000,999999999.0000000000,0.2000000000,0.2000000000,0.5500000000,3.5000000000,1.0000000000,104,110,104,111,103,110
4189,neighbor,False,WSD_CRITERIA_UNVERIFIED,999999999.0000000000,999999999.0000000000,0.2000000000,0.3000000000,0.7500000000,3.0000000000,1.0000000000,102,110,102,112,104,110
4190,neighbor,False,CONCRETE_OR_STEEL_STRESS,999999999.0000000000,999999999.0000000000,0.2000000000,0.2000000000,0.4500000000,3.5000000000,0.8000000000,104,110,104,111,104,111
4191,neighbor,False,CONCRETE_OR_STEEL_STRESS,999999999.0000000000,999999999.0000000000,0.2000000000,0.2000000000,0.6500000000,3.5000000000,1.0000000000,103,112,104,111,104,110
4192,neighbor,False,CONCRETE_OR_STEEL_STRESS,999999999.0000000000,999999999.0000000000,0.2000000000,0.2500000000,0.4000000000,3.5000000000,0.8000000000,104,111,103,111,102,111
4193,neighbor,False,CONCRETE_OR_STEEL_STRESS,999999999.0000000000,999999999.0000000000,0.2000000000,0.2000000000,0.7500000000,3.0000000000,0.9000000000,104,111,104,111,104,111
4194,neighbor,False,CONCRETE_OR_STEEL_STRESS,999999999.0000000000,999999999.0000000000,0.2000000000,0.2000000000,0.6000000000,3.0000000000,0.8000000000,104,110,103,112,104,112
4195,neighbor,False,WSD_CRITERIA_UNVERIFIED,999999999.0000000000,999999999.0000000000,0.2000000000,0.3000000000,0.4500000000,3.0000000000,1.0000000000,104,111,104,111,102,111
4196,neighbor,False,CONCRETE_OR_STEEL_STRESS,999999999.0000000000,999999999.0000000000,0.2000000000,0.2000000000,0.5500000000,3.5000000000,1.0000000000,103,111,104,110,102,111
4197,neighbor,False,WSD_CRITERIA_UNVERIFIED,999999999.0000000000,999999999.0000000000,0.2500000000,0.2500000000,0.7500000000,3.0000000000,1.0000000000,104,110,104,110,104,110
4198,neighbor,False,CONCRETE_OR_STEEL_STRESS,999999999.0000000000,999999999.0000000000,0.2000000000,0.2000000000,0.4000000000,3.5000000000,0.8000000000,102,111,103,111,104,112
4199,neighbor,False,CONCRETE_OR_STEEL_STRESS,999999999.0000000000,999999999.0000000000,0.2000000000,0.2000000000,0.5500000000,3.5000000000,1.0000000000,104,110,104,112,102,110
4200,neighbor,False,WSD_CRITERIA_UNVERIFIED,999999999.0000000000,999999999.0000000000,0.2000000000,0.3500000000,0.5500000000,3.0000000000,0.8000000000,104,110,102,110,104,112
4201,neighbor,False,CONCRETE_OR_STEEL_STRESS,999999999.0000000000,999999999.0000000000,0.2000000000,0.2000000000,0.5000000000,3.0000000000,0.9000000000,103,110,104,110,104,111
4202,neighbor,False,CONCRETE_OR_STEEL_STRESS,999999999.0000000000,999999999.0000000000,0.2000000000,0.2500000000,0.4500000000,3.5000000000,1.0000000000,104,111,104,110,103,110
4203,neighbor,False,WSD_CRITERIA_UNVERIFIED,999999999.0000000000,999999999.0000000000,0.2500000000,0.3500000000,0.7000000000,3.5000000000,0.8000000000,103,110,104,110,103,112
4204,neighbor,False,CONCRETE_OR_STEEL_STRESS,999999999.0000000000,999999999.0000000000,0.2000000000,0.2000000000,0.7000000000,3.5000000000,1.0000000000,102,110,103,110,103,111
4205,neighbor,False,WSD_CRITERIA_UNVERIFIED,999999999.0000000000,999999999.0000000000,0.2000000000,0.3000000000,0.7500000000,3.5000000000,1.0000000000,102,110,103,111,104,112
4206,neighbor,False,CONCRETE_OR_STEEL_STRESS,999999999.0000000000,999999999.0000000000,0.2000000000,0.2000000000,0.5500000000,3.0000000000,1.0000000000,104,111,103,112,102,110
4207,neighbor,False,WSD_CRITERIA_UNVERIFIED,999999999.0000000000,999999999.0000000000,0.2500000000,0.3500000000,0.4000000000,3.5000000000,0.8000000000,104,110,104,112,104,110
4208,neighbor,False,CONCRETE_OR_STEEL_STRESS,999999999.0000000000,999999999.0000000000,0.2000000000,0.2000000000,0.5500000000,3.5000000000,1.0000000000,104,110,103,110,103,110
4209,neighbor,False,WSD_CRITERIA_UNVERIFIED,999999999.0000000000,999999999.0000000000,0.2500000000,0.3500000000,0.4500000000,3.0000000000,0.9000000000,104,111,104,110,104,111
4210,neighbor,False,WSD_CRITERIA_UNVERIFIED,999999999.0000000000,999999999.0000000000,0.2500000000,0.3500000000,0.4500000000,3.5000000000,1.0000000000,104,112,104,112,103,110
4211,neighbor,False,CONCRETE_OR_STEEL_STRESS,999999999.0000000000,999999999.0000000000,0.2000000000,0.2000000000,0.4000000000,3.5000000000,1.0000000000,104,110,104,111,104,111
4212,neighbor,False,CONCRETE_OR_STEEL_STRESS,999999999.0000000000,999999999.0000000000,0.2000000000,0.2000000000,0.6000000000,3.0000000000,1.0000000000,104,112,103,110,102,110
4213,neighbor,False,WSD_CRITERIA_UNVERIFIED,999999999.0000000000,999999999.0000000000,0.2250000000,0.2500000000,0.7500000000,3.0000000000,1.0000000000,103,110,104,110,103,110
4214,neighbor,False,CONCRETE_OR_STEEL_STRESS,999999999.0000000000,999999999.0000000000,0.2000000000,0.2000000000,0.6500000000,3.0000000000,1.0000000000,104,110,102,110,102,112
4215,neighbor,False,WSD_CRITERIA_UNVERIFIED,999999999.0000000000,999999999.0000000000,0.2000000000,0.2500000000,0.7500000000,3.0000000000,0.9000000000,104,110,104,110,104,110
4216,neighbor,False,CONCRETE_OR_STEEL_STRESS,999999999.0000000000,999999999.0000000000,0.2000000000,0.2000000000,0.5000000000,3.0000000000,0.8000000000,104,110,104,110,104,112
4217,neighbor,False,CONCRETE_OR_STEEL_STRESS,999999999.0000000000,999999999.0000000000,0.2000000000,0.2000000000,0.4000000000,3.5000000000,1.0000000000,104,110,104,110,103,112
4218,neighbor,False,CONCRETE_OR_STEEL_STRESS,999999999.0000000000,999999999.0000000000,0.2000000000,0.2000000000,0.6000000000,3.0000000000,1.0000000000,102,110,103,110,104,110
4219,neighbor,False,CONCRETE_OR_STEEL_STRESS,999999999.0000000000,999999999.0000000000,0.2000000000,0.2000000000,0.4500000000,3.5000000000,1.0000000000,102,110,104,111,104,112
4220,neighbor,False,WSD_CRITERIA_UNVERIFIED,999999999.0000000000,999999999.0000000000,0.2500000000,0.2500000000,0.7000000000,3.0000000000,0.9000000000,104,110,104,110,102,110
4221,reset,False,WSD_CRITERIA_UNVERIFIED,999999999.0000000000,999999999.0000000000,0.2000000000,0.5000000000,0.4500000000,3.0000000000,1.0000000000,104,110,104,110,104,110
4222,neighbor,False,WSD_CRITERIA_UNVERIFIED,999999999.0000000000,999999999.0000000000,0.2000000000,0.4000000000,0.3000000000,2.5000000000,1.0000000000,104,112,104,111,104,110
4223,neighbor,False,WSD_CRITERIA_UNVERIFIED,999999999.0000000000,999999999.0000000000,0.2000000000,0.4000000000,0.5500000000,2.5000000000,0.9000000000,104,110,103,110,104,110
4224,neighbor,False,WSD_CRITERIA_UNVERIFIED,999999999.0000000000,999999999.0000000000,0.2250000000,0.6000000000,0.5000000000,3.0000000000,0.9000000000,104,111,104,110,104,110
4225,neighbor,False,WSD_CRITERIA_UNVERIFIED,999999999.0000000000,999999999.0000000000,0.2000000000,0.5500000000,0.5500000000,3.0000000000,0.9000000000,104,111,104,111,104,110
4226,neighbor,False,INVALID_GEOMETRY_OR_INPUT,999999999.0000000000,999999999.0000000000,0.2250000000,0.5500000000,0.6500000000,2.5000000000,1.0000000000,104,112,102,111,104,112
4227,neighbor,False,INVALID_GEOMETRY_OR_INPUT,999999999.0000000000,999999999.0000000000,0.2250000000,0.5000000000,0.3000000000,2.5000000000,1.0000000000,103,110,104,110,104,111
4228,neighbor,False,WSD_CRITERIA_UNVERIFIED,999999999.0000000000,999999999.0000000000,0.2500000000,0.5000000000,0.4000000000,3.0000000000,1.0000000000,103,110,104,111,102,112
4229,neighbor,False,INVALID_GEOMETRY_OR_INPUT,999999999.0000000000,999999999.0000000000,0.2000000000,0.6000000000,0.3000000000,2.5000000000,1.0000000000,102,111,104,111,104,110
4230,neighbor,False,INVALID_GEOMETRY_OR_INPUT,999999999.0000000000,999999999.0000000000,0.2500000000,0.5500000000,0.6500000000,2.5000000000,1.0000000000,103,110,104,111,103,110
4231,neighbor,False,INVALID_GEOMETRY_OR_INPUT,999999999.0000000000,999999999.0000000000,0.2250000000,0.5000000000,0.4500000000,2.5000000000,1.0000000000,104,110,103,111,104,110
4232,neighbor,False,INVALID_GEOMETRY_OR_INPUT,999999999.0000000000,999999999.0000000000,0.2000000000,0.5000000000,0.3000000000,2.5000000000,1.0000000000,102,111,102,112,104,110
4233,neighbor,False,WSD_CRITERIA_UNVERIFIED,999999999.0000000000,999999999.0000000000,0.2000000000,0.5000000000,0.3500000000,3.0000000000,0.8000000000,104,112,104,110,103,112
4234,neighbor,False,WSD_CRITERIA_UNVERIFIED,999999999.0000000000,999999999.0000000000,0.2000000000,0.4000000000,0.6500000000,2.5000000000,1.0000000000,104,110,104,110,103,110
4235,neighbor,False,WSD_CRITERIA_UNVERIFIED,999999999.0000000000,999999999.0000000000,0.2000000000,0.5000000000,0.3000000000,2.5000000000,0.9000000000,102,110,104,110,104,110
4236,neighbor,False,WSD_CRITERIA_UNVERIFIED,999999999.0000000000,999999999.0000000000,0.2000000000,0.4000000000,0.5500000000,3.0000000000,1.0000000000,103,111,103,112,102,111
4237,neighbor,False,WSD_CRITERIA_UNVERIFIED,999999999.0000000000,999999999.0000000000,0.2250000000,0.4000000000,0.4500000000,2.5000000000,1.0000000000,104,111,104,112,104,111
4238,neighbor,False,WSD_CRITERIA_UNVERIFIED,999999999.0000000000,999999999.0000000000,0.2000000000,0.5000000000,0.7000000000,3.5000000000,1.0000000000,103,110,103,112,104,110
4239,neighbor,False,WSD_CRITERIA_UNVERIFIED,999999999.0000000000,999999999.0000000000,0.2500000000,0.4500000000,0.3000000000,2.5000000000,0.8000000000,103,111,104,111,102,111
4240,neighbor,False,WSD_CRITERIA_UNVERIFIED,999999999.0000000000,999999999.0000000000,0.2250000000,0.5500000000,0.6500000000,3.0000000000,1.0000000000,104,112,104,110,102,111
4241,neighbor,False,WSD_CRITERIA_UNVERIFIED,999999999.0000000000,999999999.0000000000,0.2500000000,0.5500000000,0.3000000000,3.5000000000,0.9000000000,104,110,104,110,103,110
4242,neighbor,False,WSD_CRITERIA_UNVERIFIED,999999999.0000000000,999999999.0000000000,0.2000000000,0.5500000000,0.4000000000,3.5000000000,1.0000000000,104,110,104,110,103,110
4243,neighbor,False,WSD_CRITERIA_UNVERIFIED,999999999.0000000000,999999999.0000000000,0.2000000000,0.4000000000,0.3000000000,3.0000000000,0.8000000000,104,112,104,110,103,110
4244,neighbor,False,WSD_CRITERIA_UNVERIFIED,999999999.0000000000,999999999.0000000000,0.2000000000,0.4000000000,0.3000000000,3.0000000000,0.8000000000,104,110,102,110,104,110
4245,neighbor,False,WSD_CRITERIA_UNVERIFIED,999999999.0000000000,999999999.0000000000,0.2000000000,0.5000000000,0.3500000000,3.0000000000,1.0000000000,103,110,104,112,102,111
4246,neighbor,False,WSD_CRITERIA_UNVERIFIED,999999999.0000000000,999999999.0000000000,0.2000000000,0.5000000000,0.4000000000,3.5000000000,1.0000000000,104,110,103,110,102,110
4247,neighbor,False,WSD_CRITERIA_UNVERIFIED,999999999.0000000000,999999999.0000000000,0.2000000000,0.5000000000,0.3500000000,3.0000000000,1.0000000000,104,112,104,110,104,110
4248,neighbor,False,WSD_CRITERIA_UNVERIFIED,999999999.0000000000,999999999.0000000000,0.2000000000,0.5500000000,0.4500000000,3.5000000000,0.8000000000,104,111,104,110,102,110
4249,neighbor,False,WSD_CRITERIA_UNVERIFIED,999999999.0000000000,999999999.0000000000,0.2500000000,0.4500000000,0.4000000000,3.5000000000,0.8000000000,104,112,104,112,104,110
4250,neighbor,False,WSD_CRITERIA_UNVERIFIED,999999999.0000000000,999999999.0000000000,0.2000000000,0.5000000000,0.5000000000,3.0000000000,0.8000000000,104,110,104,110,104,110
4251,neighbor,False,WSD_CRITERIA_UNVERIFIED,999999999.0000000000,999999999.0000000000,0.2250000000,0.6000000000,0.4000000000,3.5000000000,0.8000000000,104,110,102,110,103,112
4252,neighbor,False,WSD_CRITERIA_UNVERIFIED,999999999.0000000000,999999999.0000000000,0.2000000000,0.6000000000,0.4000000000,3.0000000000,1.0000000000,104,110,103,112,104,110
4253,neighbor,False,WSD_CRITERIA_UNVERIFIED,999999999.0000000000,999999999.0000000000,0.2000000000,0.5500000000,0.4000000000,2.5000000000,0.9000000000,103,112,102,110,104,110
4254,neighbor,False,INVALID_GEOMETRY_OR_INPUT,999999999.0000000000,999999999.0000000000,0.2000000000,0.5500000000,0.4000000000,2.5000000000,1.0000000000,104,110,104,110,102,112
4255,neighbor,False,WSD_CRITERIA_UNVERIFIED,999999999.0000000000,999999999.0000000000,0.2000000000,0.5000000000,0.3000000000,2.5000000000,0.8000000000,103,111,104,111,104,110
4256,neighbor,False,WSD_CRITERIA_UNVERIFIED,999999999.0000000000,999999999.0000000000,0.2250000000,0.6000000000,0.6500000000,3.5000000000,0.9000000000,103,110,104,111,102,110
4257,neighbor,False,WSD_CRITERIA_UNVERIFIED,999999999.0000000000,999999999.0000000000,0.2000000000,0.4500000000,0.4500000000,3.5000000000,1.0000000000,103,112,104,112,103,111
4258,neighbor,False,WSD_CRITERIA_UNVERIFIED,999999999.0000000000,999999999.0000000000,0.2000000000,0.6000000000,0.6500000000,3.0000000000,1.0000000000,104,110,104,110,104,110
4259,neighbor,False,WSD_CRITERIA_UNVERIFIED,999999999.0000000000,999999999.0000000000,0.2250000000,0.5500000000,0.7000000000,3.0000000000,1.0000000000,104,112,104,110,104,110
4260,neighbor,False,WSD_CRITERIA_UNVERIFIED,999999999.0000000000,999999999.0000000000,0.2000000000,0.4000000000,0.3000000000,3.0000000000,1.0000000000,104,112,104,110,102,110
4261,neighbor,False,WSD_CRITERIA_UNVERIFIED,999999999.0000000000,999999999.0000000000,0.2000000000,0.6000000000,0.3000000000,3.5000000000,0.8000000000,104,111,104,111,104,112
4262,neighbor,False,WSD_CRITERIA_UNVERIFIED,999999999.0000000000,999999999.0000000000,0.2250000000,0.5000000000,0.3500000000,3.0000000000,0.8000000000,104,110,102,110,104,110
4263,neighbor,False,WSD_CRITERIA_UNVERIFIED,999999999.0000000000,999999999.0000000000,0.2000000000,0.4000000000,0.6500000000,3.0000000000,1.0000000000,103,110,104,112,104,110
4264,neighbor,False,WSD_CRITERIA_UNVERIFIED,999999999.0000000000,999999999.0000000000,0.2000000000,0.4500000000,0.6000000000,3.5000000000,1.0000000000,104,112,102,110,104,110
4265,neighbor,False,WSD_CRITERIA_UNVERIFIED,999999999.0000000000,999999999.0000000000,0.2000000000,0.5500000000,0.3000000000,3.5000000000,0.9000000000,104,110,103,110,102,110
4266,neighbor,False,WSD_CRITERIA_UNVERIFIED,999999999.0000000000,999999999.0000000000,0.2000000000,0.4500000000,0.3000000000,2.5000000000,1.0000000000,103,111,103,112,103,112
4267,neighbor,False,WSD_CRITERIA_UNVERIFIED,999999999.0000000000,999999999.0000000000,0.2000000000,0.4500000000,0.6500000000,2.5000000000,0.8000000000,104,110,103,110,104,110
4268,neighbor,False,WSD_CRITERIA_UNVERIFIED,999999999.0000000000,999999999.0000000000,0.2000000000,0.5000000000,0.3000000000,3.5000000000,1.0000000000,103,110,104,110,104,110
4269,neighbor,False,WSD_CRITERIA_UNVERIFIED,999999999.0000000000,999999999.0000000000,0.2500000000,0.6000000000,0.4000000000,3.0000000000,0.8000000000,104,112,104,112,103,112
4270,neighbor,False,WSD_CRITERIA_UNVERIFIED,999999999.0000000000,999999999.0000000000,0.2250000000,0.4000000000,0.6500000000,3.5000000000,0.8000000000,104,110,103,111,104,112
4271,neighbor,False,WSD_CRITERIA_UNVERIFIED,999999999.0000000000,999999999.0000000000,0.2000000000,0.4000000000,0.7000000000,2.5000000000,0.9000000000,104,110,104,111,104,112
4272,neighbor,False,WSD_CRITERIA_UNVERIFIED,999999999.0000000000,999999999.0000000000,0.2000000000,0.4500000000,0.6500000000,2.5000000000,0.9000000000,104,110,104,112,103,110
4273,neighbor,False,WSD_CRITERIA_UNVERIFIED,999999999.0000000000,999999999.0000000000,0.2500000000,0.5500000000,0.4500000000,3.0000000000,1.0000000000,104,110,102,110,103,112
4274,neighbor,False,INVALID_GEOMETRY_OR_INPUT,999999999.0000000000,999999999.0000000000,0.2500000000,0.6000000000,0.6500000000,2.5000000000,1.0000000000,104,110,104,111,104,111
4275,neighbor,False,CONCRETE_OR_STEEL_STRESS,999999999.0000000000,999999999.0000000000,0.2000000000,0.4000000000,0.3000000000,3.5000000000,0.8000000000,102,112,104,110,104,110
4276,neighbor,False,INVALID_GEOMETRY_OR_INPUT,999999999.0000000000,999999999.0000000000,0.2250000000,0.6000000000,0.6500000000,2.5000000000,1.0000000000,103,112,104,112,104,110
4277,neighbor,False,WSD_CRITERIA_UNVERIFIED,999999999.0000000000,999999999.0000000000,0.2250000000,0.4000000000,0.5000000000,3.0000000000,0.9000000000,103,110,102,110,104,110
4278,neighbor,False,WSD_CRITERIA_UNVERIFIED,999999999.0000000000,999999999.0000000000,0.2500000000,0.5000000000,0.5000000000,3.0000000000,0.8000000000,103,110,103,112,104,110
4279,neighbor,False,WSD_CRITERIA_UNVERIFIED,999999999.0000000000,999999999.0000000000,0.2000000000,0.5500000000,0.3000000000,3.0000000000,1.0000000000,104,110,103,110,103,110
4280,neighbor,False,WSD_CRITERIA_UNVERIFIED,999999999.0000000000,999999999.0000000000,0.2250000000,0.4000000000,0.3000000000,2.5000000000,0.8000000000,104,110,103,110,104,110
4281,neighbor,False,INVALID_GEOMETRY_OR_INPUT,999999999.0000000000,999999999.0000000000,0.2000000000,0.5000000000,0.4500000000,2.5000000000,1.0000000000,104,110,102,110,103,110
4282,neighbor,False,WSD_CRITERIA_UNVERIFIED,999999999.0000000000,999999999.0000000000,0.2250000000,0.5000000000,0.5500000000,3.0000000000,1.0000000000,102,111,104,110,104,112
4283,neighbor,False,WSD_CRITERIA_UNVERIFIED,999999999.0000000000,999999999.0000000000,0.2000000000,0.5500000000,0.6000000000,3.0000000000,1.0000000000,102,111,104,111,102,110
4284,neighbor,False,WSD_CRITERIA_UNVERIFIED,999999999.0000000000,999999999.0000000000,0.2000000000,0.5500000000,0.6000000000,3.5000000000,0.9000000000,104,112,104,110,103,110
4285,neighbor,False,WSD_CRITERIA_UNVERIFIED,999999999.0000000000,999999999.0000000000,0.2000000000,0.4500000000,0.4500000000,2.5000000000,0.8000000000,104,112,104,110,104,110
4286,neighbor,False,WSD_CRITERIA_UNVERIFIED,999999999.0000000000,999999999.0000000000,0.2250000000,0.6000000000,0.4000000000,2.5000000000,0.8000000000,103,111,102,111,102,112
4287,neighbor,False,WSD_CRITERIA_UNVERIFIED,999999999.0000000000,999999999.0000000000,0.2000000000,0.5500000000,0.3000000000,2.5000000000,0.9000000000,102,110,103,110,102,110
4288,neighbor,False,INVALID_GEOMETRY_OR_INPUT,999999999.0000000000,999999999.0000000000,0.2250000000,0.5000000000,0.4500000000,2.5000000000,1.0000000000,104,110,104,112,104,112
4289,neighbor,False,WSD_CRITERIA_UNVERIFIED,999999999.0000000000,999999999.0000000000,0.2250000000,0.5500000000,0.6000000000,3.0000000000,0.9000000000,104,110,104,112,104,110
4290,neighbor,False,WSD_CRITERIA_UNVERIFIED,999999999.0000000000,999999999.0000000000,0.2000000000,0.6000000000,0.4500000000,3.0000000000,0.9000000000,104,111,104,110,102,110
4291,neighbor,False,WSD_CRITERIA_UNVERIFIED,999999999.0000000000,999999999.0000000000,0.2000000000,0.4500000000,0.5000000000,3.5000000000,1.0000000000,104,111,103,110,103,112
4292,neighbor,False,WSD_CRITERIA_UNVERIFIED,999999999.0000000000,999999999.0000000000,0.2250000000,0.5500000000,0.5500000000,3.0000000000,1.0000000000,104,111,104,112,104,110
4293,neighbor,False,INVALID_GEOMETRY_OR_INPUT,999999999.0000000000,999999999.0000000000,0.2250000000,0.6000000000,0.5500000000,2.5000000000,1.0000000000,104,110,104,111,104,111
4294,neighbor,False,WSD_CRITERIA_UNVERIFIED,999999999.0000000000,999999999.0000000000,0.2000000000,0.5000000000,0.3000000000,3.0000000000,1.0000000000,102,110,102,111,103,110
4295,neighbor,False,WSD_CRITERIA_UNVERIFIED,999999999.0000000000,999999999.0000000000,0.2250000000,0.4500000000,0.3000000000,2.5000000000,0.8000000000,104,111,102,112,102,112
4296,neighbor,False,WSD_CRITERIA_UNVERIFIED,999999999.0000000000,999999999.0000000000,0.2500000000,0.4500000000,0.5500000000,3.0000000000,0.9000000000,103,112,102,110,104,111
4297,neighbor,False,WSD_CRITERIA_UNVERIFIED,999999999.0000000000,999999999.0000000000,0.2000000000,0.5000000000,0.3000000000,3.0000000000,1.0000000000,104,111,104,110,103,111
4298,neighbor,False,WSD_CRITERIA_UNVERIFIED,999999999.0000000000,999999999.0000000000,0.2250000000,0.4500000000,0.3000000000,3.5000000000,1.0000000000,104,110,104,112,104,111
4299,neighbor,False,WSD_CRITERIA_UNVERIFIED,999999999.0000000000,999999999.0000000000,0.2500000000,0.6000000000,0.4500000000,3.5000000000,1.0000000000,103,110,103,112,102,110
4300,neighbor,False,INVALID_GEOMETRY_OR_INPUT,999999999.0000000000,999999999.0000000000,0.2500000000,0.5000000000,0.5000000000,2.5000000000,1.0000000000,104,110,102,110,103,111
4301,neighbor,False,WSD_CRITERIA_UNVERIFIED,999999999.0000000000,999999999.0000000000,0.2250000000,0.4000000000,0.6000000000,2.5000000000,1.0000000000,103,112,104,112,103,110
4302,neighbor,False,WSD_CRITERIA_UNVERIFIED,999999999.0000000000,999999999.0000000000,0.2000000000,0.6000000000,0.3000000000,2.5000000000,0.9000000000,103,110,102,112,102,112
4303,neighbor,False,WSD_CRITERIA_UNVERIFIED,999999999.0000000000,999999999.0000000000,0.2250000000,0.5000000000,0.4500000000,3.0000000000,1.0000000000,104,110,103,110,102,112
4304,neighbor,False,WSD_CRITERIA_UNVERIFIED,999999999.0000000000,999999999.0000000000,0.2500000000,0.5000000000,0.4500000000,3.5000000000,1.0000000000,103,110,102,110,103,110
4305,neighbor,False,WSD_CRITERIA_UNVERIFIED,999999999.0000000000,999999999.0000000000,0.2250000000,0.6000000000,0.4500000000,3.5000000000,1.0000000000,104,110,104,110,103,112
4306,neighbor,False,WSD_CRITERIA_UNVERIFIED,999999999.0000000000,999999999.0000000000,0.2000000000,0.4000000000,0.6500000000,3.0000000000,0.9000000000,103,110,104,111,104,110
4307,neighbor,False,WSD_CRITERIA_UNVERIFIED,999999999.0000000000,999999999.0000000000,0.2000000000,0.5000000000,0.3500000000,3.0000000000,1.0000000000,104,110,104,110,103,110
4308,neighbor,False,WSD_CRITERIA_UNVERIFIED,999999999.0000000000,999999999.0000000000,0.2000000000,0.4500000000,0.6500000000,2.5000000000,1.0000000000,104,110,104,112,104,111
4309,neighbor,False,WSD_CRITERIA_UNVERIFIED,999999999.0000000000,999999999.0000000000,0.2250000000,0.6000000000,0.3000000000,3.0000000000,1.0000000000,104,110,104,111,104,110
4310,neighbor,False,INVALID_GEOMETRY_OR_INPUT,999999999.0000000000,999999999.0000000000,0.2000000000,0.6000000000,0.3000000000,2.5000000000,1.0000000000,104,111,102,110,104,110
4311,neighbor,False,WSD_CRITERIA_UNVERIFIED,999999999.0000000000,999999999.0000000000,0.2500000000,0.5500000000,0.4500000000,3.0000000000,1.0000000000,104,110,103,110,104,110
4312,neighbor,False,WSD_CRITERIA_UNVERIFIED,999999999.0000000000,999999999.0000000000,0.2250000000,0.5500000000,0.3000000000,3.5000000000,1.0000000000,104,111,104,110,103,111
4313,neighbor,False,WSD_CRITERIA_UNVERIFIED,999999999.0000000000,999999999.0000000000,0.2000000000,0.5500000000,0.6000000000,3.5000000000,0.8000000000,103,111,102,110,104,110
4314,neighbor,False,WSD_CRITERIA_UNVERIFIED,999999999.0000000000,999999999.0000000000,0.2000000000,0.6000000000,0.5000000000,3.5000000000,0.8000000000,103,110,103,111,103,110
4315,neighbor,False,INVALID_GEOMETRY_OR_INPUT,999999999.0000000000,999999999.0000000000,0.2500000000,0.5500000000,0.6500000000,2.5000000000,1.0000000000,104,110,104,110,102,110
4316,neighbor,False,WSD_CRITERIA_UNVERIFIED,999999999.0000000000,999999999.0000000000,0.2000000000,0.4000000000,0.3000000000,2.5000000000,1.0000000000,104,110,104,110,104,110
4317,neighbor,False,WSD_CRITERIA_UNVERIFIED,999999999.0000000000,999999999.0000000000,0.2250000000,0.6000000000,0.6000000000,3.5000000000,0.9000000000,104,111,104,112,104,110
4318,neighbor,False,WSD_CRITERIA_UNVERIFIED,999999999.0000000000,999999999.0000000000,0.2000000000,0.6000000000,0.3000000000,2.5000000000,0.9000000000,104,111,104,112,103,110
4319,neighbor,False,WSD_CRITERIA_UNVERIFIED,999999999.0000000000,999999999.0000000000,0.2500000000,0.4000000000,0.6500000000,3.5000000000,1.0000000000,104,111,104,111,104,111
4320,neighbor,False,WSD_CRITERIA_UNVERIFIED,999999999.0000000000,999999999.0000000000,0.2000000000,0.4000000000,0.3000000000,3.5000000000,0.9000000000,103,110,104,110,104,112
4321,neighbor,False,WSD_CRITERIA_UNVERIFIED,999999999.0000000000,999999999.0000000000,0.2000000000,0.4500000000,0.6500000000,3.5000000000,1.0000000000,102,110,104,111,104,111
4322,neighbor,False,WSD_CRITERIA_UNVERIFIED,999999999.0000000000,999999999.0000000000,0.2000000000,0.5500000000,0.5000000000,3.0000000000,1.0000000000,103,112,103,110,103,110
4323,neighbor,False,WSD_CRITERIA_UNVERIFIED,999999999.0000000000,999999999.0000000000,0.2000000000,0.4000000000,0.5500000000,3.5000000000,1.0000000000,102,110,102,110,104,111
4324,neighbor,False,WSD_CRITERIA_UNVERIFIED,999999999.0000000000,999999999.0000000000,0.2250000000,0.5000000000,0.3000000000,3.0000000000,1.0000000000,104,112,104,112,104,112
4325,neighbor,False,WSD_CRITERIA_UNVERIFIED,999999999.0000000000,999999999.0000000000,0.2250000000,0.4500000000,0.6500000000,3.0000000000,0.9000000000,103,110,102,110,104,110
4326,neighbor,False,WSD_CRITERIA_UNVERIFIED,999999999.0000000000,999999999.0000000000,0.2500000000,0.4500000000,0.4000000000,2.5000000000,0.9000000000,103,112,103,110,104,112
4327,neighbor,False,WSD_CRITERIA_UNVERIFIED,999999999.0000000000,999999999.0000000000,0.2500000000,0.4500000000,0.5000000000,3.5000000000,0.9000000000,104,112,104,110,103,110
4328,neighbor,False,WSD_CRITERIA_UNVERIFIED,999999999.0000000000,999999999.0000000000,0.2000000000,0.6000000000,0.4500000000,3.0000000000,0.9000000000,102,110,103,112,104,110
4329,neighbor,False,WSD_CRITERIA_UNVERIFIED,999999999.0000000000,999999999.0000000000,0.2000000000,0.4500000000,0.3000000000,2.5000000000,1.0000000000,103,112,104,110,104,111
4330,neighbor,False,WSD_CRITERIA_UNVERIFIED,999999999.0000000000,999999999.0000000000,0.2000000000,0.6000000000,0.3000000000,3.5000000000,1.0000000000,104,112,104,110,102,110
4331,neighbor,False,WSD_CRITERIA_UNVERIFIED,999999999.0000000000,999999999.0000000000,0.2500000000,0.4500000000,0.5500000000,2.5000000000,1.0000000000,104,110,104,110,104,110
4332,neighbor,False,WSD_CRITERIA_UNVERIFIED,999999999.0000000000,999999999.0000000000,0.2000000000,0.4500000000,0.7000000000,3.5000000000,1.0000000000,104,110,104,112,104,110
4333,neighbor,False,WSD_CRITERIA_UNVERIFIED,999999999.0000000000,999999999.0000000000,0.2500000000,0.4000000000,0.3000000000,3.5000000000,1.0000000000,104,110,102,110,103,110
4334,neighbor,False,WSD_CRITERIA_UNVERIFIED,999999999.0000000000,999999999.0000000000,0.2250000000,0.4500000000,0.5000000000,3.0000000000,1.0000000000,104,110,103,110,104,110
4335,neighbor,False,WSD_CRITERIA_UNVERIFIED,999999999.0000000000,999999999.0000000000,0.2500000000,0.5000000000,0.5500000000,3.0000000000,1.0000000000,104,112,104,111,104,112
4336,neighbor,False,WSD_CRITERIA_UNVERIFIED,999999999.0000000000,999999999.0000000000,0.2000000000,0.5000000000,0.3000000000,3.5000000000,1.0000000000,103,110,104,110,102,110
4337,neighbor,False,WSD_CRITERIA_UNVERIFIED,999999999.0000000000,999999999.0000000000,0.2000000000,0.5000000000,0.4000000000,3.0000000000,0.8000000000,104,111,102,110,104,111
4338,neighbor,False,WSD_CRITERIA_UNVERIFIED,999999999.0000000000,999999999.0000000000,0.2000000000,0.6000000000,0.3000000000,3.5000000000,0.9000000000,104,110,104,110,103,110
4339,neighbor,False,WSD_CRITERIA_UNVERIFIED,999999999.0000000000,999999999.0000000000,0.2000000000,0.4000000000,0.3000000000,2.5000000000,0.9000000000,102,111,102,111,102,112
4340,neighbor,False,WSD_CRITERIA_UNVERIFIED,999999999.0000000000,999999999.0000000000,0.2000000000,0.5000000000,0.3000000000,3.0000000000,0.9000000000,104,110,104,111,103,112
4341,neighbor,False,WSD_CRITERIA_UNVERIFIED,999999999.0000000000,999999999.0000000000,0.2000000000,0.4000000000,0.4500000000,3.5000000000,1.0000000000,104,112,102,110,102,112
4342,neighbor,False,WSD_CRITERIA_UNVERIFIED,999999999.0000000000,999999999.0000000000,0.2000000000,0.4000000000,0.4500000000,3.5000000000,0.8000000000,103,112,104,110,102,110
4343,neighbor,False,WSD_CRITERIA_UNVERIFIED,999999999.0000000000,999999999.0000000000,0.2500000000,0.5000000000,0.4500000000,3.5000000000,1.0000000000,103,110,104,110,102,110
4344,neighbor,False,WSD_CRITERIA_UNVERIFIED,999999999.0000000000,999999999.0000000000,0.2000000000,0.5000000000,0.4000000000,3.0000000000,0.8000000000,104,110,104,112,103,110
4345,neighbor,False,WSD_CRITERIA_UNVERIFIED,999999999.0000000000,999999999.0000000000,0.2500000000,0.4000000000,0.3500000000,3.0000000000,1.0000000000,104,110,104,112,104,110
4346,neighbor,False,WSD_CRITERIA_UNVERIFIED,999999999.0000000000,999999999.0000000000,0.2250000000,0.4500000000,0.3000000000,3.0000000000,0.8000000000,103,110,104,111,104,110
4347,neighbor,False,WSD_CRITERIA_UNVERIFIED,999999999.0000000000,999999999.0000000000,0.2000000000,0.6000000000,0.3000000000,3.0000000000,1.0000000000,102,111,102,110,104,110
4348,neighbor,False,WSD_CRITERIA_UNVERIFIED,999999999.0000000000,999999999.0000000000,0.2000000000,0.5000000000,0.3500000000,3.0000000000,0.8000000000,104,112,104,110,104,111
4349,neighbor,False,INVALID_GEOMETRY_OR_INPUT,999999999.0000000000,999999999.0000000000,0.2500000000,0.5500000000,0.3000000000,2.5000000000,1.0000000000,104,110,104,111,102,110
4350,neighbor,False,WSD_CRITERIA_UNVERIFIED,999999999.0000000000,999999999.0000000000,0.2500000000,0.4500000000,0.3000000000,2.5000000000,1.0000000000,104,112,104,110,104,110
4351,neighbor,False,WSD_CRITERIA_UNVERIFIED,999999999.0000000000,999999999.0000000000,0.2000000000,0.6000000000,0.3500000000,3.0000000000,0.9000000000,103,110,104,110,104,111
4352,neighbor,False,WSD_CRITERIA_UNVERIFIED,999999999.0000000000,999999999.0000000000,0.2500000000,0.5000000000,0.6500000000,2.5000000000,0.9000000000,102,111,104,112,104,111
4353,neighbor,False,WSD_CRITERIA_UNVERIFIED,999999999.0000000000,999999999.0000000000,0.2000000000,0.5500000000,0.3000000000,3.0000000000,1.0000000000,104,112,104,110,102,111
4354,neighbor,False,WSD_CRITERIA_UNVERIFIED,999999999.0000000000,999999999.0000000000,0.2000000000,0.4500000000,0.6000000000,2.5000000000,0.9000000000,104,112,102,110,103,110
4355,neighbor,False,WSD_CRITERIA_UNVERIFIED,999999999.0000000000,999999999.0000000000,0.2000000000,0.4000000000,0.6500000000,3.5000000000,1.0000000000,103,110,102,111,104,110
4356,neighbor,False,INVALID_GEOMETRY_OR_INPUT,999999999.0000000000,999999999.0000000000,0.2500000000,0.5000000000,0.3500000000,2.5000000000,1.0000000000,104,112,104,111,104,110
4357,neighbor,False,INVALID_GEOMETRY_OR_INPUT,999999999.0000000000,999999999.0000000000,0.2000000000,0.6000000000,0.4500000000,2.5000000000,1.0000000000,104,111,104,110,102,110
4358,neighbor,False,WSD_CRITERIA_UNVERIFIED,999999999.0000000000,999999999.0000000000,0.2000000000,0.4000000000,0.4000000000,2.5000000000,1.0000000000,104,111,104,110,104,110
4359,neighbor,False,WSD_CRITERIA_UNVERIFIED,999999999.0000000000,999999999.0000000000,0.2250000000,0.5000000000,0.3000000000,3.0000000000,0.9000000000,104,110,103,112,102,110
4360,neighbor,False,WSD_CRITERIA_UNVERIFIED,999999999.0000000000,999999999.0000000000,0.2500000000,0.6000000000,0.5000000000,3.0000000000,1.0000000000,102,112,104,112,104,110
4361,neighbor,False,WSD_CRITERIA_UNVERIFIED,999999999.0000000000,999999999.0000000000,0.2250000000,0.5500000000,0.3000000000,2.5000000000,0.8000000000,104,110,102,110,102,110
4362,neighbor,False,WSD_CRITERIA_UNVERIFIED,999999999.0000000000,999999999.0000000000,0.2250000000,0.4000000000,0.7000000000,3.0000000000,1.0000000000,104,111,104,110,104,110
4363,neighbor,False,WSD_CRITERIA_UNVERIFIED,999999999.0000000000,999999999.0000000000,0.2250000000,0.4000000000,0.6500000000,3.5000000000,0.8000000000,104,111,102,110,104,110
4364,neighbor,False,WSD_CRITERIA_UNVERIFIED,999999999.0000000000,999999999.0000000000,0.2500000000,0.4000000000,0.3000000000,3.5000000000,1.0000000000,102,110,104,111,104,112
4365,neighbor,False,WSD_CRITERIA_UNVERIFIED,999999999.0000000000,999999999.0000000000,0.2000000000,0.5500000000,0.6000000000,3.0000000000,0.9000000000,104,110,104,110,102,110
4366,neighbor,False,WSD_CRITERIA_UNVERIFIED,999999999.0000000000,999999999.0000000000,0.2000000000,0.6000000000,0.6500000000,3.5000000000,1.0000000000,103,110,104,110,104,110
4367,neighbor,False,WSD_CRITERIA_UNVERIFIED,999999999.0000000000,999999999.0000000000,0.2500000000,0.5500000000,0.5500000000,3.0000000000,0.8000000000,103,112,104,110,102,112
4368,neighbor,False,INVALID_GEOMETRY_OR_INPUT,999999999.0000000000,999999999.0000000000,0.2500000000,0.5000000000,0.4500000000,2.5000000000,1.0000000000,102,112,104,110,104,111
4369,neighbor,False,INVALID_GEOMETRY_OR_INPUT,999999999.0000000000,999999999.0000000000,0.2250000000,0.5000000000,0.5500000000,2.5000000000,1.0000000000,104,111,104,110,102,111
4370,neighbor,False,WSD_CRITERIA_UNVERIFIED,999999999.0000000000,999999999.0000000000,0.2250000000,0.4500000000,0.4000000000,2.5000000000,1.0000000000,104,111,102,111,104,110
4371,neighbor,False,WSD_CRITERIA_UNVERIFIED,999999999.0000000000,999999999.0000000000,0.2500000000,0.5500000000,0.4500000000,3.5000000000,0.8000000000,104,111,104,110,102,112
4372,neighbor,False,WSD_CRITERIA_UNVERIFIED,999999999.0000000000,999999999.0000000000,0.2000000000,0.5500000000,0.6000000000,3.5000000000,1.0000000000,104,111,104,110,102,110
4373,neighbor,False,WSD_CRITERIA_UNVERIFIED,999999999.0000000000,999999999.0000000000,0.2000000000,0.5500000000,0.6500000000,3.5000000000,1.0000000000,104,111,102,110,102,110
4374,neighbor,False,WSD_CRITERIA_UNVERIFIED,999999999.0000000000,999999999.0000000000,0.2000000000,0.6000000000,0.5000000000,3.0000000000,1.0000000000,104,110,102,110,103,111
4375,neighbor,False,WSD_CRITERIA_UNVERIFIED,999999999.0000000000,999999999.0000000000,0.2000000000,0.6000000000,0.3000000000,3.5000000000,0.8000000000,103,112,104,110,104,112
4376,neighbor,False,WSD_CRITERIA_UNVERIFIED,999999999.0000000000,999999999.0000000000,0.2500000000,0.6000000000,0.6500000000,3.5000000000,1.0000000000,104,110,104,110,104,110
4377,neighbor,False,WSD_CRITERIA_UNVERIFIED,999999999.0000000000,999999999.0000000000,0.2000000000,0.4500000000,0.6000000000,2.5000000000,0.9000000000,104,111,104,112,104,111
4378,neighbor,False,INVALID_GEOMETRY_OR_INPUT,999999999.0000000000,999999999.0000000000,0.2000000000,0.6000000000,0.6500000000,2.5000000000,1.0000000000,104,112,104,112,102,110
4379,neighbor,False,WSD_CRITERIA_UNVERIFIED,999999999.0000000000,999999999.0000000000,0.2500000000,0.6000000000,0.4000000000,3.0000000000,1.0000000000,104,110,102,110,104,110
4380,neighbor,False,CONCRETE_OR_STEEL_STRESS,999999999.0000000000,999999999.0000000000,0.2250000000,0.4000000000,0.4000000000,2.5000000000,0.9000000000,102,112,104,110,103,110
4381,neighbor,False,WSD_CRITERIA_UNVERIFIED,999999999.0000000000,999999999.0000000000,0.2000000000,0.5500000000,0.5000000000,3.0000000000,0.8000000000,104,110,103,111,103,110
4382,neighbor,False,INVALID_GEOMETRY_OR_INPUT,999999999.0000000000,999999999.0000000000,0.2000000000,0.5500000000,0.3000000000,2.5000000000,1.0000000000,104,110,104,110,102,110
4383,neighbor,False,WSD_CRITERIA_UNVERIFIED,999999999.0000000000,999999999.0000000000,0.2250000000,0.5000000000,0.5500000000,3.5000000000,1.0000000000,103,110,103,110,103,110
4384,neighbor,False,WSD_CRITERIA_UNVERIFIED,999999999.0000000000,999999999.0000000000,0.2500000000,0.5500000000,0.4000000000,3.5000000000,0.9000000000,103,110,103,110,104,111
4385,neighbor,False,INVALID_GEOMETRY_OR_INPUT,999999999.0000000000,999999999.0000000000,0.2000000000,0.5000000000,0.5500000000,2.5000000000,1.0000000000,104,112,104,110,104,111
4386,neighbor,False,WSD_CRITERIA_UNVERIFIED,999999999.0000000000,999999999.0000000000,0.2250000000,0.5000000000,0.6000000000,3.0000000000,1.0000000000,104,110,104,110,102,110
4387,neighbor,False,WSD_CRITERIA_UNVERIFIED,999999999.0000000000,999999999.0000000000,0.2000000000,0.4500000000,0.5500000000,3.0000000000,0.9000000000,104,110,104,111,104,112
4388,neighbor,False,WSD_CRITERIA_UNVERIFIED,999999999.0000000000,999999999.0000000000,0.2000000000,0.4500000000,0.3000000000,2.5000000000,1.0000000000,104,110,103,112,103,110
4389,neighbor,False,WSD_CRITERIA_UNVERIFIED,999999999.0000000000,999999999.0000000000,0.2000000000,0.4000000000,0.4500000000,2.5000000000,0.8000000000,104,110,104,110,104,110
4390,neighbor,False,INVALID_GEOMETRY_OR_INPUT,999999999.0000000000,999999999.0000000000,0.2250000000,0.5000000000,0.4000000000,2.5000000000,1.0000000000,104,111,103,111,104,110
4391,neighbor,False,WSD_CRITERIA_UNVERIFIED,999999999.0000000000,999999999.0000000000,0.2000000000,0.4000000000,0.3000000000,2.5000000000,1.0000000000,104,110,104,111,103,110
4392,neighbor,False,WSD_CRITERIA_UNVERIFIED,999999999.0000000000,999999999.0000000000,0.2000000000,0.6000000000,0.4500000000,3.0000000000,1.0000000000,104,111,104,112,102,110
4393,neighbor,False,WSD_CRITERIA_UNVERIFIED,999999999.0000000000,999999999.0000000000,0.2250000000,0.4500000000,0.4000000000,2.5000000000,0.9000000000,102,111,104,110,102,112
4394,neighbor,False,WSD_CRITERIA_UNVERIFIED,999999999.0000000000,999999999.0000000000,0.2000000000,0.6000000000,0.4500000000,3.0000000000,1.0000000000,102,112,103,110,104,111
4395,neighbor,False,WSD_CRITERIA_UNVERIFIED,999999999.0000000000,999999999.0000000000,0.2000000000,0.4500000000,0.6000000000,3.5000000000,1.0000000000,104,110,104,110,104,110
4396,neighbor,False,WSD_CRITERIA_UNVERIFIED,999999999.0000000000,999999999.0000000000,0.2500000000,0.4000000000,0.4000000000,3.0000000000,0.8000000000,103,111,104,110,102,111
4397,neighbor,False,WSD_CRITERIA_UNVERIFIED,999999999.0000000000,999999999.0000000000,0.2000000000,0.4500000000,0.3000000000,3.5000000000,1.0000000000,104,110,104,110,102,111
4398,neighbor,False,WSD_CRITERIA_UNVERIFIED,999999999.0000000000,999999999.0000000000,0.2000000000,0.6000000000,0.7000000000,3.5000000000,1.0000000000,104,110,103,111,104,111
4399,neighbor,False,WSD_CRITERIA_UNVERIFIED,999999999.0000000000,999999999.0000000000,0.2500000000,0.4500000000,0.5000000000,2.5000000000,1.0000000000,104,110,102,112,104,112
4400,neighbor,False,WSD_CRITERIA_UNVERIFIED,999999999.0000000000,999999999.0000000000,0.2000000000,0.5000000000,0.6500000000,3.0000000000,1.0000000000,104,111,104,111,103,110
4401,neighbor,False,INVALID_GEOMETRY_OR_INPUT,999999999.0000000000,999999999.0000000000,0.2000000000,0.5500000000,0.5000000000,2.5000000000,1.0000000000,104,110,103,110,103,110
4402,neighbor,False,WSD_CRITERIA_UNVERIFIED,999999999.0000000000,999999999.0000000000,0.2000000000,0.5000000000,0.4000000000,3.0000000000,0.9000000000,104,110,104,111,104,112
4403,neighbor,False,WSD_CRITERIA_UNVERIFIED,999999999.0000000000,999999999.0000000000,0.2250000000,0.4500000000,0.6000000000,2.5000000000,1.0000000000,104,110,104,111,103,112
4404,neighbor,False,WSD_CRITERIA_UNVERIFIED,999999999.0000000000,999999999.0000000000,0.2000000000,0.4000000000,0.5000000000,3.5000000000,0.9000000000,103,112,104,111,104,112
4405,neighbor,False,WSD_CRITERIA_UNVERIFIED,999999999.0000000000,999999999.0000000000,0.2500000000,0.5000000000,0.6500000000,3.5000000000,0.9000000000,104,110,102,110,104,111
4406,neighbor,False,WSD_CRITERIA_UNVERIFIED,999999999.0000000000,999999999.0000000000,0.2000000000,0.4500000000,0.5500000000,3.0000000000,1.0000000000,104,110,104,111,103,110
4407,neighbor,False,WSD_CRITERIA_UNVERIFIED,999999999.0000000000,999999999.0000000000,0.2000000000,0.5500000000,0.5000000000,3.0000000000,0.8000000000,104,110,104,111,104,110
4408,neighbor,False,WSD_CRITERIA_UNVERIFIED,999999999.0000000000,999999999.0000000000,0.2000000000,0.4000000000,0.6500000000,3.0000000000,1.0000000000,104,110,104,110,104,111
4409,neighbor,False,WSD_CRITERIA_UNVERIFIED,999999999.0000000000,999999999.0000000000,0.2000000000,0.4000000000,0.3000000000,3.0000000000,1.0000000000,104,110,104,110,104,111
4410,neighbor,False,WSD_CRITERIA_UNVERIFIED,999999999.0000000000,999999999.0000000000,0.2250000000,0.4500000000,0.5000000000,3.0000000000,0.8000000000,104,111,104,110,104,110
4411,neighbor,False,WSD_CRITERIA_UNVERIFIED,999999999.0000000000,999999999.0000000000,0.2000000000,0.5500000000,0.3000000000,3.0000000000,0.9000000000,103,110,104,111,104,110
4412,neighbor,False,WSD_CRITERIA_UNVERIFIED,999999999.0000000000,999999999.0000000000,0.2000000000,0.4000000000,0.3500000000,2.5000000000,0.9000000000,102,110,104,112,104,111
4413,neighbor,False,WSD_CRITERIA_UNVERIFIED,999999999.0000000000,999999999.0000000000,0.2000000000,0.4000000000,0.6000000000,3.5000000000,1.0000000000,103,111,103,110,104,110
4414,neighbor,False,WSD_CRITERIA_UNVERIFIED,999999999.0000000000,999999999.0000000000,0.2500000000,0.4500000000,0.6500000000,3.5000000000,0.8000000000,103,110,102,110,104,112
4415,neighbor,False,WSD_CRITERIA_UNVERIFIED,999999999.0000000000,999999999.0000000000,0.2250000000,0.4500000000,0.7000000000,3.5000000000,0.8000000000,104,112,104,112,104,110
4416,neighbor,False,WSD_CRITERIA_UNVERIFIED,999999999.0000000000,999999999.0000000000,0.2000000000,0.4000000000,0.3500000000,2.5000000000,1.0000000000,102,110,104,112,104,110
4417,neighbor,False,WSD_CRITERIA_UNVERIFIED,999999999.0000000000,999999999.0000000000,0.2000000000,0.5000000000,0.3000000000,3.0000000000,1.0000000000,103,110,103,112,104,111
4418,neighbor,False,WSD_CRITERIA_UNVERIFIED,999999999.0000000000,999999999.0000000000,0.2000000000,0.5000000000,0.3500000000,3.0000000000,1.0000000000,104,110,104,112,104,112
4419,neighbor,False,WSD_CRITERIA_UNVERIFIED,999999999.0000000000,999999999.0000000000,0.2250000000,0.4000000000,0.5500000000,3.0000000000,1.0000000000,104,110,103,110,102,110
4420,neighbor,False,WSD_CRITERIA_UNVERIFIED,999999999.0000000000,999999999.0000000000,0.2500000000,0.5500000000,0.6500000000,2.5000000000,0.9000000000,102,112,103,110,104,110
4421,neighbor,False,WSD_CRITERIA_UNVERIFIED,999999999.0000000000,999999999.0000000000,0.2000000000,0.5500000000,0.5000000000,3.0000000000,1.0000000000,104,110,102,110,103,110
4422,neighbor,False,WSD_CRITERIA_UNVERIFIED,999999999.0000000000,999999999.0000000000,0.2250000000,0.4000000000,0.5000000000,2.5000000000,0.9000000000,104,110,104,110,102,112
4423,neighbor,False,WSD_CRITERIA_UNVERIFIED,999999999.0000000000,999999999.0000000000,0.2000000000,0.5500000000,0.3000000000,3.0000000000,1.0000000000,103,110,104,111,102,111
4424,neighbor,False,WSD_CRITERIA_UNVERIFIED,999999999.0000000000,999999999.0000000000,0.2000000000,0.4000000000,0.5000000000,2.5000000000,1.0000000000,104,110,102,112,102,110
4425,neighbor,False,WSD_CRITERIA_UNVERIFIED,999999999.0000000000,999999999.0000000000,0.2000000000,0.5500000000,0.5000000000,2.5000000000,0.9000000000,104,111,103,110,103,111
4426,neighbor,False,WSD_CRITERIA_UNVERIFIED,999999999.0000000000,999999999.0000000000,0.2250000000,0.4500000000,0.4000000000,2.5000000000,0.8000000000,104,111,104,110,104,110
4427,neighbor,False,INVALID_GEOMETRY_OR_INPUT,999999999.0000000000,999999999.0000000000,0.2000000000,0.5500000000,0.6500000000,2.5000000000,1.0000000000,104,112,104,111,104,111
4428,neighbor,False,WSD_CRITERIA_UNVERIFIED,999999999.0000000000,999999999.0000000000,0.2250000000,0.5500000000,0.4000000000,3.5000000000,0.8000000000,104,110,102,110,102,112
4429,neighbor,False,WSD_CRITERIA_UNVERIFIED,999999999.0000000000,999999999.0000000000,0.2250000000,0.5500000000,0.3500000000,3.5000000000,1.0000000000,104,110,104,112,104,110
4430,neighbor,False,WSD_CRITERIA_UNVERIFIED,999999999.0000000000,999999999.0000000000,0.2000000000,0.4500000000,0.3000000000,2.5000000000,1.0000000000,102,110,104,110,104,112
4431,neighbor,False,WSD_CRITERIA_UNVERIFIED,999999999.0000000000,999999999.0000000000,0.2000000000,0.6000000000,0.5000000000,3.0000000000,0.9000000000,103,111,104,110,103,110
4432,neighbor,False,WSD_CRITERIA_UNVERIFIED,999999999.0000000000,999999999.0000000000,0.2250000000,0.4500000000,0.5500000000,3.0000000000,0.9000000000,104,110,102,110,103,110
4433,neighbor,False,WSD_CRITERIA_UNVERIFIED,999999999.0000000000,999999999.0000000000,0.2500000000,0.6000000000,0.4000000000,3.0000000000,0.8000000000,104,111,104,112,102,110
4434,neighbor,False,WSD_CRITERIA_UNVERIFIED,999999999.0000000000,999999999.0000000000,0.2000000000,0.5000000000,0.6000000000,3.5000000000,1.0000000000,102,112,104,112,104,110
4435,neighbor,False,WSD_CRITERIA_UNVERIFIED,999999999.0000000000,999999999.0000000000,0.2000000000,0.6000000000,0.5000000000,2.5000000000,0.9000000000,104,110,102,110,104,110
4436,neighbor,False,WSD_CRITERIA_UNVERIFIED,999999999.0000000000,999999999.0000000000,0.2000000000,0.5500000000,0.5000000000,2.5000000000,0.8000000000,104,110,102,110,104,111
4437,neighbor,False,WSD_CRITERIA_UNVERIFIED,999999999.0000000000,999999999.0000000000,0.2500000000,0.4000000000,0.4500000000,2.5000000000,0.9000000000,104,110,104,110,104,111
4438,neighbor,False,WSD_CRITERIA_UNVERIFIED,999999999.0000000000,999999999.0000000000,0.2000000000,0.4500000000,0.3000000000,3.0000000000,1.0000000000,103,110,104,110,104,110
4439,neighbor,False,WSD_CRITERIA_UNVERIFIED,999999999.0000000000,999999999.0000000000,0.2500000000,0.5500000000,0.3000000000,3.5000000000,1.0000000000,102,110,104,112,103,110
4440,neighbor,False,WSD_CRITERIA_UNVERIFIED,999999999.0000000000,999999999.0000000000,0.2000000000,0.4000000000,0.6000000000,3.0000000000,0.8000000000,104,110,104,112,102,112
4441,neighbor,False,WSD_CRITERIA_UNVERIFIED,999999999.0000000000,999999999.0000000000,0.2000000000,0.6000000000,0.3000000000,3.0000000000,1.0000000000,102,112,104,110,104,112
4442,neighbor,False,WSD_CRITERIA_UNVERIFIED,999999999.0000000000,999999999.0000000000,0.2000000000,0.6000000000,0.3000000000,3.0000000000,1.0000000000,103,110,103,111,104,111
4443,neighbor,False,WSD_CRITERIA_UNVERIFIED,999999999.0000000000,999999999.0000000000,0.2250000000,0.4000000000,0.6500000000,2.5000000000,0.8000000000,104,110,104,111,103,110
4444,neighbor,False,INVALID_GEOMETRY_OR_INPUT,999999999.0000000000,999999999.0000000000,0.2000000000,0.5000000000,0.3000000000,2.5000000000,1.0000000000,104,110,102,110,103,110
4445,neighbor,False,WSD_CRITERIA_UNVERIFIED,999999999.0000000000,999999999.0000000000,0.2000000000,0.4000000000,0.4500000000,2.5000000000,0.8000000000,104,110,104,112,102,110
4446,neighbor,False,WSD_CRITERIA_UNVERIFIED,999999999.0000000000,999999999.0000000000,0.2000000000,0.5500000000,0.3000000000,3.5000000000,1.0000000000,104,110,103,111,103,112
4447,neighbor,False,INVALID_GEOMETRY_OR_INPUT,999999999.0000000000,999999999.0000000000,0.2000000000,0.5500000000,0.3500000000,2.5000000000,1.0000000000,103,112,102,112,104,110
4448,neighbor,False,WSD_CRITERIA_UNVERIFIED,999999999.0000000000,999999999.0000000000,0.2000000000,0.5000000000,0.7000000000,3.5000000000,0.9000000000,102,110,103,112,104,110
4449,neighbor,False,WSD_CRITERIA_UNVERIFIED,999999999.0000000000,999999999.0000000000,0.2000000000,0.6000000000,0.6000000000,3.0000000000,1.0000000000,104,111,104,112,102,110
4450,neighbor,False,WSD_CRITERIA_UNVERIFIED,999999999.0000000000,999999999.0000000000,0.2000000000,0.6000000000,0.3000000000,3.0000000000,1.0000000000,104,110,102,110,104,110
4451,neighbor,False,WSD_CRITERIA_UNVERIFIED,999999999.0000000000,999999999.0000000000,0.2000000000,0.6000000000,0.5000000000,3.5000000000,1.0000000000,102,110,103,111,104,110
4452,neighbor,False,WSD_CRITERIA_UNVERIFIED,999999999.0000000000,999999999.0000000000,0.2000000000,0.4500000000,0.3000000000,3.5000000000,0.9000000000,104,110,104,110,104,110
4453,neighbor,False,WSD_CRITERIA_UNVERIFIED,999999999.0000000000,999999999.0000000000,0.2000000000,0.6000000000,0.5500000000,3.0000000000,0.8000000000,103,110,104,111,104,110
4454,neighbor,False,WSD_CRITERIA_UNVERIFIED,999999999.0000000000,999999999.0000000000,0.2000000000,0.4000000000,0.3000000000,2.5000000000,0.8000000000,104,111,102,110,104,112
4455,neighbor,False,WSD_CRITERIA_UNVERIFIED,999999999.0000000000,999999999.0000000000,0.2000000000,0.5000000000,0.6000000000,2.5000000000,0.9000000000,104,112,104,110,103,110
4456,neighbor,False,WSD_CRITERIA_UNVERIFIED,999999999.0000000000,999999999.0000000000,0.2000000000,0.5500000000,0.4500000000,3.0000000000,0.9000000000,104,110,102,110,102,111
4457,neighbor,False,INVALID_GEOMETRY_OR_INPUT,999999999.0000000000,999999999.0000000000,0.2000000000,0.5000000000,0.6500000000,2.5000000000,1.0000000000,104,110,103,112,104,110
4458,neighbor,False,WSD_CRITERIA_UNVERIFIED,999999999.0000000000,999999999.0000000000,0.2500000000,0.4000000000,0.3500000000,2.5000000000,1.0000000000,103,110,102,110,104,110
4459,neighbor,False,WSD_CRITERIA_UNVERIFIED,999999999.0000000000,999999999.0000000000,0.2500000000,0.4000000000,0.7000000000,3.0000000000,0.8000000000,102,110,104,110,102,112
4460,neighbor,False,WSD_CRITERIA_UNVERIFIED,999999999.0000000000,999999999.0000000000,0.2000000000,0.4000000000,0.3000000000,3.0000000000,1.0000000000,104,112,103,110,103,110
4461,neighbor,False,WSD_CRITERIA_UNVERIFIED,999999999.0000000000,999999999.0000000000,0.2000000000,0.6000000000,0.3000000000,3.0000000000,0.9000000000,104,110,102,110,104,110
4462,neighbor,False,WSD_CRITERIA_UNVERIFIED,999999999.0000000000,999999999.0000000000,0.2250000000,0.6000000000,0.5500000000,3.5000000000,0.8000000000,104,110,103,111,104,110
4463,neighbor,False,WSD_CRITERIA_UNVERIFIED,999999999.0000000000,999999999.0000000000,0.2250000000,0.5000000000,0.5000000000,3.5000000000,1.0000000000,104,111,104,110,104,111
4464,neighbor,False,WSD_CRITERIA_UNVERIFIED,999999999.0000000000,999999999.0000000000,0.2000000000,0.4500000000,0.4000000000,2.5000000000,1.0000000000,104,110,103,110,104,110
4465,neighbor,False,INVALID_GEOMETRY_OR_INPUT,999999999.0000000000,999999999.0000000000,0.2000000000,0.5000000000,0.5500000000,2.5000000000,1.0000000000,102,110,102,110,102,112
4466,neighbor,False,WSD_CRITERIA_UNVERIFIED,999999999.0000000000,999999999.0000000000,0.2000000000,0.6000000000,0.3000000000,3.5000000000,0.9000000000,102,112,104,110,104,112
4467,neighbor,False,WSD_CRITERIA_UNVERIFIED,999999999.0000000000,999999999.0000000000,0.2000000000,0.6000000000,0.4500000000,3.5000000000,1.0000000000,104,112,104,112,102,110
4468,neighbor,False,WSD_CRITERIA_UNVERIFIED,999999999.0000000000,999999999.0000000000,0.2000000000,0.4000000000,0.6000000000,3.5000000000,1.0000000000,102,110,104,110,102,110
4469,neighbor,False,WSD_CRITERIA_UNVERIFIED,999999999.0000000000,999999999.0000000000,0.2000000000,0.4500000000,0.4500000000,3.5000000000,1.0000000000,102,110,104,112,104,112
4470,neighbor,False,INVALID_GEOMETRY_OR_INPUT,999999999.0000000000,999999999.0000000000,0.2000000000,0.6000000000,0.3000000000,2.5000000000,1.0000000000,104,110,102,110,103,111
4471,neighbor,False,WSD_CRITERIA_UNVERIFIED,999999999.0000000000,999999999.0000000000,0.2000000000,0.4000000000,0.4000000000,3.5000000000,1.0000000000,104,110,103,110,104,110
4472,neighbor,False,INVALID_GEOMETRY_OR_INPUT,999999999.0000000000,999999999.0000000000,0.2000000000,0.5000000000,0.3000000000,2.5000000000,1.0000000000,103,110,104,111,104,110
4473,neighbor,False,WSD_CRITERIA_UNVERIFIED,999999999.0000000000,999999999.0000000000,0.2000000000,0.5000000000,0.6500000000,3.5000000000,1.0000000000,103,110,104,110,102,110
4474,neighbor,False,WSD_CRITERIA_UNVERIFIED,999999999.0000000000,999999999.0000000000,0.2000000000,0.5000000000,0.7000000000,3.5000000000,1.0000000000,104,110,104,112,104,111
4475,neighbor,False,WSD_CRITERIA_UNVERIFIED,999999999.0000000000,999999999.0000000000,0.2250000000,0.6000000000,0.3500000000,3.0000000000,0.8000000000,103,112,104,111,104,111
4476,neighbor,False,WSD_CRITERIA_UNVERIFIED,999999999.0000000000,999999999.0000000000,0.2000000000,0.6000000000,0.5500000000,3.5000000000,1.0000000000,103,110,104,110,102,110
4477,neighbor,False,WSD_CRITERIA_UNVERIFIED,999999999.0000000000,999999999.0000000000,0.2000000000,0.5000000000,0.6500000000,3.0000000000,1.0000000000,103,110,104,110,103,111
4478,neighbor,False,WSD_CRITERIA_UNVERIFIED,999999999.0000000000,999999999.0000000000,0.2000000000,0.5000000000,0.4500000000,3.0000000000,1.0000000000,104,112,102,110,104,110
4479,neighbor,False,WSD_CRITERIA_UNVERIFIED,999999999.0000000000,999999999.0000000000,0.2000000000,0.5500000000,0.6500000000,3.5000000000,0.8000000000,104,110,104,110,103,112
4480,neighbor,False,WSD_CRITERIA_UNVERIFIED,999999999.0000000000,999999999.0000000000,0.2000000000,0.5500000000,0.6000000000,3.5000000000,0.9000000000,103,110,102,111,104,110
4481,neighbor,False,WSD_CRITERIA_UNVERIFIED,999999999.0000000000,999999999.0000000000,0.2000000000,0.5500000000,0.6500000000,3.5000000000,0.8000000000,103,110,104,110,104,112
4482,neighbor,False,CONCRETE_OR_STEEL_STRESS,999999999.0000000000,999999999.0000000000,0.2000000000,0.4000000000,0.7000000000,3.0000000000,0.9000000000,102,112,104,110,104,112
4483,neighbor,False,WSD_CRITERIA_UNVERIFIED,999999999.0000000000,999999999.0000000000,0.2250000000,0.4000000000,0.7000000000,3.0000000000,1.0000000000,104,112,102,110,104,110
4484,neighbor,False,WSD_CRITERIA_UNVERIFIED,999999999.0000000000,999999999.0000000000,0.2250000000,0.4000000000,0.3500000000,2.5000000000,1.0000000000,102,110,104,112,104,110
4485,neighbor,False,WSD_CRITERIA_UNVERIFIED,999999999.0000000000,999999999.0000000000,0.2250000000,0.6000000000,0.4500000000,2.5000000000,0.9000000000,104,111,104,111,104,110
4486,neighbor,False,WSD_CRITERIA_UNVERIFIED,999999999.0000000000,999999999.0000000000,0.2000000000,0.4000000000,0.3000000000,2.5000000000,0.8000000000,104,110,104,110,102,112
4487,neighbor,False,INVALID_GEOMETRY_OR_INPUT,999999999.0000000000,999999999.0000000000,0.2000000000,0.5500000000,0.7000000000,2.5000000000,1.0000000000,104,110,104,112,104,111
4488,neighbor,False,WSD_CRITERIA_UNVERIFIED,999999999.0000000000,999999999.0000000000,0.2000000000,0.5000000000,0.4500000000,3.0000000000,1.0000000000,104,112,104,111,104,111
4489,neighbor,False,WSD_CRITERIA_UNVERIFIED,999999999.0000000000,999999999.0000000000,0.2250000000,0.4500000000,0.5000000000,2.5000000000,0.9000000000,102,110,102,110,102,110
4490,neighbor,False,WSD_CRITERIA_UNVERIFIED,999999999.0000000000,999999999.0000000000,0.2250000000,0.5000000000,0.3000000000,3.0000000000,1.0000000000,102,110,103,112,103,110
4491,neighbor,False,WSD_CRITERIA_UNVERIFIED,999999999.0000000000,999999999.0000000000,0.2000000000,0.4500000000,0.4000000000,3.0000000000,1.0000000000,102,111,102,110,103,112
4492,neighbor,False,WSD_CRITERIA_UNVERIFIED,999999999.0000000000,999999999.0000000000,0.2500000000,0.4500000000,0.6500000000,2.5000000000,0.9000000000,104,110,104,110,103,110
4493,neighbor,False,INVALID_GEOMETRY_OR_INPUT,999999999.0000000000,999999999.0000000000,0.2000000000,0.5000000000,0.3000000000,2.5000000000,1.0000000000,103,110,102,110,104,110
4494,neighbor,False,WSD_CRITERIA_UNVERIFIED,999999999.0000000000,999999999.0000000000,0.2000000000,0.5500000000,0.6000000000,3.5000000000,1.0000000000,104,110,104,110,103,111
4495,neighbor,False,WSD_CRITERIA_UNVERIFIED,999999999.0000000000,999999999.0000000000,0.2250000000,0.5500000000,0.6000000000,3.0000000000,0.9000000000,103,111,104,110,102,111
4496,neighbor,False,WSD_CRITERIA_UNVERIFIED,999999999.0000000000,999999999.0000000000,0.2250000000,0.5000000000,0.5500000000,3.5000000000,1.0000000000,103,111,103,111,104,112
4497,neighbor,False,WSD_CRITERIA_UNVERIFIED,999999999.0000000000,999999999.0000000000,0.2000000000,0.4000000000,0.4500000000,2.5000000000,1.0000000000,103,110,103,111,102,110
4498,neighbor,False,WSD_CRITERIA_UNVERIFIED,999999999.0000000000,999999999.0000000000,0.2500000000,0.6000000000,0.5000000000,3.5000000000,0.9000000000,102,110,104,112,104,110
4499,neighbor,False,WSD_CRITERIA_UNVERIFIED,999999999.0000000000,999999999.0000000000,0.2000000000,0.5000000000,0.3000000000,3.0000000000,1.0000000000,102,111,104,110,103,112
4500,neighbor,False,WSD_CRITERIA_UNVERIFIED,999999999.0000000000,999999999.0000000000,0.2000000000,0.4500000000,0.3000000000,2.5000000000,0.9000000000,103,110,104,110,103,110
4501,neighbor,False,WSD_CRITERIA_UNVERIFIED,999999999.0000000000,999999999.0000000000,0.2000000000,0.4500000000,0.5500000000,3.5000000000,0.8000000000,104,112,103,110,104,112
4502,neighbor,False,WSD_CRITERIA_UNVERIFIED,999999999.0000000000,999999999.0000000000,0.2000000000,0.5500000000,0.6000000000,2.5000000000,0.8000000000,102,112,104,111,103,110
4503,neighbor,False,WSD_CRITERIA_UNVERIFIED,999999999.0000000000,999999999.0000000000,0.2500000000,0.4500000000,0.6500000000,3.5000000000,1.0000000000,104,110,103,110,104,110
4504,neighbor,False,WSD_CRITERIA_UNVERIFIED,999999999.0000000000,999999999.0000000000,0.2000000000,0.4000000000,0.4500000000,3.5000000000,0.8000000000,104,110,104,110,102,110
4505,neighbor,False,WSD_CRITERIA_UNVERIFIED,999999999.0000000000,999999999.0000000000,0.2500000000,0.5000000000,0.5500000000,3.5000000000,0.8000000000,104,111,104,110,103,112
4506,neighbor,False,WSD_CRITERIA_UNVERIFIED,999999999.0000000000,999999999.0000000000,0.2250000000,0.4000000000,0.3000000000,2.5000000000,0.8000000000,103,112,103,111,104,110
4507,neighbor,False,WSD_CRITERIA_UNVERIFIED,999999999.0000000000,999999999.0000000000,0.2500000000,0.4000000000,0.7000000000,3.0000000000,1.0000000000,104,110,103,112,104,110
4508,neighbor,False,CONCRETE_OR_STEEL_STRESS,999999999.0000000000,999999999.0000000000,0.2000000000,0.4500000000,0.3000000000,3.5000000000,1.0000000000,102,112,104,112,104,111
4509,neighbor,False,INVALID_GEOMETRY_OR_INPUT,999999999.0000000000,999999999.0000000000,0.2000000000,0.5000000000,0.4000000000,2.5000000000,1.0000000000,104,111,104,112,102,112
4510,neighbor,False,WSD_CRITERIA_UNVERIFIED,999999999.0000000000,999999999.0000000000,0.2000000000,0.6000000000,0.7000000000,3.5000000000,1.0000000000,103,110,104,110,103,110
4511,neighbor,False,WSD_CRITERIA_UNVERIFIED,999999999.0000000000,999999999.0000000000,0.2000000000,0.4000000000,0.4500000000,2.5000000000,0.8000000000,102,111,104,110,104,111
4512,neighbor,False,CONCRETE_OR_STEEL_STRESS,999999999.0000000000,999999999.0000000000,0.2000000000,0.4500000000,0.3000000000,3.0000000000,1.0000000000,102,112,104,110,102,110
4513,neighbor,False,WSD_CRITERIA_UNVERIFIED,999999999.0000000000,999999999.0000000000,0.2500000000,0.4500000000,0.6500000000,2.5000000000,0.9000000000,104,110,104,112,104,111
4514,neighbor,False,WSD_CRITERIA_UNVERIFIED,999999999.0000000000,999999999.0000000000,0.2000000000,0.6000000000,0.4500000000,3.0000000000,0.8000000000,103,110,104,112,104,110
4515,neighbor,False,WSD_CRITERIA_UNVERIFIED,999999999.0000000000,999999999.0000000000,0.2000000000,0.5000000000,0.3500000000,3.5000000000,0.8000000000,104,110,104,112,102,111
4516,neighbor,False,WSD_CRITERIA_UNVERIFIED,999999999.0000000000,999999999.0000000000,0.2250000000,0.4500000000,0.7000000000,3.0000000000,0.8000000000,102,112,102,111,102,110
4517,neighbor,False,WSD_CRITERIA_UNVERIFIED,999999999.0000000000,999999999.0000000000,0.2000000000,0.5000000000,0.3000000000,3.0000000000,1.0000000000,104,110,104,112,104,110
4518,neighbor,False,WSD_CRITERIA_UNVERIFIED,999999999.0000000000,999999999.0000000000,0.2500000000,0.5500000000,0.3000000000,2.5000000000,0.8000000000,104,110,104,111,104,110
4519,neighbor,False,WSD_CRITERIA_UNVERIFIED,999999999.0000000000,999999999.0000000000,0.2000000000,0.6000000000,0.6000000000,2.5000000000,0.8000000000,104,111,103,111,104,110
4520,neighbor,False,WSD_CRITERIA_UNVERIFIED,999999999.0000000000,999999999.0000000000,0.2000000000,0.5000000000,0.3000000000,3.0000000000,0.9000000000,104,110,103,110,104,111
4521,neighbor,False,WSD_CRITERIA_UNVERIFIED,999999999.0000000000,999999999.0000000000,0.2000000000,0.5500000000,0.3000000000,3.5000000000,0.8000000000,104,110,104,111,102,111
4522,neighbor,False,WSD_CRITERIA_UNVERIFIED,999999999.0000000000,999999999.0000000000,0.2000000000,0.4000000000,0.4000000000,2.5000000000,1.0000000000,104,110,104,110,103,112
4523,neighbor,False,WSD_CRITERIA_UNVERIFIED,999999999.0000000000,999999999.0000000000,0.2000000000,0.4500000000,0.7000000000,3.0000000000,0.8000000000,104,110,104,110,104,110
4524,neighbor,False,WSD_CRITERIA_UNVERIFIED,999999999.0000000000,999999999.0000000000,0.2000000000,0.5000000000,0.3000000000,3.0000000000,1.0000000000,104,110,103,110,103,112
4525,neighbor,False,WSD_CRITERIA_UNVERIFIED,999999999.0000000000,999999999.0000000000,0.2250000000,0.4000000000,0.4500000000,3.5000000000,0.8000000000,102,110,103,112,104,110
4526,neighbor,False,INVALID_GEOMETRY_OR_INPUT,999999999.0000000000,999999999.0000000000,0.2000000000,0.6000000000,0.5000000000,2.5000000000,1.0000000000,104,112,102,110,102,111
4527,neighbor,False,INVALID_GEOMETRY_OR_INPUT,999999999.0000000000,999999999.0000000000,0.2000000000,0.6000000000,0.3500000000,2.5000000000,1.0000000000,103,110,103,112,104,110
4528,neighbor,False,WSD_CRITERIA_UNVERIFIED,999999999.0000000000,999999999.0000000000,0.2000000000,0.5000000000,0.6000000000,2.5000000000,0.8000000000,104,110,102,111,104,110
4529,neighbor,False,WSD_CRITERIA_UNVERIFIED,999999999.0000000000,999999999.0000000000,0.2000000000,0.4000000000,0.4000000000,2.5000000000,1.0000000000,104,110,104,110,104,110
4530,neighbor,False,WSD_CRITERIA_UNVERIFIED,999999999.0000000000,999999999.0000000000,0.2000000000,0.5500000000,0.4000000000,3.0000000000,0.8000000000,104,110,104,111,104,110
4531,neighbor,False,WSD_CRITERIA_UNVERIFIED,999999999.0000000000,999999999.0000000000,0.2000000000,0.4500000000,0.3000000000,3.0000000000,1.0000000000,103,111,102,112,104,112
4532,neighbor,False,WSD_CRITERIA_UNVERIFIED,999999999.0000000000,999999999.0000000000,0.2000000000,0.5500000000,0.5000000000,3.5000000000,1.0000000000,102,111,103,110,103,110
4533,neighbor,False,WSD_CRITERIA_UNVERIFIED,999999999.0000000000,999999999.0000000000,0.2000000000,0.4000000000,0.3000000000,3.0000000000,1.0000000000,104,110,104,111,102,112
4534,neighbor,False,WSD_CRITERIA_UNVERIFIED,999999999.0000000000,999999999.0000000000,0.2500000000,0.4500000000,0.3500000000,3.5000000000,0.9000000000,102,110,104,112,104,112
4535,neighbor,False,WSD_CRITERIA_UNVERIFIED,999999999.0000000000,999999999.0000000000,0.2000000000,0.5000000000,0.4500000000,3.5000000000,1.0000000000,104,110,102,111,104,110
4536,neighbor,False,INVALID_GEOMETRY_OR_INPUT,999999999.0000000000,999999999.0000000000,0.2500000000,0.5000000000,0.3000000000,2.5000000000,1.0000000000,104,111,104,111,104,110
4537,neighbor,False,WSD_CRITERIA_UNVERIFIED,999999999.0000000000,999999999.0000000000,0.2000000000,0.4500000000,0.7000000000,3.5000000000,0.8000000000,102,112,104,110,104,110
4538,neighbor,False,WSD_CRITERIA_UNVERIFIED,999999999.0000000000,999999999.0000000000,0.2000000000,0.5000000000,0.7000000000,3.5000000000,0.9000000000,102,110,104,111,103,110
4539,neighbor,False,WSD_CRITERIA_UNVERIFIED,999999999.0000000000,999999999.0000000000,0.2500000000,0.5000000000,0.4500000000,3.5000000000,1.0000000000,104,111,103,112,104,110
4540,neighbor,False,WSD_CRITERIA_UNVERIFIED,999999999.0000000000,999999999.0000000000,0.2250000000,0.6000000000,0.3000000000,3.5000000000,1.0000000000,104,111,103,110,104,111
4541,neighbor,False,WSD_CRITERIA_UNVERIFIED,999999999.0000000000,999999999.0000000000,0.2250000000,0.4500000000,0.3000000000,3.5000000000,0.8000000000,104,110,104,110,104,110
4542,neighbor,False,INVALID_GEOMETRY_OR_INPUT,999999999.0000000000,999999999.0000000000,0.2500000000,0.5000000000,0.6000000000,2.5000000000,1.0000000000,104,110,104,110,103,111
4543,neighbor,False,INVALID_GEOMETRY_OR_INPUT,999999999.0000000000,999999999.0000000000,0.2000000000,0.6000000000,0.5000000000,2.5000000000,1.0000000000,102,110,104,111,103,110
4544,neighbor,False,WSD_CRITERIA_UNVERIFIED,999999999.0000000000,999999999.0000000000,0.2000000000,0.4000000000,0.6500000000,3.0000000000,1.0000000000,102,110,102,112,104,110
4545,neighbor,False,WSD_CRITERIA_UNVERIFIED,999999999.0000000000,999999999.0000000000,0.2000000000,0.4000000000,0.7000000000,3.0000000000,0.8000000000,104,112,104,110,103,112
4546,neighbor,False,WSD_CRITERIA_UNVERIFIED,999999999.0000000000,999999999.0000000000,0.2250000000,0.4000000000,0.4000000000,2.5000000000,1.0000000000,104,110,104,110,104,110
4547,neighbor,False,INVALID_GEOMETRY_OR_INPUT,999999999.0000000000,999999999.0000000000,0.2000000000,0.5000000000,0.3500000000,2.5000000000,1.0000000000,104,110,102,110,104,110
4548,neighbor,False,WSD_CRITERIA_UNVERIFIED,999999999.0000000000,999999999.0000000000,0.2000000000,0.4500000000,0.3000000000,3.5000000000,0.8000000000,104,110,104,110,104,110
4549,neighbor,False,WSD_CRITERIA_UNVERIFIED,999999999.0000000000,999999999.0000000000,0.2000000000,0.4000000000,0.3000000000,3.5000000000,1.0000000000,103,111,102,112,104,110
4550,neighbor,False,WSD_CRITERIA_UNVERIFIED,999999999.0000000000,999999999.0000000000,0.2000000000,0.4000000000,0.3000000000,3.5000000000,0.8000000000,104,110,104,110,104,110
4551,neighbor,False,WSD_CRITERIA_UNVERIFIED,999999999.0000000000,999999999.0000000000,0.2000000000,0.5000000000,0.3000000000,3.0000000000,1.0000000000,102,110,104,110,103,111
4552,neighbor,False,WSD_CRITERIA_UNVERIFIED,999999999.0000000000,999999999.0000000000,0.2000000000,0.4000000000,0.3000000000,3.0000000000,1.0000000000,103,111,104,110,104,112
4553,neighbor,False,WSD_CRITERIA_UNVERIFIED,999999999.0000000000,999999999.0000000000,0.2250000000,0.4000000000,0.6000000000,2.5000000000,1.0000000000,104,110,104,112,104,110
4554,neighbor,False,WSD_CRITERIA_UNVERIFIED,999999999.0000000000,999999999.0000000000,0.2000000000,0.4500000000,0.6500000000,2.5000000000,1.0000000000,103,110,104,110,104,111
4555,neighbor,False,WSD_CRITERIA_UNVERIFIED,999999999.0000000000,999999999.0000000000,0.2000000000,0.6000000000,0.3000000000,3.0000000000,1.0000000000,102,110,104,110,104,111
4556,neighbor,False,WSD_CRITERIA_UNVERIFIED,999999999.0000000000,999999999.0000000000,0.2250000000,0.4500000000,0.3000000000,3.5000000000,1.0000000000,104,112,103,110,104,111
4557,neighbor,False,WSD_CRITERIA_UNVERIFIED,999999999.0000000000,999999999.0000000000,0.2000000000,0.4000000000,0.7000000000,3.0000000000,0.9000000000,102,110,104,110,102,112
4558,neighbor,False,WSD_CRITERIA_UNVERIFIED,999999999.0000000000,999999999.0000000000,0.2000000000,0.4000000000,0.4000000000,3.5000000000,1.0000000000,104,110,102,112,104,111
4559,neighbor,False,WSD_CRITERIA_UNVERIFIED,999999999.0000000000,999999999.0000000000,0.2000000000,0.4000000000,0.3000000000,3.5000000000,0.8000000000,104,110,102,110,104,110
4560,neighbor,False,WSD_CRITERIA_UNVERIFIED,999999999.0000000000,999999999.0000000000,0.2500000000,0.4000000000,0.3000000000,3.0000000000,1.0000000000,103,110,104,110,104,112
4561,neighbor,False,WSD_CRITERIA_UNVERIFIED,999999999.0000000000,999999999.0000000000,0.2500000000,0.5000000000,0.5000000000,3.5000000000,1.0000000000,104,112,104,110,102,110
4562,neighbor,False,WSD_CRITERIA_UNVERIFIED,999999999.0000000000,999999999.0000000000,0.2000000000,0.6000000000,0.5000000000,2.5000000000,0.9000000000,102,110,102,111,104,112
4563,neighbor,False,WSD_CRITERIA_UNVERIFIED,999999999.0000000000,999999999.0000000000,0.2250000000,0.4500000000,0.3000000000,3.0000000000,0.9000000000,103,112,104,112,103,110
4564,neighbor,False,WSD_CRITERIA_UNVERIFIED,999999999.0000000000,999999999.0000000000,0.2500000000,0.4500000000,0.3000000000,2.5000000000,1.0000000000,102,110,102,110,104,110
4565,neighbor,False,WSD_CRITERIA_UNVERIFIED,999999999.0000000000,999999999.0000000000,0.2250000000,0.5500000000,0.3500000000,3.5000000000,1.0000000000,104,110,104,110,104,111
4566,neighbor,False,WSD_CRITERIA_UNVERIFIED,999999999.0000000000,999999999.0000000000,0.2000000000,0.4000000000,0.3000000000,3.0000000000,0.9000000000,104,111,103,110,104,110
4567,neighbor,False,WSD_CRITERIA_UNVERIFIED,999999999.0000000000,999999999.0000000000,0.2000000000,0.4000000000,0.4000000000,3.5000000000,1.0000000000,104,110,104,110,104,112
4568,neighbor,False,INVALID_GEOMETRY_OR_INPUT,999999999.0000000000,999999999.0000000000,0.2500000000,0.5000000000,0.6500000000,2.5000000000,1.0000000000,104,111,104,110,104,110
4569,neighbor,False,WSD_CRITERIA_UNVERIFIED,999999999.0000000000,999999999.0000000000,0.2000000000,0.5000000000,0.3000000000,3.0000000000,1.0000000000,102,110,102,110,102,110
4570,neighbor,False,WSD_CRITERIA_UNVERIFIED,999999999.0000000000,999999999.0000000000,0.2500000000,0.6000000000,0.4500000000,2.5000000000,0.8000000000,104,112,102,112,102,111
4571,neighbor,False,WSD_CRITERIA_UNVERIFIED,999999999.0000000000,999999999.0000000000,0.2000000000,0.6000000000,0.4000000000,3.0000000000,1.0000000000,102,110,104,111,104,112
4572,neighbor,False,WSD_CRITERIA_UNVERIFIED,999999999.0000000000,999999999.0000000000,0.2000000000,0.6000000000,0.7000000000,3.5000000000,0.8000000000,103,110,103,110,102,111
4573,neighbor,False,WSD_CRITERIA_UNVERIFIED,999999999.0000000000,999999999.0000000000,0.2000000000,0.4000000000,0.3000000000,2.5000000000,1.0000000000,104,110,104,112,104,111
4574,neighbor,False,INVALID_GEOMETRY_OR_INPUT,999999999.0000000000,999999999.0000000000,0.2250000000,0.5500000000,0.3000000000,2.5000000000,1.0000000000,104,111,104,110,103,112
4575,neighbor,False,WSD_CRITERIA_UNVERIFIED,999999999.0000000000,999999999.0000000000,0.2000000000,0.5500000000,0.3000000000,3.0000000000,1.0000000000,104,110,104,111,103,110
4576,neighbor,False,WSD_CRITERIA_UNVERIFIED,999999999.0000000000,999999999.0000000000,0.2500000000,0.5500000000,0.3000000000,3.5000000000,1.0000000000,104,112,104,112,104,112
4577,neighbor,False,WSD_CRITERIA_UNVERIFIED,999999999.0000000000,999999999.0000000000,0.2500000000,0.4000000000,0.5000000000,2.5000000000,1.0000000000,103,110,104,112,104,110
4578,neighbor,False,CONCRETE_OR_STEEL_STRESS,999999999.0000000000,999999999.0000000000,0.2250000000,0.4000000000,0.4500000000,2.5000000000,0.9000000000,102,112,102,110,104,110
4579,neighbor,False,WSD_CRITERIA_UNVERIFIED,999999999.0000000000,999999999.0000000000,0.2500000000,0.4500000000,0.4500000000,2.5000000000,1.0000000000,103,112,104,110,104,112
4580,neighbor,False,WSD_CRITERIA_UNVERIFIED,999999999.0000000000,999999999.0000000000,0.2500000000,0.4000000000,0.3000000000,3.5000000000,1.0000000000,104,110,104,112,104,110
4581,neighbor,False,WSD_CRITERIA_UNVERIFIED,999999999.0000000000,999999999.0000000000,0.2000000000,0.5500000000,0.5000000000,3.5000000000,1.0000000000,104,112,104,110,103,110
4582,neighbor,False,WSD_CRITERIA_UNVERIFIED,999999999.0000000000,999999999.0000000000,0.2000000000,0.4000000000,0.4500000000,3.0000000000,1.0000000000,103,110,102,112,102,110
4583,neighbor,False,WSD_CRITERIA_UNVERIFIED,999999999.0000000000,999999999.0000000000,0.2000000000,0.5000000000,0.5000000000,3.5000000000,0.9000000000,104,111,104,110,104,111
4584,neighbor,False,WSD_CRITERIA_UNVERIFIED,999999999.0000000000,999999999.0000000000,0.2000000000,0.4500000000,0.5000000000,3.0000000000,1.0000000000,103,111,104,112,104,112
4585,neighbor,False,WSD_CRITERIA_UNVERIFIED,999999999.0000000000,999999999.0000000000,0.2000000000,0.5000000000,0.7000000000,3.0000000000,0.8000000000,104,110,104,110,102,112
4586,neighbor,False,WSD_CRITERIA_UNVERIFIED,999999999.0000000000,999999999.0000000000,0.2000000000,0.6000000000,0.3500000000,2.5000000000,0.9000000000,104,110,102,111,102,112
4587,neighbor,False,WSD_CRITERIA_UNVERIFIED,999999999.0000000000,999999999.0000000000,0.2000000000,0.4000000000,0.4500000000,3.0000000000,0.9000000000,103,110,103,111,103,111
4588,neighbor,False,WSD_CRITERIA_UNVERIFIED,999999999.0000000000,999999999.0000000000,0.2250000000,0.5000000000,0.7000000000,3.0000000000,1.0000000000,103,110,103,111,103,111
4589,neighbor,False,WSD_CRITERIA_UNVERIFIED,999999999.0000000000,999999999.0000000000,0.2000000000,0.5000000000,0.3500000000,3.0000000000,1.0000000000,104,110,102,110,102,111
4590,neighbor,False,WSD_CRITERIA_UNVERIFIED,999999999.0000000000,999999999.0000000000,0.2000000000,0.5500000000,0.4000000000,3.5000000000,1.0000000000,104,112,103,112,104,112
4591,neighbor,False,INVALID_GEOMETRY_OR_INPUT,999999999.0000000000,999999999.0000000000,0.2000000000,0.6000000000,0.4500000000,2.5000000000,1.0000000000,104,110,103,112,104,111
4592,neighbor,False,WSD_CRITERIA_UNVERIFIED,999999999.0000000000,999999999.0000000000,0.2000000000,0.6000000000,0.5000000000,3.5000000000,0.9000000000,103,112,104,110,104,110
4593,neighbor,False,WSD_CRITERIA_UNVERIFIED,999999999.0000000000,999999999.0000000000,0.2000000000,0.5500000000,0.5000000000,2.5000000000,0.8000000000,102,110,103,110,103,110
4594,neighbor,False,WSD_CRITERIA_UNVERIFIED,999999999.0000000000,999999999.0000000000,0.2250000000,0.5000000000,0.6000000000,3.0000000000,1.0000000000,103,112,102,111,103,110
4595,neighbor,False,WSD_CRITERIA_UNVERIFIED,999999999.0000000000,999999999.0000000000,0.2500000000,0.4500000000,0.4000000000,3.0000000000,1.0000000000,104,111,104,111,104,111
4596,neighbor,False,WSD_CRITERIA_UNVERIFIED,999999999.0000000000,999999999.0000000000,0.2500000000,0.4500000000,0.6000000000,3.0000000000,0.9000000000,104,110,104,110,103,110
4597,neighbor,False,WSD_CRITERIA_UNVERIFIED,999999999.0000000000,999999999.0000000000,0.2000000000,0.5000000000,0.3500000000,3.0000000000,1.0000000000,103,110,102,112,104,112
4598,neighbor,False,WSD_CRITERIA_UNVERIFIED,999999999.0000000000,999999999.0000000000,0.2500000000,0.5000000000,0.3000000000,2.5000000000,0.9000000000,104,110,104,110,104,112
4599,neighbor,False,WSD_CRITERIA_UNVERIFIED,999999999.0000000000,999999999.0000000000,0.2250000000,0.5000000000,0.5500000000,3.5000000000,1.0000000000,102,110,104,110,103,111
4600,neighbor,False,WSD_CRITERIA_UNVERIFIED,999999999.0000000000,999999999.0000000000,0.2000000000,0.6000000000,0.6000000000,3.0000000000,0.8000000000,103,110,102,111,104,112
4601,neighbor,False,INVALID_GEOMETRY_OR_INPUT,999999999.0000000000,999999999.0000000000,0.2500000000,0.6000000000,0.4000000000,2.5000000000,1.0000000000,104,111,104,111,102,110
4602,neighbor,False,WSD_CRITERIA_UNVERIFIED,999999999.0000000000,999999999.0000000000,0.2500000000,0.4000000000,0.3500000000,3.5000000000,1.0000000000,104,111,104,110,104,110
4603,neighbor,False,WSD_CRITERIA_UNVERIFIED,999999999.0000000000,999999999.0000000000,0.2000000000,0.6000000000,0.4000000000,3.5000000000,0.8000000000,102,110,104,110,102,110
4604,neighbor,False,WSD_CRITERIA_UNVERIFIED,999999999.0000000000,999999999.0000000000,0.2250000000,0.5500000000,0.4000000000,2.5000000000,0.8000000000,104,111,102,110,103,110
4605,neighbor,False,WSD_CRITERIA_UNVERIFIED,999999999.0000000000,999999999.0000000000,0.2500000000,0.5000000000,0.6000000000,3.5000000000,0.8000000000,103,112,104,110,102,110
4606,neighbor,False,WSD_CRITERIA_UNVERIFIED,999999999.0000000000,999999999.0000000000,0.2000000000,0.4500000000,0.3500000000,3.5000000000,1.0000000000,103,110,103,110,104,110
4607,neighbor,False,WSD_CRITERIA_UNVERIFIED,999999999.0000000000,999999999.0000000000,0.2000000000,0.5500000000,0.3000000000,3.5000000000,1.0000000000,104,110,103,110,102,110
4608,neighbor,False,WSD_CRITERIA_UNVERIFIED,999999999.0000000000,999999999.0000000000,0.2500000000,0.4000000000,0.4000000000,2.5000000000,0.9000000000,104,110,103,110,103,110
4609,neighbor,False,INVALID_GEOMETRY_OR_INPUT,999999999.0000000000,999999999.0000000000,0.2500000000,0.5500000000,0.3000000000,2.5000000000,1.0000000000,104,110,104,110,104,111
4610,neighbor,False,WSD_CRITERIA_UNVERIFIED,999999999.0000000000,999999999.0000000000,0.2250000000,0.4500000000,0.4000000000,3.5000000000,0.9000000000,104,110,104,112,102,110
4611,neighbor,False,WSD_CRITERIA_UNVERIFIED,999999999.0000000000,999999999.0000000000,0.2000000000,0.4000000000,0.4500000000,3.5000000000,0.8000000000,104,112,104,110,103,111
4612,neighbor,False,INVALID_GEOMETRY_OR_INPUT,999999999.0000000000,999999999.0000000000,0.2000000000,0.6000000000,0.4000000000,2.5000000000,1.0000000000,104,111,102,112,104,111
4613,neighbor,False,INVALID_GEOMETRY_OR_INPUT,999999999.0000000000,999999999.0000000000,0.2500000000,0.5000000000,0.3000000000,2.5000000000,1.0000000000,102,110,104,112,102,110
4614,neighbor,False,INVALID_GEOMETRY_OR_INPUT,999999999.0000000000,999999999.0000000000,0.2500000000,0.6000000000,0.3000000000,2.5000000000,1.0000000000,104,110,104,111,104,110
4615,neighbor,False,WSD_CRITERIA_UNVERIFIED,999999999.0000000000,999999999.0000000000,0.2250000000,0.5000000000,0.6500000000,3.0000000000,0.9000000000,104,110,104,110,104,112
4616,neighbor,False,WSD_CRITERIA_UNVERIFIED,999999999.0000000000,999999999.0000000000,0.2500000000,0.5000000000,0.3000000000,2.5000000000,0.8000000000,102,112,102,110,103,110
4617,neighbor,False,WSD_CRITERIA_UNVERIFIED,999999999.0000000000,999999999.0000000000,0.2000000000,0.4500000000,0.7000000000,3.0000000000,0.9000000000,102,110,102,112,104,110
4618,neighbor,False,WSD_CRITERIA_UNVERIFIED,999999999.0000000000,999999999.0000000000,0.2000000000,0.6000000000,0.4500000000,3.5000000000,1.0000000000,103,112,104,110,104,111
4619,neighbor,False,WSD_CRITERIA_UNVERIFIED,999999999.0000000000,999999999.0000000000,0.2250000000,0.4500000000,0.6000000000,2.5000000000,1.0000000000,104,110,103,111,104,111
4620,neighbor,False,WSD_CRITERIA_UNVERIFIED,999999999.0000000000,999999999.0000000000,0.2000000000,0.5500000000,0.4000000000,3.5000000000,1.0000000000,102,112,102,112,102,112
4621,neighbor,False,WSD_CRITERIA_UNVERIFIED,999999999.0000000000,999999999.0000000000,0.2000000000,0.4500000000,0.4500000000,3.5000000000,1.0000000000,104,112,104,110,104,110
4622,neighbor,False,WSD_CRITERIA_UNVERIFIED,999999999.0000000000,999999999.0000000000,0.2000000000,0.4000000000,0.6500000000,3.5000000000,1.0000000000,103,111,104,110,103,111
4623,neighbor,False,WSD_CRITERIA_UNVERIFIED,999999999.0000000000,999999999.0000000000,0.2500000000,0.5500000000,0.4000000000,3.5000000000,0.9000000000,104,110,103,110,102,110
4624,neighbor,False,WSD_CRITERIA_UNVERIFIED,999999999.0000000000,999999999.0000000000,0.2000000000,0.5500000000,0.3000000000,3.0000000000,0.8000000000,104,110,102,110,103,110
4625,neighbor,False,WSD_CRITERIA_UNVERIFIED,999999999.0000000000,999999999.0000000000,0.2000000000,0.4500000000,0.4500000000,2.5000000000,1.0000000000,103,110,104,110,104,112
4626,neighbor,False,WSD_CRITERIA_UNVERIFIED,999999999.0000000000,999999999.0000000000,0.2000000000,0.5500000000,0.5500000000,3.5000000000,0.8000000000,104,111,102,111,102,110
4627,neighbor,False,WSD_CRITERIA_UNVERIFIED,999999999.0000000000,999999999.0000000000,0.2500000000,0.4000000000,0.7000000000,3.5000000000,1.0000000000,104,112,102,110,103,110
4628,neighbor,False,WSD_CRITERIA_UNVERIFIED,999999999.0000000000,999999999.0000000000,0.2000000000,0.4000000000,0.4000000000,2.5000000000,1.0000000000,102,110,102,112,103,110
4629,neighbor,False,WSD_CRITERIA_UNVERIFIED,999999999.0000000000,999999999.0000000000,0.2000000000,0.4500000000,0.7000000000,3.0000000000,0.8000000000,104,112,104,112,104,110
4630,neighbor,False,WSD_CRITERIA_UNVERIFIED,999999999.0000000000,999999999.0000000000,0.2000000000,0.6000000000,0.6500000000,3.0000000000,1.0000000000,104,110,104,110,103,112
4631,neighbor,False,WSD_CRITERIA_UNVERIFIED,999999999.0000000000,999999999.0000000000,0.2000000000,0.6000000000,0.4000000000,3.0000000000,0.8000000000,104,110,102,110,102,112
4632,neighbor,False,WSD_CRITERIA_UNVERIFIED,999999999.0000000000,999999999.0000000000,0.2250000000,0.4500000000,0.4500000000,3.0000000000,1.0000000000,104,110,103,110,104,110
4633,neighbor,False,WSD_CRITERIA_UNVERIFIED,999999999.0000000000,999999999.0000000000,0.2000000000,0.6000000000,0.3000000000,3.5000000000,1.0000000000,102,112,104,112,103,112
4634,neighbor,False,WSD_CRITERIA_UNVERIFIED,999999999.0000000000,999999999.0000000000,0.2250000000,0.4500000000,0.3000000000,2.5000000000,0.8000000000,104,110,104,110,104,110
4635,neighbor,False,WSD_CRITERIA_UNVERIFIED,999999999.0000000000,999999999.0000000000,0.2250000000,0.6000000000,0.3000000000,3.0000000000,1.0000000000,104,110,104,112,104,112
4636,neighbor,False,WSD_CRITERIA_UNVERIFIED,999999999.0000000000,999999999.0000000000,0.2500000000,0.5000000000,0.4500000000,3.5000000000,0.9000000000,104,112,104,110,104,111
4637,neighbor,False,WSD_CRITERIA_UNVERIFIED,999999999.0000000000,999999999.0000000000,0.2500000000,0.4000000000,0.3000000000,3.0000000000,1.0000000000,104,110,104,110,104,110
4638,neighbor,False,WSD_CRITERIA_UNVERIFIED,999999999.0000000000,999999999.0000000000,0.2000000000,0.4500000000,0.4500000000,2.5000000000,1.0000000000,102,110,104,110,104,110
4639,neighbor,False,WSD_CRITERIA_UNVERIFIED,999999999.0000000000,999999999.0000000000,0.2000000000,0.4500000000,0.5000000000,2.5000000000,0.8000000000,102,110,104,110,104,110
4640,neighbor,False,WSD_CRITERIA_UNVERIFIED,999999999.0000000000,999999999.0000000000,0.2000000000,0.6000000000,0.3000000000,3.5000000000,1.0000000000,104,110,103,111,104,110
4641,neighbor,False,WSD_CRITERIA_UNVERIFIED,999999999.0000000000,999999999.0000000000,0.2250000000,0.5000000000,0.7000000000,3.5000000000,1.0000000000,104,111,104,110,103,111
4642,reset,False,CONCRETE_OR_STEEL_STRESS,999999999.0000000000,999999999.0000000000,0.2000000000,0.2000000000,0.5000000000,3.5000000000,1.0000000000,104,110,104,110,104,110
4643,neighbor,False,CONCRETE_OR_STEEL_STRESS,999999999.0000000000,999999999.0000000000,0.2000000000,0.2000000000,0.6000000000,3.0000000000,0.9000000000,102,112,102,111,104,112
4644,neighbor,False,CONCRETE_OR_STEEL_STRESS,999999999.0000000000,999999999.0000000000,0.2000000000,0.2000000000,0.5000000000,3.5000000000,1.0000000000,102,110,104,110,104,110
4645,neighbor,False,WSD_CRITERIA_UNVERIFIED,999999999.0000000000,999999999.0000000000,0.2000000000,0.3000000000,0.7000000000,3.0000000000,0.9000000000,104,110,103,110,102,112
4646,neighbor,False,CONCRETE_OR_STEEL_STRESS,999999999.0000000000,999999999.0000000000,0.2000000000,0.2500000000,0.4000000000,3.5000000000,0.9000000000,102,110,104,112,104,111
4647,neighbor,False,CONCRETE_OR_STEEL_STRESS,999999999.0000000000,999999999.0000000000,0.2000000000,0.2000000000,0.6000000000,3.5000000000,1.0000000000,104,111,104,112,103,110
4648,neighbor,False,CONCRETE_OR_STEEL_STRESS,999999999.0000000000,999999999.0000000000,0.2000000000,0.2000000000,0.4000000000,3.5000000000,1.0000000000,104,110,104,111,102,110
4649,neighbor,False,CONCRETE_OR_STEEL_STRESS,999999999.0000000000,999999999.0000000000,0.2000000000,0.2500000000,0.4500000000,3.5000000000,1.0000000000,102,110,104,112,103,110
4650,neighbor,False,CONCRETE_OR_STEEL_STRESS,999999999.0000000000,999999999.0000000000,0.2000000000,0.2000000000,0.3500000000,3.5000000000,0.9000000000,104,111,104,110,104,112
4651,neighbor,False,WSD_CRITERIA_UNVERIFIED,999999999.0000000000,999999999.0000000000,0.2000000000,0.3000000000,0.3000000000,3.5000000000,1.0000000000,104,110,103,111,102,110
4652,neighbor,False,CONCRETE_OR_STEEL_STRESS,999999999.0000000000,999999999.0000000000,0.2000000000,0.2500000000,0.3500000000,3.0000000000,0.8000000000,102,112,104,111,104,110
4653,neighbor,False,CONCRETE_OR_STEEL_STRESS,999999999.0000000000,999999999.0000000000,0.2000000000,0.2000000000,0.6500000000,3.0000000000,0.9000000000,104,110,103,111,103,110
4654,neighbor,False,CONCRETE_OR_STEEL_STRESS,999999999.0000000000,999999999.0000000000,0.2000000000,0.2000000000,0.4500000000,3.0000000000,0.8000000000,103,110,103,112,102,112
4655,neighbor,False,WSD_CRITERIA_UNVERIFIED,999999999.0000000000,999999999.0000000000,0.2500000000,0.3000000000,0.6500000000,3.5000000000,1.0000000000,104,111,102,111,104,112
4656,neighbor,False,CONCRETE_OR_STEEL_STRESS,999999999.0000000000,999999999.0000000000,0.2000000000,0.2000000000,0.4000000000,3.5000000000,1.0000000000,102,111,103,110,104,111
4657,neighbor,False,CONCRETE_OR_STEEL_STRESS,999999999.0000000000,999999999.0000000000,0.2000000000,0.2500000000,0.6000000000,3.5000000000,1.0000000000,103,111,104,112,104,112
4658,neighbor,False,CONCRETE_OR_STEEL_STRESS,999999999.0000000000,999999999.0000000000,0.2000000000,0.2000000000,0.6000000000,3.0000000000,1.0000000000,103,110,104,110,104,110
4659,neighbor,False,CONCRETE_OR_STEEL_STRESS,999999999.0000000000,999999999.0000000000,0.2000000000,0.2000000000,0.3500000000,3.5000000000,1.0000000000,104,112,104,111,102,110
4660,neighbor,False,WSD_CRITERIA_UNVERIFIED,999999999.0000000000,999999999.0000000000,0.2500000000,0.3000000000,0.4500000000,3.0000000000,1.0000000000,104,111,104,112,104,110
4661,neighbor,False,CONCRETE_OR_STEEL_STRESS,999999999.0000000000,999999999.0000000000,0.2000000000,0.2500000000,0.5500000000,3.5000000000,0.9000000000,104,110,104,110,104,110
4662,neighbor,False,CONCRETE_OR_STEEL_STRESS,999999999.0000000000,999999999.0000000000,0.2000000000,0.2000000000,0.4000000000,3.0000000000,0.8000000000,104,110,103,110,104,110
4663,neighbor,False,CONCRETE_OR_STEEL_STRESS,999999999.0000000000,999999999.0000000000,0.2000000000,0.2000000000,0.6500000000,3.5000000000,1.0000000000,104,110,104,112,104,111
4664,neighbor,False,WSD_CRITERIA_UNVERIFIED,999999999.0000000000,999999999.0000000000,0.2000000000,0.2500000000,0.7500000000,3.5000000000,0.8000000000,104,110,104,110,102,110
4665,neighbor,False,CONCRETE_OR_STEEL_STRESS,999999999.0000000000,999999999.0000000000,0.2000000000,0.2500000000,0.3000000000,3.0000000000,0.8000000000,104,110,104,110,104,112
4666,neighbor,False,CONCRETE_OR_STEEL_STRESS,999999999.0000000000,999999999.0000000000,0.2000000000,0.2000000000,0.5500000000,3.5000000000,0.8000000000,104,110,103,110,103,111
4667,neighbor,False,CONCRETE_OR_STEEL_STRESS,999999999.0000000000,999999999.0000000000,0.2000000000,0.2000000000,0.5000000000,3.5000000000,1.0000000000,104,112,102,110,104,112
4668,neighbor,False,WSD_CRITERIA_UNVERIFIED,999999999.0000000000,999999999.0000000000,0.2000000000,0.3000000000,0.4000000000,3.5000000000,1.0000000000,104,110,104,110,104,110
4669,neighbor,False,WSD_CRITERIA_UNVERIFIED,999999999.0000000000,999999999.0000000000,0.2250000000,0.3000000000,0.6500000000,3.0000000000,1.0000000000,103,110,104,112,104,110
4670,neighbor,False,CONCRETE_OR_STEEL_STRESS,999999999.0000000000,999999999.0000000000,0.2000000000,0.2500000000,0.6000000000,3.0000000000,1.0000000000,104,111,102,110,103,112
4671,neighbor,False,CONCRETE_OR_STEEL_STRESS,999999999.0000000000,999999999.0000000000,0.2000000000,0.2500000000,0.3500000000,3.5000000000,0.8000000000,103,110,104,111,103,112
4672,neighbor,False,CONCRETE_OR_STEEL_STRESS,999999999.0000000000,999999999.0000000000,0.2000000000,0.2500000000,0.5000000000,3.5000000000,0.8000000000,104,110,102,110,103,110
4673,neighbor,False,CONCRETE_OR_STEEL_STRESS,999999999.0000000000,999999999.0000000000,0.2000000000,0.2000000000,0.4000000000,3.5000000000,1.0000000000,102,111,104,112,103,110
4674,neighbor,False,WSD_CRITERIA_UNVERIFIED,999999999.0000000000,999999999.0000000000,0.2250000000,0.3000000000,0.3500000000,3.5000000000,1.0000000000,104,110,104,110,103,112
4675,neighbor,False,CONCRETE_OR_STEEL_STRESS,999999999.0000000000,999999999.0000000000,0.2000000000,0.2000000000,0.3500000000,3.0000000000,1.0000000000,104,110,102,112,104,110
4676,neighbor,False,CONCRETE_OR_STEEL_STRESS,999999999.0000000000,999999999.0000000000,0.2000000000,0.2000000000,0.3000000000,3.0000000000,1.0000000000,104,111,102,112,102,111
4677,neighbor,False,WSD_CRITERIA_UNVERIFIED,999999999.0000000000,999999999.0000000000,0.2250000000,0.2500000000,0.7000000000,3.5000000000,1.0000000000,104,110,103,110,104,110
4678,neighbor,False,CONCRETE_OR_STEEL_STRESS,999999999.0000000000,999999999.0000000000,0.2000000000,0.2000000000,0.4500000000,3.5000000000,0.9000000000,103,110,104,112,103,110
4679,neighbor,False,CONCRETE_OR_STEEL_STRESS,999999999.0000000000,999999999.0000000000,0.2000000000,0.2000000000,0.5500000000,3.5000000000,1.0000000000,104,110,104,111,104,110
4680,neighbor,False,CONCRETE_OR_STEEL_STRESS,999999999.0000000000,999999999.0000000000,0.2500000000,0.2500000000,0.7000000000,3.5000000000,1.0000000000,102,111,102,110,104,110
4681,neighbor,False,CONCRETE_OR_STEEL_STRESS,999999999.0000000000,999999999.0000000000,0.2000000000,0.2500000000,0.4000000000,3.5000000000,1.0000000000,104,110,104,110,104,111
4682,neighbor,False,CONCRETE_OR_STEEL_STRESS,999999999.0000000000,999999999.0000000000,0.2000000000,0.2000000000,0.3000000000,3.5000000000,0.8000000000,102,111,103,110,104,110
4683,neighbor,False,CONCRETE_OR_STEEL_STRESS,999999999.0000000000,999999999.0000000000,0.2000000000,0.2000000000,0.6000000000,3.0000000000,1.0000000000,104,110,104,112,104,110
4684,neighbor,False,CONCRETE_OR_STEEL_STRESS,999999999.0000000000,999999999.0000000000,0.2000000000,0.2000000000,0.3000000000,3.5000000000,0.8000000000,104,112,104,110,102,110
4685,neighbor,False,CONCRETE_OR_STEEL_STRESS,999999999.0000000000,999999999.0000000000,0.2000000000,0.2000000000,0.3000000000,3.0000000000,1.0000000000,104,110,102,112,104,110
4686,neighbor,False,CONCRETE_OR_STEEL_STRESS,999999999.0000000000,999999999.0000000000,0.2000000000,0.2000000000,0.4000000000,3.5000000000,0.9000000000,104,110,104,110,104,111
4687,neighbor,False,WSD_CRITERIA_UNVERIFIED,999999999.0000000000,999999999.0000000000,0.2000000000,0.3000000000,0.3000000000,3.5000000000,1.0000000000,104,110,103,110,103,110
4688,neighbor,False,CONCRETE_OR_STEEL_STRESS,999999999.0000000000,999999999.0000000000,0.2000000000,0.2000000000,0.3500000000,3.5000000000,1.0000000000,104,110,104,110,104,110
4689,neighbor,False,WSD_CRITERIA_UNVERIFIED,999999999.0000000000,999999999.0000000000,0.2000000000,0.3000000000,0.7000000000,3.5000000000,0.8000000000,104,110,103,110,103,112
4690,neighbor,False,WSD_CRITERIA_UNVERIFIED,999999999.0000000000,999999999.0000000000,0.2500000000,0.3000000000,0.3000000000,3.5000000000,1.0000000000,103,110,104,110,104,110
4691,neighbor,False,CONCRETE_OR_STEEL_STRESS,999999999.0000000000,999999999.0000000000,0.2000000000,0.2000000000,0.3000000000,3.5000000000,0.8000000000,102,110,103,111,104,111
4692,neighbor,False,CONCRETE_OR_STEEL_STRESS,999999999.0000000000,999999999.0000000000,0.2000000000,0.2500000000,0.3500000000,3.5000000000,0.8000000000,104,111,104,111,102,111
4693,neighbor,False,WSD_CRITERIA_UNVERIFIED,999999999.0000000000,999999999.0000000000,0.2000000000,0.3000000000,0.7000000000,3.5000000000,0.9000000000,104,110,102,112,104,110
4694,neighbor,False,WSD_CRITERIA_UNVERIFIED,999999999.0000000000,999999999.0000000000,0.2250000000,0.3000000000,0.5000000000,3.5000000000,0.9000000000,103,110,102,110,104,112
4695,neighbor,False,WSD_CRITERIA_UNVERIFIED,999999999.0000000000,999999999.0000000000,0.2000000000,0.3000000000,0.5500000000,3.5000000000,1.0000000000,103,110,104,110,104,111
4696,neighbor,False,WSD_CRITERIA_UNVERIFIED,999999999.0000000000,999999999.0000000000,0.2250000000,0.3000000000,0.5500000000,3.5000000000,1.0000000000,104,110,104,110,103,110
4697,neighbor,False,WSD_CRITERIA_UNVERIFIED,999999999.0000000000,999999999.0000000000,0.2000000000,0.3000000000,0.7500000000,3.5000000000,1.0000000000,103,111,103,110,103,111
4698,neighbor,False,CONCRETE_OR_STEEL_STRESS,999999999.0000000000,999999999.0000000000,0.2250000000,0.2500000000,0.5000000000,3.5000000000,1.0000000000,104,110,104,111,104,111
4699,neighbor,False,CONCRETE_OR_STEEL_STRESS,999999999.0000000000,999999999.0000000000,0.2000000000,0.2000000000,0.4500000000,3.5000000000,0.9000000000,104,112,104,112,104,110
4700,neighbor,False,CONCRETE_OR_STEEL_STRESS,999999999.0000000000,999999999.0000000000,0.2000000000,0.3000000000,0.5500000000,3.5000000000,1.0000000000,102,111,102,110,102,110
4701,neighbor,False,CONCRETE_OR_STEEL_STRESS,999999999.0000000000,999999999.0000000000,0.2000000000,0.2000000000,0.6000000000,3.5000000000,1.0000000000,104,110,104,112,104,110
4702,neighbor,False,WSD_CRITERIA_UNVERIFIED,999999999.0000000000,999999999.0000000000,0.2000000000,0.3000000000,0.3000000000,3.5000000000,1.0000000000,104,110,104,110,104,112
4703,neighbor,False,WSD_CRITERIA_UNVERIFIED,999999999.0000000000,999999999.0000000000,0.2500000000,0.3000000000,0.6000000000,3.5000000000,1.0000000000,104,110,103,110,104,112
4704,neighbor,False,CONCRETE_OR_STEEL_STRESS,999999999.0000000000,999999999.0000000000,0.2000000000,0.2000000000,0.3000000000,3.5000000000,0.9000000000,102,110,103,110,104,110
4705,neighbor,False,CONCRETE_OR_STEEL_STRESS,999999999.0000000000,999999999.0000000000,0.2000000000,0.2000000000,0.6000000000,3.0000000000,0.8000000000,103,110,102,112,102,110
4706,neighbor,False,WSD_CRITERIA_UNVERIFIED,999999999.0000000000,999999999.0000000000,0.2000000000,0.3000000000,0.4000000000,3.5000000000,0.9000000000,104,112,102,111,102,111
4707,neighbor,False,CONCRETE_OR_STEEL_STRESS,999999999.0000000000,999999999.0000000000,0.2000000000,0.2000000000,0.3000000000,3.5000000000,1.0000000000,104,111,102,110,103,110
4708,neighbor,False,CONCRETE_OR_STEEL_STRESS,999999999.0000000000,999999999.0000000000,0.2000000000,0.2000000000,0.4000000000,3.5000000000,1.0000000000,104,110,104,110,104,110
4709,neighbor,False,CONCRETE_OR_STEEL_STRESS,999999999.0000000000,999999999.0000000000,0.2000000000,0.2000000000,0.5500000000,3.0000000000,1.0000000000,102,110,104,112,103,111
4710,neighbor,False,WSD_CRITERIA_UNVERIFIED,999999999.0000000000,999999999.0000000000,0.2000000000,0.3000000000,0.6000000000,3.5000000000,0.9000000000,104,110,103,110,103,110
4711,neighbor,False,CONCRETE_OR_STEEL_STRESS,999999999.0000000000,999999999.0000000000,0.2000000000,0.3000000000,0.5500000000,3.5000000000,1.0000000000,103,112,103,110,104,112
4712,neighbor,False,CONCRETE_OR_STEEL_STRESS,999999999.0000000000,999999999.0000000000,0.2000000000,0.2000000000,0.7000000000,3.5000000000,0.8000000000,104,110,104,111,104,111
4713,neighbor,False,CONCRETE_OR_STEEL_STRESS,999999999.0000000000,999999999.0000000000,0.2000000000,0.2000000000,0.3000000000,3.5000000000,0.9000000000,102,111,104,110,104,110
4714,neighbor,False,CONCRETE_OR_STEEL_STRESS,999999999.0000000000,999999999.0000000000,0.2000000000,0.2500000000,0.4000000000,3.5000000000,0.8000000000,102,112,104,110,104,110
4715,neighbor,False,CONCRETE_OR_STEEL_STRESS,999999999.0000000000,999999999.0000000000,0.2000000000,0.2000000000,0.7000000000,3.5000000000,0.8000000000,103,111,104,110,103,110
4716,neighbor,False,CONCRETE_OR_STEEL_STRESS,999999999.0000000000,999999999.0000000000,0.2000000000,0.2500000000,0.3500000000,3.5000000000,1.0000000000,103,112,104,112,104,110
4717,neighbor,False,WSD_CRITERIA_UNVERIFIED,999999999.0000000000,999999999.0000000000,0.2000000000,0.3000000000,0.3000000000,3.5000000000,1.0000000000,104,110,104,111,104,110
4718,neighbor,False,CONCRETE_OR_STEEL_STRESS,999999999.0000000000,999999999.0000000000,0.2000000000,0.2000000000,0.5000000000,3.5000000000,1.0000000000,104,110,104,110,104,111
4719,neighbor,False,CONCRETE_OR_STEEL_STRESS,999999999.0000000000,999999999.0000000000,0.2500000000,0.2500000000,0.3500000000,3.0000000000,1.0000000000,104,110,104,111,102,110
4720,neighbor,False,CONCRETE_OR_STEEL_STRESS,999999999.0000000000,999999999.0000000000,0.2000000000,0.2000000000,0.3000000000,3.0000000000,1.0000000000,102,111,104,110,104,111
4721,neighbor,False,CONCRETE_OR_STEEL_STRESS,999999999.0000000000,999999999.0000000000,0.2000000000,0.2000000000,0.5000000000,3.5000000000,1.0000000000,104,110,104,110,104,110
4722,neighbor,False,CONCRETE_OR_STEEL_STRESS,999999999.0000000000,999999999.0000000000,0.2000000000,0.2000000000,0.3000000000,3.5000000000,1.0000000000,104,110,102,110,104,112
4723,neighbor,False,CONCRETE_OR_STEEL_STRESS,999999999.0000000000,999999999.0000000000,0.2000000000,0.2000000000,0.7500000000,3.0000000000,0.9000000000,102,111,104,110,104,110
4724,neighbor,False,CONCRETE_OR_STEEL_STRESS,999999999.0000000000,999999999.0000000000,0.2000000000,0.3000000000,0.7000000000,3.5000000000,0.9000000000,102,112,104,110,104,110
4725,neighbor,False,CONCRETE_OR_STEEL_STRESS,999999999.0000000000,999999999.0000000000,0.2000000000,0.2000000000,0.6500000000,3.5000000000,1.0000000000,102,112,104,111,103,110
4726,neighbor,False,CONCRETE_OR_STEEL_STRESS,999999999.0000000000,999999999.0000000000,0.2000000000,0.2000000000,0.4000000000,3.0000000000,0.9000000000,104,112,104,110,104,111
4727,neighbor,False,WSD_CRITERIA_UNVERIFIED,999999999.0000000000,999999999.0000000000,0.2000000000,0.3000000000,0.5000000000,3.5000000000,1.0000000000,104,112,103,110,104,110
4728,neighbor,False,WSD_CRITERIA_UNVERIFIED,999999999.0000000000,999999999.0000000000,0.2000000000,0.3000000000,0.7000000000,3.5000000000,1.0000000000,104,111,104,112,103,110
4729,neighbor,False,CONCRETE_OR_STEEL_STRESS,999999999.0000000000,999999999.0000000000,0.2000000000,0.2000000000,0.3000000000,3.0000000000,1.0000000000,104,110,102,111,104,110
4730,neighbor,False,CONCRETE_OR_STEEL_STRESS,999999999.0000000000,999999999.0000000000,0.2000000000,0.2000000000,0.6500000000,3.0000000000,1.0000000000,104,112,104,110,103,110
4731,neighbor,False,CONCRETE_OR_STEEL_STRESS,999999999.0000000000,999999999.0000000000,0.2000000000,0.2000000000,0.3500000000,3.5000000000,1.0000000000,104,111,102,112,104,111
4732,neighbor,False,WSD_CRITERIA_UNVERIFIED,999999999.0000000000,999999999.0000000000,0.2000000000,0.3000000000,0.5000000000,3.5000000000,1.0000000000,103,111,104,110,104,110
4733,neighbor,False,WSD_CRITERIA_UNVERIFIED,999999999.0000000000,999999999.0000000000,0.2000000000,0.3000000000,0.5500000000,3.5000000000,1.0000000000,102,110,104,110,103,112
4734,neighbor,False,WSD_CRITERIA_UNVERIFIED,999999999.0000000000,999999999.0000000000,0.2500000000,0.2500000000,0.7000000000,3.5000000000,1.0000000000,104,110,104,112,104,110
4735,neighbor,False,CONCRETE_OR_STEEL_STRESS,999999999.0000000000,999999999.0000000000,0.2000000000,0.2000000000,0.5500000000,3.5000000000,1.0000000000,103,111,104,112,104,112
4736,neighbor,False,CONCRETE_OR_STEEL_STRESS,999999999.0000000000,999999999.0000000000,0.2000000000,0.2000000000,0.4500000000,3.5000000000,1.0000000000,104,110,102,110,104,111
4737,neighbor,False,CONCRETE_OR_STEEL_STRESS,999999999.0000000000,999999999.0000000000,0.2000000000,0.2000000000,0.3500000000,3.5000000000,1.0000000000,103,112,102,112,102,112
4738,neighbor,False,CONCRETE_OR_STEEL_STRESS,999999999.0000000000,999999999.0000000000,0.2000000000,0.2000000000,0.4500000000,3.5000000000,0.9000000000,104,110,102,111,102,110
4739,neighbor,False,CONCRETE_OR_STEEL_STRESS,999999999.0000000000,999999999.0000000000,0.2000000000,0.2500000000,0.6500000000,3.5000000000,0.9000000000,104,112,104,110,103,110
4740,neighbor,False,WSD_CRITERIA_UNVERIFIED,999999999.0000000000,999999999.0000000000,0.2500000000,0.3000000000,0.5000000000,3.5000000000,1.0000000000,104,111,104,110,104,111
4741,neighbor,False,CONCRETE_OR_STEEL_STRESS,999999999.0000000000,999999999.0000000000,0.2000000000,0.3000000000,0.7000000000,3.0000000000,1.0000000000,102,111,102,112,102,110
4742,neighbor,False,CONCRETE_OR_STEEL_STRESS,999999999.0000000000,999999999.0000000000,0.2000000000,0.2000000000,0.3500000000,3.5000000000,1.0000000000,104,111,104,110,103,110
4743,neighbor,False,CONCRETE_OR_STEEL_STRESS,999999999.0000000000,999999999.0000000000,0.2000000000,0.2500000000,0.6000000000,3.0000000000,1.0000000000,104,110,103,111,104,112
4744,neighbor,False,CONCRETE_OR_STEEL_STRESS,999999999.0000000000,999999999.0000000000,0.2000000000,0.2500000000,0.7000000000,3.0000000000,1.0000000000,103,110,104,111,104,110
4745,neighbor,False,CONCRETE_OR_STEEL_STRESS,999999999.0000000000,999999999.0000000000,0.2000000000,0.2500000000,0.4000000000,3.5000000000,1.0000000000,103,110,102,111,104,110
4746,neighbor,False,CONCRETE_OR_STEEL_STRESS,999999999.0000000000,999999999.0000000000,0.2000000000,0.2000000000,0.6000000000,3.5000000000,1.0000000000,103,110,103,110,104,112
4747,neighbor,False,WSD_CRITERIA_UNVERIFIED,999999999.0000000000,999999999.0000000000,0.2250000000,0.3000000000,0.3500000000,3.0000000000,1.0000000000,103,110,104,112,103,112
4748,neighbor,False,CONCRETE_OR_STEEL_STRESS,999999999.0000000000,999999999.0000000000,0.2000000000,0.2000000000,0.5000000000,3.0000000000,0.9000000000,104,110,104,110,103,112
4749,neighbor,False,CONCRETE_OR_STEEL_STRESS,999999999.0000000000,999999999.0000000000,0.2000000000,0.2000000000,0.5000000000,3.5000000000,1.0000000000,103,110,104,110,104,112
4750,neighbor,False,CONCRETE_OR_STEEL_STRESS,999999999.0000000000,999999999.0000000000,0.2250000000,0.3000000000,0.3000000000,3.5000000000,0.8000000000,104,112,104,110,102,112
4751,neighbor,False,CONCRETE_OR_STEEL_STRESS,999999999.0000000000,999999999.0000000000,0.2000000000,0.2000000000,0.4500000000,3.5000000000,1.0000000000,103,111,103,110,104,110
4752,neighbor,False,CONCRETE_OR_STEEL_STRESS,999999999.0000000000,999999999.0000000000,0.2250000000,0.2500000000,0.5000000000,3.0000000000,1.0000000000,102,110,102,112,104,110
4753,neighbor,False,CONCRETE_OR_STEEL_STRESS,999999999.0000000000,999999999.0000000000,0.2000000000,0.2000000000,0.7500000000,3.5000000000,1.0000000000,102,111,103,110,104,111
4754,neighbor,False,CONCRETE_OR_STEEL_STRESS,999999999.0000000000,999999999.0000000000,0.2000000000,0.2000000000,0.6000000000,3.5000000000,0.9000000000,104,110,104,110,103,112
4755,neighbor,False,CONCRETE_OR_STEEL_STRESS,999999999.0000000000,999999999.0000000000,0.2000000000,0.2000000000,0.5500000000,3.5000000000,1.0000000000,103,110,104,112,103,112
4756,neighbor,False,CONCRETE_OR_STEEL_STRESS,999999999.0000000000,999999999.0000000000,0.2000000000,0.2000000000,0.3500000000,3.5000000000,0.9000000000,104,111,102,112,104,110
4757,neighbor,False,CONCRETE_OR_STEEL_STRESS,999999999.0000000000,999999999.0000000000,0.2000000000,0.2500000000,0.3000000000,3.5000000000,0.8000000000,103,110,104,110,103,111
4758,neighbor,False,WSD_CRITERIA_UNVERIFIED,999999999.0000000000,999999999.0000000000,0.2000000000,0.3000000000,0.3000000000,3.0000000000,1.0000000000,103,110,103,111,104,110
4759,neighbor,False,CONCRETE_OR_STEEL_STRESS,999999999.0000000000,999999999.0000000000,0.2000000000,0.2500000000,0.5000000000,3.0000000000,1.0000000000,104,112,104,111,104,112
4760,neighbor,False,CONCRETE_OR_STEEL_STRESS,999999999.0000000000,999999999.0000000000,0.2500000000,0.2500000000,0.4500000000,3.5000000000,1.0000000000,102,110,103,110,104,111
4761,neighbor,False,CONCRETE_OR_STEEL_STRESS,999999999.0000000000,999999999.0000000000,0.2000000000,0.2000000000,0.6000000000,3.5000000000,1.0000000000,104,110,103,110,104,110
4762,neighbor,False,CONCRETE_OR_STEEL_STRESS,999999999.0000000000,999999999.0000000000,0.2000000000,0.2000000000,0.7500000000,3.5000000000,0.9000000000,104,110,104,110,102,110
4763,neighbor,False,CONCRETE_OR_STEEL_STRESS,999999999.0000000000,999999999.0000000000,0.2000000000,0.2000000000,0.5000000000,3.0000000000,1.0000000000,104,111,104,112,103,111
4764,neighbor,False,CONCRETE_OR_STEEL_STRESS,999999999.0000000000,999999999.0000000000,0.2000000000,0.2000000000,0.3000000000,3.5000000000,1.0000000000,103,110,103,110,104,111
4765,neighbor,False,CONCRETE_OR_STEEL_STRESS,999999999.0000000000,999999999.0000000000,0.2000000000,0.2000000000,0.4000000000,3.0000000000,0.8000000000,102,111,104,111,103,110
4766,neighbor,False,CONCRETE_OR_STEEL_STRESS,999999999.0000000000,999999999.0000000000,0.2000000000,0.2000000000,0.4000000000,3.0000000000,1.0000000000,104,112,104,110,103,112
4767,neighbor,False,WSD_CRITERIA_UNVERIFIED,999999999.0000000000,999999999.0000000000,0.2000000000,0.3000000000,0.3000000000,3.5000000000,1.0000000000,104,110,102,110,103,112
4768,neighbor,False,CONCRETE_OR_STEEL_STRESS,999999999.0000000000,999999999.0000000000,0.2000000000,0.2000000000,0.7500000000,3.5000000000,1.0000000000,104,112,104,110,102,110
4769,neighbor,False,CONCRETE_OR_STEEL_STRESS,999999999.0000000000,999999999.0000000000,0.2250000000,0.2500000000,0.3000000000,3.5000000000,1.0000000000,104,111,104,110,104,112
4770,neighbor,False,CONCRETE_OR_STEEL_STRESS,999999999.0000000000,999999999.0000000000,0.2000000000,0.2000000000,0.4000000000,3.5000000000,0.9000000000,104,110,104,112,103,110
4771,neighbor,False,CONCRETE_OR_STEEL_STRESS,999999999.0000000000,999999999.0000000000,0.2000000000,0.2500000000,0.7000000000,3.5000000000,1.0000000000,104,112,104,111,102,110
4772,neighbor,False,CONCRETE_OR_STEEL_STRESS,999999999.0000000000,999999999.0000000000,0.2000000000,0.2000000000,0.4500000000,3.5000000000,0.8000000000,102,110,104,112,104,110
4773,neighbor,False,CONCRETE_OR_STEEL_STRESS,999999999.0000000000,999999999.0000000000,0.2000000000,0.2500000000,0.5500000000,3.0000000000,1.0000000000,104,110,104,110,103,111
4774,neighbor,False,CONCRETE_OR_STEEL_STRESS,999999999.0000000000,999999999.0000000000,0.2000000000,0.2000000000,0.4000000000,3.5000000000,0.9000000000,104,112,102,110,104,112
4775,neighbor,False,CONCRETE_OR_STEEL_STRESS,999999999.0000000000,999999999.0000000000,0.2000000000,0.2000000000,0.7000000000,3.5000000000,1.0000000000,103,110,102,111,104,110
4776,neighbor,False,WSD_CRITERIA_UNVERIFIED,999999999.0000000000,999999999.0000000000,0.2000000000,0.3000000000,0.3500000000,3.5000000000,0.8000000000,104,110,102,111,104,110
4777,neighbor,False,WSD_CRITERIA_UNVERIFIED,999999999.0000000000,999999999.0000000000,0.2500000000,0.3000000000,0.3000000000,3.5000000000,1.0000000000,102,110,104,110,103,110
4778,neighbor,False,WSD_CRITERIA_UNVERIFIED,999999999.0000000000,999999999.0000000000,0.2000000000,0.3000000000,0.7000000000,3.5000000000,1.0000000000,103,110,104,110,103,110
4779,neighbor,False,CONCRETE_OR_STEEL_STRESS,999999999.0000000000,999999999.0000000000,0.2000000000,0.2000000000,0.3500000000,3.5000000000,1.0000000000,103,110,102,110,102,110
4780,neighbor,False,CONCRETE_OR_STEEL_STRESS,999999999.0000000000,999999999.0000000000,0.2000000000,0.2000000000,0.7000000000,3.0000000000,1.0000000000,102,110,102,110,104,110
4781,neighbor,False,CONCRETE_OR_STEEL_STRESS,999999999.0000000000,999999999.0000000000,0.2000000000,0.2000000000,0.3000000000,3.5000000000,0.9000000000,103,110,104,112,103,111
4782,neighbor,False,WSD_CRITERIA_UNVERIFIED,999999999.0000000000,999999999.0000000000,0.2250000000,0.3000000000,0.5500000000,3.0000000000,1.0000000000,104,111,102,110,104,111
4783,neighbor,False,CONCRETE_OR_STEEL_STRESS,999999999.0000000000,999999999.0000000000,0.2000000000,0.2000000000,0.6000000000,3.0000000000,0.8000000000,104,110,104,111,103,110
4784,neighbor,False,CONCRETE_OR_STEEL_STRESS,999999999.0000000000,999999999.0000000000,0.2000000000,0.2000000000,0.6500000000,3.0000000000,1.0000000000,104,110,104,110,104,110
4785,neighbor,False,CONCRETE_OR_STEEL_STRESS,999999999.0000000000,999999999.0000000000,0.2000000000,0.2000000000,0.5000000000,3.5000000000,1.0000000000,104,110,104,112,104,110
4786,neighbor,False,CONCRETE_OR_STEEL_STRESS,999999999.0000000000,999999999.0000000000,0.2000000000,0.2500000000,0.4500000000,3.5000000000,0.8000000000,104,110,104,110,103,110
4787,neighbor,False,CONCRETE_OR_STEEL_STRESS,999999999.0000000000,999999999.0000000000,0.2000000000,0.2000000000,0.4500000000,3.5000000000,1.0000000000,102,112,103,110,104,112
4788,neighbor,False,CONCRETE_OR_STEEL_STRESS,999999999.0000000000,999999999.0000000000,0.2000000000,0.2000000000,0.4500000000,3.0000000000,0.9000000000,103,110,104,111,103,112
4789,neighbor,False,CONCRETE_OR_STEEL_STRESS,999999999.0000000000,999999999.0000000000,0.2000000000,0.2000000000,0.7000000000,3.5000000000,1.0000000000,102,112,104,112,104,110
4790,neighbor,False,CONCRETE_OR_STEEL_STRESS,999999999.0000000000,999999999.0000000000,0.2000000000,0.2000000000,0.3000000000,3.0000000000,1.0000000000,103,110,104,112,104,112
4791,neighbor,False,CONCRETE_OR_STEEL_STRESS,999999999.0000000000,999999999.0000000000,0.2000000000,0.3000000000,0.6500000000,3.5000000000,0.8000000000,102,112,102,112,104,110
4792,neighbor,False,CONCRETE_OR_STEEL_STRESS,999999999.0000000000,999999999.0000000000,0.2000000000,0.3000000000,0.5500000000,3.5000000000,0.8000000000,102,112,104,112,104,110
4793,neighbor,False,CONCRETE_OR_STEEL_STRESS,999999999.0000000000,999999999.0000000000,0.2000000000,0.2000000000,0.3000000000,3.0000000000,1.0000000000,103,110,102,110,104,111
4794,neighbor,False,CONCRETE_OR_STEEL_STRESS,999999999.0000000000,999999999.0000000000,0.2000000000,0.2500000000,0.7000000000,3.5000000000,1.0000000000,104,112,104,110,104,112
4795,neighbor,False,CONCRETE_OR_STEEL_STRESS,999999999.0000000000,999999999.0000000000,0.2000000000,0.2000000000,0.6500000000,3.5000000000,1.0000000000,104,111,104,112,104,110
4796,neighbor,False,WSD_CRITERIA_UNVERIFIED,999999999.0000000000,999999999.0000000000,0.2250000000,0.3000000000,0.4000000000,3.5000000000,0.9000000000,102,110,102,110,104,110
4797,neighbor,False,CONCRETE_OR_STEEL_STRESS,999999999.0000000000,999999999.0000000000,0.2000000000,0.2000000000,0.6500000000,3.0000000000,1.0000000000,102,110,104,112,104,110
4798,neighbor,False,CONCRETE_OR_STEEL_STRESS,999999999.0000000000,999999999.0000000000,0.2000000000,0.2500000000,0.5000000000,3.5000000000,1.0000000000,104,110,102,110,103,110
4799,neighbor,False,CONCRETE_OR_STEEL_STRESS,999999999.0000000000,999999999.0000000000,0.2000000000,0.2000000000,0.3000000000,3.0000000000,1.0000000000,102,110,103,111,102,112
4800,neighbor,False,CONCRETE_OR_STEEL_STRESS,999999999.0000000000,999999999.0000000000,0.2250000000,0.2500000000,0.3000000000,3.5000000000,0.9000000000,104,110,104,110,102,112
4801,neighbor,False,CONCRETE_OR_STEEL_STRESS,999999999.0000000000,999999999.0000000000,0.2000000000,0.2000000000,0.7500000000,3.0000000000,1.0000000000,102,110,102,112,103,112
4802,neighbor,False,CONCRETE_OR_STEEL_STRESS,999999999.0000000000,999999999.0000000000,0.2000000000,0.2000000000,0.6000000000,3.0000000000,1.0000000000,104,112,102,110,102,110
4803,neighbor,False,CONCRETE_OR_STEEL_STRESS,999999999.0000000000,999999999.0000000000,0.2500000000,0.2500000000,0.3000000000,3.5000000000,0.9000000000,104,110,104,111,103,111
4804,neighbor,False,CONCRETE_OR_STEEL_STRESS,999999999.0000000000,999999999.0000000000,0.2000000000,0.3000000000,0.3000000000,3.5000000000,1.0000000000,104,112,102,110,102,110
4805,neighbor,False,CONCRETE_OR_STEEL_STRESS,999999999.0000000000,999999999.0000000000,0.2250000000,0.2500000000,0.5500000000,3.0000000000,0.8000000000,102,110,104,110,104,110
4806,neighbor,False,WSD_CRITERIA_UNVERIFIED,999999999.0000000000,999999999.0000000000,0.2000000000,0.3000000000,0.3000000000,3.0000000000,0.8000000000,104,110,104,110,104,110
4807,neighbor,False,CONCRETE_OR_STEEL_STRESS,999999999.0000000000,999999999.0000000000,0.2000000000,0.2000000000,0.4500000000,3.5000000000,1.0000000000,102,110,102,110,102,111
4808,neighbor,False,CONCRETE_OR_STEEL_STRESS,999999999.0000000000,999999999.0000000000,0.2000000000,0.2000000000,0.5500000000,3.5000000000,0.8000000000,104,110,104,110,103,112
4809,neighbor,False,WSD_CRITERIA_UNVERIFIED,999999999.0000000000,999999999.0000000000,0.2500000000,0.3000000000,0.7500000000,3.5000000000,1.0000000000,104,110,104,110,103,111
4810,neighbor,False,WSD_CRITERIA_UNVERIFIED,999999999.0000000000,999999999.0000000000,0.2250000000,0.3000000000,0.5500000000,3.5000000000,1.0000000000,104,112,102,112,104,110
4811,neighbor,False,CONCRETE_OR_STEEL_STRESS,999999999.0000000000,999999999.0000000000,0.2000000000,0.2000000000,0.6000000000,3.0000000000,1.0000000000,103,112,104,111,102,112
4812,neighbor,False,CONCRETE_OR_STEEL_STRESS,999999999.0000000000,999999999.0000000000,0.2000000000,0.2500000000,0.4500000000,3.5000000000,1.0000000000,104,110,104,110,104,112
4813,neighbor,False,WSD_CRITERIA_UNVERIFIED,999999999.0000000000,999999999.0000000000,0.2000000000,0.3000000000,0.6500000000,3.5000000000,1.0000000000,104,110,102,111,104,110
4814,neighbor,False,WSD_CRITERIA_UNVERIFIED,999999999.0000000000,999999999.0000000000,0.2500000000,0.2500000000,0.7500000000,3.5000000000,1.0000000000,103,110,102,111,104,110
4815,neighbor,False,CONCRETE_OR_STEEL_STRESS,999999999.0000000000,999999999.0000000000,0.2000000000,0.2000000000,0.3000000000,3.0000000000,0.9000000000,104,112,104,110,104,111
4816,neighbor,False,CONCRETE_OR_STEEL_STRESS,999999999.0000000000,999999999.0000000000,0.2000000000,0.2000000000,0.4500000000,3.0000000000,1.0000000000,104,111,104,110,102,111
4817,neighbor,False,CONCRETE_OR_STEEL_STRESS,999999999.0000000000,999999999.0000000000,0.2000000000,0.2500000000,0.5500000000,3.5000000000,1.0000000000,104,110,104,110,104,110
4818,neighbor,False,CONCRETE_OR_STEEL_STRESS,999999999.0000000000,999999999.0000000000,0.2000000000,0.2000000000,0.7500000000,3.0000000000,0.9000000000,104,111,104,111,104,110
4819,neighbor,False,CONCRETE_OR_STEEL_STRESS,999999999.0000000000,999999999.0000000000,0.2000000000,0.2500000000,0.3000000000,3.0000000000,1.0000000000,102,112,104,110,104,110
4820,neighbor,False,CONCRETE_OR_STEEL_STRESS,999999999.0000000000,999999999.0000000000,0.2000000000,0.2000000000,0.4000000000,3.5000000000,0.9000000000,104,111,104,110,102,112
4821,neighbor,False,CONCRETE_OR_STEEL_STRESS,999999999.0000000000,999999999.0000000000,0.2000000000,0.2000000000,0.6500000000,3.0000000000,1.0000000000,102,111,104,110,104,110
4822,neighbor,False,WSD_CRITERIA_UNVERIFIED,999999999.0000000000,999999999.0000000000,0.2000000000,0.3000000000,0.4500000000,3.0000000000,1.0000000000,102,110,102,110,104,112
4823,neighbor,False,CONCRETE_OR_STEEL_STRESS,999999999.0000000000,999999999.0000000000,0.2000000000,0.2000000000,0.4000000000,3.0000000000,1.0000000000,104,110,104,110,104,111
4824,neighbor,False,CONCRETE_OR_STEEL_STRESS,999999999.0000000000,999999999.0000000000,0.2000000000,0.2000000000,0.7000000000,3.0000000000,0.9000000000,103,111,103,111,104,112
4825,neighbor,False,CONCRETE_OR_STEEL_STRESS,999999999.0000000000,999999999.0000000000,0.2000000000,0.2000000000,0.6000000000,3.5000000000,0.8000000000,104,110,104,110,104,112
4826,neighbor,False,CONCRETE_OR_STEEL_STRESS,999999999.0000000000,999999999.0000000000,0.2000000000,0.2500000000,0.3000000000,3.0000000000,1.0000000000,104,111,103,110,102,110
4827,neighbor,False,CONCRETE_OR_STEEL_STRESS,999999999.0000000000,999999999.0000000000,0.2000000000,0.2000000000,0.6000000000,3.5000000000,0.9000000000,102,112,104,110,102,110
4828,neighbor,False,CONCRETE_OR_STEEL_STRESS,999999999.0000000000,999999999.0000000000,0.2000000000,0.2000000000,0.3500000000,3.5000000000,1.0000000000,103,110,102,111,102,112
4829,neighbor,False,CONCRETE_OR_STEEL_STRESS,999999999.0000000000,999999999.0000000000,0.2000000000,0.2500000000,0.6000000000,3.0000000000,0.9000000000,102,110,104,110,102,110
4830,neighbor,False,WSD_CRITERIA_UNVERIFIED,999999999.0000000000,999999999.0000000000,0.2000000000,0.3000000000,0.6500000000,3.5000000000,0.8000000000,104,110,104,112,103,110
4831,neighbor,False,CONCRETE_OR_STEEL_STRESS,999999999.0000000000,999999999.0000000000,0.2000000000,0.2000000000,0.7000000000,3.0000000000,1.0000000000,104,110,103,112,103,110
4832,neighbor,False,CONCRETE_OR_STEEL_STRESS,999999999.0000000000,999999999.0000000000,0.2250000000,0.2500000000,0.4500000000,3.5000000000,1.0000000000,103,111,104,110,103,112
4833,neighbor,False,CONCRETE_OR_STEEL_STRESS,999999999.0000000000,999999999.0000000000,0.2000000000,0.2000000000,0.7000000000,3.5000000000,1.0000000000,103,110,103,110,104,110
4834,neighbor,False,CONCRETE_OR_STEEL_STRESS,999999999.0000000000,999999999.0000000000,0.2000000000,0.2000000000,0.4000000000,3.5000000000,0.8000000000,104,110,102,110,102,110
4835,neighbor,False,CONCRETE_OR_STEEL_STRESS,999999999.0000000000,999999999.0000000000,0.2000000000,0.2000000000,0.7000000000,3.5000000000,0.9000000000,104,110,104,110,103,110
4836,neighbor,False,WSD_CRITERIA_UNVERIFIED,999999999.0000000000,999999999.0000000000,0.2250000000,0.3000000000,0.4500000000,3.5000000000,1.0000000000,104,111,103,112,104,110
4837,neighbor,False,CONCRETE_OR_STEEL_STRESS,999999999.0000000000,999999999.0000000000,0.2000000000,0.2000000000,0.5500000000,3.5000000000,1.0000000000,104,110,102,110,104,112
4838,neighbor,False,CONCRETE_OR_STEEL_STRESS,999999999.0000000000,999999999.0000000000,0.2000000000,0.2000000000,0.7500000000,3.5000000000,0.9000000000,104,110,104,110,102,110
4839,neighbor,False,CONCRETE_OR_STEEL_STRESS,999999999.0000000000,999999999.0000000000,0.2000000000,0.2000000000,0.4000000000,3.0000000000,0.9000000000,104,110,103,111,104,112
4840,neighbor,False,WSD_CRITERIA_UNVERIFIED,999999999.0000000000,999999999.0000000000,0.2250000000,0.3000000000,0.3500000000,3.5000000000,0.9000000000,103,111,104,111,104,112
4841,neighbor,False,WSD_CRITERIA_UNVERIFIED,999999999.0000000000,999999999.0000000000,0.2250000000,0.3000000000,0.3500000000,3.5000000000,0.8000000000,104,110,104,110,104,110
4842,neighbor,False,CONCRETE_OR_STEEL_STRESS,999999999.0000000000,999999999.0000000000,0.2000000000,0.2000000000,0.6000000000,3.0000000000,1.0000000000,104,111,104,110,104,110
4843,neighbor,False,CONCRETE_OR_STEEL_STRESS,999999999.0000000000,999999999.0000000000,0.2000000000,0.2000000000,0.7500000000,3.5000000000,0.8000000000,103,112,104,110,104,110
4844,neighbor,False,CONCRETE_OR_STEEL_STRESS,999999999.0000000000,999999999.0000000000,0.2000000000,0.2000000000,0.3000000000,3.5000000000,1.0000000000,102,111,103,112,103,110
4845,neighbor,False,CONCRETE_OR_STEEL_STRESS,999999999.0000000000,999999999.0000000000,0.2000000000,0.2500000000,0.4000000000,3.5000000000,1.0000000000,104,112,103,110,104,110
4846,neighbor,False,CONCRETE_OR_STEEL_STRESS,999999999.0000000000,999999999.0000000000,0.2250000000,0.2500000000,0.4500000000,3.0000000000,0.8000000000,103,110,104,110,103,111
4847,neighbor,False,WSD_CRITERIA_UNVERIFIED,999999999.0000000000,999999999.0000000000,0.2000000000,0.3000000000,0.6500000000,3.5000000000,0.8000000000,104,112,104,111,104,110
4848,neighbor,False,CONCRETE_OR_STEEL_STRESS,999999999.0000000000,999999999.0000000000,0.2000000000,0.2000000000,0.7500000000,3.5000000000,1.0000000000,104,110,104,112,104,111
4849,neighbor,False,CONCRETE_OR_STEEL_STRESS,999999999.0000000000,999999999.0000000000,0.2000000000,0.2000000000,0.4500000000,3.0000000000,0.9000000000,102,110,104,110,104,110
4850,neighbor,False,CONCRETE_OR_STEEL_STRESS,999999999.0000000000,999999999.0000000000,0.2500000000,0.2500000000,0.3000000000,3.0000000000,0.8000000000,104,111,104,110,104,110
4851,neighbor,False,CONCRETE_OR_STEEL_STRESS,999999999.0000000000,999999999.0000000000,0.2000000000,0.2000000000,0.3500000000,3.0000000000,0.8000000000,104,111,104,110,102,110
4852,neighbor,False,CONCRETE_OR_STEEL_STRESS,999999999.0000000000,999999999.0000000000,0.2000000000,0.2000000000,0.7500000000,3.0000000000,1.0000000000,103,112,104,110,104,112
4853,neighbor,False,CONCRETE_OR_STEEL_STRESS,999999999.0000000000,999999999.0000000000,0.2500000000,0.2500000000,0.6000000000,3.5000000000,0.8000000000,104,111,102,112,103,111
4854,neighbor,False,CONCRETE_OR_STEEL_STRESS,999999999.0000000000,999999999.0000000000,0.2000000000,0.2000000000,0.3500000000,3.5000000000,0.8000000000,102,111,104,110,103,111
4855,neighbor,False,WSD_CRITERIA_UNVERIFIED,999999999.0000000000,999999999.0000000000,0.2000000000,0.3000000000,0.4000000000,3.0000000000,1.0000000000,103,110,104,110,102,110
4856,neighbor,False,CONCRETE_OR_STEEL_STRESS,999999999.0000000000,999999999.0000000000,0.2000000000,0.2500000000,0.6500000000,3.5000000000,1.0000000000,104,111,104,110,104,110
4857,neighbor,False,CONCRETE_OR_STEEL_STRESS,999999999.0000000000,999999999.0000000000,0.2000000000,0.2000000000,0.7000000000,3.5000000000,0.9000000000,102,110,104,110,104,111
4858,neighbor,False,CONCRETE_OR_STEEL_STRESS,999999999.0000000000,999999999.0000000000,0.2000000000,0.2000000000,0.5500000000,3.5000000000,1.0000000000,104,110,104,110,104,110
4859,neighbor,False,CONCRETE_OR_STEEL_STRESS,999999999.0000000000,999999999.0000000000,0.2000000000,0.2000000000,0.6500000000,3.5000000000,1.0000000000,102,111,104,111,104,112
4860,neighbor,False,CONCRETE_OR_STEEL_STRESS,999999999.0000000000,999999999.0000000000,0.2250000000,0.2500000000,0.5500000000,3.0000000000,1.0000000000,104,110,104,112,104,110
4861,neighbor,False,CONCRETE_OR_STEEL_STRESS,999999999.0000000000,999999999.0000000000,0.2000000000,0.3000000000,0.7500000000,3.5000000000,1.0000000000,102,111,103,112,104,110
4862,neighbor,False,CONCRETE_OR_STEEL_STRESS,999999999.0000000000,999999999.0000000000,0.2000000000,0.2000000000,0.4000000000,3.5000000000,1.0000000000,104,110,104,110,104,112
4863,neighbor,False,CONCRETE_OR_STEEL_STRESS,999999999.0000000000,999999999.0000000000,0.2000000000,0.2000000000,0.5000000000,3.5000000000,0.8000000000,104,110,104,112,104,111
4864,neighbor,False,CONCRETE_OR_STEEL_STRESS,999999999.0000000000,999999999.0000000000,0.2000000000,0.2000000000,0.4000000000,3.0000000000,0.9000000000,103,111,104,110,104,111
4865,neighbor,False,CONCRETE_OR_STEEL_STRESS,999999999.0000000000,999999999.0000000000,0.2500000000,0.2500000000,0.3500000000,3.5000000000,1.0000000000,102,110,104,112,103,110
4866,neighbor,False,CONCRETE_OR_STEEL_STRESS,999999999.0000000000,999999999.0000000000,0.2000000000,0.2000000000,0.7500000000,3.5000000000,1.0000000000,104,110,104,110,104,110
4867,neighbor,False,WSD_CRITERIA_UNVERIFIED,999999999.0000000000,999999999.0000000000,0.2250000000,0.3000000000,0.7500000000,3.5000000000,1.0000000000,104,110,104,110,104,112
4868,neighbor,False,CONCRETE_OR_STEEL_STRESS,999999999.0000000000,999999999.0000000000,0.2000000000,0.2000000000,0.5000000000,3.5000000000,1.0000000000,104,110,104,111,102,110
4869,neighbor,False,CONCRETE_OR_STEEL_STRESS,999999999.0000000000,999999999.0000000000,0.2250000000,0.2500000000,0.5500000000,3.5000000000,0.9000000000,102,112,103,112,104,110
4870,neighbor,False,CONCRETE_OR_STEEL_STRESS,999999999.0000000000,999999999.0000000000,0.2000000000,0.2500000000,0.7500000000,3.5000000000,0.8000000000,104,111,103,110,104,112
4871,neighbor,False,CONCRETE_OR_STEEL_STRESS,999999999.0000000000,999999999.0000000000,0.2000000000,0.2000000000,0.6000000000,3.5000000000,1.0000000000,104,110,102,110,103,112
4872,neighbor,False,CONCRETE_OR_STEEL_STRESS,999999999.0000000000,999999999.0000000000,0.2250000000,0.2500000000,0.6500000000,3.5000000000,0.8000000000,104,112,104,110,104,112
4873,neighbor,False,CONCRETE_OR_STEEL_STRESS,999999999.0000000000,999999999.0000000000,0.2000000000,0.2500000000,0.3000000000,3.5000000000,1.0000000000,104,111,102,110,102,110
4874,neighbor,False,CONCRETE_OR_STEEL_STRESS,999999999.0000000000,999999999.0000000000,0.2000000000,0.2000000000,0.6500000000,3.5000000000,1.0000000000,102,110,103,112,104,111
4875,neighbor,False,CONCRETE_OR_STEEL_STRESS,999999999.0000000000,999999999.0000000000,0.2500000000,0.2500000000,0.6500000000,3.5000000000,0.8000000000,102,110,102,110,102,112
4876,neighbor,False,CONCRETE_OR_STEEL_STRESS,999999999.0000000000,999999999.0000000000,0.2000000000,0.2000000000,0.6000000000,3.0000000000,1.0000000000,104,110,102,110,103,110
4877,neighbor,False,CONCRETE_OR_STEEL_STRESS,999999999.0000000000,999999999.0000000000,0.2000000000,0.2000000000,0.6500000000,3.5000000000,1.0000000000,104,110,104,110,104,110
4878,neighbor,False,CONCRETE_OR_STEEL_STRESS,999999999.0000000000,999999999.0000000000,0.2000000000,0.2000000000,0.4000000000,3.5000000000,1.0000000000,102,110,104,111,103,110
4879,neighbor,False,CONCRETE_OR_STEEL_STRESS,999999999.0000000000,999999999.0000000000,0.2000000000,0.2000000000,0.7000000000,3.5000000000,0.8000000000,104,110,104,110,104,110
4880,neighbor,False,CONCRETE_OR_STEEL_STRESS,999999999.0000000000,999999999.0000000000,0.2500000000,0.2500000000,0.7000000000,3.5000000000,0.9000000000,104,112,104,110,103,111
4881,neighbor,False,CONCRETE_OR_STEEL_STRESS,999999999.0000000000,999999999.0000000000,0.2000000000,0.2000000000,0.4500000000,3.0000000000,1.0000000000,104,111,104,110,104,110
4882,neighbor,False,CONCRETE_OR_STEEL_STRESS,999999999.0000000000,999999999.0000000000,0.2000000000,0.2000000000,0.5500000000,3.5000000000,0.8000000000,104,111,103,112,103,110
4883,neighbor,False,WSD_CRITERIA_UNVERIFIED,999999999.0000000000,999999999.0000000000,0.2000000000,0.3000000000,0.4500000000,3.0000000000,1.0000000000,103,110,102,110,104,112
4884,neighbor,False,CONCRETE_OR_STEEL_STRESS,999999999.0000000000,999999999.0000000000,0.2000000000,0.3000000000,0.3500000000,3.5000000000,0.8000000000,102,111,102,112,104,110
4885,neighbor,False,CONCRETE_OR_STEEL_STRESS,999999999.0000000000,999999999.0000000000,0.2000000000,0.2000000000,0.4500000000,3.0000000000,0.8000000000,103,111,104,110,104,111
4886,neighbor,False,CONCRETE_OR_STEEL_STRESS,999999999.0000000000,999999999.0000000000,0.2000000000,0.2000000000,0.7500000000,3.5000000000,1.0000000000,102,110,104,112,103,110
4887,neighbor,False,CONCRETE_OR_STEEL_STRESS,999999999.0000000000,999999999.0000000000,0.2000000000,0.2500000000,0.7000000000,3.0000000000,1.0000000000,102,110,104,112,104,110
4888,neighbor,False,CONCRETE_OR_STEEL_STRESS,999999999.0000000000,999999999.0000000000,0.2000000000,0.2500000000,0.6500000000,3.0000000000,1.0000000000,103,110,104,112,104,110
4889,neighbor,False,CONCRETE_OR_STEEL_STRESS,999999999.0000000000,999999999.0000000000,0.2000000000,0.2000000000,0.7000000000,3.0000000000,1.0000000000,103,112,102,110,102,112
4890,neighbor,False,CONCRETE_OR_STEEL_STRESS,999999999.0000000000,999999999.0000000000,0.2000000000,0.2000000000,0.7500000000,3.5000000000,1.0000000000,103,110,102,110,104,110
4891,neighbor,False,CONCRETE_OR_STEEL_STRESS,999999999.0000000000,999999999.0000000000,0.2000000000,0.3000000000,0.6000000000,3.5000000000,0.8000000000,102,111,102,110,104,112
4892,neighbor,False,CONCRETE_OR_STEEL_STRESS,999999999.0000000000,999999999.0000000000,0.2000000000,0.2000000000,0.5000000000,3.5000000000,0.8000000000,104,111,103,111,104,111
4893,neighbor,False,CONCRETE_OR_STEEL_STRESS,999999999.0000000000,999999999.0000000000,0.2000000000,0.2000000000,0.4500000000,3.5000000000,0.9000000000,104,112,104,110,104,111
4894,neighbor,False,WSD_CRITERIA_UNVERIFIED,999999999.0000000000,999999999.0000000000,0.2000000000,0.3000000000,0.4000000000,3.5000000000,0.9000000000,104,111,104,110,104,110
4895,neighbor,False,CONCRETE_OR_STEEL_STRESS,999999999.0000000000,999999999.0000000000,0.2000000000,0.2000000000,0.3000000000,3.5000000000,0.9000000000,104,110,104,110,104,110
4896,neighbor,False,WSD_CRITERIA_UNVERIFIED,999999999.0000000000,999999999.0000000000,0.2500000000,0.3000000000,0.3500000000,3.0000000000,1.0000000000,102,110,102,111,103,111
4897,neighbor,False,CONCRETE_OR_STEEL_STRESS,999999999.0000000000,999999999.0000000000,0.2000000000,0.2000000000,0.4500000000,3.0000000000,1.0000000000,103,110,104,111,103,112
4898,neighbor,False,WSD_CRITERIA_UNVERIFIED,999999999.0000000000,999999999.0000000000,0.2250000000,0.3000000000,0.3000000000,3.5000000000,1.0000000000,104,111,103,110,102,110
4899,neighbor,False,CONCRETE_OR_STEEL_STRESS,999999999.0000000000,999999999.0000000000,0.2000000000,0.2000000000,0.7000000000,3.5000000000,1.0000000000,103,110,104,110,103,112
4900,neighbor,False,CONCRETE_OR_STEEL_STRESS,999999999.0000000000,999999999.0000000000,0.2500000000,0.2500000000,0.3500000000,3.5000000000,1.0000000000,104,111,104,110,104,112
4901,neighbor,False,CONCRETE_OR_STEEL_STRESS,999999999.0000000000,999999999.0000000000,0.2000000000,0.2500000000,0.4500000000,3.5000000000,0.8000000000,104,112,104,110,104,111
4902,neighbor,False,CONCRETE_OR_STEEL_STRESS,999999999.0000000000,999999999.0000000000,0.2000000000,0.2000000000,0.4500000000,3.5000000000,0.8000000000,104,110,104,110,104,112
4903,neighbor,False,CONCRETE_OR_STEEL_STRESS,999999999.0000000000,999999999.0000000000,0.2000000000,0.2000000000,0.5500000000,3.0000000000,0.8000000000,104,110,104,110,102,111
4904,neighbor,False,CONCRETE_OR_STEEL_STRESS,999999999.0000000000,999999999.0000000000,0.2000000000,0.2500000000,0.5500000000,3.0000000000,0.9000000000,102,110,103,110,104,110
4905,neighbor,False,CONCRETE_OR_STEEL_STRESS,999999999.0000000000,999999999.0000000000,0.2500000000,0.3000000000,0.3000000000,3.0000000000,0.8000000000,104,112,102,110,104,110
4906,neighbor,False,WSD_CRITERIA_UNVERIFIED,999999999.0000000000,999999999.0000000000,0.2250000000,0.3000000000,0.5000000000,3.5000000000,1.0000000000,104,111,104,111,104,110
4907,neighbor,False,CONCRETE_OR_STEEL_STRESS,999999999.0000000000,999999999.0000000000,0.2000000000,0.2000000000,0.6000000000,3.5000000000,1.0000000000,102,111,102,111,104,110
4908,neighbor,False,CONCRETE_OR_STEEL_STRESS,999999999.0000000000,999999999.0000000000,0.2000000000,0.2000000000,0.4500000000,3.5000000000,0.8000000000,103,111,103,110,104,110
4909,neighbor,False,CONCRETE_OR_STEEL_STRESS,999999999.0000000000,999999999.0000000000,0.2000000000,0.2000000000,0.6500000000,3.5000000000,1.0000000000,104,110,104,111,103,110
4910,neighbor,False,CONCRETE_OR_STEEL_STRESS,999999999.0000000000,999999999.0000000000,0.2000000000,0.2000000000,0.6500000000,3.5000000000,0.9000000000,104,111,104,110,103,110
4911,neighbor,False,CONCRETE_OR_STEEL_STRESS,999999999.0000000000,999999999.0000000000,0.2250000000,0.2500000000,0.4500000000,3.0000000000,1.0000000000,104,110,103,110,104,110
4912,neighbor,False,WSD_CRITERIA_UNVERIFIED,999999999.0000000000,999999999.0000000000,0.2250000000,0.3000000000,0.5000000000,3.0000000000,0.8000000000,102,110,102,110,104,110
4913,neighbor,False,CONCRETE_OR_STEEL_STRESS,999999999.0000000000,999999999.0000000000,0.2000000000,0.2000000000,0.7500000000,3.5000000000,1.0000000000,104,112,102,110,104,110
4914,neighbor,False,CONCRETE_OR_STEEL_STRESS,999999999.0000000000,999999999.0000000000,0.2000000000,0.2000000000,0.3000000000,3.5000000000,1.0000000000,104,112,104,112,104,112
4915,neighbor,False,CONCRETE_OR_STEEL_STRESS,999999999.0000000000,999999999.0000000000,0.2000000000,0.2000000000,0.3000000000,3.0000000000,0.8000000000,104,110,102,112,102,110
4916,neighbor,False,CONCRETE_OR_STEEL_STRESS,999999999.0000000000,999999999.0000000000,0.2000000000,0.2000000000,0.3000000000,3.0000000000,1.0000000000,104,110,102,110,104,110
4917,neighbor,False,CONCRETE_OR_STEEL_STRESS,999999999.0000000000,999999999.0000000000,0.2000000000,0.2000000000,0.7500000000,3.5000000000,0.9000000000,104,111,102,110,103,112
4918,neighbor,False,CONCRETE_OR_STEEL_STRESS,999999999.0000000000,999999999.0000000000,0.2000000000,0.2000000000,0.6000000000,3.5000000000,0.8000000000,103,111,104,111,104,112
4919,neighbor,False,WSD_CRITERIA_UNVERIFIED,999999999.0000000000,999999999.0000000000,0.2000000000,0.3000000000,0.7500000000,3.5000000000,1.0000000000,102,110,104,111,103,110
4920,neighbor,False,WSD_CRITERIA_UNVERIFIED,999999999.0000000000,999999999.0000000000,0.2000000000,0.3000000000,0.4000000000,3.0000000000,1.0000000000,104,110,104,112,104,110
4921,neighbor,False,CONCRETE_OR_STEEL_STRESS,999999999.0000000000,999999999.0000000000,0.2000000000,0.2000000000,0.3000000000,3.5000000000,0.9000000000,104,112,103,111,103,111
4922,neighbor,False,CONCRETE_OR_STEEL_STRESS,999999999.0000000000,999999999.0000000000,0.2000000000,0.2000000000,0.7000000000,3.0000000000,0.9000000000,104,111,104,110,103,110
4923,neighbor,False,CONCRETE_OR_STEEL_STRESS,999999999.0000000000,999999999.0000000000,0.2000000000,0.2500000000,0.3000000000,3.5000000000,1.0000000000,102,110,102,110,104,112
4924,neighbor,False,WSD_CRITERIA_UNVERIFIED,999999999.0000000000,999999999.0000000000,0.2000000000,0.3000000000,0.7500000000,3.5000000000,0.9000000000,102,110,104,110,104,110
4925,neighbor,False,CONCRETE_OR_STEEL_STRESS,999999999.0000000000,999999999.0000000000,0.2000000000,0.2000000000,0.7000000000,3.5000000000,1.0000000000,102,110,102,110,104,110
4926,neighbor,False,CONCRETE_OR_STEEL_STRESS,999999999.0000000000,999999999.0000000000,0.2500000000,0.2500000000,0.3000000000,3.0000000000,0.8000000000,104,112,104,112,104,110
4927,neighbor,False,CONCRETE_OR_STEEL_STRESS,999999999.0000000000,999999999.0000000000,0.2000000000,0.2000000000,0.5500000000,3.5000000000,1.0000000000,104,112,104,111,104,111
4928,neighbor,False,CONCRETE_OR_STEEL_STRESS,999999999.0000000000,999999999.0000000000,0.2000000000,0.2000000000,0.6500000000,3.5000000000,0.9000000000,103,112,103,111,104,110
4929,neighbor,False,WSD_CRITERIA_UNVERIFIED,999999999.0000000000,999999999.0000000000,0.2250000000,0.3000000000,0.7000000000,3.5000000000,0.8000000000,103,110,102,111,104,110
4930,neighbor,False,CONCRETE_OR_STEEL_STRESS,999999999.0000000000,999999999.0000000000,0.2000000000,0.2500000000,0.6500000000,3.5000000000,0.9000000000,104,110,102,112,102,110
4931,neighbor,False,CONCRETE_OR_STEEL_STRESS,999999999.0000000000,999999999.0000000000,0.2000000000,0.2000000000,0.3500000000,3.5000000000,1.0000000000,104,110,102,111,103,111
4932,neighbor,False,CONCRETE_OR_STEEL_STRESS,999999999.0000000000,999999999.0000000000,0.2000000000,0.2000000000,0.5500000000,3.0000000000,0.9000000000,104,112,104,110,102,112
4933,neighbor,False,CONCRETE_OR_STEEL_STRESS,999999999.0000000000,999999999.0000000000,0.2000000000,0.2000000000,0.6500000000,3.5000000000,0.8000000000,104,112,102,110,104,111
4934,neighbor,False,CONCRETE_OR_STEEL_STRESS,999999999.0000000000,999999999.0000000000,0.2000000000,0.2500000000,0.4500000000,3.0000000000,0.9000000000,104,111,104,111,104,110
4935,neighbor,False,CONCRETE_OR_STEEL_STRESS,999999999.0000000000,999999999.0000000000,0.2000000000,0.2000000000,0.3500000000,3.5000000000,0.9000000000,102,112,102,111,102,110
4936,neighbor,False,CONCRETE_OR_STEEL_STRESS,999999999.0000000000,999999999.0000000000,0.2000000000,0.2000000000,0.3500000000,3.0000000000,1.0000000000,104,110,103,110,102,110
4937,neighbor,False,CONCRETE_OR_STEEL_STRESS,999999999.0000000000,999999999.0000000000,0.2000000000,0.2000000000,0.4500000000,3.0000000000,1.0000000000,104,110,103,110,104,110
4938,neighbor,False,WSD_CRITERIA_UNVERIFIED,999999999.0000000000,999999999.0000000000,0.2000000000,0.3000000000,0.6500000000,3.0000000000,0.8000000000,103,110,104,110,104,110
4939,neighbor,False,CONCRETE_OR_STEEL_STRESS,999999999.0000000000,999999999.0000000000,0.2000000000,0.2000000000,0.4000000000,3.5000000000,0.8000000000,104,110,104,112,104,110
4940,neighbor,False,WSD_CRITERIA_UNVERIFIED,999999999.0000000000,999999999.0000000000,0.2000000000,0.3000000000,0.3000000000,3.5000000000,1.0000000000,104,111,104,110,104,111
4941,neighbor,False,CONCRETE_OR_STEEL_STRESS,999999999.0000000000,999999999.0000000000,0.2000000000,0.2000000000,0.3500000000,3.5000000000,0.8000000000,104,110,104,110,104,112
4942,neighbor,False,CONCRETE_OR_STEEL_STRESS,999999999.0000000000,999999999.0000000000,0.2000000000,0.2000000000,0.3000000000,3.5000000000,0.9000000000,102,111,103,110,104,111
4943,neighbor,False,CONCRETE_OR_STEEL_STRESS,999999999.0000000000,999999999.0000000000,0.2000000000,0.2500000000,0.5000000000,3.0000000000,0.8000000000,104,110,104,112,102,112
4944,neighbor,False,WSD_CRITERIA_UNVERIFIED,999999999.0000000000,999999999.0000000000,0.2000000000,0.3000000000,0.4500000000,3.5000000000,0.9000000000,104,110,103,110,102,111
4945,neighbor,False,CONCRETE_OR_STEEL_STRESS,999999999.0000000000,999999999.0000000000,0.2000000000,0.2000000000,0.4000000000,3.5000000000,1.0000000000,104,111,104,110,103,110
4946,neighbor,False,CONCRETE_OR_STEEL_STRESS,999999999.0000000000,999999999.0000000000,0.2000000000,0.2000000000,0.3500000000,3.0000000000,1.0000000000,104,110,104,110,104,110
4947,neighbor,False,WSD_CRITERIA_UNVERIFIED,999999999.0000000000,999999999.0000000000,0.2250000000,0.3000000000,0.3500000000,3.5000000000,1.0000000000,104,111,103,111,102,110
4948,neighbor,False,WSD_CRITERIA_UNVERIFIED,999999999.0000000000,999999999.0000000000,0.2500000000,0.3000000000,0.6000000000,3.0000000000,1.0000000000,103,110,103,110,104,110
4949,neighbor,False,WSD_CRITERIA_UNVERIFIED,999999999.0000000000,999999999.0000000000,0.2000000000,0.3000000000,0.7500000000,3.5000000000,0.8000000000,103,112,104,111,102,110
4950,neighbor,False,CONCRETE_OR_STEEL_STRESS,999999999.0000000000,999999999.0000000000,0.2000000000,0.2500000000,0.5500000000,3.5000000000,1.0000000000,104,110,104,110,104,111
4951,neighbor,False,CONCRETE_OR_STEEL_STRESS,999999999.0000000000,999999999.0000000000,0.2000000000,0.2000000000,0.7000000000,3.5000000000,1.0000000000,104,110,104,110,104,111
4952,neighbor,False,CONCRETE_OR_STEEL_STRESS,999999999.0000000000,999999999.0000000000,0.2000000000,0.2000000000,0.7000000000,3.5000000000,0.8000000000,104,110,102,110,102,112
4953,neighbor,False,CONCRETE_OR_STEEL_STRESS,999999999.0000000000,999999999.0000000000,0.2250000000,0.2500000000,0.7000000000,3.0000000000,0.9000000000,103,110,104,110,102,110
4954,neighbor,False,CONCRETE_OR_STEEL_STRESS,999999999.0000000000,999999999.0000000000,0.2000000000,0.2000000000,0.3000000000,3.0000000000,0.9000000000,104,110,104,110,104,110
4955,neighbor,False,WSD_CRITERIA_UNVERIFIED,999999999.0000000000,999999999.0000000000,0.2250000000,0.3000000000,0.4000000000,3.5000000000,0.8000000000,104,111,103,110,102,110
4956,neighbor,False,CONCRETE_OR_STEEL_STRESS,999999999.0000000000,999999999.0000000000,0.2000000000,0.2000000000,0.7500000000,3.0000000000,0.9000000000,104,110,104,110,103,112
4957,neighbor,False,CONCRETE_OR_STEEL_STRESS,999999999.0000000000,999999999.0000000000,0.2000000000,0.2000000000,0.4000000000,3.5000000000,1.0000000000,102,110,103,110,103,110
4958,neighbor,False,CONCRETE_OR_STEEL_STRESS,999999999.0000000000,999999999.0000000000,0.2000000000,0.2000000000,0.6000000000,3.5000000000,0.8000000000,104,111,104,112,104,112
4959,neighbor,False,CONCRETE_OR_STEEL_STRESS,999999999.0000000000,999999999.0000000000,0.2250000000,0.2500000000,0.3500000000,3.5000000000,1.0000000000,102,111,104,111,102,110
4960,neighbor,False,CONCRETE_OR_STEEL_STRESS,999999999.0000000000,999999999.0000000000,0.2000000000,0.2000000000,0.3500000000,3.0000000000,1.0000000000,103,110,104,110,104,111
4961,neighbor,False,CONCRETE_OR_STEEL_STRESS,999999999.0000000000,999999999.0000000000,0.2000000000,0.2000000000,0.6500000000,3.0000000000,1.0000000000,104,110,102,110,104,112
4962,neighbor,False,CONCRETE_OR_STEEL_STRESS,999999999.0000000000,999999999.0000000000,0.2000000000,0.2500000000,0.5000000000,3.5000000000,0.8000000000,104,111,102,110,104,110
4963,neighbor,False,CONCRETE_OR_STEEL_STRESS,999999999.0000000000,999999999.0000000000,0.2000000000,0.2000000000,0.5500000000,3.5000000000,0.9000000000,104,110,103,110,104,111
4964,neighbor,False,CONCRETE_OR_STEEL_STRESS,999999999.0000000000,999999999.0000000000,0.2500000000,0.2500000000,0.5500000000,3.0000000000,0.9000000000,104,110,102,110,104,110
4965,neighbor,False,CONCRETE_OR_STEEL_STRESS,999999999.0000000000,999999999.0000000000,0.2000000000,0.3000000000,0.6000000000,3.0000000000,0.8000000000,102,111,104,112,104,110
4966,neighbor,False,WSD_CRITERIA_UNVERIFIED,999999999.0000000000,999999999.0000000000,0.2000000000,0.3000000000,0.4000000000,3.5000000000,0.8000000000,104,110,104,110,102,112
4967,neighbor,False,CONCRETE_OR_STEEL_STRESS,999999999.0000000000,999999999.0000000000,0.2000000000,0.2000000000,0.5500000000,3.5000000000,0.9000000000,104,110,104,111,103,111
4968,neighbor,False,CONCRETE_OR_STEEL_STRESS,999999999.0000000000,999999999.0000000000,0.2000000000,0.2000000000,0.3000000000,3.5000000000,0.8000000000,104,110,104,111,103,110
4969,neighbor,False,CONCRETE_OR_STEEL_STRESS,999999999.0000000000,999999999.0000000000,0.2000000000,0.2000000000,0.5000000000,3.0000000000,1.0000000000,104,110,104,110,104,110
4970,neighbor,False,CONCRETE_OR_STEEL_STRESS,999999999.0000000000,999999999.0000000000,0.2000000000,0.2000000000,0.3000000000,3.5000000000,1.0000000000,103,110,104,110,104,110
4971,neighbor,False,WSD_CRITERIA_UNVERIFIED,999999999.0000000000,999999999.0000000000,0.2000000000,0.3000000000,0.3500000000,3.5000000000,1.0000000000,103,110,103,111,102,110
4972,neighbor,False,WSD_CRITERIA_UNVERIFIED,999999999.0000000000,999999999.0000000000,0.2500000000,0.3000000000,0.6500000000,3.5000000000,1.0000000000,102,110,104,110,104,110
4973,neighbor,False,WSD_CRITERIA_UNVERIFIED,999999999.0000000000,999999999.0000000000,0.2000000000,0.3000000000,0.7500000000,3.5000000000,1.0000000000,103,110,104,111,104,110
4974,neighbor,False,CONCRETE_OR_STEEL_STRESS,999999999.0000000000,999999999.0000000000,0.2250000000,0.2500000000,0.4000000000,3.0000000000,1.0000000000,104,112,102,110,104,110
4975,neighbor,False,CONCRETE_OR_STEEL_STRESS,999999999.0000000000,999999999.0000000000,0.2000000000,0.2000000000,0.3500000000,3.5000000000,1.0000000000,102,110,104,110,104,110
4976,neighbor,False,CONCRETE_OR_STEEL_STRESS,999999999.0000000000,999999999.0000000000,0.2000000000,0.2000000000,0.3000000000,3.0000000000,1.0000000000,102,110,102,110,104,111
4977,neighbor,False,CONCRETE_OR_STEEL_STRESS,999999999.0000000000,999999999.0000000000,0.2000000000,0.2500000000,0.7000000000,3.5000000000,0.9000000000,102,110,104,111,102,110
4978,neighbor,False,WSD_CRITERIA_UNVERIFIED,999999999.0000000000,999999999.0000000000,0.2500000000,0.3000000000,0.7500000000,3.0000000000,1.0000000000,104,110,104,110,104,111
4979,neighbor,False,WSD_CRITERIA_UNVERIFIED,999999999.0000000000,999999999.0000000000,0.2250000000,0.3000000000,0.3000000000,3.0000000000,0.9000000000,104,110,104,110,104,110
4980,neighbor,False,WSD_CRITERIA_UNVERIFIED,999999999.0000000000,999999999.0000000000,0.2250000000,0.3000000000,0.6500000000,3.0000000000,1.0000000000,102,110,103,110,104,112
4981,neighbor,False,CONCRETE_OR_STEEL_STRESS,999999999.0000000000,999999999.0000000000,0.2250000000,0.2500000000,0.4000000000,3.5000000000,0.8000000000,104,110,103,110,104,110
4982,neighbor,False,CONCRETE_OR_STEEL_STRESS,999999999.0000000000,999999999.0000000000,0.2000000000,0.2000000000,0.3000000000,3.5000000000,0.9000000000,103,110,104,112,102,110
4983,neighbor,False,CONCRETE_OR_STEEL_STRESS,999999999.0000000000,999999999.0000000000,0.2000000000,0.2000000000,0.4500000000,3.0000000000,0.9000000000,104,110,102,110,102,111
4984,neighbor,False,CONCRETE_OR_STEEL_STRESS,999999999.0000000000,999999999.0000000000,0.2000000000,0.2000000000,0.7000000000,3.0000000000,0.9000000000,102,110,104,110,104,110
4985,neighbor,False,WSD_CRITERIA_UNVERIFIED,999999999.0000000000,999999999.0000000000,0.2000000000,0.3000000000,0.5500000000,3.0000000000,1.0000000000,104,112,104,111,104,110
4986,neighbor,False,CONCRETE_OR_STEEL_STRESS,999999999.0000000000,999999999.0000000000,0.2000000000,0.2000000000,0.4000000000,3.5000000000,0.9000000000,104,110,104,110,104,111
4987,neighbor,False,CONCRETE_OR_STEEL_STRESS,999999999.0000000000,999999999.0000000000,0.2000000000,0.2500000000,0.3500000000,3.0000000000,0.9000000000,104,111,104,110,104,110
4988,neighbor,False,CONCRETE_OR_STEEL_STRESS,999999999.0000000000,999999999.0000000000,0.2000000000,0.2000000000,0.4000000000,3.0000000000,0.9000000000,102,110,104,110,102,112
4989,neighbor,False,CONCRETE_OR_STEEL_STRESS,999999999.0000000000,999999999.0000000000,0.2000000000,0.2000000000,0.4500000000,3.0000000000,1.0000000000,103,110,104,110,104,110
4990,neighbor,False,CONCRETE_OR_STEEL_STRESS,999999999.0000000000,999999999.0000000000,0.2000000000,0.2000000000,0.5000000000,3.5000000000,0.8000000000,104,111,104,111,103,111
4991,neighbor,False,CONCRETE_OR_STEEL_STRESS,999999999.0000000000,999999999.0000000000,0.2000000000,0.2000000000,0.3000000000,3.5000000000,1.0000000000,103,110,104,110,104,110
4992,neighbor,False,CONCRETE_OR_STEEL_STRESS,999999999.0000000000,999999999.0000000000,0.2000000000,0.2000000000,0.3500000000,3.5000000000,1.0000000000,102,110,104,110,104,110
4993,neighbor,False,CONCRETE_OR_STEEL_STRESS,999999999.0000000000,999999999.0000000000,0.2000000000,0.2000000000,0.5500000000,3.0000000000,0.9000000000,102,111,103,110,102,112
4994,neighbor,False,CONCRETE_OR_STEEL_STRESS,999999999.0000000000,999999999.0000000000,0.2000000000,0.2000000000,0.3000000000,3.5000000000,1.0000000000,104,110,104,110,104,111
4995,neighbor,False,CONCRETE_OR_STEEL_STRESS,999999999.0000000000,999999999.0000000000,0.2000000000,0.2000000000,0.5000000000,3.0000000000,0.8000000000,102,111,102,110,104,111
4996,neighbor,False,CONCRETE_OR_STEEL_STRESS,999999999.0000000000,999999999.0000000000,0.2250000000,0.2500000000,0.3000000000,3.5000000000,1.0000000000,102,110,104,110,104,111
4997,neighbor,False,WSD_CRITERIA_UNVERIFIED,999999999.0000000000,999999999.0000000000,0.2000000000,0.3000000000,0.7000000000,3.0000000000,0.9000000000,102,110,103,111,104,110
4998,neighbor,False,CONCRETE_OR_STEEL_STRESS,999999999.0000000000,999999999.0000000000,0.2000000000,0.2000000000,0.4000000000,3.0000000000,0.8000000000,104,110,103,110,102,110
4999,neighbor,False,CONCRETE_OR_STEEL_STRESS,999999999.0000000000,999999999.0000000000,0.2000000000,0.2500000000,0.6500000000,3.5000000000,1.0000000000,104,110,104,111,104,110
5000,neighbor,False,CONCRETE_OR_STEEL_STRESS,999999999.0000000000,999999999.0000000000,0.2000000000,0.2000000000,0.6000000000,3.0000000000,1.0000000000,102,111,104,110,104,110
