evaluation,entry,valid,reason,cost,best_cost,tt,tb,TBase,Base,LToe,StemDB,StemSP,ToeDB,ToeSP,HeelDB,HeelSP
1,initial,True,PASS_IMPLEMENTED_PROJECT_CHECKS,21582.5343600000,21582.5343600000,0.6000000000,0.6000000000,0.7500000000,3.5000000000,1.0000000000,104,110,104,110,104,110
2,neighbor,True,PASS_IMPLEMENTED_PROJECT_CHECKS,16464.1089230000,16464.1089230000,0.5750000000,0.6000000000,0.7500000000,3.5000000000,1.0000000000,104,113,104,113,101,110
3,neighbor,True,PASS_IMPLEMENTED_PROJECT_CHECKS,17508.6684600000,16464.1089230000,0.6000000000,0.6000000000,0.7500000000,3.5000000000,0.9000000000,103,113,104,111,103,110
4,neighbor,False,MINIMUM_MAIN_STEEL,999999999.0000000000,16464.1089230000,0.6000000000,0.6000000000,0.7500000000,3.5000000000,1.0000000000,101,113,104,113,101,110
5,neighbor,False,MINIMUM_MAIN_STEEL,999999999.0000000000,16464.1089230000,0.5500000000,0.6000000000,0.7500000000,3.5000000000,0.9000000000,100,111,104,113,103,111
6,neighbor,True,PASS_IMPLEMENTED_PROJECT_CHECKS,17756.6301390000,16464.1089230000,0.5750000000,0.6000000000,0.7500000000,3.5000000000,1.0000000000,104,111,104,113,101,110
7,neighbor,True,PASS_IMPLEMENTED_PROJECT_CHECKS,15792.8558490000,15792.8558490000,0.5250000000,0.6000000000,0.7500000000,3.5000000000,1.0000000000,103,113,104,113,101,110
8,neighbor,False,MINIMUM_MAIN_STEEL,999999999.0000000000,15792.8558490000,0.5000000000,0.6000000000,0.7500000000,3.5000000000,1.0000000000,102,112,104,113,101,110
9,neighbor,True,PASS_IMPLEMENTED_PROJECT_CHECKS,15791.3491350000,15791.3491350000,0.5250000000,0.6000000000,0.7500000000,3.5000000000,1.0000000000,103,113,103,112,101,110
10,neighbor,True,PASS_IMPLEMENTED_PROJECT_CHECKS,15207.0716330000,15207.0716330000,0.5250000000,0.6000000000,0.7500000000,3.0000000000,0.8000000000,103,113,104,113,104,111
11,neighbor,False,MINIMUM_MAIN_STEEL,999999999.0000000000,15207.0716330000,0.5250000000,0.6000000000,0.7500000000,3.0000000000,0.8000000000,103,113,100,110,104,111
12,neighbor,True,PASS_IMPLEMENTED_PROJECT_CHECKS,14967.7003130000,14967.7003130000,0.5250000000,0.6000000000,0.7500000000,3.0000000000,0.8000000000,103,113,104,113,103,111
13,neighbor,True,PASS_IMPLEMENTED_PROJECT_CHECKS,13059.7125700000,13059.7125700000,0.5250000000,0.6000000000,0.5000000000,3.0000000000,1.0000000000,103,113,104,112,101,111
14,neighbor,False,INVALID_GEOMETRY_OR_INPUT,999999999.0000000000,13059.7125700000,0.5250000000,0.6000000000,0.7000000000,2.5000000000,1.0000000000,103,113,101,112,103,110
15,neighbor,True,PASS_IMPLEMENTED_PROJECT_CHECKS,13040.2637300000,13040.2637300000,0.5000000000,0.5500000000,0.5000000000,3.0000000000,1.0000000000,103,112,104,112,101,111
16,neighbor,True,PASS_IMPLEMENTED_PROJECT_CHECKS,13219.2430900000,13040.2637300000,0.5000000000,0.5500000000,0.5000000000,3.0000000000,1.0000000000,103,112,104,111,101,111
17,neighbor,False,INVALID_GEOMETRY_OR_INPUT,999999999.0000000000,13040.2637300000,0.5000000000,0.5500000000,0.4500000000,2.5000000000,1.0000000000,103,112,104,111,101,111
18,neighbor,True,PASS_IMPLEMENTED_PROJECT_CHECKS,13329.0505800000,13040.2637300000,0.5000000000,0.5500000000,0.5000000000,3.0000000000,1.0000000000,103,112,104,112,103,112
19,neighbor,False,MINIMUM_MAIN_STEEL,999999999.0000000000,13040.2637300000,0.5000000000,0.5500000000,0.5000000000,3.0000000000,1.0000000000,103,112,100,111,101,111
20,neighbor,False,MINIMUM_MAIN_STEEL,999999999.0000000000,13040.2637300000,0.5000000000,0.5500000000,0.7000000000,3.5000000000,1.0000000000,103,112,100,113,100,112
21,neighbor,False,MINIMUM_MAIN_STEEL,999999999.0000000000,13040.2637300000,0.5000000000,0.5500000000,0.7500000000,3.5000000000,0.8000000000,103,112,101,111,100,113
22,neighbor,True,PASS_IMPLEMENTED_PROJECT_CHECKS,16276.9925900000,13040.2637300000,0.5250000000,0.5500000000,0.5000000000,3.0000000000,1.0000000000,104,110,104,112,101,111
23,neighbor,True,PASS_IMPLEMENTED_PROJECT_CHECKS,15524.2737500000,13040.2637300000,0.5000000000,0.5500000000,0.6500000000,3.5000000000,0.8000000000,103,112,103,112,103,111
24,neighbor,True,PASS_IMPLEMENTED_PROJECT_CHECKS,13047.4715240000,13040.2637300000,0.5000000000,0.5500000000,0.5000000000,3.0000000000,1.0000000000,104,113,104,112,101,111
25,neighbor,True,PASS_IMPLEMENTED_PROJECT_CHECKS,13748.1810700000,13040.2637300000,0.4750000000,0.6000000000,0.5000000000,3.0000000000,1.0000000000,102,110,104,112,101,111
26,neighbor,True,PASS_IMPLEMENTED_PROJECT_CHECKS,12985.9677300000,12985.9677300000,0.5000000000,0.5500000000,0.5000000000,3.0000000000,1.0000000000,103,112,104,112,100,110
27,neighbor,False,MINIMUM_MAIN_STEEL,999999999.0000000000,12985.9677300000,0.5000000000,0.5500000000,0.5000000000,3.0000000000,1.0000000000,103,112,101,113,100,110
28,neighbor,False,MINIMUM_MAIN_STEEL,999999999.0000000000,12985.9677300000,0.5500000000,0.6000000000,0.3000000000,3.5000000000,1.0000000000,101,113,104,110,104,112
29,neighbor,True,PASS_IMPLEMENTED_PROJECT_CHECKS,13522.9058100000,12985.9677300000,0.5000000000,0.5500000000,0.5000000000,3.0000000000,1.0000000000,103,112,104,110,100,110
30,neighbor,False,MINIMUM_MAIN_STEEL,999999999.0000000000,12985.9677300000,0.5000000000,0.5500000000,0.5000000000,3.0000000000,1.0000000000,103,112,104,112,101,113
31,neighbor,True,PASS_IMPLEMENTED_PROJECT_CHECKS,14481.8336900000,12985.9677300000,0.5000000000,0.5500000000,0.7000000000,3.0000000000,1.0000000000,103,112,104,111,102,112
32,neighbor,True,PASS_IMPLEMENTED_PROJECT_CHECKS,12682.7986100000,12682.7986100000,0.5000000000,0.5500000000,0.5000000000,3.0000000000,1.0000000000,103,112,101,111,100,110
33,neighbor,False,MINIMUM_MAIN_STEEL,999999999.0000000000,12682.7986100000,0.5000000000,0.5500000000,0.5000000000,3.0000000000,1.0000000000,102,113,101,111,100,110
34,neighbor,True,PASS_IMPLEMENTED_PROJECT_CHECKS,12916.9187500000,12682.7986100000,0.5000000000,0.5500000000,0.4000000000,3.5000000000,1.0000000000,103,112,102,111,101,111
35,neighbor,True,PASS_IMPLEMENTED_PROJECT_CHECKS,16923.9960000000,12682.7986100000,0.5000000000,0.5500000000,0.7500000000,3.5000000000,1.0000000000,103,112,102,110,103,110
36,neighbor,True,PASS_IMPLEMENTED_PROJECT_CHECKS,13522.9058100000,12682.7986100000,0.5000000000,0.5500000000,0.5000000000,3.0000000000,1.0000000000,103,112,104,110,100,110
37,neighbor,True,PASS_IMPLEMENTED_PROJECT_CHECKS,12466.2579640000,12466.2579640000,0.5500000000,0.5500000000,0.3500000000,3.5000000000,0.9000000000,103,113,101,113,101,110
38,neighbor,True,PASS_IMPLEMENTED_PROJECT_CHECKS,12506.9059240000,12466.2579640000,0.5500000000,0.5500000000,0.3500000000,3.5000000000,0.9000000000,101,110,101,113,101,110
39,neighbor,False,MEMBER_FLEXURE,999999999.0000000000,12466.2579640000,0.5500000000,0.5500000000,0.3500000000,3.5000000000,0.9000000000,103,113,101,113,101,112
40,neighbor,True,PASS_IMPLEMENTED_PROJECT_CHECKS,14710.8885600000,12466.2579640000,0.5500000000,0.5500000000,0.5000000000,3.0000000000,1.0000000000,103,113,104,110,104,110
41,neighbor,True,PASS_IMPLEMENTED_PROJECT_CHECKS,11538.0267040000,11538.0267040000,0.5000000000,0.5000000000,0.3500000000,3.5000000000,0.9000000000,102,112,101,113,101,110
42,neighbor,True,PASS_IMPLEMENTED_PROJECT_CHECKS,10738.4111440000,10738.4111440000,0.4000000000,0.4000000000,0.3500000000,3.5000000000,0.9000000000,101,110,101,113,101,110
43,neighbor,False,MAXIMUM_MAIN_STEEL,999999999.0000000000,10738.4111440000,0.4000000000,0.4000000000,0.3000000000,3.5000000000,0.9000000000,101,110,104,110,103,111
44,neighbor,True,PASS_IMPLEMENTED_PROJECT_CHECKS,11122.3381600000,10738.4111440000,0.4000000000,0.4000000000,0.3500000000,3.5000000000,0.9000000000,101,110,103,111,101,110
45,neighbor,False,MEMBER_FLEXURE,999999999.0000000000,10738.4111440000,0.4000000000,0.4000000000,0.3500000000,3.5000000000,0.9000000000,101,110,101,113,101,113
46,neighbor,False,MEMBER_FLEXURE,999999999.0000000000,10738.4111440000,0.4000000000,0.4000000000,0.3500000000,3.0000000000,1.0000000000,101,110,101,112,100,110
47,neighbor,False,MINIMUM_MAIN_STEEL,999999999.0000000000,10738.4111440000,0.4000000000,0.4000000000,0.6000000000,3.0000000000,1.0000000000,101,110,100,112,103,112
48,neighbor,True,PASS_IMPLEMENTED_PROJECT_CHECKS,11695.0079440000,10738.4111440000,0.3500000000,0.4500000000,0.3500000000,3.5000000000,0.9000000000,102,110,101,113,101,110
49,neighbor,False,STEM_STRESS_OR_INTERVAL_BOUND,999999999.0000000000,10738.4111440000,0.4000000000,0.4000000000,0.3500000000,3.5000000000,0.9000000000,102,113,101,113,101,110
50,neighbor,True,PASS_IMPLEMENTED_PROJECT_CHECKS,11166.3623440000,10738.4111440000,0.4000000000,0.4000000000,0.3500000000,3.5000000000,0.9000000000,101,110,101,113,104,112
51,neighbor,False,STEM_STRESS_OR_INTERVAL_BOUND,999999999.0000000000,10738.4111440000,0.3000000000,0.3000000000,0.3000000000,3.0000000000,1.0000000000,104,112,103,112,103,111
52,neighbor,True,PASS_IMPLEMENTED_PROJECT_CHECKS,11166.3623440000,10738.4111440000,0.4000000000,0.4000000000,0.3500000000,3.5000000000,0.9000000000,101,110,101,113,104,112
53,neighbor,True,PASS_IMPLEMENTED_PROJECT_CHECKS,11376.8506600000,10738.4111440000,0.4000000000,0.4000000000,0.3500000000,3.5000000000,0.9000000000,101,110,103,110,101,110
54,neighbor,True,PASS_IMPLEMENTED_PROJECT_CHECKS,11418.1211000000,10738.4111440000,0.4000000000,0.4000000000,0.3000000000,3.5000000000,0.9000000000,101,110,103,110,104,112
55,neighbor,True,PASS_IMPLEMENTED_PROJECT_CHECKS,11121.1794340000,10738.4111440000,0.4000000000,0.4000000000,0.3500000000,3.5000000000,0.9000000000,103,112,101,113,101,110
56,neighbor,False,MINIMUM_MAIN_STEEL,999999999.0000000000,10738.4111440000,0.4000000000,0.4000000000,0.3500000000,3.5000000000,0.9000000000,100,111,101,113,101,110
57,neighbor,True,PASS_IMPLEMENTED_PROJECT_CHECKS,11481.1154800000,10738.4111440000,0.4000000000,0.4000000000,0.4500000000,3.0000000000,1.0000000000,101,110,102,110,103,111
58,neighbor,True,PASS_IMPLEMENTED_PROJECT_CHECKS,13784.9742600000,10738.4111440000,0.4000000000,0.4000000000,0.6000000000,3.5000000000,0.8000000000,101,110,103,110,103,111
59,neighbor,True,PASS_IMPLEMENTED_PROJECT_CHECKS,11237.3749240000,10738.4111440000,0.3500000000,0.3500000000,0.3500000000,3.5000000000,0.9000000000,103,111,101,113,101,110
60,neighbor,False,MINIMUM_MAIN_STEEL,999999999.0000000000,10738.4111440000,0.4000000000,0.4000000000,0.3500000000,3.5000000000,0.9000000000,101,112,101,113,101,110
61,neighbor,False,MEMBER_FLEXURE,999999999.0000000000,10738.4111440000,0.4000000000,0.4000000000,0.4000000000,3.0000000000,0.7000000000,101,110,104,110,101,113
62,neighbor,True,PASS_IMPLEMENTED_PROJECT_CHECKS,10789.2322000000,10738.4111440000,0.4000000000,0.4000000000,0.3500000000,3.5000000000,0.9000000000,101,110,100,110,101,110
63,neighbor,False,MEMBER_FLEXURE,999999999.0000000000,10738.4111440000,0.4000000000,0.4000000000,0.3500000000,3.5000000000,0.9000000000,101,110,101,113,101,112
64,neighbor,True,PASS_IMPLEMENTED_PROJECT_CHECKS,11168.4212000000,10738.4111440000,0.4000000000,0.4000000000,0.3000000000,3.5000000000,0.7000000000,101,110,102,110,102,110
65,neighbor,False,STEM_STRESS_OR_INTERVAL_BOUND,999999999.0000000000,10738.4111440000,0.3750000000,0.4000000000,0.3500000000,3.5000000000,0.9000000000,102,112,101,113,101,110
66,neighbor,True,PASS_IMPLEMENTED_PROJECT_CHECKS,11713.9621840000,10738.4111440000,0.4000000000,0.4000000000,0.3500000000,3.5000000000,0.9000000000,102,110,101,113,101,110
67,neighbor,True,PASS_IMPLEMENTED_PROJECT_CHECKS,13238.2606840000,10738.4111440000,0.4000000000,0.4000000000,0.3500000000,3.5000000000,0.9000000000,103,110,101,113,101,110
68,neighbor,True,PASS_IMPLEMENTED_PROJECT_CHECKS,10789.2322000000,10738.4111440000,0.4000000000,0.4000000000,0.3500000000,3.5000000000,0.9000000000,101,110,100,110,101,110
69,neighbor,False,STEM_STRESS_OR_INTERVAL_BOUND,999999999.0000000000,10738.4111440000,0.3000000000,0.3000000000,0.3500000000,3.5000000000,0.9000000000,101,113,101,113,101,110
70,neighbor,False,MINIMUM_MAIN_STEEL,999999999.0000000000,10738.4111440000,0.4000000000,0.4000000000,0.6000000000,3.0000000000,0.9000000000,101,110,104,112,101,112
71,neighbor,False,MINIMUM_MAIN_STEEL,999999999.0000000000,10738.4111440000,0.3000000000,0.3000000000,0.3500000000,3.5000000000,0.9000000000,100,112,101,113,101,110
72,neighbor,True,PASS_IMPLEMENTED_PROJECT_CHECKS,10810.6741840000,10738.4111440000,0.4000000000,0.4000000000,0.3500000000,3.5000000000,0.9000000000,102,111,101,113,101,110
73,neighbor,False,MINIMUM_MAIN_STEEL,999999999.0000000000,10738.4111440000,0.4000000000,0.4000000000,0.3500000000,3.5000000000,0.9000000000,101,113,101,113,101,110
74,neighbor,True,PASS_IMPLEMENTED_PROJECT_CHECKS,10918.7281600000,10738.4111440000,0.4000000000,0.4000000000,0.3500000000,3.5000000000,0.9000000000,101,110,103,113,101,110
75,neighbor,False,MINIMUM_MAIN_STEEL,999999999.0000000000,10738.4111440000,0.4000000000,0.4000000000,0.3000000000,3.0000000000,0.8000000000,101,110,102,111,100,112
76,neighbor,True,PASS_IMPLEMENTED_PROJECT_CHECKS,13297.2312400000,10738.4111440000,0.4000000000,0.4000000000,0.6000000000,3.0000000000,1.0000000000,101,110,103,111,104,110
77,neighbor,True,PASS_IMPLEMENTED_PROJECT_CHECKS,10666.8665440000,10666.8665440000,0.3000000000,0.3000000000,0.3000000000,3.0000000000,0.7000000000,104,111,102,113,104,113
78,neighbor,False,STEM_STRESS_OR_INTERVAL_BOUND,999999999.0000000000,10666.8665440000,0.3000000000,0.3000000000,0.3000000000,3.0000000000,0.7000000000,104,112,102,113,104,113
79,neighbor,False,MINIMUM_MAIN_STEEL,999999999.0000000000,10666.8665440000,0.3000000000,0.3000000000,0.3000000000,3.0000000000,0.7000000000,104,111,100,112,104,113
80,neighbor,False,MINIMUM_MAIN_STEEL,999999999.0000000000,10666.8665440000,0.3000000000,0.3000000000,0.3000000000,3.0000000000,0.7000000000,100,113,102,113,104,113
81,neighbor,False,STEM_STRESS_OR_INTERVAL_BOUND,999999999.0000000000,10666.8665440000,0.2500000000,0.2500000000,0.3000000000,3.5000000000,0.9000000000,102,113,101,110,103,111
82,neighbor,False,STEM_STRESS_OR_INTERVAL_BOUND,999999999.0000000000,10666.8665440000,0.2500000000,0.2500000000,0.5500000000,3.5000000000,0.5000000000,104,110,104,113,103,111
83,neighbor,False,MEMBER_FLEXURE,999999999.0000000000,10666.8665440000,0.3000000000,0.3000000000,0.3000000000,3.5000000000,0.9000000000,104,111,101,111,101,112
84,neighbor,True,PASS_IMPLEMENTED_PROJECT_CHECKS,11262.8194400000,10666.8665440000,0.3000000000,0.3000000000,0.3000000000,3.0000000000,0.7000000000,104,111,102,113,104,111
85,neighbor,False,MINIMUM_MAIN_STEEL,999999999.0000000000,10666.8665440000,0.3000000000,0.3000000000,0.5000000000,3.5000000000,0.7000000000,104,111,103,113,100,111
86,neighbor,False,ENVELOPE_BASE_CONTACT,999999999.0000000000,10666.8665440000,0.3000000000,0.3000000000,0.3000000000,2.5000000000,0.9000000000,104,111,103,112,103,111
87,neighbor,True,PASS_IMPLEMENTED_PROJECT_CHECKS,12429.4577800000,10666.8665440000,0.3000000000,0.3000000000,0.4500000000,3.0000000000,0.8000000000,104,111,102,113,103,110
88,neighbor,False,MINIMUM_MAIN_STEEL,999999999.0000000000,10666.8665440000,0.3000000000,0.4000000000,0.3000000000,3.0000000000,0.7000000000,100,112,102,113,104,113
89,neighbor,False,ENVELOPE_BASE_CONTACT,999999999.0000000000,10666.8665440000,0.3000000000,0.3000000000,0.3000000000,2.5000000000,0.6000000000,104,111,102,112,103,110
90,neighbor,True,PASS_IMPLEMENTED_PROJECT_CHECKS,13062.0510000000,10666.8665440000,0.3000000000,0.3000000000,0.5500000000,3.5000000000,0.7000000000,104,111,102,111,103,113
91,neighbor,False,STEM_STRESS_OR_INTERVAL_BOUND,999999999.0000000000,10666.8665440000,0.2500000000,0.2500000000,0.3000000000,3.0000000000,0.7000000000,100,110,102,113,104,113
92,neighbor,False,ENVELOPE_BASE_CONTACT,999999999.0000000000,10666.8665440000,0.2500000000,0.3500000000,0.3000000000,2.5000000000,0.7000000000,103,110,103,113,100,110
93,neighbor,False,MINIMUM_MAIN_STEEL,999999999.0000000000,10666.8665440000,0.3000000000,0.3000000000,0.3000000000,3.0000000000,0.7000000000,104,111,100,113,104,113
94,neighbor,False,MEMBER_FLEXURE,999999999.0000000000,10666.8665440000,0.3000000000,0.3000000000,0.3000000000,3.0000000000,0.7000000000,104,111,102,113,101,112
95,neighbor,False,STEM_STRESS_OR_INTERVAL_BOUND,999999999.0000000000,10666.8665440000,0.3000000000,0.3000000000,0.3000000000,3.0000000000,0.7000000000,100,110,102,113,104,113
96,neighbor,True,PASS_IMPLEMENTED_PROJECT_CHECKS,11097.2240440000,10666.8665440000,0.3000000000,0.3000000000,0.3000000000,3.0000000000,0.7000000000,104,111,103,110,104,113
97,neighbor,False,STEM_STRESS_OR_INTERVAL_BOUND,999999999.0000000000,10666.8665440000,0.2000000000,0.2000000000,0.3000000000,3.0000000000,0.7000000000,100,110,102,113,104,113
98,neighbor,False,MEMBER_FLEXURE,999999999.0000000000,10666.8665440000,0.3000000000,0.3000000000,0.3000000000,3.0000000000,0.7000000000,104,111,102,113,101,113
99,neighbor,False,MEMBER_FLEXURE,999999999.0000000000,10666.8665440000,0.3000000000,0.3000000000,0.3000000000,3.5000000000,0.6000000000,104,111,102,110,101,111
100,neighbor,False,MINIMUM_MAIN_STEEL,999999999.0000000000,10666.8665440000,0.3000000000,0.3000000000,0.5500000000,3.0000000000,0.7000000000,102,112,100,111,100,111
101,neighbor,True,PASS_IMPLEMENTED_PROJECT_CHECKS,11097.2240440000,10666.8665440000,0.3000000000,0.3000000000,0.3000000000,3.0000000000,0.7000000000,104,111,103,110,104,113
102,neighbor,False,MINIMUM_MAIN_STEEL,999999999.0000000000,10666.8665440000,0.3000000000,0.4000000000,0.3000000000,3.0000000000,0.8000000000,100,112,104,112,104,112
103,neighbor,True,PASS_IMPLEMENTED_PROJECT_CHECKS,10913.1532000000,10666.8665440000,0.3000000000,0.3000000000,0.3000000000,3.0000000000,0.7000000000,104,111,102,113,102,110
104,neighbor,False,STEM_STRESS_OR_INTERVAL_BOUND,999999999.0000000000,10666.8665440000,0.2500000000,0.2500000000,0.3000000000,3.5000000000,0.9000000000,102,111,101,110,104,111
105,neighbor,False,MINIMUM_MAIN_STEEL,999999999.0000000000,10666.8665440000,0.3000000000,0.3000000000,0.3000000000,3.0000000000,0.7000000000,104,111,102,113,100,113
106,neighbor,False,MINIMUM_MAIN_STEEL,999999999.0000000000,10666.8665440000,0.3000000000,0.3000000000,0.3000000000,3.0000000000,0.7000000000,104,111,102,113,100,113
107,neighbor,True,PASS_IMPLEMENTED_PROJECT_CHECKS,9940.9043440000,9940.9043440000,0.3000000000,0.3000000000,0.3000000000,3.0000000000,0.7000000000,103,111,102,113,104,113
108,neighbor,False,MINIMUM_MAIN_STEEL,999999999.0000000000,9940.9043440000,0.3250000000,0.3500000000,0.5500000000,3.5000000000,0.6000000000,100,111,100,111,104,113
109,neighbor,False,MEMBER_FLEXURE,999999999.0000000000,9940.9043440000,0.3000000000,0.3000000000,0.3000000000,3.0000000000,0.7000000000,103,111,102,113,102,112
110,neighbor,False,STEM_STRESS_OR_INTERVAL_BOUND,999999999.0000000000,9940.9043440000,0.2500000000,0.2500000000,0.3000000000,3.0000000000,0.7000000000,101,112,102,113,104,113
111,neighbor,False,MINIMUM_MAIN_STEEL,999999999.0000000000,9940.9043440000,0.3000000000,0.3500000000,0.3000000000,3.0000000000,0.9000000000,101,113,103,110,100,112
112,neighbor,True,PASS_IMPLEMENTED_PROJECT_CHECKS,11367.7168440000,9940.9043440000,0.3000000000,0.3000000000,0.3000000000,3.0000000000,0.7000000000,103,110,102,113,104,113
113,neighbor,False,MINIMUM_MAIN_STEEL,999999999.0000000000,9940.9043440000,0.2000000000,0.2000000000,0.4500000000,2.5000000000,0.9000000000,104,111,101,113,101,112
114,neighbor,False,MINIMUM_MAIN_STEEL,999999999.0000000000,9940.9043440000,0.3250000000,0.3500000000,0.3000000000,3.0000000000,0.7000000000,100,113,102,113,104,113
115,neighbor,True,PASS_IMPLEMENTED_PROJECT_CHECKS,12109.2320000000,9940.9043440000,0.3000000000,0.3000000000,0.4500000000,3.5000000000,0.7000000000,103,111,101,111,103,111
116,neighbor,True,PASS_IMPLEMENTED_PROJECT_CHECKS,9826.7593440000,9826.7593440000,0.3000000000,0.3000000000,0.3000000000,3.0000000000,0.7000000000,102,110,102,113,104,113
117,neighbor,False,ENVELOPE_BASE_CONTACT,999999999.0000000000,9826.7593440000,0.3000000000,0.3000000000,0.3000000000,2.5000000000,0.9000000000,102,110,101,110,101,112
118,neighbor,False,STEM_STRESS_OR_INTERVAL_BOUND,999999999.0000000000,9826.7593440000,0.2500000000,0.2500000000,0.3000000000,3.0000000000,0.7000000000,103,110,102,113,104,113
119,neighbor,False,STEM_STRESS_OR_INTERVAL_BOUND,999999999.0000000000,9826.7593440000,0.3000000000,0.3000000000,0.3000000000,3.0000000000,0.7000000000,101,113,102,113,104,113
120,neighbor,False,ENVELOPE_BASE_CONTACT,999999999.0000000000,9826.7593440000,0.2500000000,0.2500000000,0.3000000000,2.5000000000,0.6000000000,103,113,101,112,100,110
121,neighbor,False,MAXIMUM_MAIN_STEEL,999999999.0000000000,9826.7593440000,0.3000000000,0.3000000000,0.3000000000,3.5000000000,0.6000000000,102,110,104,110,103,112
122,neighbor,False,MINIMUM_MAIN_STEEL,999999999.0000000000,9826.7593440000,0.2750000000,0.3000000000,0.4500000000,2.5000000000,0.6000000000,100,111,100,112,103,110
123,neighbor,False,MAXIMUM_MAIN_STEEL,999999999.0000000000,9826.7593440000,0.2500000000,0.3000000000,0.3000000000,3.0000000000,0.7000000000,103,110,102,113,104,113
124,neighbor,False,MINIMUM_MAIN_STEEL,999999999.0000000000,9826.7593440000,0.3000000000,0.3000000000,0.3000000000,3.5000000000,0.8000000000,102,110,100,113,103,111
125,neighbor,True,PASS_IMPLEMENTED_PROJECT_CHECKS,9940.9043440000,9826.7593440000,0.3000000000,0.3000000000,0.3000000000,3.0000000000,0.7000000000,103,111,102,113,104,113
126,neighbor,True,PASS_IMPLEMENTED_PROJECT_CHECKS,11048.6610000000,9826.7593440000,0.3000000000,0.3000000000,0.3000000000,3.5000000000,0.5000000000,102,110,102,110,103,111
127,neighbor,False,MINIMUM_MAIN_STEEL,999999999.0000000000,9826.7593440000,0.2000000000,0.2000000000,0.3000000000,3.0000000000,0.8000000000,103,113,100,112,101,113
128,neighbor,False,MINIMUM_MAIN_STEEL,999999999.0000000000,9826.7593440000,0.3000000000,0.3000000000,0.3000000000,3.0000000000,0.7000000000,102,110,100,113,104,113
129,neighbor,False,MAXIMUM_MAIN_STEEL,999999999.0000000000,9826.7593440000,0.3000000000,0.3000000000,0.3000000000,3.0000000000,0.7000000000,104,110,102,113,104,113
130,neighbor,False,ENVELOPE_BASE_CONTACT,999999999.0000000000,9826.7593440000,0.3000000000,0.3000000000,0.3000000000,2.5000000000,0.5000000000,102,110,101,112,102,110
131,neighbor,True,PASS_IMPLEMENTED_PROJECT_CHECKS,11629.2756600000,9826.7593440000,0.2500000000,0.4000000000,0.4000000000,3.5000000000,0.7000000000,103,113,103,110,104,111
132,neighbor,False,MEMBER_FLEXURE,999999999.0000000000,9826.7593440000,0.3000000000,0.3000000000,0.3000000000,3.0000000000,0.7000000000,102,110,102,113,101,110
133,neighbor,True,PASS_IMPLEMENTED_PROJECT_CHECKS,9482.1564560000,9482.1564560000,0.3000000000,0.4000000000,0.3000000000,3.0000000000,0.7000000000,102,111,102,113,104,113
134,neighbor,True,PASS_IMPLEMENTED_PROJECT_CHECKS,9482.1564560000,9482.1564560000,0.3000000000,0.4000000000,0.3000000000,3.0000000000,0.7000000000,102,111,102,113,104,113
135,neighbor,True,PASS_IMPLEMENTED_PROJECT_CHECKS,10033.0293560000,9482.1564560000,0.2500000000,0.4000000000,0.3000000000,3.0000000000,0.7000000000,104,112,102,113,104,113
136,neighbor,True,PASS_IMPLEMENTED_PROJECT_CHECKS,9355.3210000000,9355.3210000000,0.3000000000,0.4000000000,0.3000000000,3.0000000000,0.7000000000,102,111,102,113,102,111
137,neighbor,False,ENVELOPE_BASE_CONTACT,999999999.0000000000,9355.3210000000,0.3000000000,0.3000000000,0.5500000000,2.5000000000,0.6000000000,103,110,103,112,102,112
138,neighbor,False,MINIMUM_MAIN_STEEL,999999999.0000000000,9355.3210000000,0.3000000000,0.4000000000,0.3000000000,3.0000000000,0.7000000000,100,113,102,113,102,111
139,neighbor,False,STEM_STRESS_OR_INTERVAL_BOUND,999999999.0000000000,9355.3210000000,0.3500000000,0.3500000000,0.3000000000,3.5000000000,0.6000000000,101,112,103,110,101,110
140,neighbor,True,PASS_IMPLEMENTED_PROJECT_CHECKS,9340.5130000000,9340.5130000000,0.3000000000,0.4000000000,0.3000000000,3.0000000000,0.7000000000,102,111,100,110,102,111
141,neighbor,False,ENVELOPE_BASE_CONTACT,999999999.0000000000,9340.5130000000,0.3000000000,0.4000000000,0.4000000000,2.5000000000,0.7000000000,102,111,101,111,103,111
142,neighbor,False,MINIMUM_MAIN_STEEL,999999999.0000000000,9340.5130000000,0.2500000000,0.4500000000,0.4500000000,2.5000000000,0.5000000000,102,113,103,111,103,113
143,neighbor,False,ENVELOPE_BASE_CONTACT,999999999.0000000000,9340.5130000000,0.3000000000,0.4000000000,0.4500000000,2.5000000000,0.8000000000,102,111,103,112,102,113
144,neighbor,False,MEMBER_FLEXURE,999999999.0000000000,9340.5130000000,0.2750000000,0.3500000000,0.3000000000,3.0000000000,0.7000000000,103,111,100,110,102,111
145,neighbor,False,ENVELOPE_BASE_CONTACT,999999999.0000000000,9340.5130000000,0.3000000000,0.4000000000,0.3000000000,2.5000000000,0.6000000000,102,111,104,113,101,112
146,neighbor,True,PASS_IMPLEMENTED_PROJECT_CHECKS,11576.9639400000,9340.5130000000,0.3000000000,0.4000000000,0.5500000000,3.5000000000,0.7000000000,102,111,102,113,101,111
147,neighbor,False,MINIMUM_MAIN_STEEL,999999999.0000000000,9340.5130000000,0.2500000000,0.4500000000,0.4500000000,3.0000000000,0.9000000000,102,111,101,113,104,111
148,neighbor,False,ENVELOPE_BASE_CONTACT,999999999.0000000000,9340.5130000000,0.3000000000,0.5000000000,0.5000000000,2.5000000000,0.5000000000,104,113,102,112,104,111
149,neighbor,False,MAXIMUM_MAIN_STEEL,999999999.0000000000,9340.5130000000,0.3000000000,0.4000000000,0.3000000000,3.0000000000,0.7000000000,102,111,100,110,104,110
150,neighbor,False,MEMBER_FLEXURE,999999999.0000000000,9340.5130000000,0.3000000000,0.4000000000,0.3000000000,3.0000000000,0.7000000000,102,111,100,110,101,110
151,neighbor,False,MINIMUM_MAIN_STEEL,999999999.0000000000,9340.5130000000,0.3000000000,0.4000000000,0.5500000000,3.0000000000,0.9000000000,102,111,100,111,100,112
152,neighbor,False,MINIMUM_MAIN_STEEL,999999999.0000000000,9340.5130000000,0.2500000000,0.3000000000,0.3000000000,3.5000000000,0.9000000000,100,112,100,112,104,112
153,neighbor,True,PASS_IMPLEMENTED_PROJECT_CHECKS,11811.0292500000,9340.5130000000,0.3000000000,0.4000000000,0.4500000000,3.5000000000,0.5000000000,102,111,103,112,103,111
154,neighbor,False,MEMBER_FLEXURE,999999999.0000000000,9340.5130000000,0.3500000000,0.3500000000,0.3000000000,3.0000000000,0.7000000000,104,112,100,110,102,111
155,neighbor,True,PASS_IMPLEMENTED_PROJECT_CHECKS,9392.3410000000,9340.5130000000,0.3000000000,0.4000000000,0.3000000000,3.0000000000,0.7000000000,102,111,102,112,102,111
156,neighbor,False,MEMBER_FLEXURE,999999999.0000000000,9340.5130000000,0.3000000000,0.4000000000,0.3000000000,3.0000000000,0.7000000000,102,111,100,110,103,113
157,neighbor,False,MINIMUM_MAIN_STEEL,999999999.0000000000,9340.5130000000,0.3000000000,0.4000000000,0.4500000000,3.0000000000,0.7000000000,101,112,102,112,104,111
158,neighbor,False,MINIMUM_MAIN_STEEL,999999999.0000000000,9340.5130000000,0.3500000000,0.4000000000,0.3000000000,3.0000000000,0.7000000000,100,110,100,110,102,111
159,neighbor,False,MINIMUM_MAIN_STEEL,999999999.0000000000,9340.5130000000,0.3000000000,0.4000000000,0.3000000000,3.0000000000,0.7000000000,102,111,100,113,102,111
160,neighbor,True,PASS_IMPLEMENTED_PROJECT_CHECKS,11794.6305000000,9340.5130000000,0.3000000000,0.4000000000,0.3000000000,3.0000000000,0.7000000000,103,110,100,110,102,111
161,neighbor,False,ENVELOPE_BASE_CONTACT,999999999.0000000000,9340.5130000000,0.3000000000,0.4000000000,0.4500000000,2.5000000000,0.7000000000,102,111,103,110,104,112
162,neighbor,False,MEMBER_FLEXURE,999999999.0000000000,9340.5130000000,0.3000000000,0.4000000000,0.3000000000,3.0000000000,0.7000000000,102,111,100,110,100,110
163,neighbor,False,MINIMUM_MAIN_STEEL,999999999.0000000000,9340.5130000000,0.3000000000,0.4000000000,0.5000000000,2.5000000000,0.7000000000,102,111,100,112,102,110
164,neighbor,False,MINIMUM_MAIN_STEEL,999999999.0000000000,9340.5130000000,0.2750000000,0.4500000000,0.3000000000,3.0000000000,0.7000000000,102,113,100,110,102,111
165,neighbor,True,PASS_IMPLEMENTED_PROJECT_CHECKS,9496.4597500000,9340.5130000000,0.3000000000,0.4000000000,0.3000000000,3.0000000000,0.7000000000,102,111,103,112,102,111
166,neighbor,False,MEMBER_FLEXURE,999999999.0000000000,9340.5130000000,0.3000000000,0.4000000000,0.3000000000,3.0000000000,0.7000000000,102,111,100,110,102,112
167,neighbor,False,MEMBER_FLEXURE,999999999.0000000000,9340.5130000000,0.3000000000,0.4000000000,0.3000000000,3.0000000000,0.7000000000,102,111,100,110,100,110
168,neighbor,True,PASS_IMPLEMENTED_PROJECT_CHECKS,9340.5130000000,9340.5130000000,0.3000000000,0.4000000000,0.3000000000,3.0000000000,0.7000000000,102,111,100,110,102,111
169,neighbor,False,STEM_STRESS_OR_INTERVAL_BOUND,999999999.0000000000,9340.5130000000,0.3000000000,0.3500000000,0.3000000000,3.0000000000,0.7000000000,101,110,100,110,102,111
170,neighbor,True,PASS_IMPLEMENTED_PROJECT_CHECKS,9577.4410000000,9340.5130000000,0.3000000000,0.4000000000,0.3000000000,3.0000000000,0.7000000000,102,111,102,110,102,111
171,neighbor,True,PASS_IMPLEMENTED_PROJECT_CHECKS,10032.3427600000,9340.5130000000,0.3000000000,0.4000000000,0.3000000000,3.0000000000,0.7000000000,102,111,100,110,104,111
172,neighbor,False,ENVELOPE_BASE_CONTACT,999999999.0000000000,9340.5130000000,0.3000000000,0.4000000000,0.3000000000,2.5000000000,0.9000000000,102,111,101,113,101,112
173,neighbor,False,STEM_STRESS_OR_INTERVAL_BOUND,999999999.0000000000,9340.5130000000,0.3000000000,0.4000000000,0.3000000000,3.0000000000,0.7000000000,103,113,100,110,102,111
174,neighbor,True,PASS_IMPLEMENTED_PROJECT_CHECKS,10656.1082500000,9340.5130000000,0.3000000000,0.4000000000,0.4000000000,3.0000000000,0.9000000000,102,111,103,110,103,112
175,neighbor,True,PASS_IMPLEMENTED_PROJECT_CHECKS,9296.0890000000,9296.0890000000,0.3000000000,0.4000000000,0.3000000000,3.0000000000,0.7000000000,102,111,100,111,102,111
176,neighbor,False,MAXIMUM_MAIN_STEEL,999999999.0000000000,9296.0890000000,0.3000000000,0.4000000000,0.3000000000,3.0000000000,0.7000000000,104,110,100,111,102,111
177,neighbor,False,MINIMUM_MAIN_STEEL,999999999.0000000000,9296.0890000000,0.3250000000,0.3500000000,0.3000000000,3.0000000000,0.7000000000,100,111,100,111,102,111
178,neighbor,True,PASS_IMPLEMENTED_PROJECT_CHECKS,9340.5130000000,9296.0890000000,0.3000000000,0.4000000000,0.3000000000,3.0000000000,0.7000000000,102,111,100,110,102,111
179,neighbor,True,PASS_IMPLEMENTED_PROJECT_CHECKS,9496.4597500000,9296.0890000000,0.3000000000,0.4000000000,0.3000000000,3.0000000000,0.7000000000,102,111,103,112,102,111
180,neighbor,False,MINIMUM_MAIN_STEEL,999999999.0000000000,9296.0890000000,0.3000000000,0.5000000000,0.3000000000,3.0000000000,0.7000000000,100,113,100,111,102,111
181,neighbor,True,PASS_IMPLEMENTED_PROJECT_CHECKS,9365.1930000000,9296.0890000000,0.3000000000,0.4000000000,0.3000000000,3.0000000000,0.7000000000,102,111,101,111,102,111
182,neighbor,True,PASS_IMPLEMENTED_PROJECT_CHECKS,10918.8902200000,9296.0890000000,0.3000000000,0.4000000000,0.5500000000,3.0000000000,0.8000000000,102,111,102,110,100,110
183,neighbor,True,PASS_IMPLEMENTED_PROJECT_CHECKS,9302.0122000000,9296.0890000000,0.3000000000,0.4000000000,0.3000000000,3.0000000000,0.7000000000,102,111,101,113,102,111
184,neighbor,False,ENVELOPE_BASE_CONTACT,999999999.0000000000,9296.0890000000,0.3000000000,0.4000000000,0.4500000000,2.5000000000,0.6000000000,102,111,101,111,103,113
185,neighbor,False,STEM_STRESS_OR_INTERVAL_BOUND,999999999.0000000000,9296.0890000000,0.2500000000,0.3000000000,0.3000000000,3.0000000000,0.7000000000,104,113,100,111,102,111
186,neighbor,False,MEMBER_FLEXURE,999999999.0000000000,9296.0890000000,0.3250000000,0.3500000000,0.3000000000,3.0000000000,0.5000000000,103,112,102,112,102,113
187,neighbor,True,PASS_IMPLEMENTED_PROJECT_CHECKS,10699.2850000000,9296.0890000000,0.3000000000,0.4000000000,0.3000000000,3.5000000000,0.8000000000,102,111,103,111,103,111
188,neighbor,False,STEM_STRESS_OR_INTERVAL_BOUND,999999999.0000000000,9296.0890000000,0.2500000000,0.3000000000,0.3000000000,3.0000000000,0.7000000000,100,110,100,111,102,111
189,neighbor,True,PASS_IMPLEMENTED_PROJECT_CHECKS,10492.9922500000,9296.0890000000,0.3500000000,0.5000000000,0.3000000000,3.0000000000,0.7000000000,103,112,100,111,102,111
190,neighbor,False,MEMBER_FLEXURE,999999999.0000000000,9296.0890000000,0.3000000000,0.4000000000,0.4000000000,3.5000000000,0.6000000000,102,111,104,110,101,111
191,neighbor,True,PASS_IMPLEMENTED_PROJECT_CHECKS,10385.7256000000,9296.0890000000,0.3000000000,0.4000000000,0.3000000000,3.5000000000,0.9000000000,102,111,102,113,103,111
192,neighbor,False,MINIMUM_MAIN_STEEL,999999999.0000000000,9296.0890000000,0.2750000000,0.3500000000,0.3000000000,3.0000000000,0.9000000000,100,113,101,113,103,111
193,neighbor,False,MINIMUM_MAIN_STEEL,999999999.0000000000,9296.0890000000,0.3000000000,0.4000000000,0.3000000000,3.0000000000,0.7000000000,100,112,100,111,102,111
194,neighbor,True,PASS_IMPLEMENTED_PROJECT_CHECKS,11049.3562000000,9296.0890000000,0.3000000000,0.4000000000,0.3000000000,3.0000000000,0.7000000000,104,111,100,111,102,111
195,neighbor,False,MINIMUM_MAIN_STEEL,999999999.0000000000,9296.0890000000,0.3000000000,0.4000000000,0.3000000000,3.0000000000,0.7000000000,100,110,100,111,102,111
196,neighbor,False,ENVELOPE_BASE_CONTACT,999999999.0000000000,9296.0890000000,0.3500000000,0.5000000000,0.5500000000,2.5000000000,0.9000000000,102,112,103,113,104,110
197,neighbor,False,MINIMUM_MAIN_STEEL,999999999.0000000000,9296.0890000000,0.3000000000,0.4000000000,0.3000000000,3.0000000000,0.7000000000,101,112,100,111,102,111
198,neighbor,False,MEMBER_FLEXURE,999999999.0000000000,9296.0890000000,0.3250000000,0.5000000000,0.4500000000,3.0000000000,0.5000000000,102,111,101,110,101,112
199,neighbor,False,MEMBER_FLEXURE,999999999.0000000000,9296.0890000000,0.3000000000,0.3000000000,0.3000000000,3.0000000000,0.7000000000,103,110,100,111,102,111
200,neighbor,False,MEMBER_FLEXURE,999999999.0000000000,9296.0890000000,0.3000000000,0.4000000000,0.3000000000,3.0000000000,0.7000000000,102,111,100,111,101,110
201,neighbor,True,PASS_IMPLEMENTED_PROJECT_CHECKS,12065.7269760000,9296.0890000000,0.3500000000,0.4500000000,0.3000000000,3.0000000000,0.5000000000,104,111,101,113,104,112
202,neighbor,False,STEM_STRESS_OR_INTERVAL_BOUND,999999999.0000000000,9296.0890000000,0.3000000000,0.4000000000,0.3000000000,3.0000000000,0.7000000000,101,111,100,111,102,111
203,neighbor,True,PASS_IMPLEMENTED_PROJECT_CHECKS,9987.9187600000,9296.0890000000,0.3000000000,0.4000000000,0.3000000000,3.0000000000,0.7000000000,102,111,100,111,104,111
204,neighbor,True,PASS_IMPLEMENTED_PROJECT_CHECKS,9634.7973200000,9296.0890000000,0.3000000000,0.4000000000,0.3000000000,3.0000000000,0.7000000000,102,111,100,111,104,112
205,neighbor,False,MAXIMUM_MAIN_STEEL,999999999.0000000000,9296.0890000000,0.2500000000,0.4500000000,0.3000000000,3.0000000000,0.7000000000,103,110,100,111,102,111
206,neighbor,True,PASS_IMPLEMENTED_PROJECT_CHECKS,9419.9517500000,9296.0890000000,0.3000000000,0.4000000000,0.3000000000,3.0000000000,0.7000000000,102,111,100,111,103,112
207,neighbor,False,STEM_STRESS_OR_INTERVAL_BOUND,999999999.0000000000,9296.0890000000,0.3000000000,0.3000000000,0.3000000000,3.0000000000,0.7000000000,101,112,100,111,102,111
208,neighbor,True,PASS_IMPLEMENTED_PROJECT_CHECKS,9785.6785000000,9296.0890000000,0.3000000000,0.4000000000,0.3000000000,3.0000000000,0.7000000000,102,111,103,110,102,111
209,neighbor,False,MINIMUM_MAIN_STEEL,999999999.0000000000,9296.0890000000,0.3000000000,0.4000000000,0.3000000000,2.5000000000,0.8000000000,102,111,100,113,102,113
210,neighbor,False,MEMBER_FLEXURE,999999999.0000000000,9296.0890000000,0.3500000000,0.3500000000,0.3000000000,3.0000000000,0.7000000000,103,112,100,111,102,111
211,neighbor,False,MINIMUM_MAIN_STEEL,999999999.0000000000,9296.0890000000,0.3000000000,0.4000000000,0.3000000000,3.0000000000,0.7000000000,102,111,100,111,100,113
212,neighbor,False,MINIMUM_MAIN_STEEL,999999999.0000000000,9296.0890000000,0.2750000000,0.4500000000,0.3000000000,3.5000000000,0.5000000000,101,113,102,111,100,113
213,neighbor,True,PASS_IMPLEMENTED_PROJECT_CHECKS,10264.4705000000,9296.0890000000,0.3000000000,0.4000000000,0.3000000000,3.0000000000,0.7000000000,102,111,100,111,103,110
214,neighbor,True,PASS_IMPLEMENTED_PROJECT_CHECKS,9592.8660000000,9296.0890000000,0.3000000000,0.4000000000,0.3000000000,3.0000000000,0.7000000000,102,111,103,111,102,111
215,neighbor,True,PASS_IMPLEMENTED_PROJECT_CHECKS,9617.5213200000,9296.0890000000,0.3000000000,0.4000000000,0.3000000000,3.0000000000,0.7000000000,104,113,100,111,102,111
216,neighbor,False,MINIMUM_MAIN_STEEL,999999999.0000000000,9296.0890000000,0.3000000000,0.4000000000,0.3000000000,3.0000000000,0.7000000000,102,111,100,111,100,112
217,neighbor,False,MEMBER_FLEXURE,999999999.0000000000,9296.0890000000,0.3000000000,0.4000000000,0.3000000000,3.0000000000,0.7000000000,102,111,100,111,103,113
218,neighbor,False,MINIMUM_MAIN_STEEL,999999999.0000000000,9296.0890000000,0.3000000000,0.4000000000,0.3000000000,3.0000000000,0.5000000000,102,111,100,112,100,111
219,neighbor,True,PASS_IMPLEMENTED_PROJECT_CHECKS,9917.4852500000,9296.0890000000,0.3500000000,0.4000000000,0.3000000000,3.0000000000,0.7000000000,103,112,100,111,102,111
220,neighbor,False,ENVELOPE_BASE_CONTACT,999999999.0000000000,9296.0890000000,0.3000000000,0.4000000000,0.4500000000,2.5000000000,0.6000000000,102,111,103,111,101,110
221,neighbor,False,STEM_STRESS_OR_INTERVAL_BOUND,999999999.0000000000,9296.0890000000,0.3500000000,0.3500000000,0.4000000000,3.0000000000,0.9000000000,103,113,101,110,104,110
222,neighbor,False,MEMBER_FLEXURE,999999999.0000000000,9296.0890000000,0.3000000000,0.4000000000,0.3000000000,3.0000000000,0.7000000000,102,111,100,111,102,112
223,neighbor,False,MINIMUM_MAIN_STEEL,999999999.0000000000,9296.0890000000,0.3000000000,0.4000000000,0.3000000000,3.0000000000,0.7000000000,102,111,100,111,100,113
224,neighbor,True,PASS_IMPLEMENTED_PROJECT_CHECKS,9846.9619000000,9296.0890000000,0.2500000000,0.4000000000,0.3000000000,3.0000000000,0.7000000000,104,112,100,111,102,111
225,neighbor,False,MINIMUM_MAIN_STEEL,999999999.0000000000,9296.0890000000,0.3250000000,0.4000000000,0.3000000000,3.0000000000,0.7000000000,101,113,100,111,102,111
226,neighbor,False,MINIMUM_MAIN_STEEL,999999999.0000000000,9296.0890000000,0.2750000000,0.5000000000,0.3000000000,3.0000000000,0.7000000000,100,111,100,111,102,111
227,neighbor,False,STEM_STRESS_OR_INTERVAL_BOUND,999999999.0000000000,9296.0890000000,0.3000000000,0.4000000000,0.3000000000,3.0000000000,0.7000000000,102,113,100,111,102,111
228,neighbor,True,PASS_IMPLEMENTED_PROJECT_CHECKS,9583.8425000000,9296.0890000000,0.3000000000,0.4500000000,0.3000000000,3.0000000000,0.7000000000,102,111,100,111,102,111
229,neighbor,False,MAXIMUM_MAIN_STEEL,999999999.0000000000,9296.0890000000,0.3000000000,0.4000000000,0.3000000000,3.0000000000,0.7000000000,104,110,100,111,102,111
230,neighbor,False,MINIMUM_MAIN_STEEL,999999999.0000000000,9296.0890000000,0.3500000000,0.5000000000,0.4000000000,3.0000000000,0.5000000000,100,112,101,112,103,112
231,neighbor,False,MINIMUM_MAIN_STEEL,999999999.0000000000,9296.0890000000,0.2750000000,0.4000000000,0.3500000000,3.5000000000,0.7000000000,100,113,103,111,100,113
232,neighbor,False,STEM_STRESS_OR_INTERVAL_BOUND,999999999.0000000000,9296.0890000000,0.3000000000,0.3000000000,0.3000000000,3.0000000000,0.7000000000,101,113,100,111,102,111
233,neighbor,False,MINIMUM_MAIN_STEEL,999999999.0000000000,9296.0890000000,0.2500000000,0.4000000000,0.3000000000,3.5000000000,0.7000000000,101,113,102,112,100,112
234,neighbor,False,MINIMUM_MAIN_STEEL,999999999.0000000000,9296.0890000000,0.3250000000,0.5000000000,0.3500000000,2.5000000000,0.9000000000,100,111,102,112,103,111
235,neighbor,False,MAXIMUM_MAIN_STEEL,999999999.0000000000,9296.0890000000,0.3250000000,0.5000000000,0.3000000000,3.0000000000,0.7000000000,104,110,100,111,102,111
236,neighbor,False,ENVELOPE_BASE_CONTACT,999999999.0000000000,9296.0890000000,0.3000000000,0.4000000000,0.3000000000,2.5000000000,0.9000000000,102,111,100,111,104,113
237,neighbor,True,PASS_IMPLEMENTED_PROJECT_CHECKS,9325.7050000000,9296.0890000000,0.3000000000,0.4000000000,0.3000000000,3.0000000000,0.7000000000,102,111,101,112,102,111
238,neighbor,False,MEMBER_FLEXURE,999999999.0000000000,9296.0890000000,0.3000000000,0.4000000000,0.3000000000,3.0000000000,0.7000000000,102,111,100,111,102,113
239,neighbor,False,MINIMUM_MAIN_STEEL,999999999.0000000000,9296.0890000000,0.3000000000,0.4000000000,0.3000000000,3.0000000000,0.7000000000,101,113,100,111,102,111
240,neighbor,True,PASS_IMPLEMENTED_PROJECT_CHECKS,11049.3562000000,9296.0890000000,0.3000000000,0.4000000000,0.3000000000,3.0000000000,0.7000000000,104,111,100,111,102,111
241,neighbor,False,MEMBER_FLEXURE,999999999.0000000000,9296.0890000000,0.3000000000,0.4000000000,0.3000000000,3.0000000000,0.7000000000,102,111,100,111,100,111
242,neighbor,False,MAXIMUM_MAIN_STEEL,999999999.0000000000,9296.0890000000,0.3000000000,0.4000000000,0.3000000000,3.0000000000,0.7000000000,102,111,104,110,102,111
243,neighbor,False,MINIMUM_MAIN_STEEL,999999999.0000000000,9296.0890000000,0.3000000000,0.3000000000,0.3000000000,3.5000000000,0.8000000000,100,112,104,112,104,110
244,neighbor,False,STEM_STRESS_OR_INTERVAL_BOUND,999999999.0000000000,9296.0890000000,0.2500000000,0.3000000000,0.3000000000,3.0000000000,0.7000000000,102,113,100,111,102,111
245,neighbor,False,STEM_STRESS_OR_INTERVAL_BOUND,999999999.0000000000,9296.0890000000,0.3250000000,0.4000000000,0.3000000000,3.0000000000,0.7000000000,102,112,100,111,102,111
246,neighbor,False,MEMBER_FLEXURE,999999999.0000000000,9296.0890000000,0.3000000000,0.4000000000,0.3000000000,3.0000000000,0.7000000000,102,111,100,111,101,111
247,neighbor,False,MEMBER_FLEXURE,999999999.0000000000,9296.0890000000,0.3000000000,0.4000000000,0.3000000000,3.0000000000,0.7000000000,102,111,100,111,100,111
248,neighbor,False,MAXIMUM_MAIN_STEEL,999999999.0000000000,9296.0890000000,0.3000000000,0.4000000000,0.3000000000,3.0000000000,0.7000000000,104,110,100,111,102,111
249,neighbor,False,MEMBER_FLEXURE,999999999.0000000000,9296.0890000000,0.3000000000,0.4000000000,0.3000000000,3.5000000000,0.5000000000,102,111,103,110,103,112
250,neighbor,False,ENVELOPE_BASE_CONTACT,999999999.0000000000,9296.0890000000,0.3000000000,0.4000000000,0.4000000000,2.5000000000,0.8000000000,102,111,104,112,103,111
251,neighbor,False,STEM_STRESS_OR_INTERVAL_BOUND,999999999.0000000000,9296.0890000000,0.3000000000,0.4000000000,0.3000000000,3.0000000000,0.7000000000,102,113,100,111,102,111
252,neighbor,True,PASS_IMPLEMENTED_PROJECT_CHECKS,9496.4597500000,9296.0890000000,0.3000000000,0.4000000000,0.3000000000,3.0000000000,0.7000000000,102,111,103,112,102,111
253,neighbor,True,PASS_IMPLEMENTED_PROJECT_CHECKS,10209.2490000000,9296.0890000000,0.3000000000,0.4000000000,0.3000000000,3.0000000000,0.7000000000,102,110,100,111,102,111
254,neighbor,False,MINIMUM_MAIN_STEEL,999999999.0000000000,9296.0890000000,0.3000000000,0.4000000000,0.3000000000,3.0000000000,0.7000000000,100,111,100,111,102,111
255,neighbor,True,PASS_IMPLEMENTED_PROJECT_CHECKS,10154.4594000000,9296.0890000000,0.3000000000,0.4000000000,0.3000000000,3.0000000000,0.7000000000,104,112,100,111,102,111
256,neighbor,True,PASS_IMPLEMENTED_PROJECT_CHECKS,9597.7773200000,9296.0890000000,0.2500000000,0.4500000000,0.3000000000,3.0000000000,0.7000000000,104,113,100,111,102,111
257,neighbor,True,PASS_IMPLEMENTED_PROJECT_CHECKS,9463.7725700000,9296.0890000000,0.2750000000,0.4000000000,0.3000000000,3.0000000000,0.7000000000,104,113,100,111,102,111
258,neighbor,False,MEMBER_FLEXURE,999999999.0000000000,9296.0890000000,0.3250000000,0.3500000000,0.3000000000,3.0000000000,0.7000000000,104,112,104,111,102,111
259,neighbor,True,PASS_IMPLEMENTED_PROJECT_CHECKS,10031.7460000000,9296.0890000000,0.2750000000,0.5000000000,0.3000000000,3.0000000000,0.7000000000,103,112,100,111,102,111
260,neighbor,True,PASS_IMPLEMENTED_PROJECT_CHECKS,9634.7973200000,9296.0890000000,0.3000000000,0.4000000000,0.3000000000,3.0000000000,0.7000000000,102,111,100,111,104,112
261,neighbor,False,STEM_STRESS_OR_INTERVAL_BOUND,999999999.0000000000,9296.0890000000,0.3000000000,0.4000000000,0.3000000000,3.0000000000,0.7000000000,103,113,100,111,102,111
262,neighbor,True,PASS_IMPLEMENTED_PROJECT_CHECKS,9656.4170000000,9296.0890000000,0.3000000000,0.4000000000,0.3000000000,3.0000000000,0.7000000000,102,111,100,111,102,110
263,neighbor,False,MEMBER_FLEXURE,999999999.0000000000,9296.0890000000,0.3000000000,0.4000000000,0.3000000000,3.5000000000,0.5000000000,102,111,102,113,102,113
264,neighbor,True,PASS_IMPLEMENTED_PROJECT_CHECKS,9365.1930000000,9296.0890000000,0.3000000000,0.4000000000,0.3000000000,3.0000000000,0.7000000000,102,111,101,111,102,111
265,neighbor,True,PASS_IMPLEMENTED_PROJECT_CHECKS,9296.0890000000,9296.0890000000,0.3000000000,0.4000000000,0.3000000000,3.0000000000,0.7000000000,102,111,100,111,102,111
266,neighbor,True,PASS_IMPLEMENTED_PROJECT_CHECKS,13048.6006100000,9296.0890000000,0.2750000000,0.5000000000,0.3000000000,3.5000000000,0.6000000000,104,111,102,112,104,111
267,neighbor,False,MAXIMUM_MAIN_STEEL,999999999.0000000000,9296.0890000000,0.3000000000,0.4000000000,0.3000000000,3.0000000000,0.7000000000,102,111,100,111,104,110
268,neighbor,True,PASS_IMPLEMENTED_PROJECT_CHECKS,9701.4580000000,9296.0890000000,0.3000000000,0.4000000000,0.3000000000,3.0000000000,0.7000000000,102,111,100,111,103,111
269,neighbor,True,PASS_IMPLEMENTED_PROJECT_CHECKS,9340.5130000000,9296.0890000000,0.3000000000,0.4000000000,0.3000000000,3.0000000000,0.7000000000,102,111,100,110,102,111
270,neighbor,False,STEM_STRESS_OR_INTERVAL_BOUND,999999999.0000000000,9296.0890000000,0.3250000000,0.3500000000,0.3000000000,3.0000000000,0.8000000000,100,110,101,111,101,111
271,neighbor,False,MAXIMUM_MAIN_STEEL,999999999.0000000000,9296.0890000000,0.3000000000,0.4000000000,0.3000000000,3.0000000000,0.7000000000,102,111,100,111,104,110
272,neighbor,False,MINIMUM_MAIN_STEEL,999999999.0000000000,9296.0890000000,0.3000000000,0.3000000000,0.3000000000,2.5000000000,0.7000000000,104,113,100,112,104,110
273,neighbor,True,PASS_IMPLEMENTED_PROJECT_CHECKS,9987.9187600000,9296.0890000000,0.3000000000,0.4000000000,0.3000000000,3.0000000000,0.7000000000,102,111,100,111,104,111
274,neighbor,True,PASS_IMPLEMENTED_PROJECT_CHECKS,9456.2390000000,9296.0890000000,0.2750000000,0.4000000000,0.3000000000,3.0000000000,0.7000000000,103,112,100,111,102,111
275,neighbor,False,MEMBER_FLEXURE,999999999.0000000000,9296.0890000000,0.3000000000,0.4000000000,0.3000000000,3.0000000000,0.7000000000,102,111,100,111,103,113
276,neighbor,False,MEMBER_FLEXURE,999999999.0000000000,9296.0890000000,0.3000000000,0.4000000000,0.3000000000,3.0000000000,0.7000000000,102,111,100,111,103,113
277,neighbor,True,PASS_IMPLEMENTED_PROJECT_CHECKS,10323.3940000000,9296.0890000000,0.3000000000,0.4000000000,0.3000000000,3.0000000000,0.7000000000,103,111,100,111,102,111
278,neighbor,False,MEMBER_FLEXURE,999999999.0000000000,9296.0890000000,0.3000000000,0.4000000000,0.3000000000,3.0000000000,0.7000000000,102,111,100,111,102,112
279,neighbor,False,MAXIMUM_MAIN_STEEL,999999999.0000000000,9296.0890000000,0.3000000000,0.4000000000,0.3000000000,3.0000000000,0.7000000000,102,111,104,110,102,111
280,neighbor,False,ENVELOPE_BASE_CONTACT,999999999.0000000000,9296.0890000000,0.3000000000,0.4000000000,0.3000000000,2.5000000000,0.8000000000,102,111,101,111,101,113
281,neighbor,True,PASS_IMPLEMENTED_PROJECT_CHECKS,9701.4580000000,9296.0890000000,0.3000000000,0.4000000000,0.3000000000,3.0000000000,0.7000000000,102,111,100,111,103,111
282,neighbor,False,MEMBER_FLEXURE,999999999.0000000000,9296.0890000000,0.3000000000,0.4000000000,0.3000000000,3.0000000000,0.7000000000,102,111,100,111,103,113
283,neighbor,False,MEMBER_FLEXURE,999999999.0000000000,9296.0890000000,0.3000000000,0.4000000000,0.3000000000,3.0000000000,0.7000000000,102,111,100,111,100,111
284,neighbor,False,MINIMUM_MAIN_STEEL,999999999.0000000000,9296.0890000000,0.3000000000,0.4000000000,0.3000000000,3.0000000000,0.7000000000,102,111,100,111,100,113
285,neighbor,True,PASS_IMPLEMENTED_PROJECT_CHECKS,9355.3210000000,9296.0890000000,0.3000000000,0.4000000000,0.3000000000,3.0000000000,0.7000000000,102,111,102,113,102,111
286,neighbor,False,MAXIMUM_MAIN_STEEL,999999999.0000000000,9296.0890000000,0.3000000000,0.4000000000,0.3000000000,3.0000000000,0.7000000000,102,111,104,110,102,111
287,neighbor,False,MEMBER_FLEXURE,999999999.0000000000,9296.0890000000,0.3000000000,0.4000000000,0.3000000000,3.5000000000,0.6000000000,102,111,102,112,100,111
288,neighbor,True,PASS_IMPLEMENTED_PROJECT_CHECKS,9987.9187600000,9296.0890000000,0.3000000000,0.4000000000,0.3000000000,3.0000000000,0.7000000000,102,111,100,111,104,111
289,neighbor,True,PASS_IMPLEMENTED_PROJECT_CHECKS,10154.4594000000,9296.0890000000,0.3000000000,0.4000000000,0.3000000000,3.0000000000,0.7000000000,104,112,100,111,102,111
290,neighbor,True,PASS_IMPLEMENTED_PROJECT_CHECKS,9987.9187600000,9296.0890000000,0.3000000000,0.4000000000,0.3000000000,3.0000000000,0.7000000000,102,111,100,111,104,111
291,neighbor,False,MINIMUM_MAIN_STEEL,999999999.0000000000,9296.0890000000,0.3000000000,0.4000000000,0.3000000000,3.0000000000,0.7000000000,102,111,100,113,102,111
292,neighbor,False,MINIMUM_MAIN_STEEL,999999999.0000000000,9296.0890000000,0.2750000000,0.4000000000,0.5500000000,3.0000000000,0.5000000000,102,113,101,110,101,113
293,neighbor,True,PASS_IMPLEMENTED_PROJECT_CHECKS,9701.4580000000,9296.0890000000,0.3000000000,0.4000000000,0.3000000000,3.0000000000,0.7000000000,102,111,100,111,103,111
294,neighbor,True,PASS_IMPLEMENTED_PROJECT_CHECKS,9365.1930000000,9296.0890000000,0.3000000000,0.4000000000,0.3000000000,3.0000000000,0.7000000000,102,111,101,111,102,111
295,neighbor,True,PASS_IMPLEMENTED_PROJECT_CHECKS,10234.8545000000,9296.0890000000,0.3000000000,0.4000000000,0.3000000000,3.0000000000,0.9000000000,102,111,102,112,103,110
296,neighbor,False,ENVELOPE_BASE_CONTACT,999999999.0000000000,9296.0890000000,0.3000000000,0.4000000000,0.3000000000,2.5000000000,0.6000000000,102,111,103,111,100,111
297,neighbor,False,ENVELOPE_BASE_CONTACT,999999999.0000000000,9296.0890000000,0.3000000000,0.4000000000,0.3000000000,2.5000000000,0.8000000000,102,111,100,110,103,112
298,neighbor,True,PASS_IMPLEMENTED_PROJECT_CHECKS,9617.5213200000,9296.0890000000,0.3000000000,0.4000000000,0.3000000000,3.0000000000,0.7000000000,104,113,100,111,102,111
299,neighbor,True,PASS_IMPLEMENTED_PROJECT_CHECKS,9444.1690000000,9296.0890000000,0.3000000000,0.4000000000,0.3000000000,3.0000000000,0.7000000000,102,111,101,110,102,111
300,neighbor,True,PASS_IMPLEMENTED_PROJECT_CHECKS,11796.3135800000,9296.0890000000,0.3000000000,0.4000000000,0.5500000000,3.0000000000,0.5000000000,102,111,101,111,104,111
301,neighbor,True,PASS_IMPLEMENTED_PROJECT_CHECKS,10607.4237800000,9296.0890000000,0.3000000000,0.4000000000,0.3000000000,3.0000000000,0.5000000000,102,111,104,112,103,110
302,neighbor,True,PASS_IMPLEMENTED_PROJECT_CHECKS,9609.9877500000,9296.0890000000,0.3000000000,0.4000000000,0.3000000000,3.0000000000,0.7000000000,103,112,100,111,102,111
303,neighbor,True,PASS_IMPLEMENTED_PROJECT_CHECKS,10584.1496200000,9296.0890000000,0.3000000000,0.4000000000,0.3500000000,3.5000000000,0.9000000000,102,111,102,111,104,113
304,neighbor,False,STEM_STRESS_OR_INTERVAL_BOUND,999999999.0000000000,9296.0890000000,0.3000000000,0.3000000000,0.3000000000,3.0000000000,0.7000000000,104,112,100,111,102,111
305,neighbor,False,STEM_STRESS_OR_INTERVAL_BOUND,999999999.0000000000,9296.0890000000,0.2500000000,0.4000000000,0.3000000000,3.0000000000,0.8000000000,102,112,102,111,101,113
306,neighbor,False,MINIMUM_MAIN_STEEL,999999999.0000000000,9296.0890000000,0.3000000000,0.4000000000,0.3000000000,3.0000000000,0.7000000000,102,111,100,111,100,112
307,neighbor,True,PASS_IMPLEMENTED_PROJECT_CHECKS,9296.0890000000,9296.0890000000,0.3000000000,0.4000000000,0.3000000000,3.0000000000,0.7000000000,102,111,100,111,102,111
308,neighbor,False,MINIMUM_MAIN_STEEL,999999999.0000000000,9296.0890000000,0.3000000000,0.5000000000,0.3000000000,2.5000000000,0.6000000000,100,113,103,113,104,111
309,neighbor,False,MINIMUM_MAIN_STEEL,999999999.0000000000,9296.0890000000,0.2500000000,0.4500000000,0.5500000000,3.0000000000,0.8000000000,104,113,100,112,101,110
310,neighbor,True,PASS_IMPLEMENTED_PROJECT_CHECKS,9785.6785000000,9296.0890000000,0.3000000000,0.4000000000,0.3000000000,3.0000000000,0.7000000000,102,111,103,110,102,111
311,neighbor,False,MINIMUM_MAIN_STEEL,999999999.0000000000,9296.0890000000,0.3000000000,0.5000000000,0.3000000000,3.5000000000,0.8000000000,101,113,104,110,103,111
312,neighbor,False,STEM_STRESS_OR_INTERVAL_BOUND,999999999.0000000000,9296.0890000000,0.3000000000,0.4000000000,0.3000000000,3.0000000000,0.7000000000,102,113,100,111,102,111
313,neighbor,True,PASS_IMPLEMENTED_PROJECT_CHECKS,9415.0160000000,9296.0890000000,0.3000000000,0.5000000000,0.3000000000,3.0000000000,0.7000000000,102,112,100,111,102,111
314,neighbor,True,PASS_IMPLEMENTED_PROJECT_CHECKS,9422.9244560000,9296.0890000000,0.3000000000,0.4000000000,0.3000000000,3.0000000000,0.7000000000,102,111,100,111,104,113
315,neighbor,True,PASS_IMPLEMENTED_PROJECT_CHECKS,9570.0370000000,9296.0890000000,0.3000000000,0.4000000000,0.3000000000,3.0000000000,0.7000000000,102,111,104,112,102,111
316,neighbor,True,PASS_IMPLEMENTED_PROJECT_CHECKS,11535.3388100000,9296.0890000000,0.3250000000,0.4000000000,0.5000000000,3.0000000000,0.7000000000,103,113,104,113,104,111
317,neighbor,True,PASS_IMPLEMENTED_PROJECT_CHECKS,11049.3562000000,9296.0890000000,0.3000000000,0.4000000000,0.3000000000,3.0000000000,0.7000000000,104,111,100,111,102,111
318,neighbor,False,STEM_STRESS_OR_INTERVAL_BOUND,999999999.0000000000,9296.0890000000,0.3250000000,0.4500000000,0.3000000000,3.0000000000,0.7000000000,102,112,100,111,102,111
319,neighbor,False,MAXIMUM_MAIN_STEEL,999999999.0000000000,9296.0890000000,0.3250000000,0.4000000000,0.3000000000,3.0000000000,0.9000000000,103,110,104,110,104,112
320,neighbor,True,PASS_IMPLEMENTED_PROJECT_CHECKS,9623.4462500000,9296.0890000000,0.3250000000,0.4500000000,0.3000000000,3.0000000000,0.7000000000,103,113,100,111,102,111
321,neighbor,True,PASS_IMPLEMENTED_PROJECT_CHECKS,11250.8685240000,9296.0890000000,0.3000000000,0.4000000000,0.4500000000,3.5000000000,0.5000000000,102,111,104,113,102,111
322,neighbor,True,PASS_IMPLEMENTED_PROJECT_CHECKS,9634.7973200000,9296.0890000000,0.3000000000,0.4000000000,0.3000000000,3.0000000000,0.7000000000,102,111,100,111,104,112
323,neighbor,True,PASS_IMPLEMENTED_PROJECT_CHECKS,10264.4705000000,9296.0890000000,0.3000000000,0.4000000000,0.3000000000,3.0000000000,0.7000000000,102,111,100,111,103,110
324,neighbor,False,MINIMUM_MAIN_STEEL,999999999.0000000000,9296.0890000000,0.3000000000,0.4000000000,0.3000000000,3.0000000000,0.7000000000,101,113,100,111,102,111
325,neighbor,True,PASS_IMPLEMENTED_PROJECT_CHECKS,9771.2700700000,9296.0890000000,0.3250000000,0.4000000000,0.3000000000,3.0000000000,0.7000000000,104,113,100,111,102,111
326,neighbor,True,PASS_IMPLEMENTED_PROJECT_CHECKS,11203.1049500000,9296.0890000000,0.3250000000,0.4000000000,0.3000000000,3.0000000000,0.7000000000,104,111,100,111,102,111
327,neighbor,True,PASS_IMPLEMENTED_PROJECT_CHECKS,9325.7050000000,9296.0890000000,0.3000000000,0.4000000000,0.3000000000,3.0000000000,0.7000000000,102,111,101,112,102,111
328,neighbor,False,ENVELOPE_BASE_CONTACT,999999999.0000000000,9296.0890000000,0.3000000000,0.4000000000,0.3500000000,2.5000000000,0.5000000000,102,111,103,110,102,113
329,neighbor,False,STEM_STRESS_OR_INTERVAL_BOUND,999999999.0000000000,9296.0890000000,0.2500000000,0.3000000000,0.3000000000,3.0000000000,0.7000000000,101,111,101,113,104,112
330,neighbor,True,PASS_IMPLEMENTED_PROJECT_CHECKS,9355.3210000000,9296.0890000000,0.3000000000,0.4000000000,0.3000000000,3.0000000000,0.7000000000,102,111,102,113,102,111
331,neighbor,True,PASS_IMPLEMENTED_PROJECT_CHECKS,9454.0410000000,9296.0890000000,0.3000000000,0.4000000000,0.3000000000,3.0000000000,0.7000000000,102,111,102,111,102,111
332,neighbor,True,PASS_IMPLEMENTED_PROJECT_CHECKS,9577.4410000000,9296.0890000000,0.3000000000,0.4000000000,0.3000000000,3.0000000000,0.7000000000,102,111,102,110,102,111
333,neighbor,True,PASS_IMPLEMENTED_PROJECT_CHECKS,9570.0370000000,9296.0890000000,0.3000000000,0.4000000000,0.3000000000,3.0000000000,0.7000000000,102,111,104,112,102,111
334,neighbor,False,MINIMUM_MAIN_STEEL,999999999.0000000000,9296.0890000000,0.3000000000,0.4000000000,0.3000000000,3.0000000000,0.7000000000,100,111,100,111,102,111
335,neighbor,True,PASS_IMPLEMENTED_PROJECT_CHECKS,9987.9187600000,9296.0890000000,0.3000000000,0.4000000000,0.3000000000,3.0000000000,0.7000000000,102,111,100,111,104,111
336,neighbor,False,MINIMUM_MAIN_STEEL,999999999.0000000000,9296.0890000000,0.2500000000,0.4500000000,0.3000000000,3.0000000000,0.7000000000,101,112,100,111,102,111
337,neighbor,False,MEMBER_FLEXURE,999999999.0000000000,9296.0890000000,0.3000000000,0.4000000000,0.3000000000,3.0000000000,0.7000000000,102,111,100,111,101,113
338,neighbor,False,MINIMUM_MAIN_STEEL,999999999.0000000000,9296.0890000000,0.3000000000,0.4000000000,0.3000000000,3.0000000000,0.7000000000,100,113,100,111,102,111
339,neighbor,True,PASS_IMPLEMENTED_PROJECT_CHECKS,9419.9517500000,9296.0890000000,0.3000000000,0.4000000000,0.3000000000,3.0000000000,0.7000000000,102,111,100,111,103,112
340,neighbor,True,PASS_IMPLEMENTED_PROJECT_CHECKS,9223.0362000000,9223.0362000000,0.3000000000,0.4000000000,0.3000000000,3.0000000000,0.7000000000,101,110,100,111,102,111
341,neighbor,False,MEMBER_FLEXURE,999999999.0000000000,9223.0362000000,0.3000000000,0.4000000000,0.3000000000,3.0000000000,0.7000000000,101,110,100,111,101,111
342,neighbor,True,PASS_IMPLEMENTED_PROJECT_CHECKS,10408.3642400000,9223.0362000000,0.3000000000,0.4000000000,0.4000000000,3.0000000000,0.6000000000,101,110,104,110,101,110
343,neighbor,False,ENVELOPE_BASE_CONTACT,999999999.0000000000,9223.0362000000,0.2750000000,0.3500000000,0.3000000000,2.5000000000,0.6000000000,101,112,100,111,102,112
344,neighbor,True,PASS_IMPLEMENTED_PROJECT_CHECKS,9365.5632000000,9223.0362000000,0.3000000000,0.4000000000,0.3000000000,3.0000000000,0.7000000000,101,110,103,113,102,111
345,neighbor,True,PASS_IMPLEMENTED_PROJECT_CHECKS,9296.0890000000,9223.0362000000,0.3000000000,0.4000000000,0.3000000000,3.0000000000,0.7000000000,102,111,100,111,102,111
346,neighbor,True,PASS_IMPLEMENTED_PROJECT_CHECKS,9371.1162000000,9223.0362000000,0.3000000000,0.4000000000,0.3000000000,3.0000000000,0.7000000000,101,110,101,110,102,111
347,neighbor,True,PASS_IMPLEMENTED_PROJECT_CHECKS,9424.4250000000,9223.0362000000,0.3000000000,0.4000000000,0.3000000000,3.0000000000,0.7000000000,101,110,104,113,102,111
348,neighbor,False,MINIMUM_MAIN_STEEL,999999999.0000000000,9223.0362000000,0.3000000000,0.3000000000,0.3000000000,3.0000000000,0.7000000000,100,112,100,111,102,111
349,neighbor,False,MEMBER_FLEXURE,999999999.0000000000,9223.0362000000,0.3000000000,0.4000000000,0.3000000000,3.0000000000,0.7000000000,101,110,100,111,101,111
350,neighbor,False,MINIMUM_MAIN_STEEL,999999999.0000000000,9223.0362000000,0.2500000000,0.4000000000,0.4000000000,3.5000000000,0.5000000000,103,111,100,113,101,110
351,neighbor,True,PASS_IMPLEMENTED_PROJECT_CHECKS,9504.3882000000,9223.0362000000,0.3000000000,0.4000000000,0.3000000000,3.0000000000,0.7000000000,101,110,102,110,102,111
352,neighbor,False,MINIMUM_MAIN_STEEL,999999999.0000000000,9223.0362000000,0.2750000000,0.4500000000,0.3000000000,3.0000000000,0.7000000000,102,113,100,111,102,111
353,neighbor,False,STEM_STRESS_OR_INTERVAL_BOUND,999999999.0000000000,9223.0362000000,0.3000000000,0.4000000000,0.3000000000,3.0000000000,0.7000000000,101,111,100,111,102,111
354,neighbor,True,PASS_IMPLEMENTED_PROJECT_CHECKS,9346.8989500000,9223.0362000000,0.3000000000,0.4000000000,0.3000000000,3.0000000000,0.7000000000,101,110,100,111,103,112
355,neighbor,False,MEMBER_FLEXURE,999999999.0000000000,9223.0362000000,0.3000000000,0.4000000000,0.3000000000,3.0000000000,0.7000000000,101,110,100,111,101,110
356,neighbor,True,PASS_IMPLEMENTED_PROJECT_CHECKS,9617.9162000000,9223.0362000000,0.3000000000,0.4000000000,0.3000000000,3.0000000000,0.7000000000,101,110,104,111,102,111
357,neighbor,True,PASS_IMPLEMENTED_PROJECT_CHECKS,9228.9594000000,9223.0362000000,0.3000000000,0.4000000000,0.3000000000,3.0000000000,0.7000000000,101,110,101,113,102,111
358,neighbor,True,PASS_IMPLEMENTED_PROJECT_CHECKS,11049.3562000000,9223.0362000000,0.3000000000,0.4000000000,0.3000000000,3.0000000000,0.7000000000,104,111,100,111,102,111
359,neighbor,True,PASS_IMPLEMENTED_PROJECT_CHECKS,9223.0362000000,9223.0362000000,0.3000000000,0.4000000000,0.3000000000,3.0000000000,0.7000000000,101,110,100,111,102,111
360,neighbor,True,PASS_IMPLEMENTED_PROJECT_CHECKS,11750.2065000000,9223.0362000000,0.3000000000,0.4000000000,0.3000000000,3.0000000000,0.7000000000,103,110,100,111,102,111
361,neighbor,True,PASS_IMPLEMENTED_PROJECT_CHECKS,9600.6007120000,9223.0362000000,0.3000000000,0.4000000000,0.3000000000,3.0000000000,0.5000000000,101,110,104,112,104,113
362,neighbor,False,MEMBER_FLEXURE,999999999.0000000000,9223.0362000000,0.3000000000,0.4000000000,0.3000000000,3.5000000000,0.7000000000,101,110,102,113,101,110
363,neighbor,False,MAXIMUM_MAIN_STEEL,999999999.0000000000,9223.0362000000,0.2750000000,0.4500000000,0.3000000000,3.0000000000,0.7000000000,104,110,100,111,102,111
364,neighbor,True,PASS_IMPLEMENTED_PROJECT_CHECKS,13032.3906050000,9223.0362000000,0.2750000000,0.3000000000,0.4500000000,3.5000000000,0.8000000000,102,110,101,112,104,110
365,neighbor,True,PASS_IMPLEMENTED_PROJECT_CHECKS,9617.9162000000,9223.0362000000,0.3000000000,0.4000000000,0.3000000000,3.0000000000,0.7000000000,101,110,104,111,102,111
366,neighbor,True,PASS_IMPLEMENTED_PROJECT_CHECKS,9423.4069500000,9223.0362000000,0.3000000000,0.4000000000,0.3000000000,3.0000000000,0.7000000000,101,110,103,112,102,111
367,neighbor,False,ENVELOPE_BASE_CONTACT,999999999.0000000000,9223.0362000000,0.3000000000,0.4000000000,0.3000000000,2.5000000000,0.6000000000,101,110,102,110,100,111
368,neighbor,False,MEMBER_FLEXURE,999999999.0000000000,9223.0362000000,0.3000000000,0.4000000000,0.3000000000,3.0000000000,0.7000000000,101,110,100,111,100,110
369,neighbor,False,MAXIMUM_MAIN_STEEL,999999999.0000000000,9223.0362000000,0.3500000000,0.3500000000,0.3000000000,3.0000000000,0.9000000000,104,111,104,110,102,111
370,neighbor,False,MINIMUM_MAIN_STEEL,999999999.0000000000,9223.0362000000,0.3000000000,0.4000000000,0.5000000000,2.5000000000,0.6000000000,101,110,104,113,100,113
371,neighbor,False,MINIMUM_MAIN_STEEL,999999999.0000000000,9223.0362000000,0.2750000000,0.5000000000,0.5000000000,3.5000000000,0.6000000000,101,112,104,113,100,112
372,neighbor,False,STEM_STRESS_OR_INTERVAL_BOUND,999999999.0000000000,9223.0362000000,0.3000000000,0.4000000000,0.3000000000,3.0000000000,0.7000000000,101,111,100,111,102,111
373,neighbor,False,MINIMUM_MAIN_STEEL,999999999.0000000000,9223.0362000000,0.3000000000,0.4000000000,0.3000000000,3.0000000000,0.7000000000,101,110,100,113,102,111
374,neighbor,True,PASS_IMPLEMENTED_PROJECT_CHECKS,9914.8659600000,9223.0362000000,0.3000000000,0.4000000000,0.3000000000,3.0000000000,0.7000000000,101,110,100,111,104,111
375,neighbor,False,MINIMUM_MAIN_STEEL,999999999.0000000000,9223.0362000000,0.3000000000,0.4000000000,0.4500000000,2.5000000000,0.7000000000,101,110,100,112,103,113
376,neighbor,True,PASS_IMPLEMENTED_PROJECT_CHECKS,9885.5308200000,9223.0362000000,0.2500000000,0.5000000000,0.3000000000,3.0000000000,0.7000000000,104,113,100,111,102,111
377,neighbor,True,PASS_IMPLEMENTED_PROJECT_CHECKS,9712.6257000000,9223.0362000000,0.3000000000,0.4000000000,0.3000000000,3.0000000000,0.7000000000,101,110,103,110,102,111
378,neighbor,True,PASS_IMPLEMENTED_PROJECT_CHECKS,10191.4177000000,9223.0362000000,0.3000000000,0.4000000000,0.3000000000,3.0000000000,0.7000000000,101,110,100,111,103,110
379,neighbor,True,PASS_IMPLEMENTED_PROJECT_CHECKS,10199.8229700000,9223.0362000000,0.2750000000,0.5000000000,0.3000000000,3.0000000000,0.6000000000,101,110,101,110,103,111
380,neighbor,False,MINIMUM_MAIN_STEEL,999999999.0000000000,9223.0362000000,0.3250000000,0.5000000000,0.3000000000,3.0000000000,0.7000000000,100,112,100,111,102,111
381,neighbor,False,MINIMUM_MAIN_STEEL,999999999.0000000000,9223.0362000000,0.3000000000,0.3000000000,0.5000000000,3.5000000000,0.8000000000,100,111,103,110,104,110
382,neighbor,False,MEMBER_FLEXURE,999999999.0000000000,9223.0362000000,0.2750000000,0.3000000000,0.3000000000,3.0000000000,0.7000000000,103,111,100,111,102,111
383,neighbor,True,PASS_IMPLEMENTED_PROJECT_CHECKS,10401.8487200000,9223.0362000000,0.3000000000,0.4000000000,0.4000000000,3.0000000000,0.8000000000,101,110,103,113,103,111
384,neighbor,False,MEMBER_FLEXURE,999999999.0000000000,9223.0362000000,0.3000000000,0.4000000000,0.3000000000,3.0000000000,0.7000000000,101,110,100,111,103,113
385,neighbor,True,PASS_IMPLEMENTED_PROJECT_CHECKS,11756.7225750000,9223.0362000000,0.2750000000,0.4000000000,0.3500000000,3.0000000000,0.9000000000,102,110,103,113,104,110
386,neighbor,False,MINIMUM_MAIN_STEEL,999999999.0000000000,9223.0362000000,0.2500000000,0.3500000000,0.3000000000,2.5000000000,0.7000000000,100,112,104,110,100,111
387,neighbor,False,MINIMUM_MAIN_STEEL,999999999.0000000000,9223.0362000000,0.3000000000,0.4000000000,0.3000000000,3.0000000000,0.7000000000,101,110,100,113,102,111
388,neighbor,False,STEM_STRESS_OR_INTERVAL_BOUND,999999999.0000000000,9223.0362000000,0.2500000000,0.3500000000,0.3000000000,3.0000000000,0.7000000000,101,112,100,111,102,111
389,neighbor,False,MINIMUM_MAIN_STEEL,999999999.0000000000,9223.0362000000,0.3000000000,0.4000000000,0.5500000000,3.0000000000,0.9000000000,101,110,100,112,101,111
390,neighbor,True,PASS_IMPLEMENTED_PROJECT_CHECKS,9380.9882000000,9223.0362000000,0.3000000000,0.4000000000,0.3000000000,3.0000000000,0.7000000000,101,110,102,111,102,111
391,neighbor,False,MAXIMUM_MAIN_STEEL,999999999.0000000000,9223.0362000000,0.2750000000,0.4500000000,0.3000000000,3.5000000000,0.9000000000,103,110,103,112,102,113
392,neighbor,True,PASS_IMPLEMENTED_PROJECT_CHECKS,9349.8716560000,9223.0362000000,0.3000000000,0.4000000000,0.3000000000,3.0000000000,0.7000000000,101,110,100,111,104,113
393,neighbor,True,PASS_IMPLEMENTED_PROJECT_CHECKS,9617.9162000000,9223.0362000000,0.3000000000,0.4000000000,0.3000000000,3.0000000000,0.7000000000,101,110,104,111,102,111
394,neighbor,True,PASS_IMPLEMENTED_PROJECT_CHECKS,9423.4069500000,9223.0362000000,0.3000000000,0.4000000000,0.3000000000,3.0000000000,0.7000000000,101,110,103,112,102,111
395,neighbor,False,MEMBER_FLEXURE,999999999.0000000000,9223.0362000000,0.3000000000,0.4000000000,0.3000000000,3.0000000000,0.7000000000,101,110,100,111,102,112
396,neighbor,False,ENVELOPE_BASE_CONTACT,999999999.0000000000,9223.0362000000,0.3000000000,0.4000000000,0.3000000000,2.5000000000,0.8000000000,101,110,101,113,104,110
397,neighbor,True,PASS_IMPLEMENTED_PROJECT_CHECKS,9694.1697300000,9223.0362000000,0.3000000000,0.4000000000,0.3500000000,3.0000000000,0.8000000000,101,110,100,110,103,112
398,neighbor,True,PASS_IMPLEMENTED_PROJECT_CHECKS,10164.6152200000,9223.0362000000,0.3000000000,0.4000000000,0.3000000000,3.0000000000,0.8000000000,101,110,100,110,103,110
399,neighbor,False,MEMBER_FLEXURE,999999999.0000000000,9223.0362000000,0.3000000000,0.4000000000,0.3000000000,3.0000000000,0.7000000000,101,110,100,111,101,110
400,neighbor,False,STEM_STRESS_OR_INTERVAL_BOUND,999999999.0000000000,9223.0362000000,0.2500000000,0.3000000000,0.3000000000,3.0000000000,0.7000000000,104,113,100,111,102,111
401,neighbor,False,MINIMUM_MAIN_STEEL,999999999.0000000000,9223.0362000000,0.3000000000,0.4000000000,0.3000000000,3.0000000000,0.7000000000,100,111,100,111,102,111
402,neighbor,False,MINIMUM_MAIN_STEEL,999999999.0000000000,9223.0362000000,0.3000000000,0.4000000000,0.4500000000,2.5000000000,0.8000000000,101,110,100,111,103,112
403,neighbor,False,MEMBER_FLEXURE,999999999.0000000000,9223.0362000000,0.3000000000,0.4000000000,0.3000000000,3.0000000000,0.7000000000,101,110,100,111,101,110
404,neighbor,False,MINIMUM_MAIN_STEEL,999999999.0000000000,9223.0362000000,0.3500000000,0.4000000000,0.3000000000,3.0000000000,0.6000000000,102,111,104,111,100,112
405,neighbor,True,PASS_IMPLEMENTED_PROJECT_CHECKS,9617.9162000000,9223.0362000000,0.3000000000,0.4000000000,0.3000000000,3.0000000000,0.7000000000,101,110,104,111,102,111
406,neighbor,False,MINIMUM_MAIN_STEEL,999999999.0000000000,9223.0362000000,0.2750000000,0.4000000000,0.3000000000,3.0000000000,0.7000000000,101,112,100,111,102,111
407,neighbor,False,ENVELOPE_BASE_CONTACT,999999999.0000000000,9223.0362000000,0.3000000000,0.4000000000,0.5500000000,2.5000000000,0.9000000000,101,110,104,110,103,112
408,neighbor,False,STEM_STRESS_OR_INTERVAL_BOUND,999999999.0000000000,9223.0362000000,0.3250000000,0.3500000000,0.4000000000,3.5000000000,0.9000000000,101,110,103,111,102,112
409,neighbor,False,MINIMUM_MAIN_STEEL,999999999.0000000000,9223.0362000000,0.3000000000,0.4000000000,0.3000000000,3.0000000000,0.7000000000,101,110,100,112,102,111
410,neighbor,True,PASS_IMPLEMENTED_PROJECT_CHECKS,9617.9162000000,9223.0362000000,0.3000000000,0.4000000000,0.3000000000,3.0000000000,0.7000000000,101,110,104,111,102,111
411,neighbor,True,PASS_IMPLEMENTED_PROJECT_CHECKS,11750.2065000000,9223.0362000000,0.3000000000,0.4000000000,0.3000000000,3.0000000000,0.7000000000,103,110,100,111,102,111
412,neighbor,True,PASS_IMPLEMENTED_PROJECT_CHECKS,10938.5047500000,9223.0362000000,0.3250000000,0.5000000000,0.3000000000,3.0000000000,0.7000000000,102,110,100,111,102,111
413,neighbor,True,PASS_IMPLEMENTED_PROJECT_CHECKS,9519.8132000000,9223.0362000000,0.3000000000,0.4000000000,0.3000000000,3.0000000000,0.7000000000,101,110,103,111,102,111
414,neighbor,True,PASS_IMPLEMENTED_PROJECT_CHECKS,9292.1402000000,9223.0362000000,0.3000000000,0.4000000000,0.3000000000,3.0000000000,0.7000000000,101,110,101,111,102,111
415,neighbor,False,MINIMUM_MAIN_STEEL,999999999.0000000000,9223.0362000000,0.2750000000,0.4500000000,0.3000000000,3.0000000000,0.7000000000,100,110,100,111,102,111
416,neighbor,False,MINIMUM_MAIN_STEEL,999999999.0000000000,9223.0362000000,0.3000000000,0.4000000000,0.5500000000,3.0000000000,0.6000000000,101,110,100,112,103,111
417,neighbor,False,MINIMUM_MAIN_STEEL,999999999.0000000000,9223.0362000000,0.3250000000,0.5000000000,0.3000000000,3.5000000000,0.9000000000,101,113,101,112,100,112
418,neighbor,True,PASS_IMPLEMENTED_PROJECT_CHECKS,10288.4641500000,9223.0362000000,0.2750000000,0.4500000000,0.3000000000,3.0000000000,0.7000000000,104,112,100,111,102,111
419,neighbor,False,MEMBER_FLEXURE,999999999.0000000000,9223.0362000000,0.3000000000,0.4000000000,0.3000000000,3.5000000000,0.9000000000,101,110,101,111,100,111
420,neighbor,False,MINIMUM_MAIN_STEEL,999999999.0000000000,9223.0362000000,0.2750000000,0.3500000000,0.3000000000,2.5000000000,0.8000000000,100,112,100,112,104,111
421,neighbor,True,PASS_IMPLEMENTED_PROJECT_CHECKS,10784.7560000000,9223.0362000000,0.3000000000,0.5000000000,0.3000000000,3.0000000000,0.7000000000,102,110,100,111,102,111
422,neighbor,True,PASS_IMPLEMENTED_PROJECT_CHECKS,9267.4602000000,9223.0362000000,0.3000000000,0.4000000000,0.3000000000,3.0000000000,0.7000000000,101,110,100,110,102,111
423,neighbor,False,MINIMUM_MAIN_STEEL,999999999.0000000000,9223.0362000000,0.2500000000,0.3000000000,0.3000000000,2.5000000000,0.6000000000,101,113,102,113,100,112
424,neighbor,False,ENVELOPE_BASE_CONTACT,999999999.0000000000,9223.0362000000,0.3000000000,0.4000000000,0.4000000000,2.5000000000,0.8000000000,101,110,102,111,104,111
425,neighbor,False,STEM_STRESS_OR_INTERVAL_BOUND,999999999.0000000000,9223.0362000000,0.3250000000,0.3500000000,0.3000000000,3.0000000000,0.7000000000,103,113,100,110,101,111
426,neighbor,True,PASS_IMPLEMENTED_PROJECT_CHECKS,9423.4069500000,9223.0362000000,0.3000000000,0.4000000000,0.3000000000,3.0000000000,0.7000000000,101,110,103,112,102,111
427,neighbor,True,PASS_IMPLEMENTED_PROJECT_CHECKS,9349.8716560000,9223.0362000000,0.3000000000,0.4000000000,0.3000000000,3.0000000000,0.7000000000,101,110,100,111,104,113
428,neighbor,True,PASS_IMPLEMENTED_PROJECT_CHECKS,9712.6257000000,9223.0362000000,0.3000000000,0.4000000000,0.3000000000,3.0000000000,0.7000000000,101,110,103,110,102,111
429,neighbor,True,PASS_IMPLEMENTED_PROJECT_CHECKS,9292.1402000000,9223.0362000000,0.3000000000,0.4000000000,0.3000000000,3.0000000000,0.7000000000,101,110,101,111,102,111
430,neighbor,True,PASS_IMPLEMENTED_PROJECT_CHECKS,10631.0072500000,9223.0362000000,0.2750000000,0.5000000000,0.3000000000,3.0000000000,0.7000000000,102,110,100,111,102,111
431,neighbor,True,PASS_IMPLEMENTED_PROJECT_CHECKS,10434.9868800000,9223.0362000000,0.3000000000,0.4000000000,0.3000000000,3.5000000000,0.6000000000,101,110,101,111,103,111
432,neighbor,True,PASS_IMPLEMENTED_PROJECT_CHECKS,10749.7104000000,9223.0362000000,0.3500000000,0.4500000000,0.3000000000,3.0000000000,0.7000000000,104,112,100,111,102,111
433,neighbor,False,ENVELOPE_BASE_CONTACT,999999999.0000000000,9223.0362000000,0.3000000000,0.4000000000,0.3000000000,2.5000000000,0.5000000000,101,110,102,110,104,110
434,neighbor,False,MAXIMUM_MAIN_STEEL,999999999.0000000000,9223.0362000000,0.3000000000,0.4000000000,0.3000000000,3.0000000000,0.5000000000,101,110,104,110,104,111
435,neighbor,False,MINIMUM_MAIN_STEEL,999999999.0000000000,9223.0362000000,0.3000000000,0.4000000000,0.3000000000,3.0000000000,0.7000000000,100,111,100,111,102,111
436,neighbor,False,STEM_STRESS_OR_INTERVAL_BOUND,999999999.0000000000,9223.0362000000,0.2750000000,0.3000000000,0.3000000000,3.5000000000,0.6000000000,103,112,100,110,102,113
437,neighbor,True,PASS_IMPLEMENTED_PROJECT_CHECKS,9371.1162000000,9223.0362000000,0.3000000000,0.4000000000,0.3000000000,3.0000000000,0.7000000000,101,110,101,110,102,111
438,neighbor,True,PASS_IMPLEMENTED_PROJECT_CHECKS,11040.5966800000,9223.0362000000,0.3000000000,0.4000000000,0.5000000000,3.5000000000,0.9000000000,101,110,101,111,100,110
439,neighbor,False,MEMBER_FLEXURE,999999999.0000000000,9223.0362000000,0.3000000000,0.4000000000,0.3000000000,3.0000000000,0.7000000000,101,110,100,111,101,111
440,neighbor,False,MEMBER_FLEXURE,999999999.0000000000,9223.0362000000,0.3000000000,0.4000000000,0.3000000000,3.0000000000,0.7000000000,101,110,100,111,102,112
441,neighbor,True,PASS_IMPLEMENTED_PROJECT_CHECKS,10154.4594000000,9223.0362000000,0.3000000000,0.4000000000,0.3000000000,3.0000000000,0.7000000000,104,112,100,111,102,111
442,neighbor,False,STEM_STRESS_OR_INTERVAL_BOUND,999999999.0000000000,9223.0362000000,0.3000000000,0.3000000000,0.3000000000,3.0000000000,0.7000000000,101,110,100,111,102,111
443,neighbor,False,MEMBER_FLEXURE,999999999.0000000000,9223.0362000000,0.3000000000,0.4000000000,0.3000000000,3.0000000000,0.8000000000,101,110,102,110,101,112
444,neighbor,False,STEM_STRESS_OR_INTERVAL_BOUND,999999999.0000000000,9223.0362000000,0.2750000000,0.3000000000,0.3000000000,3.0000000000,0.7000000000,101,111,100,111,102,111
445,neighbor,False,ENVELOPE_BASE_CONTACT,999999999.0000000000,9223.0362000000,0.3500000000,0.4500000000,0.5500000000,2.5000000000,0.7000000000,104,111,103,111,100,110
446,neighbor,False,MINIMUM_MAIN_STEEL,999999999.0000000000,9223.0362000000,0.3000000000,0.4000000000,0.3000000000,3.0000000000,0.7000000000,100,113,100,111,102,111
447,neighbor,False,MINIMUM_MAIN_STEEL,999999999.0000000000,9223.0362000000,0.3000000000,0.4500000000,0.3000000000,2.5000000000,0.5000000000,100,110,102,111,104,112
448,neighbor,False,MINIMUM_MAIN_STEEL,999999999.0000000000,9223.0362000000,0.3000000000,0.4000000000,0.3000000000,3.0000000000,0.7000000000,100,112,100,111,102,111
449,neighbor,False,MINIMUM_MAIN_STEEL,999999999.0000000000,9223.0362000000,0.3000000000,0.4000000000,0.5500000000,3.5000000000,0.9000000000,101,110,103,112,100,113
450,neighbor,False,STEM_STRESS_OR_INTERVAL_BOUND,999999999.0000000000,9223.0362000000,0.3000000000,0.4000000000,0.3000000000,3.0000000000,0.7000000000,102,112,100,111,102,111
451,neighbor,True,PASS_IMPLEMENTED_PROJECT_CHECKS,9504.3882000000,9223.0362000000,0.3000000000,0.4000000000,0.3000000000,3.0000000000,0.7000000000,101,110,102,110,102,111
452,neighbor,False,MINIMUM_MAIN_STEEL,999999999.0000000000,9223.0362000000,0.3000000000,0.4000000000,0.3000000000,3.0000000000,0.7000000000,100,112,100,111,102,111
453,neighbor,False,MINIMUM_MAIN_STEEL,999999999.0000000000,9223.0362000000,0.3000000000,0.5000000000,0.3000000000,3.5000000000,0.6000000000,102,113,102,112,101,113
454,neighbor,True,PASS_IMPLEMENTED_PROJECT_CHECKS,9617.5213200000,9223.0362000000,0.3000000000,0.4000000000,0.3000000000,3.0000000000,0.7000000000,104,113,100,111,102,111
455,neighbor,True,PASS_IMPLEMENTED_PROJECT_CHECKS,9223.0362000000,9223.0362000000,0.3000000000,0.4000000000,0.3000000000,3.0000000000,0.7000000000,101,110,100,111,102,111
456,neighbor,False,MINIMUM_MAIN_STEEL,999999999.0000000000,9223.0362000000,0.3000000000,0.3000000000,0.3000000000,3.0000000000,0.7000000000,100,112,100,111,102,111
457,neighbor,True,PASS_IMPLEMENTED_PROJECT_CHECKS,9162.2000000000,9162.2000000000,0.2500000000,0.4500000000,0.3000000000,3.0000000000,0.7000000000,103,113,100,111,102,111
458,neighbor,False,STEM_STRESS_OR_INTERVAL_BOUND,999999999.0000000000,9162.2000000000,0.2750000000,0.3500000000,0.3000000000,3.0000000000,0.7000000000,102,111,100,111,102,111
459,neighbor,False,MAXIMUM_MAIN_STEEL,999999999.0000000000,9162.2000000000,0.2000000000,0.5000000000,0.4000000000,3.0000000000,0.7000000000,104,112,102,111,104,111
460,neighbor,True,PASS_IMPLEMENTED_PROJECT_CHECKS,9134.1635200000,9134.1635200000,0.2500000000,0.4500000000,0.3000000000,3.0000000000,0.7000000000,103,113,100,111,101,110
461,neighbor,True,PASS_IMPLEMENTED_PROJECT_CHECKS,9134.1635200000,9134.1635200000,0.2500000000,0.4500000000,0.3000000000,3.0000000000,0.7000000000,103,113,100,111,101,110
462,neighbor,False,MEMBER_FLEXURE,999999999.0000000000,9134.1635200000,0.2500000000,0.4500000000,0.3000000000,3.0000000000,0.9000000000,103,113,100,111,102,111
463,neighbor,False,MINIMUM_MAIN_STEEL,999999999.0000000000,9134.1635200000,0.2500000000,0.4500000000,0.3000000000,3.0000000000,0.7000000000,103,113,100,111,100,112
464,neighbor,False,MINIMUM_MAIN_STEEL,999999999.0000000000,9134.1635200000,0.2750000000,0.4000000000,0.3000000000,3.0000000000,0.8000000000,101,113,104,112,104,112
465,neighbor,True,PASS_IMPLEMENTED_PROJECT_CHECKS,9430.9405200000,9134.1635200000,0.2500000000,0.4500000000,0.3000000000,3.0000000000,0.7000000000,103,113,103,111,101,110
466,neighbor,True,PASS_IMPLEMENTED_PROJECT_CHECKS,10957.8971800000,9134.1635200000,0.2500000000,0.4500000000,0.4500000000,3.5000000000,0.6000000000,103,113,101,111,103,113
467,neighbor,False,ENVELOPE_BASE_CONTACT,999999999.0000000000,9134.1635200000,0.2500000000,0.3500000000,0.3000000000,2.5000000000,0.8000000000,103,111,103,111,101,110
468,neighbor,False,MINIMUM_MAIN_STEEL,999999999.0000000000,9134.1635200000,0.2500000000,0.4500000000,0.3000000000,2.5000000000,0.8000000000,103,113,101,110,100,112
469,neighbor,False,MINIMUM_MAIN_STEEL,999999999.0000000000,9134.1635200000,0.2750000000,0.5500000000,0.5500000000,3.5000000000,0.8000000000,101,111,101,110,103,110
470,neighbor,True,PASS_IMPLEMENTED_PROJECT_CHECKS,11639.1392200000,9134.1635200000,0.2500000000,0.4500000000,0.4500000000,3.5000000000,0.9000000000,103,113,102,110,104,112
471,neighbor,True,PASS_IMPLEMENTED_PROJECT_CHECKS,9623.7530200000,9134.1635200000,0.2500000000,0.4500000000,0.3000000000,3.0000000000,0.7000000000,103,113,103,110,101,110
472,neighbor,False,MINIMUM_MAIN_STEEL,999999999.0000000000,9134.1635200000,0.3000000000,0.4000000000,0.4500000000,2.5000000000,0.7000000000,100,113,102,111,102,110
473,neighbor,False,ENVELOPE_BASE_CONTACT,999999999.0000000000,9134.1635200000,0.2500000000,0.4500000000,0.4000000000,2.5000000000,0.7000000000,103,113,103,112,101,113
474,neighbor,True,PASS_IMPLEMENTED_PROJECT_CHECKS,9444.8447400000,9134.1635200000,0.2000000000,0.5500000000,0.3000000000,3.0000000000,0.7000000000,101,110,100,111,101,110
475,neighbor,False,ENVELOPE_BASE_CONTACT,999999999.0000000000,9134.1635200000,0.2500000000,0.4500000000,0.3000000000,2.5000000000,0.9000000000,103,113,101,113,102,112
476,neighbor,False,MAXIMUM_MAIN_STEEL,999999999.0000000000,9134.1635200000,0.2000000000,0.4500000000,0.3000000000,3.0000000000,0.7000000000,102,110,100,111,101,110
477,neighbor,False,STEM_STRESS_OR_INTERVAL_BOUND,999999999.0000000000,9134.1635200000,0.2750000000,0.3500000000,0.4500000000,3.5000000000,0.7000000000,102,111,103,110,103,110
478,neighbor,True,PASS_IMPLEMENTED_PROJECT_CHECKS,9334.5342700000,9134.1635200000,0.2500000000,0.4500000000,0.3000000000,3.0000000000,0.7000000000,103,113,103,112,101,110
479,neighbor,True,PASS_IMPLEMENTED_PROJECT_CHECKS,9335.5523200000,9134.1635200000,0.2500000000,0.4500000000,0.3000000000,3.0000000000,0.7000000000,103,113,104,113,101,110
480,neighbor,False,ENVELOPE_BASE_CONTACT,999999999.0000000000,9134.1635200000,0.2500000000,0.4500000000,0.3000000000,2.5000000000,0.8000000000,103,113,104,110,101,112
481,neighbor,False,MAXIMUM_MAIN_STEEL,999999999.0000000000,9134.1635200000,0.2750000000,0.4000000000,0.3500000000,3.0000000000,0.6000000000,104,110,100,111,101,112
482,neighbor,True,PASS_IMPLEMENTED_PROJECT_CHECKS,10104.0505000000,9134.1635200000,0.2500000000,0.4500000000,0.3000000000,3.0000000000,0.7000000000,103,113,100,111,103,110
483,neighbor,True,PASS_IMPLEMENTED_PROJECT_CHECKS,9134.1635200000,9134.1635200000,0.2500000000,0.4500000000,0.3000000000,3.0000000000,0.7000000000,103,113,100,111,101,110
484,neighbor,False,MEMBER_FLEXURE,999999999.0000000000,9134.1635200000,0.2500000000,0.4500000000,0.3000000000,3.0000000000,0.9000000000,103,113,103,111,102,113
485,neighbor,False,MINIMUM_MAIN_STEEL,999999999.0000000000,9134.1635200000,0.2750000000,0.4500000000,0.3000000000,3.0000000000,0.7000000000,102,113,100,111,101,110
486,neighbor,False,MINIMUM_MAIN_STEEL,999999999.0000000000,9134.1635200000,0.2000000000,0.5500000000,0.3000000000,3.0000000000,0.7000000000,101,111,100,111,101,110
487,neighbor,False,MINIMUM_MAIN_STEEL,999999999.0000000000,9134.1635200000,0.2500000000,0.4500000000,0.3000000000,3.0000000000,0.7000000000,100,112,100,111,101,110
488,neighbor,False,MINIMUM_MAIN_STEEL,999999999.0000000000,9134.1635200000,0.2750000000,0.4000000000,0.3000000000,3.0000000000,0.7000000000,100,110,100,111,101,110
489,neighbor,True,PASS_IMPLEMENTED_PROJECT_CHECKS,10007.7197700000,9134.1635200000,0.2250000000,0.4500000000,0.3000000000,3.0000000000,0.7000000000,102,110,100,111,101,110
490,neighbor,False,MINIMUM_MAIN_STEEL,999999999.0000000000,9134.1635200000,0.2750000000,0.4500000000,0.3000000000,3.0000000000,0.7000000000,100,113,100,111,101,110
491,neighbor,True,PASS_IMPLEMENTED_PROJECT_CHECKS,9134.1635200000,9134.1635200000,0.2500000000,0.4500000000,0.3000000000,3.0000000000,0.7000000000,103,113,100,111,101,110
492,neighbor,False,ENVELOPE_BASE_CONTACT,999999999.0000000000,9134.1635200000,0.2500000000,0.5000000000,0.5500000000,2.5000000000,0.9000000000,104,113,103,112,103,110
493,neighbor,False,MAXIMUM_MAIN_STEEL,999999999.0000000000,9134.1635200000,0.2500000000,0.5000000000,0.3000000000,3.0000000000,0.7000000000,104,110,100,111,101,110
494,neighbor,True,PASS_IMPLEMENTED_PROJECT_CHECKS,11880.6575760000,9134.1635200000,0.3000000000,0.4000000000,0.3000000000,3.0000000000,0.9000000000,104,111,104,113,104,111
495,neighbor,False,MAXIMUM_MAIN_STEEL,999999999.0000000000,9134.1635200000,0.2500000000,0.4500000000,0.3000000000,3.5000000000,0.9000000000,103,113,104,110,103,110
496,neighbor,True,PASS_IMPLEMENTED_PROJECT_CHECKS,10275.6135200000,9134.1635200000,0.2500000000,0.4500000000,0.3000000000,3.0000000000,0.7000000000,103,111,100,111,101,110
497,neighbor,False,MAXIMUM_MAIN_STEEL,999999999.0000000000,9134.1635200000,0.2500000000,0.4500000000,0.3000000000,3.0000000000,0.6000000000,103,113,102,113,104,110
498,neighbor,False,MINIMUM_MAIN_STEEL,999999999.0000000000,9134.1635200000,0.2500000000,0.4500000000,0.3000000000,3.0000000000,0.7000000000,100,111,100,111,101,110
499,neighbor,False,MINIMUM_MAIN_STEEL,999999999.0000000000,9134.1635200000,0.2500000000,0.4500000000,0.4000000000,3.5000000000,0.5000000000,103,113,100,110,100,113
500,neighbor,False,MINIMUM_MAIN_STEEL,999999999.0000000000,9134.1635200000,0.2750000000,0.4000000000,0.3000000000,3.0000000000,0.7000000000,100,110,100,111,101,110
501,neighbor,True,PASS_IMPLEMENTED_PROJECT_CHECKS,9867.1595200000,9134.1635200000,0.2500000000,0.4500000000,0.3000000000,3.0000000000,0.6000000000,103,113,104,111,104,112
502,neighbor,False,MINIMUM_MAIN_STEEL,999999999.0000000000,9134.1635200000,0.2250000000,0.5000000000,0.3000000000,3.0000000000,0.7000000000,101,111,100,111,101,110
503,neighbor,False,MINIMUM_MAIN_STEEL,999999999.0000000000,9134.1635200000,0.2000000000,0.4500000000,0.3000000000,3.0000000000,0.7000000000,101,112,100,111,101,110
504,neighbor,False,MINIMUM_MAIN_STEEL,999999999.0000000000,9134.1635200000,0.2500000000,0.4500000000,0.3000000000,2.5000000000,0.9000000000,103,113,100,113,100,111
505,neighbor,False,MINIMUM_MAIN_STEEL,999999999.0000000000,9134.1635200000,0.2750000000,0.5500000000,0.3000000000,3.0000000000,0.7000000000,100,111,100,111,101,110
506,neighbor,False,MEMBER_FLEXURE,999999999.0000000000,9134.1635200000,0.2500000000,0.4500000000,0.3000000000,3.0000000000,0.7000000000,103,113,100,111,101,111
507,neighbor,False,MEMBER_FLEXURE,999999999.0000000000,9134.1635200000,0.2500000000,0.4500000000,0.3000000000,3.0000000000,0.7000000000,103,113,100,111,101,112
508,neighbor,False,STEM_STRESS_OR_INTERVAL_BOUND,999999999.0000000000,9134.1635200000,0.2500000000,0.3500000000,0.3500000000,3.5000000000,0.7000000000,102,111,104,110,104,112
509,neighbor,True,PASS_IMPLEMENTED_PROJECT_CHECKS,9408.1115200000,9134.1635200000,0.2500000000,0.4500000000,0.3000000000,3.0000000000,0.7000000000,103,113,104,112,101,110
510,neighbor,False,MINIMUM_MAIN_STEEL,999999999.0000000000,9134.1635200000,0.3000000000,0.5000000000,0.3000000000,3.0000000000,0.7000000000,100,110,100,111,101,110
511,neighbor,True,PASS_IMPLEMENTED_PROJECT_CHECKS,9134.1635200000,9134.1635200000,0.2500000000,0.4500000000,0.3000000000,3.0000000000,0.7000000000,103,113,100,111,101,110
512,neighbor,False,MINIMUM_MAIN_STEEL,999999999.0000000000,9134.1635200000,0.3000000000,0.5500000000,0.3000000000,3.5000000000,0.9000000000,103,110,100,112,100,111
513,neighbor,False,MINIMUM_MAIN_STEEL,999999999.0000000000,9134.1635200000,0.2000000000,0.4000000000,0.3000000000,3.0000000000,0.7000000000,100,110,100,111,101,110
514,neighbor,False,MINIMUM_MAIN_STEEL,999999999.0000000000,9134.1635200000,0.2250000000,0.4000000000,0.3000000000,3.0000000000,0.7000000000,100,111,100,111,101,110
515,neighbor,False,MAXIMUM_MAIN_STEEL,999999999.0000000000,9134.1635200000,0.2500000000,0.4500000000,0.3000000000,3.0000000000,0.7000000000,104,111,100,111,101,110
516,neighbor,True,PASS_IMPLEMENTED_PROJECT_CHECKS,9230.4155200000,9134.1635200000,0.2500000000,0.4500000000,0.3000000000,3.0000000000,0.7000000000,103,113,102,112,101,110
517,neighbor,False,MINIMUM_MAIN_STEEL,999999999.0000000000,9134.1635200000,0.2500000000,0.4500000000,0.4500000000,3.5000000000,0.8000000000,103,113,100,112,100,112
518,neighbor,True,PASS_IMPLEMENTED_PROJECT_CHECKS,9430.9405200000,9134.1635200000,0.2500000000,0.4500000000,0.3000000000,3.0000000000,0.7000000000,103,113,103,111,101,110
519,neighbor,False,MINIMUM_MAIN_STEEL,999999999.0000000000,9134.1635200000,0.2750000000,0.5000000000,0.3000000000,2.5000000000,0.9000000000,101,112,101,110,101,111
520,neighbor,False,ENVELOPE_BASE_CONTACT,999999999.0000000000,9134.1635200000,0.2500000000,0.4500000000,0.3500000000,2.5000000000,0.5000000000,103,113,100,110,101,110
521,neighbor,False,MINIMUM_MAIN_STEEL,999999999.0000000000,9134.1635200000,0.2250000000,0.5000000000,0.3000000000,3.0000000000,0.7000000000,101,111,100,111,101,110
522,neighbor,False,MEMBER_FLEXURE,999999999.0000000000,9134.1635200000,0.2500000000,0.4500000000,0.3000000000,3.0000000000,0.7000000000,103,113,100,111,100,111
523,neighbor,False,MINIMUM_MAIN_STEEL,999999999.0000000000,9134.1635200000,0.2250000000,0.5000000000,0.3000000000,3.0000000000,0.7000000000,100,111,100,111,101,110
524,neighbor,False,MINIMUM_MAIN_STEEL,999999999.0000000000,9134.1635200000,0.2250000000,0.4000000000,0.3000000000,3.0000000000,0.7000000000,100,112,100,111,101,110
525,neighbor,True,PASS_IMPLEMENTED_PROJECT_CHECKS,11106.9780000000,9134.1635200000,0.2500000000,0.4500000000,0.5000000000,3.0000000000,0.6000000000,103,113,102,110,102,110
526,neighbor,False,MINIMUM_MAIN_STEEL,999999999.0000000000,9134.1635200000,0.2500000000,0.4500000000,0.3000000000,3.0000000000,0.7000000000,103,113,100,111,100,112
527,neighbor,False,ENVELOPE_BASE_CONTACT,999999999.0000000000,9134.1635200000,0.2750000000,0.4500000000,0.3000000000,2.5000000000,0.8000000000,102,112,101,113,102,112
528,neighbor,True,PASS_IMPLEMENTED_PROJECT_CHECKS,9623.7530200000,9134.1635200000,0.2500000000,0.4500000000,0.3000000000,3.0000000000,0.7000000000,103,113,103,110,101,110
529,neighbor,False,STEM_STRESS_OR_INTERVAL_BOUND,999999999.0000000000,9134.1635200000,0.2500000000,0.4500000000,0.3000000000,3.0000000000,0.7000000000,102,112,100,111,101,110
530,neighbor,True,PASS_IMPLEMENTED_PROJECT_CHECKS,9415.5155200000,9134.1635200000,0.2500000000,0.4500000000,0.3000000000,3.0000000000,0.7000000000,103,113,102,110,101,110
531,neighbor,False,MEMBER_FLEXURE,999999999.0000000000,9134.1635200000,0.2500000000,0.4500000000,0.3000000000,3.0000000000,0.5000000000,103,113,103,110,103,113
532,neighbor,False,MINIMUM_MAIN_STEEL,999999999.0000000000,9134.1635200000,0.2500000000,0.4500000000,0.3000000000,3.0000000000,0.7000000000,100,112,100,111,101,110
533,neighbor,False,MINIMUM_MAIN_STEEL,999999999.0000000000,9134.1635200000,0.2750000000,0.5500000000,0.3000000000,2.5000000000,0.8000000000,101,110,100,113,101,112
534,neighbor,False,MEMBER_FLEXURE,999999999.0000000000,9134.1635200000,0.2500000000,0.4500000000,0.3000000000,3.0000000000,0.7000000000,103,113,100,111,103,113
535,neighbor,False,MINIMUM_MAIN_STEEL,999999999.0000000000,9134.1635200000,0.2500000000,0.4500000000,0.4500000000,3.5000000000,0.9000000000,103,113,101,113,103,111
536,neighbor,True,PASS_IMPLEMENTED_PROJECT_CHECKS,9512.6560000000,9134.1635200000,0.2500000000,0.4500000000,0.3000000000,3.0000000000,0.7000000000,103,113,100,111,102,110
537,neighbor,False,MEMBER_FLEXURE,999999999.0000000000,9134.1635200000,0.2500000000,0.4500000000,0.3000000000,3.0000000000,0.7000000000,103,113,100,111,100,110
538,neighbor,False,MINIMUM_MAIN_STEEL,999999999.0000000000,9134.1635200000,0.2500000000,0.5000000000,0.5500000000,3.5000000000,0.9000000000,101,113,102,111,103,112
539,neighbor,False,MEMBER_FLEXURE,999999999.0000000000,9134.1635200000,0.2500000000,0.4500000000,0.3000000000,3.0000000000,0.5000000000,103,113,103,110,101,111
540,neighbor,False,MAXIMUM_MAIN_STEEL,999999999.0000000000,9134.1635200000,0.2250000000,0.5500000000,0.3000000000,3.0000000000,0.7000000000,103,110,102,113,102,112
541,neighbor,False,MINIMUM_MAIN_STEEL,999999999.0000000000,9134.1635200000,0.2250000000,0.4000000000,0.5500000000,3.0000000000,0.7000000000,101,111,101,113,101,113
542,neighbor,False,MEMBER_FLEXURE,999999999.0000000000,9134.1635200000,0.2500000000,0.4500000000,0.3000000000,3.0000000000,0.7000000000,103,113,100,111,100,110
543,neighbor,False,MINIMUM_MAIN_STEEL,999999999.0000000000,9134.1635200000,0.2500000000,0.4500000000,0.5500000000,3.0000000000,0.5000000000,103,113,102,110,100,111
544,neighbor,True,PASS_IMPLEMENTED_PROJECT_CHECKS,9569.7408400000,9134.1635200000,0.2500000000,0.4500000000,0.3000000000,3.0000000000,0.7000000000,104,113,100,111,101,110
545,neighbor,True,PASS_IMPLEMENTED_PROJECT_CHECKS,9134.1635200000,9134.1635200000,0.2500000000,0.4500000000,0.3000000000,3.0000000000,0.7000000000,103,113,100,111,101,110
546,neighbor,True,PASS_IMPLEMENTED_PROJECT_CHECKS,9408.1115200000,9134.1635200000,0.2500000000,0.4500000000,0.3000000000,3.0000000000,0.7000000000,103,113,104,112,101,110
547,neighbor,False,STEM_STRESS_OR_INTERVAL_BOUND,999999999.0000000000,9134.1635200000,0.2750000000,0.3500000000,0.3000000000,3.0000000000,0.7000000000,101,111,100,111,101,110
548,neighbor,True,PASS_IMPLEMENTED_PROJECT_CHECKS,9562.2072700000,9134.1635200000,0.2500000000,0.4500000000,0.3000000000,3.0000000000,0.7000000000,103,112,100,111,101,110
549,neighbor,True,PASS_IMPLEMENTED_PROJECT_CHECKS,9134.1635200000,9134.1635200000,0.2500000000,0.4500000000,0.3000000000,3.0000000000,0.7000000000,103,113,100,111,101,110
550,neighbor,False,MEMBER_FLEXURE,999999999.0000000000,9134.1635200000,0.2500000000,0.4500000000,0.3000000000,3.0000000000,0.7000000000,103,113,100,111,102,112
551,neighbor,False,MINIMUM_MAIN_STEEL,999999999.0000000000,9134.1635200000,0.2500000000,0.4000000000,0.3000000000,3.0000000000,0.5000000000,100,113,103,113,101,113
552,neighbor,True,PASS_IMPLEMENTED_PROJECT_CHECKS,9230.4155200000,9134.1635200000,0.2500000000,0.4500000000,0.3000000000,3.0000000000,0.7000000000,103,113,102,112,101,110
553,neighbor,False,MINIMUM_MAIN_STEEL,999999999.0000000000,9134.1635200000,0.2000000000,0.4000000000,0.3000000000,3.5000000000,0.8000000000,100,110,102,110,104,111
554,neighbor,False,ENVELOPE_BASE_CONTACT,999999999.0000000000,9134.1635200000,0.2500000000,0.5500000000,0.5000000000,2.5000000000,0.6000000000,104,113,101,111,103,112
555,neighbor,False,MINIMUM_MAIN_STEEL,999999999.0000000000,9134.1635200000,0.2000000000,0.5500000000,0.3000000000,3.0000000000,0.7000000000,102,113,100,111,101,110
556,neighbor,True,PASS_IMPLEMENTED_PROJECT_CHECKS,10146.8273600000,9134.1635200000,0.2500000000,0.5500000000,0.3000000000,3.0000000000,0.7000000000,104,113,100,111,101,110
557,neighbor,False,MAXIMUM_MAIN_STEEL,999999999.0000000000,9134.1635200000,0.2000000000,0.5000000000,0.3000000000,3.0000000000,0.7000000000,104,111,100,111,101,110
558,neighbor,False,MAXIMUM_MAIN_STEEL,999999999.0000000000,9134.1635200000,0.2750000000,0.5500000000,0.5000000000,3.0000000000,0.6000000000,104,110,102,110,101,110
559,neighbor,False,MINIMUM_MAIN_STEEL,999999999.0000000000,9134.1635200000,0.2500000000,0.4500000000,0.3000000000,3.0000000000,0.7000000000,100,111,100,111,101,110
560,neighbor,True,PASS_IMPLEMENTED_PROJECT_CHECKS,10275.6135200000,9134.1635200000,0.2500000000,0.4500000000,0.3000000000,3.0000000000,0.7000000000,103,111,100,111,101,110
561,neighbor,False,MEMBER_FLEXURE,999999999.0000000000,9134.1635200000,0.2500000000,0.4500000000,0.3000000000,3.0000000000,0.7000000000,103,113,100,111,100,110
562,neighbor,False,MEMBER_FLEXURE,999999999.0000000000,9134.1635200000,0.2000000000,0.5000000000,0.4500000000,3.5000000000,0.5000000000,101,110,101,112,102,113
563,neighbor,False,ENVELOPE_BASE_CONTACT,999999999.0000000000,9134.1635200000,0.2000000000,0.3500000000,0.3000000000,2.5000000000,0.9000000000,102,112,102,111,100,111
564,neighbor,False,MINIMUM_MAIN_STEEL,999999999.0000000000,9134.1635200000,0.2500000000,0.4500000000,0.4000000000,3.0000000000,0.9000000000,103,113,104,111,100,112
565,neighbor,True,PASS_IMPLEMENTED_PROJECT_CHECKS,9408.1115200000,9134.1635200000,0.2500000000,0.4500000000,0.3000000000,3.0000000000,0.7000000000,103,113,104,112,101,110
566,neighbor,True,PASS_IMPLEMENTED_PROJECT_CHECKS,9842.4756100000,9134.1635200000,0.2500000000,0.4500000000,0.3000000000,3.5000000000,0.9000000000,103,113,100,111,103,112
567,neighbor,True,PASS_IMPLEMENTED_PROJECT_CHECKS,9282.6692500000,9134.1635200000,0.2500000000,0.4500000000,0.3000000000,3.0000000000,0.7000000000,103,113,100,111,103,112
568,neighbor,True,PASS_IMPLEMENTED_PROJECT_CHECKS,9623.7530200000,9134.1635200000,0.2500000000,0.4500000000,0.3000000000,3.0000000000,0.7000000000,103,113,103,110,101,110
569,neighbor,True,PASS_IMPLEMENTED_PROJECT_CHECKS,11972.7415600000,9134.1635200000,0.2500000000,0.4500000000,0.4500000000,3.0000000000,0.8000000000,103,113,103,110,104,110
570,neighbor,False,MEMBER_FLEXURE,999999999.0000000000,9134.1635200000,0.2500000000,0.4500000000,0.3000000000,3.0000000000,0.7000000000,103,113,100,111,100,111
571,neighbor,True,PASS_IMPLEMENTED_PROJECT_CHECKS,12585.8485000000,9134.1635200000,0.2500000000,0.4500000000,0.5000000000,3.5000000000,0.9000000000,103,113,102,111,103,110
572,neighbor,True,PASS_IMPLEMENTED_PROJECT_CHECKS,9292.1155200000,9134.1635200000,0.2500000000,0.4500000000,0.3000000000,3.0000000000,0.7000000000,103,113,102,111,101,110
573,neighbor,False,MEMBER_FLEXURE,999999999.0000000000,9134.1635200000,0.2500000000,0.4500000000,0.3000000000,3.0000000000,0.7000000000,103,113,100,111,101,111
574,neighbor,False,MINIMUM_MAIN_STEEL,999999999.0000000000,9134.1635200000,0.2000000000,0.5500000000,0.3000000000,2.5000000000,0.5000000000,102,113,102,110,101,113
575,neighbor,True,PASS_IMPLEMENTED_PROJECT_CHECKS,9689.5274800000,9134.1635200000,0.2500000000,0.4500000000,0.3000000000,3.5000000000,0.9000000000,103,113,101,112,103,113
576,neighbor,False,MINIMUM_MAIN_STEEL,999999999.0000000000,9134.1635200000,0.2250000000,0.3500000000,0.3000000000,3.0000000000,0.7000000000,101,113,100,111,101,110
577,neighbor,True,PASS_IMPLEMENTED_PROJECT_CHECKS,9408.1115200000,9134.1635200000,0.2500000000,0.4500000000,0.3000000000,3.0000000000,0.7000000000,103,113,104,112,101,110
578,neighbor,False,MINIMUM_MAIN_STEEL,999999999.0000000000,9134.1635200000,0.2500000000,0.4500000000,0.3000000000,3.5000000000,0.7000000000,103,113,101,112,100,112
579,neighbor,True,PASS_IMPLEMENTED_PROJECT_CHECKS,9529.0435200000,9134.1635200000,0.2500000000,0.4500000000,0.3000000000,3.0000000000,0.7000000000,103,113,104,111,101,110
580,neighbor,True,PASS_IMPLEMENTED_PROJECT_CHECKS,9415.5155200000,9134.1635200000,0.2500000000,0.4500000000,0.3000000000,3.0000000000,0.7000000000,103,113,102,110,101,110
581,neighbor,False,MINIMUM_MAIN_STEEL,999999999.0000000000,9134.1635200000,0.2500000000,0.4500000000,0.4000000000,3.0000000000,0.6000000000,103,113,100,112,104,112
582,neighbor,False,ENVELOPE_BASE_CONTACT,999999999.0000000000,9134.1635200000,0.2250000000,0.4000000000,0.3500000000,2.5000000000,0.8000000000,104,113,102,112,102,111
583,neighbor,True,PASS_IMPLEMENTED_PROJECT_CHECKS,9248.3085200000,9134.1635200000,0.2500000000,0.4500000000,0.3000000000,3.0000000000,0.7000000000,102,111,100,111,101,110
584,neighbor,False,MEMBER_FLEXURE,999999999.0000000000,9134.1635200000,0.2500000000,0.4500000000,0.3000000000,3.0000000000,0.8000000000,103,113,103,110,101,111
585,neighbor,True,PASS_IMPLEMENTED_PROJECT_CHECKS,9140.0867200000,9134.1635200000,0.2500000000,0.4500000000,0.3000000000,3.0000000000,0.7000000000,103,113,101,113,101,110
586,neighbor,True,PASS_IMPLEMENTED_PROJECT_CHECKS,9556.4630000000,9134.1635200000,0.2500000000,0.4500000000,0.3000000000,3.0000000000,0.7000000000,103,113,100,111,103,111
587,neighbor,False,STEM_STRESS_OR_INTERVAL_BOUND,999999999.0000000000,9134.1635200000,0.2500000000,0.4500000000,0.3000000000,3.0000000000,0.7000000000,101,111,100,111,101,110
588,neighbor,False,MEMBER_FLEXURE,999999999.0000000000,9134.1635200000,0.2500000000,0.4500000000,0.3000000000,3.5000000000,0.7000000000,103,113,103,113,102,111
589,neighbor,True,PASS_IMPLEMENTED_PROJECT_CHECKS,9334.5342700000,9134.1635200000,0.2500000000,0.4500000000,0.3000000000,3.0000000000,0.7000000000,103,113,103,112,101,110
590,neighbor,True,PASS_IMPLEMENTED_PROJECT_CHECKS,9193.3955200000,9134.1635200000,0.2500000000,0.4500000000,0.3000000000,3.0000000000,0.7000000000,103,113,102,113,101,110
591,neighbor,False,MAXIMUM_MAIN_STEEL,999999999.0000000000,9134.1635200000,0.2500000000,0.4000000000,0.3000000000,3.0000000000,0.7000000000,103,110,100,111,101,110
592,neighbor,False,MINIMUM_MAIN_STEEL,999999999.0000000000,9134.1635200000,0.2250000000,0.5500000000,0.3000000000,2.5000000000,0.7000000000,104,112,100,113,101,110
593,neighbor,True,PASS_IMPLEMENTED_PROJECT_CHECKS,9835.0755200000,9134.1635200000,0.2500000000,0.4500000000,0.3000000000,3.0000000000,0.7000000000,103,113,100,111,104,111
594,neighbor,False,MAXIMUM_MAIN_STEEL,999999999.0000000000,9134.1635200000,0.2500000000,0.4500000000,0.3000000000,3.0000000000,0.7000000000,103,110,100,111,101,110
595,neighbor,True,PASS_IMPLEMENTED_PROJECT_CHECKS,9175.2557200000,9134.1635200000,0.2500000000,0.4500000000,0.3000000000,3.0000000000,0.7000000000,101,110,100,111,101,110
596,neighbor,False,STEM_STRESS_OR_INTERVAL_BOUND,999999999.0000000000,9134.1635200000,0.2500000000,0.4500000000,0.3000000000,3.0000000000,0.7000000000,101,111,100,111,101,110
597,neighbor,True,PASS_IMPLEMENTED_PROJECT_CHECKS,10106.6789200000,9134.1635200000,0.2500000000,0.4500000000,0.3000000000,3.0000000000,0.7000000000,104,112,100,111,101,110
598,neighbor,True,PASS_IMPLEMENTED_PROJECT_CHECKS,9282.2435200000,9134.1635200000,0.2500000000,0.4500000000,0.3000000000,3.0000000000,0.7000000000,103,113,101,110,101,110
599,neighbor,True,PASS_IMPLEMENTED_PROJECT_CHECKS,9512.6560000000,9134.1635200000,0.2500000000,0.4500000000,0.3000000000,3.0000000000,0.7000000000,103,113,100,111,102,110
600,neighbor,True,PASS_IMPLEMENTED_PROJECT_CHECKS,10106.6789200000,9134.1635200000,0.2500000000,0.4500000000,0.3000000000,3.0000000000,0.7000000000,104,112,100,111,101,110
601,neighbor,False,MINIMUM_MAIN_STEEL,999999999.0000000000,9134.1635200000,0.2500000000,0.4500000000,0.3000000000,3.0000000000,0.7000000000,103,113,100,112,101,110
602,neighbor,False,MAXIMUM_MAIN_STEEL,999999999.0000000000,9134.1635200000,0.2000000000,0.5000000000,0.3000000000,3.0000000000,0.7000000000,103,111,100,111,101,110
603,neighbor,True,PASS_IMPLEMENTED_PROJECT_CHECKS,10161.4685200000,9134.1635200000,0.2500000000,0.4500000000,0.3000000000,3.0000000000,0.7000000000,102,110,100,111,101,110
604,neighbor,False,MAXIMUM_MAIN_STEEL,999999999.0000000000,9134.1635200000,0.2500000000,0.4500000000,0.3000000000,3.0000000000,0.7000000000,104,111,100,111,101,110
605,neighbor,False,MINIMUM_MAIN_STEEL,999999999.0000000000,9134.1635200000,0.2500000000,0.4500000000,0.3000000000,3.0000000000,0.7000000000,100,110,100,111,101,110
606,neighbor,False,MINIMUM_MAIN_STEEL,999999999.0000000000,9134.1635200000,0.2500000000,0.4500000000,0.3000000000,3.0000000000,0.7000000000,102,113,100,111,101,110
607,neighbor,False,MAXIMUM_MAIN_STEEL,999999999.0000000000,9134.1635200000,0.2000000000,0.4000000000,0.3000000000,3.0000000000,0.7000000000,104,110,100,111,101,110
608,neighbor,True,PASS_IMPLEMENTED_PROJECT_CHECKS,9134.1635200000,9134.1635200000,0.2500000000,0.4500000000,0.3000000000,3.0000000000,0.7000000000,103,113,100,111,101,110
609,neighbor,True,PASS_IMPLEMENTED_PROJECT_CHECKS,11484.3736250000,9134.1635200000,0.2750000000,0.5500000000,0.5500000000,3.0000000000,0.7000000000,103,113,102,111,102,112
610,neighbor,False,MEMBER_FLEXURE,999999999.0000000000,9134.1635200000,0.2250000000,0.3500000000,0.3000000000,3.5000000000,0.8000000000,104,112,100,110,101,111
611,neighbor,True,PASS_IMPLEMENTED_PROJECT_CHECKS,9512.6560000000,9134.1635200000,0.2500000000,0.4500000000,0.3000000000,3.0000000000,0.7000000000,103,113,100,111,102,110
612,neighbor,False,MINIMUM_MAIN_STEEL,999999999.0000000000,9134.1635200000,0.2500000000,0.4500000000,0.5500000000,2.5000000000,0.6000000000,103,113,104,111,101,113
613,neighbor,True,PASS_IMPLEMENTED_PROJECT_CHECKS,10091.5168000000,9134.1635200000,0.2750000000,0.4000000000,0.3000000000,3.5000000000,0.7000000000,102,111,104,113,103,112
614,neighbor,True,PASS_IMPLEMENTED_PROJECT_CHECKS,13222.1031160000,9134.1635200000,0.3000000000,0.3500000000,0.4000000000,3.5000000000,0.5000000000,103,110,103,111,104,113
615,neighbor,False,STEM_STRESS_OR_INTERVAL_BOUND,999999999.0000000000,9134.1635200000,0.2500000000,0.4500000000,0.3000000000,3.0000000000,0.7000000000,101,111,100,111,101,110
616,neighbor,False,STEM_STRESS_OR_INTERVAL_BOUND,999999999.0000000000,9134.1635200000,0.2500000000,0.4000000000,0.3000000000,3.0000000000,0.7000000000,101,111,100,111,101,110
617,neighbor,True,PASS_IMPLEMENTED_PROJECT_CHECKS,9463.7989800000,9134.1635200000,0.2500000000,0.5000000000,0.3000000000,3.0000000000,0.7000000000,101,110,100,111,101,110
618,neighbor,True,PASS_IMPLEMENTED_PROJECT_CHECKS,10554.2900000000,9134.1635200000,0.2500000000,0.4500000000,0.3000000000,3.5000000000,0.9000000000,103,113,103,111,103,111
619,neighbor,False,ENVELOPE_BASE_CONTACT,999999999.0000000000,9134.1635200000,0.2750000000,0.4000000000,0.5500000000,2.5000000000,0.6000000000,102,110,102,112,103,111
620,neighbor,False,MINIMUM_MAIN_STEEL,999999999.0000000000,9134.1635200000,0.2500000000,0.4500000000,0.4500000000,3.0000000000,0.7000000000,103,113,102,113,101,113
621,neighbor,False,MINIMUM_MAIN_STEEL,999999999.0000000000,9134.1635200000,0.2500000000,0.4500000000,0.3000000000,3.0000000000,0.7000000000,103,113,100,111,100,113
622,neighbor,False,STEM_STRESS_OR_INTERVAL_BOUND,999999999.0000000000,9134.1635200000,0.2500000000,0.4500000000,0.3000000000,3.0000000000,0.7000000000,102,112,100,111,101,110
623,neighbor,False,MEMBER_FLEXURE,999999999.0000000000,9134.1635200000,0.2500000000,0.4500000000,0.3000000000,3.0000000000,0.7000000000,103,113,100,111,101,112
624,neighbor,False,MINIMUM_MAIN_STEEL,999999999.0000000000,9134.1635200000,0.2500000000,0.4500000000,0.5000000000,3.5000000000,0.9000000000,103,113,102,112,101,113
625,neighbor,False,MEMBER_FLEXURE,999999999.0000000000,9134.1635200000,0.3000000000,0.5000000000,0.3000000000,3.5000000000,0.5000000000,104,113,103,113,100,111
626,neighbor,False,MEMBER_FLEXURE,999999999.0000000000,9134.1635200000,0.2500000000,0.4500000000,0.3000000000,3.0000000000,0.7000000000,103,113,100,111,102,113
627,neighbor,True,PASS_IMPLEMENTED_PROJECT_CHECKS,9556.4630000000,9134.1635200000,0.2500000000,0.4500000000,0.3000000000,3.0000000000,0.7000000000,103,113,100,111,103,111
628,neighbor,False,STEM_STRESS_OR_INTERVAL_BOUND,999999999.0000000000,9134.1635200000,0.2750000000,0.3500000000,0.3000000000,3.0000000000,0.7000000000,102,112,100,111,101,110
629,neighbor,False,MINIMUM_MAIN_STEEL,999999999.0000000000,9134.1635200000,0.2500000000,0.4500000000,0.3000000000,3.0000000000,0.7000000000,100,113,100,111,101,110
630,neighbor,False,MEMBER_FLEXURE,999999999.0000000000,9134.1635200000,0.2500000000,0.4500000000,0.3000000000,3.0000000000,0.7000000000,103,113,100,111,100,110
631,neighbor,True,PASS_IMPLEMENTED_PROJECT_CHECKS,9134.1635200000,9134.1635200000,0.2500000000,0.4500000000,0.3000000000,3.0000000000,0.7000000000,103,113,100,111,101,110
632,neighbor,True,PASS_IMPLEMENTED_PROJECT_CHECKS,9276.6905200000,9134.1635200000,0.2500000000,0.4500000000,0.3000000000,3.0000000000,0.7000000000,103,113,103,113,101,110
633,neighbor,False,ENVELOPE_BASE_CONTACT,999999999.0000000000,9134.1635200000,0.2750000000,0.5000000000,0.3000000000,2.5000000000,0.8000000000,104,113,103,110,103,111
634,neighbor,False,MINIMUM_MAIN_STEEL,999999999.0000000000,9134.1635200000,0.2500000000,0.3500000000,0.4000000000,3.5000000000,0.7000000000,100,112,101,110,103,111
635,neighbor,True,PASS_IMPLEMENTED_PROJECT_CHECKS,9162.2000000000,9134.1635200000,0.2500000000,0.4500000000,0.3000000000,3.0000000000,0.7000000000,103,113,100,111,102,111
636,neighbor,False,STEM_STRESS_OR_INTERVAL_BOUND,999999999.0000000000,9134.1635200000,0.2250000000,0.4000000000,0.3000000000,3.0000000000,0.7000000000,102,112,100,111,101,110
637,neighbor,True,PASS_IMPLEMENTED_PROJECT_CHECKS,9415.5155200000,9134.1635200000,0.2500000000,0.4500000000,0.3000000000,3.0000000000,0.7000000000,103,113,102,110,101,110
638,neighbor,True,PASS_IMPLEMENTED_PROJECT_CHECKS,11161.3772200000,9134.1635200000,0.2500000000,0.4500000000,0.3500000000,3.0000000000,0.5000000000,103,113,102,111,104,110
639,neighbor,False,MEMBER_FLEXURE,999999999.0000000000,9134.1635200000,0.2000000000,0.4000000000,0.3000000000,3.5000000000,0.5000000000,101,110,102,111,101,110
640,neighbor,True,PASS_IMPLEMENTED_PROJECT_CHECKS,11762.1873400000,9134.1635200000,0.2500000000,0.4500000000,0.5500000000,3.5000000000,0.5000000000,103,113,100,110,101,110
641,neighbor,True,PASS_IMPLEMENTED_PROJECT_CHECKS,9529.0435200000,9134.1635200000,0.2500000000,0.4500000000,0.3000000000,3.0000000000,0.7000000000,103,113,104,111,101,110
642,neighbor,False,MEMBER_FLEXURE,999999999.0000000000,9134.1635200000,0.2500000000,0.4500000000,0.3000000000,3.0000000000,0.7000000000,103,113,100,111,100,110
643,neighbor,True,PASS_IMPLEMENTED_PROJECT_CHECKS,9623.7530200000,9134.1635200000,0.2500000000,0.4500000000,0.3000000000,3.0000000000,0.7000000000,103,113,103,110,101,110
644,neighbor,True,PASS_IMPLEMENTED_PROJECT_CHECKS,9175.2557200000,9134.1635200000,0.2500000000,0.4500000000,0.3000000000,3.0000000000,0.7000000000,101,110,100,111,101,110
645,neighbor,False,MEMBER_FLEXURE,999999999.0000000000,9134.1635200000,0.2500000000,0.4500000000,0.3000000000,3.0000000000,0.7000000000,103,113,100,111,103,113
646,neighbor,True,PASS_IMPLEMENTED_PROJECT_CHECKS,10104.0505000000,9134.1635200000,0.2500000000,0.4500000000,0.3000000000,3.0000000000,0.7000000000,103,113,100,111,103,110
647,neighbor,True,PASS_IMPLEMENTED_PROJECT_CHECKS,10446.7912900000,9134.1635200000,0.3000000000,0.5500000000,0.3000000000,3.0000000000,0.7000000000,103,112,100,111,101,110
648,neighbor,True,PASS_IMPLEMENTED_PROJECT_CHECKS,10165.7816000000,9134.1635200000,0.3000000000,0.5000000000,0.3000000000,3.0000000000,0.7000000000,104,113,100,111,101,110
649,neighbor,False,MINIMUM_MAIN_STEEL,999999999.0000000000,9134.1635200000,0.2500000000,0.4500000000,0.3000000000,3.0000000000,0.7000000000,103,113,100,111,100,112
650,neighbor,False,MINIMUM_MAIN_STEEL,999999999.0000000000,9134.1635200000,0.3000000000,0.5000000000,0.3000000000,3.0000000000,0.7000000000,100,111,100,111,101,110
651,neighbor,True,PASS_IMPLEMENTED_PROJECT_CHECKS,10104.0505000000,9134.1635200000,0.2500000000,0.4500000000,0.3000000000,3.0000000000,0.7000000000,103,113,100,111,103,110
652,neighbor,False,MINIMUM_MAIN_STEEL,999999999.0000000000,9134.1635200000,0.2750000000,0.5000000000,0.3000000000,3.0000000000,0.7000000000,101,113,100,111,101,110
653,neighbor,True,PASS_IMPLEMENTED_PROJECT_CHECKS,9178.5875200000,9134.1635200000,0.2500000000,0.4500000000,0.3000000000,3.0000000000,0.7000000000,103,113,100,110,101,110
654,neighbor,False,MAXIMUM_MAIN_STEEL,999999999.0000000000,9134.1635200000,0.2500000000,0.4500000000,0.3000000000,3.0000000000,0.7000000000,103,113,104,110,101,110
655,neighbor,False,MINIMUM_MAIN_STEEL,999999999.0000000000,9134.1635200000,0.2500000000,0.4500000000,0.3000000000,3.0000000000,0.7000000000,101,113,100,111,101,110
656,neighbor,False,ENVELOPE_BASE_CONTACT,999999999.0000000000,9134.1635200000,0.2500000000,0.4500000000,0.3000000000,2.5000000000,0.9000000000,103,113,104,113,103,113
657,neighbor,True,PASS_IMPLEMENTED_PROJECT_CHECKS,9623.7530200000,9134.1635200000,0.2500000000,0.4500000000,0.3000000000,3.0000000000,0.7000000000,103,113,103,110,101,110
658,neighbor,False,STEM_STRESS_OR_INTERVAL_BOUND,999999999.0000000000,9134.1635200000,0.2500000000,0.4500000000,0.3000000000,3.0000000000,0.7000000000,102,112,100,111,101,110
659,neighbor,False,MINIMUM_MAIN_STEEL,999999999.0000000000,9134.1635200000,0.2750000000,0.5500000000,0.4000000000,3.5000000000,0.9000000000,101,110,100,113,104,110
660,neighbor,True,PASS_IMPLEMENTED_PROJECT_CHECKS,10503.0790000000,9134.1635200000,0.2500000000,0.4500000000,0.3000000000,3.5000000000,0.9000000000,103,113,103,111,102,110
661,neighbor,True,PASS_IMPLEMENTED_PROJECT_CHECKS,9430.9405200000,9134.1635200000,0.2500000000,0.4500000000,0.3000000000,3.0000000000,0.7000000000,103,113,103,111,101,110
662,neighbor,False,MEMBER_FLEXURE,999999999.0000000000,9134.1635200000,0.2500000000,0.4500000000,0.3000000000,3.0000000000,0.7000000000,103,113,100,111,102,113
663,neighbor,False,MINIMUM_MAIN_STEEL,999999999.0000000000,9134.1635200000,0.2500000000,0.4500000000,0.3000000000,3.0000000000,0.7000000000,100,110,100,111,101,110
664,neighbor,True,PASS_IMPLEMENTED_PROJECT_CHECKS,10004.4992800000,9134.1635200000,0.2750000000,0.5000000000,0.3000000000,3.0000000000,0.7000000000,103,112,100,111,101,110
665,neighbor,False,MINIMUM_MAIN_STEEL,999999999.0000000000,9134.1635200000,0.2250000000,0.4500000000,0.3000000000,3.0000000000,0.7000000000,100,110,100,111,101,110
666,neighbor,True,PASS_IMPLEMENTED_PROJECT_CHECKS,10275.6135200000,9134.1635200000,0.2500000000,0.4500000000,0.3000000000,3.0000000000,0.7000000000,103,111,100,111,101,110
667,neighbor,True,PASS_IMPLEMENTED_PROJECT_CHECKS,9178.5875200000,9134.1635200000,0.2500000000,0.4500000000,0.3000000000,3.0000000000,0.7000000000,103,113,100,110,101,110
668,neighbor,True,PASS_IMPLEMENTED_PROJECT_CHECKS,11271.8133700000,9134.1635200000,0.2750000000,0.5000000000,0.3000000000,3.5000000000,0.9000000000,104,112,103,113,101,110
669,neighbor,False,MINIMUM_MAIN_STEEL,999999999.0000000000,9134.1635200000,0.2500000000,0.4500000000,0.3000000000,3.0000000000,0.7000000000,101,112,100,111,101,110
670,neighbor,False,MAXIMUM_MAIN_STEEL,999999999.0000000000,9134.1635200000,0.2500000000,0.4500000000,0.3000000000,3.0000000000,0.7000000000,104,110,100,111,101,110
671,neighbor,False,ENVELOPE_BASE_CONTACT,999999999.0000000000,9134.1635200000,0.2250000000,0.4500000000,0.4000000000,2.5000000000,0.7000000000,104,110,104,113,101,112
672,neighbor,False,MEMBER_FLEXURE,999999999.0000000000,9134.1635200000,0.2500000000,0.4500000000,0.3000000000,3.5000000000,0.5000000000,103,113,104,112,102,111
673,neighbor,True,PASS_IMPLEMENTED_PROJECT_CHECKS,10104.0505000000,9134.1635200000,0.2500000000,0.4500000000,0.3000000000,3.0000000000,0.7000000000,103,113,100,111,103,110
674,neighbor,True,PASS_IMPLEMENTED_PROJECT_CHECKS,9292.1155200000,9134.1635200000,0.2500000000,0.4500000000,0.3000000000,3.0000000000,0.7000000000,103,113,102,111,101,110
675,neighbor,False,MAXIMUM_MAIN_STEEL,999999999.0000000000,9134.1635200000,0.2500000000,0.4500000000,0.3000000000,3.0000000000,0.7000000000,104,110,100,111,101,110
676,neighbor,False,MINIMUM_MAIN_STEEL,999999999.0000000000,9134.1635200000,0.2750000000,0.5500000000,0.3000000000,3.0000000000,0.7000000000,100,111,100,111,101,110
677,neighbor,False,MAXIMUM_MAIN_STEEL,999999999.0000000000,9134.1635200000,0.2500000000,0.4500000000,0.3000000000,3.0000000000,0.7000000000,103,113,100,111,104,110
678,neighbor,True,PASS_IMPLEMENTED_PROJECT_CHECKS,10275.6135200000,9134.1635200000,0.2500000000,0.4500000000,0.3000000000,3.0000000000,0.7000000000,103,111,100,111,101,110
679,neighbor,False,ENVELOPE_BASE_CONTACT,999999999.0000000000,9134.1635200000,0.2500000000,0.4500000000,0.5000000000,2.5000000000,0.5000000000,103,113,101,110,101,112
680,neighbor,False,MINIMUM_MAIN_STEEL,999999999.0000000000,9134.1635200000,0.2500000000,0.4500000000,0.3000000000,3.5000000000,0.6000000000,103,113,100,113,104,113
681,neighbor,False,MINIMUM_MAIN_STEEL,999999999.0000000000,9134.1635200000,0.2250000000,0.4500000000,0.3000000000,3.0000000000,0.7000000000,101,113,100,111,101,110
682,neighbor,False,MEMBER_FLEXURE,999999999.0000000000,9134.1635200000,0.2500000000,0.4500000000,0.3000000000,3.0000000000,0.7000000000,103,113,100,111,101,111
683,neighbor,False,MINIMUM_MAIN_STEEL,999999999.0000000000,9134.1635200000,0.2250000000,0.5500000000,0.5000000000,3.5000000000,0.6000000000,103,113,103,110,101,113
684,neighbor,False,MINIMUM_MAIN_STEEL,999999999.0000000000,9134.1635200000,0.2750000000,0.3500000000,0.3000000000,3.0000000000,0.7000000000,100,111,100,111,101,110
685,neighbor,False,MINIMUM_MAIN_STEEL,999999999.0000000000,9134.1635200000,0.3000000000,0.5500000000,0.3000000000,2.5000000000,0.5000000000,101,112,100,111,104,110
686,neighbor,False,MINIMUM_MAIN_STEEL,999999999.0000000000,9134.1635200000,0.2500000000,0.4500000000,0.3000000000,2.5000000000,0.8000000000,103,113,100,113,100,113
687,neighbor,False,MINIMUM_MAIN_STEEL,999999999.0000000000,9134.1635200000,0.2000000000,0.5500000000,0.3000000000,3.0000000000,0.7000000000,100,110,100,111,101,110
688,neighbor,False,MINIMUM_MAIN_STEEL,999999999.0000000000,9134.1635200000,0.2250000000,0.4000000000,0.3000000000,3.0000000000,0.7000000000,100,112,103,113,102,113
689,neighbor,False,MEMBER_FLEXURE,999999999.0000000000,9134.1635200000,0.2500000000,0.4500000000,0.3000000000,3.0000000000,0.7000000000,103,113,100,111,101,112
690,neighbor,True,PASS_IMPLEMENTED_PROJECT_CHECKS,10564.1567800000,9134.1635200000,0.2500000000,0.5000000000,0.3000000000,3.0000000000,0.7000000000,103,111,100,111,101,110
691,neighbor,False,MAXIMUM_MAIN_STEEL,999999999.0000000000,9134.1635200000,0.2500000000,0.4500000000,0.3000000000,3.0000000000,0.7000000000,103,113,100,111,104,110
692,neighbor,True,PASS_IMPLEMENTED_PROJECT_CHECKS,9134.1635200000,9134.1635200000,0.2500000000,0.4500000000,0.3000000000,3.0000000000,0.7000000000,103,113,100,111,101,110
693,neighbor,False,MINIMUM_MAIN_STEEL,999999999.0000000000,9134.1635200000,0.2000000000,0.3500000000,0.3000000000,3.5000000000,0.7000000000,104,110,103,110,100,112
694,neighbor,False,MINIMUM_MAIN_STEEL,999999999.0000000000,9134.1635200000,0.2500000000,0.4500000000,0.3000000000,3.0000000000,0.7000000000,103,113,100,112,101,110
695,neighbor,False,MINIMUM_MAIN_STEEL,999999999.0000000000,9134.1635200000,0.2250000000,0.4000000000,0.3000000000,3.0000000000,0.7000000000,100,112,100,111,101,110
696,neighbor,True,PASS_IMPLEMENTED_PROJECT_CHECKS,9230.4155200000,9134.1635200000,0.2500000000,0.4500000000,0.3000000000,3.0000000000,0.7000000000,103,113,102,112,101,110
697,neighbor,False,MINIMUM_MAIN_STEEL,999999999.0000000000,9134.1635200000,0.2500000000,0.4500000000,0.5500000000,2.5000000000,0.8000000000,103,113,100,110,101,113
698,neighbor,True,PASS_IMPLEMENTED_PROJECT_CHECKS,9203.2675200000,9134.1635200000,0.2500000000,0.4500000000,0.3000000000,3.0000000000,0.7000000000,103,113,101,111,101,110
699,neighbor,True,PASS_IMPLEMENTED_PROJECT_CHECKS,9276.6905200000,9134.1635200000,0.2500000000,0.4500000000,0.3000000000,3.0000000000,0.7000000000,103,113,103,113,101,110
700,neighbor,False,MINIMUM_MAIN_STEEL,999999999.0000000000,9134.1635200000,0.2500000000,0.4500000000,0.3000000000,3.0000000000,0.7000000000,103,113,100,113,101,110
701,neighbor,False,MEMBER_FLEXURE,999999999.0000000000,9134.1635200000,0.2000000000,0.5000000000,0.3000000000,3.5000000000,0.5000000000,102,111,103,111,101,110
702,neighbor,False,MEMBER_FLEXURE,999999999.0000000000,9134.1635200000,0.2500000000,0.4500000000,0.3000000000,3.0000000000,0.7000000000,103,113,100,111,100,111
703,neighbor,False,MEMBER_FLEXURE,999999999.0000000000,9134.1635200000,0.2500000000,0.4500000000,0.3000000000,3.0000000000,0.7000000000,103,113,100,111,101,113
704,neighbor,False,MINIMUM_MAIN_STEEL,999999999.0000000000,9134.1635200000,0.2250000000,0.5500000000,0.3000000000,3.0000000000,0.7000000000,101,112,100,111,101,110
705,neighbor,False,ENVELOPE_BASE_CONTACT,999999999.0000000000,9134.1635200000,0.2500000000,0.4500000000,0.3000000000,2.5000000000,0.7000000000,103,113,101,111,101,111
706,neighbor,False,MINIMUM_MAIN_STEEL,999999999.0000000000,9134.1635200000,0.2500000000,0.4500000000,0.3000000000,3.0000000000,0.7000000000,100,111,100,111,101,110
707,neighbor,False,MEMBER_FLEXURE,999999999.0000000000,9134.1635200000,0.2500000000,0.4500000000,0.3000000000,3.0000000000,0.7000000000,103,113,100,111,101,111
708,neighbor,True,PASS_IMPLEMENTED_PROJECT_CHECKS,11323.7320000000,9134.1635200000,0.2500000000,0.4500000000,0.4000000000,3.5000000000,0.8000000000,103,113,102,110,103,111
709,neighbor,False,MEMBER_FLEXURE,999999999.0000000000,9134.1635200000,0.2500000000,0.4500000000,0.3000000000,3.0000000000,0.7000000000,103,113,100,111,102,113
710,neighbor,True,PASS_IMPLEMENTED_PROJECT_CHECKS,11063.7313750000,9134.1635200000,0.2750000000,0.3500000000,0.3500000000,3.5000000000,0.7000000000,103,111,100,110,103,112
711,neighbor,False,MEMBER_FLEXURE,999999999.0000000000,9134.1635200000,0.2500000000,0.4500000000,0.3000000000,3.0000000000,0.7000000000,103,113,100,111,101,113
712,neighbor,True,PASS_IMPLEMENTED_PROJECT_CHECKS,9285.5605120000,9134.1635200000,0.2500000000,0.4500000000,0.3000000000,3.0000000000,0.7000000000,103,113,100,111,104,113
713,neighbor,True,PASS_IMPLEMENTED_PROJECT_CHECKS,9562.2072700000,9134.1635200000,0.2500000000,0.4500000000,0.3000000000,3.0000000000,0.7000000000,103,112,100,111,101,110
714,neighbor,True,PASS_IMPLEMENTED_PROJECT_CHECKS,9549.9331640000,9134.1635200000,0.2500000000,0.4000000000,0.3000000000,3.0000000000,0.6000000000,104,113,102,112,104,113
715,neighbor,True,PASS_IMPLEMENTED_PROJECT_CHECKS,11962.2497800000,9134.1635200000,0.2500000000,0.4500000000,0.4500000000,3.5000000000,0.5000000000,103,113,102,113,104,111
716,neighbor,False,MINIMUM_MAIN_STEEL,999999999.0000000000,9134.1635200000,0.2000000000,0.5000000000,0.4500000000,2.5000000000,0.5000000000,101,111,101,113,104,110
717,neighbor,False,MINIMUM_MAIN_STEEL,999999999.0000000000,9134.1635200000,0.2000000000,0.4500000000,0.3000000000,3.0000000000,0.7000000000,100,112,100,111,101,110
718,neighbor,False,MINIMUM_MAIN_STEEL,999999999.0000000000,9134.1635200000,0.2250000000,0.4500000000,0.3000000000,3.0000000000,0.7000000000,100,111,100,111,101,110
719,neighbor,False,MEMBER_FLEXURE,999999999.0000000000,9134.1635200000,0.2500000000,0.4500000000,0.3000000000,3.0000000000,0.7000000000,103,113,100,111,100,111
720,neighbor,True,PASS_IMPLEMENTED_PROJECT_CHECKS,10161.4685200000,9134.1635200000,0.2500000000,0.4500000000,0.3000000000,3.0000000000,0.7000000000,102,110,100,111,101,110
721,neighbor,False,MINIMUM_MAIN_STEEL,999999999.0000000000,9134.1635200000,0.2000000000,0.5000000000,0.3000000000,3.0000000000,0.7000000000,101,111,100,111,101,110
722,neighbor,True,PASS_IMPLEMENTED_PROJECT_CHECKS,9134.1635200000,9134.1635200000,0.2500000000,0.4500000000,0.3000000000,3.0000000000,0.7000000000,103,113,100,111,101,110
723,neighbor,True,PASS_IMPLEMENTED_PROJECT_CHECKS,9248.3085200000,9134.1635200000,0.2500000000,0.4500000000,0.3000000000,3.0000000000,0.7000000000,102,111,100,111,101,110
724,neighbor,False,MEMBER_FLEXURE,999999999.0000000000,9134.1635200000,0.3000000000,0.4000000000,0.3500000000,3.5000000000,0.8000000000,103,110,101,111,101,113
725,neighbor,False,ENVELOPE_BASE_CONTACT,999999999.0000000000,9134.1635200000,0.2500000000,0.4500000000,0.3000000000,2.5000000000,0.5000000000,103,113,102,111,104,110
726,neighbor,True,PASS_IMPLEMENTED_PROJECT_CHECKS,10312.2835000000,9134.1635200000,0.2500000000,0.4500000000,0.4500000000,3.0000000000,0.9000000000,103,113,102,110,102,112
727,neighbor,False,MINIMUM_MAIN_STEEL,999999999.0000000000,9134.1635200000,0.2500000000,0.4500000000,0.3500000000,2.5000000000,0.7000000000,103,113,100,110,100,113
728,neighbor,False,MINIMUM_MAIN_STEEL,999999999.0000000000,9134.1635200000,0.2500000000,0.4500000000,0.3000000000,3.0000000000,0.7000000000,101,113,100,111,101,110
729,neighbor,False,MEMBER_FLEXURE,999999999.0000000000,9134.1635200000,0.2500000000,0.4500000000,0.4500000000,3.5000000000,0.6000000000,103,113,103,113,100,110
730,neighbor,False,ENVELOPE_BASE_CONTACT,999999999.0000000000,9134.1635200000,0.2500000000,0.4500000000,0.3000000000,2.5000000000,0.6000000000,103,113,101,111,102,111
731,neighbor,False,MEMBER_FLEXURE,999999999.0000000000,9134.1635200000,0.2500000000,0.4500000000,0.3000000000,3.0000000000,0.7000000000,103,113,100,111,100,111
732,neighbor,True,PASS_IMPLEMENTED_PROJECT_CHECKS,9877.2383400000,9134.1635200000,0.3000000000,0.4500000000,0.3000000000,3.0000000000,0.7000000000,104,113,100,111,101,110
733,neighbor,False,MEMBER_FLEXURE,999999999.0000000000,9134.1635200000,0.3000000000,0.4000000000,0.3000000000,3.0000000000,0.7000000000,102,110,100,111,101,110
734,neighbor,True,PASS_IMPLEMENTED_PROJECT_CHECKS,9430.9405200000,9134.1635200000,0.2500000000,0.4500000000,0.3000000000,3.0000000000,0.7000000000,103,113,103,111,101,110
735,neighbor,False,MEMBER_FLEXURE,999999999.0000000000,9134.1635200000,0.2500000000,0.4500000000,0.3000000000,3.0000000000,0.7000000000,103,113,100,111,102,113
736,neighbor,False,MINIMUM_MAIN_STEEL,999999999.0000000000,9134.1635200000,0.2500000000,0.4500000000,0.3000000000,3.0000000000,0.7000000000,103,113,100,113,101,110
737,neighbor,False,MINIMUM_MAIN_STEEL,999999999.0000000000,9134.1635200000,0.2750000000,0.4500000000,0.3000000000,3.0000000000,0.7000000000,100,113,100,111,101,110
738,neighbor,True,PASS_IMPLEMENTED_PROJECT_CHECKS,9529.0435200000,9134.1635200000,0.2500000000,0.4500000000,0.3000000000,3.0000000000,0.7000000000,103,113,104,111,101,110
739,neighbor,True,PASS_IMPLEMENTED_PROJECT_CHECKS,9080.2717800000,9080.2717800000,0.2500000000,0.5000000000,0.3000000000,3.0000000000,0.7000000000,102,112,100,111,101,110
740,neighbor,True,PASS_IMPLEMENTED_PROJECT_CHECKS,9761.4397800000,9080.2717800000,0.2500000000,0.5000000000,0.3000000000,3.0000000000,0.7000000000,102,112,100,111,104,111
741,neighbor,True,PASS_IMPLEMENTED_PROJECT_CHECKS,9175.2557200000,9080.2717800000,0.2500000000,0.4500000000,0.3000000000,3.0000000000,0.7000000000,101,110,100,111,101,110
742,neighbor,False,MAXIMUM_MAIN_STEEL,999999999.0000000000,9080.2717800000,0.2500000000,0.5000000000,0.3000000000,3.5000000000,0.8000000000,102,112,102,113,104,110
743,neighbor,False,MINIMUM_MAIN_STEEL,999999999.0000000000,9080.2717800000,0.2750000000,0.4000000000,0.3000000000,3.5000000000,0.7000000000,101,112,104,110,100,111
744,neighbor,False,ENVELOPE_BASE_CONTACT,999999999.0000000000,9080.2717800000,0.2500000000,0.5000000000,0.3500000000,2.5000000000,0.8000000000,102,112,100,111,104,110
745,neighbor,True,PASS_IMPLEMENTED_PROJECT_CHECKS,9281.6605800000,9080.2717800000,0.2500000000,0.5000000000,0.3000000000,3.0000000000,0.7000000000,102,112,104,113,101,110
746,neighbor,True,PASS_IMPLEMENTED_PROJECT_CHECKS,9222.7987800000,9080.2717800000,0.2500000000,0.5000000000,0.3000000000,3.0000000000,0.7000000000,102,112,103,113,101,110
747,neighbor,False,MINIMUM_MAIN_STEEL,999999999.0000000000,9080.2717800000,0.2750000000,0.4500000000,0.5500000000,2.5000000000,0.9000000000,104,110,104,111,100,113
748,neighbor,True,PASS_IMPLEMENTED_PROJECT_CHECKS,9064.9455000000,9064.9455000000,0.2500000000,0.5000000000,0.3000000000,3.0000000000,0.7000000000,102,112,100,111,103,113
749,neighbor,True,PASS_IMPLEMENTED_PROJECT_CHECKS,9107.5185000000,9064.9455000000,0.2500000000,0.5000000000,0.3000000000,3.0000000000,0.7000000000,102,112,100,111,102,111
750,neighbor,True,PASS_IMPLEMENTED_PROJECT_CHECKS,9672.2361800000,9064.9455000000,0.2500000000,0.5000000000,0.3000000000,3.5000000000,0.8000000000,102,112,100,111,102,111
751,neighbor,True,PASS_IMPLEMENTED_PROJECT_CHECKS,9407.3805000000,9064.9455000000,0.2500000000,0.5000000000,0.3000000000,3.0000000000,0.7000000000,103,113,100,111,103,113
752,neighbor,True,PASS_IMPLEMENTED_PROJECT_CHECKS,9222.8975000000,9064.9455000000,0.2500000000,0.5000000000,0.3000000000,3.0000000000,0.7000000000,102,112,102,111,103,113
753,neighbor,False,MINIMUM_MAIN_STEEL,999999999.0000000000,9064.9455000000,0.2500000000,0.4000000000,0.3000000000,3.0000000000,0.7000000000,100,111,100,111,103,113
754,neighbor,True,PASS_IMPLEMENTED_PROJECT_CHECKS,9346.2975000000,9064.9455000000,0.2500000000,0.5000000000,0.3000000000,3.0000000000,0.7000000000,102,112,102,110,103,113
755,neighbor,False,MEMBER_FLEXURE,999999999.0000000000,9064.9455000000,0.2500000000,0.5000000000,0.3000000000,3.0000000000,0.7000000000,102,112,100,111,101,112
756,neighbor,True,PASS_IMPLEMENTED_PROJECT_CHECKS,9407.3805000000,9064.9455000000,0.2500000000,0.5000000000,0.3000000000,3.0000000000,0.7000000000,103,113,100,111,103,113
757,neighbor,False,MINIMUM_MAIN_STEEL,999999999.0000000000,9064.9455000000,0.3000000000,0.6000000000,0.3000000000,2.5000000000,0.8000000000,101,112,103,112,104,110
758,neighbor,False,MINIMUM_MAIN_STEEL,999999999.0000000000,9064.9455000000,0.2500000000,0.5000000000,0.3000000000,3.0000000000,0.7000000000,102,112,100,111,100,112
759,neighbor,False,ENVELOPE_BASE_CONTACT,999999999.0000000000,9064.9455000000,0.2250000000,0.6000000000,0.3500000000,2.5000000000,0.6000000000,104,113,103,113,104,110
760,neighbor,True,PASS_IMPLEMENTED_PROJECT_CHECKS,9842.9578200000,9064.9455000000,0.2500000000,0.5000000000,0.3000000000,3.0000000000,0.7000000000,104,113,100,111,103,113
761,neighbor,False,MINIMUM_MAIN_STEEL,999999999.0000000000,9064.9455000000,0.2500000000,0.5500000000,0.3000000000,3.0000000000,0.7000000000,101,113,100,111,103,113
762,neighbor,True,PASS_IMPLEMENTED_PROJECT_CHECKS,9222.8975000000,9064.9455000000,0.2500000000,0.5000000000,0.3000000000,3.0000000000,0.7000000000,102,112,102,111,103,113
763,neighbor,False,MINIMUM_MAIN_STEEL,999999999.0000000000,9064.9455000000,0.2500000000,0.5000000000,0.5500000000,3.0000000000,0.9000000000,102,112,100,111,103,112
764,neighbor,True,PASS_IMPLEMENTED_PROJECT_CHECKS,9124.1775000000,9064.9455000000,0.2500000000,0.5000000000,0.3000000000,3.0000000000,0.7000000000,102,112,102,113,103,113
765,neighbor,False,MEMBER_FLEXURE,999999999.0000000000,9064.9455000000,0.2250000000,0.6000000000,0.3000000000,3.5000000000,0.6000000000,104,113,101,112,101,112
766,neighbor,True,PASS_IMPLEMENTED_PROJECT_CHECKS,9761.4397800000,9064.9455000000,0.2500000000,0.5000000000,0.3000000000,3.0000000000,0.7000000000,102,112,100,111,104,111
767,neighbor,True,PASS_IMPLEMENTED_PROJECT_CHECKS,9761.4397800000,9064.9455000000,0.2500000000,0.5000000000,0.3000000000,3.0000000000,0.7000000000,102,112,100,111,104,111
768,neighbor,False,ENVELOPE_BASE_CONTACT,999999999.0000000000,9064.9455000000,0.3000000000,0.4500000000,0.3000000000,2.5000000000,0.8000000000,104,112,101,113,101,112
769,neighbor,True,PASS_IMPLEMENTED_PROJECT_CHECKS,9521.5255000000,9064.9455000000,0.2500000000,0.5000000000,0.3000000000,3.0000000000,0.7000000000,102,111,100,111,103,113
770,neighbor,True,PASS_IMPLEMENTED_PROJECT_CHECKS,9346.2975000000,9064.9455000000,0.2500000000,0.5000000000,0.3000000000,3.0000000000,0.7000000000,102,112,102,110,103,113
771,neighbor,False,STEM_STRESS_OR_INTERVAL_BOUND,999999999.0000000000,9064.9455000000,0.2000000000,0.4500000000,0.3000000000,3.0000000000,0.7000000000,102,112,100,111,103,113
772,neighbor,True,PASS_IMPLEMENTED_PROJECT_CHECKS,9080.2717800000,9064.9455000000,0.2500000000,0.5000000000,0.3000000000,3.0000000000,0.7000000000,102,112,100,111,101,110
773,neighbor,True,PASS_IMPLEMENTED_PROJECT_CHECKS,10379.8959000000,9064.9455000000,0.2500000000,0.5000000000,0.3000000000,3.0000000000,0.7000000000,104,112,100,111,103,113
774,neighbor,False,MAXIMUM_MAIN_STEEL,999999999.0000000000,9064.9455000000,0.2500000000,0.5000000000,0.3000000000,3.0000000000,0.7000000000,103,110,100,111,103,113
775,neighbor,False,MINIMUM_MAIN_STEEL,999999999.0000000000,9064.9455000000,0.2500000000,0.5000000000,0.3000000000,3.0000000000,0.7000000000,102,112,100,112,103,113
776,neighbor,True,PASS_IMPLEMENTED_PROJECT_CHECKS,9824.4478200000,9064.9455000000,0.2000000000,0.5500000000,0.3000000000,3.0000000000,0.7000000000,104,113,100,111,103,113
777,neighbor,True,PASS_IMPLEMENTED_PROJECT_CHECKS,9338.8935000000,9064.9455000000,0.2500000000,0.5000000000,0.3000000000,3.0000000000,0.7000000000,102,112,104,112,103,113
778,neighbor,False,MINIMUM_MAIN_STEEL,999999999.0000000000,9064.9455000000,0.2000000000,0.4500000000,0.3000000000,3.5000000000,0.7000000000,100,110,100,110,102,112
779,neighbor,True,PASS_IMPLEMENTED_PROJECT_CHECKS,9490.6755000000,9064.9455000000,0.2500000000,0.5000000000,0.3000000000,3.0000000000,0.7000000000,102,112,100,111,103,111
780,neighbor,True,PASS_IMPLEMENTED_PROJECT_CHECKS,9134.0495000000,9064.9455000000,0.2500000000,0.5000000000,0.3000000000,3.0000000000,0.7000000000,102,112,101,111,103,113
781,neighbor,False,MEMBER_FLEXURE,999999999.0000000000,9064.9455000000,0.2500000000,0.4500000000,0.3000000000,3.0000000000,0.7000000000,103,112,100,111,103,113
782,neighbor,False,MEMBER_FLEXURE,999999999.0000000000,9064.9455000000,0.2500000000,0.5000000000,0.3000000000,3.0000000000,0.7000000000,102,112,100,111,100,110
783,neighbor,False,MEMBER_FLEXURE,999999999.0000000000,9064.9455000000,0.2500000000,0.5000000000,0.3000000000,3.5000000000,0.5000000000,102,112,103,110,100,110
784,neighbor,False,MINIMUM_MAIN_STEEL,999999999.0000000000,9064.9455000000,0.2500000000,0.5000000000,0.3000000000,3.0000000000,0.7000000000,102,113,100,111,103,113
785,neighbor,True,PASS_IMPLEMENTED_PROJECT_CHECKS,10495.0753900000,9064.9455000000,0.2500000000,0.5000000000,0.3500000000,3.5000000000,0.9000000000,102,112,102,113,104,112
786,neighbor,False,MINIMUM_MAIN_STEEL,999999999.0000000000,9064.9455000000,0.2500000000,0.5000000000,0.3000000000,3.0000000000,0.7000000000,101,113,100,111,103,113
787,neighbor,False,MINIMUM_MAIN_STEEL,999999999.0000000000,9064.9455000000,0.2500000000,0.6000000000,0.5000000000,3.0000000000,0.9000000000,100,110,104,113,104,113
788,neighbor,True,PASS_IMPLEMENTED_PROJECT_CHECKS,10548.8305000000,9064.9455000000,0.2500000000,0.5000000000,0.3000000000,3.0000000000,0.7000000000,103,111,100,111,103,113
789,neighbor,True,PASS_IMPLEMENTED_PROJECT_CHECKS,9346.2975000000,9064.9455000000,0.2500000000,0.5000000000,0.3000000000,3.0000000000,0.7000000000,102,112,102,110,103,113
790,neighbor,False,MEMBER_FLEXURE,999999999.0000000000,9064.9455000000,0.2000000000,0.4000000000,0.3000000000,3.0000000000,0.7000000000,104,113,100,111,103,113
791,neighbor,True,PASS_IMPLEMENTED_PROJECT_CHECKS,9214.0280000000,9064.9455000000,0.2000000000,0.5000000000,0.3000000000,3.0000000000,0.7000000000,102,111,100,111,103,113
792,neighbor,True,PASS_IMPLEMENTED_PROJECT_CHECKS,9070.8687000000,9064.9455000000,0.2500000000,0.5000000000,0.3000000000,3.0000000000,0.7000000000,102,112,101,113,103,113
793,neighbor,False,MINIMUM_MAIN_STEEL,999999999.0000000000,9064.9455000000,0.2500000000,0.6000000000,0.3500000000,3.0000000000,0.9000000000,100,113,100,113,103,113
794,neighbor,True,PASS_IMPLEMENTED_PROJECT_CHECKS,10379.8959000000,9064.9455000000,0.2500000000,0.5000000000,0.3000000000,3.0000000000,0.7000000000,104,112,100,111,103,113
795,neighbor,False,MINIMUM_MAIN_STEEL,999999999.0000000000,9064.9455000000,0.2750000000,0.5000000000,0.3000000000,3.0000000000,0.7000000000,100,112,100,111,103,113
796,neighbor,False,MINIMUM_MAIN_STEEL,999999999.0000000000,9064.9455000000,0.2500000000,0.5000000000,0.5500000000,3.0000000000,0.9000000000,102,112,100,110,100,111
797,neighbor,False,MINIMUM_MAIN_STEEL,999999999.0000000000,9064.9455000000,0.2500000000,0.5000000000,0.5000000000,3.5000000000,0.8000000000,102,112,101,113,101,112
798,neighbor,False,ENVELOPE_BASE_CONTACT,999999999.0000000000,9064.9455000000,0.2500000000,0.5000000000,0.3000000000,2.5000000000,0.6000000000,102,112,102,112,103,112
799,neighbor,False,MEMBER_FLEXURE,999999999.0000000000,9064.9455000000,0.2500000000,0.5000000000,0.3000000000,3.0000000000,0.7000000000,102,112,100,111,101,112
800,neighbor,True,PASS_IMPLEMENTED_PROJECT_CHECKS,10022.8380000000,9064.9455000000,0.2500000000,0.5000000000,0.3000000000,3.0000000000,0.7000000000,102,112,100,111,103,110
801,neighbor,False,MINIMUM_MAIN_STEEL,999999999.0000000000,9064.9455000000,0.3000000000,0.5000000000,0.3000000000,3.0000000000,0.7000000000,101,112,100,111,103,113
802,neighbor,True,PASS_IMPLEMENTED_PROJECT_CHECKS,9490.6755000000,9064.9455000000,0.2500000000,0.5000000000,0.3000000000,3.0000000000,0.7000000000,102,112,100,111,103,111
803,neighbor,False,MINIMUM_MAIN_STEEL,999999999.0000000000,9064.9455000000,0.2500000000,0.6000000000,0.4500000000,3.0000000000,0.9000000000,100,111,103,110,104,112
804,neighbor,False,MINIMUM_MAIN_STEEL,999999999.0000000000,9064.9455000000,0.2000000000,0.6000000000,0.3000000000,3.0000000000,0.7000000000,101,112,100,111,103,113
805,neighbor,False,ENVELOPE_BASE_CONTACT,999999999.0000000000,9064.9455000000,0.2000000000,0.5500000000,0.4000000000,2.5000000000,0.8000000000,104,111,102,112,101,113
806,neighbor,True,PASS_IMPLEMENTED_PROJECT_CHECKS,9407.3805000000,9064.9455000000,0.2500000000,0.5000000000,0.3000000000,3.0000000000,0.7000000000,103,113,100,111,103,113
807,neighbor,False,MINIMUM_MAIN_STEEL,999999999.0000000000,9064.9455000000,0.2500000000,0.5000000000,0.3000000000,3.0000000000,0.7000000000,102,112,100,111,100,113
808,neighbor,False,MINIMUM_MAIN_STEEL,999999999.0000000000,9064.9455000000,0.2500000000,0.5000000000,0.4000000000,3.5000000000,0.7000000000,102,112,103,110,100,112
809,neighbor,False,MINIMUM_MAIN_STEEL,999999999.0000000000,9064.9455000000,0.2500000000,0.5000000000,0.3000000000,3.0000000000,0.7000000000,102,112,100,112,103,113
810,neighbor,True,PASS_IMPLEMENTED_PROJECT_CHECKS,9224.5942500000,9064.9455000000,0.2500000000,0.5000000000,0.3000000000,3.0000000000,0.7000000000,102,112,100,111,103,112
811,neighbor,False,MINIMUM_MAIN_STEEL,999999999.0000000000,9064.9455000000,0.2000000000,0.5500000000,0.3000000000,3.0000000000,0.5000000000,102,112,104,110,102,112
812,neighbor,False,MEMBER_FLEXURE,999999999.0000000000,9064.9455000000,0.2500000000,0.5000000000,0.3000000000,3.0000000000,0.6000000000,102,112,102,110,101,112
813,neighbor,False,STEM_STRESS_OR_INTERVAL_BOUND,999999999.0000000000,9064.9455000000,0.2500000000,0.4500000000,0.3000000000,3.0000000000,0.7000000000,102,112,100,111,103,113
814,neighbor,True,PASS_IMPLEMENTED_PROJECT_CHECKS,9490.6755000000,9064.9455000000,0.2500000000,0.5000000000,0.3000000000,3.0000000000,0.7000000000,102,112,100,111,103,111
815,neighbor,False,ENVELOPE_BASE_CONTACT,999999999.0000000000,9064.9455000000,0.2000000000,0.4500000000,0.3000000000,2.5000000000,0.9000000000,103,110,101,112,104,111
816,neighbor,False,MINIMUM_MAIN_STEEL,999999999.0000000000,9064.9455000000,0.2750000000,0.4500000000,0.5500000000,2.5000000000,0.8000000000,102,111,104,113,101,113
817,neighbor,False,MINIMUM_MAIN_STEEL,999999999.0000000000,9064.9455000000,0.2500000000,0.5000000000,0.5500000000,3.0000000000,0.9000000000,101,111,103,112,100,113
818,neighbor,False,MINIMUM_MAIN_STEEL,999999999.0000000000,9064.9455000000,0.2500000000,0.5000000000,0.3000000000,3.0000000000,0.7000000000,100,110,100,111,103,113
819,neighbor,False,MEMBER_FLEXURE,999999999.0000000000,9064.9455000000,0.2500000000,0.5000000000,0.3000000000,3.0000000000,0.7000000000,102,112,100,111,101,112
820,neighbor,True,PASS_IMPLEMENTED_PROJECT_CHECKS,9448.1025000000,9064.9455000000,0.2500000000,0.5000000000,0.3000000000,3.0000000000,0.7000000000,102,112,100,111,102,110
821,neighbor,False,MINIMUM_MAIN_STEEL,999999999.0000000000,9064.9455000000,0.2500000000,0.5000000000,0.3000000000,3.0000000000,0.7000000000,102,113,100,111,103,113
822,neighbor,False,MEMBER_FLEXURE,999999999.0000000000,9064.9455000000,0.2500000000,0.5000000000,0.3000000000,3.0000000000,0.5000000000,102,112,102,110,102,113
823,neighbor,False,MEMBER_FLEXURE,999999999.0000000000,9064.9455000000,0.2500000000,0.5000000000,0.3000000000,3.0000000000,0.7000000000,102,112,100,111,100,111
824,neighbor,True,PASS_IMPLEMENTED_PROJECT_CHECKS,10722.0673200000,9064.9455000000,0.2750000000,0.5500000000,0.3000000000,3.0000000000,0.7000000000,104,113,102,110,103,112
825,neighbor,True,PASS_IMPLEMENTED_PROJECT_CHECKS,9361.7225000000,9064.9455000000,0.2500000000,0.5000000000,0.3000000000,3.0000000000,0.7000000000,102,112,103,111,103,113
826,neighbor,True,PASS_IMPLEMENTED_PROJECT_CHECKS,9490.6755000000,9064.9455000000,0.2500000000,0.5000000000,0.3000000000,3.0000000000,0.7000000000,102,112,100,111,103,111
827,neighbor,False,STEM_STRESS_OR_INTERVAL_BOUND,999999999.0000000000,9064.9455000000,0.2250000000,0.4000000000,0.3000000000,3.0000000000,0.7000000000,102,112,100,111,103,113
828,neighbor,True,PASS_IMPLEMENTED_PROJECT_CHECKS,9213.0255000000,9064.9455000000,0.2500000000,0.5000000000,0.3000000000,3.0000000000,0.7000000000,102,112,101,110,103,113
829,neighbor,False,MINIMUM_MAIN_STEEL,999999999.0000000000,9064.9455000000,0.2500000000,0.5000000000,0.3000000000,3.0000000000,0.7000000000,100,110,100,111,103,113
830,neighbor,False,MEMBER_FLEXURE,999999999.0000000000,9064.9455000000,0.2750000000,0.4000000000,0.3000000000,3.0000000000,0.7000000000,102,111,100,111,103,113
831,neighbor,True,PASS_IMPLEMENTED_PROJECT_CHECKS,9490.6755000000,9064.9455000000,0.2500000000,0.5000000000,0.3000000000,3.0000000000,0.7000000000,102,112,100,111,103,111
832,neighbor,False,MINIMUM_MAIN_STEEL,999999999.0000000000,9064.9455000000,0.2500000000,0.5000000000,0.3000000000,3.0000000000,0.7000000000,101,113,100,111,103,113
833,neighbor,False,MINIMUM_MAIN_STEEL,999999999.0000000000,9064.9455000000,0.2500000000,0.5000000000,0.5500000000,3.0000000000,0.6000000000,102,112,104,111,101,112
834,neighbor,True,PASS_IMPLEMENTED_PROJECT_CHECKS,10413.3992500000,9064.9455000000,0.2500000000,0.6000000000,0.3000000000,3.0000000000,0.7000000000,103,112,100,111,103,113
835,neighbor,True,PASS_IMPLEMENTED_PROJECT_CHECKS,9835.4242500000,9064.9455000000,0.2500000000,0.5000000000,0.3000000000,3.0000000000,0.7000000000,103,112,100,111,103,113
836,neighbor,False,MINIMUM_MAIN_STEEL,999999999.0000000000,9064.9455000000,0.2000000000,0.6000000000,0.3000000000,3.0000000000,0.7000000000,100,110,100,111,103,113
837,neighbor,True,PASS_IMPLEMENTED_PROJECT_CHECKS,9161.1975000000,9064.9455000000,0.2500000000,0.5000000000,0.3000000000,3.0000000000,0.7000000000,102,112,102,112,103,113
838,neighbor,False,MINIMUM_MAIN_STEEL,999999999.0000000000,9064.9455000000,0.2500000000,0.5000000000,0.3000000000,3.0000000000,0.7000000000,102,112,100,113,104,112
839,neighbor,True,PASS_IMPLEMENTED_PROJECT_CHECKS,9222.8975000000,9064.9455000000,0.2500000000,0.5000000000,0.3000000000,3.0000000000,0.7000000000,102,112,102,111,103,113
840,neighbor,False,MINIMUM_MAIN_STEEL,999999999.0000000000,9064.9455000000,0.2500000000,0.5000000000,0.3000000000,3.0000000000,0.7000000000,100,110,100,111,103,113
841,neighbor,False,MINIMUM_MAIN_STEEL,999999999.0000000000,9064.9455000000,0.2500000000,0.5000000000,0.3000000000,3.0000000000,0.7000000000,101,113,100,111,103,113
842,neighbor,False,ENVELOPE_BASE_CONTACT,999999999.0000000000,9064.9455000000,0.2500000000,0.5000000000,0.5000000000,2.5000000000,0.7000000000,102,112,103,111,104,110
843,neighbor,True,PASS_IMPLEMENTED_PROJECT_CHECKS,9407.3805000000,9064.9455000000,0.2500000000,0.5000000000,0.3000000000,3.0000000000,0.7000000000,103,113,100,111,103,113
844,neighbor,False,MINIMUM_MAIN_STEEL,999999999.0000000000,9064.9455000000,0.3000000000,0.6000000000,0.3000000000,3.0000000000,0.7000000000,100,111,100,111,103,113
845,neighbor,True,PASS_IMPLEMENTED_PROJECT_CHECKS,9064.9455000000,9064.9455000000,0.2500000000,0.5000000000,0.3000000000,3.0000000000,0.7000000000,102,112,100,111,103,113
846,neighbor,False,MINIMUM_MAIN_STEEL,999999999.0000000000,9064.9455000000,0.2750000000,0.6000000000,0.5500000000,2.5000000000,0.8000000000,104,110,100,113,100,113
847,neighbor,True,PASS_IMPLEMENTED_PROJECT_CHECKS,9490.6755000000,9064.9455000000,0.2500000000,0.5000000000,0.3000000000,3.0000000000,0.7000000000,102,112,100,111,103,111
848,neighbor,False,STEM_STRESS_OR_INTERVAL_BOUND,999999999.0000000000,9064.9455000000,0.3000000000,0.4000000000,0.3000000000,3.0000000000,0.7000000000,103,113,100,111,103,113
849,neighbor,True,PASS_IMPLEMENTED_PROJECT_CHECKS,10756.5262740000,9064.9455000000,0.2000000000,0.5500000000,0.3000000000,3.0000000000,0.5000000000,103,112,104,113,104,111
850,neighbor,True,PASS_IMPLEMENTED_PROJECT_CHECKS,9521.5255000000,9064.9455000000,0.2500000000,0.5000000000,0.3000000000,3.0000000000,0.7000000000,102,111,100,111,103,113
851,neighbor,False,MAXIMUM_MAIN_STEEL,999999999.0000000000,9064.9455000000,0.2500000000,0.5000000000,0.3000000000,3.0000000000,0.7000000000,102,112,104,110,103,113
852,neighbor,True,PASS_IMPLEMENTED_PROJECT_CHECKS,9070.8687000000,9064.9455000000,0.2500000000,0.5000000000,0.3000000000,3.0000000000,0.7000000000,102,112,101,113,103,113
853,neighbor,False,MAXIMUM_MAIN_STEEL,999999999.0000000000,9064.9455000000,0.2500000000,0.5000000000,0.3000000000,3.0000000000,0.7000000000,103,110,100,111,103,113
854,neighbor,False,ENVELOPE_BASE_CONTACT,999999999.0000000000,9064.9455000000,0.2500000000,0.5000000000,0.3000000000,2.5000000000,0.7000000000,102,112,100,110,102,110
855,neighbor,False,STEM_STRESS_OR_INTERVAL_BOUND,999999999.0000000000,9064.9455000000,0.3000000000,0.4000000000,0.5000000000,3.0000000000,0.6000000000,102,112,104,110,103,110
856,neighbor,True,PASS_IMPLEMENTED_PROJECT_CHECKS,9134.0495000000,9064.9455000000,0.2500000000,0.5000000000,0.3000000000,3.0000000000,0.7000000000,102,112,101,111,103,113
857,neighbor,True,PASS_IMPLEMENTED_PROJECT_CHECKS,10226.1471500000,9064.9455000000,0.2250000000,0.5000000000,0.3000000000,3.0000000000,0.7000000000,104,112,100,111,103,113
858,neighbor,True,PASS_IMPLEMENTED_PROJECT_CHECKS,9761.4397800000,9064.9455000000,0.2500000000,0.5000000000,0.3000000000,3.0000000000,0.7000000000,102,112,100,111,104,111
859,neighbor,False,MINIMUM_MAIN_STEEL,999999999.0000000000,9064.9455000000,0.2500000000,0.5000000000,0.3000000000,3.0000000000,0.7000000000,100,113,100,111,103,113
860,neighbor,False,MAXIMUM_MAIN_STEEL,999999999.0000000000,9064.9455000000,0.2500000000,0.6000000000,0.3000000000,3.0000000000,0.7000000000,103,110,100,111,103,113
861,neighbor,False,MEMBER_FLEXURE,999999999.0000000000,9064.9455000000,0.2000000000,0.4500000000,0.3000000000,3.0000000000,0.7000000000,103,113,100,111,103,113
862,neighbor,False,MINIMUM_MAIN_STEEL,999999999.0000000000,9064.9455000000,0.2750000000,0.6000000000,0.3000000000,3.0000000000,0.7000000000,101,112,100,111,103,113
863,neighbor,False,MEMBER_FLEXURE,999999999.0000000000,9064.9455000000,0.2500000000,0.5000000000,0.3000000000,3.0000000000,0.7000000000,102,112,100,111,102,113
864,neighbor,True,PASS_IMPLEMENTED_PROJECT_CHECKS,9224.5942500000,9064.9455000000,0.2500000000,0.5000000000,0.3000000000,3.0000000000,0.7000000000,102,112,100,111,103,112
865,neighbor,False,MEMBER_FLEXURE,999999999.0000000000,9064.9455000000,0.2500000000,0.5000000000,0.3000000000,3.0000000000,0.7000000000,102,112,100,111,102,113
866,neighbor,False,MINIMUM_MAIN_STEEL,999999999.0000000000,9064.9455000000,0.2500000000,0.5000000000,0.3000000000,3.0000000000,0.7000000000,100,112,100,111,103,113
867,neighbor,False,MEMBER_FLEXURE,999999999.0000000000,9064.9455000000,0.2500000000,0.5000000000,0.3000000000,3.0000000000,0.7000000000,102,112,100,111,100,111
868,neighbor,True,PASS_IMPLEMENTED_PROJECT_CHECKS,9835.4242500000,9064.9455000000,0.2500000000,0.5000000000,0.3000000000,3.0000000000,0.7000000000,103,112,100,111,103,113
869,neighbor,True,PASS_IMPLEMENTED_PROJECT_CHECKS,10379.8959000000,9064.9455000000,0.2500000000,0.5000000000,0.3000000000,3.0000000000,0.7000000000,104,112,100,111,103,113
870,neighbor,False,ENVELOPE_BASE_CONTACT,999999999.0000000000,9064.9455000000,0.3000000000,0.5000000000,0.3000000000,2.5000000000,0.8000000000,104,110,102,111,103,113
871,neighbor,False,MAXIMUM_MAIN_STEEL,999999999.0000000000,9064.9455000000,0.2500000000,0.5000000000,0.3000000000,3.0000000000,0.7000000000,102,112,100,111,104,110
872,neighbor,False,MINIMUM_MAIN_STEEL,999999999.0000000000,9064.9455000000,0.2500000000,0.6000000000,0.4000000000,3.0000000000,0.8000000000,100,113,100,111,102,112
873,neighbor,True,PASS_IMPLEMENTED_PROJECT_CHECKS,10845.2512500000,9064.9455000000,0.2500000000,0.5000000000,0.4500000000,3.5000000000,0.8000000000,102,112,102,110,102,113
874,neighbor,False,MINIMUM_MAIN_STEEL,999999999.0000000000,9064.9455000000,0.2500000000,0.5000000000,0.5500000000,3.5000000000,0.8000000000,102,112,100,111,101,110
875,neighbor,False,STEM_STRESS_OR_INTERVAL_BOUND,999999999.0000000000,9064.9455000000,0.2500000000,0.4500000000,0.3000000000,3.0000000000,0.7000000000,101,111,100,111,103,113
876,neighbor,False,MINIMUM_MAIN_STEEL,999999999.0000000000,9064.9455000000,0.2500000000,0.5000000000,0.3000000000,3.0000000000,0.7000000000,102,112,100,112,103,113
877,neighbor,False,MINIMUM_MAIN_STEEL,999999999.0000000000,9064.9455000000,0.2500000000,0.5500000000,0.3000000000,3.0000000000,0.7000000000,100,111,100,111,103,113
878,neighbor,True,PASS_IMPLEMENTED_PROJECT_CHECKS,9842.9578200000,9064.9455000000,0.2500000000,0.5000000000,0.3000000000,3.0000000000,0.7000000000,104,113,100,111,103,113
879,neighbor,True,PASS_IMPLEMENTED_PROJECT_CHECKS,9361.7225000000,9064.9455000000,0.2500000000,0.5000000000,0.3000000000,3.0000000000,0.7000000000,102,112,103,111,103,113
880,neighbor,False,MINIMUM_MAIN_STEEL,999999999.0000000000,9064.9455000000,0.2000000000,0.6000000000,0.3000000000,3.0000000000,0.7000000000,100,113,100,111,103,113
881,neighbor,False,MINIMUM_MAIN_STEEL,999999999.0000000000,9064.9455000000,0.2500000000,0.5000000000,0.3000000000,3.0000000000,0.7000000000,101,111,100,111,103,113
882,neighbor,True,PASS_IMPLEMENTED_PROJECT_CHECKS,9222.8975000000,9064.9455000000,0.2500000000,0.5000000000,0.3000000000,3.0000000000,0.7000000000,102,112,102,111,103,113
883,neighbor,False,MAXIMUM_MAIN_STEEL,999999999.0000000000,9064.9455000000,0.2500000000,0.5000000000,0.4000000000,3.0000000000,0.7000000000,104,111,104,110,103,111
884,neighbor,False,ENVELOPE_BASE_CONTACT,999999999.0000000000,9064.9455000000,0.2000000000,0.5500000000,0.3000000000,2.5000000000,0.8000000000,103,111,104,110,104,110
885,neighbor,True,PASS_IMPLEMENTED_PROJECT_CHECKS,9346.2975000000,9064.9455000000,0.2500000000,0.5000000000,0.3000000000,3.0000000000,0.7000000000,102,112,102,110,103,113
886,neighbor,False,MINIMUM_MAIN_STEEL,999999999.0000000000,9064.9455000000,0.2000000000,0.5500000000,0.3000000000,3.0000000000,0.7000000000,100,112,100,111,103,113
887,neighbor,False,MAXIMUM_MAIN_STEEL,999999999.0000000000,9064.9455000000,0.2500000000,0.5000000000,0.3000000000,3.0000000000,0.7000000000,102,112,100,111,104,110
888,neighbor,False,MINIMUM_MAIN_STEEL,999999999.0000000000,9064.9455000000,0.2500000000,0.5000000000,0.3000000000,3.0000000000,0.7000000000,100,113,100,111,103,113
889,neighbor,True,PASS_IMPLEMENTED_PROJECT_CHECKS,9338.8935000000,9064.9455000000,0.2500000000,0.5000000000,0.3000000000,3.0000000000,0.7000000000,102,112,104,112,103,113
890,neighbor,True,PASS_IMPLEMENTED_PROJECT_CHECKS,10434.6855000000,9064.9455000000,0.2500000000,0.5000000000,0.3000000000,3.0000000000,0.7000000000,102,110,100,111,103,113
891,neighbor,False,MINIMUM_MAIN_STEEL,999999999.0000000000,9064.9455000000,0.2500000000,0.5000000000,0.3000000000,3.0000000000,0.7000000000,100,110,100,111,103,113
892,neighbor,False,MINIMUM_MAIN_STEEL,999999999.0000000000,9064.9455000000,0.2500000000,0.5000000000,0.3000000000,3.0000000000,0.7000000000,102,113,100,111,103,113
893,neighbor,True,PASS_IMPLEMENTED_PROJECT_CHECKS,9222.8975000000,9064.9455000000,0.2500000000,0.5000000000,0.3000000000,3.0000000000,0.7000000000,102,112,102,111,103,113
894,neighbor,True,PASS_IMPLEMENTED_PROJECT_CHECKS,9070.8687000000,9064.9455000000,0.2500000000,0.5000000000,0.3000000000,3.0000000000,0.7000000000,102,112,101,113,103,113
895,neighbor,False,MEMBER_FLEXURE,999999999.0000000000,9064.9455000000,0.2500000000,0.5000000000,0.3000000000,3.0000000000,0.7000000000,102,112,100,111,100,110
896,neighbor,False,MINIMUM_MAIN_STEEL,999999999.0000000000,9064.9455000000,0.2000000000,0.5500000000,0.4500000000,3.0000000000,0.8000000000,102,111,104,113,100,112
897,neighbor,True,PASS_IMPLEMENTED_PROJECT_CHECKS,9134.0495000000,9064.9455000000,0.2500000000,0.5000000000,0.3000000000,3.0000000000,0.7000000000,102,112,101,111,103,113
898,neighbor,True,PASS_IMPLEMENTED_PROJECT_CHECKS,9448.1025000000,9064.9455000000,0.2500000000,0.5000000000,0.3000000000,3.0000000000,0.7000000000,102,112,100,111,102,110
899,neighbor,False,MEMBER_FLEXURE,999999999.0000000000,9064.9455000000,0.2250000000,0.6000000000,0.3000000000,3.0000000000,0.5000000000,101,110,103,111,101,111
900,neighbor,False,ENVELOPE_BASE_CONTACT,999999999.0000000000,9064.9455000000,0.2500000000,0.5000000000,0.3000000000,2.5000000000,0.6000000000,102,112,102,110,104,112
901,neighbor,False,MINIMUM_MAIN_STEEL,999999999.0000000000,9064.9455000000,0.2500000000,0.5000000000,0.3000000000,3.0000000000,0.7000000000,101,113,100,111,103,113
902,neighbor,False,MINIMUM_MAIN_STEEL,999999999.0000000000,9064.9455000000,0.2500000000,0.5000000000,0.3000000000,3.0000000000,0.7000000000,100,112,100,111,103,113
903,neighbor,False,MINIMUM_MAIN_STEEL,999999999.0000000000,9064.9455000000,0.2500000000,0.5000000000,0.3000000000,3.0000000000,0.7000000000,100,111,100,111,103,113
904,neighbor,True,PASS_IMPLEMENTED_PROJECT_CHECKS,9361.7225000000,9064.9455000000,0.2500000000,0.5000000000,0.3000000000,3.0000000000,0.7000000000,102,112,103,111,103,113
905,neighbor,False,MINIMUM_MAIN_STEEL,999999999.0000000000,9064.9455000000,0.3000000000,0.6000000000,0.3500000000,3.0000000000,0.7000000000,101,113,103,113,102,112
906,neighbor,False,MINIMUM_MAIN_STEEL,999999999.0000000000,9064.9455000000,0.2000000000,0.4000000000,0.4500000000,2.5000000000,0.6000000000,100,111,102,111,100,112
907,neighbor,False,MINIMUM_MAIN_STEEL,999999999.0000000000,9064.9455000000,0.3000000000,0.5000000000,0.3000000000,3.0000000000,0.7000000000,100,110,100,111,103,113
908,neighbor,False,ENVELOPE_BASE_CONTACT,999999999.0000000000,9064.9455000000,0.2500000000,0.5000000000,0.3000000000,2.5000000000,0.9000000000,102,112,101,113,103,110
909,neighbor,False,MAXIMUM_MAIN_STEEL,999999999.0000000000,9064.9455000000,0.2500000000,0.4000000000,0.3000000000,3.0000000000,0.7000000000,104,110,100,111,103,113
910,neighbor,False,MAXIMUM_MAIN_STEEL,999999999.0000000000,9064.9455000000,0.2500000000,0.5000000000,0.3000000000,3.0000000000,0.7000000000,104,110,100,111,103,113
911,neighbor,True,PASS_IMPLEMENTED_PROJECT_CHECKS,12652.5880000000,9064.9455000000,0.2500000000,0.5000000000,0.5000000000,3.5000000000,0.6000000000,102,112,103,113,103,110
912,neighbor,True,PASS_IMPLEMENTED_PROJECT_CHECKS,9224.5942500000,9064.9455000000,0.2500000000,0.5000000000,0.3000000000,3.0000000000,0.7000000000,102,112,100,111,103,112
913,neighbor,True,PASS_IMPLEMENTED_PROJECT_CHECKS,10937.3700000000,9064.9455000000,0.2500000000,0.5000000000,0.3000000000,3.5000000000,0.7000000000,102,112,102,113,103,110
914,neighbor,True,PASS_IMPLEMENTED_PROJECT_CHECKS,9080.2717800000,9064.9455000000,0.2500000000,0.5000000000,0.3000000000,3.0000000000,0.7000000000,102,112,100,111,101,110
915,neighbor,False,ENVELOPE_BASE_CONTACT,999999999.0000000000,9064.9455000000,0.2500000000,0.5000000000,0.3500000000,2.5000000000,0.6000000000,102,112,104,113,103,111
916,neighbor,False,MEMBER_FLEXURE,999999999.0000000000,9064.9455000000,0.2500000000,0.5000000000,0.3000000000,3.0000000000,0.7000000000,102,112,100,111,100,110
917,neighbor,False,MAXIMUM_MAIN_STEEL,999999999.0000000000,9064.9455000000,0.2250000000,0.4000000000,0.3000000000,3.0000000000,0.6000000000,104,110,103,112,100,110
918,neighbor,True,PASS_IMPLEMENTED_PROJECT_CHECKS,9266.3343000000,9064.9455000000,0.2500000000,0.5000000000,0.3000000000,3.0000000000,0.7000000000,102,112,104,113,103,113
919,neighbor,True,PASS_IMPLEMENTED_PROJECT_CHECKS,13403.7625000000,9064.9455000000,0.2750000000,0.6000000000,0.4000000000,3.5000000000,0.7000000000,103,111,102,110,103,111
920,neighbor,False,MINIMUM_MAIN_STEEL,999999999.0000000000,9064.9455000000,0.2500000000,0.5000000000,0.3000000000,3.0000000000,0.7000000000,101,112,100,111,103,113
921,neighbor,False,MINIMUM_MAIN_STEEL,999999999.0000000000,9064.9455000000,0.2500000000,0.5000000000,0.3000000000,3.0000000000,0.7000000000,100,111,103,110,103,112
922,neighbor,True,PASS_IMPLEMENTED_PROJECT_CHECKS,9338.8935000000,9064.9455000000,0.2500000000,0.5000000000,0.3000000000,3.0000000000,0.7000000000,102,112,104,112,103,113
923,neighbor,False,MINIMUM_MAIN_STEEL,999999999.0000000000,9064.9455000000,0.3000000000,0.6000000000,0.3000000000,2.5000000000,0.7000000000,101,112,103,110,100,111
924,neighbor,True,PASS_IMPLEMENTED_PROJECT_CHECKS,9448.1025000000,9064.9455000000,0.2500000000,0.5000000000,0.3000000000,3.0000000000,0.7000000000,102,112,100,111,102,110
925,neighbor,True,PASS_IMPLEMENTED_PROJECT_CHECKS,9265.3162500000,9064.9455000000,0.2500000000,0.5000000000,0.3000000000,3.0000000000,0.7000000000,102,112,103,112,103,113
926,neighbor,True,PASS_IMPLEMENTED_PROJECT_CHECKS,10548.8305000000,9064.9455000000,0.2500000000,0.5000000000,0.3000000000,3.0000000000,0.7000000000,103,111,100,111,103,113
927,neighbor,False,MINIMUM_MAIN_STEEL,999999999.0000000000,9064.9455000000,0.2500000000,0.5000000000,0.4500000000,2.5000000000,0.5000000000,104,112,103,113,100,113
928,neighbor,True,PASS_IMPLEMENTED_PROJECT_CHECKS,9338.8935000000,9064.9455000000,0.2500000000,0.5000000000,0.3000000000,3.0000000000,0.7000000000,102,112,104,112,103,113
929,neighbor,False,MAXIMUM_MAIN_STEEL,999999999.0000000000,9064.9455000000,0.2500000000,0.4000000000,0.3000000000,3.0000000000,0.5000000000,104,110,101,110,101,112
930,neighbor,False,ENVELOPE_BASE_CONTACT,999999999.0000000000,9064.9455000000,0.2500000000,0.5000000000,0.3000000000,2.5000000000,0.9000000000,102,112,103,113,101,112
931,neighbor,False,MEMBER_FLEXURE,999999999.0000000000,9064.9455000000,0.2500000000,0.5000000000,0.3000000000,3.0000000000,0.7000000000,102,112,100,111,102,113
932,neighbor,False,MINIMUM_MAIN_STEEL,999999999.0000000000,9064.9455000000,0.2500000000,0.5000000000,0.3000000000,3.0000000000,0.7000000000,101,112,100,111,103,113
933,neighbor,True,PASS_IMPLEMENTED_PROJECT_CHECKS,9338.8935000000,9064.9455000000,0.2500000000,0.5000000000,0.3000000000,3.0000000000,0.7000000000,102,112,104,112,103,113
934,neighbor,False,MINIMUM_MAIN_STEEL,999999999.0000000000,9064.9455000000,0.2500000000,0.5000000000,0.3000000000,3.0000000000,0.7000000000,102,112,100,112,103,113
935,neighbor,True,PASS_IMPLEMENTED_PROJECT_CHECKS,9227.4040680000,9064.9455000000,0.2500000000,0.5000000000,0.3000000000,3.0000000000,0.7000000000,102,112,100,111,104,113
936,neighbor,True,PASS_IMPLEMENTED_PROJECT_CHECKS,9842.9578200000,9064.9455000000,0.2500000000,0.5000000000,0.3000000000,3.0000000000,0.7000000000,104,113,100,111,103,113
937,neighbor,False,MINIMUM_MAIN_STEEL,999999999.0000000000,9064.9455000000,0.2500000000,0.5000000000,0.3000000000,3.0000000000,0.7000000000,100,110,100,111,103,113
938,neighbor,True,PASS_IMPLEMENTED_PROJECT_CHECKS,9891.2089500000,9064.9455000000,0.2750000000,0.5500000000,0.3000000000,3.0000000000,0.7000000000,101,110,100,111,103,113
939,neighbor,False,MINIMUM_MAIN_STEEL,999999999.0000000000,9064.9455000000,0.2500000000,0.5000000000,0.5500000000,3.5000000000,0.5000000000,102,112,101,113,103,110
940,neighbor,False,ENVELOPE_BASE_CONTACT,999999999.0000000000,9064.9455000000,0.2750000000,0.6000000000,0.5500000000,2.5000000000,0.5000000000,103,110,100,110,104,110
941,neighbor,True,PASS_IMPLEMENTED_PROJECT_CHECKS,9266.3343000000,9064.9455000000,0.2500000000,0.5000000000,0.3000000000,3.0000000000,0.7000000000,102,112,104,113,103,113
942,neighbor,True,PASS_IMPLEMENTED_PROJECT_CHECKS,9094.5615000000,9064.9455000000,0.2500000000,0.5000000000,0.3000000000,3.0000000000,0.7000000000,102,112,101,112,103,113
943,neighbor,False,MINIMUM_MAIN_STEEL,999999999.0000000000,9064.9455000000,0.2000000000,0.6000000000,0.3000000000,3.0000000000,0.7000000000,101,113,100,111,103,113
944,neighbor,False,MEMBER_FLEXURE,999999999.0000000000,9064.9455000000,0.2000000000,0.4500000000,0.3000000000,3.0000000000,0.7000000000,103,112,100,111,103,113
945,neighbor,False,MAXIMUM_MAIN_STEEL,999999999.0000000000,9064.9455000000,0.2500000000,0.5000000000,0.3000000000,3.0000000000,0.7000000000,104,110,100,111,103,113
946,neighbor,False,MINIMUM_MAIN_STEEL,999999999.0000000000,9064.9455000000,0.2750000000,0.5500000000,0.3000000000,3.0000000000,0.7000000000,101,111,100,111,103,113
947,neighbor,False,MEMBER_FLEXURE,999999999.0000000000,9064.9455000000,0.2500000000,0.5000000000,0.3000000000,3.0000000000,0.8000000000,102,112,101,112,102,112
948,neighbor,False,MEMBER_FLEXURE,999999999.0000000000,9064.9455000000,0.2500000000,0.4500000000,0.3000000000,3.0000000000,0.7000000000,103,113,100,111,103,113
949,neighbor,False,MINIMUM_MAIN_STEEL,999999999.0000000000,9064.9455000000,0.2500000000,0.5000000000,0.5500000000,3.0000000000,0.9000000000,102,112,101,112,102,112
950,neighbor,False,MINIMUM_MAIN_STEEL,999999999.0000000000,9064.9455000000,0.3000000000,0.4500000000,0.3000000000,3.0000000000,0.7000000000,102,113,100,111,103,113
951,neighbor,False,MINIMUM_MAIN_STEEL,999999999.0000000000,9064.9455000000,0.2500000000,0.5000000000,0.3000000000,3.0000000000,0.7000000000,102,112,100,111,100,112
952,neighbor,True,PASS_IMPLEMENTED_PROJECT_CHECKS,9338.8935000000,9064.9455000000,0.2500000000,0.5000000000,0.3000000000,3.0000000000,0.7000000000,102,112,104,112,103,113
953,neighbor,True,PASS_IMPLEMENTED_PROJECT_CHECKS,11868.3705000000,9064.9455000000,0.2500000000,0.5000000000,0.5500000000,3.5000000000,0.7000000000,102,112,103,112,102,111
954,neighbor,True,PASS_IMPLEMENTED_PROJECT_CHECKS,9690.2032200000,9064.9455000000,0.2500000000,0.5000000000,0.3000000000,3.5000000000,0.8000000000,102,112,100,110,101,110
955,neighbor,False,MAXIMUM_MAIN_STEEL,999999999.0000000000,9064.9455000000,0.2500000000,0.5500000000,0.3000000000,3.0000000000,0.7000000000,104,110,100,111,103,113
956,neighbor,False,MINIMUM_MAIN_STEEL,999999999.0000000000,9064.9455000000,0.2250000000,0.4000000000,0.3000000000,3.0000000000,0.7000000000,101,113,100,111,103,113
957,neighbor,False,MINIMUM_MAIN_STEEL,999999999.0000000000,9064.9455000000,0.2500000000,0.5000000000,0.3000000000,2.5000000000,0.5000000000,102,112,100,112,103,111
958,neighbor,True,PASS_IMPLEMENTED_PROJECT_CHECKS,9207.4725000000,9064.9455000000,0.2500000000,0.5000000000,0.3000000000,3.0000000000,0.7000000000,102,112,103,113,103,113
959,neighbor,False,MINIMUM_MAIN_STEEL,999999999.0000000000,9064.9455000000,0.2500000000,0.5500000000,0.3500000000,2.5000000000,0.8000000000,104,110,100,113,100,111
960,neighbor,True,PASS_IMPLEMENTED_PROJECT_CHECKS,9996.7065700000,9064.9455000000,0.2750000000,0.5000000000,0.3000000000,3.0000000000,0.7000000000,104,113,100,111,103,113
961,neighbor,True,PASS_IMPLEMENTED_PROJECT_CHECKS,9459.8255000000,9064.9455000000,0.2500000000,0.5000000000,0.3000000000,3.0000000000,0.7000000000,102,112,104,111,103,113
962,neighbor,False,MINIMUM_MAIN_STEEL,999999999.0000000000,9064.9455000000,0.2750000000,0.5000000000,0.3000000000,3.5000000000,0.9000000000,100,110,101,111,104,110
963,neighbor,False,MINIMUM_MAIN_STEEL,999999999.0000000000,9064.9455000000,0.2500000000,0.5000000000,0.3000000000,3.0000000000,0.7000000000,100,113,100,111,103,113
964,neighbor,True,PASS_IMPLEMENTED_PROJECT_CHECKS,9805.8637800000,9064.9455000000,0.2500000000,0.5000000000,0.3000000000,3.0000000000,0.7000000000,102,112,100,110,104,111
965,neighbor,False,MINIMUM_MAIN_STEEL,999999999.0000000000,9064.9455000000,0.2750000000,0.5500000000,0.3500000000,3.5000000000,0.5000000000,102,113,100,113,104,111
966,neighbor,False,MAXIMUM_MAIN_STEEL,999999999.0000000000,9064.9455000000,0.2500000000,0.5000000000,0.3000000000,3.0000000000,0.7000000000,102,112,100,111,104,110
967,neighbor,True,PASS_IMPLEMENTED_PROJECT_CHECKS,9346.2975000000,9064.9455000000,0.2500000000,0.5000000000,0.3000000000,3.0000000000,0.7000000000,102,112,102,110,103,113
968,neighbor,True,PASS_IMPLEMENTED_PROJECT_CHECKS,9207.4725000000,9064.9455000000,0.2500000000,0.5000000000,0.3000000000,3.0000000000,0.7000000000,102,112,103,113,103,113
969,neighbor,False,ENVELOPE_BASE_CONTACT,999999999.0000000000,9064.9455000000,0.2000000000,0.5500000000,0.3000000000,2.5000000000,0.5000000000,104,112,101,112,102,110
970,neighbor,True,PASS_IMPLEMENTED_PROJECT_CHECKS,11322.2005540000,9064.9455000000,0.2500000000,0.6000000000,0.3000000000,3.5000000000,0.9000000000,103,112,101,110,104,113
971,neighbor,False,ENVELOPE_BASE_CONTACT,999999999.0000000000,9064.9455000000,0.2750000000,0.5000000000,0.3000000000,2.5000000000,0.9000000000,103,112,103,112,102,113
972,neighbor,False,MAXIMUM_MAIN_STEEL,999999999.0000000000,9064.9455000000,0.2500000000,0.5000000000,0.3000000000,3.0000000000,0.7000000000,104,111,100,111,103,113
973,neighbor,False,MINIMUM_MAIN_STEEL,999999999.0000000000,9064.9455000000,0.2000000000,0.5000000000,0.3000000000,3.0000000000,0.7000000000,102,113,103,113,103,111
974,neighbor,False,MINIMUM_MAIN_STEEL,999999999.0000000000,9064.9455000000,0.2750000000,0.4000000000,0.3000000000,3.0000000000,0.7000000000,101,112,100,111,103,113
975,neighbor,False,MINIMUM_MAIN_STEEL,999999999.0000000000,9064.9455000000,0.3000000000,0.6000000000,0.3000000000,3.0000000000,0.7000000000,102,112,100,111,103,113
976,neighbor,False,MEMBER_FLEXURE,999999999.0000000000,9064.9455000000,0.2500000000,0.5000000000,0.3000000000,3.0000000000,0.9000000000,102,112,101,110,101,111
977,neighbor,True,PASS_IMPLEMENTED_PROJECT_CHECKS,11582.2902000000,9064.9455000000,0.3000000000,0.5000000000,0.3000000000,3.0000000000,0.7000000000,104,111,100,111,103,113
978,neighbor,False,MINIMUM_MAIN_STEEL,999999999.0000000000,9064.9455000000,0.2500000000,0.5000000000,0.3000000000,3.0000000000,0.7000000000,100,111,100,111,103,113
979,neighbor,False,ENVELOPE_BASE_CONTACT,999999999.0000000000,9064.9455000000,0.2000000000,0.6000000000,0.4000000000,2.5000000000,0.9000000000,103,113,103,110,101,111
980,neighbor,True,PASS_IMPLEMENTED_PROJECT_CHECKS,10022.8380000000,9064.9455000000,0.2500000000,0.5000000000,0.3000000000,3.0000000000,0.7000000000,102,112,100,111,103,110
981,neighbor,False,MAXIMUM_MAIN_STEEL,999999999.0000000000,9064.9455000000,0.2750000000,0.5500000000,0.3000000000,3.0000000000,0.8000000000,104,110,103,112,101,112
982,neighbor,False,MINIMUM_MAIN_STEEL,999999999.0000000000,9064.9455000000,0.2500000000,0.5000000000,0.3000000000,3.0000000000,0.7000000000,101,111,100,111,103,113
983,neighbor,False,MINIMUM_MAIN_STEEL,999999999.0000000000,9064.9455000000,0.2500000000,0.5000000000,0.4000000000,2.5000000000,0.6000000000,100,111,104,111,100,113
984,neighbor,True,PASS_IMPLEMENTED_PROJECT_CHECKS,10991.5667500000,9064.9455000000,0.2750000000,0.5500000000,0.3000000000,3.0000000000,0.7000000000,103,111,100,111,103,113
985,neighbor,False,MINIMUM_MAIN_STEEL,999999999.0000000000,9064.9455000000,0.2500000000,0.5000000000,0.3000000000,3.0000000000,0.7000000000,100,113,100,111,103,113
986,neighbor,True,PASS_IMPLEMENTED_PROJECT_CHECKS,9070.8687000000,9064.9455000000,0.2500000000,0.5000000000,0.3000000000,3.0000000000,0.7000000000,102,112,101,113,103,113
987,neighbor,True,PASS_IMPLEMENTED_PROJECT_CHECKS,9835.4242500000,9064.9455000000,0.2500000000,0.5000000000,0.3000000000,3.0000000000,0.7000000000,103,112,100,111,103,113
988,neighbor,True,PASS_IMPLEMENTED_PROJECT_CHECKS,9448.4727000000,9064.9455000000,0.2500000000,0.5000000000,0.3000000000,3.0000000000,0.7000000000,101,110,100,111,103,113
989,neighbor,False,MAXIMUM_MAIN_STEEL,999999999.0000000000,9064.9455000000,0.2500000000,0.5000000000,0.3000000000,3.0000000000,0.7000000000,103,110,100,111,103,113
990,neighbor,False,MINIMUM_MAIN_STEEL,999999999.0000000000,9064.9455000000,0.2500000000,0.4500000000,0.3000000000,3.5000000000,0.7000000000,103,113,100,112,100,111
991,neighbor,True,PASS_IMPLEMENTED_PROJECT_CHECKS,10804.1221500000,9064.9455000000,0.2250000000,0.6000000000,0.3000000000,3.0000000000,0.7000000000,104,112,100,111,103,113
992,neighbor,False,MINIMUM_MAIN_STEEL,999999999.0000000000,9064.9455000000,0.2500000000,0.5000000000,0.3000000000,2.5000000000,0.7000000000,102,112,102,110,100,113
993,neighbor,True,PASS_IMPLEMENTED_PROJECT_CHECKS,9346.2975000000,9064.9455000000,0.2500000000,0.5000000000,0.3000000000,3.0000000000,0.7000000000,102,112,102,110,103,113
994,neighbor,True,PASS_IMPLEMENTED_PROJECT_CHECKS,9346.2975000000,9064.9455000000,0.2500000000,0.5000000000,0.3000000000,3.0000000000,0.7000000000,102,112,102,110,103,113
995,neighbor,False,MEMBER_FLEXURE,999999999.0000000000,9064.9455000000,0.2500000000,0.5000000000,0.3000000000,3.0000000000,0.7000000000,102,112,100,111,102,113
996,neighbor,True,PASS_IMPLEMENTED_PROJECT_CHECKS,9835.4242500000,9064.9455000000,0.2500000000,0.5000000000,0.3000000000,3.0000000000,0.7000000000,103,112,100,111,103,113
997,neighbor,False,ENVELOPE_BASE_CONTACT,999999999.0000000000,9064.9455000000,0.2500000000,0.5000000000,0.5500000000,2.5000000000,0.8000000000,102,112,104,111,102,112
998,neighbor,True,PASS_IMPLEMENTED_PROJECT_CHECKS,9448.1025000000,9064.9455000000,0.2500000000,0.5000000000,0.3000000000,3.0000000000,0.7000000000,102,112,100,111,102,110
999,neighbor,False,ENVELOPE_BASE_CONTACT,999999999.0000000000,9064.9455000000,0.2000000000,0.5500000000,0.3000000000,2.5000000000,0.8000000000,104,112,102,113,101,110
1000,neighbor,False,ENVELOPE_BASE_CONTACT,999999999.0000000000,9064.9455000000,0.2750000000,0.4000000000,0.3000000000,2.5000000000,0.9000000000,102,110,101,110,104,112
1001,neighbor,True,PASS_IMPLEMENTED_PROJECT_CHECKS,9823.4752200000,9064.9455000000,0.2500000000,0.5000000000,0.3000000000,3.5000000000,0.9000000000,102,112,102,111,101,110
1002,neighbor,False,ENVELOPE_BASE_CONTACT,999999999.0000000000,9064.9455000000,0.2500000000,0.5000000000,0.3000000000,2.5000000000,0.9000000000,102,112,104,113,104,112
1003,neighbor,True,PASS_IMPLEMENTED_PROJECT_CHECKS,9554.5350000000,9064.9455000000,0.2500000000,0.5000000000,0.3000000000,3.0000000000,0.7000000000,102,112,103,110,103,113
1004,neighbor,True,PASS_IMPLEMENTED_PROJECT_CHECKS,10905.8063610000,9064.9455000000,0.2750000000,0.4500000000,0.3500000000,3.0000000000,0.9000000000,102,110,103,113,104,113
1005,neighbor,False,MAXIMUM_MAIN_STEEL,999999999.0000000000,9064.9455000000,0.2500000000,0.5000000000,0.3000000000,3.0000000000,0.7000000000,102,112,100,111,104,110
1006,neighbor,False,MAXIMUM_MAIN_STEEL,999999999.0000000000,9064.9455000000,0.2250000000,0.5000000000,0.3000000000,3.5000000000,0.9000000000,104,110,102,111,101,111
1007,neighbor,False,MAXIMUM_MAIN_STEEL,999999999.0000000000,9064.9455000000,0.2750000000,0.5500000000,0.3500000000,3.0000000000,0.9000000000,104,110,101,112,102,113
1008,neighbor,False,MINIMUM_MAIN_STEEL,999999999.0000000000,9064.9455000000,0.2750000000,0.5000000000,0.3000000000,3.0000000000,0.6000000000,101,112,101,112,104,111
1009,neighbor,False,MINIMUM_MAIN_STEEL,999999999.0000000000,9064.9455000000,0.2250000000,0.4000000000,0.3000000000,3.0000000000,0.7000000000,100,110,100,111,103,113
1010,neighbor,False,MINIMUM_MAIN_STEEL,999999999.0000000000,9064.9455000000,0.2500000000,0.5500000000,0.5500000000,2.5000000000,0.9000000000,102,112,104,112,102,112
1011,neighbor,True,PASS_IMPLEMENTED_PROJECT_CHECKS,9094.5615000000,9064.9455000000,0.2500000000,0.5000000000,0.3000000000,3.0000000000,0.7000000000,102,112,101,112,103,113
1012,neighbor,False,MINIMUM_MAIN_STEEL,999999999.0000000000,9064.9455000000,0.2750000000,0.5500000000,0.3000000000,2.5000000000,0.8000000000,103,112,104,110,100,112
1013,neighbor,True,PASS_IMPLEMENTED_PROJECT_CHECKS,9124.1775000000,9064.9455000000,0.2500000000,0.5000000000,0.3000000000,3.0000000000,0.7000000000,102,112,102,113,103,113
1014,neighbor,True,PASS_IMPLEMENTED_PROJECT_CHECKS,9554.5350000000,9064.9455000000,0.2500000000,0.5000000000,0.3000000000,3.0000000000,0.7000000000,102,112,103,110,103,113
1015,neighbor,True,PASS_IMPLEMENTED_PROJECT_CHECKS,9224.5942500000,9064.9455000000,0.2500000000,0.5000000000,0.3000000000,3.0000000000,0.7000000000,102,112,100,111,103,112
1016,neighbor,False,MEMBER_FLEXURE,999999999.0000000000,9064.9455000000,0.2500000000,0.5000000000,0.3000000000,3.0000000000,0.7000000000,102,112,100,111,101,113
1017,neighbor,True,PASS_IMPLEMENTED_PROJECT_CHECKS,9064.9455000000,9064.9455000000,0.2500000000,0.5000000000,0.3000000000,3.0000000000,0.7000000000,102,112,100,111,103,113
1018,neighbor,True,PASS_IMPLEMENTED_PROJECT_CHECKS,9222.8975000000,9064.9455000000,0.2500000000,0.5000000000,0.3000000000,3.0000000000,0.7000000000,102,112,102,111,103,113
1019,neighbor,True,PASS_IMPLEMENTED_PROJECT_CHECKS,11126.8055000000,9064.9455000000,0.2500000000,0.6000000000,0.3000000000,3.0000000000,0.7000000000,103,111,100,111,103,113
1020,neighbor,False,MINIMUM_MAIN_STEEL,999999999.0000000000,9064.9455000000,0.2500000000,0.5000000000,0.3000000000,3.0000000000,0.7000000000,102,112,100,113,103,113
1021,neighbor,True,PASS_IMPLEMENTED_PROJECT_CHECKS,9835.4242500000,9064.9455000000,0.2500000000,0.5000000000,0.3000000000,3.0000000000,0.7000000000,103,112,100,111,103,113
1022,neighbor,True,PASS_IMPLEMENTED_PROJECT_CHECKS,9107.5185000000,9064.9455000000,0.2500000000,0.5000000000,0.3000000000,3.0000000000,0.7000000000,102,112,100,111,102,111
1023,neighbor,False,MEMBER_FLEXURE,999999999.0000000000,9064.9455000000,0.2500000000,0.5000000000,0.3000000000,3.5000000000,0.6000000000,102,112,101,113,101,111
1024,neighbor,False,MINIMUM_MAIN_STEEL,999999999.0000000000,9064.9455000000,0.2000000000,0.4000000000,0.3000000000,3.0000000000,0.7000000000,100,111,100,111,103,113
1025,neighbor,False,MINIMUM_MAIN_STEEL,999999999.0000000000,9064.9455000000,0.2250000000,0.6000000000,0.3000000000,3.0000000000,0.7000000000,100,110,100,111,103,113
1026,neighbor,False,MEMBER_FLEXURE,999999999.0000000000,9064.9455000000,0.2500000000,0.5000000000,0.4000000000,3.0000000000,0.7000000000,102,112,100,110,101,113
1027,neighbor,False,MINIMUM_MAIN_STEEL,999999999.0000000000,9064.9455000000,0.2500000000,0.4500000000,0.4500000000,3.5000000000,0.7000000000,100,110,103,112,101,111
1028,neighbor,False,STEM_STRESS_OR_INTERVAL_BOUND,999999999.0000000000,9064.9455000000,0.2750000000,0.4000000000,0.3000000000,3.0000000000,0.7000000000,101,111,100,111,103,113
1029,neighbor,True,PASS_IMPLEMENTED_PROJECT_CHECKS,9080.2717800000,9064.9455000000,0.2500000000,0.5000000000,0.3000000000,3.0000000000,0.7000000000,102,112,100,111,101,110
1030,neighbor,True,PASS_IMPLEMENTED_PROJECT_CHECKS,9346.2975000000,9064.9455000000,0.2500000000,0.5000000000,0.3000000000,3.0000000000,0.7000000000,102,112,102,110,103,113
1031,neighbor,True,PASS_IMPLEMENTED_PROJECT_CHECKS,9134.0495000000,9064.9455000000,0.2500000000,0.5000000000,0.3000000000,3.0000000000,0.7000000000,102,112,101,111,103,113
1032,neighbor,False,MINIMUM_MAIN_STEEL,999999999.0000000000,9064.9455000000,0.2500000000,0.5000000000,0.3000000000,3.0000000000,0.7000000000,100,113,100,111,103,113
1033,neighbor,True,PASS_IMPLEMENTED_PROJECT_CHECKS,9109.3695000000,9064.9455000000,0.2500000000,0.5000000000,0.3000000000,3.0000000000,0.7000000000,102,112,100,110,103,113
1034,neighbor,True,PASS_IMPLEMENTED_PROJECT_CHECKS,10480.1766800000,9064.9455000000,0.2500000000,0.5000000000,0.4000000000,3.5000000000,0.7000000000,102,112,101,112,101,110
1035,neighbor,True,PASS_IMPLEMENTED_PROJECT_CHECKS,9761.4397800000,9064.9455000000,0.2500000000,0.5000000000,0.3000000000,3.0000000000,0.7000000000,102,112,100,111,104,111
1036,neighbor,True,PASS_IMPLEMENTED_PROJECT_CHECKS,10052.3513700000,9064.9455000000,0.2500000000,0.5000000000,0.3000000000,3.5000000000,0.8000000000,102,112,103,112,104,113
1037,neighbor,False,MINIMUM_MAIN_STEEL,999999999.0000000000,9064.9455000000,0.2500000000,0.5000000000,0.3500000000,2.5000000000,0.9000000000,102,112,100,112,103,112
1038,neighbor,False,MINIMUM_MAIN_STEEL,999999999.0000000000,9064.9455000000,0.2500000000,0.5500000000,0.3000000000,3.0000000000,0.7000000000,101,113,100,111,103,113
1039,neighbor,False,MINIMUM_MAIN_STEEL,999999999.0000000000,9064.9455000000,0.2500000000,0.5000000000,0.3000000000,3.0000000000,0.7000000000,102,112,100,111,100,113
1040,neighbor,True,PASS_IMPLEMENTED_PROJECT_CHECKS,9842.9578200000,9064.9455000000,0.2500000000,0.5000000000,0.3000000000,3.0000000000,0.7000000000,104,113,100,111,103,113
1041,neighbor,False,MAXIMUM_MAIN_STEEL,999999999.0000000000,9064.9455000000,0.2500000000,0.5000000000,0.3000000000,3.0000000000,0.7000000000,104,111,100,111,103,113
1042,neighbor,False,MINIMUM_MAIN_STEEL,999999999.0000000000,9064.9455000000,0.2500000000,0.5000000000,0.3000000000,3.0000000000,0.7000000000,102,113,100,111,103,113
1043,neighbor,False,MINIMUM_MAIN_STEEL,999999999.0000000000,9064.9455000000,0.2750000000,0.6000000000,0.5000000000,3.0000000000,0.9000000000,100,110,101,113,101,110
1044,neighbor,False,MINIMUM_MAIN_STEEL,999999999.0000000000,9064.9455000000,0.2500000000,0.5000000000,0.3000000000,3.0000000000,0.7000000000,102,112,100,113,103,113
1045,neighbor,True,PASS_IMPLEMENTED_PROJECT_CHECKS,9064.9455000000,9064.9455000000,0.2500000000,0.5000000000,0.3000000000,3.0000000000,0.7000000000,102,112,100,111,103,113
1046,neighbor,True,PASS_IMPLEMENTED_PROJECT_CHECKS,9459.8255000000,9064.9455000000,0.2500000000,0.5000000000,0.3000000000,3.0000000000,0.7000000000,102,112,104,111,103,113
1047,neighbor,False,MEMBER_FLEXURE,999999999.0000000000,9064.9455000000,0.2250000000,0.4500000000,0.3000000000,3.0000000000,0.7000000000,103,112,100,111,103,113
1048,neighbor,True,PASS_IMPLEMENTED_PROJECT_CHECKS,9064.9455000000,9064.9455000000,0.2500000000,0.5000000000,0.3000000000,3.0000000000,0.7000000000,102,112,100,111,103,113
1049,neighbor,False,MAXIMUM_MAIN_STEEL,999999999.0000000000,9064.9455000000,0.2500000000,0.5000000000,0.3000000000,3.0000000000,0.7000000000,104,111,100,111,103,113
1050,neighbor,False,MAXIMUM_MAIN_STEEL,999999999.0000000000,9064.9455000000,0.2000000000,0.4000000000,0.3000000000,3.0000000000,0.7000000000,104,111,100,111,103,113
1051,neighbor,True,PASS_IMPLEMENTED_PROJECT_CHECKS,9755.9702000000,9064.9455000000,0.3000000000,0.5000000000,0.3000000000,3.0000000000,0.7000000000,101,110,100,111,103,113
1052,neighbor,True,PASS_IMPLEMENTED_PROJECT_CHECKS,9427.6674600000,9064.9455000000,0.2500000000,0.5000000000,0.3000000000,3.0000000000,0.7000000000,102,112,100,111,104,112
1053,neighbor,True,PASS_IMPLEMENTED_PROJECT_CHECKS,10026.4477000000,9064.9455000000,0.2500000000,0.6000000000,0.3000000000,3.0000000000,0.7000000000,101,110,100,111,103,113
1054,neighbor,False,MINIMUM_MAIN_STEEL,999999999.0000000000,9064.9455000000,0.2750000000,0.5000000000,0.5000000000,3.0000000000,0.9000000000,104,113,100,112,103,111
1055,neighbor,True,PASS_IMPLEMENTED_PROJECT_CHECKS,9448.4727000000,9064.9455000000,0.2500000000,0.5000000000,0.3000000000,3.0000000000,0.7000000000,101,110,100,111,103,113
1056,neighbor,False,MEMBER_FLEXURE,999999999.0000000000,9064.9455000000,0.2500000000,0.5000000000,0.3000000000,3.0000000000,0.7000000000,102,112,100,111,102,112
1057,neighbor,False,ENVELOPE_BASE_CONTACT,999999999.0000000000,9064.9455000000,0.2000000000,0.6000000000,0.3500000000,2.5000000000,0.6000000000,101,110,101,110,104,113
1058,neighbor,True,PASS_IMPLEMENTED_PROJECT_CHECKS,10877.4217500000,9064.9455000000,0.2750000000,0.5500000000,0.3000000000,3.0000000000,0.7000000000,102,110,100,111,103,113
1059,neighbor,False,MINIMUM_MAIN_STEEL,999999999.0000000000,9064.9455000000,0.2750000000,0.6000000000,0.5000000000,3.5000000000,0.7000000000,101,112,104,112,104,112
1060,neighbor,False,MINIMUM_MAIN_STEEL,999999999.0000000000,9064.9455000000,0.2250000000,0.6000000000,0.3000000000,3.0000000000,0.7000000000,100,113,100,111,103,113
1061,neighbor,True,PASS_IMPLEMENTED_PROJECT_CHECKS,10548.8305000000,9064.9455000000,0.2500000000,0.5000000000,0.3000000000,3.0000000000,0.7000000000,103,111,100,111,103,113
1062,neighbor,True,PASS_IMPLEMENTED_PROJECT_CHECKS,9756.2851800000,9064.9455000000,0.2500000000,0.5000000000,0.3500000000,3.0000000000,0.8000000000,102,112,103,112,104,113
1063,neighbor,False,MINIMUM_MAIN_STEEL,999999999.0000000000,9064.9455000000,0.3000000000,0.5000000000,0.4000000000,2.5000000000,0.9000000000,102,113,100,110,101,110
1064,neighbor,False,MINIMUM_MAIN_STEEL,999999999.0000000000,9064.9455000000,0.2500000000,0.6000000000,0.3000000000,3.0000000000,0.7000000000,101,111,100,111,103,113
1065,neighbor,False,MAXIMUM_MAIN_STEEL,999999999.0000000000,9064.9455000000,0.2500000000,0.5000000000,0.3000000000,3.0000000000,0.7000000000,102,112,104,110,103,113
1066,neighbor,True,PASS_IMPLEMENTED_PROJECT_CHECKS,9064.9455000000,9064.9455000000,0.2500000000,0.5000000000,0.3000000000,3.0000000000,0.7000000000,102,112,100,111,103,113
1067,neighbor,True,PASS_IMPLEMENTED_PROJECT_CHECKS,10973.0567500000,9064.9455000000,0.2250000000,0.6000000000,0.3000000000,3.0000000000,0.7000000000,103,111,100,111,103,113
1068,neighbor,True,PASS_IMPLEMENTED_PROJECT_CHECKS,9080.2717800000,9064.9455000000,0.2500000000,0.5000000000,0.3000000000,3.0000000000,0.7000000000,102,112,100,111,101,110
1069,neighbor,False,MINIMUM_MAIN_STEEL,999999999.0000000000,9064.9455000000,0.2500000000,0.5000000000,0.3000000000,3.0000000000,0.7000000000,100,113,100,111,103,113
1070,neighbor,True,PASS_IMPLEMENTED_PROJECT_CHECKS,9080.2717800000,9064.9455000000,0.2500000000,0.5000000000,0.3000000000,3.0000000000,0.7000000000,102,112,100,111,101,110
1071,neighbor,True,PASS_IMPLEMENTED_PROJECT_CHECKS,9490.6755000000,9064.9455000000,0.2500000000,0.5000000000,0.3000000000,3.0000000000,0.7000000000,102,112,100,111,103,111
1072,neighbor,True,PASS_IMPLEMENTED_PROJECT_CHECKS,9064.9455000000,9064.9455000000,0.2500000000,0.5000000000,0.3000000000,3.0000000000,0.7000000000,102,112,100,111,103,113
1073,neighbor,False,MEMBER_FLEXURE,999999999.0000000000,9064.9455000000,0.2500000000,0.5000000000,0.4500000000,3.0000000000,0.6000000000,102,112,103,113,101,112
1074,neighbor,False,MINIMUM_MAIN_STEEL,999999999.0000000000,9064.9455000000,0.2500000000,0.6000000000,0.3000000000,3.0000000000,0.7000000000,100,111,100,111,103,113
1075,neighbor,True,PASS_IMPLEMENTED_PROJECT_CHECKS,11023.0273050000,9064.9455000000,0.2250000000,0.4000000000,0.3500000000,3.0000000000,0.9000000000,104,112,101,110,103,110
1076,neighbor,False,MINIMUM_MAIN_STEEL,999999999.0000000000,9064.9455000000,0.2500000000,0.5000000000,0.3000000000,3.0000000000,0.7000000000,102,112,100,113,103,113
1077,neighbor,True,PASS_IMPLEMENTED_PROJECT_CHECKS,9064.9455000000,9064.9455000000,0.2500000000,0.5000000000,0.3000000000,3.0000000000,0.7000000000,102,112,100,111,103,113
1078,neighbor,False,MINIMUM_MAIN_STEEL,999999999.0000000000,9064.9455000000,0.2500000000,0.5000000000,0.3000000000,3.0000000000,0.7000000000,100,111,100,111,103,113
1079,neighbor,False,STEM_STRESS_OR_INTERVAL_BOUND,999999999.0000000000,9064.9455000000,0.2500000000,0.4500000000,0.3000000000,3.5000000000,0.7000000000,101,111,100,111,103,111
1080,neighbor,True,PASS_IMPLEMENTED_PROJECT_CHECKS,9346.2975000000,9064.9455000000,0.2500000000,0.5000000000,0.3000000000,3.0000000000,0.7000000000,102,112,102,110,103,113
1081,neighbor,False,MINIMUM_MAIN_STEEL,999999999.0000000000,9064.9455000000,0.2500000000,0.5000000000,0.4500000000,3.5000000000,0.6000000000,102,112,104,113,101,113
1082,neighbor,True,PASS_IMPLEMENTED_PROJECT_CHECKS,10267.1840700000,9064.9455000000,0.2250000000,0.6000000000,0.3000000000,3.0000000000,0.7000000000,104,113,100,111,103,113
1083,neighbor,False,MINIMUM_MAIN_STEEL,999999999.0000000000,9064.9455000000,0.2500000000,0.5000000000,0.3000000000,2.5000000000,0.8000000000,102,112,100,113,102,112
1084,neighbor,False,MAXIMUM_MAIN_STEEL,999999999.0000000000,9064.9455000000,0.2750000000,0.6000000000,0.4500000000,3.5000000000,0.8000000000,103,110,101,111,104,110
1085,neighbor,False,MINIMUM_MAIN_STEEL,999999999.0000000000,9064.9455000000,0.2500000000,0.5000000000,0.5000000000,3.5000000000,0.5000000000,102,112,100,111,101,112
1086,neighbor,True,PASS_IMPLEMENTED_PROJECT_CHECKS,9842.9578200000,9064.9455000000,0.2500000000,0.5000000000,0.3000000000,3.0000000000,0.7000000000,104,113,100,111,103,113
1087,neighbor,True,PASS_IMPLEMENTED_PROJECT_CHECKS,9134.0495000000,9064.9455000000,0.2500000000,0.5000000000,0.3000000000,3.0000000000,0.7000000000,102,112,101,111,103,113
1088,neighbor,False,MINIMUM_MAIN_STEEL,999999999.0000000000,9064.9455000000,0.2250000000,0.5000000000,0.3000000000,3.0000000000,0.7000000000,101,111,100,111,103,113
1089,neighbor,False,MINIMUM_MAIN_STEEL,999999999.0000000000,9064.9455000000,0.2000000000,0.6000000000,0.3000000000,3.0000000000,0.7000000000,100,113,100,111,103,113
1090,neighbor,False,STEM_STRESS_OR_INTERVAL_BOUND,999999999.0000000000,9064.9455000000,0.2500000000,0.4500000000,0.3000000000,3.0000000000,0.7000000000,101,111,100,111,103,113
1091,neighbor,True,PASS_IMPLEMENTED_PROJECT_CHECKS,9213.0255000000,9064.9455000000,0.2500000000,0.5000000000,0.3000000000,3.0000000000,0.7000000000,102,112,101,110,103,113
1092,neighbor,True,PASS_IMPLEMENTED_PROJECT_CHECKS,10022.8380000000,9064.9455000000,0.2500000000,0.5000000000,0.3000000000,3.0000000000,0.7000000000,102,112,100,111,103,110
1093,neighbor,False,MINIMUM_MAIN_STEEL,999999999.0000000000,9064.9455000000,0.2500000000,0.5000000000,0.3000000000,3.0000000000,0.7000000000,100,112,100,111,103,113
1094,neighbor,True,PASS_IMPLEMENTED_PROJECT_CHECKS,10022.8380000000,9064.9455000000,0.2500000000,0.5000000000,0.3000000000,3.0000000000,0.7000000000,102,112,100,111,103,110
1095,neighbor,False,ENVELOPE_BASE_CONTACT,999999999.0000000000,9064.9455000000,0.3000000000,0.5000000000,0.3000000000,2.5000000000,0.8000000000,103,110,104,110,103,111
1096,neighbor,False,MINIMUM_MAIN_STEEL,999999999.0000000000,9064.9455000000,0.2250000000,0.5000000000,0.3500000000,3.5000000000,0.8000000000,101,112,103,112,103,112
1097,neighbor,False,MINIMUM_MAIN_STEEL,999999999.0000000000,9064.9455000000,0.2500000000,0.5000000000,0.3000000000,3.0000000000,0.7000000000,102,112,100,111,100,112
1098,neighbor,False,MINIMUM_MAIN_STEEL,999999999.0000000000,9064.9455000000,0.2750000000,0.4000000000,0.4500000000,3.0000000000,0.8000000000,100,112,101,113,102,110
1099,neighbor,True,PASS_IMPLEMENTED_PROJECT_CHECKS,9070.8687000000,9064.9455000000,0.2500000000,0.5000000000,0.3000000000,3.0000000000,0.7000000000,102,112,101,113,103,113
1100,neighbor,False,MINIMUM_MAIN_STEEL,999999999.0000000000,9064.9455000000,0.3000000000,0.4500000000,0.3000000000,3.0000000000,0.7000000000,101,112,100,111,103,113
1101,neighbor,True,PASS_IMPLEMENTED_PROJECT_CHECKS,12404.8625000000,9064.9455000000,0.2500000000,0.5000000000,0.5000000000,3.5000000000,0.7000000000,102,112,104,110,103,111
1102,neighbor,True,PASS_IMPLEMENTED_PROJECT_CHECKS,9064.9455000000,9064.9455000000,0.2500000000,0.5000000000,0.3000000000,3.0000000000,0.7000000000,102,112,100,111,103,113
1103,neighbor,True,PASS_IMPLEMENTED_PROJECT_CHECKS,9064.9455000000,9064.9455000000,0.2500000000,0.5000000000,0.3000000000,3.0000000000,0.7000000000,102,112,100,111,103,113
1104,neighbor,True,PASS_IMPLEMENTED_PROJECT_CHECKS,9161.1975000000,9064.9455000000,0.2500000000,0.5000000000,0.3000000000,3.0000000000,0.7000000000,102,112,102,112,103,113
1105,neighbor,True,PASS_IMPLEMENTED_PROJECT_CHECKS,10379.8959000000,9064.9455000000,0.2500000000,0.5000000000,0.3000000000,3.0000000000,0.7000000000,104,112,100,111,103,113
1106,neighbor,True,PASS_IMPLEMENTED_PROJECT_CHECKS,10022.8380000000,9064.9455000000,0.2500000000,0.5000000000,0.3000000000,3.0000000000,0.7000000000,102,112,100,111,103,110
1107,neighbor,True,PASS_IMPLEMENTED_PROJECT_CHECKS,9427.6674600000,9064.9455000000,0.2500000000,0.5000000000,0.3000000000,3.0000000000,0.7000000000,102,112,100,111,104,112
1108,neighbor,True,PASS_IMPLEMENTED_PROJECT_CHECKS,9792.0030000000,9064.9455000000,0.2000000000,0.6000000000,0.3000000000,3.0000000000,0.7000000000,102,111,100,111,103,113
1109,neighbor,True,PASS_IMPLEMENTED_PROJECT_CHECKS,10022.8380000000,9064.9455000000,0.2500000000,0.5000000000,0.3000000000,3.0000000000,0.7000000000,102,112,100,111,103,110
1110,neighbor,False,MINIMUM_MAIN_STEEL,999999999.0000000000,9064.9455000000,0.2250000000,0.5500000000,0.3000000000,3.0000000000,0.7000000000,101,111,100,111,103,113
1111,neighbor,True,PASS_IMPLEMENTED_PROJECT_CHECKS,9064.9455000000,9064.9455000000,0.2500000000,0.5000000000,0.3000000000,3.0000000000,0.7000000000,102,112,100,111,103,113
1112,neighbor,False,ENVELOPE_BASE_CONTACT,999999999.0000000000,9064.9455000000,0.2250000000,0.4000000000,0.3000000000,2.5000000000,0.6000000000,103,112,102,110,102,111
1113,neighbor,False,MINIMUM_MAIN_STEEL,999999999.0000000000,9064.9455000000,0.2000000000,0.5500000000,0.3500000000,3.5000000000,0.6000000000,101,113,102,112,104,111
1114,neighbor,False,MEMBER_FLEXURE,999999999.0000000000,9064.9455000000,0.2500000000,0.5000000000,0.3000000000,3.0000000000,0.7000000000,102,112,100,111,100,111
1115,neighbor,False,MINIMUM_MAIN_STEEL,999999999.0000000000,9064.9455000000,0.2500000000,0.5000000000,0.3000000000,3.0000000000,0.7000000000,102,112,100,111,100,113
1116,neighbor,False,ENVELOPE_BASE_CONTACT,999999999.0000000000,9064.9455000000,0.2250000000,0.4500000000,0.3000000000,2.5000000000,0.8000000000,104,111,104,112,101,111
1117,neighbor,True,PASS_IMPLEMENTED_PROJECT_CHECKS,11245.8509700000,9064.9455000000,0.2500000000,0.5000000000,0.5000000000,3.0000000000,0.8000000000,102,112,104,110,103,112
1118,neighbor,True,PASS_IMPLEMENTED_PROJECT_CHECKS,10105.9017500000,9064.9455000000,0.2000000000,0.6000000000,0.3000000000,3.0000000000,0.7000000000,103,112,100,111,103,113
1119,neighbor,True,PASS_IMPLEMENTED_PROJECT_CHECKS,9064.9455000000,9064.9455000000,0.2500000000,0.5000000000,0.3000000000,3.0000000000,0.7000000000,102,112,100,111,103,113
1120,neighbor,False,MAXIMUM_MAIN_STEEL,999999999.0000000000,9064.9455000000,0.2000000000,0.6000000000,0.3000000000,3.0000000000,0.7000000000,103,110,100,111,103,113
1121,neighbor,True,PASS_IMPLEMENTED_PROJECT_CHECKS,10022.8380000000,9064.9455000000,0.2500000000,0.5000000000,0.3000000000,3.0000000000,0.7000000000,102,112,100,111,103,110
1122,neighbor,False,MINIMUM_MAIN_STEEL,999999999.0000000000,9064.9455000000,0.3000000000,0.6000000000,0.3000000000,3.0000000000,0.7000000000,102,113,100,111,103,113
1123,neighbor,False,MINIMUM_MAIN_STEEL,999999999.0000000000,9064.9455000000,0.2750000000,0.4500000000,0.3000000000,3.0000000000,0.7000000000,100,111,100,111,103,113
1124,neighbor,True,PASS_IMPLEMENTED_PROJECT_CHECKS,9490.6755000000,9064.9455000000,0.2500000000,0.5000000000,0.3000000000,3.0000000000,0.7000000000,102,112,100,111,103,111
1125,neighbor,False,MINIMUM_MAIN_STEEL,999999999.0000000000,9064.9455000000,0.2500000000,0.5000000000,0.5500000000,3.5000000000,0.9000000000,102,112,101,112,102,112
1126,neighbor,False,MEMBER_FLEXURE,999999999.0000000000,9064.9455000000,0.2250000000,0.4500000000,0.3000000000,3.0000000000,0.7000000000,102,111,100,111,103,113
1127,neighbor,False,ENVELOPE_BASE_CONTACT,999999999.0000000000,9064.9455000000,0.2500000000,0.5000000000,0.5500000000,2.5000000000,0.9000000000,102,112,103,110,103,113
1128,neighbor,True,PASS_IMPLEMENTED_PROJECT_CHECKS,10687.3934000000,9064.9455000000,0.3000000000,0.5000000000,0.3000000000,3.0000000000,0.7000000000,104,112,100,111,103,113
1129,neighbor,True,PASS_IMPLEMENTED_PROJECT_CHECKS,9265.3162500000,9064.9455000000,0.2500000000,0.5000000000,0.3000000000,3.0000000000,0.7000000000,102,112,103,112,103,113
1130,neighbor,True,PASS_IMPLEMENTED_PROJECT_CHECKS,9338.8935000000,9064.9455000000,0.2500000000,0.5000000000,0.3000000000,3.0000000000,0.7000000000,102,112,104,112,103,113
1131,neighbor,False,MINIMUM_MAIN_STEEL,999999999.0000000000,9064.9455000000,0.2500000000,0.5000000000,0.3000000000,3.0000000000,0.7000000000,101,113,100,111,103,113
1132,neighbor,True,PASS_IMPLEMENTED_PROJECT_CHECKS,10379.8959000000,9064.9455000000,0.2500000000,0.5000000000,0.3000000000,3.0000000000,0.7000000000,104,112,100,111,103,113
1133,neighbor,True,PASS_IMPLEMENTED_PROJECT_CHECKS,9761.4397800000,9064.9455000000,0.2500000000,0.5000000000,0.3000000000,3.0000000000,0.7000000000,102,112,100,111,104,111
1134,neighbor,False,MINIMUM_MAIN_STEEL,999999999.0000000000,9064.9455000000,0.2500000000,0.5000000000,0.3000000000,3.0000000000,0.7000000000,102,112,100,111,100,112
1135,neighbor,True,PASS_IMPLEMENTED_PROJECT_CHECKS,9213.0255000000,9064.9455000000,0.2500000000,0.5000000000,0.3000000000,3.0000000000,0.7000000000,102,112,101,110,103,113
1136,neighbor,False,MINIMUM_MAIN_STEEL,999999999.0000000000,9064.9455000000,0.2250000000,0.4000000000,0.3000000000,3.0000000000,0.7000000000,100,112,100,111,103,113
1137,neighbor,False,MINIMUM_MAIN_STEEL,999999999.0000000000,9064.9455000000,0.2500000000,0.5000000000,0.5000000000,3.0000000000,0.7000000000,104,110,100,113,100,113
1138,neighbor,True,PASS_IMPLEMENTED_PROJECT_CHECKS,9207.4725000000,9064.9455000000,0.2500000000,0.5000000000,0.3000000000,3.0000000000,0.7000000000,102,112,103,113,103,113
1139,neighbor,True,PASS_IMPLEMENTED_PROJECT_CHECKS,10379.8959000000,9064.9455000000,0.2500000000,0.5000000000,0.3000000000,3.0000000000,0.7000000000,104,112,100,111,103,113
1140,neighbor,False,MINIMUM_MAIN_STEEL,999999999.0000000000,9064.9455000000,0.3000000000,0.5500000000,0.3000000000,3.0000000000,0.7000000000,101,111,100,111,103,113
1141,neighbor,False,MINIMUM_MAIN_STEEL,999999999.0000000000,9064.9455000000,0.3000000000,0.6000000000,0.3500000000,3.5000000000,0.9000000000,103,111,100,112,103,112
1142,neighbor,False,MAXIMUM_MAIN_STEEL,999999999.0000000000,9064.9455000000,0.2500000000,0.5000000000,0.3000000000,3.0000000000,0.7000000000,104,111,100,111,103,113
1143,neighbor,False,MINIMUM_MAIN_STEEL,999999999.0000000000,9064.9455000000,0.2500000000,0.5000000000,0.3000000000,3.0000000000,0.5000000000,102,112,100,113,101,112
1144,neighbor,True,PASS_IMPLEMENTED_PROJECT_CHECKS,9842.9578200000,9064.9455000000,0.2500000000,0.5000000000,0.3000000000,3.0000000000,0.7000000000,104,113,100,111,103,113
1145,neighbor,True,PASS_IMPLEMENTED_PROJECT_CHECKS,9346.2975000000,9064.9455000000,0.2500000000,0.5000000000,0.3000000000,3.0000000000,0.7000000000,102,112,102,110,103,113
1146,neighbor,False,MINIMUM_MAIN_STEEL,999999999.0000000000,9064.9455000000,0.2750000000,0.5500000000,0.3000000000,3.0000000000,0.7000000000,101,113,100,111,103,113
1147,neighbor,True,PASS_IMPLEMENTED_PROJECT_CHECKS,9222.8975000000,9064.9455000000,0.2500000000,0.5000000000,0.3000000000,3.0000000000,0.7000000000,102,112,102,111,103,113
1148,neighbor,True,PASS_IMPLEMENTED_PROJECT_CHECKS,9214.0280000000,9064.9455000000,0.2000000000,0.5000000000,0.3000000000,3.0000000000,0.7000000000,102,111,100,111,103,113
1149,neighbor,False,MAXIMUM_MAIN_STEEL,999999999.0000000000,9064.9455000000,0.2500000000,0.5000000000,0.3000000000,3.0000000000,0.7000000000,102,112,100,111,104,110
1150,neighbor,False,ENVELOPE_BASE_CONTACT,999999999.0000000000,9064.9455000000,0.2500000000,0.5000000000,0.5000000000,2.5000000000,0.9000000000,102,112,102,112,100,110
1151,neighbor,False,MAXIMUM_MAIN_STEEL,999999999.0000000000,9064.9455000000,0.2000000000,0.5500000000,0.3000000000,3.0000000000,0.6000000000,104,112,100,111,101,111
1152,neighbor,False,MEMBER_FLEXURE,999999999.0000000000,9064.9455000000,0.2500000000,0.5000000000,0.3000000000,3.0000000000,0.7000000000,102,112,100,111,100,111
1153,neighbor,False,MINIMUM_MAIN_STEEL,999999999.0000000000,9064.9455000000,0.2500000000,0.5000000000,0.3000000000,3.0000000000,0.7000000000,102,112,100,111,100,113
1154,neighbor,False,STEM_STRESS_OR_INTERVAL_BOUND,999999999.0000000000,9064.9455000000,0.3000000000,0.4000000000,0.3000000000,3.0000000000,0.7000000000,102,112,100,111,103,113
1155,neighbor,True,PASS_IMPLEMENTED_PROJECT_CHECKS,9835.4242500000,9064.9455000000,0.2500000000,0.5000000000,0.3000000000,3.0000000000,0.7000000000,103,112,100,111,103,113
1156,neighbor,False,ENVELOPE_BASE_CONTACT,999999999.0000000000,9064.9455000000,0.2500000000,0.5000000000,0.3000000000,2.5000000000,0.5000000000,102,112,101,111,102,110
1157,neighbor,True,PASS_IMPLEMENTED_PROJECT_CHECKS,9521.5255000000,9064.9455000000,0.2500000000,0.5000000000,0.3000000000,3.0000000000,0.7000000000,102,111,100,111,103,113
1158,neighbor,False,MAXIMUM_MAIN_STEEL,999999999.0000000000,9064.9455000000,0.2000000000,0.5500000000,0.3000000000,3.0000000000,0.7000000000,102,110,100,111,103,113
1159,neighbor,False,MEMBER_FLEXURE,999999999.0000000000,9064.9455000000,0.2750000000,0.4500000000,0.3000000000,3.0000000000,0.7000000000,102,111,100,111,103,113
1160,neighbor,True,PASS_IMPLEMENTED_PROJECT_CHECKS,9064.9455000000,9064.9455000000,0.2500000000,0.5000000000,0.3000000000,3.0000000000,0.7000000000,102,112,100,111,103,113
1161,neighbor,False,MAXIMUM_MAIN_STEEL,999999999.0000000000,9064.9455000000,0.2500000000,0.5000000000,0.3000000000,3.0000000000,0.7000000000,104,111,100,111,103,113
1162,neighbor,False,MINIMUM_MAIN_STEEL,999999999.0000000000,9064.9455000000,0.2500000000,0.5500000000,0.3000000000,3.5000000000,0.9000000000,100,113,101,110,101,110
1163,neighbor,True,PASS_IMPLEMENTED_PROJECT_CHECKS,9207.4725000000,9064.9455000000,0.2500000000,0.5000000000,0.3000000000,3.0000000000,0.7000000000,102,112,103,113,103,113
1164,neighbor,True,PASS_IMPLEMENTED_PROJECT_CHECKS,9134.0495000000,9064.9455000000,0.2500000000,0.5000000000,0.3000000000,3.0000000000,0.7000000000,102,112,101,111,103,113
1165,neighbor,True,PASS_IMPLEMENTED_PROJECT_CHECKS,10022.8380000000,9064.9455000000,0.2500000000,0.5000000000,0.3000000000,3.0000000000,0.7000000000,102,112,100,111,103,110
1166,neighbor,False,MINIMUM_MAIN_STEEL,999999999.0000000000,9064.9455000000,0.2500000000,0.5000000000,0.5500000000,3.0000000000,0.5000000000,102,112,100,113,103,111
1167,neighbor,True,PASS_IMPLEMENTED_PROJECT_CHECKS,9459.8255000000,9064.9455000000,0.2500000000,0.5000000000,0.3000000000,3.0000000000,0.7000000000,102,112,104,111,103,113
1168,neighbor,False,MAXIMUM_MAIN_STEEL,999999999.0000000000,9064.9455000000,0.2500000000,0.5000000000,0.3000000000,3.0000000000,0.7000000000,103,110,100,111,103,113
1169,neighbor,False,MINIMUM_MAIN_STEEL,999999999.0000000000,9064.9455000000,0.2750000000,0.4500000000,0.3000000000,3.0000000000,0.6000000000,101,112,102,110,103,113
1170,neighbor,True,PASS_IMPLEMENTED_PROJECT_CHECKS,9842.9578200000,9064.9455000000,0.2500000000,0.5000000000,0.3000000000,3.0000000000,0.7000000000,104,113,100,111,103,113
1171,neighbor,True,PASS_IMPLEMENTED_PROJECT_CHECKS,9224.5942500000,9064.9455000000,0.2500000000,0.5000000000,0.3000000000,3.0000000000,0.7000000000,102,112,100,111,103,112
1172,neighbor,False,MAXIMUM_MAIN_STEEL,999999999.0000000000,9064.9455000000,0.2500000000,0.5000000000,0.3000000000,3.0000000000,0.7000000000,102,112,104,110,103,113
1173,neighbor,True,PASS_IMPLEMENTED_PROJECT_CHECKS,10548.8305000000,9064.9455000000,0.2500000000,0.5000000000,0.3000000000,3.0000000000,0.7000000000,103,111,100,111,103,113
1174,neighbor,True,PASS_IMPLEMENTED_PROJECT_CHECKS,9490.6755000000,9064.9455000000,0.2500000000,0.5000000000,0.3000000000,3.0000000000,0.7000000000,102,112,100,111,103,111
1175,neighbor,True,PASS_IMPLEMENTED_PROJECT_CHECKS,9064.9455000000,9064.9455000000,0.2500000000,0.5000000000,0.3000000000,3.0000000000,0.7000000000,102,112,100,111,103,113
1176,neighbor,False,MINIMUM_MAIN_STEEL,999999999.0000000000,9064.9455000000,0.2250000000,0.5000000000,0.3000000000,3.0000000000,0.7000000000,100,113,100,111,103,113
1177,neighbor,False,MINIMUM_MAIN_STEEL,999999999.0000000000,9064.9455000000,0.2000000000,0.5500000000,0.3000000000,3.0000000000,0.7000000000,102,113,100,111,103,113
1178,neighbor,False,ENVELOPE_BASE_CONTACT,999999999.0000000000,9064.9455000000,0.3000000000,0.5000000000,0.3000000000,2.5000000000,0.7000000000,102,110,104,113,103,111
1179,neighbor,True,PASS_IMPLEMENTED_PROJECT_CHECKS,9265.3162500000,9064.9455000000,0.2500000000,0.5000000000,0.3000000000,3.0000000000,0.7000000000,102,112,103,112,103,113
1180,neighbor,False,STEM_STRESS_OR_INTERVAL_BOUND,999999999.0000000000,9064.9455000000,0.2500000000,0.4000000000,0.3000000000,3.0000000000,0.7000000000,102,113,100,111,103,113
1181,neighbor,False,MINIMUM_MAIN_STEEL,999999999.0000000000,9064.9455000000,0.2250000000,0.4500000000,0.3000000000,3.5000000000,0.6000000000,102,113,102,110,104,112
1182,neighbor,False,MAXIMUM_MAIN_STEEL,999999999.0000000000,9064.9455000000,0.2500000000,0.5000000000,0.3000000000,3.0000000000,0.7000000000,102,112,100,111,104,110
1183,neighbor,True,PASS_IMPLEMENTED_PROJECT_CHECKS,10333.9452000000,9064.9455000000,0.3000000000,0.6000000000,0.3000000000,3.0000000000,0.7000000000,101,110,100,111,103,113
1184,neighbor,False,MINIMUM_MAIN_STEEL,999999999.0000000000,9064.9455000000,0.2000000000,0.6000000000,0.3000000000,3.0000000000,0.7000000000,102,112,100,111,103,113
1185,neighbor,False,MEMBER_FLEXURE,999999999.0000000000,9064.9455000000,0.2500000000,0.5000000000,0.3000000000,3.0000000000,0.5000000000,102,112,102,111,101,111
1186,neighbor,False,MINIMUM_MAIN_STEEL,999999999.0000000000,9064.9455000000,0.2500000000,0.5000000000,0.3000000000,3.5000000000,0.8000000000,102,112,100,113,101,112
1187,neighbor,False,MINIMUM_MAIN_STEEL,999999999.0000000000,9064.9455000000,0.2500000000,0.5000000000,0.3000000000,3.0000000000,0.7000000000,100,112,100,111,103,113
1188,neighbor,False,STEM_STRESS_OR_INTERVAL_BOUND,999999999.0000000000,9064.9455000000,0.2000000000,0.4000000000,0.3000000000,3.0000000000,0.7000000000,103,113,100,111,103,113
1189,neighbor,False,MEMBER_FLEXURE,999999999.0000000000,9064.9455000000,0.2500000000,0.5000000000,0.3000000000,3.0000000000,0.7000000000,102,112,100,111,101,112
1190,neighbor,True,PASS_IMPLEMENTED_PROJECT_CHECKS,10113.4353200000,9064.9455000000,0.2000000000,0.6000000000,0.3000000000,3.0000000000,0.7000000000,104,113,100,111,103,113
1191,neighbor,True,PASS_IMPLEMENTED_PROJECT_CHECKS,9338.8935000000,9064.9455000000,0.2500000000,0.5000000000,0.3000000000,3.0000000000,0.7000000000,102,112,104,112,103,113
1192,neighbor,False,ENVELOPE_BASE_CONTACT,999999999.0000000000,9064.9455000000,0.3000000000,0.6000000000,0.4500000000,2.5000000000,0.6000000000,103,110,104,112,103,110
1193,neighbor,False,MINIMUM_MAIN_STEEL,999999999.0000000000,9064.9455000000,0.2000000000,0.6000000000,0.3000000000,3.0000000000,0.7000000000,100,112,100,111,103,113
1194,neighbor,False,MEMBER_FLEXURE,999999999.0000000000,9064.9455000000,0.2500000000,0.5000000000,0.3000000000,3.0000000000,0.7000000000,102,112,100,111,102,113
1195,neighbor,False,MINIMUM_MAIN_STEEL,999999999.0000000000,9064.9455000000,0.2500000000,0.4000000000,0.3000000000,3.0000000000,0.7000000000,100,113,100,111,103,113
1196,neighbor,False,STEM_STRESS_OR_INTERVAL_BOUND,999999999.0000000000,9064.9455000000,0.3000000000,0.4000000000,0.3000000000,3.0000000000,0.8000000000,103,113,100,110,102,112
1197,neighbor,True,PASS_IMPLEMENTED_PROJECT_CHECKS,9134.0495000000,9064.9455000000,0.2500000000,0.5000000000,0.3000000000,3.0000000000,0.7000000000,102,112,101,111,103,113
1198,neighbor,False,MINIMUM_MAIN_STEEL,999999999.0000000000,9064.9455000000,0.2250000000,0.4500000000,0.3000000000,3.0000000000,0.7000000000,100,113,100,111,103,113
1199,neighbor,False,MINIMUM_MAIN_STEEL,999999999.0000000000,9064.9455000000,0.2500000000,0.5000000000,0.3000000000,3.0000000000,0.7000000000,102,112,100,112,103,113
1200,neighbor,True,PASS_IMPLEMENTED_PROJECT_CHECKS,10434.6855000000,9064.9455000000,0.2500000000,0.5000000000,0.3000000000,3.0000000000,0.7000000000,102,110,100,111,103,113
1201,neighbor,False,MINIMUM_MAIN_STEEL,999999999.0000000000,9064.9455000000,0.2500000000,0.5000000000,0.3000000000,3.0000000000,0.7000000000,101,112,100,111,103,113
1202,neighbor,True,PASS_IMPLEMENTED_PROJECT_CHECKS,9842.9578200000,9064.9455000000,0.2500000000,0.5000000000,0.3000000000,3.0000000000,0.7000000000,104,113,100,111,103,113
1203,neighbor,False,MINIMUM_MAIN_STEEL,999999999.0000000000,9064.9455000000,0.2500000000,0.4500000000,0.3500000000,3.0000000000,0.7000000000,101,113,104,113,102,111
1204,neighbor,False,MINIMUM_MAIN_STEEL,999999999.0000000000,9064.9455000000,0.2500000000,0.5000000000,0.3000000000,3.0000000000,0.7000000000,100,111,100,111,103,113
1205,neighbor,False,MINIMUM_MAIN_STEEL,999999999.0000000000,9064.9455000000,0.3000000000,0.5000000000,0.3000000000,3.0000000000,0.7000000000,100,110,100,111,103,113
1206,neighbor,False,STEM_STRESS_OR_INTERVAL_BOUND,999999999.0000000000,9064.9455000000,0.2250000000,0.4500000000,0.3000000000,3.5000000000,0.5000000000,101,111,103,111,101,112
1207,neighbor,False,MAXIMUM_MAIN_STEEL,999999999.0000000000,9064.9455000000,0.2500000000,0.5000000000,0.3000000000,3.0000000000,0.7000000000,102,112,104,110,103,113
1208,neighbor,False,ENVELOPE_BASE_CONTACT,999999999.0000000000,9064.9455000000,0.2750000000,0.6000000000,0.5500000000,2.5000000000,0.8000000000,104,112,102,113,104,112
1209,neighbor,False,MINIMUM_MAIN_STEEL,999999999.0000000000,9064.9455000000,0.2500000000,0.5000000000,0.3000000000,3.0000000000,0.7000000000,102,113,100,111,103,113
1210,neighbor,True,PASS_IMPLEMENTED_PROJECT_CHECKS,9979.8662100000,9064.9455000000,0.2500000000,0.5000000000,0.3000000000,3.5000000000,0.9000000000,102,112,101,110,103,112
1211,neighbor,False,MEMBER_FLEXURE,999999999.0000000000,9064.9455000000,0.2500000000,0.5000000000,0.3000000000,3.0000000000,0.7000000000,102,112,100,111,100,110
1212,neighbor,False,MINIMUM_MAIN_STEEL,999999999.0000000000,9064.9455000000,0.2000000000,0.6000000000,0.3000000000,3.0000000000,0.8000000000,100,113,101,113,100,112
1213,neighbor,False,MEMBER_FLEXURE,999999999.0000000000,9064.9455000000,0.2500000000,0.5000000000,0.3000000000,3.0000000000,0.7000000000,102,112,100,111,102,112
1214,neighbor,False,MINIMUM_MAIN_STEEL,999999999.0000000000,9064.9455000000,0.2500000000,0.5000000000,0.3000000000,3.0000000000,0.7000000000,101,112,100,111,103,113
1215,neighbor,True,PASS_IMPLEMENTED_PROJECT_CHECKS,9835.4242500000,9064.9455000000,0.2500000000,0.5000000000,0.3000000000,3.0000000000,0.7000000000,103,112,100,111,103,113
1216,neighbor,False,MEMBER_FLEXURE,999999999.0000000000,9064.9455000000,0.2500000000,0.5000000000,0.3000000000,3.0000000000,0.8000000000,102,112,102,113,102,113
1217,neighbor,False,MINIMUM_MAIN_STEEL,999999999.0000000000,9064.9455000000,0.3000000000,0.4000000000,0.3000000000,3.0000000000,0.7000000000,100,111,100,111,103,113
1218,neighbor,True,PASS_IMPLEMENTED_PROJECT_CHECKS,9338.8935000000,9064.9455000000,0.2500000000,0.5000000000,0.3000000000,3.0000000000,0.7000000000,102,112,104,112,103,113
1219,neighbor,False,ENVELOPE_BASE_CONTACT,999999999.0000000000,9064.9455000000,0.2500000000,0.5000000000,0.3000000000,2.5000000000,0.9000000000,102,112,101,111,104,113
1220,neighbor,False,MINIMUM_MAIN_STEEL,999999999.0000000000,9064.9455000000,0.2500000000,0.5000000000,0.3000000000,3.0000000000,0.7000000000,101,113,100,111,103,113
1221,neighbor,False,STEM_STRESS_OR_INTERVAL_BOUND,999999999.0000000000,9064.9455000000,0.2000000000,0.4000000000,0.3000000000,3.0000000000,0.7000000000,102,113,100,111,103,113
1222,neighbor,False,ENVELOPE_BASE_CONTACT,999999999.0000000000,9064.9455000000,0.2500000000,0.5000000000,0.3000000000,2.5000000000,0.9000000000,103,111,104,111,101,112
1223,neighbor,False,MAXIMUM_MAIN_STEEL,999999999.0000000000,9064.9455000000,0.2500000000,0.5000000000,0.3000000000,3.0000000000,0.7000000000,103,110,100,111,103,113
1224,neighbor,True,PASS_IMPLEMENTED_PROJECT_CHECKS,9107.5185000000,9064.9455000000,0.2500000000,0.5000000000,0.3000000000,3.0000000000,0.7000000000,102,112,100,111,102,111
1225,neighbor,True,PASS_IMPLEMENTED_PROJECT_CHECKS,9064.9455000000,9064.9455000000,0.2500000000,0.5000000000,0.3000000000,3.0000000000,0.7000000000,102,112,100,111,103,113
1226,neighbor,False,MAXIMUM_MAIN_STEEL,999999999.0000000000,9064.9455000000,0.2500000000,0.5000000000,0.3000000000,3.0000000000,0.9000000000,102,112,102,113,104,110
1227,neighbor,False,MINIMUM_MAIN_STEEL,999999999.0000000000,9064.9455000000,0.2500000000,0.5000000000,0.3000000000,3.0000000000,0.7000000000,102,112,100,111,100,112
1228,neighbor,False,MAXIMUM_MAIN_STEEL,999999999.0000000000,9064.9455000000,0.2000000000,0.5500000000,0.3000000000,3.0000000000,0.7000000000,103,111,100,111,103,113
1229,neighbor,False,MEMBER_FLEXURE,999999999.0000000000,9064.9455000000,0.2250000000,0.5000000000,0.3000000000,3.0000000000,0.8000000000,101,110,102,112,102,113
1230,neighbor,False,MAXIMUM_MAIN_STEEL,999999999.0000000000,9064.9455000000,0.2500000000,0.5000000000,0.3000000000,3.0000000000,0.7000000000,103,110,100,111,103,113
1231,neighbor,True,PASS_IMPLEMENTED_PROJECT_CHECKS,9346.2975000000,9064.9455000000,0.2500000000,0.5000000000,0.3000000000,3.0000000000,0.7000000000,102,112,102,110,103,113
1232,neighbor,False,MEMBER_FLEXURE,999999999.0000000000,9064.9455000000,0.2500000000,0.5000000000,0.3000000000,3.0000000000,0.6000000000,102,112,101,111,101,113
1233,neighbor,False,MAXIMUM_MAIN_STEEL,999999999.0000000000,9064.9455000000,0.2000000000,0.5500000000,0.3000000000,3.0000000000,0.7000000000,103,111,100,111,103,113
1234,neighbor,False,MAXIMUM_MAIN_STEEL,999999999.0000000000,9064.9455000000,0.2500000000,0.5000000000,0.3000000000,3.0000000000,0.7000000000,103,110,100,111,103,113
1235,neighbor,False,MINIMUM_MAIN_STEEL,999999999.0000000000,9064.9455000000,0.2750000000,0.4000000000,0.3000000000,3.0000000000,0.8000000000,100,111,100,110,100,111
1236,neighbor,False,MINIMUM_MAIN_STEEL,999999999.0000000000,9064.9455000000,0.2500000000,0.4000000000,0.3000000000,3.5000000000,0.5000000000,100,112,100,110,102,113
1237,neighbor,True,PASS_IMPLEMENTED_PROJECT_CHECKS,9761.4397800000,9064.9455000000,0.2500000000,0.5000000000,0.3000000000,3.0000000000,0.7000000000,102,112,100,111,104,111
1238,neighbor,False,MINIMUM_MAIN_STEEL,999999999.0000000000,9064.9455000000,0.2500000000,0.4000000000,0.3000000000,3.5000000000,0.5000000000,100,110,102,112,101,111
1239,neighbor,False,MEMBER_FLEXURE,999999999.0000000000,9064.9455000000,0.2250000000,0.4500000000,0.3000000000,3.0000000000,0.7000000000,102,111,100,111,103,113
1240,neighbor,False,MINIMUM_MAIN_STEEL,999999999.0000000000,9064.9455000000,0.3000000000,0.5500000000,0.5000000000,2.5000000000,0.9000000000,102,110,100,113,100,111
1241,neighbor,False,MEMBER_FLEXURE,999999999.0000000000,9064.9455000000,0.2500000000,0.5000000000,0.3000000000,3.0000000000,0.7000000000,102,112,100,111,102,112
1242,neighbor,False,ENVELOPE_BASE_CONTACT,999999999.0000000000,9064.9455000000,0.2500000000,0.5000000000,0.3500000000,2.5000000000,0.7000000000,102,112,102,111,104,110
1243,neighbor,False,MINIMUM_MAIN_STEEL,999999999.0000000000,9064.9455000000,0.2500000000,0.5000000000,0.3000000000,3.0000000000,0.7000000000,100,113,100,111,103,113
1244,neighbor,False,MINIMUM_MAIN_STEEL,999999999.0000000000,9064.9455000000,0.2250000000,0.6000000000,0.3000000000,2.5000000000,0.5000000000,100,111,102,112,104,113
1245,neighbor,False,MINIMUM_MAIN_STEEL,999999999.0000000000,9064.9455000000,0.3000000000,0.4000000000,0.3000000000,3.0000000000,0.7000000000,100,111,100,111,103,113
1246,neighbor,True,PASS_IMPLEMENTED_PROJECT_CHECKS,9207.4725000000,9064.9455000000,0.2500000000,0.5000000000,0.3000000000,3.0000000000,0.7000000000,102,112,103,113,103,113
1247,neighbor,True,PASS_IMPLEMENTED_PROJECT_CHECKS,9094.5615000000,9064.9455000000,0.2500000000,0.5000000000,0.3000000000,3.0000000000,0.7000000000,102,112,101,112,103,113
1248,neighbor,False,MINIMUM_MAIN_STEEL,999999999.0000000000,9064.9455000000,0.3000000000,0.5500000000,0.3000000000,3.0000000000,0.7000000000,100,111,100,111,103,113
1249,neighbor,False,MAXIMUM_MAIN_STEEL,999999999.0000000000,9064.9455000000,0.2500000000,0.5000000000,0.3000000000,3.0000000000,0.7000000000,102,112,101,111,104,110
1250,neighbor,False,MINIMUM_MAIN_STEEL,999999999.0000000000,9064.9455000000,0.3000000000,0.6000000000,0.4500000000,3.0000000000,0.8000000000,100,111,101,113,100,110
1251,neighbor,True,PASS_IMPLEMENTED_PROJECT_CHECKS,9761.4397800000,9064.9455000000,0.2500000000,0.5000000000,0.3000000000,3.0000000000,0.7000000000,102,112,100,111,104,111
1252,neighbor,True,PASS_IMPLEMENTED_PROJECT_CHECKS,10700.3142700000,9064.9455000000,0.2500000000,0.5000000000,0.3500000000,3.5000000000,0.6000000000,102,112,101,110,102,110
1253,neighbor,False,MEMBER_FLEXURE,999999999.0000000000,9064.9455000000,0.2500000000,0.5000000000,0.3000000000,3.0000000000,0.7000000000,102,112,100,111,100,111
1254,neighbor,True,PASS_IMPLEMENTED_PROJECT_CHECKS,9346.2975000000,9064.9455000000,0.2500000000,0.5000000000,0.3000000000,3.0000000000,0.7000000000,102,112,102,110,103,113
1255,neighbor,False,MINIMUM_MAIN_STEEL,999999999.0000000000,9064.9455000000,0.3000000000,0.5500000000,0.5500000000,3.0000000000,0.6000000000,103,110,100,112,104,110
1256,neighbor,True,PASS_IMPLEMENTED_PROJECT_CHECKS,9554.5350000000,9064.9455000000,0.2500000000,0.5000000000,0.3000000000,3.0000000000,0.7000000000,102,112,103,110,103,113
1257,neighbor,False,ENVELOPE_BASE_CONTACT,999999999.0000000000,9064.9455000000,0.2500000000,0.5000000000,0.4000000000,2.5000000000,0.6000000000,102,112,101,110,102,113
1258,neighbor,False,MEMBER_FLEXURE,999999999.0000000000,9064.9455000000,0.2500000000,0.5000000000,0.3000000000,3.5000000000,0.7000000000,102,112,100,110,102,112
1259,neighbor,False,MAXIMUM_MAIN_STEEL,999999999.0000000000,9064.9455000000,0.2500000000,0.5000000000,0.3000000000,3.0000000000,0.7000000000,102,112,104,110,103,113
1260,neighbor,False,MINIMUM_MAIN_STEEL,999999999.0000000000,9064.9455000000,0.2500000000,0.5000000000,0.3000000000,2.5000000000,0.9000000000,102,112,100,113,102,110
1261,neighbor,False,MEMBER_FLEXURE,999999999.0000000000,9064.9455000000,0.3000000000,0.4500000000,0.3000000000,3.0000000000,0.7000000000,103,112,100,111,103,113
1262,neighbor,False,MINIMUM_MAIN_STEEL,999999999.0000000000,9064.9455000000,0.2250000000,0.6000000000,0.3000000000,3.5000000000,0.6000000000,100,113,100,111,102,112
1263,neighbor,True,PASS_IMPLEMENTED_PROJECT_CHECKS,9222.8975000000,9064.9455000000,0.2500000000,0.5000000000,0.3000000000,3.0000000000,0.7000000000,102,112,102,111,103,113
1264,neighbor,True,PASS_IMPLEMENTED_PROJECT_CHECKS,9222.8975000000,9064.9455000000,0.2500000000,0.5000000000,0.3000000000,3.0000000000,0.7000000000,102,112,102,111,103,113
1265,neighbor,False,ENVELOPE_BASE_CONTACT,999999999.0000000000,9064.9455000000,0.2500000000,0.5000000000,0.5000000000,2.5000000000,0.8000000000,102,112,103,113,101,110
1266,neighbor,False,MAXIMUM_MAIN_STEEL,999999999.0000000000,9064.9455000000,0.2500000000,0.5000000000,0.3000000000,3.0000000000,0.7000000000,102,112,104,110,103,113
1267,neighbor,True,PASS_IMPLEMENTED_PROJECT_CHECKS,9070.8687000000,9064.9455000000,0.2500000000,0.5000000000,0.3000000000,3.0000000000,0.7000000000,102,112,101,113,103,113
1268,neighbor,False,MEMBER_FLEXURE,999999999.0000000000,9064.9455000000,0.2500000000,0.5000000000,0.3000000000,3.0000000000,0.7000000000,102,112,100,111,101,113
1269,neighbor,True,PASS_IMPLEMENTED_PROJECT_CHECKS,9265.3162500000,9064.9455000000,0.2500000000,0.5000000000,0.3000000000,3.0000000000,0.7000000000,102,112,103,112,103,113
1270,neighbor,True,PASS_IMPLEMENTED_PROJECT_CHECKS,10022.8380000000,9064.9455000000,0.2500000000,0.5000000000,0.3000000000,3.0000000000,0.7000000000,102,112,100,111,103,110
1271,neighbor,True,PASS_IMPLEMENTED_PROJECT_CHECKS,10434.6855000000,9064.9455000000,0.2500000000,0.5000000000,0.3000000000,3.0000000000,0.7000000000,102,110,100,111,103,113
1272,neighbor,False,ENVELOPE_BASE_CONTACT,999999999.0000000000,9064.9455000000,0.2500000000,0.5000000000,0.4500000000,2.5000000000,0.6000000000,102,112,101,110,104,113
1273,neighbor,False,MINIMUM_MAIN_STEEL,999999999.0000000000,9064.9455000000,0.2750000000,0.4500000000,0.3000000000,3.5000000000,0.6000000000,100,112,103,112,100,112
1274,neighbor,False,STEM_STRESS_OR_INTERVAL_BOUND,999999999.0000000000,9064.9455000000,0.3000000000,0.4000000000,0.5500000000,3.5000000000,0.8000000000,101,111,104,111,101,111
1275,neighbor,False,ENVELOPE_BASE_CONTACT,999999999.0000000000,9064.9455000000,0.2500000000,0.5000000000,0.4500000000,2.5000000000,0.7000000000,102,112,102,110,102,112
1276,neighbor,False,MINIMUM_MAIN_STEEL,999999999.0000000000,9064.9455000000,0.2500000000,0.5000000000,0.3000000000,3.0000000000,0.7000000000,102,112,100,111,100,112
1277,neighbor,False,MEMBER_FLEXURE,999999999.0000000000,9064.9455000000,0.2500000000,0.5000000000,0.3000000000,3.0000000000,0.5000000000,102,112,103,112,100,111
1278,neighbor,False,MEMBER_FLEXURE,999999999.0000000000,9064.9455000000,0.3000000000,0.4000000000,0.3000000000,3.0000000000,0.7000000000,102,111,100,111,103,113
1279,neighbor,False,MINIMUM_MAIN_STEEL,999999999.0000000000,9064.9455000000,0.2500000000,0.5000000000,0.3000000000,3.5000000000,0.8000000000,103,113,101,110,100,113
1280,neighbor,True,PASS_IMPLEMENTED_PROJECT_CHECKS,9265.3162500000,9064.9455000000,0.2500000000,0.5000000000,0.3000000000,3.0000000000,0.7000000000,102,112,103,112,103,113
1281,neighbor,False,MINIMUM_MAIN_STEEL,999999999.0000000000,9064.9455000000,0.3000000000,0.5000000000,0.4500000000,3.5000000000,0.7000000000,100,113,101,112,102,110
1282,neighbor,False,MINIMUM_MAIN_STEEL,999999999.0000000000,9064.9455000000,0.2500000000,0.5000000000,0.3000000000,2.5000000000,0.6000000000,102,112,100,112,101,111
1283,neighbor,False,MINIMUM_MAIN_STEEL,999999999.0000000000,9064.9455000000,0.3000000000,0.5500000000,0.3000000000,3.0000000000,0.7000000000,100,113,100,111,103,113
1284,neighbor,True,PASS_IMPLEMENTED_PROJECT_CHECKS,9346.2975000000,9064.9455000000,0.2500000000,0.5000000000,0.3000000000,3.0000000000,0.7000000000,102,112,102,110,103,113
1285,neighbor,False,MINIMUM_MAIN_STEEL,999999999.0000000000,9064.9455000000,0.2500000000,0.5000000000,0.3000000000,3.0000000000,0.7000000000,101,111,100,111,103,113
1286,neighbor,True,PASS_IMPLEMENTED_PROJECT_CHECKS,9214.0280000000,9064.9455000000,0.2000000000,0.5000000000,0.3000000000,3.0000000000,0.7000000000,102,111,100,111,103,113
1287,neighbor,False,MINIMUM_MAIN_STEEL,999999999.0000000000,9064.9455000000,0.3000000000,0.5500000000,0.3500000000,3.5000000000,0.6000000000,100,111,103,111,100,111
1288,neighbor,True,PASS_IMPLEMENTED_PROJECT_CHECKS,9064.9455000000,9064.9455000000,0.2500000000,0.5000000000,0.3000000000,3.0000000000,0.7000000000,102,112,100,111,103,113
1289,neighbor,True,PASS_IMPLEMENTED_PROJECT_CHECKS,9124.1775000000,9064.9455000000,0.2500000000,0.5000000000,0.3000000000,3.0000000000,0.7000000000,102,112,102,113,103,113
1290,neighbor,False,MINIMUM_MAIN_STEEL,999999999.0000000000,9064.9455000000,0.3000000000,0.5500000000,0.3000000000,3.0000000000,0.8000000000,101,113,103,111,101,113
1291,neighbor,False,MINIMUM_MAIN_STEEL,999999999.0000000000,9064.9455000000,0.2000000000,0.5500000000,0.3000000000,2.5000000000,0.8000000000,102,113,101,111,101,112
1292,neighbor,False,MEMBER_FLEXURE,999999999.0000000000,9064.9455000000,0.2500000000,0.5000000000,0.3000000000,3.0000000000,0.5000000000,102,112,101,110,103,113
1293,neighbor,False,MEMBER_FLEXURE,999999999.0000000000,9064.9455000000,0.2500000000,0.5000000000,0.3000000000,3.0000000000,0.7000000000,102,112,100,111,101,113
1294,neighbor,False,MAXIMUM_MAIN_STEEL,999999999.0000000000,9064.9455000000,0.2500000000,0.5000000000,0.3000000000,3.0000000000,0.7000000000,102,112,100,111,104,110
1295,neighbor,True,PASS_IMPLEMENTED_PROJECT_CHECKS,9459.8255000000,9064.9455000000,0.2500000000,0.5000000000,0.3000000000,3.0000000000,0.7000000000,102,112,104,111,103,113
1296,neighbor,True,PASS_IMPLEMENTED_PROJECT_CHECKS,9224.5942500000,9064.9455000000,0.2500000000,0.5000000000,0.3000000000,3.0000000000,0.7000000000,102,112,100,111,103,112
1297,neighbor,False,MAXIMUM_MAIN_STEEL,999999999.0000000000,9064.9455000000,0.2000000000,0.5000000000,0.5000000000,3.5000000000,0.8000000000,103,111,102,111,104,110
1298,neighbor,True,PASS_IMPLEMENTED_PROJECT_CHECKS,9080.2717800000,9064.9455000000,0.2500000000,0.5000000000,0.3000000000,3.0000000000,0.7000000000,102,112,100,111,101,110
1299,neighbor,False,MEMBER_FLEXURE,999999999.0000000000,9064.9455000000,0.2250000000,0.4500000000,0.3000000000,3.0000000000,0.7000000000,101,110,100,111,103,113
1300,neighbor,False,MINIMUM_MAIN_STEEL,999999999.0000000000,9064.9455000000,0.2250000000,0.6000000000,0.3000000000,3.5000000000,0.8000000000,103,113,104,111,100,113
1301,neighbor,False,MINIMUM_MAIN_STEEL,999999999.0000000000,9064.9455000000,0.2500000000,0.5000000000,0.3000000000,3.0000000000,0.7000000000,102,112,100,111,100,112
1302,neighbor,False,MEMBER_FLEXURE,999999999.0000000000,9064.9455000000,0.2500000000,0.5000000000,0.3000000000,3.0000000000,0.5000000000,102,112,104,113,102,111
1303,neighbor,False,MAXIMUM_MAIN_STEEL,999999999.0000000000,9064.9455000000,0.2500000000,0.5000000000,0.3000000000,3.0000000000,0.7000000000,104,111,100,111,103,113
1304,neighbor,False,MEMBER_FLEXURE,999999999.0000000000,9064.9455000000,0.2500000000,0.5000000000,0.3000000000,3.0000000000,0.7000000000,102,112,100,111,102,113
1305,neighbor,False,MAXIMUM_MAIN_STEEL,999999999.0000000000,9064.9455000000,0.2750000000,0.5000000000,0.3000000000,3.0000000000,0.7000000000,104,110,100,111,103,113
1306,neighbor,False,MINIMUM_MAIN_STEEL,999999999.0000000000,9064.9455000000,0.2500000000,0.4000000000,0.3000000000,3.0000000000,0.7000000000,100,112,100,111,103,113
1307,neighbor,False,MEMBER_FLEXURE,999999999.0000000000,9064.9455000000,0.2500000000,0.5000000000,0.3000000000,3.5000000000,0.7000000000,102,112,103,113,101,111
1308,neighbor,True,PASS_IMPLEMENTED_PROJECT_CHECKS,9064.9455000000,9064.9455000000,0.2500000000,0.5000000000,0.3000000000,3.0000000000,0.7000000000,102,112,100,111,103,113
1309,neighbor,False,MINIMUM_MAIN_STEEL,999999999.0000000000,9064.9455000000,0.3000000000,0.5500000000,0.3000000000,3.0000000000,0.7000000000,102,113,100,111,103,113
1310,neighbor,True,PASS_IMPLEMENTED_PROJECT_CHECKS,9761.4397800000,9064.9455000000,0.2500000000,0.5000000000,0.3000000000,3.0000000000,0.7000000000,102,112,100,111,104,111
1311,neighbor,False,ENVELOPE_BASE_CONTACT,999999999.0000000000,9064.9455000000,0.2500000000,0.5000000000,0.3500000000,2.5000000000,0.5000000000,102,112,103,110,101,112
1312,neighbor,True,PASS_IMPLEMENTED_PROJECT_CHECKS,13142.6631400000,9064.9455000000,0.2500000000,0.4500000000,0.5500000000,3.5000000000,0.9000000000,102,110,101,111,102,110
1313,neighbor,False,MEMBER_FLEXURE,999999999.0000000000,9064.9455000000,0.2500000000,0.5500000000,0.3000000000,3.0000000000,0.9000000000,103,113,100,111,102,112
1314,neighbor,True,PASS_IMPLEMENTED_PROJECT_CHECKS,9107.5185000000,9064.9455000000,0.2500000000,0.5000000000,0.3000000000,3.0000000000,0.7000000000,102,112,100,111,102,111
1315,neighbor,False,MINIMUM_MAIN_STEEL,999999999.0000000000,9064.9455000000,0.2500000000,0.5000000000,0.3000000000,3.0000000000,0.6000000000,102,112,102,111,100,113
1316,neighbor,False,MINIMUM_MAIN_STEEL,999999999.0000000000,9064.9455000000,0.2500000000,0.5000000000,0.3000000000,3.0000000000,0.7000000000,100,111,100,111,103,113
1317,neighbor,True,PASS_IMPLEMENTED_PROJECT_CHECKS,11267.9457400000,9064.9455000000,0.2500000000,0.5000000000,0.5000000000,3.0000000000,0.5000000000,102,112,102,112,104,111
1318,neighbor,False,ENVELOPE_BASE_CONTACT,999999999.0000000000,9064.9455000000,0.2500000000,0.5000000000,0.5500000000,2.5000000000,0.7000000000,102,112,102,110,102,112
1319,neighbor,False,MINIMUM_MAIN_STEEL,999999999.0000000000,9064.9455000000,0.2500000000,0.5000000000,0.3000000000,3.0000000000,0.7000000000,100,113,100,111,103,113
1320,neighbor,True,PASS_IMPLEMENTED_PROJECT_CHECKS,10259.6505000000,9064.9455000000,0.2250000000,0.6000000000,0.3000000000,3.0000000000,0.7000000000,103,112,100,111,103,113
1321,neighbor,False,MINIMUM_MAIN_STEEL,999999999.0000000000,9064.9455000000,0.2250000000,0.5000000000,0.3500000000,3.5000000000,0.9000000000,101,110,100,113,101,111
1322,neighbor,False,MAXIMUM_MAIN_STEEL,999999999.0000000000,9064.9455000000,0.2000000000,0.4000000000,0.3000000000,3.0000000000,0.7000000000,104,111,100,111,103,113
1323,neighbor,False,MINIMUM_MAIN_STEEL,999999999.0000000000,9064.9455000000,0.2500000000,0.5000000000,0.3000000000,3.0000000000,0.7000000000,101,112,100,111,103,113
1324,neighbor,False,MAXIMUM_MAIN_STEEL,999999999.0000000000,9064.9455000000,0.2500000000,0.5000000000,0.3000000000,3.0000000000,0.7000000000,104,111,100,111,103,113
1325,neighbor,False,MINIMUM_MAIN_STEEL,999999999.0000000000,9064.9455000000,0.2000000000,0.5000000000,0.3000000000,3.0000000000,0.7000000000,100,112,100,111,103,113
1326,neighbor,False,ENVELOPE_BASE_CONTACT,999999999.0000000000,9064.9455000000,0.2500000000,0.5500000000,0.3000000000,2.5000000000,0.8000000000,103,111,104,113,101,110
1327,neighbor,True,PASS_IMPLEMENTED_PROJECT_CHECKS,9266.3343000000,9064.9455000000,0.2500000000,0.5000000000,0.3000000000,3.0000000000,0.7000000000,102,112,104,113,103,113
1328,neighbor,True,PASS_IMPLEMENTED_PROJECT_CHECKS,9346.2975000000,9064.9455000000,0.2500000000,0.5000000000,0.3000000000,3.0000000000,0.7000000000,102,112,102,110,103,113
1329,neighbor,True,PASS_IMPLEMENTED_PROJECT_CHECKS,9227.4040680000,9064.9455000000,0.2500000000,0.5000000000,0.3000000000,3.0000000000,0.7000000000,102,112,100,111,104,113
1330,neighbor,False,MEMBER_FLEXURE,999999999.0000000000,9064.9455000000,0.2500000000,0.4500000000,0.3000000000,3.0000000000,0.7000000000,102,110,100,111,103,113
1331,neighbor,False,MEMBER_FLEXURE,999999999.0000000000,9064.9455000000,0.2500000000,0.5000000000,0.3000000000,3.0000000000,0.6000000000,102,112,103,112,101,110
1332,neighbor,False,MINIMUM_MAIN_STEEL,999999999.0000000000,9064.9455000000,0.2500000000,0.5000000000,0.3000000000,3.0000000000,0.7000000000,102,112,100,111,100,113
1333,neighbor,False,MINIMUM_MAIN_STEEL,999999999.0000000000,9064.9455000000,0.2000000000,0.6000000000,0.5500000000,3.5000000000,0.7000000000,104,113,103,113,101,112
1334,neighbor,True,PASS_IMPLEMENTED_PROJECT_CHECKS,9761.4397800000,9064.9455000000,0.2500000000,0.5000000000,0.3000000000,3.0000000000,0.7000000000,102,112,100,111,104,111
1335,neighbor,False,MINIMUM_MAIN_STEEL,999999999.0000000000,9064.9455000000,0.2500000000,0.5000000000,0.3000000000,3.0000000000,0.7000000000,100,113,100,111,103,113
1336,neighbor,True,PASS_IMPLEMENTED_PROJECT_CHECKS,9265.3162500000,9064.9455000000,0.2500000000,0.5000000000,0.3000000000,3.0000000000,0.7000000000,102,112,103,112,103,113
1337,neighbor,False,STEM_STRESS_OR_INTERVAL_BOUND,999999999.0000000000,9064.9455000000,0.2500000000,0.4000000000,0.3000000000,3.0000000000,0.7000000000,102,113,100,111,103,113
1338,neighbor,True,PASS_IMPLEMENTED_PROJECT_CHECKS,10022.8380000000,9064.9455000000,0.2500000000,0.5000000000,0.3000000000,3.0000000000,0.7000000000,102,112,100,111,103,110
1339,neighbor,False,MEMBER_FLEXURE,999999999.0000000000,9064.9455000000,0.2500000000,0.5000000000,0.3000000000,3.0000000000,0.7000000000,102,112,100,111,102,113
1340,neighbor,False,MINIMUM_MAIN_STEEL,999999999.0000000000,9064.9455000000,0.2500000000,0.5000000000,0.3000000000,3.0000000000,0.7000000000,101,111,100,111,103,113
1341,neighbor,True,PASS_IMPLEMENTED_PROJECT_CHECKS,9448.4727000000,9064.9455000000,0.2500000000,0.5000000000,0.3000000000,3.0000000000,0.7000000000,101,110,100,111,103,113
1342,neighbor,False,MINIMUM_MAIN_STEEL,999999999.0000000000,9064.9455000000,0.2500000000,0.5000000000,0.3000000000,2.5000000000,0.9000000000,102,113,104,111,102,112
1343,neighbor,True,PASS_IMPLEMENTED_PROJECT_CHECKS,9161.1975000000,9064.9455000000,0.2500000000,0.5000000000,0.3000000000,3.0000000000,0.7000000000,102,112,102,112,103,113
1344,neighbor,False,ENVELOPE_BASE_CONTACT,999999999.0000000000,9064.9455000000,0.2500000000,0.5000000000,0.3000000000,2.5000000000,0.6000000000,103,113,101,112,100,111
1345,neighbor,False,ENVELOPE_BASE_CONTACT,999999999.0000000000,9064.9455000000,0.2500000000,0.5000000000,0.3000000000,2.5000000000,0.8000000000,102,112,104,113,104,113
1346,neighbor,False,MINIMUM_MAIN_STEEL,999999999.0000000000,9064.9455000000,0.2500000000,0.5000000000,0.3500000000,3.0000000000,0.5000000000,102,112,101,111,100,112
1347,neighbor,False,MINIMUM_MAIN_STEEL,999999999.0000000000,9064.9455000000,0.2250000000,0.5000000000,0.3000000000,3.0000000000,0.7000000000,100,110,100,111,103,113
1348,neighbor,True,PASS_IMPLEMENTED_PROJECT_CHECKS,9124.1775000000,9064.9455000000,0.2500000000,0.5000000000,0.3000000000,3.0000000000,0.7000000000,102,112,102,113,103,113
1349,neighbor,False,MINIMUM_MAIN_STEEL,999999999.0000000000,9064.9455000000,0.2500000000,0.5000000000,0.3000000000,3.0000000000,0.8000000000,102,112,104,113,100,113
1350,neighbor,False,MINIMUM_MAIN_STEEL,999999999.0000000000,9064.9455000000,0.2500000000,0.5000000000,0.3000000000,3.0000000000,0.7000000000,102,113,100,111,103,113
1351,neighbor,True,PASS_IMPLEMENTED_PROJECT_CHECKS,9407.3805000000,9064.9455000000,0.2500000000,0.5000000000,0.3000000000,3.0000000000,0.7000000000,103,113,100,111,103,113
1352,neighbor,False,MINIMUM_MAIN_STEEL,999999999.0000000000,9064.9455000000,0.2500000000,0.5000000000,0.3000000000,3.0000000000,0.7000000000,102,112,100,111,100,112
1353,neighbor,False,MINIMUM_MAIN_STEEL,999999999.0000000000,9064.9455000000,0.2750000000,0.5000000000,0.3000000000,3.0000000000,0.7000000000,101,111,100,111,103,113
1354,neighbor,False,MINIMUM_MAIN_STEEL,999999999.0000000000,9064.9455000000,0.2500000000,0.4000000000,0.5500000000,2.5000000000,0.6000000000,103,113,100,113,101,112
1355,neighbor,False,MINIMUM_MAIN_STEEL,999999999.0000000000,9064.9455000000,0.2500000000,0.6000000000,0.3000000000,3.0000000000,0.7000000000,101,112,100,111,103,113
1356,neighbor,True,PASS_IMPLEMENTED_PROJECT_CHECKS,9842.9578200000,9064.9455000000,0.2500000000,0.5000000000,0.3000000000,3.0000000000,0.7000000000,104,113,100,111,103,113
1357,neighbor,False,ENVELOPE_BASE_CONTACT,999999999.0000000000,9064.9455000000,0.2500000000,0.5500000000,0.3000000000,2.5000000000,0.7000000000,102,110,101,113,100,110
1358,neighbor,False,MAXIMUM_MAIN_STEEL,999999999.0000000000,9064.9455000000,0.2500000000,0.5000000000,0.3000000000,3.0000000000,0.7000000000,103,110,100,111,103,113
1359,neighbor,True,PASS_IMPLEMENTED_PROJECT_CHECKS,9107.5185000000,9064.9455000000,0.2500000000,0.5000000000,0.3000000000,3.0000000000,0.7000000000,102,112,100,111,102,111
1360,neighbor,False,MEMBER_FLEXURE,999999999.0000000000,9064.9455000000,0.2500000000,0.5000000000,0.3000000000,3.0000000000,0.9000000000,102,112,101,113,102,112
1361,neighbor,False,MINIMUM_MAIN_STEEL,999999999.0000000000,9064.9455000000,0.2250000000,0.6000000000,0.3000000000,3.0000000000,0.7000000000,101,113,100,111,103,113
1362,neighbor,True,PASS_IMPLEMENTED_PROJECT_CHECKS,9407.3805000000,9064.9455000000,0.2500000000,0.5000000000,0.3000000000,3.0000000000,0.7000000000,103,113,100,111,103,113
1363,neighbor,False,MINIMUM_MAIN_STEEL,999999999.0000000000,9064.9455000000,0.2500000000,0.5000000000,0.5500000000,3.5000000000,0.6000000000,102,112,103,111,101,113
1364,neighbor,False,MINIMUM_MAIN_STEEL,999999999.0000000000,9064.9455000000,0.2750000000,0.5000000000,0.4500000000,3.5000000000,0.8000000000,101,111,101,110,100,111
1365,neighbor,False,MAXIMUM_MAIN_STEEL,999999999.0000000000,9064.9455000000,0.2500000000,0.5000000000,0.3000000000,3.5000000000,0.7000000000,102,112,104,110,100,110
1366,neighbor,True,PASS_IMPLEMENTED_PROJECT_CHECKS,9675.2742500000,9064.9455000000,0.2750000000,0.5000000000,0.3000000000,3.0000000000,0.7000000000,102,111,100,111,103,113
1367,neighbor,False,MINIMUM_MAIN_STEEL,999999999.0000000000,9064.9455000000,0.2500000000,0.6000000000,0.3000000000,3.0000000000,0.7000000000,102,112,100,111,103,113
1368,neighbor,False,MAXIMUM_MAIN_STEEL,999999999.0000000000,9064.9455000000,0.2500000000,0.5000000000,0.3000000000,3.0000000000,0.7000000000,104,111,100,111,103,113
1369,neighbor,False,MINIMUM_MAIN_STEEL,999999999.0000000000,9064.9455000000,0.2000000000,0.4000000000,0.3000000000,3.0000000000,0.5000000000,100,110,103,111,103,111
1370,neighbor,False,MEMBER_FLEXURE,999999999.0000000000,9064.9455000000,0.2500000000,0.4500000000,0.3000000000,3.0000000000,0.7000000000,104,112,100,111,103,113
1371,neighbor,True,PASS_IMPLEMENTED_PROJECT_CHECKS,11369.4299000000,9064.9455000000,0.2500000000,0.5000000000,0.5000000000,3.0000000000,0.6000000000,102,112,104,112,104,111
1372,neighbor,False,MINIMUM_MAIN_STEEL,999999999.0000000000,9064.9455000000,0.2000000000,0.5500000000,0.3000000000,3.0000000000,0.7000000000,101,113,100,111,103,113
1373,neighbor,True,PASS_IMPLEMENTED_PROJECT_CHECKS,10548.8305000000,9064.9455000000,0.2500000000,0.5000000000,0.3000000000,3.0000000000,0.7000000000,103,111,100,111,103,113
1374,neighbor,False,MINIMUM_MAIN_STEEL,999999999.0000000000,9064.9455000000,0.2500000000,0.5000000000,0.3000000000,3.0000000000,0.7000000000,100,113,100,111,103,113
1375,neighbor,False,ENVELOPE_BASE_CONTACT,999999999.0000000000,9064.9455000000,0.3000000000,0.4000000000,0.3000000000,2.5000000000,0.6000000000,102,111,104,113,100,110
1376,neighbor,False,MINIMUM_MAIN_STEEL,999999999.0000000000,9064.9455000000,0.2500000000,0.5000000000,0.3000000000,3.0000000000,0.7000000000,100,113,100,111,103,113
1377,neighbor,False,MINIMUM_MAIN_STEEL,999999999.0000000000,9064.9455000000,0.2750000000,0.4500000000,0.3000000000,3.0000000000,0.7000000000,101,112,100,111,103,113
1378,neighbor,False,STEM_STRESS_OR_INTERVAL_BOUND,999999999.0000000000,9064.9455000000,0.2500000000,0.4000000000,0.5500000000,3.5000000000,0.6000000000,101,111,102,111,102,112
1379,neighbor,True,PASS_IMPLEMENTED_PROJECT_CHECKS,9224.5942500000,9064.9455000000,0.2500000000,0.5000000000,0.3000000000,3.0000000000,0.7000000000,102,112,100,111,103,112
1380,neighbor,False,MINIMUM_MAIN_STEEL,999999999.0000000000,9064.9455000000,0.2500000000,0.5000000000,0.4500000000,2.5000000000,0.8000000000,102,112,101,112,100,111
1381,neighbor,False,MAXIMUM_MAIN_STEEL,999999999.0000000000,9064.9455000000,0.2500000000,0.5000000000,0.3000000000,3.0000000000,0.7000000000,103,110,100,111,103,113
1382,neighbor,False,MINIMUM_MAIN_STEEL,999999999.0000000000,9064.9455000000,0.2500000000,0.5000000000,0.3000000000,3.0000000000,0.7000000000,100,110,100,111,103,113
1383,neighbor,True,PASS_IMPLEMENTED_PROJECT_CHECKS,13324.4810800000,9064.9455000000,0.3000000000,0.4000000000,0.3500000000,3.5000000000,0.9000000000,103,110,104,111,104,113
1384,neighbor,False,MINIMUM_MAIN_STEEL,999999999.0000000000,9064.9455000000,0.2500000000,0.5000000000,0.3000000000,3.0000000000,0.7000000000,101,112,100,111,103,113
1385,neighbor,False,MINIMUM_MAIN_STEEL,999999999.0000000000,9064.9455000000,0.2500000000,0.5000000000,0.3000000000,2.5000000000,0.7000000000,102,112,100,112,104,113
1386,neighbor,False,ENVELOPE_BASE_CONTACT,999999999.0000000000,9064.9455000000,0.2500000000,0.5000000000,0.3000000000,2.5000000000,0.8000000000,102,112,103,113,102,110
1387,neighbor,True,PASS_IMPLEMENTED_PROJECT_CHECKS,10567.1480000000,9064.9455000000,0.2750000000,0.6000000000,0.3000000000,3.0000000000,0.7000000000,103,112,100,111,103,113
1388,neighbor,True,PASS_IMPLEMENTED_PROJECT_CHECKS,9448.4727000000,9064.9455000000,0.2500000000,0.5000000000,0.3000000000,3.0000000000,0.7000000000,101,110,100,111,103,113
1389,neighbor,False,MINIMUM_MAIN_STEEL,999999999.0000000000,9064.9455000000,0.2500000000,0.5000000000,0.3000000000,3.0000000000,0.7000000000,102,112,100,113,103,113
1390,neighbor,True,PASS_IMPLEMENTED_PROJECT_CHECKS,11092.8540000000,9064.9455000000,0.2500000000,0.5000000000,0.3000000000,3.5000000000,0.9000000000,102,112,102,110,103,110
1391,neighbor,False,MINIMUM_MAIN_STEEL,999999999.0000000000,9064.9455000000,0.2000000000,0.6000000000,0.3000000000,3.5000000000,0.8000000000,103,113,100,113,101,111
1392,neighbor,False,MINIMUM_MAIN_STEEL,999999999.0000000000,9064.9455000000,0.2500000000,0.5000000000,0.3000000000,3.0000000000,0.7000000000,101,113,100,111,103,113
1393,neighbor,False,MAXIMUM_MAIN_STEEL,999999999.0000000000,9064.9455000000,0.2000000000,0.5500000000,0.3000000000,3.5000000000,0.6000000000,103,111,103,110,102,112
1394,neighbor,True,PASS_IMPLEMENTED_PROJECT_CHECKS,12449.2820100000,9064.9455000000,0.2500000000,0.6000000000,0.5000000000,3.0000000000,0.6000000000,102,110,101,112,103,112
1395,neighbor,False,MINIMUM_MAIN_STEEL,999999999.0000000000,9064.9455000000,0.2500000000,0.4000000000,0.3000000000,3.0000000000,0.7000000000,101,113,100,111,103,113
1396,neighbor,True,PASS_IMPLEMENTED_PROJECT_CHECKS,9134.0495000000,9064.9455000000,0.2500000000,0.5000000000,0.3000000000,3.0000000000,0.7000000000,102,112,101,111,103,113
1397,neighbor,True,PASS_IMPLEMENTED_PROJECT_CHECKS,9459.8255000000,9064.9455000000,0.2500000000,0.5000000000,0.3000000000,3.0000000000,0.7000000000,102,112,104,111,103,113
1398,neighbor,False,ENVELOPE_BASE_CONTACT,999999999.0000000000,9064.9455000000,0.2500000000,0.5000000000,0.3000000000,2.5000000000,0.6000000000,102,112,101,111,103,111
1399,neighbor,False,STEM_STRESS_OR_INTERVAL_BOUND,999999999.0000000000,9064.9455000000,0.2500000000,0.4000000000,0.3000000000,3.0000000000,0.7000000000,103,113,100,111,103,113
1400,neighbor,True,PASS_IMPLEMENTED_PROJECT_CHECKS,9361.7225000000,9064.9455000000,0.2500000000,0.5000000000,0.3000000000,3.0000000000,0.7000000000,102,112,103,111,103,113
1401,neighbor,False,MEMBER_FLEXURE,999999999.0000000000,9064.9455000000,0.2500000000,0.5000000000,0.3000000000,3.0000000000,0.7000000000,102,112,100,111,101,111
1402,neighbor,False,MINIMUM_MAIN_STEEL,999999999.0000000000,9064.9455000000,0.2000000000,0.4500000000,0.5000000000,3.0000000000,0.9000000000,100,113,102,113,103,112
1403,neighbor,True,PASS_IMPLEMENTED_PROJECT_CHECKS,9285.1700760000,9064.9455000000,0.2500000000,0.5000000000,0.3000000000,3.0000000000,0.9000000000,102,112,104,113,103,113
1404,neighbor,False,MAXIMUM_MAIN_STEEL,999999999.0000000000,9064.9455000000,0.2500000000,0.5500000000,0.3000000000,3.5000000000,0.6000000000,103,110,103,111,103,111
1405,neighbor,True,PASS_IMPLEMENTED_PROJECT_CHECKS,9816.9142500000,9064.9455000000,0.2000000000,0.5500000000,0.3000000000,3.0000000000,0.7000000000,103,112,100,111,103,113
1406,neighbor,False,MAXIMUM_MAIN_STEEL,999999999.0000000000,9064.9455000000,0.2250000000,0.4000000000,0.3000000000,3.0000000000,0.7000000000,103,110,100,111,103,113
1407,neighbor,False,MEMBER_FLEXURE,999999999.0000000000,9064.9455000000,0.2500000000,0.5000000000,0.3000000000,3.0000000000,0.6000000000,102,112,103,113,103,113
1408,neighbor,False,MAXIMUM_MAIN_STEEL,999999999.0000000000,9064.9455000000,0.2000000000,0.5500000000,0.3000000000,3.0000000000,0.7000000000,103,111,102,112,101,110
1409,neighbor,False,MEMBER_FLEXURE,999999999.0000000000,9064.9455000000,0.2500000000,0.5000000000,0.3000000000,3.5000000000,0.8000000000,102,112,104,113,102,113
1410,neighbor,True,PASS_IMPLEMENTED_PROJECT_CHECKS,9064.9455000000,9064.9455000000,0.2500000000,0.5000000000,0.3000000000,3.0000000000,0.7000000000,102,112,100,111,103,113
1411,neighbor,False,MINIMUM_MAIN_STEEL,999999999.0000000000,9064.9455000000,0.2500000000,0.5000000000,0.3000000000,3.0000000000,0.7000000000,101,112,100,111,103,113
1412,neighbor,False,MAXIMUM_MAIN_STEEL,999999999.0000000000,9064.9455000000,0.2500000000,0.5000000000,0.3000000000,3.0000000000,0.7000000000,104,111,100,111,103,113
1413,neighbor,False,MEMBER_FLEXURE,999999999.0000000000,9064.9455000000,0.2500000000,0.5000000000,0.3000000000,3.0000000000,0.7000000000,102,112,100,111,101,112
1414,neighbor,False,ENVELOPE_BASE_CONTACT,999999999.0000000000,9064.9455000000,0.2500000000,0.5000000000,0.3000000000,2.5000000000,0.8000000000,102,112,103,111,102,110
1415,neighbor,False,MINIMUM_MAIN_STEEL,999999999.0000000000,9064.9455000000,0.3000000000,0.4500000000,0.3000000000,3.0000000000,0.7000000000,101,112,100,111,103,113
1416,neighbor,False,MINIMUM_MAIN_STEEL,999999999.0000000000,9064.9455000000,0.2500000000,0.5000000000,0.3000000000,3.0000000000,0.7000000000,102,113,100,111,103,113
1417,neighbor,False,ENVELOPE_BASE_CONTACT,999999999.0000000000,9064.9455000000,0.2500000000,0.5000000000,0.3000000000,2.5000000000,0.7000000000,102,112,103,111,103,110
1418,neighbor,True,PASS_IMPLEMENTED_PROJECT_CHECKS,9503.0155000000,9064.9455000000,0.2000000000,0.5500000000,0.3000000000,3.0000000000,0.7000000000,102,111,100,111,103,113
1419,neighbor,False,MINIMUM_MAIN_STEEL,999999999.0000000000,9064.9455000000,0.2500000000,0.5000000000,0.3000000000,3.0000000000,0.7000000000,101,113,100,111,103,113
1420,neighbor,True,PASS_IMPLEMENTED_PROJECT_CHECKS,9436.2561000000,9064.9455000000,0.2500000000,0.5000000000,0.3000000000,3.0000000000,0.9000000000,102,112,102,113,102,110
1421,neighbor,False,MINIMUM_MAIN_STEEL,999999999.0000000000,9064.9455000000,0.2250000000,0.5000000000,0.3500000000,3.5000000000,0.6000000000,100,110,104,112,103,111
1422,neighbor,True,PASS_IMPLEMENTED_PROJECT_CHECKS,9161.1975000000,9064.9455000000,0.2500000000,0.5000000000,0.3000000000,3.0000000000,0.7000000000,102,112,102,112,103,113
1423,neighbor,False,ENVELOPE_BASE_CONTACT,999999999.0000000000,9064.9455000000,0.2750000000,0.6000000000,0.3000000000,2.5000000000,0.6000000000,103,112,101,111,100,111
1424,neighbor,True,PASS_IMPLEMENTED_PROJECT_CHECKS,9835.4242500000,9064.9455000000,0.2500000000,0.5000000000,0.3000000000,3.0000000000,0.7000000000,103,112,100,111,103,113
1425,neighbor,True,PASS_IMPLEMENTED_PROJECT_CHECKS,10684.0692500000,9064.9455000000,0.2250000000,0.5500000000,0.3000000000,3.0000000000,0.7000000000,103,111,100,111,103,113
1426,neighbor,False,MAXIMUM_MAIN_STEEL,999999999.0000000000,9064.9455000000,0.2500000000,0.5000000000,0.3000000000,3.0000000000,0.7000000000,104,111,100,111,103,113
1427,neighbor,True,PASS_IMPLEMENTED_PROJECT_CHECKS,9134.0495000000,9064.9455000000,0.2500000000,0.5000000000,0.3000000000,3.0000000000,0.7000000000,102,112,101,111,103,113
1428,neighbor,True,PASS_IMPLEMENTED_PROJECT_CHECKS,9070.8687000000,9064.9455000000,0.2500000000,0.5000000000,0.3000000000,3.0000000000,0.7000000000,102,112,101,113,103,113
1429,neighbor,True,PASS_IMPLEMENTED_PROJECT_CHECKS,10652.6325100000,9064.9455000000,0.2500000000,0.5000000000,0.3500000000,3.5000000000,0.7000000000,102,112,101,110,104,112
1430,neighbor,False,MINIMUM_MAIN_STEEL,999999999.0000000000,9064.9455000000,0.2500000000,0.4000000000,0.3000000000,3.0000000000,0.7000000000,100,113,100,111,103,113
1431,neighbor,False,MAXIMUM_MAIN_STEEL,999999999.0000000000,9064.9455000000,0.2500000000,0.5000000000,0.3000000000,3.0000000000,0.7000000000,102,112,104,110,103,113
1432,neighbor,False,MINIMUM_MAIN_STEEL,999999999.0000000000,9064.9455000000,0.3000000000,0.5500000000,0.4000000000,3.5000000000,0.7000000000,100,110,101,113,101,111
1433,neighbor,False,MINIMUM_MAIN_STEEL,999999999.0000000000,9064.9455000000,0.2500000000,0.5000000000,0.3000000000,3.0000000000,0.7000000000,100,113,100,111,103,113
1434,neighbor,False,MINIMUM_MAIN_STEEL,999999999.0000000000,9064.9455000000,0.2500000000,0.5000000000,0.3000000000,3.0000000000,0.7000000000,101,111,100,111,103,113
1435,neighbor,False,MAXIMUM_MAIN_STEEL,999999999.0000000000,9064.9455000000,0.2500000000,0.5000000000,0.3000000000,3.0000000000,0.7000000000,104,110,100,111,103,113
1436,neighbor,True,PASS_IMPLEMENTED_PROJECT_CHECKS,9407.3805000000,9064.9455000000,0.2500000000,0.5000000000,0.3000000000,3.0000000000,0.7000000000,103,113,100,111,103,113
1437,neighbor,False,MINIMUM_MAIN_STEEL,999999999.0000000000,9064.9455000000,0.2500000000,0.5000000000,0.3000000000,3.0000000000,0.7000000000,101,112,100,111,103,113
1438,neighbor,False,MINIMUM_MAIN_STEEL,999999999.0000000000,9064.9455000000,0.2500000000,0.5000000000,0.3000000000,2.5000000000,0.8000000000,102,112,100,113,103,111
1439,neighbor,True,PASS_IMPLEMENTED_PROJECT_CHECKS,9459.8255000000,9064.9455000000,0.2500000000,0.5000000000,0.3000000000,3.0000000000,0.7000000000,102,112,104,111,103,113
1440,neighbor,True,PASS_IMPLEMENTED_PROJECT_CHECKS,12004.6676250000,9064.9455000000,0.2750000000,0.5500000000,0.4500000000,3.0000000000,0.7000000000,102,110,103,112,103,113
1441,neighbor,False,MINIMUM_MAIN_STEEL,999999999.0000000000,9064.9455000000,0.2250000000,0.5000000000,0.3000000000,2.5000000000,0.6000000000,103,111,100,112,102,112
1442,neighbor,True,PASS_IMPLEMENTED_PROJECT_CHECKS,9266.3343000000,9064.9455000000,0.2500000000,0.5000000000,0.3000000000,3.0000000000,0.7000000000,102,112,104,113,103,113
1443,neighbor,False,MINIMUM_MAIN_STEEL,999999999.0000000000,9064.9455000000,0.2500000000,0.5000000000,0.4500000000,3.0000000000,0.6000000000,102,112,100,111,104,110
1444,neighbor,False,MINIMUM_MAIN_STEEL,999999999.0000000000,9064.9455000000,0.2000000000,0.5000000000,0.4000000000,3.0000000000,0.8000000000,101,112,103,111,103,112
1445,neighbor,False,MINIMUM_MAIN_STEEL,999999999.0000000000,9064.9455000000,0.2000000000,0.5000000000,0.3000000000,3.0000000000,0.7000000000,100,110,100,111,103,113
1446,neighbor,True,PASS_IMPLEMENTED_PROJECT_CHECKS,9427.6674600000,9064.9455000000,0.2500000000,0.5000000000,0.3000000000,3.0000000000,0.7000000000,102,112,100,111,104,112
1447,neighbor,True,PASS_IMPLEMENTED_PROJECT_CHECKS,9207.4725000000,9064.9455000000,0.2500000000,0.5000000000,0.3000000000,3.0000000000,0.7000000000,102,112,103,113,103,113
1448,neighbor,True,PASS_IMPLEMENTED_PROJECT_CHECKS,9070.8687000000,9064.9455000000,0.2500000000,0.5000000000,0.3000000000,3.0000000000,0.7000000000,102,112,101,113,103,113
1449,neighbor,True,PASS_IMPLEMENTED_PROJECT_CHECKS,9945.7517500000,9064.9455000000,0.2250000000,0.6000000000,0.3000000000,3.0000000000,0.7000000000,102,111,100,111,103,113
1450,neighbor,False,MEMBER_FLEXURE,999999999.0000000000,9064.9455000000,0.2500000000,0.5000000000,0.3000000000,3.0000000000,0.7000000000,102,112,100,111,102,112
1451,neighbor,False,MINIMUM_MAIN_STEEL,999999999.0000000000,9064.9455000000,0.2750000000,0.5000000000,0.4500000000,3.0000000000,0.6000000000,101,110,100,113,102,110
1452,neighbor,False,MEMBER_FLEXURE,999999999.0000000000,9064.9455000000,0.2500000000,0.5000000000,0.3000000000,3.0000000000,0.7000000000,102,112,102,110,102,112
1453,neighbor,True,PASS_IMPLEMENTED_PROJECT_CHECKS,9080.2717800000,9064.9455000000,0.2500000000,0.5000000000,0.3000000000,3.0000000000,0.7000000000,102,112,100,111,101,110
1454,neighbor,False,MEMBER_FLEXURE,999999999.0000000000,9064.9455000000,0.2750000000,0.4000000000,0.3000000000,3.0000000000,0.7000000000,104,111,100,111,103,113
1455,neighbor,False,MAXIMUM_MAIN_STEEL,999999999.0000000000,9064.9455000000,0.2250000000,0.6000000000,0.3000000000,3.0000000000,0.7000000000,103,110,100,111,103,113
1456,neighbor,False,MINIMUM_MAIN_STEEL,999999999.0000000000,9064.9455000000,0.2250000000,0.6000000000,0.3000000000,3.0000000000,0.7000000000,102,112,100,111,103,113
1457,neighbor,True,PASS_IMPLEMENTED_PROJECT_CHECKS,9361.7225000000,9064.9455000000,0.2500000000,0.5000000000,0.3000000000,3.0000000000,0.7000000000,102,112,103,111,103,113
1458,neighbor,True,PASS_IMPLEMENTED_PROJECT_CHECKS,12596.1515500000,9064.9455000000,0.2750000000,0.5500000000,0.3000000000,3.5000000000,0.5000000000,104,112,102,110,104,111
1459,neighbor,False,MINIMUM_MAIN_STEEL,999999999.0000000000,9064.9455000000,0.2500000000,0.5500000000,0.3000000000,3.0000000000,0.7000000000,102,113,104,111,103,111
1460,neighbor,False,MINIMUM_MAIN_STEEL,999999999.0000000000,9064.9455000000,0.2500000000,0.5000000000,0.5500000000,3.0000000000,0.8000000000,102,112,100,113,101,112
1461,neighbor,True,PASS_IMPLEMENTED_PROJECT_CHECKS,9214.0280000000,9064.9455000000,0.2000000000,0.5000000000,0.3000000000,3.0000000000,0.7000000000,102,111,100,111,103,113
1462,neighbor,False,MINIMUM_MAIN_STEEL,999999999.0000000000,9064.9455000000,0.3000000000,0.5500000000,0.5500000000,3.0000000000,0.6000000000,101,110,101,112,101,112
1463,neighbor,True,PASS_IMPLEMENTED_PROJECT_CHECKS,9064.9455000000,9064.9455000000,0.2500000000,0.5000000000,0.3000000000,3.0000000000,0.7000000000,102,112,100,111,103,113
1464,neighbor,False,MAXIMUM_MAIN_STEEL,999999999.0000000000,9064.9455000000,0.2500000000,0.5000000000,0.3000000000,3.0000000000,0.7000000000,104,111,100,111,103,113
1465,neighbor,True,PASS_IMPLEMENTED_PROJECT_CHECKS,10540.1635000000,9064.9455000000,0.2000000000,0.5000000000,0.4500000000,3.5000000000,0.9000000000,102,112,102,111,102,112
1466,neighbor,True,PASS_IMPLEMENTED_PROJECT_CHECKS,9222.8975000000,9064.9455000000,0.2500000000,0.5000000000,0.3000000000,3.0000000000,0.7000000000,102,112,102,111,103,113
1467,neighbor,False,MINIMUM_MAIN_STEEL,999999999.0000000000,9064.9455000000,0.2250000000,0.5000000000,0.3000000000,3.5000000000,0.7000000000,101,111,102,110,102,111
1468,neighbor,False,STEM_STRESS_OR_INTERVAL_BOUND,999999999.0000000000,9064.9455000000,0.2250000000,0.4000000000,0.3000000000,3.0000000000,0.7000000000,101,111,100,111,103,113
1469,neighbor,True,PASS_IMPLEMENTED_PROJECT_CHECKS,9407.3805000000,9064.9455000000,0.2500000000,0.5000000000,0.3000000000,3.0000000000,0.7000000000,103,113,100,111,103,113
1470,neighbor,True,PASS_IMPLEMENTED_PROJECT_CHECKS,9266.3343000000,9064.9455000000,0.2500000000,0.5000000000,0.3000000000,3.0000000000,0.7000000000,102,112,104,113,103,113
1471,neighbor,True,PASS_IMPLEMENTED_PROJECT_CHECKS,10684.0692500000,9064.9455000000,0.2250000000,0.5500000000,0.3000000000,3.0000000000,0.7000000000,103,111,100,111,103,113
1472,neighbor,True,PASS_IMPLEMENTED_PROJECT_CHECKS,9490.6755000000,9064.9455000000,0.2500000000,0.5000000000,0.3000000000,3.0000000000,0.7000000000,102,112,100,111,103,111
1473,neighbor,False,MINIMUM_MAIN_STEEL,999999999.0000000000,9064.9455000000,0.2750000000,0.6000000000,0.5000000000,3.0000000000,0.9000000000,102,113,101,110,104,113
1474,neighbor,True,PASS_IMPLEMENTED_PROJECT_CHECKS,9835.4242500000,9064.9455000000,0.2500000000,0.5000000000,0.3000000000,3.0000000000,0.7000000000,103,112,100,111,103,113
1475,neighbor,True,PASS_IMPLEMENTED_PROJECT_CHECKS,9224.5942500000,9064.9455000000,0.2500000000,0.5000000000,0.3000000000,3.0000000000,0.7000000000,102,112,100,111,103,112
1476,neighbor,False,MEMBER_FLEXURE,999999999.0000000000,9064.9455000000,0.3000000000,0.4500000000,0.3000000000,3.0000000000,0.7000000000,104,112,100,111,103,113
1477,neighbor,False,MEMBER_FLEXURE,999999999.0000000000,9064.9455000000,0.2500000000,0.5000000000,0.3000000000,3.0000000000,0.7000000000,102,112,100,111,102,112
1478,neighbor,False,ENVELOPE_BASE_CONTACT,999999999.0000000000,9064.9455000000,0.2500000000,0.5000000000,0.4500000000,2.5000000000,0.9000000000,102,112,102,111,104,112
1479,neighbor,False,MEMBER_FLEXURE,999999999.0000000000,9064.9455000000,0.2500000000,0.5000000000,0.3000000000,3.0000000000,0.7000000000,102,112,100,111,102,113
1480,neighbor,True,PASS_IMPLEMENTED_PROJECT_CHECKS,9656.7642500000,9064.9455000000,0.2250000000,0.5500000000,0.3000000000,3.0000000000,0.7000000000,102,111,100,111,103,113
1481,neighbor,False,MEMBER_FLEXURE,999999999.0000000000,9064.9455000000,0.2500000000,0.5000000000,0.3000000000,3.0000000000,0.7000000000,102,112,100,111,101,113
1482,neighbor,False,MEMBER_FLEXURE,999999999.0000000000,9064.9455000000,0.2500000000,0.5000000000,0.3000000000,3.0000000000,0.7000000000,102,112,100,111,101,112
1483,neighbor,True,PASS_IMPLEMENTED_PROJECT_CHECKS,9427.6674600000,9064.9455000000,0.2500000000,0.5000000000,0.3000000000,3.0000000000,0.7000000000,102,112,100,111,104,112
1484,neighbor,True,PASS_IMPLEMENTED_PROJECT_CHECKS,9714.8780000000,9064.9455000000,0.3000000000,0.5000000000,0.3000000000,3.0000000000,0.7000000000,103,113,100,111,103,113
1485,neighbor,False,ENVELOPE_BASE_CONTACT,999999999.0000000000,9064.9455000000,0.2500000000,0.5000000000,0.4000000000,2.5000000000,0.6000000000,102,112,102,111,102,112
1486,neighbor,False,MINIMUM_MAIN_STEEL,999999999.0000000000,9064.9455000000,0.2250000000,0.4500000000,0.4000000000,3.5000000000,0.6000000000,101,113,104,110,104,110
1487,neighbor,False,MEMBER_FLEXURE,999999999.0000000000,9064.9455000000,0.2500000000,0.5000000000,0.4000000000,3.5000000000,0.7000000000,102,112,101,110,101,113
1488,neighbor,True,PASS_IMPLEMENTED_PROJECT_CHECKS,10434.6855000000,9064.9455000000,0.2500000000,0.5000000000,0.3000000000,3.0000000000,0.7000000000,102,110,100,111,103,113
1489,neighbor,True,PASS_IMPLEMENTED_PROJECT_CHECKS,9407.3805000000,9064.9455000000,0.2500000000,0.5000000000,0.3000000000,3.0000000000,0.7000000000,103,113,100,111,103,113
1490,neighbor,True,PASS_IMPLEMENTED_PROJECT_CHECKS,9080.2717800000,9064.9455000000,0.2500000000,0.5000000000,0.3000000000,3.0000000000,0.7000000000,102,112,100,111,101,110
1491,neighbor,False,MAXIMUM_MAIN_STEEL,999999999.0000000000,9064.9455000000,0.2750000000,0.5500000000,0.3000000000,3.0000000000,0.7000000000,103,110,100,111,103,113
1492,neighbor,False,MEMBER_FLEXURE,999999999.0000000000,9064.9455000000,0.2500000000,0.5000000000,0.3000000000,3.5000000000,0.8000000000,102,112,104,113,101,112
1493,neighbor,True,PASS_IMPLEMENTED_PROJECT_CHECKS,11720.4435650000,9064.9455000000,0.2750000000,0.5500000000,0.3500000000,3.5000000000,0.8000000000,101,110,100,110,104,111
1494,neighbor,True,PASS_IMPLEMENTED_PROJECT_CHECKS,9134.0495000000,9064.9455000000,0.2500000000,0.5000000000,0.3000000000,3.0000000000,0.7000000000,102,112,101,111,103,113
1495,neighbor,False,ENVELOPE_BASE_CONTACT,999999999.0000000000,9064.9455000000,0.2500000000,0.5000000000,0.3500000000,2.5000000000,0.7000000000,102,112,104,111,102,113
1496,neighbor,False,MINIMUM_MAIN_STEEL,999999999.0000000000,9064.9455000000,0.2500000000,0.5000000000,0.3000000000,3.0000000000,0.6000000000,102,112,100,113,102,113
1497,neighbor,True,PASS_IMPLEMENTED_PROJECT_CHECKS,9835.4242500000,9064.9455000000,0.2500000000,0.5000000000,0.3000000000,3.0000000000,0.7000000000,103,112,100,111,103,113
1498,neighbor,False,MINIMUM_MAIN_STEEL,999999999.0000000000,9064.9455000000,0.2500000000,0.5000000000,0.3000000000,3.0000000000,0.7000000000,102,112,100,110,100,112
1499,neighbor,True,PASS_IMPLEMENTED_PROJECT_CHECKS,9554.5350000000,9064.9455000000,0.2500000000,0.5000000000,0.3000000000,3.0000000000,0.7000000000,102,112,103,110,103,113
1500,neighbor,False,MEMBER_FLEXURE,999999999.0000000000,9064.9455000000,0.2500000000,0.5000000000,0.3000000000,3.0000000000,0.7000000000,102,112,100,111,102,113
1501,neighbor,False,MEMBER_FLEXURE,999999999.0000000000,9064.9455000000,0.2750000000,0.4000000000,0.3000000000,3.0000000000,0.7000000000,104,113,100,111,103,113
1502,neighbor,True,PASS_IMPLEMENTED_PROJECT_CHECKS,10434.6855000000,9064.9455000000,0.2500000000,0.5000000000,0.3000000000,3.0000000000,0.7000000000,102,110,100,111,103,113
1503,neighbor,True,PASS_IMPLEMENTED_PROJECT_CHECKS,9521.5255000000,9064.9455000000,0.2500000000,0.5000000000,0.3000000000,3.0000000000,0.7000000000,102,111,100,111,103,113
1504,neighbor,False,MAXIMUM_MAIN_STEEL,999999999.0000000000,9064.9455000000,0.2500000000,0.5000000000,0.3000000000,3.0000000000,0.6000000000,102,112,104,110,103,110
1505,neighbor,False,MINIMUM_MAIN_STEEL,999999999.0000000000,9064.9455000000,0.2500000000,0.5000000000,0.3500000000,2.5000000000,0.5000000000,102,112,100,113,104,112
1506,neighbor,True,PASS_IMPLEMENTED_PROJECT_CHECKS,9448.4727000000,9064.9455000000,0.2500000000,0.5000000000,0.3000000000,3.0000000000,0.7000000000,101,110,100,111,103,113
1507,neighbor,False,MINIMUM_MAIN_STEEL,999999999.0000000000,9064.9455000000,0.2250000000,0.5000000000,0.3000000000,3.0000000000,0.7000000000,100,111,101,112,102,111
1508,neighbor,True,PASS_IMPLEMENTED_PROJECT_CHECKS,9554.5350000000,9064.9455000000,0.2500000000,0.5000000000,0.3000000000,3.0000000000,0.7000000000,102,112,103,110,103,113
1509,neighbor,False,MINIMUM_MAIN_STEEL,999999999.0000000000,9064.9455000000,0.2500000000,0.5000000000,0.3000000000,3.0000000000,0.7000000000,101,111,100,111,103,113
1510,neighbor,True,PASS_IMPLEMENTED_PROJECT_CHECKS,9094.5615000000,9064.9455000000,0.2500000000,0.5000000000,0.3000000000,3.0000000000,0.7000000000,102,112,101,112,103,113
1511,neighbor,False,MINIMUM_MAIN_STEEL,999999999.0000000000,9064.9455000000,0.2500000000,0.5000000000,0.4000000000,3.0000000000,0.5000000000,102,112,100,113,103,111
1512,neighbor,True,PASS_IMPLEMENTED_PROJECT_CHECKS,9094.5615000000,9064.9455000000,0.2500000000,0.5000000000,0.3000000000,3.0000000000,0.7000000000,102,112,101,112,103,113
1513,neighbor,True,PASS_IMPLEMENTED_PROJECT_CHECKS,9064.9455000000,9064.9455000000,0.2500000000,0.5000000000,0.3000000000,3.0000000000,0.7000000000,102,112,100,111,103,113
1514,neighbor,False,MAXIMUM_MAIN_STEEL,999999999.0000000000,9064.9455000000,0.2500000000,0.5000000000,0.3000000000,3.0000000000,0.7000000000,104,111,100,111,103,113
1515,neighbor,False,MINIMUM_MAIN_STEEL,999999999.0000000000,9064.9455000000,0.2500000000,0.4000000000,0.3500000000,3.5000000000,0.9000000000,100,113,100,110,104,113
1516,neighbor,False,MEMBER_FLEXURE,999999999.0000000000,9064.9455000000,0.2500000000,0.5000000000,0.3000000000,3.0000000000,0.7000000000,102,112,100,111,101,111
1517,neighbor,False,MINIMUM_MAIN_STEEL,999999999.0000000000,9064.9455000000,0.2500000000,0.5000000000,0.3000000000,3.0000000000,0.7000000000,100,110,100,111,103,113
1518,neighbor,True,PASS_IMPLEMENTED_PROJECT_CHECKS,9850.1167500000,9064.9455000000,0.2750000000,0.5500000000,0.3000000000,3.0000000000,0.7000000000,103,113,100,111,103,113
1519,neighbor,True,PASS_IMPLEMENTED_PROJECT_CHECKS,10379.8959000000,9064.9455000000,0.2500000000,0.5000000000,0.3000000000,3.0000000000,0.7000000000,104,112,100,111,103,113
1520,neighbor,True,PASS_IMPLEMENTED_PROJECT_CHECKS,9459.8255000000,9064.9455000000,0.2500000000,0.5000000000,0.3000000000,3.0000000000,0.7000000000,102,112,104,111,103,113
1521,neighbor,False,MEMBER_FLEXURE,999999999.0000000000,9064.9455000000,0.2500000000,0.5000000000,0.3000000000,3.0000000000,0.7000000000,102,112,100,111,101,113
1522,neighbor,True,PASS_IMPLEMENTED_PROJECT_CHECKS,9842.9578200000,9064.9455000000,0.2500000000,0.5000000000,0.3000000000,3.0000000000,0.7000000000,104,113,100,111,103,113
1523,neighbor,False,MAXIMUM_MAIN_STEEL,999999999.0000000000,9064.9455000000,0.2500000000,0.4500000000,0.5500000000,3.5000000000,0.5000000000,104,110,103,111,103,111
1524,neighbor,True,PASS_IMPLEMENTED_PROJECT_CHECKS,9224.5942500000,9064.9455000000,0.2500000000,0.5000000000,0.3000000000,3.0000000000,0.7000000000,102,112,100,111,103,112
1525,neighbor,False,MINIMUM_MAIN_STEEL,999999999.0000000000,9064.9455000000,0.2250000000,0.5000000000,0.3000000000,3.0000000000,0.9000000000,101,111,101,111,103,110
1526,neighbor,False,MAXIMUM_MAIN_STEEL,999999999.0000000000,9064.9455000000,0.2500000000,0.5500000000,0.3000000000,3.0000000000,0.7000000000,104,110,100,111,103,113
1527,neighbor,False,MAXIMUM_MAIN_STEEL,999999999.0000000000,9064.9455000000,0.2500000000,0.5000000000,0.3000000000,3.0000000000,0.7000000000,103,110,100,111,103,113
1528,neighbor,False,MINIMUM_MAIN_STEEL,999999999.0000000000,9064.9455000000,0.2750000000,0.5500000000,0.3000000000,3.0000000000,0.7000000000,102,113,100,111,103,113
1529,neighbor,False,MEMBER_FLEXURE,999999999.0000000000,9064.9455000000,0.2500000000,0.5000000000,0.3000000000,3.0000000000,0.7000000000,102,112,100,111,102,113
1530,neighbor,True,PASS_IMPLEMENTED_PROJECT_CHECKS,9835.4242500000,9064.9455000000,0.2500000000,0.5000000000,0.3000000000,3.0000000000,0.7000000000,103,112,100,111,103,113
1531,neighbor,True,PASS_IMPLEMENTED_PROJECT_CHECKS,9207.4725000000,9064.9455000000,0.2500000000,0.5000000000,0.3000000000,3.0000000000,0.7000000000,102,112,103,113,103,113
1532,neighbor,False,MINIMUM_MAIN_STEEL,999999999.0000000000,9064.9455000000,0.2500000000,0.5000000000,0.3000000000,3.5000000000,0.8000000000,102,112,101,112,100,112
1533,neighbor,True,PASS_IMPLEMENTED_PROJECT_CHECKS,9407.3805000000,9064.9455000000,0.2500000000,0.5000000000,0.3000000000,3.0000000000,0.7000000000,103,113,100,111,103,113
1534,neighbor,False,MINIMUM_MAIN_STEEL,999999999.0000000000,9064.9455000000,0.2500000000,0.5000000000,0.3000000000,3.0000000000,0.7000000000,102,112,100,113,103,113
1535,neighbor,False,MINIMUM_MAIN_STEEL,999999999.0000000000,9064.9455000000,0.3000000000,0.4000000000,0.5000000000,2.5000000000,0.6000000000,102,110,102,112,100,112
1536,neighbor,False,MINIMUM_MAIN_STEEL,999999999.0000000000,9064.9455000000,0.2500000000,0.5000000000,0.3000000000,3.0000000000,0.7000000000,102,113,100,111,103,113
1537,neighbor,False,MAXIMUM_MAIN_STEEL,999999999.0000000000,9064.9455000000,0.2750000000,0.5000000000,0.3000000000,3.5000000000,0.6000000000,101,110,104,110,101,110
1538,neighbor,True,PASS_IMPLEMENTED_PROJECT_CHECKS,9835.4242500000,9064.9455000000,0.2500000000,0.5000000000,0.3000000000,3.0000000000,0.7000000000,103,112,100,111,103,113
1539,neighbor,False,MINIMUM_MAIN_STEEL,999999999.0000000000,9064.9455000000,0.2500000000,0.5000000000,0.3000000000,3.0000000000,0.7000000000,101,113,100,111,103,113
1540,neighbor,False,MAXIMUM_MAIN_STEEL,999999999.0000000000,9064.9455000000,0.2500000000,0.5000000000,0.3000000000,3.0000000000,0.7000000000,104,110,100,111,103,113
1541,neighbor,True,PASS_IMPLEMENTED_PROJECT_CHECKS,10048.8900000000,9064.9455000000,0.2500000000,0.5000000000,0.3000000000,3.5000000000,0.8000000000,102,112,103,112,103,112
1542,neighbor,False,MINIMUM_MAIN_STEEL,999999999.0000000000,9064.9455000000,0.2500000000,0.5000000000,0.3000000000,3.0000000000,0.7000000000,102,112,100,111,100,112
1543,neighbor,True,PASS_IMPLEMENTED_PROJECT_CHECKS,9064.9455000000,9064.9455000000,0.2500000000,0.5000000000,0.3000000000,3.0000000000,0.7000000000,102,112,100,111,103,113
1544,neighbor,False,MINIMUM_MAIN_STEEL,999999999.0000000000,9064.9455000000,0.2500000000,0.5000000000,0.3000000000,3.0000000000,0.7000000000,101,111,100,111,103,113
1545,neighbor,False,MAXIMUM_MAIN_STEEL,999999999.0000000000,9064.9455000000,0.2750000000,0.6000000000,0.3000000000,3.0000000000,0.7000000000,104,110,100,111,103,113
1546,neighbor,False,MEMBER_FLEXURE,999999999.0000000000,9064.9455000000,0.2500000000,0.5000000000,0.3000000000,3.0000000000,0.7000000000,102,112,100,111,102,113
1547,neighbor,False,ENVELOPE_BASE_CONTACT,999999999.0000000000,9064.9455000000,0.2500000000,0.5000000000,0.5000000000,2.5000000000,0.6000000000,102,112,101,112,100,110
1548,neighbor,False,MINIMUM_MAIN_STEEL,999999999.0000000000,9064.9455000000,0.2500000000,0.5000000000,0.3000000000,3.0000000000,0.7000000000,102,112,100,113,103,113
1549,neighbor,False,MINIMUM_MAIN_STEEL,999999999.0000000000,9064.9455000000,0.2500000000,0.5000000000,0.3000000000,3.0000000000,0.7000000000,101,111,100,111,103,113
1550,neighbor,True,PASS_IMPLEMENTED_PROJECT_CHECKS,9213.0255000000,9064.9455000000,0.2500000000,0.5000000000,0.3000000000,3.0000000000,0.7000000000,102,112,101,110,103,113
1551,neighbor,True,PASS_IMPLEMENTED_PROJECT_CHECKS,9064.9455000000,9064.9455000000,0.2500000000,0.5000000000,0.3000000000,3.0000000000,0.7000000000,102,112,100,111,103,113
1552,neighbor,False,MINIMUM_MAIN_STEEL,999999999.0000000000,9064.9455000000,0.2500000000,0.5000000000,0.3000000000,3.0000000000,0.7000000000,100,112,100,111,103,113
1553,neighbor,True,PASS_IMPLEMENTED_PROJECT_CHECKS,9124.1775000000,9064.9455000000,0.2500000000,0.5000000000,0.3000000000,3.0000000000,0.7000000000,102,112,102,113,103,113
1554,neighbor,True,PASS_IMPLEMENTED_PROJECT_CHECKS,10756.4939600000,9064.9455000000,0.2500000000,0.5000000000,0.4000000000,3.5000000000,0.9000000000,102,112,104,111,102,112
1555,neighbor,True,PASS_IMPLEMENTED_PROJECT_CHECKS,9338.8935000000,9064.9455000000,0.2500000000,0.5000000000,0.3000000000,3.0000000000,0.7000000000,102,112,104,112,103,113
1556,neighbor,True,PASS_IMPLEMENTED_PROJECT_CHECKS,9064.9455000000,9064.9455000000,0.2500000000,0.5000000000,0.3000000000,3.0000000000,0.7000000000,102,112,100,111,103,113
1557,neighbor,False,MAXIMUM_MAIN_STEEL,999999999.0000000000,9064.9455000000,0.2000000000,0.4000000000,0.3000000000,3.0000000000,0.7000000000,102,110,100,111,103,113
1558,neighbor,False,ENVELOPE_BASE_CONTACT,999999999.0000000000,9064.9455000000,0.2500000000,0.5000000000,0.3000000000,2.5000000000,0.6000000000,102,112,104,112,103,112
1559,neighbor,False,MEMBER_FLEXURE,999999999.0000000000,9064.9455000000,0.3000000000,0.4500000000,0.3000000000,3.0000000000,0.7000000000,103,110,100,111,103,113
1560,neighbor,False,ENVELOPE_BASE_CONTACT,999999999.0000000000,9064.9455000000,0.2500000000,0.5000000000,0.3000000000,2.5000000000,0.7000000000,102,112,102,111,103,110
1561,neighbor,False,MINIMUM_MAIN_STEEL,999999999.0000000000,9064.9455000000,0.2000000000,0.4500000000,0.3000000000,3.0000000000,0.7000000000,100,110,100,111,103,113
1562,neighbor,True,PASS_IMPLEMENTED_PROJECT_CHECKS,9896.5675080000,9064.9455000000,0.2500000000,0.5000000000,0.3000000000,3.5000000000,0.7000000000,102,112,100,110,104,113
1563,neighbor,True,PASS_IMPLEMENTED_PROJECT_CHECKS,9107.5185000000,9064.9455000000,0.2500000000,0.5000000000,0.3000000000,3.0000000000,0.7000000000,102,112,100,111,102,111
1564,neighbor,False,MEMBER_FLEXURE,999999999.0000000000,9064.9455000000,0.2500000000,0.5000000000,0.3000000000,3.0000000000,0.7000000000,102,112,100,111,101,111
1565,neighbor,False,ENVELOPE_BASE_CONTACT,999999999.0000000000,9064.9455000000,0.2500000000,0.5000000000,0.3000000000,2.5000000000,0.8000000000,102,112,103,113,103,112
1566,neighbor,False,MEMBER_FLEXURE,999999999.0000000000,9064.9455000000,0.2250000000,0.4500000000,0.3000000000,3.5000000000,0.9000000000,102,111,101,113,102,112
1567,neighbor,False,MINIMUM_MAIN_STEEL,999999999.0000000000,9064.9455000000,0.2500000000,0.5000000000,0.3000000000,3.0000000000,0.7000000000,102,113,100,111,103,113
1568,neighbor,False,ENVELOPE_BASE_CONTACT,999999999.0000000000,9064.9455000000,0.2500000000,0.5000000000,0.3000000000,2.5000000000,0.6000000000,102,112,102,113,104,113
1569,neighbor,False,MINIMUM_MAIN_STEEL,999999999.0000000000,9064.9455000000,0.2000000000,0.5000000000,0.3000000000,3.0000000000,0.7000000000,101,112,100,111,103,113
1570,neighbor,True,PASS_IMPLEMENTED_PROJECT_CHECKS,9554.5350000000,9064.9455000000,0.2500000000,0.5000000000,0.3000000000,3.0000000000,0.7000000000,102,112,103,110,103,113
1571,neighbor,True,PASS_IMPLEMENTED_PROJECT_CHECKS,9448.1025000000,9064.9455000000,0.2500000000,0.5000000000,0.3000000000,3.0000000000,0.7000000000,102,112,100,111,102,110
1572,neighbor,True,PASS_IMPLEMENTED_PROJECT_CHECKS,12256.7198600000,9064.9455000000,0.2500000000,0.6000000000,0.3000000000,3.5000000000,0.5000000000,102,110,101,111,103,111
1573,neighbor,False,MINIMUM_MAIN_STEEL,999999999.0000000000,9064.9455000000,0.2500000000,0.5000000000,0.3000000000,2.5000000000,0.7000000000,102,112,100,112,103,110
1574,neighbor,True,PASS_IMPLEMENTED_PROJECT_CHECKS,9265.3162500000,9064.9455000000,0.2500000000,0.5000000000,0.3000000000,3.0000000000,0.7000000000,102,112,103,112,103,113
1575,neighbor,False,MAXIMUM_MAIN_STEEL,999999999.0000000000,9064.9455000000,0.2250000000,0.5500000000,0.3000000000,3.0000000000,0.7000000000,104,110,100,111,103,113
1576,neighbor,True,PASS_IMPLEMENTED_PROJECT_CHECKS,9521.5255000000,9064.9455000000,0.2500000000,0.5000000000,0.3000000000,3.0000000000,0.7000000000,102,111,100,111,103,113
1577,neighbor,True,PASS_IMPLEMENTED_PROJECT_CHECKS,9448.4727000000,9064.9455000000,0.2500000000,0.5000000000,0.3000000000,3.0000000000,0.7000000000,101,110,100,111,103,113
1578,neighbor,True,PASS_IMPLEMENTED_PROJECT_CHECKS,9134.0495000000,9064.9455000000,0.2500000000,0.5000000000,0.3000000000,3.0000000000,0.7000000000,102,112,101,111,103,113
1579,neighbor,False,MINIMUM_MAIN_STEEL,999999999.0000000000,9064.9455000000,0.2250000000,0.6000000000,0.3000000000,2.5000000000,0.9000000000,100,110,100,110,103,111
1580,neighbor,False,MINIMUM_MAIN_STEEL,999999999.0000000000,9064.9455000000,0.2500000000,0.5000000000,0.5500000000,3.0000000000,0.8000000000,102,112,103,111,100,113
1581,neighbor,True,PASS_IMPLEMENTED_PROJECT_CHECKS,9107.5185000000,9064.9455000000,0.2500000000,0.5000000000,0.3000000000,3.0000000000,0.7000000000,102,112,100,111,102,111
1582,neighbor,True,PASS_IMPLEMENTED_PROJECT_CHECKS,9842.9578200000,9064.9455000000,0.2500000000,0.5000000000,0.3000000000,3.0000000000,0.7000000000,104,113,100,111,103,113
1583,neighbor,False,MINIMUM_MAIN_STEEL,999999999.0000000000,9064.9455000000,0.2250000000,0.5500000000,0.3000000000,3.0000000000,0.6000000000,101,112,103,113,101,111
1584,neighbor,False,ENVELOPE_BASE_CONTACT,999999999.0000000000,9064.9455000000,0.2750000000,0.4000000000,0.3000000000,2.5000000000,0.9000000000,103,113,101,110,104,112
1585,neighbor,True,PASS_IMPLEMENTED_PROJECT_CHECKS,9265.3162500000,9064.9455000000,0.2500000000,0.5000000000,0.3000000000,3.0000000000,0.7000000000,102,112,103,112,103,113
1586,neighbor,False,MAXIMUM_MAIN_STEEL,999999999.0000000000,9064.9455000000,0.2500000000,0.5000000000,0.3000000000,3.5000000000,0.8000000000,102,112,101,110,104,110
1587,neighbor,False,MINIMUM_MAIN_STEEL,999999999.0000000000,9064.9455000000,0.2250000000,0.4000000000,0.5000000000,3.0000000000,0.5000000000,101,112,101,110,100,110
1588,neighbor,False,MEMBER_FLEXURE,999999999.0000000000,9064.9455000000,0.3000000000,0.4000000000,0.3000000000,3.0000000000,0.7000000000,104,113,100,111,103,113
1589,neighbor,False,MAXIMUM_MAIN_STEEL,999999999.0000000000,9064.9455000000,0.2500000000,0.5000000000,0.3000000000,3.0000000000,0.7000000000,104,111,100,111,103,113
1590,neighbor,True,PASS_IMPLEMENTED_PROJECT_CHECKS,9842.9578200000,9064.9455000000,0.2500000000,0.5000000000,0.3000000000,3.0000000000,0.7000000000,104,113,100,111,103,113
1591,neighbor,False,MINIMUM_MAIN_STEEL,999999999.0000000000,9064.9455000000,0.2500000000,0.5000000000,0.4500000000,3.5000000000,0.7000000000,102,112,100,112,103,113
1592,neighbor,True,PASS_IMPLEMENTED_PROJECT_CHECKS,9224.5942500000,9064.9455000000,0.2500000000,0.5000000000,0.3000000000,3.0000000000,0.7000000000,102,112,100,111,103,112
1593,neighbor,False,MINIMUM_MAIN_STEEL,999999999.0000000000,9064.9455000000,0.2750000000,0.6000000000,0.3000000000,3.0000000000,0.7000000000,101,112,100,111,103,113
1594,neighbor,True,PASS_IMPLEMENTED_PROJECT_CHECKS,9265.3162500000,9064.9455000000,0.2500000000,0.5000000000,0.3000000000,3.0000000000,0.7000000000,102,112,103,112,103,113
1595,neighbor,True,PASS_IMPLEMENTED_PROJECT_CHECKS,10548.8305000000,9064.9455000000,0.2500000000,0.5000000000,0.3000000000,3.0000000000,0.7000000000,103,111,100,111,103,113
1596,neighbor,False,MEMBER_FLEXURE,999999999.0000000000,9064.9455000000,0.2000000000,0.4000000000,0.3000000000,3.0000000000,0.7000000000,104,113,100,111,103,113
1597,neighbor,False,MEMBER_FLEXURE,999999999.0000000000,9064.9455000000,0.2500000000,0.5000000000,0.3000000000,3.0000000000,0.7000000000,102,112,100,111,100,110
1598,neighbor,False,MEMBER_FLEXURE,999999999.0000000000,9064.9455000000,0.2500000000,0.5000000000,0.3000000000,3.0000000000,0.7000000000,102,112,100,111,102,112
1599,neighbor,False,ENVELOPE_BASE_CONTACT,999999999.0000000000,9064.9455000000,0.2500000000,0.5500000000,0.4500000000,2.5000000000,0.6000000000,102,111,100,110,102,111
1600,neighbor,False,MINIMUM_MAIN_STEEL,999999999.0000000000,9064.9455000000,0.2000000000,0.5500000000,0.3000000000,3.0000000000,0.6000000000,101,113,102,113,104,110
1601,neighbor,True,PASS_IMPLEMENTED_PROJECT_CHECKS,9490.6755000000,9064.9455000000,0.2500000000,0.5000000000,0.3000000000,3.0000000000,0.7000000000,102,112,100,111,103,111
1602,neighbor,False,MINIMUM_MAIN_STEEL,999999999.0000000000,9064.9455000000,0.2250000000,0.4000000000,0.4500000000,3.5000000000,0.6000000000,100,110,103,110,101,112
1603,neighbor,True,PASS_IMPLEMENTED_PROJECT_CHECKS,9490.6755000000,9064.9455000000,0.2500000000,0.5000000000,0.3000000000,3.0000000000,0.7000000000,102,112,100,111,103,111
1604,neighbor,True,PASS_IMPLEMENTED_PROJECT_CHECKS,9080.2717800000,9064.9455000000,0.2500000000,0.5000000000,0.3000000000,3.0000000000,0.7000000000,102,112,100,111,101,110
1605,neighbor,False,MINIMUM_MAIN_STEEL,999999999.0000000000,9064.9455000000,0.2500000000,0.5000000000,0.3000000000,3.0000000000,0.7000000000,102,113,100,111,103,113
1606,neighbor,True,PASS_IMPLEMENTED_PROJECT_CHECKS,10548.8305000000,9064.9455000000,0.2500000000,0.5000000000,0.3000000000,3.0000000000,0.7000000000,103,111,100,111,103,113
1607,neighbor,True,PASS_IMPLEMENTED_PROJECT_CHECKS,12225.7677500000,9064.9455000000,0.2500000000,0.5000000000,0.5500000000,3.5000000000,0.9000000000,102,112,102,111,102,110
1608,neighbor,False,MAXIMUM_MAIN_STEEL,999999999.0000000000,9064.9455000000,0.2500000000,0.5000000000,0.3000000000,3.0000000000,0.7000000000,102,112,100,111,104,110
1609,neighbor,False,MEMBER_FLEXURE,999999999.0000000000,9064.9455000000,0.2500000000,0.5000000000,0.3000000000,3.0000000000,0.7000000000,102,112,100,111,101,112
1610,neighbor,False,MEMBER_FLEXURE,999999999.0000000000,9064.9455000000,0.2500000000,0.4000000000,0.3000000000,3.0000000000,0.7000000000,102,110,100,111,103,113
1611,neighbor,True,PASS_IMPLEMENTED_PROJECT_CHECKS,9490.6755000000,9064.9455000000,0.2500000000,0.5000000000,0.3000000000,3.0000000000,0.7000000000,102,112,100,111,103,111
1612,neighbor,False,STEM_STRESS_OR_INTERVAL_BOUND,999999999.0000000000,9064.9455000000,0.2500000000,0.4000000000,0.5000000000,3.5000000000,0.7000000000,102,112,103,112,104,110
1613,neighbor,False,MINIMUM_MAIN_STEEL,999999999.0000000000,9064.9455000000,0.2500000000,0.4000000000,0.4500000000,3.5000000000,0.8000000000,100,113,100,113,103,110
1614,neighbor,True,PASS_IMPLEMENTED_PROJECT_CHECKS,9554.5350000000,9064.9455000000,0.2500000000,0.5000000000,0.3000000000,3.0000000000,0.7000000000,102,112,103,110,103,113
1615,neighbor,True,PASS_IMPLEMENTED_PROJECT_CHECKS,9964.2617500000,9064.9455000000,0.2750000000,0.5500000000,0.3000000000,3.0000000000,0.7000000000,102,111,100,111,103,113
1616,neighbor,True,PASS_IMPLEMENTED_PROJECT_CHECKS,10856.3280000000,9064.9455000000,0.3000000000,0.5000000000,0.3000000000,3.0000000000,0.7000000000,103,111,100,111,103,113
1617,neighbor,False,MEMBER_FLEXURE,999999999.0000000000,9064.9455000000,0.2500000000,0.4500000000,0.3000000000,3.0000000000,0.7000000000,104,112,100,111,103,113
1618,neighbor,False,MINIMUM_MAIN_STEEL,999999999.0000000000,9064.9455000000,0.2500000000,0.5000000000,0.4000000000,3.5000000000,0.6000000000,102,112,102,110,100,113
1619,neighbor,False,MEMBER_FLEXURE,999999999.0000000000,9064.9455000000,0.2250000000,0.4000000000,0.3000000000,3.0000000000,0.7000000000,103,111,100,111,103,113
1620,neighbor,False,ENVELOPE_BASE_CONTACT,999999999.0000000000,9064.9455000000,0.2500000000,0.4500000000,0.3000000000,2.5000000000,0.5000000000,102,111,103,110,102,111
1621,neighbor,False,MINIMUM_MAIN_STEEL,999999999.0000000000,9064.9455000000,0.3000000000,0.6000000000,0.3500000000,3.5000000000,0.6000000000,102,113,101,110,102,110
1622,neighbor,False,MINIMUM_MAIN_STEEL,999999999.0000000000,9064.9455000000,0.2500000000,0.5000000000,0.3000000000,3.0000000000,0.7000000000,100,111,100,111,103,113
1623,neighbor,False,MINIMUM_MAIN_STEEL,999999999.0000000000,9064.9455000000,0.2000000000,0.4000000000,0.3000000000,3.5000000000,0.5000000000,100,110,102,113,104,111
1624,neighbor,False,MEMBER_FLEXURE,999999999.0000000000,9064.9455000000,0.2500000000,0.5000000000,0.3000000000,3.0000000000,0.9000000000,102,112,103,110,101,112
1625,neighbor,False,MINIMUM_MAIN_STEEL,999999999.0000000000,9064.9455000000,0.2500000000,0.5000000000,0.3000000000,2.5000000000,0.6000000000,102,112,100,112,104,112
1626,neighbor,True,PASS_IMPLEMENTED_PROJECT_CHECKS,9213.0255000000,9064.9455000000,0.2500000000,0.5000000000,0.3000000000,3.0000000000,0.7000000000,102,112,101,110,103,113
1627,neighbor,False,MINIMUM_MAIN_STEEL,999999999.0000000000,9064.9455000000,0.2000000000,0.4500000000,0.3000000000,3.0000000000,0.7000000000,102,113,100,111,103,113
1628,neighbor,False,MINIMUM_MAIN_STEEL,999999999.0000000000,9064.9455000000,0.2500000000,0.5000000000,0.3000000000,3.0000000000,0.7000000000,102,112,100,112,103,113
1629,neighbor,False,MAXIMUM_MAIN_STEEL,999999999.0000000000,9064.9455000000,0.3000000000,0.5000000000,0.3000000000,3.5000000000,0.9000000000,104,110,103,113,102,112
1630,neighbor,False,MEMBER_FLEXURE,999999999.0000000000,9064.9455000000,0.2500000000,0.5000000000,0.3000000000,3.0000000000,0.7000000000,102,112,100,111,101,113
1631,neighbor,False,MINIMUM_MAIN_STEEL,999999999.0000000000,9064.9455000000,0.2500000000,0.5000000000,0.3000000000,3.0000000000,0.7000000000,102,113,100,111,103,113
1632,neighbor,False,ENVELOPE_BASE_CONTACT,999999999.0000000000,9064.9455000000,0.2500000000,0.5000000000,0.4000000000,2.5000000000,0.8000000000,102,112,103,110,100,110
1633,neighbor,True,PASS_IMPLEMENTED_PROJECT_CHECKS,9109.3695000000,9064.9455000000,0.2500000000,0.5000000000,0.3000000000,3.0000000000,0.7000000000,102,112,100,110,103,113
1634,neighbor,True,PASS_IMPLEMENTED_PROJECT_CHECKS,9448.4727000000,9064.9455000000,0.2500000000,0.5000000000,0.3000000000,3.0000000000,0.7000000000,101,110,100,111,103,113
1635,neighbor,True,PASS_IMPLEMENTED_PROJECT_CHECKS,9266.3343000000,9064.9455000000,0.2500000000,0.5000000000,0.3000000000,3.0000000000,0.7000000000,102,112,104,113,103,113
1636,neighbor,False,MINIMUM_MAIN_STEEL,999999999.0000000000,9064.9455000000,0.2000000000,0.5500000000,0.3000000000,3.0000000000,0.7000000000,102,113,100,111,103,113
1637,neighbor,False,MINIMUM_MAIN_STEEL,999999999.0000000000,9064.9455000000,0.2500000000,0.5000000000,0.3000000000,3.0000000000,0.7000000000,102,112,100,111,100,113
1638,neighbor,False,MINIMUM_MAIN_STEEL,999999999.0000000000,9064.9455000000,0.2750000000,0.5000000000,0.3000000000,3.0000000000,0.7000000000,100,113,100,111,103,113
1639,neighbor,False,MINIMUM_MAIN_STEEL,999999999.0000000000,9064.9455000000,0.2500000000,0.5000000000,0.3000000000,3.5000000000,0.6000000000,101,113,103,112,102,110
1640,neighbor,True,PASS_IMPLEMENTED_PROJECT_CHECKS,9542.6192500000,9064.9455000000,0.2250000000,0.5500000000,0.3000000000,3.0000000000,0.7000000000,103,113,100,111,103,113
1641,neighbor,False,MAXIMUM_MAIN_STEEL,999999999.0000000000,9064.9455000000,0.2750000000,0.4000000000,0.3000000000,3.0000000000,0.7000000000,104,110,100,111,103,113
1642,neighbor,False,MINIMUM_MAIN_STEEL,999999999.0000000000,9064.9455000000,0.2250000000,0.6000000000,0.3000000000,3.0000000000,0.7000000000,101,111,100,111,103,113
1643,neighbor,False,MINIMUM_MAIN_STEEL,999999999.0000000000,9064.9455000000,0.2000000000,0.5000000000,0.3000000000,3.0000000000,0.7000000000,101,112,100,111,103,113
1644,neighbor,False,MINIMUM_MAIN_STEEL,999999999.0000000000,9064.9455000000,0.2500000000,0.5000000000,0.3000000000,3.0000000000,0.7000000000,102,112,100,113,103,113
1645,neighbor,False,MEMBER_FLEXURE,999999999.0000000000,9064.9455000000,0.2500000000,0.5000000000,0.3000000000,3.0000000000,0.7000000000,102,112,100,111,102,112
1646,neighbor,True,PASS_IMPLEMENTED_PROJECT_CHECKS,10142.9217500000,9064.9455000000,0.3000000000,0.5000000000,0.3000000000,3.0000000000,0.7000000000,103,112,100,111,103,113
1647,neighbor,True,PASS_IMPLEMENTED_PROJECT_CHECKS,9842.9578200000,9064.9455000000,0.2500000000,0.5000000000,0.3000000000,3.0000000000,0.7000000000,104,113,100,111,103,113
1648,neighbor,False,MAXIMUM_MAIN_STEEL,999999999.0000000000,9064.9455000000,0.2250000000,0.6000000000,0.3000000000,3.0000000000,0.7000000000,103,110,100,111,103,113
1649,neighbor,False,MAXIMUM_MAIN_STEEL,999999999.0000000000,9064.9455000000,0.2000000000,0.4500000000,0.3000000000,3.0000000000,0.7000000000,104,112,100,111,103,113
1650,neighbor,False,MAXIMUM_MAIN_STEEL,999999999.0000000000,9064.9455000000,0.2500000000,0.5000000000,0.3000000000,3.0000000000,0.7000000000,104,111,100,111,103,113
1651,neighbor,False,MINIMUM_MAIN_STEEL,999999999.0000000000,9064.9455000000,0.2000000000,0.5500000000,0.3000000000,3.0000000000,0.7000000000,100,112,100,111,103,113
1652,neighbor,False,MINIMUM_MAIN_STEEL,999999999.0000000000,9064.9455000000,0.2500000000,0.5000000000,0.3000000000,3.5000000000,0.8000000000,102,112,104,113,100,113
1653,neighbor,True,PASS_IMPLEMENTED_PROJECT_CHECKS,9459.8255000000,9064.9455000000,0.2500000000,0.5000000000,0.3000000000,3.0000000000,0.7000000000,102,112,104,111,103,113
1654,neighbor,True,PASS_IMPLEMENTED_PROJECT_CHECKS,10434.6855000000,9064.9455000000,0.2500000000,0.5000000000,0.3000000000,3.0000000000,0.7000000000,102,110,100,111,103,113
1655,neighbor,False,MAXIMUM_MAIN_STEEL,999999999.0000000000,9064.9455000000,0.2000000000,0.4500000000,0.3000000000,3.0000000000,0.7000000000,102,110,100,111,103,113
1656,neighbor,False,MAXIMUM_MAIN_STEEL,999999999.0000000000,9064.9455000000,0.2250000000,0.4500000000,0.3000000000,3.0000000000,0.7000000000,103,110,100,111,103,113
1657,neighbor,False,MINIMUM_MAIN_STEEL,999999999.0000000000,9064.9455000000,0.2750000000,0.4500000000,0.3000000000,3.0000000000,0.7000000000,100,112,100,111,103,113
1658,neighbor,False,MINIMUM_MAIN_STEEL,999999999.0000000000,9064.9455000000,0.3000000000,0.4500000000,0.3000000000,3.0000000000,0.7000000000,101,113,100,111,103,113
1659,neighbor,True,PASS_IMPLEMENTED_PROJECT_CHECKS,9207.4725000000,9064.9455000000,0.2500000000,0.5000000000,0.3000000000,3.0000000000,0.8000000000,102,112,103,113,103,113
1660,neighbor,False,MEMBER_FLEXURE,999999999.0000000000,9064.9455000000,0.2000000000,0.6000000000,0.3000000000,3.5000000000,0.7000000000,101,110,102,113,101,111
1661,neighbor,False,MINIMUM_MAIN_STEEL,999999999.0000000000,9064.9455000000,0.2500000000,0.5500000000,0.5000000000,3.5000000000,0.6000000000,102,113,104,112,102,112
1662,neighbor,False,MEMBER_FLEXURE,999999999.0000000000,9064.9455000000,0.2500000000,0.5000000000,0.3000000000,3.5000000000,0.9000000000,102,112,102,113,100,110
1663,neighbor,False,MEMBER_FLEXURE,999999999.0000000000,9064.9455000000,0.3000000000,0.4000000000,0.5000000000,3.5000000000,0.8000000000,103,110,102,111,101,112
1664,neighbor,False,MINIMUM_MAIN_STEEL,999999999.0000000000,9064.9455000000,0.2500000000,0.5000000000,0.4000000000,3.5000000000,0.8000000000,102,112,100,113,103,111
1665,neighbor,False,MINIMUM_MAIN_STEEL,999999999.0000000000,9064.9455000000,0.2750000000,0.4000000000,0.4500000000,2.5000000000,0.5000000000,100,113,100,112,100,113
1666,neighbor,True,PASS_IMPLEMENTED_PROJECT_CHECKS,9070.8687000000,9064.9455000000,0.2500000000,0.5000000000,0.3000000000,3.0000000000,0.7000000000,102,112,101,113,103,113
1667,neighbor,False,MINIMUM_MAIN_STEEL,999999999.0000000000,9064.9455000000,0.3000000000,0.4000000000,0.3000000000,3.0000000000,0.7000000000,101,112,100,111,103,113
1668,neighbor,False,MAXIMUM_MAIN_STEEL,999999999.0000000000,9064.9455000000,0.2250000000,0.5500000000,0.3000000000,3.5000000000,0.6000000000,104,110,101,112,103,110
1669,neighbor,False,MINIMUM_MAIN_STEEL,999999999.0000000000,9064.9455000000,0.2500000000,0.5500000000,0.3000000000,3.0000000000,0.7000000000,102,112,100,111,103,113
1670,neighbor,False,MAXIMUM_MAIN_STEEL,999999999.0000000000,9064.9455000000,0.2500000000,0.5000000000,0.3000000000,3.0000000000,0.7000000000,104,110,100,111,103,113
1671,neighbor,True,PASS_IMPLEMENTED_PROJECT_CHECKS,10723.8756600000,9064.9455000000,0.2500000000,0.5000000000,0.3000000000,3.5000000000,0.6000000000,102,112,103,113,104,111
1672,neighbor,False,MEMBER_FLEXURE,999999999.0000000000,9064.9455000000,0.2500000000,0.5000000000,0.3000000000,3.0000000000,0.7000000000,102,112,100,111,102,113
1673,neighbor,False,MINIMUM_MAIN_STEEL,999999999.0000000000,9064.9455000000,0.2500000000,0.5000000000,0.3000000000,2.5000000000,0.8000000000,102,112,100,112,103,113
1674,neighbor,True,PASS_IMPLEMENTED_PROJECT_CHECKS,9554.5350000000,9064.9455000000,0.2500000000,0.5000000000,0.3000000000,3.0000000000,0.7000000000,102,112,103,110,103,113
1675,neighbor,False,MINIMUM_MAIN_STEEL,999999999.0000000000,9064.9455000000,0.2500000000,0.5000000000,0.3000000000,3.0000000000,0.7000000000,101,112,100,111,103,113
1676,neighbor,True,PASS_IMPLEMENTED_PROJECT_CHECKS,10685.8875020000,9064.9455000000,0.2500000000,0.5000000000,0.5500000000,3.0000000000,0.6000000000,102,112,104,113,101,111
1677,neighbor,False,MEMBER_FLEXURE,999999999.0000000000,9064.9455000000,0.2000000000,0.4000000000,0.3000000000,3.0000000000,0.7000000000,102,111,100,111,103,113
1678,neighbor,False,MINIMUM_MAIN_STEEL,999999999.0000000000,9064.9455000000,0.2250000000,0.4500000000,0.3000000000,2.5000000000,0.8000000000,101,112,101,112,101,110
1679,neighbor,True,PASS_IMPLEMENTED_PROJECT_CHECKS,9064.9455000000,9064.9455000000,0.2500000000,0.5000000000,0.3000000000,3.0000000000,0.7000000000,102,112,100,111,103,113
1680,neighbor,True,PASS_IMPLEMENTED_PROJECT_CHECKS,9070.8687000000,9064.9455000000,0.2500000000,0.5000000000,0.3000000000,3.0000000000,0.7000000000,102,112,101,113,103,113
1681,neighbor,False,ENVELOPE_BASE_CONTACT,999999999.0000000000,9064.9455000000,0.2500000000,0.5000000000,0.3000000000,2.5000000000,0.9000000000,102,112,101,110,102,110
1682,neighbor,True,PASS_IMPLEMENTED_PROJECT_CHECKS,9338.8935000000,9064.9455000000,0.2500000000,0.5000000000,0.3000000000,3.0000000000,0.7000000000,102,112,104,112,103,113
1683,neighbor,True,PASS_IMPLEMENTED_PROJECT_CHECKS,9490.6755000000,9064.9455000000,0.2500000000,0.5000000000,0.3000000000,3.0000000000,0.7000000000,102,112,100,111,103,111
1684,neighbor,False,MINIMUM_MAIN_STEEL,999999999.0000000000,9064.9455000000,0.2500000000,0.5500000000,0.4500000000,3.0000000000,0.8000000000,104,112,100,113,102,113
1685,neighbor,False,ENVELOPE_BASE_CONTACT,999999999.0000000000,9064.9455000000,0.2500000000,0.5000000000,0.3000000000,2.5000000000,0.8000000000,102,112,100,110,101,110
1686,neighbor,False,MAXIMUM_MAIN_STEEL,999999999.0000000000,9064.9455000000,0.2500000000,0.5000000000,0.3000000000,3.0000000000,0.7000000000,102,112,100,111,104,110
1687,neighbor,False,ENVELOPE_BASE_CONTACT,999999999.0000000000,9064.9455000000,0.2500000000,0.4000000000,0.4500000000,2.5000000000,0.5000000000,103,111,104,113,101,110
1688,neighbor,False,MINIMUM_MAIN_STEEL,999999999.0000000000,9064.9455000000,0.3000000000,0.4500000000,0.3000000000,3.0000000000,0.7000000000,102,113,100,111,103,113
1689,neighbor,False,MINIMUM_MAIN_STEEL,999999999.0000000000,9064.9455000000,0.2000000000,0.4000000000,0.3000000000,2.5000000000,0.5000000000,100,113,104,113,104,111
1690,neighbor,True,PASS_IMPLEMENTED_PROJECT_CHECKS,11474.5912500000,9064.9455000000,0.2500000000,0.5000000000,0.4500000000,3.5000000000,0.5000000000,102,112,102,112,102,110
1691,neighbor,True,PASS_IMPLEMENTED_PROJECT_CHECKS,9213.0255000000,9064.9455000000,0.2500000000,0.5000000000,0.3000000000,3.0000000000,0.7000000000,102,112,101,110,103,113
1692,neighbor,True,PASS_IMPLEMENTED_PROJECT_CHECKS,10030.0207500000,9064.9455000000,0.2500000000,0.5000000000,0.4000000000,3.0000000000,0.7000000000,102,112,101,110,103,112
1693,neighbor,False,MINIMUM_MAIN_STEEL,999999999.0000000000,9064.9455000000,0.2500000000,0.5000000000,0.4500000000,3.0000000000,0.6000000000,102,112,100,113,101,112
1694,neighbor,True,PASS_IMPLEMENTED_PROJECT_CHECKS,9835.4242500000,9064.9455000000,0.2500000000,0.5000000000,0.3000000000,3.0000000000,0.7000000000,103,112,100,111,103,113
1695,neighbor,True,PASS_IMPLEMENTED_PROJECT_CHECKS,10548.8305000000,9064.9455000000,0.2500000000,0.5000000000,0.3000000000,3.0000000000,0.7000000000,103,111,100,111,103,113
1696,neighbor,True,PASS_IMPLEMENTED_PROJECT_CHECKS,10784.4835700000,9064.9455000000,0.2500000000,0.5000000000,0.3000000000,3.5000000000,0.7000000000,104,113,102,111,103,112
1697,neighbor,True,PASS_IMPLEMENTED_PROJECT_CHECKS,9227.4040680000,9064.9455000000,0.2500000000,0.5000000000,0.3000000000,3.0000000000,0.7000000000,102,112,100,111,104,113
1698,neighbor,False,STEM_STRESS_OR_INTERVAL_BOUND,999999999.0000000000,9064.9455000000,0.2500000000,0.4000000000,0.3000000000,3.0000000000,0.7000000000,102,113,100,111,103,113
1699,neighbor,True,PASS_IMPLEMENTED_PROJECT_CHECKS,10434.6855000000,9064.9455000000,0.2500000000,0.5000000000,0.3000000000,3.0000000000,0.7000000000,102,110,100,111,103,113
1700,neighbor,False,STEM_STRESS_OR_INTERVAL_BOUND,999999999.0000000000,9064.9455000000,0.2500000000,0.4500000000,0.3000000000,3.0000000000,0.7000000000,101,111,100,111,103,113
1701,neighbor,True,PASS_IMPLEMENTED_PROJECT_CHECKS,9064.9455000000,9064.9455000000,0.2500000000,0.5000000000,0.3000000000,3.0000000000,0.7000000000,102,112,100,111,103,113
1702,neighbor,False,MEMBER_FLEXURE,999999999.0000000000,9064.9455000000,0.2500000000,0.5000000000,0.3000000000,3.0000000000,0.7000000000,102,112,100,111,101,113
1703,neighbor,False,MINIMUM_MAIN_STEEL,999999999.0000000000,9064.9455000000,0.3000000000,0.4500000000,0.5500000000,3.0000000000,0.7000000000,100,110,102,110,104,112
1704,neighbor,True,PASS_IMPLEMENTED_PROJECT_CHECKS,9361.7225000000,9064.9455000000,0.2500000000,0.5000000000,0.3000000000,3.0000000000,0.7000000000,102,112,103,111,103,113
1705,neighbor,False,ENVELOPE_BASE_CONTACT,999999999.0000000000,9064.9455000000,0.2500000000,0.5000000000,0.3000000000,2.5000000000,0.8000000000,102,112,103,112,102,111
1706,neighbor,False,MINIMUM_MAIN_STEEL,999999999.0000000000,9064.9455000000,0.3000000000,0.4000000000,0.5500000000,3.0000000000,0.9000000000,100,113,103,112,104,111
1707,neighbor,False,ENVELOPE_BASE_CONTACT,999999999.0000000000,9064.9455000000,0.2500000000,0.5000000000,0.3500000000,2.5000000000,0.9000000000,102,112,101,111,103,110
1708,neighbor,True,PASS_IMPLEMENTED_PROJECT_CHECKS,9224.5942500000,9064.9455000000,0.2500000000,0.5000000000,0.3000000000,3.0000000000,0.7000000000,102,112,100,111,103,112
1709,neighbor,False,MEMBER_FLEXURE,999999999.0000000000,9064.9455000000,0.2500000000,0.5000000000,0.3000000000,3.0000000000,0.6000000000,102,112,101,110,102,113
1710,neighbor,True,PASS_IMPLEMENTED_PROJECT_CHECKS,10420.9328200000,9064.9455000000,0.2500000000,0.6000000000,0.3000000000,3.0000000000,0.7000000000,104,113,100,111,103,113
1711,neighbor,False,MEMBER_FLEXURE,999999999.0000000000,9064.9455000000,0.2000000000,0.5500000000,0.3500000000,3.5000000000,0.9000000000,103,112,102,112,100,111
1712,neighbor,False,MEMBER_FLEXURE,999999999.0000000000,9064.9455000000,0.2750000000,0.5000000000,0.3000000000,3.0000000000,0.5000000000,103,112,102,113,102,112
1713,neighbor,False,ENVELOPE_BASE_CONTACT,999999999.0000000000,9064.9455000000,0.2500000000,0.6000000000,0.3000000000,2.5000000000,0.7000000000,104,111,104,113,101,110
1714,neighbor,True,PASS_IMPLEMENTED_PROJECT_CHECKS,9427.6674600000,9064.9455000000,0.2500000000,0.5000000000,0.3000000000,3.0000000000,0.7000000000,102,112,100,111,104,112
1715,neighbor,False,MEMBER_FLEXURE,999999999.0000000000,9064.9455000000,0.2500000000,0.5000000000,0.3000000000,3.5000000000,0.9000000000,102,112,104,113,101,112
1716,neighbor,True,PASS_IMPLEMENTED_PROJECT_CHECKS,11434.3030000000,9064.9455000000,0.3000000000,0.6000000000,0.3000000000,3.0000000000,0.7000000000,103,111,100,111,103,113
1717,neighbor,True,PASS_IMPLEMENTED_PROJECT_CHECKS,10737.9277500000,9064.9455000000,0.2500000000,0.5000000000,0.5500000000,3.0000000000,0.9000000000,102,112,103,113,102,112
1718,neighbor,False,ENVELOPE_BASE_CONTACT,999999999.0000000000,9064.9455000000,0.2500000000,0.5000000000,0.3000000000,2.5000000000,0.9000000000,102,112,101,113,101,113
1719,neighbor,False,MEMBER_FLEXURE,999999999.0000000000,9064.9455000000,0.2250000000,0.4500000000,0.3000000000,3.0000000000,0.7000000000,101,110,100,111,103,113
1720,neighbor,False,MEMBER_FLEXURE,999999999.0000000000,9064.9455000000,0.2500000000,0.5000000000,0.3000000000,3.0000000000,0.6000000000,102,112,102,110,100,111
1721,neighbor,False,MEMBER_FLEXURE,999999999.0000000000,9064.9455000000,0.2500000000,0.5000000000,0.3000000000,3.0000000000,0.7000000000,102,112,100,111,101,112
1722,neighbor,True,PASS_IMPLEMENTED_PROJECT_CHECKS,9527.9267500000,9064.9455000000,0.2000000000,0.5000000000,0.3000000000,3.0000000000,0.7000000000,103,112,100,111,103,113
1723,neighbor,False,MAXIMUM_MAIN_STEEL,999999999.0000000000,9064.9455000000,0.2500000000,0.4000000000,0.3000000000,3.0000000000,0.7000000000,103,110,100,111,103,113
1724,neighbor,False,MINIMUM_MAIN_STEEL,999999999.0000000000,9064.9455000000,0.2500000000,0.5000000000,0.3000000000,3.0000000000,0.7000000000,102,113,100,111,103,113
1725,neighbor,False,MINIMUM_MAIN_STEEL,999999999.0000000000,9064.9455000000,0.2500000000,0.5000000000,0.3000000000,3.0000000000,0.7000000000,101,113,100,111,103,113
1726,neighbor,False,MAXIMUM_MAIN_STEEL,999999999.0000000000,9064.9455000000,0.2250000000,0.4000000000,0.3000000000,3.0000000000,0.7000000000,104,110,100,111,103,113
1727,neighbor,False,MAXIMUM_MAIN_STEEL,999999999.0000000000,9064.9455000000,0.2250000000,0.5000000000,0.3000000000,3.0000000000,0.8000000000,104,110,104,110,103,112
1728,neighbor,False,MAXIMUM_MAIN_STEEL,999999999.0000000000,9064.9455000000,0.2500000000,0.5000000000,0.3000000000,3.0000000000,0.7000000000,104,110,100,111,103,113
1729,neighbor,False,MINIMUM_MAIN_STEEL,999999999.0000000000,9064.9455000000,0.3000000000,0.4000000000,0.5500000000,3.5000000000,0.8000000000,100,112,103,112,101,112
1730,neighbor,False,MAXIMUM_MAIN_STEEL,999999999.0000000000,9064.9455000000,0.2500000000,0.5000000000,0.3000000000,3.0000000000,0.7000000000,102,112,104,110,103,113
1731,neighbor,False,MINIMUM_MAIN_STEEL,999999999.0000000000,9064.9455000000,0.2500000000,0.5000000000,0.3000000000,3.0000000000,0.7000000000,102,112,100,112,103,113
1732,neighbor,False,MINIMUM_MAIN_STEEL,999999999.0000000000,9064.9455000000,0.2500000000,0.5000000000,0.3000000000,3.0000000000,0.7000000000,102,112,100,111,100,113
1733,neighbor,False,MINIMUM_MAIN_STEEL,999999999.0000000000,9064.9455000000,0.2500000000,0.5000000000,0.3000000000,3.0000000000,0.7000000000,100,111,100,111,103,113
1734,neighbor,False,ENVELOPE_BASE_CONTACT,999999999.0000000000,9064.9455000000,0.2250000000,0.6000000000,0.3000000000,2.5000000000,0.6000000000,104,111,102,112,103,112
1735,neighbor,False,ENVELOPE_BASE_CONTACT,999999999.0000000000,9064.9455000000,0.2500000000,0.5000000000,0.3000000000,2.5000000000,0.5000000000,102,112,102,112,102,110
1736,neighbor,True,PASS_IMPLEMENTED_PROJECT_CHECKS,9109.3695000000,9064.9455000000,0.2500000000,0.5000000000,0.3000000000,3.0000000000,0.7000000000,102,112,100,110,103,113
1737,neighbor,False,MINIMUM_MAIN_STEEL,999999999.0000000000,9064.9455000000,0.2750000000,0.6000000000,0.3000000000,3.0000000000,0.7000000000,100,110,100,111,103,113
1738,neighbor,True,PASS_IMPLEMENTED_PROJECT_CHECKS,9346.2975000000,9064.9455000000,0.2500000000,0.5000000000,0.3000000000,3.0000000000,0.7000000000,102,112,102,110,103,113
1739,neighbor,False,MINIMUM_MAIN_STEEL,999999999.0000000000,9064.9455000000,0.2750000000,0.6000000000,0.3000000000,3.0000000000,0.7000000000,101,113,100,111,103,113
1740,neighbor,True,PASS_IMPLEMENTED_PROJECT_CHECKS,12257.7080000000,9064.9455000000,0.2500000000,0.5000000000,0.5000000000,3.5000000000,0.7000000000,102,112,103,110,103,111
1741,neighbor,False,MEMBER_FLEXURE,999999999.0000000000,9064.9455000000,0.2250000000,0.5000000000,0.3000000000,3.5000000000,0.5000000000,103,112,104,111,103,113
1742,neighbor,False,MAXIMUM_MAIN_STEEL,999999999.0000000000,9064.9455000000,0.2500000000,0.5000000000,0.3000000000,3.0000000000,0.7000000000,102,112,104,110,103,113
1743,neighbor,False,MINIMUM_MAIN_STEEL,999999999.0000000000,9064.9455000000,0.2500000000,0.5000000000,0.5500000000,3.0000000000,0.8000000000,102,112,101,111,100,113
1744,neighbor,False,MAXIMUM_MAIN_STEEL,999999999.0000000000,9064.9455000000,0.2750000000,0.5500000000,0.3000000000,3.0000000000,0.7000000000,103,110,100,111,103,113
1745,neighbor,False,MINIMUM_MAIN_STEEL,999999999.0000000000,9064.9455000000,0.2000000000,0.5500000000,0.3000000000,3.0000000000,0.7000000000,100,112,100,111,103,113
1746,neighbor,False,MAXIMUM_MAIN_STEEL,999999999.0000000000,9064.9455000000,0.2000000000,0.5500000000,0.3000000000,3.0000000000,0.7000000000,103,111,100,111,103,113
1747,neighbor,False,MAXIMUM_MAIN_STEEL,999999999.0000000000,9064.9455000000,0.2500000000,0.5000000000,0.3000000000,3.0000000000,0.7000000000,103,110,100,111,103,113
1748,neighbor,False,MEMBER_FLEXURE,999999999.0000000000,9064.9455000000,0.2500000000,0.5000000000,0.3000000000,3.0000000000,0.7000000000,102,112,100,111,102,113
1749,neighbor,False,MEMBER_FLEXURE,999999999.0000000000,9064.9455000000,0.2500000000,0.5000000000,0.3000000000,3.5000000000,0.5000000000,102,112,100,110,100,111
1750,neighbor,False,MINIMUM_MAIN_STEEL,999999999.0000000000,9064.9455000000,0.2500000000,0.5000000000,0.3000000000,3.0000000000,0.7000000000,100,111,100,111,103,113
1751,neighbor,False,MINIMUM_MAIN_STEEL,999999999.0000000000,9064.9455000000,0.2750000000,0.6000000000,0.3000000000,3.5000000000,0.9000000000,102,110,101,111,100,112
1752,neighbor,True,PASS_IMPLEMENTED_PROJECT_CHECKS,9346.2975000000,9064.9455000000,0.2500000000,0.5000000000,0.3000000000,3.0000000000,0.7000000000,102,112,102,110,103,113
1753,neighbor,False,ENVELOPE_BASE_CONTACT,999999999.0000000000,9064.9455000000,0.2500000000,0.5000000000,0.3000000000,2.5000000000,0.9000000000,102,112,100,110,103,110
1754,neighbor,True,PASS_IMPLEMENTED_PROJECT_CHECKS,10659.7200000000,9064.9455000000,0.2500000000,0.5000000000,0.3000000000,3.5000000000,0.8000000000,102,112,103,110,102,110
1755,neighbor,False,MAXIMUM_MAIN_STEEL,999999999.0000000000,9064.9455000000,0.2000000000,0.4500000000,0.3000000000,3.0000000000,0.7000000000,104,110,100,111,103,113
1756,neighbor,False,MEMBER_FLEXURE,999999999.0000000000,9064.9455000000,0.2500000000,0.5000000000,0.3000000000,3.0000000000,0.7000000000,102,112,100,111,101,111
1757,neighbor,True,PASS_IMPLEMENTED_PROJECT_CHECKS,9716.9935680000,9064.9455000000,0.2500000000,0.5000000000,0.3000000000,3.0000000000,0.7000000000,102,112,103,110,104,113
1758,neighbor,True,PASS_IMPLEMENTED_PROJECT_CHECKS,9361.7225000000,9064.9455000000,0.2500000000,0.5000000000,0.3000000000,3.0000000000,0.7000000000,102,112,103,111,103,113
1759,neighbor,True,PASS_IMPLEMENTED_PROJECT_CHECKS,9207.4725000000,9064.9455000000,0.2500000000,0.5000000000,0.3000000000,3.0000000000,0.7000000000,102,112,103,113,103,113
1760,neighbor,False,MAXIMUM_MAIN_STEEL,999999999.0000000000,9064.9455000000,0.2500000000,0.5000000000,0.3000000000,3.0000000000,0.7000000000,102,112,104,110,103,113
1761,neighbor,True,PASS_IMPLEMENTED_PROJECT_CHECKS,9835.4242500000,9064.9455000000,0.2500000000,0.5000000000,0.3000000000,3.0000000000,0.7000000000,103,112,100,111,103,113
1762,neighbor,False,MINIMUM_MAIN_STEEL,999999999.0000000000,9064.9455000000,0.2500000000,0.5000000000,0.4000000000,3.5000000000,0.9000000000,102,112,102,112,100,113
1763,neighbor,False,MINIMUM_MAIN_STEEL,999999999.0000000000,9064.9455000000,0.2500000000,0.5000000000,0.3000000000,3.0000000000,0.7000000000,101,113,100,111,103,113
1764,neighbor,False,MINIMUM_MAIN_STEEL,999999999.0000000000,9064.9455000000,0.2500000000,0.5000000000,0.4500000000,3.5000000000,0.7000000000,100,111,101,112,100,113
1765,neighbor,False,MINIMUM_MAIN_STEEL,999999999.0000000000,9064.9455000000,0.2500000000,0.5000000000,0.3000000000,3.0000000000,0.7000000000,100,111,100,111,103,113
1766,neighbor,True,PASS_IMPLEMENTED_PROJECT_CHECKS,9448.1025000000,9064.9455000000,0.2500000000,0.5000000000,0.3000000000,3.0000000000,0.7000000000,102,112,100,111,102,110
1767,neighbor,False,MAXIMUM_MAIN_STEEL,999999999.0000000000,9064.9455000000,0.2000000000,0.4000000000,0.4000000000,3.0000000000,0.5000000000,104,112,101,111,104,112
1768,neighbor,False,MINIMUM_MAIN_STEEL,999999999.0000000000,9064.9455000000,0.2250000000,0.5000000000,0.3000000000,3.0000000000,0.9000000000,100,111,100,110,103,112
1769,neighbor,False,ENVELOPE_BASE_CONTACT,999999999.0000000000,9064.9455000000,0.2250000000,0.6000000000,0.5000000000,2.5000000000,0.8000000000,104,110,103,111,104,112
1770,neighbor,False,MINIMUM_MAIN_STEEL,999999999.0000000000,9064.9455000000,0.2750000000,0.5500000000,0.3500000000,3.0000000000,0.6000000000,101,113,102,112,102,111
1771,neighbor,True,PASS_IMPLEMENTED_PROJECT_CHECKS,9448.4727000000,9064.9455000000,0.2500000000,0.5000000000,0.3000000000,3.0000000000,0.7000000000,101,110,100,111,103,113
1772,neighbor,True,PASS_IMPLEMENTED_PROJECT_CHECKS,9080.2717800000,9064.9455000000,0.2500000000,0.5000000000,0.3000000000,3.0000000000,0.7000000000,102,112,100,111,101,110
1773,neighbor,False,MEMBER_FLEXURE,999999999.0000000000,9064.9455000000,0.2500000000,0.5000000000,0.3000000000,3.0000000000,0.8000000000,102,112,103,112,102,112
1774,neighbor,True,PASS_IMPLEMENTED_PROJECT_CHECKS,10434.6855000000,9064.9455000000,0.2500000000,0.5000000000,0.3000000000,3.0000000000,0.7000000000,102,110,100,111,103,113
1775,neighbor,True,PASS_IMPLEMENTED_PROJECT_CHECKS,9265.3162500000,9064.9455000000,0.2500000000,0.5000000000,0.3000000000,3.0000000000,0.7000000000,102,112,103,112,103,113
1776,neighbor,True,PASS_IMPLEMENTED_PROJECT_CHECKS,9761.4397800000,9064.9455000000,0.2500000000,0.5000000000,0.3000000000,3.0000000000,0.7000000000,102,112,100,111,104,111
1777,neighbor,True,PASS_IMPLEMENTED_PROJECT_CHECKS,9346.2975000000,9064.9455000000,0.2500000000,0.5000000000,0.3000000000,3.0000000000,0.7000000000,102,112,102,110,103,113
1778,neighbor,True,PASS_IMPLEMENTED_PROJECT_CHECKS,9134.0495000000,9064.9455000000,0.2500000000,0.5000000000,0.3000000000,3.0000000000,0.7000000000,102,112,101,111,103,113
1779,neighbor,False,MINIMUM_MAIN_STEEL,999999999.0000000000,9064.9455000000,0.2500000000,0.5000000000,0.3000000000,3.0000000000,0.7000000000,100,113,100,111,103,113
1780,neighbor,False,MINIMUM_MAIN_STEEL,999999999.0000000000,9064.9455000000,0.2500000000,0.5000000000,0.4000000000,2.5000000000,0.8000000000,100,112,103,110,101,111
1781,neighbor,False,MAXIMUM_MAIN_STEEL,999999999.0000000000,9064.9455000000,0.2500000000,0.5000000000,0.3000000000,3.0000000000,0.7000000000,104,111,100,111,103,113
1782,neighbor,True,PASS_IMPLEMENTED_PROJECT_CHECKS,9207.4725000000,9064.9455000000,0.2500000000,0.5000000000,0.3000000000,3.0000000000,0.7000000000,102,112,103,113,103,113
1783,neighbor,False,MINIMUM_MAIN_STEEL,999999999.0000000000,9064.9455000000,0.2500000000,0.4000000000,0.3000000000,3.0000000000,0.7000000000,100,111,100,111,103,113
1784,neighbor,True,PASS_IMPLEMENTED_PROJECT_CHECKS,12007.9667500000,9064.9455000000,0.2500000000,0.5000000000,0.5500000000,3.5000000000,0.7000000000,102,112,104,111,103,113
1785,neighbor,False,MINIMUM_MAIN_STEEL,999999999.0000000000,9064.9455000000,0.2500000000,0.5000000000,0.3000000000,3.0000000000,0.7000000000,102,112,100,111,100,112
1786,neighbor,False,MEMBER_FLEXURE,999999999.0000000000,9064.9455000000,0.2500000000,0.5000000000,0.3000000000,3.5000000000,0.5000000000,102,112,102,110,103,113
1787,neighbor,True,PASS_IMPLEMENTED_PROJECT_CHECKS,10044.9577000000,9064.9455000000,0.3000000000,0.5500000000,0.3000000000,3.0000000000,0.7000000000,101,110,100,111,103,113
1788,neighbor,False,MAXIMUM_MAIN_STEEL,999999999.0000000000,9064.9455000000,0.2000000000,0.5500000000,0.3000000000,3.5000000000,0.7000000000,104,112,104,111,101,112
1789,neighbor,True,PASS_IMPLEMENTED_PROJECT_CHECKS,9094.5615000000,9064.9455000000,0.2500000000,0.5000000000,0.3000000000,3.0000000000,0.7000000000,102,112,101,112,103,113
1790,neighbor,True,PASS_IMPLEMENTED_PROJECT_CHECKS,9792.4524600000,9064.9455000000,0.2500000000,0.5000000000,0.3000000000,3.5000000000,0.9000000000,102,112,101,110,103,113
1791,neighbor,False,STEM_STRESS_OR_INTERVAL_BOUND,999999999.0000000000,9064.9455000000,0.2500000000,0.4000000000,0.3000000000,3.0000000000,0.7000000000,102,112,100,111,103,113
1792,neighbor,True,PASS_IMPLEMENTED_PROJECT_CHECKS,9521.5255000000,9064.9455000000,0.2500000000,0.5000000000,0.3000000000,3.0000000000,0.7000000000,102,111,100,111,103,113
1793,neighbor,False,ENVELOPE_BASE_CONTACT,999999999.0000000000,9064.9455000000,0.2500000000,0.5000000000,0.5000000000,2.5000000000,0.6000000000,102,112,103,113,102,111
1794,neighbor,False,MINIMUM_MAIN_STEEL,999999999.0000000000,9064.9455000000,0.2500000000,0.5000000000,0.3500000000,3.5000000000,0.7000000000,100,113,103,111,101,112
1795,neighbor,False,MAXIMUM_MAIN_STEEL,999999999.0000000000,9064.9455000000,0.2750000000,0.4000000000,0.3000000000,3.0000000000,0.7000000000,104,110,100,111,103,113
1796,neighbor,True,PASS_IMPLEMENTED_PROJECT_CHECKS,9265.3162500000,9064.9455000000,0.2500000000,0.5000000000,0.3000000000,3.0000000000,0.7000000000,102,112,103,112,103,113
1797,neighbor,False,MINIMUM_MAIN_STEEL,999999999.0000000000,9064.9455000000,0.2500000000,0.5000000000,0.3000000000,3.0000000000,0.7000000000,102,113,100,111,103,113
1798,neighbor,True,PASS_IMPLEMENTED_PROJECT_CHECKS,9554.5350000000,9064.9455000000,0.2500000000,0.5000000000,0.3000000000,3.0000000000,0.7000000000,102,112,103,110,103,113
1799,neighbor,True,PASS_IMPLEMENTED_PROJECT_CHECKS,10624.7752500000,9064.9455000000,0.2500000000,0.5000000000,0.4500000000,3.0000000000,0.7000000000,102,112,101,110,103,111
1800,neighbor,False,MINIMUM_MAIN_STEEL,999999999.0000000000,9064.9455000000,0.2500000000,0.5000000000,0.3000000000,3.0000000000,0.7000000000,101,113,100,111,103,113
1801,neighbor,True,PASS_IMPLEMENTED_PROJECT_CHECKS,9134.0495000000,9064.9455000000,0.2500000000,0.5000000000,0.3000000000,3.0000000000,0.7000000000,102,112,101,111,103,113
1802,neighbor,False,MAXIMUM_MAIN_STEEL,999999999.0000000000,9064.9455000000,0.2750000000,0.4000000000,0.3000000000,3.0000000000,0.9000000000,103,112,102,113,104,110
1803,neighbor,False,MINIMUM_MAIN_STEEL,999999999.0000000000,9064.9455000000,0.3000000000,0.4000000000,0.3000000000,3.0000000000,0.6000000000,102,111,102,110,100,113
1804,neighbor,False,MINIMUM_MAIN_STEEL,999999999.0000000000,9064.9455000000,0.2250000000,0.5000000000,0.3000000000,3.0000000000,0.7000000000,101,111,100,111,103,113
1805,neighbor,False,MINIMUM_MAIN_STEEL,999999999.0000000000,9064.9455000000,0.2500000000,0.5000000000,0.4000000000,3.5000000000,0.7000000000,102,112,101,111,100,113
1806,neighbor,True,PASS_IMPLEMENTED_PROJECT_CHECKS,9222.8975000000,9064.9455000000,0.2500000000,0.5000000000,0.3000000000,3.0000000000,0.7000000000,102,112,102,111,103,113
1807,neighbor,False,MINIMUM_MAIN_STEEL,999999999.0000000000,9064.9455000000,0.2500000000,0.5500000000,0.5000000000,2.5000000000,0.7000000000,101,112,101,112,102,112
1808,neighbor,False,MINIMUM_MAIN_STEEL,999999999.0000000000,9064.9455000000,0.2500000000,0.5000000000,0.3000000000,2.5000000000,0.5000000000,102,112,101,110,100,112
1809,neighbor,True,PASS_IMPLEMENTED_PROJECT_CHECKS,9835.4242500000,9064.9455000000,0.2500000000,0.5000000000,0.3000000000,3.0000000000,0.7000000000,103,112,100,111,103,113
1810,neighbor,True,PASS_IMPLEMENTED_PROJECT_CHECKS,9681.6755000000,9064.9455000000,0.2250000000,0.5000000000,0.3000000000,3.0000000000,0.7000000000,103,112,100,111,103,113
1811,neighbor,False,MINIMUM_MAIN_STEEL,999999999.0000000000,9064.9455000000,0.2500000000,0.5000000000,0.3000000000,3.0000000000,0.7000000000,102,112,104,111,100,112
1812,neighbor,True,PASS_IMPLEMENTED_PROJECT_CHECKS,9094.5615000000,9064.9455000000,0.2500000000,0.5000000000,0.3000000000,3.0000000000,0.7000000000,102,112,101,112,103,113
1813,neighbor,True,PASS_IMPLEMENTED_PROJECT_CHECKS,9064.9455000000,9064.9455000000,0.2500000000,0.5000000000,0.3000000000,3.0000000000,0.7000000000,102,112,100,111,103,113
1814,neighbor,True,PASS_IMPLEMENTED_PROJECT_CHECKS,9070.8687000000,9064.9455000000,0.2500000000,0.5000000000,0.3000000000,3.0000000000,0.7000000000,102,112,101,113,103,113
1815,neighbor,False,MEMBER_FLEXURE,999999999.0000000000,9064.9455000000,0.3000000000,0.5500000000,0.3000000000,3.0000000000,0.6000000000,102,110,102,111,102,112
1816,neighbor,False,MINIMUM_MAIN_STEEL,999999999.0000000000,9064.9455000000,0.2000000000,0.5500000000,0.3000000000,3.0000000000,0.7000000000,101,113,100,111,103,113
1817,neighbor,True,PASS_IMPLEMENTED_PROJECT_CHECKS,10830.1557500000,9064.9455000000,0.2500000000,0.5000000000,0.3500000000,3.5000000000,0.8000000000,102,112,103,111,102,110
1818,neighbor,False,MEMBER_FLEXURE,999999999.0000000000,9064.9455000000,0.2500000000,0.5000000000,0.3000000000,3.0000000000,0.7000000000,102,112,100,111,100,110
1819,neighbor,True,PASS_IMPLEMENTED_PROJECT_CHECKS,9161.1975000000,9064.9455000000,0.2500000000,0.5000000000,0.3000000000,3.0000000000,0.7000000000,102,112,102,112,103,113
1820,neighbor,False,STEM_STRESS_OR_INTERVAL_BOUND,999999999.0000000000,9064.9455000000,0.3000000000,0.4000000000,0.3000000000,3.0000000000,0.7000000000,103,113,100,111,103,113
1821,neighbor,True,PASS_IMPLEMENTED_PROJECT_CHECKS,9490.6755000000,9064.9455000000,0.2500000000,0.5000000000,0.3000000000,3.0000000000,0.7000000000,102,112,100,111,103,111
1822,neighbor,True,PASS_IMPLEMENTED_PROJECT_CHECKS,9835.4242500000,9064.9455000000,0.2500000000,0.5000000000,0.3000000000,3.0000000000,0.7000000000,103,112,100,111,103,113
1823,neighbor,False,MEMBER_FLEXURE,999999999.0000000000,9064.9455000000,0.2500000000,0.5000000000,0.3000000000,3.0000000000,0.7000000000,102,112,100,111,102,112
1824,neighbor,False,STEM_STRESS_OR_INTERVAL_BOUND,999999999.0000000000,9064.9455000000,0.2000000000,0.4000000000,0.4000000000,3.5000000000,0.9000000000,101,111,104,113,101,110
1825,neighbor,True,PASS_IMPLEMENTED_PROJECT_CHECKS,9266.3343000000,9064.9455000000,0.2500000000,0.5000000000,0.3000000000,3.0000000000,0.7000000000,102,112,104,113,103,113
1826,neighbor,False,MEMBER_FLEXURE,999999999.0000000000,9064.9455000000,0.2500000000,0.5000000000,0.3000000000,3.0000000000,0.7000000000,102,112,100,111,101,111
1827,neighbor,False,MINIMUM_MAIN_STEEL,999999999.0000000000,9064.9455000000,0.2500000000,0.5000000000,0.3000000000,3.0000000000,0.7000000000,102,112,100,113,103,113
1828,neighbor,False,MINIMUM_MAIN_STEEL,999999999.0000000000,9064.9455000000,0.2500000000,0.5000000000,0.3000000000,3.0000000000,0.7000000000,102,112,100,113,103,113
1829,neighbor,True,PASS_IMPLEMENTED_PROJECT_CHECKS,9265.3162500000,9064.9455000000,0.2500000000,0.5000000000,0.3000000000,3.0000000000,0.7000000000,102,112,103,112,103,113
1830,neighbor,False,MEMBER_FLEXURE,999999999.0000000000,9064.9455000000,0.2500000000,0.5000000000,0.3000000000,3.0000000000,0.9000000000,102,112,101,111,101,111
1831,neighbor,False,MEMBER_FLEXURE,999999999.0000000000,9064.9455000000,0.2250000000,0.4000000000,0.3000000000,3.0000000000,0.7000000000,104,112,100,111,103,113
1832,neighbor,False,MINIMUM_MAIN_STEEL,999999999.0000000000,9064.9455000000,0.2500000000,0.5000000000,0.3000000000,3.0000000000,0.7000000000,101,111,100,111,103,113
1833,neighbor,False,ENVELOPE_BASE_CONTACT,999999999.0000000000,9064.9455000000,0.2500000000,0.5000000000,0.5000000000,2.5000000000,0.9000000000,102,112,100,110,100,110
1834,neighbor,False,MINIMUM_MAIN_STEEL,999999999.0000000000,9064.9455000000,0.2500000000,0.5000000000,0.3000000000,3.0000000000,0.7000000000,100,113,100,111,103,113
1835,neighbor,True,PASS_IMPLEMENTED_PROJECT_CHECKS,9107.5185000000,9064.9455000000,0.2500000000,0.5000000000,0.3000000000,3.0000000000,0.7000000000,102,112,100,111,102,111
1836,neighbor,False,MAXIMUM_MAIN_STEEL,999999999.0000000000,9064.9455000000,0.2500000000,0.5000000000,0.3000000000,3.0000000000,0.7000000000,103,110,100,111,103,113
1837,neighbor,False,MINIMUM_MAIN_STEEL,999999999.0000000000,9064.9455000000,0.2500000000,0.5000000000,0.3000000000,3.0000000000,0.5000000000,104,113,100,113,101,110
1838,neighbor,True,PASS_IMPLEMENTED_PROJECT_CHECKS,9527.9267500000,9064.9455000000,0.2000000000,0.5000000000,0.3000000000,3.0000000000,0.7000000000,103,112,100,111,103,113
1839,neighbor,False,MAXIMUM_MAIN_STEEL,999999999.0000000000,9064.9455000000,0.2500000000,0.5000000000,0.3000000000,3.0000000000,0.7000000000,104,111,100,111,103,113
1840,neighbor,True,PASS_IMPLEMENTED_PROJECT_CHECKS,9407.3805000000,9064.9455000000,0.2500000000,0.5000000000,0.3000000000,3.0000000000,0.7000000000,103,113,100,111,103,113
1841,neighbor,True,PASS_IMPLEMENTED_PROJECT_CHECKS,9224.5942500000,9064.9455000000,0.2500000000,0.5000000000,0.3000000000,3.0000000000,0.7000000000,102,112,100,111,103,112
1842,neighbor,True,PASS_IMPLEMENTED_PROJECT_CHECKS,9224.5942500000,9064.9455000000,0.2500000000,0.5000000000,0.3000000000,3.0000000000,0.7000000000,102,112,100,111,103,112
1843,neighbor,False,MEMBER_FLEXURE,999999999.0000000000,9064.9455000000,0.2500000000,0.5000000000,0.3000000000,3.0000000000,0.7000000000,102,112,100,111,101,112
1844,neighbor,False,MAXIMUM_MAIN_STEEL,999999999.0000000000,9064.9455000000,0.2500000000,0.5000000000,0.3000000000,3.0000000000,0.7000000000,102,112,104,110,103,113
1845,neighbor,True,PASS_IMPLEMENTED_PROJECT_CHECKS,10394.1755400000,9064.9455000000,0.2500000000,0.5000000000,0.3000000000,3.5000000000,0.9000000000,102,112,102,110,104,112
1846,neighbor,False,MINIMUM_MAIN_STEEL,999999999.0000000000,9064.9455000000,0.2500000000,0.5000000000,0.3000000000,3.0000000000,0.5000000000,102,112,101,113,100,112
1847,neighbor,False,ENVELOPE_BASE_CONTACT,999999999.0000000000,9064.9455000000,0.2500000000,0.5000000000,0.3000000000,2.5000000000,0.7000000000,102,112,102,112,100,111
1848,neighbor,False,MAXIMUM_MAIN_STEEL,999999999.0000000000,9064.9455000000,0.2000000000,0.6000000000,0.3000000000,3.0000000000,0.7000000000,104,111,100,111,103,113
1849,neighbor,True,PASS_IMPLEMENTED_PROJECT_CHECKS,9109.3695000000,9064.9455000000,0.2500000000,0.5000000000,0.3000000000,3.0000000000,0.7000000000,102,112,100,110,103,113
1850,neighbor,True,PASS_IMPLEMENTED_PROJECT_CHECKS,9224.5942500000,9064.9455000000,0.2500000000,0.5000000000,0.3000000000,3.0000000000,0.7000000000,102,112,100,111,103,112
1851,neighbor,True,PASS_IMPLEMENTED_PROJECT_CHECKS,12979.3802100000,9064.9455000000,0.2500000000,0.5000000000,0.4500000000,3.5000000000,0.5000000000,102,112,102,110,104,110
1852,neighbor,False,MAXIMUM_MAIN_STEEL,999999999.0000000000,9064.9455000000,0.2000000000,0.5500000000,0.3000000000,3.0000000000,0.7000000000,104,111,100,111,103,113
1853,neighbor,True,PASS_IMPLEMENTED_PROJECT_CHECKS,9448.4727000000,9064.9455000000,0.2500000000,0.5000000000,0.3000000000,3.0000000000,0.7000000000,101,110,100,111,103,113
1854,neighbor,False,MEMBER_FLEXURE,999999999.0000000000,9064.9455000000,0.2500000000,0.5000000000,0.3000000000,3.0000000000,0.7000000000,102,112,100,111,102,113
1855,neighbor,False,MINIMUM_MAIN_STEEL,999999999.0000000000,9064.9455000000,0.2500000000,0.5000000000,0.3000000000,3.0000000000,0.7000000000,101,112,100,111,103,113
1856,neighbor,False,ENVELOPE_BASE_CONTACT,999999999.0000000000,9064.9455000000,0.2500000000,0.5000000000,0.3000000000,2.5000000000,0.7000000000,102,112,100,111,104,113
1857,neighbor,False,MINIMUM_MAIN_STEEL,999999999.0000000000,9064.9455000000,0.2500000000,0.5000000000,0.3000000000,3.0000000000,0.7000000000,100,113,100,111,103,113
1858,neighbor,True,PASS_IMPLEMENTED_PROJECT_CHECKS,9346.2975000000,9064.9455000000,0.2500000000,0.5000000000,0.3000000000,3.0000000000,0.7000000000,102,112,102,110,103,113
1859,neighbor,False,MEMBER_FLEXURE,999999999.0000000000,9064.9455000000,0.2500000000,0.5000000000,0.3000000000,3.0000000000,0.7000000000,102,112,100,111,101,111
1860,neighbor,True,PASS_IMPLEMENTED_PROJECT_CHECKS,10397.2438700000,9064.9455000000,0.2500000000,0.5000000000,0.3500000000,3.5000000000,0.8000000000,102,112,102,111,104,113
1861,neighbor,False,ENVELOPE_BASE_CONTACT,999999999.0000000000,9064.9455000000,0.2250000000,0.5000000000,0.3000000000,2.5000000000,0.6000000000,102,111,101,110,102,110
1862,neighbor,False,MINIMUM_MAIN_STEEL,999999999.0000000000,9064.9455000000,0.2500000000,0.5000000000,0.3000000000,3.0000000000,0.7000000000,102,112,100,112,103,113
1863,neighbor,True,PASS_IMPLEMENTED_PROJECT_CHECKS,9448.4727000000,9064.9455000000,0.2500000000,0.5000000000,0.3000000000,3.0000000000,0.7000000000,101,110,100,111,103,113
1864,neighbor,False,MINIMUM_MAIN_STEEL,999999999.0000000000,9064.9455000000,0.2500000000,0.5000000000,0.5500000000,3.0000000000,0.8000000000,100,111,104,110,100,112
1865,neighbor,True,PASS_IMPLEMENTED_PROJECT_CHECKS,9064.9455000000,9064.9455000000,0.2500000000,0.5000000000,0.3000000000,3.0000000000,0.7000000000,102,112,100,111,103,113
1866,neighbor,True,PASS_IMPLEMENTED_PROJECT_CHECKS,9064.9455000000,9064.9455000000,0.2500000000,0.5000000000,0.3000000000,3.0000000000,0.7000000000,102,112,100,111,103,113
1867,neighbor,False,MEMBER_FLEXURE,999999999.0000000000,9064.9455000000,0.2500000000,0.5000000000,0.3000000000,3.0000000000,0.7000000000,102,112,100,111,102,112
1868,neighbor,False,MEMBER_FLEXURE,999999999.0000000000,9064.9455000000,0.2500000000,0.5000000000,0.3000000000,3.0000000000,0.7000000000,102,112,100,111,100,110
1869,neighbor,False,MINIMUM_MAIN_STEEL,999999999.0000000000,9064.9455000000,0.3000000000,0.6000000000,0.3000000000,3.0000000000,0.7000000000,100,113,100,111,103,113
1870,neighbor,False,ENVELOPE_BASE_CONTACT,999999999.0000000000,9064.9455000000,0.2250000000,0.5000000000,0.5000000000,2.5000000000,0.8000000000,102,110,101,111,104,110
1871,neighbor,True,PASS_IMPLEMENTED_PROJECT_CHECKS,9080.2717800000,9064.9455000000,0.2500000000,0.5000000000,0.3000000000,3.0000000000,0.7000000000,102,112,100,111,101,110
1872,neighbor,False,MEMBER_FLEXURE,999999999.0000000000,9064.9455000000,0.2500000000,0.5000000000,0.3000000000,3.0000000000,0.9000000000,102,112,101,110,102,113
1873,neighbor,False,MAXIMUM_MAIN_STEEL,999999999.0000000000,9064.9455000000,0.2500000000,0.5000000000,0.3000000000,3.0000000000,0.7000000000,104,111,100,111,103,113
1874,neighbor,False,MINIMUM_MAIN_STEEL,999999999.0000000000,9064.9455000000,0.2500000000,0.5000000000,0.3000000000,3.0000000000,0.7000000000,100,111,100,111,103,113
1875,neighbor,False,MINIMUM_MAIN_STEEL,999999999.0000000000,9064.9455000000,0.2000000000,0.6000000000,0.3000000000,3.0000000000,0.7000000000,101,111,100,111,103,113
1876,neighbor,True,PASS_IMPLEMENTED_PROJECT_CHECKS,9996.7065700000,9064.9455000000,0.2750000000,0.5000000000,0.3000000000,3.0000000000,0.7000000000,104,113,100,111,103,113
1877,neighbor,False,ENVELOPE_BASE_CONTACT,999999999.0000000000,9064.9455000000,0.3000000000,0.4500000000,0.3000000000,2.5000000000,0.6000000000,101,111,100,111,101,111
1878,neighbor,False,ENVELOPE_BASE_CONTACT,999999999.0000000000,9064.9455000000,0.2000000000,0.5000000000,0.3000000000,2.5000000000,0.5000000000,104,113,101,113,103,110
1879,neighbor,True,PASS_IMPLEMENTED_PROJECT_CHECKS,9816.9142500000,9064.9455000000,0.2000000000,0.5500000000,0.3000000000,3.0000000000,0.7000000000,103,112,100,111,103,113
1880,neighbor,False,ENVELOPE_BASE_CONTACT,999999999.0000000000,9064.9455000000,0.2500000000,0.5000000000,0.3000000000,2.5000000000,0.5000000000,102,112,102,111,102,112
1881,neighbor,True,PASS_IMPLEMENTED_PROJECT_CHECKS,9080.2717800000,9064.9455000000,0.2500000000,0.5000000000,0.3000000000,3.0000000000,0.7000000000,102,112,100,111,101,110
1882,neighbor,True,PASS_IMPLEMENTED_PROJECT_CHECKS,9407.3805000000,9064.9455000000,0.2500000000,0.5000000000,0.3000000000,3.0000000000,0.7000000000,103,113,100,111,103,113
1883,neighbor,False,MEMBER_FLEXURE,999999999.0000000000,9064.9455000000,0.2500000000,0.5000000000,0.3000000000,3.0000000000,0.8000000000,102,112,101,112,100,110
1884,neighbor,False,ENVELOPE_BASE_CONTACT,999999999.0000000000,9064.9455000000,0.2500000000,0.5000000000,0.4500000000,2.5000000000,0.9000000000,102,112,100,110,104,113
1885,neighbor,False,MEMBER_FLEXURE,999999999.0000000000,9064.9455000000,0.2500000000,0.5000000000,0.3000000000,3.0000000000,0.7000000000,102,112,100,111,101,113
1886,neighbor,True,PASS_IMPLEMENTED_PROJECT_CHECKS,9207.4725000000,9064.9455000000,0.2500000000,0.5000000000,0.3000000000,3.0000000000,0.7000000000,102,112,103,113,103,113
1887,neighbor,True,PASS_IMPLEMENTED_PROJECT_CHECKS,10413.3992500000,9064.9455000000,0.2500000000,0.6000000000,0.3000000000,3.0000000000,0.7000000000,103,112,100,111,103,113
1888,neighbor,True,PASS_IMPLEMENTED_PROJECT_CHECKS,10102.4230500000,9064.9455000000,0.2500000000,0.5000000000,0.4500000000,3.0000000000,0.7000000000,102,112,102,110,102,113
1889,neighbor,False,MINIMUM_MAIN_STEEL,999999999.0000000000,9064.9455000000,0.2500000000,0.5000000000,0.3000000000,3.0000000000,0.7000000000,101,113,100,111,103,113
1890,neighbor,True,PASS_IMPLEMENTED_PROJECT_CHECKS,9064.9455000000,9064.9455000000,0.2500000000,0.5000000000,0.3000000000,3.0000000000,0.7000000000,102,112,100,111,103,113
1891,neighbor,False,MEMBER_FLEXURE,999999999.0000000000,9064.9455000000,0.2500000000,0.5000000000,0.3000000000,3.0000000000,0.7000000000,102,112,100,111,101,113
1892,neighbor,True,PASS_IMPLEMENTED_PROJECT_CHECKS,10856.3280000000,9064.9455000000,0.3000000000,0.5000000000,0.3000000000,3.0000000000,0.7000000000,103,111,100,111,103,113
1893,neighbor,False,ENVELOPE_BASE_CONTACT,999999999.0000000000,9064.9455000000,0.2500000000,0.5000000000,0.3000000000,2.5000000000,0.7000000000,102,112,102,112,104,111
1894,neighbor,False,MINIMUM_MAIN_STEEL,999999999.0000000000,9064.9455000000,0.2750000000,0.6000000000,0.3000000000,2.5000000000,0.7000000000,101,113,100,110,104,111
1895,neighbor,False,MINIMUM_MAIN_STEEL,999999999.0000000000,9064.9455000000,0.2500000000,0.5000000000,0.3000000000,2.5000000000,0.5000000000,102,112,102,110,100,113
1896,neighbor,False,MEMBER_FLEXURE,999999999.0000000000,9064.9455000000,0.2250000000,0.4000000000,0.3000000000,3.0000000000,0.7000000000,102,111,100,111,103,113
1897,neighbor,True,PASS_IMPLEMENTED_PROJECT_CHECKS,10285.6940700000,9064.9455000000,0.2750000000,0.5500000000,0.3000000000,3.0000000000,0.7000000000,104,113,100,111,103,113
1898,neighbor,False,MINIMUM_MAIN_STEEL,999999999.0000000000,9064.9455000000,0.2000000000,0.5500000000,0.3000000000,3.0000000000,0.7000000000,100,110,100,111,103,113
1899,neighbor,False,MINIMUM_MAIN_STEEL,999999999.0000000000,9064.9455000000,0.3000000000,0.4500000000,0.3000000000,3.0000000000,0.7000000000,100,113,100,111,103,113
1900,neighbor,False,MAXIMUM_MAIN_STEEL,999999999.0000000000,9064.9455000000,0.2250000000,0.6000000000,0.3000000000,3.0000000000,0.7000000000,103,110,100,111,103,113
1901,neighbor,False,MEMBER_FLEXURE,999999999.0000000000,9064.9455000000,0.2750000000,0.4500000000,0.3000000000,3.0000000000,0.7000000000,103,113,100,111,103,113
1902,neighbor,False,MINIMUM_MAIN_STEEL,999999999.0000000000,9064.9455000000,0.2000000000,0.5500000000,0.3000000000,3.0000000000,0.7000000000,100,113,100,111,103,113
1903,neighbor,True,PASS_IMPLEMENTED_PROJECT_CHECKS,10723.6730000000,9064.9455000000,0.2500000000,0.5500000000,0.3000000000,3.0000000000,0.7000000000,102,110,100,111,103,113
1904,neighbor,False,MINIMUM_MAIN_STEEL,999999999.0000000000,9064.9455000000,0.2250000000,0.5500000000,0.5500000000,3.0000000000,0.7000000000,102,112,102,112,103,112
1905,neighbor,False,MINIMUM_MAIN_STEEL,999999999.0000000000,9064.9455000000,0.2500000000,0.5000000000,0.3000000000,3.0000000000,0.7000000000,101,111,100,111,103,113
1906,neighbor,True,PASS_IMPLEMENTED_PROJECT_CHECKS,12572.1280000000,9064.9455000000,0.3000000000,0.5500000000,0.3000000000,3.0000000000,0.7000000000,103,110,100,111,103,113
1907,neighbor,False,ENVELOPE_BASE_CONTACT,999999999.0000000000,9064.9455000000,0.2500000000,0.5000000000,0.3000000000,2.5000000000,0.9000000000,102,112,104,110,104,111
1908,neighbor,True,PASS_IMPLEMENTED_PROJECT_CHECKS,9985.3555000000,9064.9455000000,0.2500000000,0.6000000000,0.3000000000,3.0000000000,0.7000000000,103,113,100,111,103,113
1909,neighbor,False,MINIMUM_MAIN_STEEL,999999999.0000000000,9064.9455000000,0.2500000000,0.5000000000,0.3000000000,3.0000000000,0.7000000000,102,112,100,111,100,112
1910,neighbor,False,MINIMUM_MAIN_STEEL,999999999.0000000000,9064.9455000000,0.2500000000,0.5000000000,0.3000000000,3.0000000000,0.7000000000,100,113,100,111,103,113
1911,neighbor,True,PASS_IMPLEMENTED_PROJECT_CHECKS,10548.8305000000,9064.9455000000,0.2500000000,0.5000000000,0.3000000000,3.0000000000,0.7000000000,103,111,100,111,103,113
1912,neighbor,True,PASS_IMPLEMENTED_PROJECT_CHECKS,9448.1025000000,9064.9455000000,0.2500000000,0.5000000000,0.3000000000,3.0000000000,0.7000000000,102,112,100,111,102,110
1913,neighbor,True,PASS_IMPLEMENTED_PROJECT_CHECKS,9224.5942500000,9064.9455000000,0.2500000000,0.5000000000,0.3000000000,3.0000000000,0.7000000000,102,112,100,111,103,112
1914,neighbor,True,PASS_IMPLEMENTED_PROJECT_CHECKS,9213.0255000000,9064.9455000000,0.2500000000,0.5000000000,0.3000000000,3.0000000000,0.7000000000,102,112,101,110,103,113
1915,neighbor,True,PASS_IMPLEMENTED_PROJECT_CHECKS,10548.8305000000,9064.9455000000,0.2500000000,0.5000000000,0.3000000000,3.0000000000,0.7000000000,103,111,100,111,103,113
1916,neighbor,False,MINIMUM_MAIN_STEEL,999999999.0000000000,9064.9455000000,0.2500000000,0.5000000000,0.3000000000,2.5000000000,0.8000000000,102,112,102,113,100,112
1917,neighbor,False,MEMBER_FLEXURE,999999999.0000000000,9064.9455000000,0.2500000000,0.5000000000,0.3000000000,3.0000000000,0.7000000000,102,112,100,111,100,111
1918,neighbor,True,PASS_IMPLEMENTED_PROJECT_CHECKS,9222.8975000000,9064.9455000000,0.2500000000,0.5000000000,0.3000000000,3.0000000000,0.7000000000,102,112,102,111,103,113
1919,neighbor,False,MEMBER_FLEXURE,999999999.0000000000,9064.9455000000,0.2500000000,0.5000000000,0.3000000000,3.0000000000,0.7000000000,102,112,100,111,101,112
1920,neighbor,False,MEMBER_FLEXURE,999999999.0000000000,9064.9455000000,0.2000000000,0.5000000000,0.3000000000,3.0000000000,0.6000000000,103,112,104,112,102,113
1921,neighbor,False,MINIMUM_MAIN_STEEL,999999999.0000000000,9064.9455000000,0.2250000000,0.4500000000,0.3000000000,3.0000000000,0.8000000000,100,111,102,111,104,110
1922,neighbor,True,PASS_IMPLEMENTED_PROJECT_CHECKS,9070.8687000000,9064.9455000000,0.2500000000,0.5000000000,0.3000000000,3.0000000000,0.7000000000,102,112,101,113,103,113
1923,neighbor,False,MINIMUM_MAIN_STEEL,999999999.0000000000,9064.9455000000,0.2500000000,0.5000000000,0.3000000000,3.0000000000,0.7000000000,101,113,100,111,103,113
1924,neighbor,True,PASS_IMPLEMENTED_PROJECT_CHECKS,9265.3162500000,9064.9455000000,0.2500000000,0.5000000000,0.3000000000,3.0000000000,0.7000000000,102,112,103,112,103,113
1925,neighbor,False,MINIMUM_MAIN_STEEL,999999999.0000000000,9064.9455000000,0.3000000000,0.6000000000,0.3500000000,2.5000000000,0.7000000000,101,113,100,111,102,113
1926,neighbor,False,MINIMUM_MAIN_STEEL,999999999.0000000000,9064.9455000000,0.2750000000,0.6000000000,0.3000000000,3.0000000000,0.7000000000,100,111,100,111,103,113
1927,neighbor,True,PASS_IMPLEMENTED_PROJECT_CHECKS,9064.9455000000,9064.9455000000,0.2500000000,0.5000000000,0.3000000000,3.0000000000,0.7000000000,102,112,100,111,103,113
1928,neighbor,False,ENVELOPE_BASE_CONTACT,999999999.0000000000,9064.9455000000,0.2500000000,0.5000000000,0.3000000000,2.5000000000,0.5000000000,102,112,103,112,101,113
1929,neighbor,True,PASS_IMPLEMENTED_PROJECT_CHECKS,9448.4727000000,9064.9455000000,0.2500000000,0.5000000000,0.3000000000,3.0000000000,0.7000000000,101,110,100,111,103,113
1930,neighbor,False,MAXIMUM_MAIN_STEEL,999999999.0000000000,9064.9455000000,0.2500000000,0.5000000000,0.3000000000,3.0000000000,0.7000000000,104,111,100,111,103,113
1931,neighbor,True,PASS_IMPLEMENTED_PROJECT_CHECKS,9080.2717800000,9064.9455000000,0.2500000000,0.5000000000,0.3000000000,3.0000000000,0.7000000000,102,112,100,111,101,110
1932,neighbor,True,PASS_IMPLEMENTED_PROJECT_CHECKS,9221.0218200000,9064.9455000000,0.2500000000,0.5000000000,0.3000000000,3.0000000000,0.9000000000,102,112,103,113,101,110
1933,neighbor,False,MINIMUM_MAIN_STEEL,999999999.0000000000,9064.9455000000,0.2500000000,0.5000000000,0.3000000000,3.0000000000,0.7000000000,102,112,100,113,103,113
1934,neighbor,True,PASS_IMPLEMENTED_PROJECT_CHECKS,9227.4040680000,9064.9455000000,0.2500000000,0.5000000000,0.3000000000,3.0000000000,0.7000000000,102,112,100,111,104,113
1935,neighbor,False,MINIMUM_MAIN_STEEL,999999999.0000000000,9064.9455000000,0.2500000000,0.5000000000,0.3000000000,3.0000000000,0.7000000000,102,112,100,113,103,113
1936,neighbor,True,PASS_IMPLEMENTED_PROJECT_CHECKS,9542.6192500000,9064.9455000000,0.2250000000,0.5500000000,0.3000000000,3.0000000000,0.7000000000,103,113,100,111,103,113
1937,neighbor,False,MINIMUM_MAIN_STEEL,999999999.0000000000,9064.9455000000,0.2000000000,0.6000000000,0.4500000000,2.5000000000,0.7000000000,104,110,100,110,100,112
1938,neighbor,False,MINIMUM_MAIN_STEEL,999999999.0000000000,9064.9455000000,0.2750000000,0.5500000000,0.3000000000,2.5000000000,0.7000000000,104,113,100,112,103,113
1939,neighbor,False,MEMBER_FLEXURE,999999999.0000000000,9064.9455000000,0.2000000000,0.4000000000,0.3000000000,3.0000000000,0.7000000000,102,111,100,111,103,113
1940,neighbor,False,MINIMUM_MAIN_STEEL,999999999.0000000000,9064.9455000000,0.2500000000,0.5000000000,0.3000000000,3.0000000000,0.7000000000,101,112,100,111,103,113
1941,neighbor,True,PASS_IMPLEMENTED_PROJECT_CHECKS,9064.9455000000,9064.9455000000,0.2500000000,0.5000000000,0.3000000000,3.0000000000,0.7000000000,102,112,100,111,103,113
1942,neighbor,True,PASS_IMPLEMENTED_PROJECT_CHECKS,9124.1775000000,9064.9455000000,0.2500000000,0.5000000000,0.3000000000,3.0000000000,0.7000000000,102,112,102,113,103,113
1943,neighbor,False,MINIMUM_MAIN_STEEL,999999999.0000000000,9064.9455000000,0.2500000000,0.5000000000,0.3000000000,3.0000000000,0.7000000000,100,112,100,111,103,113
1944,neighbor,False,MINIMUM_MAIN_STEEL,999999999.0000000000,9064.9455000000,0.2500000000,0.5000000000,0.3000000000,3.0000000000,0.7000000000,100,112,100,111,103,113
1945,neighbor,False,MEMBER_FLEXURE,999999999.0000000000,9064.9455000000,0.2500000000,0.5000000000,0.3000000000,3.0000000000,0.7000000000,102,112,100,111,100,111
1946,neighbor,True,PASS_IMPLEMENTED_PROJECT_CHECKS,9835.4242500000,9064.9455000000,0.2500000000,0.5000000000,0.3000000000,3.0000000000,0.7000000000,103,112,100,111,103,113
1947,neighbor,False,MINIMUM_MAIN_STEEL,999999999.0000000000,9064.9455000000,0.2750000000,0.4500000000,0.3000000000,3.0000000000,0.8000000000,102,113,104,110,104,113
1948,neighbor,True,PASS_IMPLEMENTED_PROJECT_CHECKS,9881.0240700000,9064.9455000000,0.2500000000,0.5000000000,0.3500000000,3.0000000000,0.6000000000,102,112,102,112,104,112
1949,neighbor,False,MAXIMUM_MAIN_STEEL,999999999.0000000000,9064.9455000000,0.2500000000,0.5000000000,0.3000000000,3.0000000000,0.7000000000,104,111,100,111,103,113
1950,neighbor,True,PASS_IMPLEMENTED_PROJECT_CHECKS,10280.9367500000,9064.9455000000,0.2250000000,0.5000000000,0.3000000000,3.0000000000,0.7000000000,102,110,100,111,103,113
1951,neighbor,True,PASS_IMPLEMENTED_PROJECT_CHECKS,10379.8959000000,9064.9455000000,0.2500000000,0.5000000000,0.3000000000,3.0000000000,0.7000000000,104,112,100,111,103,113
1952,neighbor,True,PASS_IMPLEMENTED_PROJECT_CHECKS,9964.1806800000,9064.9455000000,0.2500000000,0.5000000000,0.4000000000,3.0000000000,0.8000000000,102,112,102,112,104,113
1953,neighbor,False,MINIMUM_MAIN_STEEL,999999999.0000000000,9064.9455000000,0.2250000000,0.6000000000,0.5500000000,3.5000000000,0.7000000000,101,113,100,111,103,112
1954,neighbor,True,PASS_IMPLEMENTED_PROJECT_CHECKS,9448.1025000000,9064.9455000000,0.2500000000,0.5000000000,0.3000000000,3.0000000000,0.7000000000,102,112,100,111,102,110
1955,neighbor,False,MINIMUM_MAIN_STEEL,999999999.0000000000,9064.9455000000,0.2500000000,0.5500000000,0.3000000000,3.5000000000,0.9000000000,104,110,100,113,100,112
1956,neighbor,True,PASS_IMPLEMENTED_PROJECT_CHECKS,9064.9455000000,9064.9455000000,0.2500000000,0.5000000000,0.3000000000,3.0000000000,0.7000000000,102,112,100,111,103,113
1957,neighbor,True,PASS_IMPLEMENTED_PROJECT_CHECKS,9222.8975000000,9064.9455000000,0.2500000000,0.5000000000,0.3000000000,3.0000000000,0.7000000000,102,112,102,111,103,113
1958,neighbor,False,MINIMUM_MAIN_STEEL,999999999.0000000000,9064.9455000000,0.2000000000,0.5500000000,0.4500000000,3.0000000000,0.9000000000,101,113,104,113,100,111
1959,neighbor,True,PASS_IMPLEMENTED_PROJECT_CHECKS,9835.4242500000,9064.9455000000,0.2500000000,0.5000000000,0.3000000000,3.0000000000,0.7000000000,103,112,100,111,103,113
1960,neighbor,True,PASS_IMPLEMENTED_PROJECT_CHECKS,10022.8380000000,9064.9455000000,0.2500000000,0.5000000000,0.3000000000,3.0000000000,0.7000000000,102,112,100,111,103,110
1961,neighbor,True,PASS_IMPLEMENTED_PROJECT_CHECKS,9266.3343000000,9064.9455000000,0.2500000000,0.5000000000,0.3000000000,3.0000000000,0.7000000000,102,112,104,113,103,113
1962,neighbor,False,MINIMUM_MAIN_STEEL,999999999.0000000000,9064.9455000000,0.2500000000,0.5000000000,0.5500000000,3.5000000000,0.9000000000,102,112,102,112,101,112
1963,neighbor,True,PASS_IMPLEMENTED_PROJECT_CHECKS,9266.3343000000,9064.9455000000,0.2500000000,0.5000000000,0.3000000000,3.0000000000,0.7000000000,102,112,104,113,103,113
1964,neighbor,True,PASS_IMPLEMENTED_PROJECT_CHECKS,9459.8255000000,9064.9455000000,0.2500000000,0.5000000000,0.3000000000,3.0000000000,0.7000000000,102,112,104,111,103,113
1965,neighbor,False,MINIMUM_MAIN_STEEL,999999999.0000000000,9064.9455000000,0.2500000000,0.5000000000,0.3000000000,3.5000000000,0.5000000000,101,113,101,112,100,110
1966,neighbor,False,MINIMUM_MAIN_STEEL,999999999.0000000000,9064.9455000000,0.2500000000,0.5000000000,0.3000000000,3.0000000000,0.7000000000,100,113,100,111,103,113
1967,neighbor,False,MINIMUM_MAIN_STEEL,999999999.0000000000,9064.9455000000,0.2250000000,0.5500000000,0.3000000000,3.0000000000,0.7000000000,100,111,100,111,103,113
1968,neighbor,False,MINIMUM_MAIN_STEEL,999999999.0000000000,9064.9455000000,0.2500000000,0.4500000000,0.3000000000,3.0000000000,0.7000000000,101,112,100,111,103,113
1969,neighbor,True,PASS_IMPLEMENTED_PROJECT_CHECKS,9227.4040680000,9064.9455000000,0.2500000000,0.5000000000,0.3000000000,3.0000000000,0.7000000000,102,112,100,111,104,113
1970,neighbor,False,MEMBER_FLEXURE,999999999.0000000000,9064.9455000000,0.3000000000,0.5500000000,0.3000000000,3.5000000000,0.8000000000,103,113,104,112,101,111
1971,neighbor,False,MAXIMUM_MAIN_STEEL,999999999.0000000000,9064.9455000000,0.2500000000,0.5000000000,0.3000000000,3.0000000000,0.7000000000,102,112,100,111,104,110
1972,neighbor,True,PASS_IMPLEMENTED_PROJECT_CHECKS,10379.8959000000,9064.9455000000,0.2500000000,0.5000000000,0.3000000000,3.0000000000,0.7000000000,104,112,100,111,103,113
1973,neighbor,False,MINIMUM_MAIN_STEEL,999999999.0000000000,9064.9455000000,0.2500000000,0.5000000000,0.3000000000,3.0000000000,0.7000000000,102,112,100,111,100,113
1974,neighbor,True,PASS_IMPLEMENTED_PROJECT_CHECKS,9490.6755000000,9064.9455000000,0.2500000000,0.5000000000,0.3000000000,3.0000000000,0.7000000000,102,112,100,111,103,111
1975,neighbor,True,PASS_IMPLEMENTED_PROJECT_CHECKS,9448.1025000000,9064.9455000000,0.2500000000,0.5000000000,0.3000000000,3.0000000000,0.7000000000,102,112,100,111,102,110
1976,neighbor,False,ENVELOPE_BASE_CONTACT,999999999.0000000000,9064.9455000000,0.2500000000,0.5000000000,0.5500000000,2.5000000000,0.7000000000,102,112,104,110,103,112
1977,neighbor,True,PASS_IMPLEMENTED_PROJECT_CHECKS,9448.1025000000,9064.9455000000,0.2500000000,0.5000000000,0.3000000000,3.0000000000,0.7000000000,102,112,100,111,102,110
1978,neighbor,True,PASS_IMPLEMENTED_PROJECT_CHECKS,9064.9455000000,9064.9455000000,0.2500000000,0.5000000000,0.3000000000,3.0000000000,0.7000000000,102,112,100,111,103,113
1979,neighbor,False,MAXIMUM_MAIN_STEEL,999999999.0000000000,9064.9455000000,0.2500000000,0.5000000000,0.3000000000,3.0000000000,0.7000000000,102,112,104,110,103,113
1980,neighbor,False,MINIMUM_MAIN_STEEL,999999999.0000000000,9064.9455000000,0.2250000000,0.4000000000,0.3000000000,3.0000000000,0.7000000000,100,112,100,111,103,113
1981,neighbor,False,MINIMUM_MAIN_STEEL,999999999.0000000000,9064.9455000000,0.2500000000,0.5000000000,0.3000000000,3.0000000000,0.7000000000,102,112,100,111,100,112
1982,neighbor,False,MEMBER_FLEXURE,999999999.0000000000,9064.9455000000,0.2500000000,0.5000000000,0.3000000000,3.0000000000,0.7000000000,102,112,100,111,101,113
1983,neighbor,True,PASS_IMPLEMENTED_PROJECT_CHECKS,9656.7642500000,9064.9455000000,0.2250000000,0.5500000000,0.3000000000,3.0000000000,0.7000000000,102,111,100,111,103,113
1984,neighbor,False,MINIMUM_MAIN_STEEL,999999999.0000000000,9064.9455000000,0.2500000000,0.5000000000,0.3000000000,3.0000000000,0.7000000000,101,111,100,111,103,113
1985,neighbor,False,MEMBER_FLEXURE,999999999.0000000000,9064.9455000000,0.2500000000,0.4500000000,0.3000000000,3.0000000000,0.7000000000,104,113,100,111,103,113
1986,neighbor,True,PASS_IMPLEMENTED_PROJECT_CHECKS,10820.6510350000,9064.9455000000,0.2750000000,0.5000000000,0.4500000000,3.0000000000,0.6000000000,101,110,101,111,103,112
1987,neighbor,False,MEMBER_FLEXURE,999999999.0000000000,9064.9455000000,0.2250000000,0.4000000000,0.3000000000,3.0000000000,0.7000000000,101,110,100,111,103,113
1988,neighbor,False,ENVELOPE_BASE_CONTACT,999999999.0000000000,9064.9455000000,0.2500000000,0.4000000000,0.4000000000,2.5000000000,0.5000000000,104,110,102,113,102,112
1989,neighbor,True,PASS_IMPLEMENTED_PROJECT_CHECKS,9094.5615000000,9064.9455000000,0.2500000000,0.5000000000,0.3000000000,3.0000000000,0.7000000000,102,112,101,112,103,113
1990,neighbor,False,MAXIMUM_MAIN_STEEL,999999999.0000000000,9064.9455000000,0.2500000000,0.5000000000,0.3000000000,3.0000000000,0.7000000000,102,112,100,111,104,110
1991,neighbor,False,MINIMUM_MAIN_STEEL,999999999.0000000000,9064.9455000000,0.2250000000,0.4000000000,0.5500000000,3.5000000000,0.6000000000,101,112,101,111,100,111
1992,neighbor,True,PASS_IMPLEMENTED_PROJECT_CHECKS,9064.9455000000,9064.9455000000,0.2500000000,0.5000000000,0.3000000000,3.0000000000,0.7000000000,102,112,100,111,103,113
1993,neighbor,False,MEMBER_FLEXURE,999999999.0000000000,9064.9455000000,0.2500000000,0.5000000000,0.3000000000,3.0000000000,0.7000000000,102,112,100,111,101,111
1994,neighbor,True,PASS_IMPLEMENTED_PROJECT_CHECKS,9161.1975000000,9064.9455000000,0.2500000000,0.5000000000,0.3000000000,3.0000000000,0.7000000000,102,112,102,112,103,113
1995,neighbor,True,PASS_IMPLEMENTED_PROJECT_CHECKS,9448.1025000000,9064.9455000000,0.2500000000,0.5000000000,0.3000000000,3.0000000000,0.7000000000,102,112,100,111,102,110
1996,neighbor,True,PASS_IMPLEMENTED_PROJECT_CHECKS,9107.5185000000,9064.9455000000,0.2500000000,0.5000000000,0.3000000000,3.0000000000,0.7000000000,102,112,100,111,102,111
1997,neighbor,False,MEMBER_FLEXURE,999999999.0000000000,9064.9455000000,0.2500000000,0.5000000000,0.3000000000,3.0000000000,0.7000000000,102,112,100,111,100,110
1998,neighbor,True,PASS_IMPLEMENTED_PROJECT_CHECKS,9064.9455000000,9064.9455000000,0.2500000000,0.5000000000,0.3000000000,3.0000000000,0.7000000000,102,112,100,111,103,113
1999,neighbor,True,PASS_IMPLEMENTED_PROJECT_CHECKS,9161.1975000000,9064.9455000000,0.2500000000,0.5000000000,0.3000000000,3.0000000000,0.7000000000,102,112,102,112,103,113
2000,neighbor,True,PASS_IMPLEMENTED_PROJECT_CHECKS,9490.6755000000,9064.9455000000,0.2500000000,0.5000000000,0.3000000000,3.0000000000,0.7000000000,102,112,100,111,103,111
2001,neighbor,False,MINIMUM_MAIN_STEEL,999999999.0000000000,9064.9455000000,0.2000000000,0.5000000000,0.5500000000,3.5000000000,0.5000000000,103,112,101,111,101,113
2002,neighbor,False,MINIMUM_MAIN_STEEL,999999999.0000000000,9064.9455000000,0.2500000000,0.4500000000,0.4500000000,2.5000000000,0.9000000000,100,113,100,113,103,112
2003,neighbor,True,PASS_IMPLEMENTED_PROJECT_CHECKS,10395.0817500000,9064.9455000000,0.2250000000,0.5000000000,0.3000000000,3.0000000000,0.7000000000,103,111,100,111,103,113
2004,neighbor,False,MEMBER_FLEXURE,999999999.0000000000,9064.9455000000,0.2500000000,0.5000000000,0.3000000000,3.0000000000,0.7000000000,102,112,100,111,100,110
2005,neighbor,False,ENVELOPE_BASE_CONTACT,999999999.0000000000,9064.9455000000,0.2750000000,0.5500000000,0.5000000000,2.5000000000,0.8000000000,104,113,101,111,102,113
2006,neighbor,True,PASS_IMPLEMENTED_PROJECT_CHECKS,9761.4397800000,9064.9455000000,0.2500000000,0.5000000000,0.3000000000,3.0000000000,0.7000000000,102,112,100,111,104,111
2007,neighbor,True,PASS_IMPLEMENTED_PROJECT_CHECKS,9338.8935000000,9064.9455000000,0.2500000000,0.5000000000,0.3000000000,3.0000000000,0.7000000000,102,112,104,112,103,113
2008,neighbor,True,PASS_IMPLEMENTED_PROJECT_CHECKS,9428.7928680000,9064.9455000000,0.2500000000,0.5000000000,0.3000000000,3.0000000000,0.8000000000,102,112,104,113,104,113
2009,neighbor,True,PASS_IMPLEMENTED_PROJECT_CHECKS,10434.6855000000,9064.9455000000,0.2500000000,0.5000000000,0.3000000000,3.0000000000,0.7000000000,102,110,100,111,103,113
2010,neighbor,False,MEMBER_FLEXURE,999999999.0000000000,9064.9455000000,0.2500000000,0.5000000000,0.3000000000,3.0000000000,0.7000000000,102,112,100,111,100,110
2011,neighbor,True,PASS_IMPLEMENTED_PROJECT_CHECKS,9761.4397800000,9064.9455000000,0.2500000000,0.5000000000,0.3000000000,3.0000000000,0.7000000000,102,112,100,111,104,111
2012,neighbor,False,ENVELOPE_BASE_CONTACT,999999999.0000000000,9064.9455000000,0.2750000000,0.5000000000,0.3000000000,2.5000000000,0.6000000000,104,110,102,111,101,113
2013,neighbor,True,PASS_IMPLEMENTED_PROJECT_CHECKS,9361.7225000000,9064.9455000000,0.2500000000,0.5000000000,0.3000000000,3.0000000000,0.7000000000,102,112,103,111,103,113
2014,neighbor,False,MEMBER_FLEXURE,999999999.0000000000,9064.9455000000,0.2500000000,0.5000000000,0.3000000000,3.0000000000,0.5000000000,102,112,100,111,101,112
2015,neighbor,False,MINIMUM_MAIN_STEEL,999999999.0000000000,9064.9455000000,0.3000000000,0.6000000000,0.3000000000,3.0000000000,0.7000000000,100,113,103,113,100,112
2016,neighbor,True,PASS_IMPLEMENTED_PROJECT_CHECKS,9581.1127100000,9064.9455000000,0.2500000000,0.5000000000,0.3500000000,3.0000000000,0.9000000000,102,112,101,110,102,111
2017,neighbor,True,PASS_IMPLEMENTED_PROJECT_CHECKS,9064.9455000000,9064.9455000000,0.2500000000,0.5000000000,0.3000000000,3.0000000000,0.7000000000,102,112,100,111,103,113
2018,neighbor,False,ENVELOPE_BASE_CONTACT,999999999.0000000000,9064.9455000000,0.2500000000,0.5000000000,0.3000000000,2.5000000000,0.8000000000,102,112,100,110,103,110
2019,neighbor,False,MEMBER_FLEXURE,999999999.0000000000,9064.9455000000,0.2500000000,0.5000000000,0.3000000000,3.5000000000,0.9000000000,102,112,103,111,101,113
2020,neighbor,True,PASS_IMPLEMENTED_PROJECT_CHECKS,9109.3695000000,9064.9455000000,0.2500000000,0.5000000000,0.3000000000,3.0000000000,0.7000000000,102,112,100,110,103,113
2021,neighbor,True,PASS_IMPLEMENTED_PROJECT_CHECKS,9459.8255000000,9064.9455000000,0.2500000000,0.5000000000,0.3000000000,3.0000000000,0.7000000000,102,112,104,111,103,113
2022,neighbor,True,PASS_IMPLEMENTED_PROJECT_CHECKS,9835.4242500000,9064.9455000000,0.2500000000,0.5000000000,0.3000000000,3.0000000000,0.7000000000,103,112,100,111,103,113
2023,neighbor,False,MEMBER_FLEXURE,999999999.0000000000,9064.9455000000,0.2500000000,0.5000000000,0.3000000000,3.0000000000,0.7000000000,102,112,100,111,101,111
2024,neighbor,False,MINIMUM_MAIN_STEEL,999999999.0000000000,9064.9455000000,0.2500000000,0.5000000000,0.3000000000,3.0000000000,0.7000000000,102,113,100,111,103,113
2025,neighbor,True,PASS_IMPLEMENTED_PROJECT_CHECKS,9490.6755000000,9064.9455000000,0.2500000000,0.5000000000,0.3000000000,3.0000000000,0.7000000000,102,112,100,111,103,111
2026,neighbor,True,PASS_IMPLEMENTED_PROJECT_CHECKS,9161.1975000000,9064.9455000000,0.2500000000,0.5000000000,0.3000000000,3.0000000000,0.7000000000,102,112,102,112,103,113
2027,neighbor,True,PASS_IMPLEMENTED_PROJECT_CHECKS,9568.4765500000,9064.9455000000,0.2500000000,0.5000000000,0.3500000000,3.0000000000,0.8000000000,102,112,102,111,101,110
2028,neighbor,True,PASS_IMPLEMENTED_PROJECT_CHECKS,9448.1025000000,9064.9455000000,0.2500000000,0.5000000000,0.3000000000,3.0000000000,0.7000000000,102,112,100,111,102,110
2029,neighbor,False,ENVELOPE_BASE_CONTACT,999999999.0000000000,9064.9455000000,0.2500000000,0.5000000000,0.4000000000,2.5000000000,0.9000000000,102,112,104,113,103,110
2030,neighbor,True,PASS_IMPLEMENTED_PROJECT_CHECKS,10431.9092500000,9064.9455000000,0.3000000000,0.5500000000,0.3000000000,3.0000000000,0.7000000000,103,112,100,111,103,113
2031,neighbor,False,MAXIMUM_MAIN_STEEL,999999999.0000000000,9064.9455000000,0.3000000000,0.6000000000,0.3000000000,3.0000000000,0.7000000000,104,110,100,111,103,113
2032,neighbor,False,MINIMUM_MAIN_STEEL,999999999.0000000000,9064.9455000000,0.2500000000,0.5000000000,0.4000000000,3.5000000000,0.5000000000,102,112,102,113,100,111
2033,neighbor,True,PASS_IMPLEMENTED_PROJECT_CHECKS,9213.0255000000,9064.9455000000,0.2500000000,0.5000000000,0.3000000000,3.0000000000,0.7000000000,102,112,101,110,103,113
2034,neighbor,False,MINIMUM_MAIN_STEEL,999999999.0000000000,9064.9455000000,0.3000000000,0.6000000000,0.3000000000,3.5000000000,0.5000000000,100,111,104,113,103,113
2035,neighbor,False,MAXIMUM_MAIN_STEEL,999999999.0000000000,9064.9455000000,0.2500000000,0.5000000000,0.3000000000,3.5000000000,0.7000000000,102,112,104,110,102,111
2036,neighbor,False,MAXIMUM_MAIN_STEEL,999999999.0000000000,9064.9455000000,0.2500000000,0.5000000000,0.3000000000,3.0000000000,0.7000000000,104,111,100,111,103,113
2037,neighbor,False,MINIMUM_MAIN_STEEL,999999999.0000000000,9064.9455000000,0.2500000000,0.5000000000,0.5500000000,2.5000000000,0.5000000000,102,112,104,113,100,111
2038,neighbor,False,MINIMUM_MAIN_STEEL,999999999.0000000000,9064.9455000000,0.2500000000,0.5000000000,0.3000000000,3.0000000000,0.7000000000,101,111,100,111,103,113
2039,neighbor,True,PASS_IMPLEMENTED_PROJECT_CHECKS,9824.4478200000,9064.9455000000,0.2000000000,0.5500000000,0.3000000000,3.0000000000,0.7000000000,104,113,100,111,103,113
2040,neighbor,True,PASS_IMPLEMENTED_PROJECT_CHECKS,9361.7225000000,9064.9455000000,0.2500000000,0.5000000000,0.3000000000,3.0000000000,0.7000000000,102,112,103,111,103,113
2041,neighbor,False,MINIMUM_MAIN_STEEL,999999999.0000000000,9064.9455000000,0.2000000000,0.6000000000,0.3000000000,3.0000000000,0.7000000000,102,113,100,111,103,113
2042,neighbor,True,PASS_IMPLEMENTED_PROJECT_CHECKS,11231.2809500000,9064.9455000000,0.2500000000,0.5000000000,0.5500000000,3.0000000000,0.6000000000,102,112,102,113,103,111
2043,neighbor,False,MEMBER_FLEXURE,999999999.0000000000,9064.9455000000,0.2250000000,0.5500000000,0.3000000000,3.0000000000,0.8000000000,104,113,103,110,100,110
2044,neighbor,True,PASS_IMPLEMENTED_PROJECT_CHECKS,9064.9455000000,9064.9455000000,0.2500000000,0.5000000000,0.3000000000,3.0000000000,0.7000000000,102,112,100,111,103,113
2045,neighbor,False,MAXIMUM_MAIN_STEEL,999999999.0000000000,9064.9455000000,0.2500000000,0.5000000000,0.3000000000,3.5000000000,0.6000000000,102,112,104,110,100,110
2046,neighbor,False,ENVELOPE_BASE_CONTACT,999999999.0000000000,9064.9455000000,0.2500000000,0.5000000000,0.5000000000,2.5000000000,0.9000000000,102,112,104,113,101,112
2047,neighbor,True,PASS_IMPLEMENTED_PROJECT_CHECKS,9361.7225000000,9064.9455000000,0.2500000000,0.5000000000,0.3000000000,3.0000000000,0.7000000000,102,112,103,111,103,113
2048,neighbor,True,PASS_IMPLEMENTED_PROJECT_CHECKS,9064.9455000000,9064.9455000000,0.2500000000,0.5000000000,0.3000000000,3.0000000000,0.7000000000,102,112,100,111,103,113
2049,neighbor,True,PASS_IMPLEMENTED_PROJECT_CHECKS,11566.7281000000,9064.9455000000,0.3000000000,0.4000000000,0.4500000000,3.5000000000,0.7000000000,101,110,103,113,104,112
2050,neighbor,True,PASS_IMPLEMENTED_PROJECT_CHECKS,9134.0495000000,9064.9455000000,0.2500000000,0.5000000000,0.3000000000,3.0000000000,0.7000000000,102,112,101,111,103,113
2051,neighbor,False,MAXIMUM_MAIN_STEEL,999999999.0000000000,9064.9455000000,0.2000000000,0.4000000000,0.3000000000,3.0000000000,0.7000000000,103,111,100,111,103,113
2052,neighbor,False,MINIMUM_MAIN_STEEL,999999999.0000000000,9064.9455000000,0.2250000000,0.6000000000,0.3000000000,3.5000000000,0.9000000000,102,112,104,112,104,110
2053,neighbor,False,MAXIMUM_MAIN_STEEL,999999999.0000000000,9064.9455000000,0.2500000000,0.5000000000,0.3000000000,3.0000000000,0.7000000000,102,112,100,111,104,110
2054,neighbor,True,PASS_IMPLEMENTED_PROJECT_CHECKS,9490.6755000000,9064.9455000000,0.2500000000,0.5000000000,0.3000000000,3.0000000000,0.7000000000,102,112,100,111,103,111
2055,neighbor,False,MEMBER_FLEXURE,999999999.0000000000,9064.9455000000,0.2500000000,0.5000000000,0.3000000000,3.0000000000,0.9000000000,102,112,101,113,100,111
2056,neighbor,True,PASS_IMPLEMENTED_PROJECT_CHECKS,9064.9455000000,9064.9455000000,0.2500000000,0.5000000000,0.3000000000,3.0000000000,0.7000000000,102,112,100,111,103,113
2057,neighbor,True,PASS_IMPLEMENTED_PROJECT_CHECKS,9124.1775000000,9064.9455000000,0.2500000000,0.5000000000,0.3000000000,3.0000000000,0.7000000000,102,112,102,113,103,113
2058,neighbor,True,PASS_IMPLEMENTED_PROJECT_CHECKS,10160.7212500000,9064.9455000000,0.2500000000,0.5000000000,0.3000000000,3.5000000000,0.8000000000,102,112,103,111,103,112
2059,neighbor,False,ENVELOPE_BASE_CONTACT,999999999.0000000000,9064.9455000000,0.2000000000,0.4500000000,0.3000000000,2.5000000000,0.7000000000,101,111,104,113,101,113
2060,neighbor,False,MAXIMUM_MAIN_STEEL,999999999.0000000000,9064.9455000000,0.2500000000,0.4000000000,0.5500000000,3.5000000000,0.6000000000,103,110,102,110,104,110
2061,neighbor,False,MAXIMUM_MAIN_STEEL,999999999.0000000000,9064.9455000000,0.2500000000,0.5000000000,0.3000000000,3.0000000000,0.7000000000,104,111,100,111,103,113
2062,neighbor,False,MINIMUM_MAIN_STEEL,999999999.0000000000,9064.9455000000,0.3000000000,0.4500000000,0.3000000000,3.5000000000,0.9000000000,103,111,100,112,104,110
2063,neighbor,False,MAXIMUM_MAIN_STEEL,999999999.0000000000,9064.9455000000,0.2500000000,0.5000000000,0.3000000000,3.0000000000,0.7000000000,102,112,104,110,103,113
2064,neighbor,True,PASS_IMPLEMENTED_PROJECT_CHECKS,11719.2212500000,9064.9455000000,0.2500000000,0.5000000000,0.5000000000,3.5000000000,0.8000000000,102,112,102,110,103,112
2065,neighbor,True,PASS_IMPLEMENTED_PROJECT_CHECKS,9338.8935000000,9064.9455000000,0.2500000000,0.5000000000,0.3000000000,3.0000000000,0.7000000000,102,112,104,112,103,113
2066,neighbor,False,MEMBER_FLEXURE,999999999.0000000000,9064.9455000000,0.2750000000,0.4000000000,0.3000000000,3.0000000000,0.7000000000,104,112,100,111,103,113
2067,neighbor,True,PASS_IMPLEMENTED_PROJECT_CHECKS,10947.2420000000,9064.9455000000,0.2500000000,0.5000000000,0.3000000000,3.5000000000,0.7000000000,102,112,101,111,103,110
2068,neighbor,False,MINIMUM_MAIN_STEEL,999999999.0000000000,9064.9455000000,0.2500000000,0.5000000000,0.3000000000,3.0000000000,0.7000000000,102,112,100,111,100,113
2069,neighbor,True,PASS_IMPLEMENTED_PROJECT_CHECKS,9227.4040680000,9064.9455000000,0.2500000000,0.5000000000,0.3000000000,3.0000000000,0.7000000000,102,112,100,111,104,113
2070,neighbor,False,MINIMUM_MAIN_STEEL,999999999.0000000000,9064.9455000000,0.2000000000,0.5000000000,0.3000000000,3.0000000000,0.7000000000,101,113,100,111,103,113
2071,neighbor,True,PASS_IMPLEMENTED_PROJECT_CHECKS,9681.6755000000,9064.9455000000,0.2250000000,0.5000000000,0.3000000000,3.0000000000,0.7000000000,103,112,100,111,103,113
2072,neighbor,True,PASS_IMPLEMENTED_PROJECT_CHECKS,12283.1405000000,9064.9455000000,0.3000000000,0.5000000000,0.3000000000,3.0000000000,0.7000000000,103,110,100,111,103,113
2073,neighbor,True,PASS_IMPLEMENTED_PROJECT_CHECKS,9080.2717800000,9064.9455000000,0.2500000000,0.5000000000,0.3000000000,3.0000000000,0.7000000000,102,112,100,111,101,110
2074,neighbor,False,MINIMUM_MAIN_STEEL,999999999.0000000000,9064.9455000000,0.2500000000,0.5000000000,0.3000000000,3.0000000000,0.7000000000,100,111,100,111,103,113
2075,neighbor,True,PASS_IMPLEMENTED_PROJECT_CHECKS,9207.4725000000,9064.9455000000,0.2500000000,0.5000000000,0.3000000000,3.0000000000,0.7000000000,102,112,103,113,103,113
2076,neighbor,True,PASS_IMPLEMENTED_PROJECT_CHECKS,9064.9455000000,9064.9455000000,0.2500000000,0.5000000000,0.3000000000,3.0000000000,0.7000000000,102,112,100,111,103,113
2077,neighbor,True,PASS_IMPLEMENTED_PROJECT_CHECKS,9842.9578200000,9064.9455000000,0.2500000000,0.5000000000,0.3000000000,3.0000000000,0.7000000000,104,113,100,111,103,113
2078,neighbor,False,MINIMUM_MAIN_STEEL,999999999.0000000000,9064.9455000000,0.3000000000,0.6000000000,0.3000000000,3.0000000000,0.7000000000,100,110,100,111,103,113
2079,neighbor,True,PASS_IMPLEMENTED_PROJECT_CHECKS,9835.4242500000,9064.9455000000,0.2500000000,0.5000000000,0.3000000000,3.0000000000,0.7000000000,103,112,100,111,103,113
2080,neighbor,False,MINIMUM_MAIN_STEEL,999999999.0000000000,9064.9455000000,0.2750000000,0.4500000000,0.3000000000,3.0000000000,0.8000000000,101,112,102,110,100,111
2081,neighbor,True,PASS_IMPLEMENTED_PROJECT_CHECKS,9448.4727000000,9064.9455000000,0.2500000000,0.5000000000,0.3000000000,3.0000000000,0.7000000000,101,110,100,111,103,113
2082,neighbor,True,PASS_IMPLEMENTED_PROJECT_CHECKS,10567.1480000000,9064.9455000000,0.2750000000,0.6000000000,0.3000000000,3.0000000000,0.7000000000,103,112,100,111,103,113
2083,neighbor,True,PASS_IMPLEMENTED_PROJECT_CHECKS,9134.0495000000,9064.9455000000,0.2500000000,0.5000000000,0.3000000000,3.0000000000,0.7000000000,102,112,101,111,103,113
2084,neighbor,True,PASS_IMPLEMENTED_PROJECT_CHECKS,9134.0495000000,9064.9455000000,0.2500000000,0.5000000000,0.3000000000,3.0000000000,0.7000000000,102,112,101,111,103,113
2085,neighbor,False,STEM_STRESS_OR_INTERVAL_BOUND,999999999.0000000000,9064.9455000000,0.2000000000,0.4000000000,0.3000000000,3.0000000000,0.7000000000,103,113,100,111,103,113
2086,neighbor,False,MEMBER_FLEXURE,999999999.0000000000,9064.9455000000,0.2250000000,0.4000000000,0.3000000000,3.0000000000,0.7000000000,102,110,100,111,103,113
2087,neighbor,False,ENVELOPE_BASE_CONTACT,999999999.0000000000,9064.9455000000,0.2500000000,0.5000000000,0.3000000000,2.5000000000,0.9000000000,102,112,104,113,102,112
2088,neighbor,False,ENVELOPE_BASE_CONTACT,999999999.0000000000,9064.9455000000,0.2000000000,0.4000000000,0.5500000000,2.5000000000,0.7000000000,102,111,102,113,104,111
2089,neighbor,False,ENVELOPE_BASE_CONTACT,999999999.0000000000,9064.9455000000,0.2500000000,0.5000000000,0.3000000000,2.5000000000,0.6000000000,102,112,104,112,104,111
2090,neighbor,True,PASS_IMPLEMENTED_PROJECT_CHECKS,9521.5255000000,9064.9455000000,0.2500000000,0.5000000000,0.3000000000,3.0000000000,0.7000000000,102,111,100,111,103,113
2091,neighbor,True,PASS_IMPLEMENTED_PROJECT_CHECKS,9224.5942500000,9064.9455000000,0.2500000000,0.5000000000,0.3000000000,3.0000000000,0.7000000000,102,112,100,111,103,112
2092,neighbor,False,MINIMUM_MAIN_STEEL,999999999.0000000000,9064.9455000000,0.2000000000,0.6000000000,0.4000000000,3.5000000000,0.7000000000,104,110,101,112,100,112
2093,neighbor,False,ENVELOPE_BASE_CONTACT,999999999.0000000000,9064.9455000000,0.2500000000,0.5000000000,0.5000000000,2.5000000000,0.7000000000,102,112,103,110,102,111
2094,neighbor,False,MINIMUM_MAIN_STEEL,999999999.0000000000,9064.9455000000,0.2750000000,0.5500000000,0.3000000000,3.0000000000,0.7000000000,102,112,100,111,103,113
2095,neighbor,False,MAXIMUM_MAIN_STEEL,999999999.0000000000,9064.9455000000,0.2500000000,0.6000000000,0.3000000000,3.0000000000,0.7000000000,104,110,100,111,103,113
2096,neighbor,False,MAXIMUM_MAIN_STEEL,999999999.0000000000,9064.9455000000,0.2000000000,0.6000000000,0.3000000000,3.0000000000,0.7000000000,103,110,100,111,103,113
2097,neighbor,False,MAXIMUM_MAIN_STEEL,999999999.0000000000,9064.9455000000,0.2000000000,0.5500000000,0.3000000000,3.0000000000,0.7000000000,104,111,100,111,103,113
2098,neighbor,False,MINIMUM_MAIN_STEEL,999999999.0000000000,9064.9455000000,0.2500000000,0.5000000000,0.3000000000,3.0000000000,0.7000000000,100,111,100,111,103,113
2099,neighbor,False,MINIMUM_MAIN_STEEL,999999999.0000000000,9064.9455000000,0.2250000000,0.6000000000,0.3000000000,3.5000000000,0.5000000000,103,112,100,113,102,110
2100,neighbor,False,MINIMUM_MAIN_STEEL,999999999.0000000000,9064.9455000000,0.2500000000,0.5000000000,0.3000000000,3.0000000000,0.7000000000,100,112,100,111,103,113
2101,neighbor,True,PASS_IMPLEMENTED_PROJECT_CHECKS,9842.9578200000,9064.9455000000,0.2500000000,0.5000000000,0.3000000000,3.0000000000,0.7000000000,104,113,100,111,103,113
2102,neighbor,False,MAXIMUM_MAIN_STEEL,999999999.0000000000,9064.9455000000,0.2500000000,0.5000000000,0.3000000000,3.0000000000,0.7000000000,104,111,100,111,103,113
2103,neighbor,False,MINIMUM_MAIN_STEEL,999999999.0000000000,9064.9455000000,0.2500000000,0.5000000000,0.3000000000,3.0000000000,0.7000000000,102,112,100,113,103,113
2104,neighbor,True,PASS_IMPLEMENTED_PROJECT_CHECKS,9448.1025000000,9064.9455000000,0.2500000000,0.5000000000,0.3000000000,3.0000000000,0.7000000000,102,112,100,111,102,110
2105,neighbor,False,MINIMUM_MAIN_STEEL,999999999.0000000000,9064.9455000000,0.2250000000,0.4000000000,0.3000000000,3.0000000000,0.7000000000,101,113,100,111,103,113
2106,neighbor,False,MAXIMUM_MAIN_STEEL,999999999.0000000000,9064.9455000000,0.2250000000,0.6000000000,0.3000000000,3.0000000000,0.7000000000,103,110,100,111,103,113
2107,neighbor,False,MINIMUM_MAIN_STEEL,999999999.0000000000,9064.9455000000,0.2500000000,0.5000000000,0.3000000000,3.0000000000,0.7000000000,101,113,100,111,103,113
2108,neighbor,False,MINIMUM_MAIN_STEEL,999999999.0000000000,9064.9455000000,0.2500000000,0.5000000000,0.3000000000,3.0000000000,0.7000000000,101,111,100,111,103,113
2109,neighbor,False,MINIMUM_MAIN_STEEL,999999999.0000000000,9064.9455000000,0.2500000000,0.5000000000,0.3000000000,3.5000000000,0.5000000000,102,112,101,112,100,112
2110,neighbor,False,MEMBER_FLEXURE,999999999.0000000000,9064.9455000000,0.2250000000,0.4500000000,0.3000000000,3.0000000000,0.7000000000,103,111,100,111,103,113
2111,neighbor,False,MAXIMUM_MAIN_STEEL,999999999.0000000000,9064.9455000000,0.2500000000,0.5000000000,0.3000000000,3.0000000000,0.9000000000,102,112,104,110,104,111
2112,neighbor,False,MAXIMUM_MAIN_STEEL,999999999.0000000000,9064.9455000000,0.2500000000,0.5000000000,0.3000000000,3.0000000000,0.7000000000,102,112,100,111,104,110
2113,neighbor,False,ENVELOPE_BASE_CONTACT,999999999.0000000000,9064.9455000000,0.2500000000,0.5000000000,0.5000000000,2.5000000000,0.7000000000,102,112,101,110,104,110
2114,neighbor,True,PASS_IMPLEMENTED_PROJECT_CHECKS,9222.8975000000,9064.9455000000,0.2500000000,0.5000000000,0.3000000000,3.0000000000,0.7000000000,102,112,102,111,103,113
2115,neighbor,False,MINIMUM_MAIN_STEEL,999999999.0000000000,9064.9455000000,0.2750000000,0.4000000000,0.5000000000,3.0000000000,0.7000000000,100,111,102,113,100,111
2116,neighbor,True,PASS_IMPLEMENTED_PROJECT_CHECKS,10022.8380000000,9064.9455000000,0.2500000000,0.5000000000,0.3000000000,3.0000000000,0.7000000000,102,112,100,111,103,110
2117,neighbor,True,PASS_IMPLEMENTED_PROJECT_CHECKS,9459.8255000000,9064.9455000000,0.2500000000,0.5000000000,0.3000000000,3.0000000000,0.7000000000,102,112,104,111,103,113
2118,neighbor,False,MAXIMUM_MAIN_STEEL,999999999.0000000000,9064.9455000000,0.2000000000,0.5000000000,0.3000000000,3.0000000000,0.7000000000,102,110,100,111,103,113
2119,neighbor,True,PASS_IMPLEMENTED_PROJECT_CHECKS,9448.1025000000,9064.9455000000,0.2500000000,0.5000000000,0.3000000000,3.0000000000,0.7000000000,102,112,100,111,102,110
2120,neighbor,False,MINIMUM_MAIN_STEEL,999999999.0000000000,9064.9455000000,0.2500000000,0.5000000000,0.3000000000,3.0000000000,0.7000000000,100,113,100,111,103,113
2121,neighbor,False,MINIMUM_MAIN_STEEL,999999999.0000000000,9064.9455000000,0.3000000000,0.6000000000,0.4500000000,2.5000000000,0.5000000000,100,110,104,112,102,112
2122,neighbor,False,MAXIMUM_MAIN_STEEL,999999999.0000000000,9064.9455000000,0.2500000000,0.4000000000,0.3000000000,3.0000000000,0.7000000000,104,111,100,111,103,113
2123,neighbor,False,MAXIMUM_MAIN_STEEL,999999999.0000000000,9064.9455000000,0.2000000000,0.5000000000,0.3000000000,3.0000000000,0.7000000000,102,110,100,111,103,113
2124,neighbor,True,PASS_IMPLEMENTED_PROJECT_CHECKS,10842.7925000000,9064.9455000000,0.2250000000,0.5500000000,0.3000000000,3.0000000000,0.6000000000,103,112,103,110,103,111
2125,neighbor,True,PASS_IMPLEMENTED_PROJECT_CHECKS,9094.5615000000,9064.9455000000,0.2500000000,0.5000000000,0.3000000000,3.0000000000,0.7000000000,102,112,101,112,103,113
2126,neighbor,True,PASS_IMPLEMENTED_PROJECT_CHECKS,9094.5615000000,9064.9455000000,0.2500000000,0.5000000000,0.3000000000,3.0000000000,0.7000000000,102,112,101,112,103,113
2127,neighbor,True,PASS_IMPLEMENTED_PROJECT_CHECKS,9109.3695000000,9064.9455000000,0.2500000000,0.5000000000,0.3000000000,3.0000000000,0.7000000000,102,112,100,110,103,113
2128,neighbor,True,PASS_IMPLEMENTED_PROJECT_CHECKS,9761.4397800000,9064.9455000000,0.2500000000,0.5000000000,0.3000000000,3.0000000000,0.7000000000,102,112,100,111,104,111
2129,neighbor,False,MINIMUM_MAIN_STEEL,999999999.0000000000,9064.9455000000,0.2000000000,0.6000000000,0.3000000000,2.5000000000,0.8000000000,100,111,104,113,101,112
2130,neighbor,True,PASS_IMPLEMENTED_PROJECT_CHECKS,9224.5942500000,9064.9455000000,0.2500000000,0.5000000000,0.3000000000,3.0000000000,0.7000000000,102,112,100,111,103,112
2131,neighbor,False,MINIMUM_MAIN_STEEL,999999999.0000000000,9064.9455000000,0.2500000000,0.5000000000,0.3000000000,3.0000000000,0.7000000000,100,113,100,111,103,113
2132,neighbor,True,PASS_IMPLEMENTED_PROJECT_CHECKS,9094.5615000000,9064.9455000000,0.2500000000,0.5000000000,0.3000000000,3.0000000000,0.7000000000,102,112,101,112,103,113
2133,neighbor,False,MEMBER_FLEXURE,999999999.0000000000,9064.9455000000,0.2500000000,0.5000000000,0.3000000000,3.0000000000,0.7000000000,102,112,104,112,101,113
2134,neighbor,False,MEMBER_FLEXURE,999999999.0000000000,9064.9455000000,0.2500000000,0.5000000000,0.3000000000,3.0000000000,0.7000000000,102,112,100,111,100,111
2135,neighbor,True,PASS_IMPLEMENTED_PROJECT_CHECKS,9361.7225000000,9064.9455000000,0.2500000000,0.5000000000,0.3000000000,3.0000000000,0.7000000000,102,112,103,111,103,113
2136,neighbor,True,PASS_IMPLEMENTED_PROJECT_CHECKS,9554.5350000000,9064.9455000000,0.2500000000,0.5000000000,0.3000000000,3.0000000000,0.7000000000,102,112,103,110,103,113
2137,neighbor,False,MINIMUM_MAIN_STEEL,999999999.0000000000,9064.9455000000,0.2500000000,0.5000000000,0.3000000000,3.0000000000,0.7000000000,100,111,100,111,103,113
2138,neighbor,True,PASS_IMPLEMENTED_PROJECT_CHECKS,9521.5255000000,9064.9455000000,0.2500000000,0.5000000000,0.3000000000,3.0000000000,0.7000000000,102,111,100,111,103,113
2139,neighbor,True,PASS_IMPLEMENTED_PROJECT_CHECKS,9266.3343000000,9064.9455000000,0.2500000000,0.5000000000,0.3000000000,3.0000000000,0.7000000000,102,112,104,113,103,113
2140,neighbor,True,PASS_IMPLEMENTED_PROJECT_CHECKS,10131.9453200000,9064.9455000000,0.2500000000,0.5500000000,0.3000000000,3.0000000000,0.7000000000,104,113,100,111,103,113
2141,neighbor,False,MEMBER_FLEXURE,999999999.0000000000,9064.9455000000,0.2500000000,0.5000000000,0.3000000000,3.0000000000,0.7000000000,102,112,100,111,101,112
2142,neighbor,True,PASS_IMPLEMENTED_PROJECT_CHECKS,9554.5350000000,9064.9455000000,0.2500000000,0.5000000000,0.3000000000,3.0000000000,0.7000000000,102,112,103,110,103,113
2143,neighbor,False,MINIMUM_MAIN_STEEL,999999999.0000000000,9064.9455000000,0.2000000000,0.4000000000,0.3000000000,3.0000000000,0.7000000000,101,113,100,111,103,113
2144,neighbor,True,PASS_IMPLEMENTED_PROJECT_CHECKS,9448.4727000000,9064.9455000000,0.2500000000,0.5000000000,0.3000000000,3.0000000000,0.7000000000,101,110,100,111,103,113
2145,neighbor,False,MAXIMUM_MAIN_STEEL,999999999.0000000000,9064.9455000000,0.2500000000,0.5000000000,0.3000000000,3.0000000000,0.7000000000,102,112,104,110,103,113
2146,neighbor,False,ENVELOPE_BASE_CONTACT,999999999.0000000000,9064.9455000000,0.2500000000,0.5000000000,0.3500000000,2.5000000000,0.5000000000,102,112,101,110,100,110
2147,neighbor,False,MEMBER_FLEXURE,999999999.0000000000,9064.9455000000,0.2250000000,0.4500000000,0.3000000000,3.0000000000,0.7000000000,102,110,100,111,103,113
2148,neighbor,True,PASS_IMPLEMENTED_PROJECT_CHECKS,10434.6855000000,9064.9455000000,0.2500000000,0.5000000000,0.3000000000,3.0000000000,0.7000000000,102,110,100,111,103,113
2149,neighbor,False,MINIMUM_MAIN_STEEL,999999999.0000000000,9064.9455000000,0.2250000000,0.4000000000,0.3000000000,3.0000000000,0.7000000000,100,113,100,111,103,113
2150,neighbor,False,MAXIMUM_MAIN_STEEL,999999999.0000000000,9064.9455000000,0.2000000000,0.5000000000,0.3000000000,3.0000000000,0.7000000000,103,110,100,111,103,113
2151,neighbor,False,MINIMUM_MAIN_STEEL,999999999.0000000000,9064.9455000000,0.2500000000,0.5000000000,0.3000000000,3.0000000000,0.7000000000,102,112,100,111,100,112
2152,neighbor,False,ENVELOPE_BASE_CONTACT,999999999.0000000000,9064.9455000000,0.2500000000,0.5000000000,0.4500000000,2.5000000000,0.5000000000,102,112,101,111,102,110
2153,neighbor,False,MINIMUM_MAIN_STEEL,999999999.0000000000,9064.9455000000,0.2500000000,0.5000000000,0.3000000000,3.0000000000,0.7000000000,102,112,100,112,103,113
2154,neighbor,False,MINIMUM_MAIN_STEEL,999999999.0000000000,9064.9455000000,0.2500000000,0.5000000000,0.3000000000,3.0000000000,0.7000000000,101,111,100,111,103,113
2155,neighbor,True,PASS_IMPLEMENTED_PROJECT_CHECKS,9124.1775000000,9064.9455000000,0.2500000000,0.5000000000,0.3000000000,3.0000000000,0.7000000000,102,112,102,113,103,113
2156,neighbor,True,PASS_IMPLEMENTED_PROJECT_CHECKS,9761.4397800000,9064.9455000000,0.2500000000,0.5000000000,0.3000000000,3.0000000000,0.7000000000,102,112,100,111,104,111
2157,neighbor,False,MINIMUM_MAIN_STEEL,999999999.0000000000,9064.9455000000,0.2500000000,0.5000000000,0.3000000000,3.0000000000,0.7000000000,102,112,100,111,100,113
2158,neighbor,True,PASS_IMPLEMENTED_PROJECT_CHECKS,10379.8959000000,9064.9455000000,0.2500000000,0.5000000000,0.3000000000,3.0000000000,0.7000000000,104,112,100,111,103,113
2159,neighbor,False,MEMBER_FLEXURE,999999999.0000000000,9064.9455000000,0.2500000000,0.5000000000,0.3000000000,3.5000000000,0.7000000000,102,112,104,113,102,112
2160,neighbor,False,ENVELOPE_BASE_CONTACT,999999999.0000000000,9064.9455000000,0.2500000000,0.6000000000,0.3000000000,2.5000000000,0.9000000000,102,111,104,110,102,113
2161,neighbor,False,MAXIMUM_MAIN_STEEL,999999999.0000000000,9064.9455000000,0.2750000000,0.4000000000,0.3000000000,3.0000000000,0.7000000000,104,110,100,111,103,113
2162,neighbor,True,PASS_IMPLEMENTED_PROJECT_CHECKS,11012.6605000000,9064.9455000000,0.2500000000,0.6000000000,0.3000000000,3.0000000000,0.7000000000,102,110,100,111,103,113
2163,neighbor,True,PASS_IMPLEMENTED_PROJECT_CHECKS,9109.3695000000,9064.9455000000,0.2500000000,0.5000000000,0.3000000000,3.0000000000,0.7000000000,102,112,100,110,103,113
2164,neighbor,True,PASS_IMPLEMENTED_PROJECT_CHECKS,10331.2886400000,9064.9455000000,0.2500000000,0.5000000000,0.3000000000,3.0000000000,0.6000000000,102,112,104,112,103,110
2165,neighbor,True,PASS_IMPLEMENTED_PROJECT_CHECKS,9527.9267500000,9064.9455000000,0.2000000000,0.5000000000,0.3000000000,3.0000000000,0.7000000000,103,112,100,111,103,113
2166,neighbor,False,MINIMUM_MAIN_STEEL,999999999.0000000000,9064.9455000000,0.2250000000,0.4000000000,0.4000000000,3.5000000000,0.7000000000,100,112,104,110,102,110
2167,neighbor,False,MAXIMUM_MAIN_STEEL,999999999.0000000000,9064.9455000000,0.3000000000,0.5500000000,0.3000000000,3.0000000000,0.7000000000,104,110,100,111,103,113
2168,neighbor,True,PASS_IMPLEMENTED_PROJECT_CHECKS,9080.2717800000,9064.9455000000,0.2500000000,0.5000000000,0.3000000000,3.0000000000,0.7000000000,102,112,100,111,101,110
2169,neighbor,False,MEMBER_FLEXURE,999999999.0000000000,9064.9455000000,0.2500000000,0.5000000000,0.3000000000,3.0000000000,0.7000000000,102,112,100,111,101,112
2170,neighbor,False,MINIMUM_MAIN_STEEL,999999999.0000000000,9064.9455000000,0.2500000000,0.5000000000,0.3000000000,3.0000000000,0.6000000000,102,112,100,113,104,110
2171,neighbor,False,ENVELOPE_BASE_CONTACT,999999999.0000000000,9064.9455000000,0.2750000000,0.5500000000,0.3000000000,2.5000000000,0.9000000000,104,110,100,111,101,112
2172,neighbor,True,PASS_IMPLEMENTED_PROJECT_CHECKS,9080.2717800000,9064.9455000000,0.2500000000,0.5000000000,0.3000000000,3.0000000000,0.7000000000,102,112,100,111,101,110
2173,neighbor,False,MEMBER_FLEXURE,999999999.0000000000,9064.9455000000,0.3000000000,0.5000000000,0.3500000000,3.0000000000,0.9000000000,103,112,100,111,100,111
2174,neighbor,True,PASS_IMPLEMENTED_PROJECT_CHECKS,9404.2708200000,9064.9455000000,0.2500000000,0.5000000000,0.3000000000,3.0000000000,0.9000000000,102,112,102,110,101,110
2175,neighbor,False,MINIMUM_MAIN_STEEL,999999999.0000000000,9064.9455000000,0.2750000000,0.5000000000,0.4500000000,2.5000000000,0.9000000000,101,112,100,111,101,113
2176,neighbor,False,MEMBER_FLEXURE,999999999.0000000000,9064.9455000000,0.2500000000,0.5000000000,0.3000000000,3.0000000000,0.7000000000,102,112,100,111,102,112
2177,neighbor,False,ENVELOPE_BASE_CONTACT,999999999.0000000000,9064.9455000000,0.2500000000,0.5000000000,0.3500000000,2.5000000000,0.7000000000,102,112,101,112,104,113
2178,neighbor,True,PASS_IMPLEMENTED_PROJECT_CHECKS,10433.6175000000,9064.9455000000,0.2500000000,0.5500000000,0.3500000000,3.0000000000,0.6000000000,102,111,103,110,102,112
2179,neighbor,False,ENVELOPE_BASE_CONTACT,999999999.0000000000,9064.9455000000,0.2500000000,0.4500000000,0.3000000000,2.5000000000,0.9000000000,103,112,101,113,104,113
2180,neighbor,True,PASS_IMPLEMENTED_PROJECT_CHECKS,9070.8687000000,9064.9455000000,0.2500000000,0.5000000000,0.3000000000,3.0000000000,0.7000000000,102,112,101,113,103,113
2181,neighbor,False,MINIMUM_MAIN_STEEL,999999999.0000000000,9064.9455000000,0.2500000000,0.4000000000,0.3000000000,3.5000000000,0.9000000000,101,110,100,113,101,113
2182,neighbor,False,MEMBER_FLEXURE,999999999.0000000000,9064.9455000000,0.2500000000,0.5000000000,0.3000000000,3.0000000000,0.7000000000,102,112,100,111,101,112
2183,neighbor,False,MEMBER_FLEXURE,999999999.0000000000,9064.9455000000,0.2500000000,0.5000000000,0.3000000000,3.0000000000,0.5000000000,102,112,104,111,101,111
2184,neighbor,True,PASS_IMPLEMENTED_PROJECT_CHECKS,10434.6855000000,9064.9455000000,0.2500000000,0.5000000000,0.3000000000,3.0000000000,0.7000000000,102,110,100,111,103,113
2185,neighbor,False,MINIMUM_MAIN_STEEL,999999999.0000000000,9064.9455000000,0.3000000000,0.4500000000,0.5000000000,2.5000000000,0.6000000000,100,113,102,112,102,113
2186,neighbor,False,MINIMUM_MAIN_STEEL,999999999.0000000000,9064.9455000000,0.2500000000,0.5000000000,0.3000000000,3.0000000000,0.7000000000,100,113,100,111,103,113
2187,neighbor,False,MINIMUM_MAIN_STEEL,999999999.0000000000,9064.9455000000,0.2500000000,0.5000000000,0.4000000000,3.5000000000,0.5000000000,102,112,103,113,100,111
2188,neighbor,False,MEMBER_FLEXURE,999999999.0000000000,9064.9455000000,0.2500000000,0.5000000000,0.3000000000,3.0000000000,0.7000000000,102,112,100,111,102,113
2189,neighbor,False,MINIMUM_MAIN_STEEL,999999999.0000000000,9064.9455000000,0.2500000000,0.5000000000,0.3000000000,3.0000000000,0.7000000000,101,112,100,111,103,113
2190,neighbor,True,PASS_IMPLEMENTED_PROJECT_CHECKS,9161.1975000000,9064.9455000000,0.2500000000,0.5000000000,0.3000000000,3.0000000000,0.7000000000,102,112,102,112,103,113
2191,neighbor,False,MEMBER_FLEXURE,999999999.0000000000,9064.9455000000,0.2500000000,0.5000000000,0.3000000000,3.0000000000,0.7000000000,102,112,100,111,100,111
2192,neighbor,False,MEMBER_FLEXURE,999999999.0000000000,9064.9455000000,0.3000000000,0.4500000000,0.3000000000,3.0000000000,0.9000000000,103,110,102,112,101,111
2193,neighbor,True,PASS_IMPLEMENTED_PROJECT_CHECKS,9109.3695000000,9064.9455000000,0.2500000000,0.5000000000,0.3000000000,3.0000000000,0.7000000000,102,112,100,110,103,113
2194,neighbor,True,PASS_IMPLEMENTED_PROJECT_CHECKS,9161.1975000000,9064.9455000000,0.2500000000,0.5000000000,0.3000000000,3.0000000000,0.7000000000,102,112,102,112,103,113
2195,neighbor,True,PASS_IMPLEMENTED_PROJECT_CHECKS,9124.1775000000,9064.9455000000,0.2500000000,0.5000000000,0.3000000000,3.0000000000,0.7000000000,102,112,102,113,103,113
2196,neighbor,False,ENVELOPE_BASE_CONTACT,999999999.0000000000,9064.9455000000,0.2500000000,0.5000000000,0.3000000000,2.5000000000,0.7000000000,102,112,101,112,104,113
2197,neighbor,True,PASS_IMPLEMENTED_PROJECT_CHECKS,10884.0612000000,9064.9455000000,0.2500000000,0.5000000000,0.3000000000,3.5000000000,0.7000000000,102,112,101,113,103,110
2198,neighbor,False,MEMBER_FLEXURE,999999999.0000000000,9064.9455000000,0.2500000000,0.5000000000,0.3000000000,3.0000000000,0.7000000000,102,112,100,111,101,112
2199,neighbor,False,MAXIMUM_MAIN_STEEL,999999999.0000000000,9064.9455000000,0.2000000000,0.5000000000,0.3000000000,3.0000000000,0.7000000000,104,110,100,111,103,113
2200,neighbor,False,MEMBER_FLEXURE,999999999.0000000000,9064.9455000000,0.2500000000,0.4000000000,0.3000000000,3.0000000000,0.7000000000,104,113,100,111,103,113
2201,neighbor,False,MINIMUM_MAIN_STEEL,999999999.0000000000,9064.9455000000,0.3000000000,0.5000000000,0.4500000000,3.5000000000,0.8000000000,102,113,100,113,102,112
2202,neighbor,False,MEMBER_FLEXURE,999999999.0000000000,9064.9455000000,0.2500000000,0.5000000000,0.3000000000,3.0000000000,0.7000000000,102,112,100,111,102,113
2203,neighbor,True,PASS_IMPLEMENTED_PROJECT_CHECKS,9338.8935000000,9064.9455000000,0.2500000000,0.5000000000,0.3000000000,3.0000000000,0.7000000000,102,112,104,112,103,113
2204,neighbor,True,PASS_IMPLEMENTED_PROJECT_CHECKS,10379.8959000000,9064.9455000000,0.2500000000,0.5000000000,0.3000000000,3.0000000000,0.7000000000,104,112,100,111,103,113
2205,neighbor,True,PASS_IMPLEMENTED_PROJECT_CHECKS,9064.9455000000,9064.9455000000,0.2500000000,0.5000000000,0.3000000000,3.0000000000,0.7000000000,102,112,100,111,103,113
2206,neighbor,False,MAXIMUM_MAIN_STEEL,999999999.0000000000,9064.9455000000,0.2500000000,0.5000000000,0.3000000000,3.5000000000,0.7000000000,102,112,101,110,104,110
2207,neighbor,True,PASS_IMPLEMENTED_PROJECT_CHECKS,10022.8380000000,9064.9455000000,0.2500000000,0.5000000000,0.3000000000,3.0000000000,0.7000000000,102,112,100,111,103,110
2208,neighbor,False,MEMBER_FLEXURE,999999999.0000000000,9064.9455000000,0.2500000000,0.5000000000,0.3000000000,3.0000000000,0.7000000000,102,112,100,111,101,111
2209,neighbor,False,ENVELOPE_BASE_CONTACT,999999999.0000000000,9064.9455000000,0.2500000000,0.5000000000,0.3000000000,2.5000000000,0.7000000000,102,112,102,111,102,111
2210,neighbor,True,PASS_IMPLEMENTED_PROJECT_CHECKS,9080.2717800000,9064.9455000000,0.2500000000,0.5000000000,0.3000000000,3.0000000000,0.7000000000,102,112,100,111,101,110
2211,neighbor,True,PASS_IMPLEMENTED_PROJECT_CHECKS,9338.8935000000,9064.9455000000,0.2500000000,0.5000000000,0.3000000000,3.0000000000,0.7000000000,102,112,104,112,103,113
2212,neighbor,False,MEMBER_FLEXURE,999999999.0000000000,9064.9455000000,0.3000000000,0.4500000000,0.3000000000,3.0000000000,0.7000000000,104,113,100,111,103,113
2213,neighbor,False,MEMBER_FLEXURE,999999999.0000000000,9064.9455000000,0.2500000000,0.5000000000,0.3000000000,3.0000000000,0.7000000000,102,112,100,111,100,110
2214,neighbor,False,MINIMUM_MAIN_STEEL,999999999.0000000000,9064.9455000000,0.2500000000,0.5000000000,0.3000000000,3.0000000000,0.7000000000,102,113,100,111,103,113
2215,neighbor,False,MINIMUM_MAIN_STEEL,999999999.0000000000,9064.9455000000,0.2500000000,0.5000000000,0.3000000000,2.5000000000,0.8000000000,102,112,100,113,101,110
2216,neighbor,False,ENVELOPE_BASE_CONTACT,999999999.0000000000,9064.9455000000,0.2500000000,0.5000000000,0.3000000000,2.5000000000,0.5000000000,102,112,103,113,100,110
2217,neighbor,False,MINIMUM_MAIN_STEEL,999999999.0000000000,9064.9455000000,0.2500000000,0.5000000000,0.3000000000,2.5000000000,0.7000000000,102,112,101,112,100,113
2218,neighbor,False,ENVELOPE_BASE_CONTACT,999999999.0000000000,9064.9455000000,0.2250000000,0.4500000000,0.3000000000,2.5000000000,0.5000000000,104,113,101,113,100,110
2219,neighbor,False,MINIMUM_MAIN_STEEL,999999999.0000000000,9064.9455000000,0.2500000000,0.5000000000,0.5500000000,2.5000000000,0.8000000000,102,112,103,113,100,112
2220,neighbor,True,PASS_IMPLEMENTED_PROJECT_CHECKS,9109.3695000000,9064.9455000000,0.2500000000,0.5000000000,0.3000000000,3.0000000000,0.7000000000,102,112,100,110,103,113
2221,neighbor,True,PASS_IMPLEMENTED_PROJECT_CHECKS,9761.4397800000,9064.9455000000,0.2500000000,0.5000000000,0.3000000000,3.0000000000,0.7000000000,102,112,100,111,104,111
2222,neighbor,False,MAXIMUM_MAIN_STEEL,999999999.0000000000,9064.9455000000,0.2750000000,0.5000000000,0.3000000000,3.0000000000,0.7000000000,103,110,100,111,103,113
2223,neighbor,True,PASS_IMPLEMENTED_PROJECT_CHECKS,9521.5255000000,9064.9455000000,0.2500000000,0.5000000000,0.3000000000,3.0000000000,0.7000000000,102,111,100,111,103,113
2224,neighbor,False,MINIMUM_MAIN_STEEL,999999999.0000000000,9064.9455000000,0.2500000000,0.5000000000,0.3000000000,3.0000000000,0.7000000000,100,113,100,111,103,113
2225,neighbor,False,MAXIMUM_MAIN_STEEL,999999999.0000000000,9064.9455000000,0.2500000000,0.5000000000,0.3000000000,3.0000000000,0.7000000000,102,112,104,110,103,113
2226,neighbor,True,PASS_IMPLEMENTED_PROJECT_CHECKS,13204.6672600000,9064.9455000000,0.2500000000,0.5000000000,0.5000000000,3.5000000000,0.6000000000,102,112,101,110,104,110
2227,neighbor,True,PASS_IMPLEMENTED_PROJECT_CHECKS,10548.8305000000,9064.9455000000,0.2500000000,0.5000000000,0.3000000000,3.0000000000,0.7000000000,103,111,100,111,103,113
2228,neighbor,False,MEMBER_FLEXURE,999999999.0000000000,9064.9455000000,0.2500000000,0.5000000000,0.3000000000,3.0000000000,0.7000000000,102,112,100,111,101,111
2229,neighbor,True,PASS_IMPLEMENTED_PROJECT_CHECKS,9064.9455000000,9064.9455000000,0.2500000000,0.5000000000,0.3000000000,3.0000000000,0.7000000000,102,112,100,111,103,113
2230,neighbor,True,PASS_IMPLEMENTED_PROJECT_CHECKS,9338.8935000000,9064.9455000000,0.2500000000,0.5000000000,0.3000000000,3.0000000000,0.7000000000,102,112,104,112,103,113
2231,neighbor,True,PASS_IMPLEMENTED_PROJECT_CHECKS,9346.2975000000,9064.9455000000,0.2500000000,0.5000000000,0.3000000000,3.0000000000,0.7000000000,102,112,102,110,103,113
2232,neighbor,True,PASS_IMPLEMENTED_PROJECT_CHECKS,9222.8975000000,9064.9455000000,0.2500000000,0.5000000000,0.3000000000,3.0000000000,0.7000000000,102,112,102,111,103,113
2233,neighbor,False,MINIMUM_MAIN_STEEL,999999999.0000000000,9064.9455000000,0.3000000000,0.5500000000,0.5000000000,3.5000000000,0.7000000000,100,113,101,112,103,112
2234,neighbor,False,MEMBER_FLEXURE,999999999.0000000000,9064.9455000000,0.2500000000,0.5000000000,0.3000000000,3.0000000000,0.7000000000,102,112,100,111,100,111
2235,neighbor,True,PASS_IMPLEMENTED_PROJECT_CHECKS,9407.3805000000,9064.9455000000,0.2500000000,0.5000000000,0.3000000000,3.0000000000,0.7000000000,103,113,100,111,103,113
2236,neighbor,False,MINIMUM_MAIN_STEEL,999999999.0000000000,9064.9455000000,0.2000000000,0.6000000000,0.4000000000,2.5000000000,0.8000000000,100,113,102,110,101,110
2237,neighbor,True,PASS_IMPLEMENTED_PROJECT_CHECKS,12181.9120400000,9064.9455000000,0.2500000000,0.5000000000,0.4000000000,3.5000000000,0.9000000000,102,112,101,110,104,110
2238,neighbor,False,MEMBER_FLEXURE,999999999.0000000000,9064.9455000000,0.2500000000,0.5000000000,0.3000000000,3.0000000000,0.7000000000,102,112,100,111,101,112
2239,neighbor,False,MAXIMUM_MAIN_STEEL,999999999.0000000000,9064.9455000000,0.2500000000,0.5000000000,0.3000000000,3.0000000000,0.7000000000,102,112,104,110,103,113
2240,neighbor,True,PASS_IMPLEMENTED_PROJECT_CHECKS,9207.4725000000,9064.9455000000,0.2500000000,0.5000000000,0.3000000000,3.0000000000,0.7000000000,102,112,103,113,103,113
2241,neighbor,True,PASS_IMPLEMENTED_PROJECT_CHECKS,9224.5942500000,9064.9455000000,0.2500000000,0.5000000000,0.3000000000,3.0000000000,0.7000000000,102,112,100,111,103,112
2242,neighbor,True,PASS_IMPLEMENTED_PROJECT_CHECKS,9338.8935000000,9064.9455000000,0.2500000000,0.5000000000,0.3000000000,3.0000000000,0.7000000000,102,112,104,112,103,113
2243,neighbor,False,MINIMUM_MAIN_STEEL,999999999.0000000000,9064.9455000000,0.2000000000,0.4500000000,0.5500000000,3.5000000000,0.9000000000,102,110,104,112,101,113
2244,neighbor,False,MINIMUM_MAIN_STEEL,999999999.0000000000,9064.9455000000,0.3000000000,0.5500000000,0.3000000000,3.0000000000,0.7000000000,101,113,100,111,103,113
2245,neighbor,True,PASS_IMPLEMENTED_PROJECT_CHECKS,9427.6674600000,9064.9455000000,0.2500000000,0.5000000000,0.3000000000,3.0000000000,0.7000000000,102,112,100,111,104,112
2246,neighbor,False,MINIMUM_MAIN_STEEL,999999999.0000000000,9064.9455000000,0.2000000000,0.4000000000,0.3000000000,3.0000000000,0.7000000000,104,112,101,112,100,112
2247,neighbor,False,MAXIMUM_MAIN_STEEL,999999999.0000000000,9064.9455000000,0.2000000000,0.6000000000,0.3000000000,3.5000000000,0.7000000000,103,110,102,111,103,110
2248,neighbor,True,PASS_IMPLEMENTED_PROJECT_CHECKS,9070.8687000000,9064.9455000000,0.2500000000,0.5000000000,0.3000000000,3.0000000000,0.7000000000,102,112,101,113,103,113
2249,neighbor,True,PASS_IMPLEMENTED_PROJECT_CHECKS,9161.1975000000,9064.9455000000,0.2500000000,0.5000000000,0.3000000000,3.0000000000,0.7000000000,102,112,102,112,103,113
2250,neighbor,False,MEMBER_FLEXURE,999999999.0000000000,9064.9455000000,0.2000000000,0.4000000000,0.3500000000,3.5000000000,0.9000000000,103,112,102,111,100,111
2251,neighbor,True,PASS_IMPLEMENTED_PROJECT_CHECKS,9094.5615000000,9064.9455000000,0.2500000000,0.5000000000,0.3000000000,3.0000000000,0.7000000000,102,112,101,112,103,113
2252,neighbor,False,MINIMUM_MAIN_STEEL,999999999.0000000000,9064.9455000000,0.2500000000,0.5000000000,0.3000000000,3.0000000000,0.7000000000,102,113,100,111,103,113
2253,neighbor,True,PASS_IMPLEMENTED_PROJECT_CHECKS,9064.9455000000,9064.9455000000,0.2500000000,0.5000000000,0.3000000000,3.0000000000,0.7000000000,102,112,100,111,103,113
2254,neighbor,False,ENVELOPE_BASE_CONTACT,999999999.0000000000,9064.9455000000,0.2500000000,0.4500000000,0.3000000000,2.5000000000,0.8000000000,104,111,103,110,101,110
2255,neighbor,False,MAXIMUM_MAIN_STEEL,999999999.0000000000,9064.9455000000,0.3000000000,0.4500000000,0.3000000000,3.0000000000,0.7000000000,104,110,100,111,103,113
2256,neighbor,False,MAXIMUM_MAIN_STEEL,999999999.0000000000,9064.9455000000,0.2250000000,0.6000000000,0.3500000000,3.5000000000,0.7000000000,103,110,104,111,104,113
2257,neighbor,False,MINIMUM_MAIN_STEEL,999999999.0000000000,9064.9455000000,0.2000000000,0.5000000000,0.3000000000,3.0000000000,0.7000000000,102,113,100,111,103,113
2258,neighbor,True,PASS_IMPLEMENTED_PROJECT_CHECKS,11801.0300000000,9064.9455000000,0.2500000000,0.4000000000,0.5500000000,3.0000000000,0.6000000000,103,112,103,110,103,111
2259,neighbor,False,MINIMUM_MAIN_STEEL,999999999.0000000000,9064.9455000000,0.3000000000,0.5500000000,0.3000000000,3.0000000000,0.5000000000,100,113,104,111,101,113
2260,neighbor,True,PASS_IMPLEMENTED_PROJECT_CHECKS,9064.9455000000,9064.9455000000,0.2500000000,0.5000000000,0.3000000000,3.0000000000,0.7000000000,102,112,100,111,103,113
2261,neighbor,False,MINIMUM_MAIN_STEEL,999999999.0000000000,9064.9455000000,0.2500000000,0.5000000000,0.3000000000,3.0000000000,0.7000000000,102,112,100,111,100,112
2262,neighbor,False,MINIMUM_MAIN_STEEL,999999999.0000000000,9064.9455000000,0.2000000000,0.5500000000,0.3000000000,3.0000000000,0.7000000000,100,112,100,111,103,113
2263,neighbor,False,MINIMUM_MAIN_STEEL,999999999.0000000000,9064.9455000000,0.2500000000,0.5000000000,0.3000000000,3.0000000000,0.7000000000,102,112,100,111,100,113
2264,neighbor,False,MEMBER_FLEXURE,999999999.0000000000,9064.9455000000,0.2500000000,0.5000000000,0.3000000000,3.0000000000,0.8000000000,102,112,103,112,100,110
2265,neighbor,False,MINIMUM_MAIN_STEEL,999999999.0000000000,9064.9455000000,0.2750000000,0.4500000000,0.3000000000,3.5000000000,0.5000000000,102,110,104,111,100,112
2266,neighbor,False,MINIMUM_MAIN_STEEL,999999999.0000000000,9064.9455000000,0.2500000000,0.5000000000,0.3000000000,3.0000000000,0.7000000000,102,113,100,111,103,113
2267,neighbor,True,PASS_IMPLEMENTED_PROJECT_CHECKS,9265.3162500000,9064.9455000000,0.2500000000,0.5000000000,0.3000000000,3.0000000000,0.7000000000,102,112,103,112,103,113
2268,neighbor,True,PASS_IMPLEMENTED_PROJECT_CHECKS,9070.8687000000,9064.9455000000,0.2500000000,0.5000000000,0.3000000000,3.0000000000,0.7000000000,102,112,101,113,103,113
2269,neighbor,False,MAXIMUM_MAIN_STEEL,999999999.0000000000,9064.9455000000,0.2500000000,0.5000000000,0.3000000000,3.0000000000,0.5000000000,102,112,104,113,104,110
2270,neighbor,False,MINIMUM_MAIN_STEEL,999999999.0000000000,9064.9455000000,0.2500000000,0.5000000000,0.3000000000,3.0000000000,0.7000000000,102,113,100,111,103,113
2271,neighbor,True,PASS_IMPLEMENTED_PROJECT_CHECKS,9448.4727000000,9064.9455000000,0.2500000000,0.5000000000,0.3000000000,3.0000000000,0.7000000000,101,110,100,111,103,113
2272,neighbor,False,MINIMUM_MAIN_STEEL,999999999.0000000000,9064.9455000000,0.3000000000,0.4000000000,0.3000000000,3.0000000000,0.7000000000,100,113,100,111,103,113
2273,neighbor,True,PASS_IMPLEMENTED_PROJECT_CHECKS,9070.8687000000,9064.9455000000,0.2500000000,0.5000000000,0.3000000000,3.0000000000,0.7000000000,102,112,101,113,103,113
2274,neighbor,True,PASS_IMPLEMENTED_PROJECT_CHECKS,9554.5350000000,9064.9455000000,0.2500000000,0.5000000000,0.3000000000,3.0000000000,0.7000000000,102,112,103,110,103,113
2275,neighbor,True,PASS_IMPLEMENTED_PROJECT_CHECKS,11434.8847800000,9064.9455000000,0.2500000000,0.5000000000,0.5500000000,3.0000000000,0.6000000000,102,112,104,110,103,112
2276,neighbor,True,PASS_IMPLEMENTED_PROJECT_CHECKS,9213.0255000000,9064.9455000000,0.2500000000,0.5000000000,0.3000000000,3.0000000000,0.7000000000,102,112,101,110,103,113
2277,neighbor,False,MINIMUM_MAIN_STEEL,999999999.0000000000,9064.9455000000,0.3000000000,0.6000000000,0.3000000000,3.0000000000,0.7000000000,102,112,100,111,103,113
2278,neighbor,False,MAXIMUM_MAIN_STEEL,999999999.0000000000,9064.9455000000,0.2500000000,0.5000000000,0.3000000000,3.0000000000,0.7000000000,103,110,100,111,103,113
2279,neighbor,False,MINIMUM_MAIN_STEEL,999999999.0000000000,9064.9455000000,0.2250000000,0.5500000000,0.3000000000,2.5000000000,0.9000000000,100,110,103,110,103,111
2280,neighbor,False,MINIMUM_MAIN_STEEL,999999999.0000000000,9064.9455000000,0.2500000000,0.5000000000,0.5500000000,2.5000000000,0.7000000000,102,112,103,113,100,112
2281,neighbor,False,MINIMUM_MAIN_STEEL,999999999.0000000000,9064.9455000000,0.2500000000,0.5000000000,0.3000000000,3.0000000000,0.7000000000,102,112,100,112,103,113
2282,neighbor,True,PASS_IMPLEMENTED_PROJECT_CHECKS,9266.3343000000,9064.9455000000,0.2500000000,0.5000000000,0.3000000000,3.0000000000,0.7000000000,102,112,104,113,103,113
2283,neighbor,False,MAXIMUM_MAIN_STEEL,999999999.0000000000,9064.9455000000,0.2500000000,0.5000000000,0.3000000000,3.5000000000,0.5000000000,102,112,103,111,104,110
2284,neighbor,False,MAXIMUM_MAIN_STEEL,999999999.0000000000,9064.9455000000,0.2000000000,0.5000000000,0.3000000000,3.0000000000,0.7000000000,103,110,100,111,103,113
2285,neighbor,True,PASS_IMPLEMENTED_PROJECT_CHECKS,10379.8959000000,9064.9455000000,0.2500000000,0.5000000000,0.3000000000,3.0000000000,0.7000000000,104,112,100,111,103,113
2286,neighbor,False,MAXIMUM_MAIN_STEEL,999999999.0000000000,9064.9455000000,0.2000000000,0.4500000000,0.3000000000,3.0000000000,0.7000000000,104,110,100,111,103,113
2287,neighbor,True,PASS_IMPLEMENTED_PROJECT_CHECKS,9490.6755000000,9064.9455000000,0.2500000000,0.5000000000,0.3000000000,3.0000000000,0.7000000000,102,112,100,111,103,111
2288,neighbor,False,MEMBER_FLEXURE,999999999.0000000000,9064.9455000000,0.2250000000,0.6000000000,0.3000000000,3.5000000000,0.5000000000,103,112,103,112,102,113
2289,neighbor,True,PASS_IMPLEMENTED_PROJECT_CHECKS,9224.5942500000,9064.9455000000,0.2500000000,0.5000000000,0.3000000000,3.0000000000,0.7000000000,102,112,100,111,103,112
2290,neighbor,True,PASS_IMPLEMENTED_PROJECT_CHECKS,9361.7225000000,9064.9455000000,0.2500000000,0.5000000000,0.3000000000,3.0000000000,0.7000000000,102,112,103,111,103,113
2291,neighbor,False,MEMBER_FLEXURE,999999999.0000000000,9064.9455000000,0.2500000000,0.5000000000,0.3000000000,3.5000000000,0.7000000000,102,112,104,111,101,112
2292,neighbor,False,ENVELOPE_BASE_CONTACT,999999999.0000000000,9064.9455000000,0.2500000000,0.5000000000,0.4000000000,2.5000000000,0.7000000000,102,112,104,110,100,110
2293,neighbor,False,MINIMUM_MAIN_STEEL,999999999.0000000000,9064.9455000000,0.2500000000,0.5000000000,0.3000000000,2.5000000000,0.5000000000,102,112,100,112,103,110
2294,neighbor,True,PASS_IMPLEMENTED_PROJECT_CHECKS,9338.8935000000,9064.9455000000,0.2500000000,0.5000000000,0.3000000000,3.0000000000,0.7000000000,102,112,104,112,103,113
2295,neighbor,False,ENVELOPE_BASE_CONTACT,999999999.0000000000,9064.9455000000,0.2500000000,0.5000000000,0.3000000000,2.5000000000,0.6000000000,102,112,101,110,101,113
2296,neighbor,False,MEMBER_FLEXURE,999999999.0000000000,9064.9455000000,0.2500000000,0.5000000000,0.3000000000,3.0000000000,0.8000000000,102,112,103,113,102,113
2297,neighbor,False,MEMBER_FLEXURE,999999999.0000000000,9064.9455000000,0.2500000000,0.5000000000,0.3000000000,3.0000000000,0.7000000000,102,112,100,111,101,112
2298,neighbor,False,MAXIMUM_MAIN_STEEL,999999999.0000000000,9064.9455000000,0.2500000000,0.5000000000,0.3000000000,3.0000000000,0.7000000000,102,112,104,110,103,113
2299,neighbor,True,PASS_IMPLEMENTED_PROJECT_CHECKS,10139.1042500000,9064.9455000000,0.2750000000,0.6000000000,0.3000000000,3.0000000000,0.7000000000,103,113,100,111,103,113
2300,neighbor,False,MAXIMUM_MAIN_STEEL,999999999.0000000000,9064.9455000000,0.2000000000,0.4500000000,0.3000000000,3.0000000000,0.7000000000,104,112,100,111,103,113
2301,neighbor,True,PASS_IMPLEMENTED_PROJECT_CHECKS,10253.2492500000,9064.9455000000,0.2750000000,0.6000000000,0.3000000000,3.0000000000,0.7000000000,102,111,100,111,103,113
2302,neighbor,True,PASS_IMPLEMENTED_PROJECT_CHECKS,9265.3162500000,9064.9455000000,0.2500000000,0.5000000000,0.3000000000,3.0000000000,0.7000000000,102,112,103,112,103,113
2303,neighbor,True,PASS_IMPLEMENTED_PROJECT_CHECKS,9521.5255000000,9064.9455000000,0.2500000000,0.5000000000,0.3000000000,3.0000000000,0.7000000000,102,111,100,111,103,113
2304,neighbor,False,MINIMUM_MAIN_STEEL,999999999.0000000000,9064.9455000000,0.2500000000,0.5000000000,0.3000000000,2.5000000000,0.7000000000,102,112,100,113,101,112
2305,neighbor,True,PASS_IMPLEMENTED_PROJECT_CHECKS,9107.5185000000,9064.9455000000,0.2500000000,0.5000000000,0.3000000000,3.0000000000,0.7000000000,102,112,100,111,102,111
2306,neighbor,True,PASS_IMPLEMENTED_PROJECT_CHECKS,9070.8687000000,9064.9455000000,0.2500000000,0.5000000000,0.3000000000,3.0000000000,0.7000000000,102,112,101,113,103,113
2307,neighbor,False,MAXIMUM_MAIN_STEEL,999999999.0000000000,9064.9455000000,0.2500000000,0.5000000000,0.3000000000,3.0000000000,0.7000000000,103,110,100,111,103,113
2308,neighbor,True,PASS_IMPLEMENTED_PROJECT_CHECKS,9109.3695000000,9064.9455000000,0.2500000000,0.5000000000,0.3000000000,3.0000000000,0.7000000000,102,112,100,110,103,113
2309,neighbor,True,PASS_IMPLEMENTED_PROJECT_CHECKS,9835.4242500000,9064.9455000000,0.2500000000,0.5000000000,0.3000000000,3.0000000000,0.7000000000,103,112,100,111,103,113
2310,neighbor,False,ENVELOPE_BASE_CONTACT,999999999.0000000000,9064.9455000000,0.2500000000,0.5000000000,0.3500000000,2.5000000000,0.8000000000,102,112,100,111,103,112
2311,neighbor,True,PASS_IMPLEMENTED_PROJECT_CHECKS,9207.4725000000,9064.9455000000,0.2500000000,0.5000000000,0.3000000000,3.0000000000,0.7000000000,102,112,103,113,103,113
2312,neighbor,False,MINIMUM_MAIN_STEEL,999999999.0000000000,9064.9455000000,0.2500000000,0.4000000000,0.4000000000,3.5000000000,0.6000000000,100,113,103,113,100,111
2313,neighbor,True,PASS_IMPLEMENTED_PROJECT_CHECKS,9338.8935000000,9064.9455000000,0.2500000000,0.5000000000,0.3000000000,3.0000000000,0.7000000000,102,112,104,112,103,113
2314,neighbor,False,MAXIMUM_MAIN_STEEL,999999999.0000000000,9064.9455000000,0.2500000000,0.4500000000,0.3000000000,3.0000000000,0.9000000000,104,111,100,110,103,111
2315,neighbor,False,MINIMUM_MAIN_STEEL,999999999.0000000000,9064.9455000000,0.2500000000,0.5000000000,0.3000000000,3.0000000000,0.7000000000,102,113,100,111,103,113
2316,neighbor,False,MINIMUM_MAIN_STEEL,999999999.0000000000,9064.9455000000,0.3000000000,0.5500000000,0.3000000000,3.0000000000,0.8000000000,101,113,104,112,104,110
2317,neighbor,True,PASS_IMPLEMENTED_PROJECT_CHECKS,10022.8380000000,9064.9455000000,0.2500000000,0.5000000000,0.3000000000,3.0000000000,0.7000000000,102,112,100,111,103,110
2318,neighbor,True,PASS_IMPLEMENTED_PROJECT_CHECKS,9064.9455000000,9064.9455000000,0.2500000000,0.5000000000,0.3000000000,3.0000000000,0.7000000000,102,112,100,111,103,113
2319,neighbor,False,MAXIMUM_MAIN_STEEL,999999999.0000000000,9064.9455000000,0.2500000000,0.5000000000,0.3000000000,3.0000000000,0.7000000000,103,110,100,111,103,113
2320,neighbor,False,MEMBER_FLEXURE,999999999.0000000000,9064.9455000000,0.2500000000,0.5000000000,0.3000000000,3.0000000000,0.7000000000,102,112,100,111,102,113
2321,neighbor,True,PASS_IMPLEMENTED_PROJECT_CHECKS,9542.6192500000,9064.9455000000,0.2250000000,0.5500000000,0.3000000000,3.0000000000,0.7000000000,103,113,100,111,103,113
2322,neighbor,True,PASS_IMPLEMENTED_PROJECT_CHECKS,9448.4727000000,9064.9455000000,0.2500000000,0.5000000000,0.3000000000,3.0000000000,0.7000000000,101,110,100,111,103,113
2323,neighbor,True,PASS_IMPLEMENTED_PROJECT_CHECKS,10434.6855000000,9064.9455000000,0.2500000000,0.5000000000,0.3000000000,3.0000000000,0.7000000000,102,110,100,111,103,113
2324,neighbor,True,PASS_IMPLEMENTED_PROJECT_CHECKS,10003.8655000000,9064.9455000000,0.3000000000,0.5500000000,0.3000000000,3.0000000000,0.7000000000,103,113,100,111,103,113
2325,neighbor,False,MINIMUM_MAIN_STEEL,999999999.0000000000,9064.9455000000,0.2500000000,0.4000000000,0.3000000000,3.5000000000,0.8000000000,100,111,104,110,102,110
2326,neighbor,True,PASS_IMPLEMENTED_PROJECT_CHECKS,9448.1025000000,9064.9455000000,0.2500000000,0.5000000000,0.3000000000,3.0000000000,0.7000000000,102,112,100,111,102,110
2327,neighbor,False,MAXIMUM_MAIN_STEEL,999999999.0000000000,9064.9455000000,0.2500000000,0.5000000000,0.3000000000,3.0000000000,0.7000000000,104,110,100,111,103,113
2328,neighbor,False,ENVELOPE_BASE_CONTACT,999999999.0000000000,9064.9455000000,0.2500000000,0.5000000000,0.3000000000,2.5000000000,0.9000000000,102,112,100,110,103,110
2329,neighbor,False,MINIMUM_MAIN_STEEL,999999999.0000000000,9064.9455000000,0.2500000000,0.5000000000,0.3000000000,3.0000000000,0.7000000000,101,111,100,111,103,113
2330,neighbor,False,MINIMUM_MAIN_STEEL,999999999.0000000000,9064.9455000000,0.2500000000,0.5000000000,0.3000000000,3.0000000000,0.7000000000,101,112,100,111,103,113
2331,neighbor,True,PASS_IMPLEMENTED_PROJECT_CHECKS,9107.5185000000,9064.9455000000,0.2500000000,0.5000000000,0.3000000000,3.0000000000,0.7000000000,102,112,100,111,102,111
2332,neighbor,True,PASS_IMPLEMENTED_PROJECT_CHECKS,9521.5255000000,9064.9455000000,0.2500000000,0.5000000000,0.3000000000,3.0000000000,0.7000000000,102,111,100,111,103,113
2333,neighbor,False,MINIMUM_MAIN_STEEL,999999999.0000000000,9064.9455000000,0.2500000000,0.5000000000,0.3000000000,3.0000000000,0.7000000000,100,112,100,111,103,113
2334,neighbor,False,MINIMUM_MAIN_STEEL,999999999.0000000000,9064.9455000000,0.2500000000,0.4500000000,0.4500000000,3.5000000000,0.8000000000,103,112,101,111,101,113
2335,neighbor,True,PASS_IMPLEMENTED_PROJECT_CHECKS,11539.5095000000,9064.9455000000,0.2500000000,0.5000000000,0.5500000000,3.5000000000,0.8000000000,102,112,103,112,102,113
2336,neighbor,True,PASS_IMPLEMENTED_PROJECT_CHECKS,10574.6815700000,9064.9455000000,0.2750000000,0.6000000000,0.3000000000,3.0000000000,0.7000000000,104,113,100,111,103,113
2337,neighbor,True,PASS_IMPLEMENTED_PROJECT_CHECKS,9407.3805000000,9064.9455000000,0.2500000000,0.5000000000,0.3000000000,3.0000000000,0.7000000000,103,113,100,111,103,113
2338,neighbor,False,MEMBER_FLEXURE,999999999.0000000000,9064.9455000000,0.2500000000,0.5000000000,0.3000000000,3.0000000000,0.7000000000,102,112,100,111,100,111
2339,neighbor,False,MAXIMUM_MAIN_STEEL,999999999.0000000000,9064.9455000000,0.2500000000,0.4000000000,0.3000000000,3.5000000000,0.5000000000,104,112,104,110,100,110
2340,neighbor,False,MEMBER_FLEXURE,999999999.0000000000,9064.9455000000,0.2000000000,0.4000000000,0.3000000000,3.0000000000,0.6000000000,104,113,103,111,100,111
2341,neighbor,False,MINIMUM_MAIN_STEEL,999999999.0000000000,9064.9455000000,0.2500000000,0.5000000000,0.3000000000,3.0000000000,0.7000000000,102,112,100,111,100,112
2342,neighbor,True,PASS_IMPLEMENTED_PROJECT_CHECKS,10333.9452000000,9064.9455000000,0.3000000000,0.6000000000,0.3000000000,3.0000000000,0.7000000000,101,110,100,111,103,113
2343,neighbor,True,PASS_IMPLEMENTED_PROJECT_CHECKS,9266.3343000000,9064.9455000000,0.2500000000,0.5000000000,0.3000000000,3.0000000000,0.7000000000,102,112,104,113,103,113
2344,neighbor,False,MINIMUM_MAIN_STEEL,999999999.0000000000,9064.9455000000,0.2750000000,0.6000000000,0.3000000000,2.5000000000,0.5000000000,104,113,100,110,100,112
2345,neighbor,False,MINIMUM_MAIN_STEEL,999999999.0000000000,9064.9455000000,0.2500000000,0.5000000000,0.3000000000,3.0000000000,0.7000000000,102,112,100,112,103,113
2346,neighbor,False,MEMBER_FLEXURE,999999999.0000000000,9064.9455000000,0.2500000000,0.5000000000,0.3000000000,3.0000000000,0.7000000000,102,112,100,111,100,110
2347,neighbor,False,STEM_STRESS_OR_INTERVAL_BOUND,999999999.0000000000,9064.9455000000,0.3000000000,0.4000000000,0.3000000000,3.0000000000,0.7000000000,103,113,100,111,103,113
2348,neighbor,False,MINIMUM_MAIN_STEEL,999999999.0000000000,9064.9455000000,0.2500000000,0.5000000000,0.3000000000,3.0000000000,0.7000000000,102,112,100,112,103,113
2349,neighbor,True,PASS_IMPLEMENTED_PROJECT_CHECKS,9227.4040680000,9064.9455000000,0.2500000000,0.5000000000,0.3000000000,3.0000000000,0.7000000000,102,112,100,111,104,113
2350,neighbor,False,MAXIMUM_MAIN_STEEL,999999999.0000000000,9064.9455000000,0.2500000000,0.5000000000,0.3000000000,3.0000000000,0.7000000000,103,110,100,111,103,113
2351,neighbor,False,MINIMUM_MAIN_STEEL,999999999.0000000000,9064.9455000000,0.2750000000,0.5000000000,0.3000000000,3.0000000000,0.7000000000,100,111,100,111,103,113
2352,neighbor,False,MINIMUM_MAIN_STEEL,999999999.0000000000,9064.9455000000,0.2750000000,0.4500000000,0.3000000000,3.0000000000,0.7000000000,100,111,100,111,103,113
2353,neighbor,True,PASS_IMPLEMENTED_PROJECT_CHECKS,9207.4725000000,9064.9455000000,0.2500000000,0.5000000000,0.3000000000,3.0000000000,0.7000000000,102,112,103,113,103,113
2354,neighbor,False,MINIMUM_MAIN_STEEL,999999999.0000000000,9064.9455000000,0.2500000000,0.5000000000,0.3000000000,2.5000000000,0.8000000000,102,112,100,112,104,111
2355,neighbor,False,MEMBER_FLEXURE,999999999.0000000000,9064.9455000000,0.2500000000,0.5000000000,0.4000000000,3.5000000000,0.7000000000,102,112,102,110,100,110
2356,neighbor,True,PASS_IMPLEMENTED_PROJECT_CHECKS,9361.7225000000,9064.9455000000,0.2500000000,0.5000000000,0.3000000000,3.0000000000,0.7000000000,102,112,103,111,103,113
2357,neighbor,True,PASS_IMPLEMENTED_PROJECT_CHECKS,9107.5185000000,9064.9455000000,0.2500000000,0.5000000000,0.3000000000,3.0000000000,0.7000000000,102,112,100,111,102,111
2358,neighbor,False,MINIMUM_MAIN_STEEL,999999999.0000000000,9064.9455000000,0.2500000000,0.5500000000,0.3000000000,2.5000000000,0.9000000000,101,113,100,112,102,110
2359,neighbor,True,PASS_IMPLEMENTED_PROJECT_CHECKS,10124.4117500000,9064.9455000000,0.2500000000,0.5500000000,0.3000000000,3.0000000000,0.7000000000,103,112,100,111,103,113
2360,neighbor,True,PASS_IMPLEMENTED_PROJECT_CHECKS,9227.4040680000,9064.9455000000,0.2500000000,0.5000000000,0.3000000000,3.0000000000,0.7000000000,102,112,100,111,104,113
2361,neighbor,True,PASS_IMPLEMENTED_PROJECT_CHECKS,10395.0817500000,9064.9455000000,0.2250000000,0.5000000000,0.3000000000,3.0000000000,0.7000000000,103,111,100,111,103,113
2362,neighbor,True,PASS_IMPLEMENTED_PROJECT_CHECKS,9107.5185000000,9064.9455000000,0.2500000000,0.5000000000,0.3000000000,3.0000000000,0.7000000000,102,112,100,111,102,111
2363,neighbor,True,PASS_IMPLEMENTED_PROJECT_CHECKS,9080.2717800000,9064.9455000000,0.2500000000,0.5000000000,0.3000000000,3.0000000000,0.7000000000,102,112,100,111,101,110
2364,neighbor,True,PASS_IMPLEMENTED_PROJECT_CHECKS,12189.3153600000,9064.9455000000,0.3000000000,0.4500000000,0.5500000000,3.0000000000,0.8000000000,103,112,101,111,104,111
2365,neighbor,True,PASS_IMPLEMENTED_PROJECT_CHECKS,10434.6855000000,9064.9455000000,0.2500000000,0.5000000000,0.3000000000,3.0000000000,0.7000000000,102,110,100,111,103,113
2366,neighbor,True,PASS_IMPLEMENTED_PROJECT_CHECKS,9107.5185000000,9064.9455000000,0.2500000000,0.5000000000,0.3000000000,3.0000000000,0.7000000000,102,112,100,111,102,111
2367,neighbor,True,PASS_IMPLEMENTED_PROJECT_CHECKS,9162.4068200000,9064.9455000000,0.2500000000,0.5000000000,0.3000000000,3.0000000000,0.8000000000,102,112,101,111,102,111
2368,neighbor,False,MAXIMUM_MAIN_STEEL,999999999.0000000000,9064.9455000000,0.2500000000,0.5000000000,0.3000000000,3.0000000000,0.7000000000,102,112,104,110,103,113
2369,neighbor,False,MINIMUM_MAIN_STEEL,999999999.0000000000,9064.9455000000,0.2500000000,0.5000000000,0.3000000000,3.0000000000,0.7000000000,101,112,100,111,103,113
2370,neighbor,False,MAXIMUM_MAIN_STEEL,999999999.0000000000,9064.9455000000,0.2250000000,0.5000000000,0.5000000000,3.0000000000,0.9000000000,104,110,103,113,102,112
2371,neighbor,True,PASS_IMPLEMENTED_PROJECT_CHECKS,10379.8959000000,9064.9455000000,0.2500000000,0.5000000000,0.3000000000,3.0000000000,0.7000000000,104,112,100,111,103,113
2372,neighbor,True,PASS_IMPLEMENTED_PROJECT_CHECKS,9761.4397800000,9064.9455000000,0.2500000000,0.5000000000,0.3000000000,3.0000000000,0.7000000000,102,112,100,111,104,111
2373,neighbor,False,MINIMUM_MAIN_STEEL,999999999.0000000000,9064.9455000000,0.2500000000,0.5000000000,0.3000000000,3.0000000000,0.7000000000,101,111,100,111,103,113
2374,neighbor,False,MINIMUM_MAIN_STEEL,999999999.0000000000,9064.9455000000,0.2000000000,0.6000000000,0.3000000000,2.5000000000,0.7000000000,101,111,100,110,100,111
2375,neighbor,False,MEMBER_FLEXURE,999999999.0000000000,9064.9455000000,0.2500000000,0.5000000000,0.3000000000,3.0000000000,0.6000000000,102,112,104,113,103,113
2376,neighbor,False,STEM_STRESS_OR_INTERVAL_BOUND,999999999.0000000000,9064.9455000000,0.2750000000,0.4000000000,0.3000000000,3.0000000000,0.7000000000,102,112,100,111,103,113
2377,neighbor,False,MINIMUM_MAIN_STEEL,999999999.0000000000,9064.9455000000,0.2500000000,0.5000000000,0.3000000000,3.0000000000,0.7000000000,100,111,100,111,103,113
2378,neighbor,False,MINIMUM_MAIN_STEEL,999999999.0000000000,9064.9455000000,0.2250000000,0.6000000000,0.3000000000,3.0000000000,0.7000000000,101,112,100,111,103,113
2379,neighbor,True,PASS_IMPLEMENTED_PROJECT_CHECKS,9338.8935000000,9064.9455000000,0.2500000000,0.5000000000,0.3000000000,3.0000000000,0.7000000000,102,112,104,112,103,113
2380,neighbor,False,ENVELOPE_BASE_CONTACT,999999999.0000000000,9064.9455000000,0.2500000000,0.5000000000,0.3000000000,2.5000000000,0.6000000000,102,112,102,112,101,113
2381,neighbor,False,ENVELOPE_BASE_CONTACT,999999999.0000000000,9064.9455000000,0.2500000000,0.5000000000,0.3000000000,2.5000000000,0.8000000000,102,112,104,111,103,112
2382,neighbor,True,PASS_IMPLEMENTED_PROJECT_CHECKS,9222.8975000000,9064.9455000000,0.2500000000,0.5000000000,0.3000000000,3.0000000000,0.7000000000,102,112,102,111,103,113
2383,neighbor,False,MEMBER_FLEXURE,999999999.0000000000,9064.9455000000,0.2500000000,0.5000000000,0.3000000000,3.0000000000,0.7000000000,102,112,100,111,100,110
2384,neighbor,False,ENVELOPE_BASE_CONTACT,999999999.0000000000,9064.9455000000,0.2500000000,0.5000000000,0.3000000000,2.5000000000,0.8000000000,102,112,101,112,102,110
2385,neighbor,True,PASS_IMPLEMENTED_PROJECT_CHECKS,9554.5350000000,9064.9455000000,0.2500000000,0.5000000000,0.3000000000,3.0000000000,0.7000000000,102,112,103,110,103,113
2386,neighbor,False,ENVELOPE_BASE_CONTACT,999999999.0000000000,9064.9455000000,0.2500000000,0.5000000000,0.5500000000,2.5000000000,0.7000000000,102,112,102,110,101,111
2387,neighbor,False,MINIMUM_MAIN_STEEL,999999999.0000000000,9064.9455000000,0.2500000000,0.4500000000,0.4000000000,2.5000000000,0.9000000000,100,112,104,110,104,113
2388,neighbor,False,MEMBER_FLEXURE,999999999.0000000000,9064.9455000000,0.2500000000,0.5000000000,0.3000000000,3.5000000000,0.6000000000,102,112,102,111,103,113
2389,neighbor,True,PASS_IMPLEMENTED_PROJECT_CHECKS,9064.9455000000,9064.9455000000,0.2500000000,0.5000000000,0.3000000000,3.0000000000,0.7000000000,102,112,100,111,103,113
2390,neighbor,False,MAXIMUM_MAIN_STEEL,999999999.0000000000,9064.9455000000,0.2500000000,0.5000000000,0.3000000000,3.0000000000,0.7000000000,102,112,100,111,104,110
2391,neighbor,False,MINIMUM_MAIN_STEEL,999999999.0000000000,9064.9455000000,0.2500000000,0.5000000000,0.4500000000,3.0000000000,0.5000000000,102,112,101,113,102,113
2392,neighbor,False,ENVELOPE_BASE_CONTACT,999999999.0000000000,9064.9455000000,0.2500000000,0.5000000000,0.5500000000,2.5000000000,0.6000000000,102,112,100,110,103,110
2393,neighbor,True,PASS_IMPLEMENTED_PROJECT_CHECKS,9361.7225000000,9064.9455000000,0.2500000000,0.5000000000,0.3000000000,3.0000000000,0.7000000000,102,112,103,111,103,113
2394,neighbor,True,PASS_IMPLEMENTED_PROJECT_CHECKS,9109.3695000000,9064.9455000000,0.2500000000,0.5000000000,0.3000000000,3.0000000000,0.7000000000,102,112,100,110,103,113
2395,neighbor,False,MINIMUM_MAIN_STEEL,999999999.0000000000,9064.9455000000,0.2000000000,0.5500000000,0.3000000000,3.0000000000,0.7000000000,100,111,100,111,103,113
2396,neighbor,False,ENVELOPE_BASE_CONTACT,999999999.0000000000,9064.9455000000,0.2500000000,0.5000000000,0.3000000000,2.5000000000,0.9000000000,102,112,103,111,102,111
2397,neighbor,False,MEMBER_FLEXURE,999999999.0000000000,9064.9455000000,0.3000000000,0.4000000000,0.3000000000,3.0000000000,0.7000000000,102,111,100,111,103,113
2398,neighbor,True,PASS_IMPLEMENTED_PROJECT_CHECKS,9224.5942500000,9064.9455000000,0.2500000000,0.5000000000,0.3000000000,3.0000000000,0.7000000000,102,112,100,111,103,112
2399,neighbor,True,PASS_IMPLEMENTED_PROJECT_CHECKS,10306.3307600000,9064.9455000000,0.2500000000,0.5000000000,0.4000000000,3.5000000000,0.6000000000,102,112,101,112,102,112
2400,neighbor,False,MAXIMUM_MAIN_STEEL,999999999.0000000000,9064.9455000000,0.2000000000,0.4500000000,0.3000000000,3.0000000000,0.5000000000,102,110,103,113,104,113
2401,neighbor,False,MEMBER_FLEXURE,999999999.0000000000,9064.9455000000,0.2500000000,0.5000000000,0.3000000000,3.0000000000,0.7000000000,102,112,100,111,100,111
2402,neighbor,False,ENVELOPE_BASE_CONTACT,999999999.0000000000,9064.9455000000,0.2500000000,0.5000000000,0.3000000000,2.5000000000,0.9000000000,102,112,103,110,102,113
2403,neighbor,True,PASS_IMPLEMENTED_PROJECT_CHECKS,9222.8975000000,9064.9455000000,0.2500000000,0.5000000000,0.3000000000,3.0000000000,0.7000000000,102,112,102,111,103,113
2404,neighbor,False,MEMBER_FLEXURE,999999999.0000000000,9064.9455000000,0.2000000000,0.4000000000,0.3000000000,3.0000000000,0.7000000000,101,110,100,111,103,113
2405,neighbor,False,MINIMUM_MAIN_STEEL,999999999.0000000000,9064.9455000000,0.2500000000,0.5000000000,0.3000000000,3.5000000000,0.6000000000,102,112,100,113,100,110
2406,neighbor,True,PASS_IMPLEMENTED_PROJECT_CHECKS,9064.9455000000,9064.9455000000,0.2500000000,0.5000000000,0.3000000000,3.0000000000,0.7000000000,102,112,100,111,103,113
2407,neighbor,True,PASS_IMPLEMENTED_PROJECT_CHECKS,9835.4242500000,9064.9455000000,0.2500000000,0.5000000000,0.3000000000,3.0000000000,0.7000000000,103,112,100,111,103,113
2408,neighbor,True,PASS_IMPLEMENTED_PROJECT_CHECKS,9094.5615000000,9064.9455000000,0.2500000000,0.5000000000,0.3000000000,3.0000000000,0.7000000000,102,112,101,112,103,113
2409,neighbor,False,MINIMUM_MAIN_STEEL,999999999.0000000000,9064.9455000000,0.2500000000,0.5000000000,0.3000000000,3.0000000000,0.7000000000,102,113,100,111,103,113
2410,neighbor,False,MEMBER_FLEXURE,999999999.0000000000,9064.9455000000,0.2250000000,0.4500000000,0.3000000000,3.0000000000,0.7000000000,104,112,100,111,103,113
2411,neighbor,False,MINIMUM_MAIN_STEEL,999999999.0000000000,9064.9455000000,0.2500000000,0.5000000000,0.4000000000,3.0000000000,0.8000000000,102,112,100,113,104,113
2412,neighbor,True,PASS_IMPLEMENTED_PROJECT_CHECKS,9227.4040680000,9064.9455000000,0.2500000000,0.5000000000,0.3000000000,3.0000000000,0.7000000000,102,112,100,111,104,113
2413,neighbor,True,PASS_IMPLEMENTED_PROJECT_CHECKS,9064.9455000000,9064.9455000000,0.2500000000,0.5000000000,0.3000000000,3.0000000000,0.7000000000,102,112,100,111,103,113
2414,neighbor,True,PASS_IMPLEMENTED_PROJECT_CHECKS,10395.0817500000,9064.9455000000,0.2250000000,0.5000000000,0.3000000000,3.0000000000,0.7000000000,103,111,100,111,103,113
2415,neighbor,False,MINIMUM_MAIN_STEEL,999999999.0000000000,9064.9455000000,0.2500000000,0.5000000000,0.3000000000,3.0000000000,0.7000000000,100,111,100,111,103,113
2416,neighbor,False,ENVELOPE_BASE_CONTACT,999999999.0000000000,9064.9455000000,0.2500000000,0.5000000000,0.3000000000,2.5000000000,0.8000000000,102,112,103,113,102,111
2417,neighbor,False,ENVELOPE_BASE_CONTACT,999999999.0000000000,9064.9455000000,0.2250000000,0.4500000000,0.3500000000,2.5000000000,0.9000000000,103,111,103,110,101,113
2418,neighbor,False,MAXIMUM_MAIN_STEEL,999999999.0000000000,9064.9455000000,0.2500000000,0.5000000000,0.3000000000,3.0000000000,0.7000000000,103,110,100,111,103,113
2419,neighbor,True,PASS_IMPLEMENTED_PROJECT_CHECKS,10495.3635400000,9064.9455000000,0.2500000000,0.5000000000,0.3000000000,3.5000000000,0.5000000000,102,112,104,111,102,110
2420,neighbor,False,MINIMUM_MAIN_STEEL,999999999.0000000000,9064.9455000000,0.2500000000,0.5000000000,0.3000000000,3.0000000000,0.7000000000,102,112,100,113,103,113
2421,neighbor,False,MINIMUM_MAIN_STEEL,999999999.0000000000,9064.9455000000,0.2500000000,0.5000000000,0.3000000000,3.0000000000,0.7000000000,102,112,100,111,100,112
2422,neighbor,True,PASS_IMPLEMENTED_PROJECT_CHECKS,9134.0495000000,9064.9455000000,0.2500000000,0.5000000000,0.3000000000,3.0000000000,0.7000000000,102,112,101,111,103,113
2423,neighbor,False,MINIMUM_MAIN_STEEL,999999999.0000000000,9064.9455000000,0.2250000000,0.5500000000,0.4000000000,3.5000000000,0.6000000000,102,110,102,111,100,112
2424,neighbor,False,MINIMUM_MAIN_STEEL,999999999.0000000000,9064.9455000000,0.2250000000,0.5500000000,0.5000000000,2.5000000000,0.8000000000,102,113,103,112,102,110
2425,neighbor,False,MINIMUM_MAIN_STEEL,999999999.0000000000,9064.9455000000,0.2750000000,0.4000000000,0.3000000000,3.0000000000,0.8000000000,100,110,104,110,100,113
2426,neighbor,True,PASS_IMPLEMENTED_PROJECT_CHECKS,11387.8867300000,9064.9455000000,0.2500000000,0.5000000000,0.3500000000,3.5000000000,0.6000000000,102,112,100,110,103,110
2427,neighbor,True,PASS_IMPLEMENTED_PROJECT_CHECKS,9207.4725000000,9064.9455000000,0.2500000000,0.5000000000,0.3000000000,3.0000000000,0.7000000000,102,112,103,113,103,113
2428,neighbor,True,PASS_IMPLEMENTED_PROJECT_CHECKS,9222.8975000000,9064.9455000000,0.2500000000,0.5000000000,0.3000000000,3.0000000000,0.7000000000,102,112,102,111,103,113
2429,neighbor,False,MINIMUM_MAIN_STEEL,999999999.0000000000,9064.9455000000,0.2500000000,0.5000000000,0.3000000000,3.0000000000,0.7000000000,101,112,100,111,103,113
2430,neighbor,True,PASS_IMPLEMENTED_PROJECT_CHECKS,10259.6505000000,9064.9455000000,0.2250000000,0.6000000000,0.3000000000,3.0000000000,0.7000000000,103,112,100,111,103,113
2431,neighbor,False,ENVELOPE_BASE_CONTACT,999999999.0000000000,9064.9455000000,0.2500000000,0.5000000000,0.3000000000,2.5000000000,0.5000000000,102,112,103,112,103,112
2432,neighbor,False,MAXIMUM_MAIN_STEEL,999999999.0000000000,9064.9455000000,0.2000000000,0.5000000000,0.5000000000,3.0000000000,0.5000000000,104,112,102,111,103,111
2433,neighbor,False,MINIMUM_MAIN_STEEL,999999999.0000000000,9064.9455000000,0.2500000000,0.5000000000,0.3000000000,3.0000000000,0.7000000000,102,112,100,113,103,113
2434,neighbor,False,MINIMUM_MAIN_STEEL,999999999.0000000000,9064.9455000000,0.2500000000,0.5000000000,0.3000000000,3.0000000000,0.7000000000,102,112,100,112,103,113
2435,neighbor,True,PASS_IMPLEMENTED_PROJECT_CHECKS,9207.4725000000,9064.9455000000,0.2500000000,0.5000000000,0.3000000000,3.0000000000,0.7000000000,102,112,103,113,103,113
2436,neighbor,True,PASS_IMPLEMENTED_PROJECT_CHECKS,10022.8380000000,9064.9455000000,0.2500000000,0.5000000000,0.3000000000,3.0000000000,0.7000000000,102,112,100,111,103,110
2437,neighbor,True,PASS_IMPLEMENTED_PROJECT_CHECKS,9253.6317500000,9064.9455000000,0.2250000000,0.5000000000,0.3000000000,3.0000000000,0.7000000000,103,113,100,111,103,113
2438,neighbor,False,MINIMUM_MAIN_STEEL,999999999.0000000000,9064.9455000000,0.2500000000,0.5500000000,0.4500000000,3.0000000000,0.5000000000,100,113,100,111,100,113
2439,neighbor,False,MINIMUM_MAIN_STEEL,999999999.0000000000,9064.9455000000,0.2500000000,0.4000000000,0.3000000000,3.0000000000,0.7000000000,100,111,100,111,103,113
2440,neighbor,False,MEMBER_FLEXURE,999999999.0000000000,9064.9455000000,0.2500000000,0.5000000000,0.3000000000,3.5000000000,0.6000000000,102,112,104,113,103,113
2441,neighbor,True,PASS_IMPLEMENTED_PROJECT_CHECKS,9080.2717800000,9064.9455000000,0.2500000000,0.5000000000,0.3000000000,3.0000000000,0.7000000000,102,112,100,111,101,110
2442,neighbor,True,PASS_IMPLEMENTED_PROJECT_CHECKS,9213.0255000000,9064.9455000000,0.2500000000,0.5000000000,0.3000000000,3.0000000000,0.7000000000,102,112,101,110,103,113
2443,neighbor,False,MAXIMUM_MAIN_STEEL,999999999.0000000000,9064.9455000000,0.2000000000,0.4500000000,0.3000000000,3.0000000000,0.7000000000,103,111,100,111,103,113
2444,neighbor,False,MAXIMUM_MAIN_STEEL,999999999.0000000000,9064.9455000000,0.2500000000,0.5000000000,0.3000000000,3.0000000000,0.7000000000,104,110,100,111,103,113
2445,neighbor,True,PASS_IMPLEMENTED_PROJECT_CHECKS,9064.9455000000,9064.9455000000,0.2500000000,0.5000000000,0.3000000000,3.0000000000,0.7000000000,102,112,100,111,103,113
2446,neighbor,False,MAXIMUM_MAIN_STEEL,999999999.0000000000,9064.9455000000,0.2500000000,0.5000000000,0.3000000000,3.0000000000,0.7000000000,102,112,100,111,104,110
2447,neighbor,False,MINIMUM_MAIN_STEEL,999999999.0000000000,9064.9455000000,0.2500000000,0.5000000000,0.4500000000,2.5000000000,0.6000000000,102,112,103,111,100,111
2448,neighbor,True,PASS_IMPLEMENTED_PROJECT_CHECKS,9064.9455000000,9064.9455000000,0.2500000000,0.5000000000,0.3000000000,3.0000000000,0.7000000000,102,112,100,111,103,113
2449,neighbor,True,PASS_IMPLEMENTED_PROJECT_CHECKS,9080.2717800000,9064.9455000000,0.2500000000,0.5000000000,0.3000000000,3.0000000000,0.7000000000,102,112,100,111,101,110
2450,neighbor,False,MINIMUM_MAIN_STEEL,999999999.0000000000,9064.9455000000,0.2500000000,0.5000000000,0.3000000000,3.0000000000,0.7000000000,102,112,100,113,103,113
2451,neighbor,False,MAXIMUM_MAIN_STEEL,999999999.0000000000,9064.9455000000,0.2500000000,0.5000000000,0.3000000000,3.0000000000,0.7000000000,104,111,100,111,103,113
2452,neighbor,True,PASS_IMPLEMENTED_PROJECT_CHECKS,9521.5255000000,9064.9455000000,0.2500000000,0.5000000000,0.3000000000,3.0000000000,0.7000000000,102,111,100,111,103,113
2453,neighbor,True,PASS_IMPLEMENTED_PROJECT_CHECKS,9521.5255000000,9064.9455000000,0.2500000000,0.5000000000,0.3000000000,3.0000000000,0.7000000000,102,111,100,111,103,113
2454,neighbor,True,PASS_IMPLEMENTED_PROJECT_CHECKS,10702.5792500000,9064.9455000000,0.2750000000,0.5000000000,0.3000000000,3.0000000000,0.7000000000,103,111,100,111,103,113
2455,neighbor,True,PASS_IMPLEMENTED_PROJECT_CHECKS,10226.1471500000,9064.9455000000,0.2250000000,0.5000000000,0.3000000000,3.0000000000,0.7000000000,104,112,100,111,103,113
2456,neighbor,False,MINIMUM_MAIN_STEEL,999999999.0000000000,9064.9455000000,0.2250000000,0.4500000000,0.4500000000,3.5000000000,0.5000000000,100,111,103,110,104,113
2457,neighbor,True,PASS_IMPLEMENTED_PROJECT_CHECKS,10754.4386700000,9064.9455000000,0.2500000000,0.5000000000,0.5500000000,3.0000000000,0.9000000000,102,112,102,113,101,110
2458,neighbor,False,MEMBER_FLEXURE,999999999.0000000000,9064.9455000000,0.2500000000,0.5000000000,0.3000000000,3.5000000000,0.6000000000,102,112,100,110,103,113
2459,neighbor,False,MINIMUM_MAIN_STEEL,999999999.0000000000,9064.9455000000,0.2500000000,0.5000000000,0.3000000000,3.0000000000,0.7000000000,100,111,100,111,103,113
2460,neighbor,False,MINIMUM_MAIN_STEEL,999999999.0000000000,9064.9455000000,0.2500000000,0.5000000000,0.3000000000,3.5000000000,0.5000000000,100,112,103,110,100,111
2461,neighbor,False,MINIMUM_MAIN_STEEL,999999999.0000000000,9064.9455000000,0.2500000000,0.5000000000,0.3000000000,3.0000000000,0.7000000000,102,113,100,111,103,113
2462,neighbor,False,MAXIMUM_MAIN_STEEL,999999999.0000000000,9064.9455000000,0.2500000000,0.6000000000,0.5500000000,3.5000000000,0.5000000000,104,111,103,112,103,111
2463,neighbor,False,ENVELOPE_BASE_CONTACT,999999999.0000000000,9064.9455000000,0.2500000000,0.5000000000,0.3000000000,2.5000000000,0.7000000000,102,112,102,111,100,110
2464,neighbor,True,PASS_IMPLEMENTED_PROJECT_CHECKS,9134.0495000000,9064.9455000000,0.2500000000,0.5000000000,0.3000000000,3.0000000000,0.7000000000,102,112,101,111,103,113
2465,neighbor,False,MINIMUM_MAIN_STEEL,999999999.0000000000,9064.9455000000,0.2000000000,0.4500000000,0.5000000000,3.0000000000,0.8000000000,104,110,100,113,103,111
2466,neighbor,False,STEM_STRESS_OR_INTERVAL_BOUND,999999999.0000000000,9064.9455000000,0.2000000000,0.4500000000,0.3000000000,3.0000000000,0.7000000000,101,111,100,111,103,113
2467,neighbor,False,MAXIMUM_MAIN_STEEL,999999999.0000000000,9064.9455000000,0.2500000000,0.5000000000,0.3000000000,3.0000000000,0.7000000000,103,110,100,111,103,113
2468,neighbor,False,ENVELOPE_BASE_CONTACT,999999999.0000000000,9064.9455000000,0.3000000000,0.6000000000,0.5500000000,2.5000000000,0.9000000000,103,112,102,113,103,113
2469,neighbor,False,MINIMUM_MAIN_STEEL,999999999.0000000000,9064.9455000000,0.2500000000,0.5000000000,0.3000000000,3.5000000000,0.5000000000,102,112,104,112,100,112
2470,neighbor,False,MINIMUM_MAIN_STEEL,999999999.0000000000,9064.9455000000,0.2500000000,0.5000000000,0.3000000000,3.0000000000,0.7000000000,100,113,100,111,103,113
2471,neighbor,True,PASS_IMPLEMENTED_PROJECT_CHECKS,10379.8959000000,9064.9455000000,0.2500000000,0.5000000000,0.3000000000,3.0000000000,0.7000000000,104,112,100,111,103,113
2472,neighbor,False,MINIMUM_MAIN_STEEL,999999999.0000000000,9064.9455000000,0.2250000000,0.5000000000,0.5500000000,3.0000000000,0.7000000000,101,111,100,110,104,112
2473,neighbor,False,MINIMUM_MAIN_STEEL,999999999.0000000000,9064.9455000000,0.2500000000,0.5000000000,0.3000000000,3.0000000000,0.8000000000,102,112,100,112,103,112
2474,neighbor,False,MINIMUM_MAIN_STEEL,999999999.0000000000,9064.9455000000,0.2500000000,0.5000000000,0.3000000000,3.0000000000,0.7000000000,102,112,100,111,100,113
2475,neighbor,False,MEMBER_FLEXURE,999999999.0000000000,9064.9455000000,0.2500000000,0.5000000000,0.3500000000,3.5000000000,0.9000000000,102,112,103,113,100,111
2476,neighbor,False,MAXIMUM_MAIN_STEEL,999999999.0000000000,9064.9455000000,0.2500000000,0.4500000000,0.3000000000,3.5000000000,0.5000000000,104,111,101,111,103,112
2477,neighbor,False,MINIMUM_MAIN_STEEL,999999999.0000000000,9064.9455000000,0.2250000000,0.6000000000,0.3000000000,3.0000000000,0.8000000000,101,110,100,113,104,113
2478,neighbor,False,STEM_STRESS_OR_INTERVAL_BOUND,999999999.0000000000,9064.9455000000,0.2000000000,0.4000000000,0.3500000000,3.0000000000,0.8000000000,102,112,101,112,103,113
2479,neighbor,False,MINIMUM_MAIN_STEEL,999999999.0000000000,9064.9455000000,0.2250000000,0.5500000000,0.5500000000,3.5000000000,0.7000000000,101,112,100,111,103,110
2480,neighbor,False,MINIMUM_MAIN_STEEL,999999999.0000000000,9064.9455000000,0.2750000000,0.6000000000,0.3000000000,3.0000000000,0.7000000000,100,112,100,111,103,113
2481,neighbor,False,MINIMUM_MAIN_STEEL,999999999.0000000000,9064.9455000000,0.2000000000,0.4000000000,0.3000000000,2.5000000000,0.7000000000,100,112,104,112,104,110
2482,neighbor,True,PASS_IMPLEMENTED_PROJECT_CHECKS,9490.6755000000,9064.9455000000,0.2500000000,0.5000000000,0.3000000000,3.0000000000,0.7000000000,102,112,100,111,103,111
2483,neighbor,False,MAXIMUM_MAIN_STEEL,999999999.0000000000,9064.9455000000,0.2500000000,0.5000000000,0.3000000000,3.0000000000,0.7000000000,104,111,100,111,103,113
2484,neighbor,True,PASS_IMPLEMENTED_PROJECT_CHECKS,9064.9455000000,9064.9455000000,0.2500000000,0.5000000000,0.3000000000,3.0000000000,0.7000000000,102,112,100,111,103,113
2485,neighbor,True,PASS_IMPLEMENTED_PROJECT_CHECKS,9842.9578200000,9064.9455000000,0.2500000000,0.5000000000,0.3000000000,3.0000000000,0.7000000000,104,113,100,111,103,113
2486,neighbor,True,PASS_IMPLEMENTED_PROJECT_CHECKS,9161.1975000000,9064.9455000000,0.2500000000,0.5000000000,0.3000000000,3.0000000000,0.7000000000,102,112,102,112,103,113
2487,neighbor,False,MEMBER_FLEXURE,999999999.0000000000,9064.9455000000,0.2500000000,0.5000000000,0.3000000000,3.0000000000,0.7000000000,102,112,100,111,100,111
2488,neighbor,False,STEM_STRESS_OR_INTERVAL_BOUND,999999999.0000000000,9064.9455000000,0.2750000000,0.4500000000,0.3000000000,3.0000000000,0.7000000000,101,111,100,111,103,113
2489,neighbor,False,MINIMUM_MAIN_STEEL,999999999.0000000000,9064.9455000000,0.2500000000,0.5000000000,0.3000000000,3.0000000000,0.7000000000,100,112,100,111,103,113
2490,neighbor,False,MINIMUM_MAIN_STEEL,999999999.0000000000,9064.9455000000,0.2000000000,0.6000000000,0.5500000000,3.0000000000,0.9000000000,100,112,101,113,103,113
2491,neighbor,False,MINIMUM_MAIN_STEEL,999999999.0000000000,9064.9455000000,0.2500000000,0.5000000000,0.3000000000,3.0000000000,0.7000000000,100,112,100,111,103,113
2492,neighbor,False,MINIMUM_MAIN_STEEL,999999999.0000000000,9064.9455000000,0.2250000000,0.6000000000,0.3000000000,3.0000000000,0.7000000000,100,110,100,111,103,113
2493,neighbor,False,MINIMUM_MAIN_STEEL,999999999.0000000000,9064.9455000000,0.2500000000,0.4500000000,0.3000000000,3.0000000000,0.6000000000,102,110,100,113,104,113
2494,neighbor,True,PASS_IMPLEMENTED_PROJECT_CHECKS,9694.7294900000,9064.9455000000,0.2500000000,0.4000000000,0.3000000000,3.0000000000,0.8000000000,103,112,101,112,103,111
2495,neighbor,False,ENVELOPE_BASE_CONTACT,999999999.0000000000,9064.9455000000,0.2500000000,0.5000000000,0.5500000000,2.5000000000,0.9000000000,102,112,104,112,102,110
2496,neighbor,True,PASS_IMPLEMENTED_PROJECT_CHECKS,10822.6321500000,9064.9455000000,0.2750000000,0.5500000000,0.3000000000,3.0000000000,0.7000000000,104,112,100,111,103,113
2497,neighbor,True,PASS_IMPLEMENTED_PROJECT_CHECKS,9064.9455000000,9064.9455000000,0.2500000000,0.5000000000,0.3000000000,3.0000000000,0.7000000000,102,112,100,111,103,113
2498,neighbor,True,PASS_IMPLEMENTED_PROJECT_CHECKS,9361.7225000000,9064.9455000000,0.2500000000,0.5000000000,0.3000000000,3.0000000000,0.7000000000,102,112,103,111,103,113
2499,neighbor,True,PASS_IMPLEMENTED_PROJECT_CHECKS,10976.3809000000,9064.9455000000,0.3000000000,0.5500000000,0.3000000000,3.0000000000,0.7000000000,104,112,100,111,103,113
2500,neighbor,True,PASS_IMPLEMENTED_PROJECT_CHECKS,9207.4725000000,9064.9455000000,0.2500000000,0.5000000000,0.3000000000,3.0000000000,0.7000000000,102,112,103,113,103,113
2501,neighbor,False,MAXIMUM_MAIN_STEEL,999999999.0000000000,9064.9455000000,0.2500000000,0.5000000000,0.3000000000,3.0000000000,0.7000000000,104,110,100,111,103,113
2502,neighbor,False,MINIMUM_MAIN_STEEL,999999999.0000000000,9064.9455000000,0.2500000000,0.5000000000,0.3000000000,3.0000000000,0.8000000000,102,112,100,112,103,111
2503,neighbor,False,MINIMUM_MAIN_STEEL,999999999.0000000000,9064.9455000000,0.2250000000,0.4000000000,0.3000000000,3.0000000000,0.7000000000,101,113,100,111,103,113
2504,neighbor,True,PASS_IMPLEMENTED_PROJECT_CHECKS,11582.2902000000,9064.9455000000,0.3000000000,0.5000000000,0.3000000000,3.0000000000,0.7000000000,104,111,100,111,103,113
2505,neighbor,True,PASS_IMPLEMENTED_PROJECT_CHECKS,9338.8935000000,9064.9455000000,0.2500000000,0.5000000000,0.3000000000,3.0000000000,0.7000000000,102,112,104,112,103,113
2506,neighbor,True,PASS_IMPLEMENTED_PROJECT_CHECKS,9459.8255000000,9064.9455000000,0.2500000000,0.5000000000,0.3000000000,3.0000000000,0.7000000000,102,112,104,111,103,113
2507,neighbor,False,MINIMUM_MAIN_STEEL,999999999.0000000000,9064.9455000000,0.2500000000,0.5000000000,0.3000000000,3.0000000000,0.7000000000,102,112,100,111,100,113
2508,neighbor,True,PASS_IMPLEMENTED_PROJECT_CHECKS,10281.9259900000,9064.9455000000,0.2500000000,0.5000000000,0.3500000000,3.0000000000,0.5000000000,102,112,102,112,104,111
2509,neighbor,True,PASS_IMPLEMENTED_PROJECT_CHECKS,10822.6321500000,9064.9455000000,0.2750000000,0.5500000000,0.3000000000,3.0000000000,0.7000000000,104,112,100,111,103,113
2510,neighbor,True,PASS_IMPLEMENTED_PROJECT_CHECKS,10434.6855000000,9064.9455000000,0.2500000000,0.5000000000,0.3000000000,3.0000000000,0.7000000000,102,110,100,111,103,113
2511,neighbor,False,MEMBER_FLEXURE,999999999.0000000000,9064.9455000000,0.2500000000,0.5000000000,0.3000000000,3.0000000000,0.7000000000,102,112,100,111,101,111
2512,neighbor,True,PASS_IMPLEMENTED_PROJECT_CHECKS,12572.1280000000,9064.9455000000,0.3000000000,0.5500000000,0.3000000000,3.0000000000,0.7000000000,103,110,100,111,103,113
2513,neighbor,True,PASS_IMPLEMENTED_PROJECT_CHECKS,10434.6855000000,9064.9455000000,0.2500000000,0.5000000000,0.3000000000,3.0000000000,0.7000000000,102,110,100,111,103,113
2514,neighbor,False,MEMBER_FLEXURE,999999999.0000000000,9064.9455000000,0.2500000000,0.4500000000,0.3000000000,3.0000000000,0.7000000000,103,113,100,111,103,113
2515,neighbor,False,MEMBER_FLEXURE,999999999.0000000000,9064.9455000000,0.3000000000,0.4000000000,0.3000000000,3.0000000000,0.7000000000,103,112,100,111,103,113
2516,neighbor,False,STEM_STRESS_OR_INTERVAL_BOUND,999999999.0000000000,9064.9455000000,0.2000000000,0.4500000000,0.3000000000,3.0000000000,0.7000000000,101,111,100,111,103,113
2517,neighbor,False,MINIMUM_MAIN_STEEL,999999999.0000000000,9064.9455000000,0.2750000000,0.5500000000,0.3000000000,3.5000000000,0.8000000000,101,113,103,113,100,112
2518,neighbor,False,MEMBER_FLEXURE,999999999.0000000000,9064.9455000000,0.2500000000,0.5000000000,0.3000000000,3.0000000000,0.7000000000,102,112,100,111,101,112
2519,neighbor,False,MINIMUM_MAIN_STEEL,999999999.0000000000,9064.9455000000,0.2000000000,0.5000000000,0.3000000000,3.5000000000,0.8000000000,100,110,100,112,102,112
2520,neighbor,True,PASS_IMPLEMENTED_PROJECT_CHECKS,9521.5255000000,9064.9455000000,0.2500000000,0.5000000000,0.3000000000,3.0000000000,0.7000000000,102,111,100,111,103,113
2521,neighbor,False,MINIMUM_MAIN_STEEL,999999999.0000000000,9064.9455000000,0.2500000000,0.5000000000,0.3000000000,3.0000000000,0.7000000000,100,112,100,111,103,113
2522,neighbor,False,MEMBER_FLEXURE,999999999.0000000000,9064.9455000000,0.2500000000,0.5000000000,0.3000000000,3.5000000000,0.9000000000,102,112,102,112,100,111
2523,neighbor,True,PASS_IMPLEMENTED_PROJECT_CHECKS,9107.5185000000,9064.9455000000,0.2500000000,0.5000000000,0.3000000000,3.0000000000,0.7000000000,102,112,100,111,102,111
2524,neighbor,False,MINIMUM_MAIN_STEEL,999999999.0000000000,9064.9455000000,0.2500000000,0.5000000000,0.3000000000,3.0000000000,0.7000000000,102,112,101,113,100,112
2525,neighbor,True,PASS_IMPLEMENTED_PROJECT_CHECKS,10033.8031420000,9064.9455000000,0.2500000000,0.5000000000,0.3500000000,3.0000000000,0.8000000000,102,112,101,113,104,111
2526,neighbor,False,MEMBER_FLEXURE,999999999.0000000000,9064.9455000000,0.2500000000,0.5000000000,0.4000000000,3.5000000000,0.7000000000,102,112,102,111,102,113
2527,neighbor,False,MEMBER_FLEXURE,999999999.0000000000,9064.9455000000,0.2500000000,0.5000000000,0.3000000000,3.5000000000,0.6000000000,102,112,103,111,100,110
2528,neighbor,True,PASS_IMPLEMENTED_PROJECT_CHECKS,9978.1965700000,9064.9455000000,0.2250000000,0.5500000000,0.3000000000,3.0000000000,0.7000000000,104,113,100,111,103,113
2529,neighbor,False,MINIMUM_MAIN_STEEL,999999999.0000000000,9064.9455000000,0.2500000000,0.5000000000,0.3000000000,3.0000000000,0.7000000000,101,113,100,111,103,113
2530,neighbor,False,MEMBER_FLEXURE,999999999.0000000000,9064.9455000000,0.2750000000,0.4500000000,0.3000000000,3.0000000000,0.7000000000,101,110,100,111,103,113
2531,neighbor,False,MINIMUM_MAIN_STEEL,999999999.0000000000,9064.9455000000,0.2500000000,0.5000000000,0.3000000000,3.0000000000,0.7000000000,100,112,100,111,103,113
2532,neighbor,True,PASS_IMPLEMENTED_PROJECT_CHECKS,9064.9455000000,9064.9455000000,0.2500000000,0.5000000000,0.3000000000,3.0000000000,0.7000000000,102,112,100,111,103,113
2533,neighbor,True,PASS_IMPLEMENTED_PROJECT_CHECKS,9761.4397800000,9064.9455000000,0.2500000000,0.5000000000,0.3000000000,3.0000000000,0.7000000000,102,112,100,111,104,111
2534,neighbor,False,MINIMUM_MAIN_STEEL,999999999.0000000000,9064.9455000000,0.2750000000,0.5500000000,0.3000000000,3.0000000000,0.7000000000,100,113,100,111,103,113
2535,neighbor,False,ENVELOPE_BASE_CONTACT,999999999.0000000000,9064.9455000000,0.2500000000,0.5000000000,0.3000000000,2.5000000000,0.8000000000,102,112,103,110,103,112
2536,neighbor,True,PASS_IMPLEMENTED_PROJECT_CHECKS,9389.4072900000,9064.9455000000,0.2500000000,0.5000000000,0.3000000000,3.0000000000,0.5000000000,102,112,101,110,103,112
2537,neighbor,False,MINIMUM_MAIN_STEEL,999999999.0000000000,9064.9455000000,0.3000000000,0.5000000000,0.3000000000,3.5000000000,0.8000000000,102,111,100,112,102,112
2538,neighbor,False,MINIMUM_MAIN_STEEL,999999999.0000000000,9064.9455000000,0.2750000000,0.5000000000,0.5500000000,2.5000000000,0.5000000000,103,112,101,111,100,111
2539,neighbor,False,MINIMUM_MAIN_STEEL,999999999.0000000000,9064.9455000000,0.2500000000,0.5000000000,0.3000000000,3.0000000000,0.7000000000,101,113,100,111,103,113
2540,neighbor,True,PASS_IMPLEMENTED_PROJECT_CHECKS,9064.9455000000,9064.9455000000,0.2500000000,0.5000000000,0.3000000000,3.0000000000,0.7000000000,102,112,100,111,103,113
2541,neighbor,False,MINIMUM_MAIN_STEEL,999999999.0000000000,9064.9455000000,0.3000000000,0.5500000000,0.5500000000,3.5000000000,0.5000000000,101,110,100,111,101,110
2542,neighbor,False,MAXIMUM_MAIN_STEEL,999999999.0000000000,9064.9455000000,0.2500000000,0.5000000000,0.3000000000,3.5000000000,0.9000000000,102,112,102,112,104,110
2543,neighbor,False,MINIMUM_MAIN_STEEL,999999999.0000000000,9064.9455000000,0.2500000000,0.5000000000,0.3000000000,3.0000000000,0.7000000000,102,112,100,113,103,113
2544,neighbor,False,MINIMUM_MAIN_STEEL,999999999.0000000000,9064.9455000000,0.2250000000,0.5000000000,0.3000000000,3.5000000000,0.7000000000,102,113,100,111,101,112
2545,neighbor,False,MINIMUM_MAIN_STEEL,999999999.0000000000,9064.9455000000,0.2500000000,0.5000000000,0.3000000000,3.0000000000,0.7000000000,101,112,100,111,103,113
2546,neighbor,True,PASS_IMPLEMENTED_PROJECT_CHECKS,9064.9455000000,9064.9455000000,0.2500000000,0.5000000000,0.3000000000,3.0000000000,0.7000000000,102,112,100,111,103,113
2547,neighbor,False,MINIMUM_MAIN_STEEL,999999999.0000000000,9064.9455000000,0.2500000000,0.5000000000,0.3000000000,3.0000000000,0.7000000000,102,112,100,112,103,113
2548,neighbor,True,PASS_IMPLEMENTED_PROJECT_CHECKS,9594.7607500000,9064.9455000000,0.2500000000,0.5000000000,0.3500000000,3.0000000000,0.8000000000,102,112,103,111,102,112
2549,neighbor,True,PASS_IMPLEMENTED_PROJECT_CHECKS,9222.8975000000,9064.9455000000,0.2500000000,0.5000000000,0.3000000000,3.0000000000,0.7000000000,102,112,102,111,103,113
2550,neighbor,False,MINIMUM_MAIN_STEEL,999999999.0000000000,9064.9455000000,0.2750000000,0.5000000000,0.3000000000,2.5000000000,0.9000000000,102,113,104,113,104,110
2551,neighbor,True,PASS_IMPLEMENTED_PROJECT_CHECKS,9064.9455000000,9064.9455000000,0.2500000000,0.5000000000,0.3000000000,3.0000000000,0.7000000000,102,112,100,111,103,113
2552,neighbor,True,PASS_IMPLEMENTED_PROJECT_CHECKS,9891.2089500000,9064.9455000000,0.2750000000,0.5500000000,0.3000000000,3.0000000000,0.7000000000,101,110,100,111,103,113
2553,neighbor,True,PASS_IMPLEMENTED_PROJECT_CHECKS,9842.9578200000,9064.9455000000,0.2500000000,0.5000000000,0.3000000000,3.0000000000,0.7000000000,104,113,100,111,103,113
2554,neighbor,False,MINIMUM_MAIN_STEEL,999999999.0000000000,9064.9455000000,0.3000000000,0.5000000000,0.3000000000,3.0000000000,0.7000000000,101,112,100,111,103,113
2555,neighbor,False,MAXIMUM_MAIN_STEEL,999999999.0000000000,9064.9455000000,0.2500000000,0.5000000000,0.3000000000,3.0000000000,0.7000000000,104,110,100,111,103,113
2556,neighbor,True,PASS_IMPLEMENTED_PROJECT_CHECKS,10379.8959000000,9064.9455000000,0.2500000000,0.5000000000,0.3000000000,3.0000000000,0.7000000000,104,112,100,111,103,113
2557,neighbor,True,PASS_IMPLEMENTED_PROJECT_CHECKS,10124.4117500000,9064.9455000000,0.2500000000,0.5500000000,0.3000000000,3.0000000000,0.7000000000,103,112,100,111,103,113
2558,neighbor,False,MINIMUM_MAIN_STEEL,999999999.0000000000,9064.9455000000,0.3000000000,0.5000000000,0.3000000000,3.0000000000,0.7000000000,100,110,100,111,103,113
2559,neighbor,False,MINIMUM_MAIN_STEEL,999999999.0000000000,9064.9455000000,0.2500000000,0.5000000000,0.3000000000,3.0000000000,0.7000000000,101,112,100,111,103,113
2560,neighbor,False,MINIMUM_MAIN_STEEL,999999999.0000000000,9064.9455000000,0.3000000000,0.5500000000,0.5000000000,3.0000000000,0.5000000000,100,112,100,110,100,113
2561,neighbor,False,MAXIMUM_MAIN_STEEL,999999999.0000000000,9064.9455000000,0.2000000000,0.5000000000,0.3000000000,3.5000000000,0.7000000000,102,110,102,112,102,111
2562,neighbor,True,PASS_IMPLEMENTED_PROJECT_CHECKS,9224.5942500000,9064.9455000000,0.2500000000,0.5000000000,0.3000000000,3.0000000000,0.7000000000,102,112,100,111,103,112
2563,neighbor,True,PASS_IMPLEMENTED_PROJECT_CHECKS,9070.8687000000,9064.9455000000,0.2500000000,0.5000000000,0.3000000000,3.0000000000,0.7000000000,102,112,101,113,103,113
2564,neighbor,False,MINIMUM_MAIN_STEEL,999999999.0000000000,9064.9455000000,0.2500000000,0.5000000000,0.3000000000,3.0000000000,0.7000000000,100,111,100,111,103,113
2565,neighbor,False,MEMBER_FLEXURE,999999999.0000000000,9064.9455000000,0.2500000000,0.5000000000,0.3000000000,3.5000000000,0.7000000000,102,112,101,112,101,112
2566,neighbor,False,MINIMUM_MAIN_STEEL,999999999.0000000000,9064.9455000000,0.2750000000,0.4000000000,0.3000000000,2.5000000000,0.9000000000,100,112,100,111,101,113
2567,neighbor,False,STEM_STRESS_OR_INTERVAL_BOUND,999999999.0000000000,9064.9455000000,0.3000000000,0.4000000000,0.3000000000,3.0000000000,0.7000000000,103,113,100,111,103,113
2568,neighbor,False,MEMBER_FLEXURE,999999999.0000000000,9064.9455000000,0.2500000000,0.5000000000,0.3000000000,3.0000000000,0.7000000000,102,112,100,111,100,110
2569,neighbor,False,MAXIMUM_MAIN_STEEL,999999999.0000000000,9064.9455000000,0.2000000000,0.6000000000,0.3000000000,3.0000000000,0.7000000000,103,110,100,111,103,113
2570,neighbor,True,PASS_IMPLEMENTED_PROJECT_CHECKS,9761.4397800000,9064.9455000000,0.2500000000,0.5000000000,0.3000000000,3.0000000000,0.7000000000,102,112,100,111,104,111
2571,neighbor,True,PASS_IMPLEMENTED_PROJECT_CHECKS,9835.4242500000,9064.9455000000,0.2500000000,0.5000000000,0.3000000000,3.0000000000,0.7000000000,103,112,100,111,103,113
2572,neighbor,False,MINIMUM_MAIN_STEEL,999999999.0000000000,9064.9455000000,0.2500000000,0.5500000000,0.3000000000,3.0000000000,0.7000000000,100,113,100,111,103,113
2573,neighbor,False,MINIMUM_MAIN_STEEL,999999999.0000000000,9064.9455000000,0.2500000000,0.5000000000,0.3000000000,3.0000000000,0.7000000000,101,112,100,111,103,113
2574,neighbor,False,MINIMUM_MAIN_STEEL,999999999.0000000000,9064.9455000000,0.2500000000,0.5000000000,0.3000000000,3.0000000000,0.7000000000,101,112,100,111,103,113
2575,neighbor,True,PASS_IMPLEMENTED_PROJECT_CHECKS,9835.4242500000,9064.9455000000,0.2500000000,0.5000000000,0.3000000000,3.0000000000,0.7000000000,103,112,100,111,103,113
2576,neighbor,False,ENVELOPE_BASE_CONTACT,999999999.0000000000,9064.9455000000,0.2500000000,0.5000000000,0.3000000000,2.5000000000,0.6000000000,102,112,101,113,103,111
2577,neighbor,True,PASS_IMPLEMENTED_PROJECT_CHECKS,10022.8380000000,9064.9455000000,0.2500000000,0.5000000000,0.3000000000,3.0000000000,0.7000000000,102,112,100,111,103,110
2578,neighbor,False,MINIMUM_MAIN_STEEL,999999999.0000000000,9064.9455000000,0.2250000000,0.4500000000,0.3000000000,3.5000000000,0.8000000000,100,112,101,112,100,113
2579,neighbor,False,MAXIMUM_MAIN_STEEL,999999999.0000000000,9064.9455000000,0.2500000000,0.5000000000,0.5500000000,3.5000000000,0.6000000000,104,111,104,110,101,111
2580,neighbor,False,MEMBER_FLEXURE,999999999.0000000000,9064.9455000000,0.2500000000,0.5000000000,0.3000000000,3.0000000000,0.7000000000,102,112,100,111,102,112
2581,neighbor,False,MAXIMUM_MAIN_STEEL,999999999.0000000000,9064.9455000000,0.2500000000,0.5000000000,0.3000000000,3.0000000000,0.7000000000,104,110,100,111,103,113
2582,neighbor,True,PASS_IMPLEMENTED_PROJECT_CHECKS,9490.6755000000,9064.9455000000,0.2500000000,0.5000000000,0.3000000000,3.0000000000,0.7000000000,102,112,100,111,103,111
2583,neighbor,False,MINIMUM_MAIN_STEEL,999999999.0000000000,9064.9455000000,0.2750000000,0.5500000000,0.3000000000,3.0000000000,0.7000000000,102,113,100,111,103,113
2584,neighbor,True,PASS_IMPLEMENTED_PROJECT_CHECKS,13094.9219940000,9064.9455000000,0.2250000000,0.6000000000,0.5000000000,3.0000000000,0.7000000000,104,113,102,110,104,110
2585,neighbor,True,PASS_IMPLEMENTED_PROJECT_CHECKS,10548.8305000000,9064.9455000000,0.2500000000,0.5000000000,0.3000000000,3.0000000000,0.7000000000,103,111,100,111,103,113
2586,neighbor,True,PASS_IMPLEMENTED_PROJECT_CHECKS,9554.5350000000,9064.9455000000,0.2500000000,0.5000000000,0.3000000000,3.0000000000,0.7000000000,102,112,103,110,103,113
2587,neighbor,True,PASS_IMPLEMENTED_PROJECT_CHECKS,9892.9432500000,9064.9455000000,0.2500000000,0.5000000000,0.3000000000,3.5000000000,0.7000000000,102,112,100,110,103,112
2588,neighbor,True,PASS_IMPLEMENTED_PROJECT_CHECKS,9554.5350000000,9064.9455000000,0.2500000000,0.5000000000,0.3000000000,3.0000000000,0.7000000000,102,112,103,110,103,113
2589,neighbor,True,PASS_IMPLEMENTED_PROJECT_CHECKS,9213.0255000000,9064.9455000000,0.2500000000,0.5000000000,0.3000000000,3.0000000000,0.7000000000,102,112,101,110,103,113
2590,neighbor,True,PASS_IMPLEMENTED_PROJECT_CHECKS,10124.4117500000,9064.9455000000,0.2500000000,0.5500000000,0.3000000000,3.0000000000,0.7000000000,103,112,100,111,103,113
2591,neighbor,False,MAXIMUM_MAIN_STEEL,999999999.0000000000,9064.9455000000,0.2500000000,0.5000000000,0.3000000000,3.0000000000,0.7000000000,104,111,100,111,103,113
2592,neighbor,True,PASS_IMPLEMENTED_PROJECT_CHECKS,9064.9455000000,9064.9455000000,0.2500000000,0.5000000000,0.3000000000,3.0000000000,0.7000000000,102,112,100,111,103,113
2593,neighbor,True,PASS_IMPLEMENTED_PROJECT_CHECKS,9265.3162500000,9064.9455000000,0.2500000000,0.5000000000,0.3000000000,3.0000000000,0.7000000000,102,112,103,112,103,113
2594,neighbor,True,PASS_IMPLEMENTED_PROJECT_CHECKS,9222.8975000000,9064.9455000000,0.2500000000,0.5000000000,0.3000000000,3.0000000000,0.7000000000,102,112,102,111,103,113
2595,neighbor,True,PASS_IMPLEMENTED_PROJECT_CHECKS,9521.5255000000,9064.9455000000,0.2500000000,0.5000000000,0.3000000000,3.0000000000,0.7000000000,102,111,100,111,103,113
2596,neighbor,False,MINIMUM_MAIN_STEEL,999999999.0000000000,9064.9455000000,0.2500000000,0.5000000000,0.3000000000,3.0000000000,0.7000000000,101,112,100,111,103,113
2597,neighbor,False,MINIMUM_MAIN_STEEL,999999999.0000000000,9064.9455000000,0.2750000000,0.4000000000,0.4500000000,3.0000000000,0.5000000000,101,112,101,112,104,110
2598,neighbor,True,PASS_IMPLEMENTED_PROJECT_CHECKS,9521.5255000000,9064.9455000000,0.2500000000,0.5000000000,0.3000000000,3.0000000000,0.7000000000,102,111,100,111,103,113
2599,neighbor,True,PASS_IMPLEMENTED_PROJECT_CHECKS,10548.8305000000,9064.9455000000,0.2500000000,0.5000000000,0.3000000000,3.0000000000,0.7000000000,103,111,100,111,103,113
2600,neighbor,True,PASS_IMPLEMENTED_PROJECT_CHECKS,9538.1351400000,9064.9455000000,0.2500000000,0.5000000000,0.3000000000,3.0000000000,0.5000000000,102,112,100,111,102,110
2601,neighbor,True,PASS_IMPLEMENTED_PROJECT_CHECKS,9831.6067500000,9064.9455000000,0.2250000000,0.6000000000,0.3000000000,3.0000000000,0.7000000000,103,113,100,111,103,113
2602,neighbor,True,PASS_IMPLEMENTED_PROJECT_CHECKS,11191.0476660000,9064.9455000000,0.2500000000,0.5000000000,0.4500000000,3.5000000000,0.6000000000,102,112,101,110,104,113
2603,neighbor,True,PASS_IMPLEMENTED_PROJECT_CHECKS,9064.9455000000,9064.9455000000,0.2500000000,0.5000000000,0.3000000000,3.0000000000,0.7000000000,102,112,100,111,103,113
2604,neighbor,False,MINIMUM_MAIN_STEEL,999999999.0000000000,9064.9455000000,0.2500000000,0.5000000000,0.3000000000,3.0000000000,0.7000000000,101,111,100,111,103,113
2605,neighbor,True,PASS_IMPLEMENTED_PROJECT_CHECKS,9207.4725000000,9064.9455000000,0.2500000000,0.5000000000,0.3000000000,3.0000000000,0.7000000000,102,112,103,113,103,113
2606,neighbor,False,MINIMUM_MAIN_STEEL,999999999.0000000000,9064.9455000000,0.2750000000,0.4000000000,0.3000000000,2.5000000000,0.9000000000,100,112,102,111,103,110
2607,neighbor,False,MINIMUM_MAIN_STEEL,999999999.0000000000,9064.9455000000,0.2500000000,0.5000000000,0.3000000000,3.5000000000,0.6000000000,102,112,100,112,101,110
2608,neighbor,False,MAXIMUM_MAIN_STEEL,999999999.0000000000,9064.9455000000,0.2500000000,0.5000000000,0.3000000000,3.0000000000,0.7000000000,104,110,100,111,103,113
2609,neighbor,False,MINIMUM_MAIN_STEEL,999999999.0000000000,9064.9455000000,0.2500000000,0.5000000000,0.3000000000,3.0000000000,0.7000000000,101,112,100,111,103,113
2610,neighbor,True,PASS_IMPLEMENTED_PROJECT_CHECKS,9161.1975000000,9064.9455000000,0.2500000000,0.5000000000,0.3000000000,3.0000000000,0.7000000000,102,112,102,112,103,113
2611,neighbor,False,MINIMUM_MAIN_STEEL,999999999.0000000000,9064.9455000000,0.2250000000,0.6000000000,0.3000000000,3.5000000000,0.5000000000,101,112,104,112,100,110
2612,neighbor,False,MEMBER_FLEXURE,999999999.0000000000,9064.9455000000,0.2000000000,0.4000000000,0.3000000000,3.5000000000,0.8000000000,101,110,104,112,101,111
2613,neighbor,False,MAXIMUM_MAIN_STEEL,999999999.0000000000,9064.9455000000,0.2500000000,0.5000000000,0.3000000000,3.0000000000,0.7000000000,104,111,100,111,103,113
2614,neighbor,True,PASS_IMPLEMENTED_PROJECT_CHECKS,9070.8687000000,9064.9455000000,0.2500000000,0.5000000000,0.3000000000,3.0000000000,0.7000000000,102,112,101,113,103,113
2615,neighbor,False,MEMBER_FLEXURE,999999999.0000000000,9064.9455000000,0.2500000000,0.5000000000,0.3000000000,3.0000000000,0.7000000000,102,112,100,111,102,113
2616,neighbor,False,MEMBER_FLEXURE,999999999.0000000000,9064.9455000000,0.2500000000,0.5000000000,0.3000000000,3.0000000000,0.7000000000,102,112,100,111,102,113
2617,neighbor,False,MEMBER_FLEXURE,999999999.0000000000,9064.9455000000,0.2750000000,0.4000000000,0.3000000000,3.0000000000,0.7000000000,101,110,100,111,103,113
2618,neighbor,True,PASS_IMPLEMENTED_PROJECT_CHECKS,9338.8935000000,9064.9455000000,0.2500000000,0.5000000000,0.3000000000,3.0000000000,0.7000000000,102,112,104,112,103,113
2619,neighbor,False,MAXIMUM_MAIN_STEEL,999999999.0000000000,9064.9455000000,0.2500000000,0.5000000000,0.3000000000,3.0000000000,0.7000000000,104,110,100,111,103,113
2620,neighbor,True,PASS_IMPLEMENTED_PROJECT_CHECKS,9266.3343000000,9064.9455000000,0.2500000000,0.5000000000,0.3000000000,3.0000000000,0.7000000000,102,112,104,113,103,113
2621,neighbor,False,MEMBER_FLEXURE,999999999.0000000000,9064.9455000000,0.2500000000,0.5000000000,0.3000000000,3.0000000000,0.7000000000,102,112,100,111,100,110
2622,neighbor,False,MINIMUM_MAIN_STEEL,999999999.0000000000,9064.9455000000,0.2500000000,0.5000000000,0.3000000000,3.0000000000,0.7000000000,100,111,100,111,103,113
2623,neighbor,True,PASS_IMPLEMENTED_PROJECT_CHECKS,9207.4725000000,9064.9455000000,0.2500000000,0.5000000000,0.3000000000,3.0000000000,0.7000000000,102,112,103,113,103,113
2624,neighbor,False,MINIMUM_MAIN_STEEL,999999999.0000000000,9064.9455000000,0.2500000000,0.5000000000,0.3000000000,3.0000000000,0.7000000000,102,112,100,111,100,113
2625,neighbor,False,MINIMUM_MAIN_STEEL,999999999.0000000000,9064.9455000000,0.2500000000,0.5000000000,0.3000000000,3.0000000000,0.7000000000,102,112,100,111,100,113
2626,neighbor,True,PASS_IMPLEMENTED_PROJECT_CHECKS,10379.8959000000,9064.9455000000,0.2500000000,0.5000000000,0.3000000000,3.0000000000,0.7000000000,104,112,100,111,103,113
2627,neighbor,False,MAXIMUM_MAIN_STEEL,999999999.0000000000,9064.9455000000,0.2750000000,0.4000000000,0.3000000000,3.0000000000,0.7000000000,104,110,100,111,103,113
2628,neighbor,False,MINIMUM_MAIN_STEEL,999999999.0000000000,9064.9455000000,0.2750000000,0.4500000000,0.5000000000,2.5000000000,0.8000000000,101,110,100,112,101,113
2629,neighbor,True,PASS_IMPLEMENTED_PROJECT_CHECKS,9554.5350000000,9064.9455000000,0.2500000000,0.5000000000,0.3000000000,3.0000000000,0.7000000000,102,112,103,110,103,113
2630,neighbor,False,MINIMUM_MAIN_STEEL,999999999.0000000000,9064.9455000000,0.2750000000,0.5500000000,0.5000000000,2.5000000000,0.5000000000,101,113,102,110,101,111
2631,neighbor,False,STEM_STRESS_OR_INTERVAL_BOUND,999999999.0000000000,9064.9455000000,0.2500000000,0.4500000000,0.3000000000,3.0000000000,0.7000000000,101,111,100,111,103,113
2632,neighbor,False,MINIMUM_MAIN_STEEL,999999999.0000000000,9064.9455000000,0.2000000000,0.6000000000,0.3000000000,3.0000000000,0.7000000000,100,112,100,111,103,113
2633,neighbor,False,MEMBER_FLEXURE,999999999.0000000000,9064.9455000000,0.2250000000,0.4000000000,0.3000000000,3.0000000000,0.7000000000,102,110,100,111,103,113
2634,neighbor,False,ENVELOPE_BASE_CONTACT,999999999.0000000000,9064.9455000000,0.2500000000,0.5000000000,0.3000000000,2.5000000000,0.8000000000,102,112,103,113,104,113
2635,neighbor,True,PASS_IMPLEMENTED_PROJECT_CHECKS,10598.6406800000,9064.9455000000,0.2500000000,0.5000000000,0.4000000000,3.5000000000,0.6000000000,102,112,101,110,101,110
2636,neighbor,False,MEMBER_FLEXURE,999999999.0000000000,9064.9455000000,0.2500000000,0.5000000000,0.3000000000,3.0000000000,0.7000000000,102,112,100,111,101,112
2637,neighbor,False,MEMBER_FLEXURE,999999999.0000000000,9064.9455000000,0.2500000000,0.5000000000,0.3500000000,3.5000000000,0.9000000000,102,112,102,110,101,111
2638,neighbor,False,MAXIMUM_MAIN_STEEL,999999999.0000000000,9064.9455000000,0.2500000000,0.5000000000,0.3000000000,3.0000000000,0.7000000000,102,112,100,111,104,110
2639,neighbor,False,STEM_STRESS_OR_INTERVAL_BOUND,999999999.0000000000,9064.9455000000,0.2000000000,0.4500000000,0.3000000000,3.0000000000,0.7000000000,102,112,100,111,103,113
2640,neighbor,True,PASS_IMPLEMENTED_PROJECT_CHECKS,9416.7095400000,9064.9455000000,0.2500000000,0.5000000000,0.3000000000,3.0000000000,0.9000000000,102,112,100,110,102,110
2641,neighbor,True,PASS_IMPLEMENTED_PROJECT_CHECKS,9266.3343000000,9064.9455000000,0.2500000000,0.5000000000,0.3000000000,3.0000000000,0.7000000000,102,112,104,113,103,113
2642,neighbor,False,MAXIMUM_MAIN_STEEL,999999999.0000000000,9064.9455000000,0.2250000000,0.5000000000,0.3000000000,3.0000000000,0.7000000000,104,110,100,111,103,113
2643,neighbor,True,PASS_IMPLEMENTED_PROJECT_CHECKS,10022.8380000000,9064.9455000000,0.2500000000,0.5000000000,0.3000000000,3.0000000000,0.7000000000,102,112,100,111,103,110
2644,neighbor,False,MEMBER_FLEXURE,999999999.0000000000,9064.9455000000,0.2500000000,0.5000000000,0.3000000000,3.0000000000,0.7000000000,102,112,104,111,101,113
2645,neighbor,False,MINIMUM_MAIN_STEEL,999999999.0000000000,9064.9455000000,0.2500000000,0.5000000000,0.3000000000,3.0000000000,0.7000000000,100,110,100,111,103,113
2646,neighbor,False,MINIMUM_MAIN_STEEL,999999999.0000000000,9064.9455000000,0.2250000000,0.5500000000,0.3000000000,3.0000000000,0.7000000000,102,112,100,111,103,113
2647,neighbor,True,PASS_IMPLEMENTED_PROJECT_CHECKS,9583.7114500000,9064.9455000000,0.2250000000,0.5500000000,0.3000000000,3.0000000000,0.7000000000,101,110,100,111,103,113
2648,neighbor,False,MINIMUM_MAIN_STEEL,999999999.0000000000,9064.9455000000,0.2250000000,0.4000000000,0.3000000000,3.0000000000,0.7000000000,100,111,100,111,103,113
2649,neighbor,False,MEMBER_FLEXURE,999999999.0000000000,9064.9455000000,0.2500000000,0.5000000000,0.3000000000,3.0000000000,0.7000000000,102,112,100,111,100,110
2650,neighbor,True,PASS_IMPLEMENTED_PROJECT_CHECKS,9696.3680000000,9064.9455000000,0.2500000000,0.5500000000,0.3000000000,3.0000000000,0.7000000000,103,113,100,111,103,113
2651,neighbor,False,MINIMUM_MAIN_STEEL,999999999.0000000000,9064.9455000000,0.2750000000,0.4500000000,0.5000000000,3.5000000000,0.9000000000,101,113,104,111,101,111
2652,neighbor,True,PASS_IMPLEMENTED_PROJECT_CHECKS,9094.5615000000,9064.9455000000,0.2500000000,0.5000000000,0.3000000000,3.0000000000,0.7000000000,102,112,101,112,103,113
2653,neighbor,True,PASS_IMPLEMENTED_PROJECT_CHECKS,9222.8975000000,9064.9455000000,0.2500000000,0.5000000000,0.3000000000,3.0000000000,0.7000000000,102,112,102,111,103,113
2654,neighbor,True,PASS_IMPLEMENTED_PROJECT_CHECKS,10394.1755400000,9064.9455000000,0.2500000000,0.5000000000,0.3000000000,3.5000000000,0.9000000000,102,112,102,110,104,112
2655,neighbor,True,PASS_IMPLEMENTED_PROJECT_CHECKS,9080.2717800000,9064.9455000000,0.2500000000,0.5000000000,0.3000000000,3.0000000000,0.7000000000,102,112,100,111,101,110
2656,neighbor,False,MINIMUM_MAIN_STEEL,999999999.0000000000,9064.9455000000,0.2500000000,0.5000000000,0.3000000000,3.0000000000,0.7000000000,102,112,100,112,103,113
2657,neighbor,True,PASS_IMPLEMENTED_PROJECT_CHECKS,10379.8959000000,9064.9455000000,0.2500000000,0.5000000000,0.3000000000,3.0000000000,0.7000000000,104,112,100,111,103,113
2658,neighbor,True,PASS_IMPLEMENTED_PROJECT_CHECKS,9407.3805000000,9064.9455000000,0.2500000000,0.5000000000,0.3000000000,3.0000000000,0.7000000000,103,113,100,111,103,113
2659,neighbor,False,MINIMUM_MAIN_STEEL,999999999.0000000000,9064.9455000000,0.2500000000,0.5000000000,0.3000000000,3.0000000000,0.7000000000,100,111,100,111,103,113
2660,neighbor,False,MINIMUM_MAIN_STEEL,999999999.0000000000,9064.9455000000,0.2750000000,0.5500000000,0.5000000000,3.5000000000,0.5000000000,102,112,104,111,102,112
2661,neighbor,True,PASS_IMPLEMENTED_PROJECT_CHECKS,9338.8935000000,9064.9455000000,0.2500000000,0.5000000000,0.3000000000,3.0000000000,0.7000000000,102,112,104,112,103,113
2662,neighbor,False,MINIMUM_MAIN_STEEL,999999999.0000000000,9064.9455000000,0.2500000000,0.5500000000,0.3000000000,3.0000000000,0.7000000000,102,112,100,111,103,113
2663,neighbor,False,MINIMUM_MAIN_STEEL,999999999.0000000000,9064.9455000000,0.2500000000,0.5000000000,0.3000000000,3.0000000000,0.7000000000,101,111,100,111,103,113
2664,neighbor,True,PASS_IMPLEMENTED_PROJECT_CHECKS,11725.4362500000,9064.9455000000,0.2500000000,0.5000000000,0.5500000000,3.0000000000,0.7000000000,102,112,102,113,103,110
2665,neighbor,False,MINIMUM_MAIN_STEEL,999999999.0000000000,9064.9455000000,0.2000000000,0.5500000000,0.3000000000,3.0000000000,0.5000000000,101,111,100,112,104,110
2666,neighbor,False,MINIMUM_MAIN_STEEL,999999999.0000000000,9064.9455000000,0.3000000000,0.6000000000,0.5000000000,2.5000000000,0.6000000000,102,110,100,113,101,111
2667,neighbor,False,MAXIMUM_MAIN_STEEL,999999999.0000000000,9064.9455000000,0.2500000000,0.5500000000,0.3000000000,3.0000000000,0.7000000000,104,110,100,111,103,113
2668,neighbor,False,MAXIMUM_MAIN_STEEL,999999999.0000000000,9064.9455000000,0.2250000000,0.5500000000,0.3000000000,3.0000000000,0.7000000000,104,110,100,111,103,113
2669,neighbor,False,MAXIMUM_MAIN_STEEL,999999999.0000000000,9064.9455000000,0.2500000000,0.5000000000,0.3000000000,3.0000000000,0.7000000000,102,112,100,111,104,110
2670,neighbor,False,MEMBER_FLEXURE,999999999.0000000000,9064.9455000000,0.2500000000,0.5000000000,0.3000000000,3.0000000000,0.7000000000,102,112,100,111,101,111
2671,neighbor,False,STEM_STRESS_OR_INTERVAL_BOUND,999999999.0000000000,9064.9455000000,0.2000000000,0.4500000000,0.3000000000,3.0000000000,0.7000000000,101,111,100,111,103,113
2672,neighbor,True,PASS_IMPLEMENTED_PROJECT_CHECKS,10022.8380000000,9064.9455000000,0.2500000000,0.5000000000,0.3000000000,3.0000000000,0.7000000000,102,112,100,111,103,110
2673,neighbor,True,PASS_IMPLEMENTED_PROJECT_CHECKS,10259.6505000000,9064.9455000000,0.2250000000,0.6000000000,0.3000000000,3.0000000000,0.7000000000,103,112,100,111,103,113
2674,neighbor,False,MINIMUM_MAIN_STEEL,999999999.0000000000,9064.9455000000,0.2500000000,0.4500000000,0.3000000000,2.5000000000,0.9000000000,100,112,101,111,103,111
2675,neighbor,False,MINIMUM_MAIN_STEEL,999999999.0000000000,9064.9455000000,0.2500000000,0.5000000000,0.4000000000,2.5000000000,0.5000000000,102,112,103,110,100,112
2676,neighbor,False,ENVELOPE_BASE_CONTACT,999999999.0000000000,9064.9455000000,0.2500000000,0.5000000000,0.5000000000,2.5000000000,0.9000000000,102,112,103,111,102,111
2677,neighbor,True,PASS_IMPLEMENTED_PROJECT_CHECKS,9064.9455000000,9064.9455000000,0.2500000000,0.5000000000,0.3000000000,3.0000000000,0.7000000000,102,112,100,111,103,113
2678,neighbor,True,PASS_IMPLEMENTED_PROJECT_CHECKS,9338.8935000000,9064.9455000000,0.2500000000,0.5000000000,0.3000000000,3.0000000000,0.7000000000,102,112,104,112,103,113
2679,neighbor,True,PASS_IMPLEMENTED_PROJECT_CHECKS,11694.4534600000,9064.9455000000,0.3000000000,0.4000000000,0.3500000000,3.5000000000,0.6000000000,102,110,100,110,104,112
2680,neighbor,False,MAXIMUM_MAIN_STEEL,999999999.0000000000,9064.9455000000,0.2500000000,0.5000000000,0.3000000000,3.0000000000,0.7000000000,104,110,100,111,103,113
2681,neighbor,True,PASS_IMPLEMENTED_PROJECT_CHECKS,9521.5255000000,9064.9455000000,0.2500000000,0.5000000000,0.3000000000,3.0000000000,0.7000000000,102,111,100,111,103,113
2682,neighbor,False,MINIMUM_MAIN_STEEL,999999999.0000000000,9064.9455000000,0.2500000000,0.5000000000,0.3000000000,3.0000000000,0.7000000000,101,111,100,111,103,113
2683,neighbor,True,PASS_IMPLEMENTED_PROJECT_CHECKS,9094.5615000000,9064.9455000000,0.2500000000,0.5000000000,0.3000000000,3.0000000000,0.7000000000,102,112,101,112,103,113
2684,neighbor,True,PASS_IMPLEMENTED_PROJECT_CHECKS,9070.8687000000,9064.9455000000,0.2500000000,0.5000000000,0.3000000000,3.0000000000,0.7000000000,102,112,101,113,103,113
2685,neighbor,False,MAXIMUM_MAIN_STEEL,999999999.0000000000,9064.9455000000,0.2500000000,0.4500000000,0.3000000000,3.0000000000,0.7000000000,104,110,100,111,103,113
2686,neighbor,False,ENVELOPE_BASE_CONTACT,999999999.0000000000,9064.9455000000,0.2500000000,0.5000000000,0.5000000000,2.5000000000,0.8000000000,102,112,103,111,102,110
2687,neighbor,False,MEMBER_FLEXURE,999999999.0000000000,9064.9455000000,0.2500000000,0.5000000000,0.3000000000,3.0000000000,0.7000000000,102,112,100,111,101,111
2688,neighbor,False,MINIMUM_MAIN_STEEL,999999999.0000000000,9064.9455000000,0.2500000000,0.5000000000,0.3000000000,3.5000000000,0.7000000000,102,112,100,112,101,112
2689,neighbor,False,MAXIMUM_MAIN_STEEL,999999999.0000000000,9064.9455000000,0.2500000000,0.5000000000,0.3000000000,3.0000000000,0.7000000000,104,111,100,111,103,113
2690,neighbor,False,MINIMUM_MAIN_STEEL,999999999.0000000000,9064.9455000000,0.2500000000,0.5000000000,0.3000000000,3.0000000000,0.7000000000,100,110,100,111,103,113
2691,neighbor,True,PASS_IMPLEMENTED_PROJECT_CHECKS,9761.4397800000,9064.9455000000,0.2500000000,0.5000000000,0.3000000000,3.0000000000,0.7000000000,102,112,100,111,104,111
2692,neighbor,False,ENVELOPE_BASE_CONTACT,999999999.0000000000,9064.9455000000,0.2500000000,0.5000000000,0.3000000000,2.5000000000,0.8000000000,102,112,101,110,104,111
2693,neighbor,True,PASS_IMPLEMENTED_PROJECT_CHECKS,9161.1975000000,9064.9455000000,0.2500000000,0.5000000000,0.3000000000,3.0000000000,0.7000000000,102,112,102,112,103,113
2694,neighbor,True,PASS_IMPLEMENTED_PROJECT_CHECKS,9996.7065700000,9064.9455000000,0.2750000000,0.5000000000,0.3000000000,3.0000000000,0.7000000000,104,113,100,111,103,113
2695,neighbor,False,ENVELOPE_BASE_CONTACT,999999999.0000000000,9064.9455000000,0.2500000000,0.5000000000,0.3000000000,2.5000000000,0.5000000000,102,112,101,113,104,110
2696,neighbor,False,MINIMUM_MAIN_STEEL,999999999.0000000000,9064.9455000000,0.2500000000,0.5000000000,0.3000000000,3.0000000000,0.7000000000,100,113,100,111,103,113
2697,neighbor,False,MEMBER_FLEXURE,999999999.0000000000,9064.9455000000,0.2500000000,0.5000000000,0.3000000000,3.0000000000,0.7000000000,102,112,100,111,101,113
2698,neighbor,False,MINIMUM_MAIN_STEEL,999999999.0000000000,9064.9455000000,0.2250000000,0.4000000000,0.3000000000,3.0000000000,0.7000000000,100,111,100,111,103,113
2699,neighbor,False,MAXIMUM_MAIN_STEEL,999999999.0000000000,9064.9455000000,0.2500000000,0.6000000000,0.3000000000,3.0000000000,0.7000000000,103,110,100,111,103,113
2700,neighbor,False,MINIMUM_MAIN_STEEL,999999999.0000000000,9064.9455000000,0.2500000000,0.5000000000,0.4500000000,3.5000000000,0.7000000000,102,112,100,113,104,111
2701,neighbor,False,MINIMUM_MAIN_STEEL,999999999.0000000000,9064.9455000000,0.2500000000,0.5000000000,0.3000000000,3.0000000000,0.7000000000,102,112,100,111,100,112
2702,neighbor,False,MEMBER_FLEXURE,999999999.0000000000,9064.9455000000,0.2500000000,0.5000000000,0.3000000000,3.0000000000,0.9000000000,102,112,103,111,101,112
2703,neighbor,False,MINIMUM_MAIN_STEEL,999999999.0000000000,9064.9455000000,0.2000000000,0.5000000000,0.3000000000,3.5000000000,0.5000000000,101,113,101,111,100,113
2704,neighbor,False,MINIMUM_MAIN_STEEL,999999999.0000000000,9064.9455000000,0.2750000000,0.4500000000,0.3000000000,3.0000000000,0.7000000000,100,113,100,111,103,113
2705,neighbor,False,MAXIMUM_MAIN_STEEL,999999999.0000000000,9064.9455000000,0.3000000000,0.6000000000,0.3000000000,3.0000000000,0.5000000000,103,112,104,110,104,111
2706,neighbor,True,PASS_IMPLEMENTED_PROJECT_CHECKS,9227.4040680000,9064.9455000000,0.2500000000,0.5000000000,0.3000000000,3.0000000000,0.7000000000,102,112,100,111,104,113
2707,neighbor,True,PASS_IMPLEMENTED_PROJECT_CHECKS,9070.8687000000,9064.9455000000,0.2500000000,0.5000000000,0.3000000000,3.0000000000,0.7000000000,102,112,101,113,103,113
2708,neighbor,True,PASS_IMPLEMENTED_PROJECT_CHECKS,9222.8975000000,9064.9455000000,0.2500000000,0.5000000000,0.3000000000,3.0000000000,0.7000000000,102,112,102,111,103,113
2709,neighbor,False,MAXIMUM_MAIN_STEEL,999999999.0000000000,9064.9455000000,0.2000000000,0.6000000000,0.3000000000,3.0000000000,0.7000000000,104,110,100,111,103,113
2710,neighbor,True,PASS_IMPLEMENTED_PROJECT_CHECKS,9107.5185000000,9064.9455000000,0.2500000000,0.5000000000,0.3000000000,3.0000000000,0.7000000000,102,112,100,111,102,111
2711,neighbor,False,MINIMUM_MAIN_STEEL,999999999.0000000000,9064.9455000000,0.2500000000,0.5000000000,0.3000000000,3.0000000000,0.6000000000,102,112,104,113,100,112
2712,neighbor,False,MINIMUM_MAIN_STEEL,999999999.0000000000,9064.9455000000,0.2000000000,0.5500000000,0.3000000000,3.0000000000,0.7000000000,101,113,100,111,103,113
2713,neighbor,False,MEMBER_FLEXURE,999999999.0000000000,9064.9455000000,0.2500000000,0.5000000000,0.3000000000,3.0000000000,0.7000000000,102,112,100,111,101,113
2714,neighbor,False,MINIMUM_MAIN_STEEL,999999999.0000000000,9064.9455000000,0.3000000000,0.5000000000,0.3000000000,3.0000000000,0.7000000000,100,112,100,111,103,113
2715,neighbor,True,PASS_IMPLEMENTED_PROJECT_CHECKS,9346.2975000000,9064.9455000000,0.2500000000,0.5000000000,0.3000000000,3.0000000000,0.7000000000,102,112,102,110,103,113
2716,neighbor,True,PASS_IMPLEMENTED_PROJECT_CHECKS,9554.5350000000,9064.9455000000,0.2500000000,0.5000000000,0.3000000000,3.0000000000,0.7000000000,102,112,103,110,103,113
2717,neighbor,False,MINIMUM_MAIN_STEEL,999999999.0000000000,9064.9455000000,0.2500000000,0.5000000000,0.3000000000,3.0000000000,0.5000000000,102,112,100,112,100,113
2718,neighbor,True,PASS_IMPLEMENTED_PROJECT_CHECKS,9222.8975000000,9064.9455000000,0.2500000000,0.5000000000,0.3000000000,3.0000000000,0.7000000000,102,112,102,111,103,113
2719,neighbor,False,MINIMUM_MAIN_STEEL,999999999.0000000000,9064.9455000000,0.3000000000,0.4000000000,0.3000000000,3.5000000000,0.9000000000,103,111,100,113,103,110
2720,neighbor,False,MAXIMUM_MAIN_STEEL,999999999.0000000000,9064.9455000000,0.2500000000,0.5000000000,0.3000000000,3.0000000000,0.7000000000,102,112,100,111,104,110
2721,neighbor,False,MINIMUM_MAIN_STEEL,999999999.0000000000,9064.9455000000,0.2500000000,0.5000000000,0.3000000000,3.0000000000,0.7000000000,102,112,100,111,100,113
2722,neighbor,True,PASS_IMPLEMENTED_PROJECT_CHECKS,9109.3695000000,9064.9455000000,0.2500000000,0.5000000000,0.3000000000,3.0000000000,0.7000000000,102,112,100,110,103,113
2723,neighbor,True,PASS_IMPLEMENTED_PROJECT_CHECKS,9094.5615000000,9064.9455000000,0.2500000000,0.5000000000,0.3000000000,3.0000000000,0.7000000000,102,112,101,112,103,113
2724,neighbor,True,PASS_IMPLEMENTED_PROJECT_CHECKS,9367.7767500000,9064.9455000000,0.2250000000,0.5000000000,0.3000000000,3.0000000000,0.7000000000,102,111,100,111,103,113
2725,neighbor,False,MEMBER_FLEXURE,999999999.0000000000,9064.9455000000,0.2500000000,0.5000000000,0.3000000000,3.0000000000,0.7000000000,102,112,100,111,101,111
2726,neighbor,False,MAXIMUM_MAIN_STEEL,999999999.0000000000,9064.9455000000,0.2250000000,0.5500000000,0.3000000000,3.0000000000,0.7000000000,104,111,100,111,103,113
2727,neighbor,True,PASS_IMPLEMENTED_PROJECT_CHECKS,9459.8255000000,9064.9455000000,0.2500000000,0.5000000000,0.3000000000,3.0000000000,0.7000000000,102,112,104,111,103,113
2728,neighbor,False,MAXIMUM_MAIN_STEEL,999999999.0000000000,9064.9455000000,0.2000000000,0.5500000000,0.4000000000,3.5000000000,0.5000000000,103,110,102,112,104,111
2729,neighbor,True,PASS_IMPLEMENTED_PROJECT_CHECKS,10379.8959000000,9064.9455000000,0.2500000000,0.5000000000,0.3000000000,3.0000000000,0.7000000000,104,112,100,111,103,113
2730,neighbor,False,MINIMUM_MAIN_STEEL,999999999.0000000000,9064.9455000000,0.2750000000,0.5000000000,0.3000000000,3.5000000000,0.6000000000,102,113,100,110,101,112
2731,neighbor,True,PASS_IMPLEMENTED_PROJECT_CHECKS,10548.8305000000,9064.9455000000,0.2500000000,0.5000000000,0.3000000000,3.0000000000,0.7000000000,103,111,100,111,103,113
2732,neighbor,False,MINIMUM_MAIN_STEEL,999999999.0000000000,9064.9455000000,0.2500000000,0.5000000000,0.3000000000,3.0000000000,0.7000000000,101,113,100,111,103,113
2733,neighbor,False,MINIMUM_MAIN_STEEL,999999999.0000000000,9064.9455000000,0.2500000000,0.5000000000,0.3000000000,3.0000000000,0.7000000000,101,111,100,111,103,113
2734,neighbor,False,MEMBER_FLEXURE,999999999.0000000000,9064.9455000000,0.3000000000,0.4000000000,0.3000000000,3.0000000000,0.7000000000,102,110,100,111,103,113
2735,neighbor,False,MINIMUM_MAIN_STEEL,999999999.0000000000,9064.9455000000,0.2250000000,0.5000000000,0.5500000000,2.5000000000,0.7000000000,102,111,101,112,103,113
2736,neighbor,False,MINIMUM_MAIN_STEEL,999999999.0000000000,9064.9455000000,0.2250000000,0.5000000000,0.4500000000,3.0000000000,0.8000000000,101,111,102,112,101,112
2737,neighbor,False,MEMBER_FLEXURE,999999999.0000000000,9064.9455000000,0.2500000000,0.5000000000,0.3000000000,3.5000000000,0.5000000000,102,112,100,110,101,112
2738,neighbor,True,PASS_IMPLEMENTED_PROJECT_CHECKS,9109.3695000000,9064.9455000000,0.2500000000,0.5000000000,0.3000000000,3.0000000000,0.7000000000,102,112,100,110,103,113
2739,neighbor,True,PASS_IMPLEMENTED_PROJECT_CHECKS,9213.0255000000,9064.9455000000,0.2500000000,0.5000000000,0.3000000000,3.0000000000,0.7000000000,102,112,101,110,103,113
2740,neighbor,True,PASS_IMPLEMENTED_PROJECT_CHECKS,9407.3805000000,9064.9455000000,0.2500000000,0.5000000000,0.3000000000,3.0000000000,0.7000000000,103,113,100,111,103,113
2741,neighbor,True,PASS_IMPLEMENTED_PROJECT_CHECKS,9265.3162500000,9064.9455000000,0.2500000000,0.5000000000,0.3000000000,3.0000000000,0.7000000000,102,112,103,112,103,113
2742,neighbor,True,PASS_IMPLEMENTED_PROJECT_CHECKS,9448.1025000000,9064.9455000000,0.2500000000,0.5000000000,0.3000000000,3.0000000000,0.7000000000,102,112,100,111,102,110
2743,neighbor,False,STEM_STRESS_OR_INTERVAL_BOUND,999999999.0000000000,9064.9455000000,0.2250000000,0.4000000000,0.3000000000,3.0000000000,0.7000000000,101,111,100,111,103,113
2744,neighbor,False,MAXIMUM_MAIN_STEEL,999999999.0000000000,9064.9455000000,0.2000000000,0.4500000000,0.3000000000,3.5000000000,0.7000000000,103,111,103,112,102,110
2745,neighbor,False,STEM_STRESS_OR_INTERVAL_BOUND,999999999.0000000000,9064.9455000000,0.2500000000,0.4000000000,0.3000000000,3.0000000000,0.7000000000,101,111,100,111,103,113
2746,neighbor,False,MINIMUM_MAIN_STEEL,999999999.0000000000,9064.9455000000,0.2500000000,0.5000000000,0.3000000000,3.0000000000,0.7000000000,100,111,100,111,103,113
2747,neighbor,True,PASS_IMPLEMENTED_PROJECT_CHECKS,9224.5942500000,9064.9455000000,0.2500000000,0.5000000000,0.3000000000,3.0000000000,0.7000000000,102,112,100,111,103,112
2748,neighbor,True,PASS_IMPLEMENTED_PROJECT_CHECKS,9064.9455000000,9064.9455000000,0.2500000000,0.5000000000,0.3000000000,3.0000000000,0.7000000000,102,112,100,111,103,113
2749,neighbor,False,MINIMUM_MAIN_STEEL,999999999.0000000000,9064.9455000000,0.2750000000,0.4500000000,0.3500000000,3.0000000000,0.5000000000,100,110,100,113,100,113
2750,neighbor,False,MINIMUM_MAIN_STEEL,999999999.0000000000,9064.9455000000,0.2500000000,0.5000000000,0.3000000000,3.0000000000,0.7000000000,100,113,100,111,103,113
2751,neighbor,True,PASS_IMPLEMENTED_PROJECT_CHECKS,9472.0914600000,9064.9455000000,0.2500000000,0.5000000000,0.3000000000,3.0000000000,0.7000000000,102,112,100,110,104,112
2752,neighbor,True,PASS_IMPLEMENTED_PROJECT_CHECKS,9224.5942500000,9064.9455000000,0.2500000000,0.5000000000,0.3000000000,3.0000000000,0.7000000000,102,112,100,111,103,112
2753,neighbor,False,MINIMUM_MAIN_STEEL,999999999.0000000000,9064.9455000000,0.2500000000,0.5000000000,0.3000000000,3.0000000000,0.7000000000,100,111,100,111,103,113
2754,neighbor,False,MEMBER_FLEXURE,999999999.0000000000,9064.9455000000,0.2500000000,0.5000000000,0.3000000000,3.0000000000,0.7000000000,102,112,100,111,102,112
2755,neighbor,False,MAXIMUM_MAIN_STEEL,999999999.0000000000,9064.9455000000,0.2500000000,0.5000000000,0.3000000000,3.0000000000,0.7000000000,103,110,100,111,103,113
2756,neighbor,True,PASS_IMPLEMENTED_PROJECT_CHECKS,9407.3805000000,9064.9455000000,0.2500000000,0.5000000000,0.3000000000,3.0000000000,0.7000000000,103,113,100,111,103,113
2757,neighbor,False,MEMBER_FLEXURE,999999999.0000000000,9064.9455000000,0.2500000000,0.5000000000,0.3000000000,3.5000000000,0.9000000000,102,112,103,110,100,111
2758,neighbor,True,PASS_IMPLEMENTED_PROJECT_CHECKS,9224.5942500000,9064.9455000000,0.2500000000,0.5000000000,0.3000000000,3.0000000000,0.7000000000,102,112,100,111,103,112
2759,neighbor,True,PASS_IMPLEMENTED_PROJECT_CHECKS,9070.8687000000,9064.9455000000,0.2500000000,0.5000000000,0.3000000000,3.0000000000,0.7000000000,102,112,101,113,103,113
2760,neighbor,True,PASS_IMPLEMENTED_PROJECT_CHECKS,9161.1975000000,9064.9455000000,0.2500000000,0.5000000000,0.3000000000,3.0000000000,0.7000000000,102,112,102,112,103,113
2761,neighbor,False,MINIMUM_MAIN_STEEL,999999999.0000000000,9064.9455000000,0.3000000000,0.5500000000,0.3000000000,3.5000000000,0.7000000000,102,112,103,112,104,111
2762,neighbor,False,MINIMUM_MAIN_STEEL,999999999.0000000000,9064.9455000000,0.2500000000,0.5000000000,0.3000000000,3.0000000000,0.7000000000,101,111,100,111,103,113
2763,neighbor,True,PASS_IMPLEMENTED_PROJECT_CHECKS,10687.3934000000,9064.9455000000,0.3000000000,0.5000000000,0.3000000000,3.0000000000,0.7000000000,104,112,100,111,103,113
2764,neighbor,True,PASS_IMPLEMENTED_PROJECT_CHECKS,9134.0495000000,9064.9455000000,0.2500000000,0.5000000000,0.3000000000,3.0000000000,0.7000000000,102,112,101,111,103,113
2765,neighbor,True,PASS_IMPLEMENTED_PROJECT_CHECKS,9227.4040680000,9064.9455000000,0.2500000000,0.5000000000,0.3000000000,3.0000000000,0.7000000000,102,112,100,111,104,113
2766,neighbor,False,MEMBER_FLEXURE,999999999.0000000000,9064.9455000000,0.2500000000,0.5000000000,0.3000000000,3.5000000000,0.9000000000,102,112,102,113,102,113
2767,neighbor,False,MEMBER_FLEXURE,999999999.0000000000,9064.9455000000,0.2500000000,0.5000000000,0.3000000000,3.0000000000,0.7000000000,102,112,100,111,101,111
2768,neighbor,True,PASS_IMPLEMENTED_PROJECT_CHECKS,9222.8975000000,9064.9455000000,0.2500000000,0.5000000000,0.3000000000,3.0000000000,0.7000000000,102,112,102,111,103,113
2769,neighbor,True,PASS_IMPLEMENTED_PROJECT_CHECKS,9689.2090700000,9064.9455000000,0.2250000000,0.5000000000,0.3000000000,3.0000000000,0.7000000000,104,113,100,111,103,113
2770,neighbor,False,MAXIMUM_MAIN_STEEL,999999999.0000000000,9064.9455000000,0.2500000000,0.5000000000,0.3000000000,3.0000000000,0.7000000000,102,112,104,110,103,113
2771,neighbor,True,PASS_IMPLEMENTED_PROJECT_CHECKS,9094.5615000000,9064.9455000000,0.2500000000,0.5000000000,0.3000000000,3.0000000000,0.7000000000,102,112,101,112,103,113
2772,neighbor,True,PASS_IMPLEMENTED_PROJECT_CHECKS,9427.6674600000,9064.9455000000,0.2500000000,0.5000000000,0.3000000000,3.0000000000,0.7000000000,102,112,100,111,104,112
2773,neighbor,False,MEMBER_FLEXURE,999999999.0000000000,9064.9455000000,0.2500000000,0.5000000000,0.4000000000,3.5000000000,0.5000000000,102,112,103,113,101,112
2774,neighbor,True,PASS_IMPLEMENTED_PROJECT_CHECKS,9427.6674600000,9064.9455000000,0.2500000000,0.5000000000,0.3000000000,3.0000000000,0.7000000000,102,112,100,111,104,112
2775,neighbor,True,PASS_IMPLEMENTED_PROJECT_CHECKS,9161.1975000000,9064.9455000000,0.2500000000,0.5000000000,0.3000000000,3.0000000000,0.7000000000,102,112,102,112,103,113
2776,neighbor,False,MINIMUM_MAIN_STEEL,999999999.0000000000,9064.9455000000,0.2750000000,0.4500000000,0.5000000000,2.5000000000,0.8000000000,103,112,100,113,104,112
2777,neighbor,True,PASS_IMPLEMENTED_PROJECT_CHECKS,10548.8305000000,9064.9455000000,0.2500000000,0.5000000000,0.3000000000,3.0000000000,0.7000000000,103,111,100,111,103,113
2778,neighbor,False,MINIMUM_MAIN_STEEL,999999999.0000000000,9064.9455000000,0.2500000000,0.5000000000,0.3000000000,3.0000000000,0.7000000000,100,113,100,111,103,113
2779,neighbor,False,MEMBER_FLEXURE,999999999.0000000000,9064.9455000000,0.2500000000,0.5000000000,0.3000000000,3.0000000000,0.5000000000,102,112,104,111,100,110
2780,neighbor,False,MAXIMUM_MAIN_STEEL,999999999.0000000000,9064.9455000000,0.2500000000,0.5000000000,0.3000000000,3.0000000000,0.7000000000,102,112,103,110,104,110
2781,neighbor,True,PASS_IMPLEMENTED_PROJECT_CHECKS,9448.4727000000,9064.9455000000,0.2500000000,0.5000000000,0.3000000000,3.0000000000,0.7000000000,101,110,100,111,103,113
2782,neighbor,True,PASS_IMPLEMENTED_PROJECT_CHECKS,9842.9578200000,9064.9455000000,0.2500000000,0.5000000000,0.3000000000,3.0000000000,0.7000000000,104,113,100,111,103,113
2783,neighbor,False,MINIMUM_MAIN_STEEL,999999999.0000000000,9064.9455000000,0.2500000000,0.5000000000,0.3000000000,3.0000000000,0.7000000000,101,111,100,111,103,113
2784,neighbor,False,MAXIMUM_MAIN_STEEL,999999999.0000000000,9064.9455000000,0.2500000000,0.5000000000,0.3000000000,3.0000000000,0.7000000000,102,112,104,110,103,113
2785,neighbor,True,PASS_IMPLEMENTED_PROJECT_CHECKS,9070.8687000000,9064.9455000000,0.2500000000,0.5000000000,0.3000000000,3.0000000000,0.7000000000,102,112,101,113,103,113
2786,neighbor,False,MINIMUM_MAIN_STEEL,999999999.0000000000,9064.9455000000,0.2250000000,0.6000000000,0.3500000000,2.5000000000,0.9000000000,104,110,100,112,102,112
2787,neighbor,False,MINIMUM_MAIN_STEEL,999999999.0000000000,9064.9455000000,0.2500000000,0.5500000000,0.3000000000,3.0000000000,0.5000000000,100,113,100,110,100,112
2788,neighbor,False,MEMBER_FLEXURE,999999999.0000000000,9064.9455000000,0.2500000000,0.5000000000,0.3000000000,3.0000000000,0.8000000000,102,112,101,111,100,111
2789,neighbor,False,MINIMUM_MAIN_STEEL,999999999.0000000000,9064.9455000000,0.2500000000,0.5000000000,0.3000000000,3.0000000000,0.7000000000,102,112,100,111,100,112
2790,neighbor,True,PASS_IMPLEMENTED_PROJECT_CHECKS,9407.3805000000,9064.9455000000,0.2500000000,0.5000000000,0.3000000000,3.0000000000,0.7000000000,103,113,100,111,103,113
2791,neighbor,False,ENVELOPE_BASE_CONTACT,999999999.0000000000,9064.9455000000,0.2500000000,0.4500000000,0.3000000000,2.5000000000,0.8000000000,102,112,104,112,103,113
2792,neighbor,False,MINIMUM_MAIN_STEEL,999999999.0000000000,9064.9455000000,0.2500000000,0.5000000000,0.3000000000,3.0000000000,0.7000000000,102,112,100,112,103,113
2793,neighbor,True,PASS_IMPLEMENTED_PROJECT_CHECKS,9842.9578200000,9064.9455000000,0.2500000000,0.5000000000,0.3000000000,3.0000000000,0.7000000000,104,113,100,111,103,113
2794,neighbor,False,MINIMUM_MAIN_STEEL,999999999.0000000000,9064.9455000000,0.2500000000,0.5000000000,0.3000000000,2.5000000000,0.5000000000,102,112,100,110,100,113
2795,neighbor,False,MINIMUM_MAIN_STEEL,999999999.0000000000,9064.9455000000,0.2500000000,0.5000000000,0.5500000000,2.5000000000,0.7000000000,102,113,102,110,103,113
2796,neighbor,False,MAXIMUM_MAIN_STEEL,999999999.0000000000,9064.9455000000,0.2500000000,0.5000000000,0.3000000000,3.0000000000,0.7000000000,102,112,104,110,103,113
2797,neighbor,False,MEMBER_FLEXURE,999999999.0000000000,9064.9455000000,0.2500000000,0.5000000000,0.3000000000,3.0000000000,0.7000000000,102,112,100,111,101,112
2798,neighbor,False,MEMBER_FLEXURE,999999999.0000000000,9064.9455000000,0.2500000000,0.5000000000,0.3000000000,3.0000000000,0.7000000000,102,112,100,111,102,113
2799,neighbor,False,MINIMUM_MAIN_STEEL,999999999.0000000000,9064.9455000000,0.2500000000,0.5000000000,0.3000000000,3.0000000000,0.7000000000,102,112,100,111,100,112
2800,neighbor,False,MEMBER_FLEXURE,999999999.0000000000,9064.9455000000,0.2750000000,0.4000000000,0.3000000000,3.0000000000,0.7000000000,102,111,100,111,103,113
2801,neighbor,False,MINIMUM_MAIN_STEEL,999999999.0000000000,9064.9455000000,0.3000000000,0.4000000000,0.3000000000,3.0000000000,0.7000000000,100,110,100,111,103,113
2802,neighbor,False,MINIMUM_MAIN_STEEL,999999999.0000000000,9064.9455000000,0.2500000000,0.5000000000,0.3000000000,3.0000000000,0.7000000000,102,112,100,112,103,113
2803,neighbor,True,PASS_IMPLEMENTED_PROJECT_CHECKS,9970.6630000000,9064.9455000000,0.2250000000,0.5500000000,0.3000000000,3.0000000000,0.7000000000,103,112,100,111,103,113
2804,neighbor,False,MAXIMUM_MAIN_STEEL,999999999.0000000000,9064.9455000000,0.2500000000,0.5000000000,0.3000000000,3.0000000000,0.7000000000,102,112,104,110,103,113
2805,neighbor,True,PASS_IMPLEMENTED_PROJECT_CHECKS,10858.9117500000,9064.9455000000,0.2250000000,0.6000000000,0.3000000000,3.0000000000,0.7000000000,102,110,100,111,103,113
2806,neighbor,True,PASS_IMPLEMENTED_PROJECT_CHECKS,9521.5255000000,9064.9455000000,0.2500000000,0.5000000000,0.3000000000,3.0000000000,0.7000000000,102,111,100,111,103,113
2807,neighbor,True,PASS_IMPLEMENTED_PROJECT_CHECKS,10434.6855000000,9064.9455000000,0.2500000000,0.5000000000,0.3000000000,3.0000000000,0.7000000000,102,110,100,111,103,113
2808,neighbor,False,MINIMUM_MAIN_STEEL,999999999.0000000000,9064.9455000000,0.3000000000,0.5500000000,0.3000000000,3.0000000000,0.7000000000,101,112,100,111,103,113
2809,neighbor,True,PASS_IMPLEMENTED_PROJECT_CHECKS,9459.8255000000,9064.9455000000,0.2500000000,0.5000000000,0.3000000000,3.0000000000,0.7000000000,102,112,104,111,103,113
2810,neighbor,False,MINIMUM_MAIN_STEEL,999999999.0000000000,9064.9455000000,0.2250000000,0.5000000000,0.3000000000,3.0000000000,0.5000000000,100,113,102,113,101,113
2811,neighbor,False,MINIMUM_MAIN_STEEL,999999999.0000000000,9064.9455000000,0.2750000000,0.4500000000,0.3000000000,3.0000000000,0.7000000000,101,112,100,111,103,113
2812,neighbor,False,MINIMUM_MAIN_STEEL,999999999.0000000000,9064.9455000000,0.2250000000,0.6000000000,0.3000000000,3.0000000000,0.7000000000,100,112,100,111,103,113
2813,neighbor,False,MINIMUM_MAIN_STEEL,999999999.0000000000,9064.9455000000,0.2500000000,0.5000000000,0.3000000000,3.0000000000,0.7000000000,100,110,100,111,103,113
2814,neighbor,True,PASS_IMPLEMENTED_PROJECT_CHECKS,9448.1025000000,9064.9455000000,0.2500000000,0.5000000000,0.3000000000,3.0000000000,0.7000000000,102,112,100,111,102,110
2815,neighbor,True,PASS_IMPLEMENTED_PROJECT_CHECKS,9094.5615000000,9064.9455000000,0.2500000000,0.5000000000,0.3000000000,3.0000000000,0.7000000000,102,112,101,112,103,113
2816,neighbor,False,MINIMUM_MAIN_STEEL,999999999.0000000000,9064.9455000000,0.3000000000,0.4000000000,0.3000000000,3.5000000000,0.5000000000,100,110,101,111,101,110
2817,neighbor,False,ENVELOPE_BASE_CONTACT,999999999.0000000000,9064.9455000000,0.2500000000,0.5000000000,0.5500000000,2.5000000000,0.7000000000,102,112,101,111,103,112
2818,neighbor,False,MEMBER_FLEXURE,999999999.0000000000,9064.9455000000,0.2500000000,0.5000000000,0.3500000000,3.0000000000,0.6000000000,102,112,103,112,101,111
2819,neighbor,False,MINIMUM_MAIN_STEEL,999999999.0000000000,9064.9455000000,0.2250000000,0.5500000000,0.3000000000,3.0000000000,0.7000000000,101,111,100,111,103,113
2820,neighbor,False,MAXIMUM_MAIN_STEEL,999999999.0000000000,9064.9455000000,0.2500000000,0.5000000000,0.3000000000,3.0000000000,0.7000000000,103,110,100,111,103,113
2821,neighbor,False,ENVELOPE_BASE_CONTACT,999999999.0000000000,9064.9455000000,0.2500000000,0.5000000000,0.5000000000,2.5000000000,0.5000000000,102,112,101,112,101,110
2822,neighbor,True,PASS_IMPLEMENTED_PROJECT_CHECKS,9427.6674600000,9064.9455000000,0.2500000000,0.5000000000,0.3000000000,3.0000000000,0.7000000000,102,112,100,111,104,112
2823,neighbor,False,MINIMUM_MAIN_STEEL,999999999.0000000000,9064.9455000000,0.2000000000,0.5000000000,0.3000000000,3.0000000000,0.8000000000,101,112,101,112,101,113
2824,neighbor,True,PASS_IMPLEMENTED_PROJECT_CHECKS,9124.1775000000,9064.9455000000,0.2500000000,0.5000000000,0.3000000000,3.0000000000,0.7000000000,102,112,102,113,103,113
2825,neighbor,True,PASS_IMPLEMENTED_PROJECT_CHECKS,9448.1025000000,9064.9455000000,0.2500000000,0.5000000000,0.3000000000,3.0000000000,0.7000000000,102,112,100,111,102,110
2826,neighbor,False,MINIMUM_MAIN_STEEL,999999999.0000000000,9064.9455000000,0.2500000000,0.5500000000,0.3000000000,2.5000000000,0.5000000000,100,110,103,112,101,112
2827,neighbor,False,MINIMUM_MAIN_STEEL,999999999.0000000000,9064.9455000000,0.2250000000,0.6000000000,0.3000000000,3.0000000000,0.7000000000,101,111,100,111,103,113
2828,neighbor,True,PASS_IMPLEMENTED_PROJECT_CHECKS,9459.8255000000,9064.9455000000,0.2500000000,0.5000000000,0.3000000000,3.0000000000,0.7000000000,102,112,104,111,103,113
2829,neighbor,True,PASS_IMPLEMENTED_PROJECT_CHECKS,9586.3105000000,9064.9455000000,0.2500000000,0.5000000000,0.3000000000,3.0000000000,0.8000000000,102,112,102,111,102,110
2830,neighbor,False,MINIMUM_MAIN_STEEL,999999999.0000000000,9064.9455000000,0.2500000000,0.5000000000,0.3000000000,3.0000000000,0.7000000000,100,110,100,111,103,113
2831,neighbor,True,PASS_IMPLEMENTED_PROJECT_CHECKS,9761.4397800000,9064.9455000000,0.2500000000,0.5000000000,0.3000000000,3.0000000000,0.7000000000,102,112,100,111,104,111
2832,neighbor,False,STEM_STRESS_OR_INTERVAL_BOUND,999999999.0000000000,9064.9455000000,0.2500000000,0.4500000000,0.3000000000,3.0000000000,0.7000000000,102,112,100,111,103,113
2833,neighbor,True,PASS_IMPLEMENTED_PROJECT_CHECKS,9346.2975000000,9064.9455000000,0.2500000000,0.5000000000,0.3000000000,3.0000000000,0.7000000000,102,112,102,110,103,113
2834,neighbor,False,MEMBER_FLEXURE,999999999.0000000000,9064.9455000000,0.2500000000,0.5000000000,0.3000000000,3.0000000000,0.7000000000,102,112,100,111,102,112
2835,neighbor,False,MINIMUM_MAIN_STEEL,999999999.0000000000,9064.9455000000,0.2500000000,0.5000000000,0.3000000000,3.0000000000,0.7000000000,102,112,100,113,103,113
2836,neighbor,True,PASS_IMPLEMENTED_PROJECT_CHECKS,9448.1025000000,9064.9455000000,0.2500000000,0.5000000000,0.3000000000,3.0000000000,0.7000000000,102,112,100,111,102,110
2837,neighbor,True,PASS_IMPLEMENTED_PROJECT_CHECKS,9696.3680000000,9064.9455000000,0.2500000000,0.5500000000,0.3000000000,3.0000000000,0.7000000000,103,113,100,111,103,113
2838,neighbor,False,STEM_STRESS_OR_INTERVAL_BOUND,999999999.0000000000,9064.9455000000,0.2750000000,0.4000000000,0.3000000000,3.0000000000,0.7000000000,102,112,100,111,103,113
2839,neighbor,False,STEM_STRESS_OR_INTERVAL_BOUND,999999999.0000000000,9064.9455000000,0.3000000000,0.4000000000,0.3000000000,3.0000000000,0.9000000000,102,113,104,113,103,112
2840,neighbor,False,MINIMUM_MAIN_STEEL,999999999.0000000000,9064.9455000000,0.2500000000,0.5000000000,0.3000000000,3.0000000000,0.7000000000,102,112,100,112,103,113
2841,neighbor,True,PASS_IMPLEMENTED_PROJECT_CHECKS,9346.2975000000,9064.9455000000,0.2500000000,0.5000000000,0.3000000000,3.0000000000,0.7000000000,102,112,102,110,103,113
2842,neighbor,False,MINIMUM_MAIN_STEEL,999999999.0000000000,9064.9455000000,0.2000000000,0.5500000000,0.3000000000,2.5000000000,0.8000000000,102,112,103,110,101,110
2843,neighbor,False,STEM_STRESS_OR_INTERVAL_BOUND,999999999.0000000000,9064.9455000000,0.2250000000,0.4000000000,0.3000000000,3.0000000000,0.7000000000,102,113,100,111,103,113
2844,neighbor,True,PASS_IMPLEMENTED_PROJECT_CHECKS,11979.6117350000,9064.9455000000,0.2750000000,0.4500000000,0.4500000000,3.0000000000,0.8000000000,102,110,101,111,104,111
2845,neighbor,True,PASS_IMPLEMENTED_PROJECT_CHECKS,11166.4092500000,9064.9455000000,0.2750000000,0.6000000000,0.3000000000,3.0000000000,0.7000000000,102,110,100,111,103,113
2846,neighbor,True,PASS_IMPLEMENTED_PROJECT_CHECKS,9266.3343000000,9064.9455000000,0.2500000000,0.5000000000,0.3000000000,3.0000000000,0.7000000000,102,112,104,113,103,113
2847,neighbor,False,MINIMUM_MAIN_STEEL,999999999.0000000000,9064.9455000000,0.2000000000,0.5500000000,0.3500000000,3.0000000000,0.8000000000,101,112,103,113,102,113
2848,neighbor,True,PASS_IMPLEMENTED_PROJECT_CHECKS,9367.7767500000,9064.9455000000,0.2250000000,0.5000000000,0.3000000000,3.0000000000,0.7000000000,102,111,100,111,103,113
2849,neighbor,False,MINIMUM_MAIN_STEEL,999999999.0000000000,9064.9455000000,0.2000000000,0.6000000000,0.3000000000,3.0000000000,0.7000000000,100,113,100,111,103,113
2850,neighbor,True,PASS_IMPLEMENTED_PROJECT_CHECKS,9761.4397800000,9064.9455000000,0.2500000000,0.5000000000,0.3000000000,3.0000000000,0.7000000000,102,112,100,111,104,111
2851,neighbor,False,MEMBER_FLEXURE,999999999.0000000000,9064.9455000000,0.2500000000,0.5000000000,0.4000000000,3.5000000000,0.7000000000,102,112,102,111,101,111
2852,neighbor,True,PASS_IMPLEMENTED_PROJECT_CHECKS,9989.1730000000,9064.9455000000,0.2750000000,0.5000000000,0.3000000000,3.0000000000,0.7000000000,103,112,100,111,103,113
2853,neighbor,False,MAXIMUM_MAIN_STEEL,999999999.0000000000,9064.9455000000,0.2250000000,0.4000000000,0.3000000000,3.0000000000,0.7000000000,104,111,100,111,103,113
2854,neighbor,True,PASS_IMPLEMENTED_PROJECT_CHECKS,9689.2090700000,9064.9455000000,0.2250000000,0.5000000000,0.3000000000,3.0000000000,0.7000000000,104,113,100,111,103,113
2855,neighbor,False,MEMBER_FLEXURE,999999999.0000000000,9064.9455000000,0.2500000000,0.5000000000,0.3000000000,3.0000000000,0.6000000000,102,112,103,112,101,113
2856,neighbor,False,MINIMUM_MAIN_STEEL,999999999.0000000000,9064.9455000000,0.2000000000,0.5000000000,0.5500000000,2.5000000000,0.6000000000,102,111,101,110,100,113
2857,neighbor,False,MINIMUM_MAIN_STEEL,999999999.0000000000,9064.9455000000,0.2250000000,0.4500000000,0.3000000000,3.0000000000,0.9000000000,104,110,100,113,104,113
2858,neighbor,False,MINIMUM_MAIN_STEEL,999999999.0000000000,9064.9455000000,0.2000000000,0.5000000000,0.3000000000,3.0000000000,0.7000000000,100,111,100,111,103,113
2859,neighbor,False,MAXIMUM_MAIN_STEEL,999999999.0000000000,9064.9455000000,0.2500000000,0.5000000000,0.3000000000,3.0000000000,0.7000000000,102,112,104,110,103,113
2860,neighbor,True,PASS_IMPLEMENTED_PROJECT_CHECKS,9094.5615000000,9064.9455000000,0.2500000000,0.5000000000,0.3000000000,3.0000000000,0.7000000000,102,112,101,112,103,113
2861,neighbor,True,PASS_IMPLEMENTED_PROJECT_CHECKS,9109.3695000000,9064.9455000000,0.2500000000,0.5000000000,0.3000000000,3.0000000000,0.7000000000,102,112,100,110,103,113
2862,neighbor,True,PASS_IMPLEMENTED_PROJECT_CHECKS,9109.3695000000,9064.9455000000,0.2500000000,0.5000000000,0.3000000000,3.0000000000,0.7000000000,102,112,100,110,103,113
2863,neighbor,True,PASS_IMPLEMENTED_PROJECT_CHECKS,9227.4040680000,9064.9455000000,0.2500000000,0.5000000000,0.3000000000,3.0000000000,0.7000000000,102,112,100,111,104,113
2864,neighbor,False,MINIMUM_MAIN_STEEL,999999999.0000000000,9064.9455000000,0.2750000000,0.5000000000,0.4500000000,2.5000000000,0.8000000000,103,110,103,113,100,112
2865,neighbor,True,PASS_IMPLEMENTED_PROJECT_CHECKS,9407.3805000000,9064.9455000000,0.2500000000,0.5000000000,0.3000000000,3.0000000000,0.7000000000,103,113,100,111,103,113
2866,neighbor,False,MINIMUM_MAIN_STEEL,999999999.0000000000,9064.9455000000,0.2000000000,0.4500000000,0.3000000000,3.0000000000,0.9000000000,104,113,100,112,100,110
2867,neighbor,False,MEMBER_FLEXURE,999999999.0000000000,9064.9455000000,0.2500000000,0.5000000000,0.3000000000,3.0000000000,0.7000000000,102,112,100,111,100,111
2868,neighbor,False,MAXIMUM_MAIN_STEEL,999999999.0000000000,9064.9455000000,0.2500000000,0.5000000000,0.3000000000,3.0000000000,0.7000000000,104,110,100,111,103,113
2869,neighbor,False,ENVELOPE_BASE_CONTACT,999999999.0000000000,9064.9455000000,0.2500000000,0.5000000000,0.3000000000,2.5000000000,0.8000000000,102,112,104,111,104,110
2870,neighbor,True,PASS_IMPLEMENTED_PROJECT_CHECKS,9407.3805000000,9064.9455000000,0.2500000000,0.5000000000,0.3000000000,3.0000000000,0.7000000000,103,113,100,111,103,113
2871,neighbor,True,PASS_IMPLEMENTED_PROJECT_CHECKS,9427.6674600000,9064.9455000000,0.2500000000,0.5000000000,0.3000000000,3.0000000000,0.7000000000,102,112,100,111,104,112
2872,neighbor,False,MEMBER_FLEXURE,999999999.0000000000,9064.9455000000,0.2500000000,0.5000000000,0.3000000000,3.0000000000,0.9000000000,102,112,103,110,101,113
2873,neighbor,True,PASS_IMPLEMENTED_PROJECT_CHECKS,9448.4727000000,9064.9455000000,0.2500000000,0.5000000000,0.3000000000,3.0000000000,0.7000000000,101,110,100,111,103,113
2874,neighbor,False,MEMBER_FLEXURE,999999999.0000000000,9064.9455000000,0.2500000000,0.5000000000,0.3000000000,3.0000000000,0.7000000000,102,112,100,111,102,113
2875,neighbor,False,MINIMUM_MAIN_STEEL,999999999.0000000000,9064.9455000000,0.2500000000,0.5000000000,0.3000000000,3.0000000000,0.7000000000,100,111,100,111,103,113
2876,neighbor,True,PASS_IMPLEMENTED_PROJECT_CHECKS,9161.1975000000,9064.9455000000,0.2500000000,0.5000000000,0.3000000000,3.0000000000,0.7000000000,102,112,102,112,103,113
2877,neighbor,True,PASS_IMPLEMENTED_PROJECT_CHECKS,9407.3805000000,9064.9455000000,0.2500000000,0.5000000000,0.3000000000,3.0000000000,0.7000000000,103,113,100,111,103,113
2878,neighbor,True,PASS_IMPLEMENTED_PROJECT_CHECKS,9554.5350000000,9064.9455000000,0.2500000000,0.5000000000,0.3000000000,3.0000000000,0.7000000000,102,112,103,110,103,113
2879,neighbor,False,MEMBER_FLEXURE,999999999.0000000000,9064.9455000000,0.2250000000,0.4000000000,0.3000000000,3.0000000000,0.7000000000,101,110,100,111,103,113
2880,neighbor,False,MINIMUM_MAIN_STEEL,999999999.0000000000,9064.9455000000,0.2750000000,0.6000000000,0.3000000000,3.0000000000,0.7000000000,100,113,100,111,103,113
2881,neighbor,True,PASS_IMPLEMENTED_PROJECT_CHECKS,10434.6855000000,9064.9455000000,0.2500000000,0.5000000000,0.3000000000,3.0000000000,0.7000000000,102,110,100,111,103,113
2882,neighbor,False,ENVELOPE_BASE_CONTACT,999999999.0000000000,9064.9455000000,0.2500000000,0.5000000000,0.3000000000,2.5000000000,0.9000000000,102,112,104,112,100,110
2883,neighbor,False,MINIMUM_MAIN_STEEL,999999999.0000000000,9064.9455000000,0.2500000000,0.6000000000,0.3500000000,3.5000000000,0.6000000000,101,113,102,113,100,112
2884,neighbor,True,PASS_IMPLEMENTED_PROJECT_CHECKS,9826.7922120000,9064.9455000000,0.2500000000,0.5000000000,0.3000000000,3.5000000000,0.9000000000,102,112,101,112,104,113
2885,neighbor,True,PASS_IMPLEMENTED_PROJECT_CHECKS,9718.9502000000,9064.9455000000,0.2000000000,0.6000000000,0.3000000000,3.0000000000,0.7000000000,101,110,100,111,103,113
2886,neighbor,True,PASS_IMPLEMENTED_PROJECT_CHECKS,9253.6317500000,9064.9455000000,0.2250000000,0.5000000000,0.3000000000,3.0000000000,0.7000000000,103,113,100,111,103,113
2887,neighbor,False,MINIMUM_MAIN_STEEL,999999999.0000000000,9064.9455000000,0.2500000000,0.5000000000,0.3000000000,3.0000000000,0.5000000000,102,112,100,112,100,110
2888,neighbor,True,PASS_IMPLEMENTED_PROJECT_CHECKS,10379.8959000000,9064.9455000000,0.2500000000,0.5000000000,0.3000000000,3.0000000000,0.7000000000,104,112,100,111,103,113
2889,neighbor,False,MINIMUM_MAIN_STEEL,999999999.0000000000,9064.9455000000,0.2250000000,0.5000000000,0.3000000000,3.0000000000,0.7000000000,100,113,100,111,103,113
2890,neighbor,False,MEMBER_FLEXURE,999999999.0000000000,9064.9455000000,0.2500000000,0.5000000000,0.3000000000,3.0000000000,0.7000000000,102,112,100,111,101,113
2891,neighbor,False,MINIMUM_MAIN_STEEL,999999999.0000000000,9064.9455000000,0.2500000000,0.5000000000,0.5000000000,2.5000000000,0.8000000000,102,112,103,112,100,111
2892,neighbor,False,MINIMUM_MAIN_STEEL,999999999.0000000000,9064.9455000000,0.2500000000,0.5000000000,0.3000000000,3.0000000000,0.7000000000,102,112,100,112,103,113
2893,neighbor,False,MINIMUM_MAIN_STEEL,999999999.0000000000,9064.9455000000,0.2500000000,0.5000000000,0.3000000000,3.0000000000,0.7000000000,100,111,100,111,103,113
2894,neighbor,False,MINIMUM_MAIN_STEEL,999999999.0000000000,9064.9455000000,0.3000000000,0.4500000000,0.3000000000,3.0000000000,0.7000000000,100,113,100,111,103,113
2895,neighbor,False,MAXIMUM_MAIN_STEEL,999999999.0000000000,9064.9455000000,0.2500000000,0.5000000000,0.3000000000,3.0000000000,0.7000000000,102,112,100,111,104,110
2896,neighbor,False,MINIMUM_MAIN_STEEL,999999999.0000000000,9064.9455000000,0.2500000000,0.5000000000,0.3000000000,3.0000000000,0.7000000000,100,110,100,111,103,113
2897,neighbor,False,MEMBER_FLEXURE,999999999.0000000000,9064.9455000000,0.2500000000,0.5000000000,0.3000000000,3.0000000000,0.7000000000,102,112,100,111,101,112
2898,neighbor,False,MEMBER_FLEXURE,999999999.0000000000,9064.9455000000,0.2500000000,0.5000000000,0.3000000000,3.5000000000,0.5000000000,102,112,104,112,101,113
2899,neighbor,True,PASS_IMPLEMENTED_PROJECT_CHECKS,9064.9455000000,9064.9455000000,0.2500000000,0.5000000000,0.3000000000,3.0000000000,0.7000000000,102,112,100,111,103,113
2900,neighbor,True,PASS_IMPLEMENTED_PROJECT_CHECKS,9161.1975000000,9064.9455000000,0.2500000000,0.5000000000,0.3000000000,3.0000000000,0.7000000000,102,112,102,112,103,113
2901,neighbor,True,PASS_IMPLEMENTED_PROJECT_CHECKS,9835.4242500000,9064.9455000000,0.2500000000,0.5000000000,0.3000000000,3.0000000000,0.7000000000,103,112,100,111,103,113
2902,neighbor,False,MAXIMUM_MAIN_STEEL,999999999.0000000000,9064.9455000000,0.2500000000,0.5000000000,0.3000000000,3.0000000000,0.7000000000,102,112,100,111,104,110
2903,neighbor,False,MINIMUM_MAIN_STEEL,999999999.0000000000,9064.9455000000,0.2500000000,0.5000000000,0.3000000000,3.5000000000,0.9000000000,102,112,100,112,103,112
2904,neighbor,True,PASS_IMPLEMENTED_PROJECT_CHECKS,10822.6321500000,9064.9455000000,0.2750000000,0.5500000000,0.3000000000,3.0000000000,0.7000000000,104,112,100,111,103,113
2905,neighbor,True,PASS_IMPLEMENTED_PROJECT_CHECKS,9968.2067500000,9064.9455000000,0.2500000000,0.5000000000,0.3500000000,3.5000000000,0.8000000000,102,112,102,112,102,112
2906,neighbor,False,ENVELOPE_BASE_CONTACT,999999999.0000000000,9064.9455000000,0.2000000000,0.4500000000,0.3000000000,2.5000000000,0.5000000000,101,110,102,111,103,110
2907,neighbor,False,MINIMUM_MAIN_STEEL,999999999.0000000000,9064.9455000000,0.2500000000,0.4500000000,0.3000000000,3.0000000000,0.8000000000,100,113,101,111,103,111
2908,neighbor,False,MINIMUM_MAIN_STEEL,999999999.0000000000,9064.9455000000,0.2500000000,0.5000000000,0.5500000000,2.5000000000,0.5000000000,102,112,101,113,100,110
2909,neighbor,False,MINIMUM_MAIN_STEEL,999999999.0000000000,9064.9455000000,0.2500000000,0.5000000000,0.3000000000,3.0000000000,0.7000000000,102,113,100,111,103,113
2910,neighbor,False,ENVELOPE_BASE_CONTACT,999999999.0000000000,9064.9455000000,0.2750000000,0.4500000000,0.5500000000,2.5000000000,0.7000000000,101,111,101,110,102,112
2911,neighbor,True,PASS_IMPLEMENTED_PROJECT_CHECKS,9064.9455000000,9064.9455000000,0.2500000000,0.5000000000,0.3000000000,3.0000000000,0.7000000000,102,112,100,111,103,113
2912,neighbor,True,PASS_IMPLEMENTED_PROJECT_CHECKS,9338.8935000000,9064.9455000000,0.2500000000,0.5000000000,0.3000000000,3.0000000000,0.7000000000,102,112,104,112,103,113
2913,neighbor,True,PASS_IMPLEMENTED_PROJECT_CHECKS,10231.5837000000,9064.9455000000,0.2500000000,0.5000000000,0.3000000000,3.5000000000,0.6000000000,102,112,102,113,102,110
2914,neighbor,True,PASS_IMPLEMENTED_PROJECT_CHECKS,9227.4040680000,9064.9455000000,0.2500000000,0.5000000000,0.3000000000,3.0000000000,0.7000000000,102,112,100,111,104,113
2915,neighbor,True,PASS_IMPLEMENTED_PROJECT_CHECKS,9266.3343000000,9064.9455000000,0.2500000000,0.5000000000,0.3000000000,3.0000000000,0.7000000000,102,112,104,113,103,113
2916,neighbor,False,MINIMUM_MAIN_STEEL,999999999.0000000000,9064.9455000000,0.2500000000,0.5500000000,0.3000000000,3.0000000000,0.9000000000,103,110,100,112,102,111
2917,neighbor,False,MEMBER_FLEXURE,999999999.0000000000,9064.9455000000,0.3000000000,0.4500000000,0.3000000000,3.0000000000,0.7000000000,103,110,100,111,103,113
2918,neighbor,True,PASS_IMPLEMENTED_PROJECT_CHECKS,11867.4696100000,9064.9455000000,0.2500000000,0.4000000000,0.4000000000,3.0000000000,0.6000000000,103,112,103,110,104,110
2919,neighbor,False,MEMBER_FLEXURE,999999999.0000000000,9064.9455000000,0.2500000000,0.5000000000,0.3000000000,3.0000000000,0.7000000000,102,112,100,111,102,112
2920,neighbor,True,PASS_IMPLEMENTED_PROJECT_CHECKS,9535.4603200000,9064.9455000000,0.2000000000,0.5000000000,0.3000000000,3.0000000000,0.7000000000,104,113,100,111,103,113
2921,neighbor,False,MEMBER_FLEXURE,999999999.0000000000,9064.9455000000,0.2000000000,0.4000000000,0.3000000000,3.0000000000,0.7000000000,101,110,100,111,103,113
2922,neighbor,True,PASS_IMPLEMENTED_PROJECT_CHECKS,11012.6605000000,9064.9455000000,0.2500000000,0.6000000000,0.3000000000,3.0000000000,0.7000000000,102,110,100,111,103,113
2923,neighbor,True,PASS_IMPLEMENTED_PROJECT_CHECKS,9889.3412040000,9064.9455000000,0.2500000000,0.5000000000,0.3000000000,3.5000000000,0.6000000000,102,112,101,113,104,113
2924,neighbor,False,MAXIMUM_MAIN_STEEL,999999999.0000000000,9064.9455000000,0.2500000000,0.5000000000,0.3000000000,3.0000000000,0.7000000000,103,110,100,111,103,113
2925,neighbor,True,PASS_IMPLEMENTED_PROJECT_CHECKS,9503.0155000000,9064.9455000000,0.2000000000,0.5500000000,0.3000000000,3.0000000000,0.7000000000,102,111,100,111,103,113
2926,neighbor,False,MINIMUM_MAIN_STEEL,999999999.0000000000,9064.9455000000,0.2250000000,0.5000000000,0.3000000000,2.5000000000,0.5000000000,102,113,103,112,102,110
2927,neighbor,False,MEMBER_FLEXURE,999999999.0000000000,9064.9455000000,0.2500000000,0.5000000000,0.3000000000,3.0000000000,0.7000000000,102,112,100,111,100,110
2928,neighbor,True,PASS_IMPLEMENTED_PROJECT_CHECKS,9064.9455000000,9064.9455000000,0.2500000000,0.5000000000,0.3000000000,3.0000000000,0.7000000000,102,112,100,111,103,113
2929,neighbor,False,MINIMUM_MAIN_STEEL,999999999.0000000000,9064.9455000000,0.2500000000,0.5000000000,0.3000000000,3.0000000000,0.7000000000,100,111,100,111,103,113
2930,neighbor,True,PASS_IMPLEMENTED_PROJECT_CHECKS,9094.5615000000,9064.9455000000,0.2500000000,0.5000000000,0.3000000000,3.0000000000,0.7000000000,102,112,101,112,103,113
2931,neighbor,False,MINIMUM_MAIN_STEEL,999999999.0000000000,9064.9455000000,0.2500000000,0.5000000000,0.3000000000,3.0000000000,0.7000000000,100,113,100,111,103,113
2932,neighbor,True,PASS_IMPLEMENTED_PROJECT_CHECKS,11320.1580000000,9064.9455000000,0.3000000000,0.6000000000,0.3000000000,3.0000000000,0.7000000000,102,110,100,111,103,113
2933,neighbor,True,PASS_IMPLEMENTED_PROJECT_CHECKS,11108.9801800000,9064.9455000000,0.2000000000,0.4500000000,0.5000000000,3.5000000000,0.8000000000,102,112,104,110,101,111
2934,neighbor,True,PASS_IMPLEMENTED_PROJECT_CHECKS,9448.1025000000,9064.9455000000,0.2500000000,0.5000000000,0.3000000000,3.0000000000,0.7000000000,102,112,100,111,102,110
2935,neighbor,False,MINIMUM_MAIN_STEEL,999999999.0000000000,9064.9455000000,0.2500000000,0.5000000000,0.5000000000,3.0000000000,0.8000000000,102,112,103,111,100,113
2936,neighbor,False,MEMBER_FLEXURE,999999999.0000000000,9064.9455000000,0.2500000000,0.5000000000,0.3000000000,3.5000000000,0.5000000000,102,112,102,110,102,111
2937,neighbor,False,MINIMUM_MAIN_STEEL,999999999.0000000000,9064.9455000000,0.2250000000,0.6000000000,0.3000000000,3.0000000000,0.7000000000,101,113,100,111,103,113
2938,neighbor,False,MEMBER_FLEXURE,999999999.0000000000,9064.9455000000,0.2500000000,0.5000000000,0.3000000000,3.0000000000,0.7000000000,102,112,100,111,101,113
2939,neighbor,True,PASS_IMPLEMENTED_PROJECT_CHECKS,9427.6674600000,9064.9455000000,0.2500000000,0.5000000000,0.3000000000,3.0000000000,0.7000000000,102,112,100,111,104,112
2940,neighbor,False,MAXIMUM_MAIN_STEEL,999999999.0000000000,9064.9455000000,0.2750000000,0.4000000000,0.4000000000,3.0000000000,0.7000000000,104,110,102,113,104,113
2941,neighbor,False,MAXIMUM_MAIN_STEEL,999999999.0000000000,9064.9455000000,0.2000000000,0.5000000000,0.3000000000,3.0000000000,0.7000000000,104,112,100,111,103,113
2942,neighbor,True,PASS_IMPLEMENTED_PROJECT_CHECKS,9124.1775000000,9064.9455000000,0.2500000000,0.5000000000,0.3000000000,3.0000000000,0.7000000000,102,112,102,113,103,113
2943,neighbor,False,MEMBER_FLEXURE,999999999.0000000000,9064.9455000000,0.2500000000,0.5000000000,0.3000000000,3.0000000000,0.7000000000,102,112,100,111,101,111
2944,neighbor,False,ENVELOPE_BASE_CONTACT,999999999.0000000000,9064.9455000000,0.2000000000,0.5000000000,0.3000000000,2.5000000000,0.9000000000,104,113,104,111,100,110
2945,neighbor,True,PASS_IMPLEMENTED_PROJECT_CHECKS,10433.5895000000,9064.9455000000,0.2500000000,0.5000000000,0.3000000000,3.5000000000,0.7000000000,102,112,103,111,102,110
2946,neighbor,False,MINIMUM_MAIN_STEEL,999999999.0000000000,9064.9455000000,0.2500000000,0.5000000000,0.3000000000,3.0000000000,0.7000000000,100,111,100,111,103,113
2947,neighbor,False,MINIMUM_MAIN_STEEL,999999999.0000000000,9064.9455000000,0.2750000000,0.4500000000,0.4500000000,3.0000000000,0.8000000000,101,113,101,111,101,113
2948,neighbor,False,MEMBER_FLEXURE,999999999.0000000000,9064.9455000000,0.2750000000,0.4500000000,0.3000000000,3.5000000000,0.5000000000,103,113,103,110,101,113
2949,neighbor,False,MINIMUM_MAIN_STEEL,999999999.0000000000,9064.9455000000,0.2500000000,0.5000000000,0.3000000000,3.0000000000,0.7000000000,101,112,100,111,103,113
2950,neighbor,True,PASS_IMPLEMENTED_PROJECT_CHECKS,9107.5185000000,9064.9455000000,0.2500000000,0.5000000000,0.3000000000,3.0000000000,0.7000000000,102,112,100,111,102,111
2951,neighbor,True,PASS_IMPLEMENTED_PROJECT_CHECKS,9448.1025000000,9064.9455000000,0.2500000000,0.5000000000,0.3000000000,3.0000000000,0.7000000000,102,112,100,111,102,110
2952,neighbor,True,PASS_IMPLEMENTED_PROJECT_CHECKS,9816.9142500000,9064.9455000000,0.2000000000,0.5500000000,0.3000000000,3.0000000000,0.7000000000,103,112,100,111,103,113
2953,neighbor,False,ENVELOPE_BASE_CONTACT,999999999.0000000000,9064.9455000000,0.2750000000,0.4000000000,0.3000000000,2.5000000000,0.6000000000,102,111,102,110,102,112
2954,neighbor,False,MINIMUM_MAIN_STEEL,999999999.0000000000,9064.9455000000,0.2500000000,0.5000000000,0.3000000000,3.5000000000,0.9000000000,104,111,100,113,103,112
2955,neighbor,False,MAXIMUM_MAIN_STEEL,999999999.0000000000,9064.9455000000,0.2500000000,0.5000000000,0.3000000000,3.0000000000,0.7000000000,104,110,100,111,103,113
2956,neighbor,False,MINIMUM_MAIN_STEEL,999999999.0000000000,9064.9455000000,0.2500000000,0.5000000000,0.3000000000,3.0000000000,0.7000000000,100,112,100,111,103,113
2957,neighbor,True,PASS_IMPLEMENTED_PROJECT_CHECKS,9771.9287800000,9064.9455000000,0.2500000000,0.5000000000,0.3000000000,3.0000000000,0.5000000000,102,112,104,112,103,111
2958,neighbor,False,ENVELOPE_BASE_CONTACT,999999999.0000000000,9064.9455000000,0.2750000000,0.6000000000,0.3000000000,2.5000000000,0.5000000000,103,111,103,112,100,111
2959,neighbor,False,MINIMUM_MAIN_STEEL,999999999.0000000000,9064.9455000000,0.2500000000,0.5000000000,0.3000000000,3.0000000000,0.6000000000,101,113,101,113,102,112
2960,neighbor,True,PASS_IMPLEMENTED_PROJECT_CHECKS,9407.3805000000,9064.9455000000,0.2500000000,0.5000000000,0.3000000000,3.0000000000,0.7000000000,103,113,100,111,103,113
2961,neighbor,True,PASS_IMPLEMENTED_PROJECT_CHECKS,9554.5350000000,9064.9455000000,0.2500000000,0.5000000000,0.3000000000,3.0000000000,0.7000000000,102,112,103,110,103,113
2962,neighbor,False,MAXIMUM_MAIN_STEEL,999999999.0000000000,9064.9455000000,0.2000000000,0.5000000000,0.3000000000,3.0000000000,0.7000000000,103,110,100,111,103,113
2963,neighbor,False,MINIMUM_MAIN_STEEL,999999999.0000000000,9064.9455000000,0.2000000000,0.5000000000,0.3000000000,3.0000000000,0.6000000000,101,112,100,112,101,113
2964,neighbor,False,MEMBER_FLEXURE,999999999.0000000000,9064.9455000000,0.2500000000,0.5000000000,0.3000000000,3.0000000000,0.6000000000,102,112,102,113,100,111
2965,neighbor,True,PASS_IMPLEMENTED_PROJECT_CHECKS,10434.6855000000,9064.9455000000,0.2500000000,0.5000000000,0.3000000000,3.0000000000,0.7000000000,102,110,100,111,103,113
2966,neighbor,False,MINIMUM_MAIN_STEEL,999999999.0000000000,9064.9455000000,0.2500000000,0.5000000000,0.3000000000,3.0000000000,0.7000000000,102,112,100,113,103,113
2967,neighbor,False,MEMBER_FLEXURE,999999999.0000000000,9064.9455000000,0.2500000000,0.5000000000,0.3000000000,3.0000000000,0.7000000000,102,112,100,111,100,110
2968,neighbor,True,PASS_IMPLEMENTED_PROJECT_CHECKS,9842.9578200000,9064.9455000000,0.2500000000,0.5000000000,0.3000000000,3.0000000000,0.7000000000,104,113,100,111,103,113
2969,neighbor,True,PASS_IMPLEMENTED_PROJECT_CHECKS,9064.9455000000,9064.9455000000,0.2500000000,0.5000000000,0.3000000000,3.0000000000,0.7000000000,102,112,100,111,103,113
2970,neighbor,False,ENVELOPE_BASE_CONTACT,999999999.0000000000,9064.9455000000,0.2500000000,0.5000000000,0.3000000000,2.5000000000,0.7000000000,102,112,101,110,100,110
2971,neighbor,False,MEMBER_FLEXURE,999999999.0000000000,9064.9455000000,0.2500000000,0.5000000000,0.3000000000,3.5000000000,0.9000000000,103,113,101,110,102,112
2972,neighbor,False,MINIMUM_MAIN_STEEL,999999999.0000000000,9064.9455000000,0.2500000000,0.5000000000,0.3000000000,3.0000000000,0.7000000000,102,112,100,112,103,113
2973,neighbor,False,MINIMUM_MAIN_STEEL,999999999.0000000000,9064.9455000000,0.2500000000,0.5000000000,0.3000000000,3.0000000000,0.7000000000,100,112,100,111,103,113
2974,neighbor,False,MEMBER_FLEXURE,999999999.0000000000,9064.9455000000,0.2500000000,0.5000000000,0.3000000000,3.0000000000,0.7000000000,102,112,100,111,100,111
2975,neighbor,False,MEMBER_FLEXURE,999999999.0000000000,9064.9455000000,0.2000000000,0.4500000000,0.3000000000,3.0000000000,0.7000000000,103,112,100,111,103,113
2976,neighbor,False,MINIMUM_MAIN_STEEL,999999999.0000000000,9064.9455000000,0.2000000000,0.5500000000,0.3000000000,3.0000000000,0.9000000000,100,110,101,111,104,111
2977,neighbor,True,PASS_IMPLEMENTED_PROJECT_CHECKS,12875.7822800000,9064.9455000000,0.3000000000,0.5000000000,0.4500000000,3.0000000000,0.9000000000,103,111,104,111,104,111
2978,neighbor,True,PASS_IMPLEMENTED_PROJECT_CHECKS,10121.2227500000,9064.9455000000,0.2500000000,0.5000000000,0.3500000000,3.5000000000,0.7000000000,102,112,101,112,102,111
2979,neighbor,False,MEMBER_FLEXURE,999999999.0000000000,9064.9455000000,0.2250000000,0.4000000000,0.3000000000,3.0000000000,0.7000000000,102,110,100,111,103,113
2980,neighbor,True,PASS_IMPLEMENTED_PROJECT_CHECKS,9070.8687000000,9064.9455000000,0.2500000000,0.5000000000,0.3000000000,3.0000000000,0.7000000000,102,112,101,113,103,113
2981,neighbor,True,PASS_IMPLEMENTED_PROJECT_CHECKS,9761.4397800000,9064.9455000000,0.2500000000,0.5000000000,0.3000000000,3.0000000000,0.7000000000,102,112,100,111,104,111
2982,neighbor,False,MEMBER_FLEXURE,999999999.0000000000,9064.9455000000,0.2500000000,0.5000000000,0.3000000000,3.5000000000,0.5000000000,102,112,104,113,101,111
2983,neighbor,False,MINIMUM_MAIN_STEEL,999999999.0000000000,9064.9455000000,0.2500000000,0.5000000000,0.4000000000,2.5000000000,0.9000000000,102,112,104,113,100,113
2984,neighbor,False,MEMBER_FLEXURE,999999999.0000000000,9064.9455000000,0.3000000000,0.4500000000,0.3000000000,3.0000000000,0.7000000000,101,110,100,111,103,113
2985,neighbor,True,PASS_IMPLEMENTED_PROJECT_CHECKS,9064.9455000000,9064.9455000000,0.2500000000,0.5000000000,0.3000000000,3.0000000000,0.7000000000,102,112,100,111,103,113
2986,neighbor,False,MINIMUM_MAIN_STEEL,999999999.0000000000,9064.9455000000,0.2500000000,0.5000000000,0.3000000000,3.0000000000,0.7000000000,101,111,100,111,103,113
2987,neighbor,True,PASS_IMPLEMENTED_PROJECT_CHECKS,9852.9932000000,9064.9455000000,0.2000000000,0.5000000000,0.3000000000,3.0000000000,0.5000000000,101,110,102,110,103,111
2988,neighbor,False,ENVELOPE_BASE_CONTACT,999999999.0000000000,9064.9455000000,0.2500000000,0.5000000000,0.5500000000,2.5000000000,0.7000000000,102,112,104,111,101,110
2989,neighbor,False,MINIMUM_MAIN_STEEL,999999999.0000000000,9064.9455000000,0.3000000000,0.4500000000,0.3000000000,3.0000000000,0.7000000000,101,112,100,111,103,113
2990,neighbor,False,MAXIMUM_MAIN_STEEL,999999999.0000000000,9064.9455000000,0.2500000000,0.5000000000,0.3000000000,3.0000000000,0.7000000000,103,110,100,111,103,113
2991,neighbor,False,MAXIMUM_MAIN_STEEL,999999999.0000000000,9064.9455000000,0.2500000000,0.5500000000,0.3000000000,3.0000000000,0.9000000000,103,110,104,110,104,112
2992,neighbor,True,PASS_IMPLEMENTED_PROJECT_CHECKS,10687.3934000000,9064.9455000000,0.3000000000,0.5000000000,0.3000000000,3.0000000000,0.7000000000,104,112,100,111,103,113
2993,neighbor,False,MINIMUM_MAIN_STEEL,999999999.0000000000,9064.9455000000,0.3000000000,0.5000000000,0.3000000000,3.0000000000,0.9000000000,101,112,102,110,100,111
2994,neighbor,True,PASS_IMPLEMENTED_PROJECT_CHECKS,9222.8975000000,9064.9455000000,0.2500000000,0.5000000000,0.3000000000,3.0000000000,0.7000000000,102,112,102,111,103,113
2995,neighbor,False,MINIMUM_MAIN_STEEL,999999999.0000000000,9064.9455000000,0.3000000000,0.5500000000,0.3000000000,3.0000000000,0.7000000000,100,110,100,111,103,113
2996,neighbor,True,PASS_IMPLEMENTED_PROJECT_CHECKS,9490.6755000000,9064.9455000000,0.2500000000,0.5000000000,0.3000000000,3.0000000000,0.7000000000,102,112,100,111,103,111
2997,neighbor,False,MEMBER_FLEXURE,999999999.0000000000,9064.9455000000,0.2750000000,0.4000000000,0.3000000000,3.0000000000,0.7000000000,102,110,100,111,103,113
2998,neighbor,False,MINIMUM_MAIN_STEEL,999999999.0000000000,9064.9455000000,0.2500000000,0.5000000000,0.3000000000,3.0000000000,0.7000000000,101,113,100,111,103,113
2999,neighbor,True,PASS_IMPLEMENTED_PROJECT_CHECKS,9224.5942500000,9064.9455000000,0.2500000000,0.5000000000,0.3000000000,3.0000000000,0.7000000000,102,112,100,111,103,112
3000,neighbor,False,MINIMUM_MAIN_STEEL,999999999.0000000000,9064.9455000000,0.2750000000,0.5500000000,0.3000000000,3.0000000000,0.8000000000,100,112,100,112,104,111
3001,neighbor,False,MEMBER_FLEXURE,999999999.0000000000,9064.9455000000,0.2750000000,0.4000000000,0.3000000000,3.0000000000,0.7000000000,104,112,100,111,103,113
3002,neighbor,True,PASS_IMPLEMENTED_PROJECT_CHECKS,10295.6208960000,9064.9455000000,0.2500000000,0.5000000000,0.3000000000,3.5000000000,0.6000000000,102,112,103,110,104,113
3003,neighbor,False,ENVELOPE_BASE_CONTACT,999999999.0000000000,9064.9455000000,0.2500000000,0.5000000000,0.5500000000,2.5000000000,0.8000000000,102,112,103,111,102,111
3004,neighbor,False,MINIMUM_MAIN_STEEL,999999999.0000000000,9064.9455000000,0.2250000000,0.6000000000,0.3000000000,3.0000000000,0.7000000000,100,112,100,111,103,113
3005,neighbor,True,PASS_IMPLEMENTED_PROJECT_CHECKS,12711.8940400000,9064.9455000000,0.2500000000,0.5000000000,0.5000000000,3.5000000000,0.5000000000,102,112,101,110,103,110
3006,neighbor,True,PASS_IMPLEMENTED_PROJECT_CHECKS,11717.5289500000,9064.9455000000,0.2750000000,0.5500000000,0.3000000000,3.0000000000,0.7000000000,104,111,100,111,103,113
3007,neighbor,True,PASS_IMPLEMENTED_PROJECT_CHECKS,10379.8959000000,9064.9455000000,0.2500000000,0.5000000000,0.3000000000,3.0000000000,0.7000000000,104,112,100,111,103,113
3008,neighbor,False,MEMBER_FLEXURE,999999999.0000000000,9064.9455000000,0.2500000000,0.5000000000,0.3000000000,3.0000000000,0.7000000000,102,112,100,111,101,112
3009,neighbor,True,PASS_IMPLEMENTED_PROJECT_CHECKS,9490.6755000000,9064.9455000000,0.2500000000,0.5000000000,0.3000000000,3.0000000000,0.7000000000,102,112,100,111,103,111
3010,neighbor,False,MEMBER_FLEXURE,999999999.0000000000,9064.9455000000,0.2750000000,0.4500000000,0.3000000000,3.0000000000,0.7000000000,102,110,100,111,103,113
3011,neighbor,False,MINIMUM_MAIN_STEEL,999999999.0000000000,9064.9455000000,0.2750000000,0.5000000000,0.3000000000,3.5000000000,0.7000000000,103,110,104,110,100,112
3012,neighbor,True,PASS_IMPLEMENTED_PROJECT_CHECKS,10548.8305000000,9064.9455000000,0.2500000000,0.5000000000,0.3000000000,3.0000000000,0.7000000000,103,111,100,111,103,113
3013,neighbor,False,MEMBER_FLEXURE,999999999.0000000000,9064.9455000000,0.2500000000,0.5000000000,0.3500000000,3.0000000000,0.6000000000,102,112,103,112,102,112
3014,neighbor,True,PASS_IMPLEMENTED_PROJECT_CHECKS,9213.0255000000,9064.9455000000,0.2500000000,0.5000000000,0.3000000000,3.0000000000,0.7000000000,102,112,101,110,103,113
3015,neighbor,False,MEMBER_FLEXURE,999999999.0000000000,9064.9455000000,0.2500000000,0.5000000000,0.3000000000,3.0000000000,0.6000000000,102,112,101,112,101,112
3016,neighbor,True,PASS_IMPLEMENTED_PROJECT_CHECKS,9064.9455000000,9064.9455000000,0.2500000000,0.5000000000,0.3000000000,3.0000000000,0.7000000000,102,112,100,111,103,113
3017,neighbor,True,PASS_IMPLEMENTED_PROJECT_CHECKS,9835.4242500000,9064.9455000000,0.2500000000,0.5000000000,0.3000000000,3.0000000000,0.7000000000,103,112,100,111,103,113
3018,neighbor,False,MAXIMUM_MAIN_STEEL,999999999.0000000000,9064.9455000000,0.2500000000,0.5000000000,0.3000000000,3.0000000000,0.7000000000,104,110,100,111,103,113
3019,neighbor,True,PASS_IMPLEMENTED_PROJECT_CHECKS,9490.6755000000,9064.9455000000,0.2500000000,0.5000000000,0.3000000000,3.0000000000,0.7000000000,102,112,100,111,103,111
3020,neighbor,False,MAXIMUM_MAIN_STEEL,999999999.0000000000,9064.9455000000,0.2000000000,0.6000000000,0.4000000000,3.5000000000,0.9000000000,102,110,101,112,101,112
3021,neighbor,True,PASS_IMPLEMENTED_PROJECT_CHECKS,9161.1975000000,9064.9455000000,0.2500000000,0.5000000000,0.3000000000,3.0000000000,0.7000000000,102,112,102,112,103,113
3022,neighbor,True,PASS_IMPLEMENTED_PROJECT_CHECKS,12414.1421800000,9064.9455000000,0.2500000000,0.5000000000,0.5000000000,3.5000000000,0.7000000000,102,112,103,111,104,111
3023,neighbor,True,PASS_IMPLEMENTED_PROJECT_CHECKS,9872.6989500000,9064.9455000000,0.2250000000,0.6000000000,0.3000000000,3.0000000000,0.7000000000,101,110,100,111,103,113
3024,neighbor,False,MINIMUM_MAIN_STEEL,999999999.0000000000,9064.9455000000,0.2500000000,0.5000000000,0.3000000000,3.0000000000,0.7000000000,101,112,100,111,103,113
3025,neighbor,False,MINIMUM_MAIN_STEEL,999999999.0000000000,9064.9455000000,0.2000000000,0.4500000000,0.3000000000,3.0000000000,0.7000000000,102,113,100,112,104,111
3026,neighbor,False,MINIMUM_MAIN_STEEL,999999999.0000000000,9064.9455000000,0.2500000000,0.5000000000,0.3000000000,3.5000000000,0.8000000000,102,112,101,113,100,113
3027,neighbor,False,ENVELOPE_BASE_CONTACT,999999999.0000000000,9064.9455000000,0.2500000000,0.5000000000,0.5500000000,2.5000000000,0.6000000000,102,112,101,111,102,112
3028,neighbor,False,MAXIMUM_MAIN_STEEL,999999999.0000000000,9064.9455000000,0.2500000000,0.5000000000,0.3000000000,3.0000000000,0.7000000000,102,112,104,110,103,113
3029,neighbor,False,ENVELOPE_BASE_CONTACT,999999999.0000000000,9064.9455000000,0.2750000000,0.5000000000,0.3000000000,2.5000000000,0.8000000000,104,112,104,111,103,110
3030,neighbor,False,MINIMUM_MAIN_STEEL,999999999.0000000000,9064.9455000000,0.3000000000,0.6000000000,0.3000000000,3.5000000000,0.7000000000,102,112,102,113,103,113
3031,neighbor,False,MINIMUM_MAIN_STEEL,999999999.0000000000,9064.9455000000,0.2500000000,0.5000000000,0.3000000000,3.0000000000,0.9000000000,102,112,100,113,100,111
3032,neighbor,True,PASS_IMPLEMENTED_PROJECT_CHECKS,9361.7225000000,9064.9455000000,0.2500000000,0.5000000000,0.3000000000,3.0000000000,0.7000000000,102,112,103,111,103,113
3033,neighbor,True,PASS_IMPLEMENTED_PROJECT_CHECKS,9266.3343000000,9064.9455000000,0.2500000000,0.5000000000,0.3000000000,3.0000000000,0.7000000000,102,112,104,113,103,113
3034,neighbor,False,MINIMUM_MAIN_STEEL,999999999.0000000000,9064.9455000000,0.2500000000,0.5000000000,0.3000000000,3.0000000000,0.7000000000,102,112,100,111,100,113
3035,neighbor,False,MINIMUM_MAIN_STEEL,999999999.0000000000,9064.9455000000,0.2500000000,0.6000000000,0.4500000000,2.5000000000,0.7000000000,102,112,104,111,104,110
3036,neighbor,True,PASS_IMPLEMENTED_PROJECT_CHECKS,9094.5615000000,9064.9455000000,0.2500000000,0.5000000000,0.3000000000,3.0000000000,0.7000000000,102,112,101,112,103,113
3037,neighbor,True,PASS_IMPLEMENTED_PROJECT_CHECKS,9448.1025000000,9064.9455000000,0.2500000000,0.5000000000,0.3000000000,3.0000000000,0.7000000000,102,112,100,111,102,110
3038,neighbor,True,PASS_IMPLEMENTED_PROJECT_CHECKS,9448.1025000000,9064.9455000000,0.2500000000,0.5000000000,0.3000000000,3.0000000000,0.7000000000,102,112,100,111,102,110
3039,neighbor,True,PASS_IMPLEMENTED_PROJECT_CHECKS,9427.6674600000,9064.9455000000,0.2500000000,0.5000000000,0.3000000000,3.0000000000,0.7000000000,102,112,100,111,104,112
3040,neighbor,False,MINIMUM_MAIN_STEEL,999999999.0000000000,9064.9455000000,0.2750000000,0.6000000000,0.3000000000,3.0000000000,0.7000000000,102,112,100,111,103,113
3041,neighbor,True,PASS_IMPLEMENTED_PROJECT_CHECKS,10118.0105000000,9064.9455000000,0.3000000000,0.5500000000,0.3000000000,3.0000000000,0.7000000000,102,111,100,111,103,113
3042,neighbor,False,MAXIMUM_MAIN_STEEL,999999999.0000000000,9064.9455000000,0.2000000000,0.6000000000,0.3000000000,3.0000000000,0.7000000000,103,110,100,111,103,113
3043,neighbor,True,PASS_IMPLEMENTED_PROJECT_CHECKS,9338.8935000000,9064.9455000000,0.2500000000,0.5000000000,0.3000000000,3.0000000000,0.7000000000,102,112,104,112,103,113
3044,neighbor,False,MAXIMUM_MAIN_STEEL,999999999.0000000000,9064.9455000000,0.2000000000,0.4000000000,0.4500000000,3.0000000000,0.6000000000,103,110,100,110,103,110
3045,neighbor,False,MINIMUM_MAIN_STEEL,999999999.0000000000,9064.9455000000,0.2250000000,0.5000000000,0.3000000000,2.5000000000,0.5000000000,100,110,104,110,102,110
3046,neighbor,False,MINIMUM_MAIN_STEEL,999999999.0000000000,9064.9455000000,0.3000000000,0.5000000000,0.3000000000,3.5000000000,0.8000000000,102,113,100,112,102,111
3047,neighbor,False,MINIMUM_MAIN_STEEL,999999999.0000000000,9064.9455000000,0.2500000000,0.5000000000,0.3000000000,3.0000000000,0.7000000000,102,112,100,111,100,112
3048,neighbor,False,MINIMUM_MAIN_STEEL,999999999.0000000000,9064.9455000000,0.2250000000,0.6000000000,0.3000000000,3.0000000000,0.7000000000,102,113,100,111,103,113
3049,neighbor,True,PASS_IMPLEMENTED_PROJECT_CHECKS,9218.6942500000,9064.9455000000,0.2750000000,0.5000000000,0.3000000000,3.0000000000,0.7000000000,102,112,100,111,103,113
3050,neighbor,False,MAXIMUM_MAIN_STEEL,999999999.0000000000,9064.9455000000,0.2000000000,0.4500000000,0.3000000000,3.0000000000,0.7000000000,103,111,100,111,103,113
3051,neighbor,False,MEMBER_FLEXURE,999999999.0000000000,9064.9455000000,0.2500000000,0.5000000000,0.3000000000,3.0000000000,0.7000000000,102,112,100,111,100,111
3052,neighbor,True,PASS_IMPLEMENTED_PROJECT_CHECKS,9761.4397800000,9064.9455000000,0.2500000000,0.5000000000,0.3000000000,3.0000000000,0.7000000000,102,112,100,111,104,111
3053,neighbor,True,PASS_IMPLEMENTED_PROJECT_CHECKS,9490.6755000000,9064.9455000000,0.2500000000,0.5000000000,0.3000000000,3.0000000000,0.7000000000,102,112,100,111,103,111
3054,neighbor,False,MINIMUM_MAIN_STEEL,999999999.0000000000,9064.9455000000,0.2500000000,0.5000000000,0.3000000000,3.0000000000,0.7000000000,101,113,100,111,103,113
3055,neighbor,True,PASS_IMPLEMENTED_PROJECT_CHECKS,10267.1840700000,9064.9455000000,0.2250000000,0.6000000000,0.3000000000,3.0000000000,0.7000000000,104,113,100,111,103,113
3056,neighbor,True,PASS_IMPLEMENTED_PROJECT_CHECKS,9842.9578200000,9064.9455000000,0.2500000000,0.5000000000,0.3000000000,3.0000000000,0.7000000000,104,113,100,111,103,113
3057,neighbor,False,MINIMUM_MAIN_STEEL,999999999.0000000000,9064.9455000000,0.2750000000,0.4000000000,0.3000000000,3.0000000000,0.7000000000,100,113,100,111,103,113
3058,neighbor,True,PASS_IMPLEMENTED_PROJECT_CHECKS,14071.2757250000,9064.9455000000,0.2250000000,0.6000000000,0.5500000000,3.5000000000,0.7000000000,104,113,103,113,103,110
3059,neighbor,False,MINIMUM_MAIN_STEEL,999999999.0000000000,9064.9455000000,0.2750000000,0.6000000000,0.3000000000,3.5000000000,0.6000000000,101,112,101,111,101,113
3060,neighbor,False,MINIMUM_MAIN_STEEL,999999999.0000000000,9064.9455000000,0.2500000000,0.6000000000,0.3000000000,3.0000000000,0.7000000000,101,111,100,111,103,113
3061,neighbor,False,MINIMUM_MAIN_STEEL,999999999.0000000000,9064.9455000000,0.3000000000,0.5500000000,0.4000000000,2.5000000000,0.8000000000,101,112,100,113,104,112
3062,neighbor,False,MINIMUM_MAIN_STEEL,999999999.0000000000,9064.9455000000,0.2500000000,0.5000000000,0.3000000000,3.5000000000,0.8000000000,102,112,103,110,100,113
3063,neighbor,False,MINIMUM_MAIN_STEEL,999999999.0000000000,9064.9455000000,0.2500000000,0.5000000000,0.3000000000,3.0000000000,0.7000000000,101,112,100,111,103,113
3064,neighbor,True,PASS_IMPLEMENTED_PROJECT_CHECKS,9109.3695000000,9064.9455000000,0.2500000000,0.5000000000,0.3000000000,3.0000000000,0.7000000000,102,112,100,110,103,113
3065,neighbor,False,MEMBER_FLEXURE,999999999.0000000000,9064.9455000000,0.2500000000,0.5000000000,0.3000000000,3.0000000000,0.7000000000,102,112,100,111,101,111
3066,neighbor,False,MINIMUM_MAIN_STEEL,999999999.0000000000,9064.9455000000,0.3000000000,0.5500000000,0.3000000000,2.5000000000,0.6000000000,101,111,102,112,101,112
3067,neighbor,True,PASS_IMPLEMENTED_PROJECT_CHECKS,13787.0412200000,9064.9455000000,0.3000000000,0.4500000000,0.5000000000,3.5000000000,0.8000000000,104,111,104,111,103,113
3068,neighbor,True,PASS_IMPLEMENTED_PROJECT_CHECKS,10588.4342500000,9064.9455000000,0.2750000000,0.5000000000,0.3000000000,3.0000000000,0.7000000000,102,110,100,111,103,113
3069,neighbor,False,MEMBER_FLEXURE,999999999.0000000000,9064.9455000000,0.2750000000,0.4500000000,0.3000000000,3.0000000000,0.7000000000,103,113,100,111,103,113
3070,neighbor,False,MEMBER_FLEXURE,999999999.0000000000,9064.9455000000,0.2500000000,0.5000000000,0.3000000000,3.0000000000,0.7000000000,102,112,100,111,100,110
3071,neighbor,True,PASS_IMPLEMENTED_PROJECT_CHECKS,9561.1292500000,9064.9455000000,0.2750000000,0.5000000000,0.3000000000,3.0000000000,0.7000000000,103,113,100,111,103,113
3072,neighbor,False,MAXIMUM_MAIN_STEEL,999999999.0000000000,9064.9455000000,0.2500000000,0.5000000000,0.3000000000,3.5000000000,0.5000000000,102,112,104,110,103,112
3073,neighbor,False,MEMBER_FLEXURE,999999999.0000000000,9064.9455000000,0.2500000000,0.5000000000,0.3000000000,3.0000000000,0.7000000000,102,112,100,111,100,110
3074,neighbor,False,MEMBER_FLEXURE,999999999.0000000000,9064.9455000000,0.3000000000,0.4000000000,0.3000000000,3.0000000000,0.7000000000,102,111,100,111,103,113
3075,neighbor,False,MINIMUM_MAIN_STEEL,999999999.0000000000,9064.9455000000,0.2750000000,0.6000000000,0.3000000000,3.0000000000,0.7000000000,100,113,100,111,103,113
3076,neighbor,True,PASS_IMPLEMENTED_PROJECT_CHECKS,9064.9455000000,9064.9455000000,0.2500000000,0.5000000000,0.3000000000,3.0000000000,0.7000000000,102,112,100,111,103,113
3077,neighbor,True,PASS_IMPLEMENTED_PROJECT_CHECKS,9448.1025000000,9064.9455000000,0.2500000000,0.5000000000,0.3000000000,3.0000000000,0.7000000000,102,112,100,111,102,110
3078,neighbor,False,STEM_STRESS_OR_INTERVAL_BOUND,999999999.0000000000,9064.9455000000,0.2750000000,0.4000000000,0.5500000000,3.5000000000,0.7000000000,101,111,100,110,104,112
3079,neighbor,False,MINIMUM_MAIN_STEEL,999999999.0000000000,9064.9455000000,0.2500000000,0.4500000000,0.4500000000,3.0000000000,0.6000000000,101,112,102,111,102,113
3080,neighbor,True,PASS_IMPLEMENTED_PROJECT_CHECKS,9761.4397800000,9064.9455000000,0.2500000000,0.5000000000,0.3000000000,3.0000000000,0.7000000000,102,112,100,111,104,111
3081,neighbor,True,PASS_IMPLEMENTED_PROJECT_CHECKS,9459.8255000000,9064.9455000000,0.2500000000,0.5000000000,0.3000000000,3.0000000000,0.7000000000,102,112,104,111,103,113
3082,neighbor,False,MAXIMUM_MAIN_STEEL,999999999.0000000000,9064.9455000000,0.2500000000,0.5000000000,0.3000000000,3.0000000000,0.5000000000,102,112,104,110,100,110
3083,neighbor,False,MINIMUM_MAIN_STEEL,999999999.0000000000,9064.9455000000,0.2750000000,0.6000000000,0.3000000000,3.0000000000,0.7000000000,101,112,100,111,103,113
3084,neighbor,True,PASS_IMPLEMENTED_PROJECT_CHECKS,9835.4242500000,9064.9455000000,0.2500000000,0.5000000000,0.3000000000,3.0000000000,0.7000000000,103,112,100,111,103,113
3085,neighbor,True,PASS_IMPLEMENTED_PROJECT_CHECKS,9835.4242500000,9064.9455000000,0.2500000000,0.5000000000,0.3000000000,3.0000000000,0.7000000000,103,112,100,111,103,113
3086,neighbor,True,PASS_IMPLEMENTED_PROJECT_CHECKS,9448.1025000000,9064.9455000000,0.2500000000,0.5000000000,0.3000000000,3.0000000000,0.7000000000,102,112,100,111,102,110
3087,neighbor,True,PASS_IMPLEMENTED_PROJECT_CHECKS,11216.8819500000,9064.9455000000,0.2500000000,0.5000000000,0.4000000000,3.0000000000,0.8000000000,102,112,103,112,104,110
3088,neighbor,False,MEMBER_FLEXURE,999999999.0000000000,9064.9455000000,0.2500000000,0.5000000000,0.3500000000,3.0000000000,0.5000000000,102,112,101,111,102,113
3089,neighbor,False,MEMBER_FLEXURE,999999999.0000000000,9064.9455000000,0.2500000000,0.5000000000,0.3000000000,3.0000000000,0.7000000000,102,112,100,111,101,113
3090,neighbor,False,MINIMUM_MAIN_STEEL,999999999.0000000000,9064.9455000000,0.2500000000,0.5000000000,0.3000000000,3.0000000000,0.7000000000,102,112,100,111,100,112
3091,neighbor,True,PASS_IMPLEMENTED_PROJECT_CHECKS,9161.1975000000,9064.9455000000,0.2500000000,0.5000000000,0.3000000000,3.0000000000,0.7000000000,102,112,102,112,103,113
3092,neighbor,True,PASS_IMPLEMENTED_PROJECT_CHECKS,11310.8884380000,9064.9455000000,0.2750000000,0.6000000000,0.3000000000,3.0000000000,0.8000000000,102,111,104,113,103,110
3093,neighbor,False,MEMBER_FLEXURE,999999999.0000000000,9064.9455000000,0.2000000000,0.4500000000,0.3000000000,3.0000000000,0.7000000000,104,113,100,111,103,113
3094,neighbor,False,MINIMUM_MAIN_STEEL,999999999.0000000000,9064.9455000000,0.2500000000,0.5000000000,0.3000000000,3.0000000000,0.7000000000,102,112,100,112,103,113
3095,neighbor,True,PASS_IMPLEMENTED_PROJECT_CHECKS,12870.8949400000,9064.9455000000,0.2000000000,0.5500000000,0.5000000000,3.5000000000,0.9000000000,102,111,104,110,102,110
3096,neighbor,True,PASS_IMPLEMENTED_PROJECT_CHECKS,9109.3695000000,9064.9455000000,0.2500000000,0.5000000000,0.3000000000,3.0000000000,0.7000000000,102,112,100,110,103,113
3097,neighbor,False,MAXIMUM_MAIN_STEEL,999999999.0000000000,9064.9455000000,0.3000000000,0.5000000000,0.3000000000,3.0000000000,0.7000000000,104,110,100,111,103,113
3098,neighbor,True,PASS_IMPLEMENTED_PROJECT_CHECKS,9224.5942500000,9064.9455000000,0.2500000000,0.5000000000,0.3000000000,3.0000000000,0.7000000000,102,112,100,111,103,112
3099,neighbor,False,STEM_STRESS_OR_INTERVAL_BOUND,999999999.0000000000,9064.9455000000,0.2500000000,0.4000000000,0.3000000000,3.0000000000,0.7000000000,102,112,100,111,103,113
3100,neighbor,True,PASS_IMPLEMENTED_PROJECT_CHECKS,10379.8959000000,9064.9455000000,0.2500000000,0.5000000000,0.3000000000,3.0000000000,0.7000000000,104,112,100,111,103,113
3101,neighbor,False,ENVELOPE_BASE_CONTACT,999999999.0000000000,9064.9455000000,0.3000000000,0.4500000000,0.3000000000,2.5000000000,0.9000000000,102,112,102,112,100,110
3102,neighbor,False,ENVELOPE_BASE_CONTACT,999999999.0000000000,9064.9455000000,0.2500000000,0.5000000000,0.3000000000,2.5000000000,0.8000000000,102,112,103,113,102,112
3103,neighbor,False,MINIMUM_MAIN_STEEL,999999999.0000000000,9064.9455000000,0.2500000000,0.5000000000,0.3000000000,3.0000000000,0.7000000000,100,111,100,111,103,113
3104,neighbor,True,PASS_IMPLEMENTED_PROJECT_CHECKS,11434.3030000000,9064.9455000000,0.3000000000,0.6000000000,0.3000000000,3.0000000000,0.7000000000,103,111,100,111,103,113
3105,neighbor,False,MINIMUM_MAIN_STEEL,999999999.0000000000,9064.9455000000,0.2250000000,0.4500000000,0.3000000000,3.5000000000,0.6000000000,100,111,104,111,102,112
3106,neighbor,False,MEMBER_FLEXURE,999999999.0000000000,9064.9455000000,0.2500000000,0.4500000000,0.3000000000,3.0000000000,0.7000000000,104,113,100,111,103,113
3107,neighbor,False,MINIMUM_MAIN_STEEL,999999999.0000000000,9064.9455000000,0.2500000000,0.5000000000,0.5000000000,3.0000000000,0.5000000000,102,112,103,113,100,111
3108,neighbor,False,MINIMUM_MAIN_STEEL,999999999.0000000000,9064.9455000000,0.3000000000,0.5000000000,0.3000000000,3.0000000000,0.7000000000,102,113,100,111,103,113
3109,neighbor,True,PASS_IMPLEMENTED_PROJECT_CHECKS,9459.8255000000,9064.9455000000,0.2500000000,0.5000000000,0.3000000000,3.0000000000,0.7000000000,102,112,104,111,103,113
3110,neighbor,False,ENVELOPE_BASE_CONTACT,999999999.0000000000,9064.9455000000,0.2750000000,0.4000000000,0.4000000000,2.5000000000,0.5000000000,102,112,101,110,102,111
3111,neighbor,False,MINIMUM_MAIN_STEEL,999999999.0000000000,9064.9455000000,0.2500000000,0.5000000000,0.3000000000,3.0000000000,0.7000000000,100,112,100,111,103,113
3112,neighbor,False,MINIMUM_MAIN_STEEL,999999999.0000000000,9064.9455000000,0.2500000000,0.5000000000,0.3000000000,3.0000000000,0.7000000000,102,112,100,111,100,113
3113,neighbor,False,MINIMUM_MAIN_STEEL,999999999.0000000000,9064.9455000000,0.2750000000,0.6000000000,0.5500000000,3.0000000000,0.6000000000,101,111,104,111,103,110
3114,neighbor,False,MINIMUM_MAIN_STEEL,999999999.0000000000,9064.9455000000,0.2250000000,0.5000000000,0.3000000000,3.0000000000,0.7000000000,102,113,100,111,103,113
3115,neighbor,False,MINIMUM_MAIN_STEEL,999999999.0000000000,9064.9455000000,0.2500000000,0.5000000000,0.3000000000,3.0000000000,0.7000000000,102,112,100,113,103,113
3116,neighbor,False,STEM_STRESS_OR_INTERVAL_BOUND,999999999.0000000000,9064.9455000000,0.3000000000,0.4000000000,0.3000000000,3.0000000000,0.7000000000,102,113,100,111,103,113
3117,neighbor,False,MINIMUM_MAIN_STEEL,999999999.0000000000,9064.9455000000,0.2000000000,0.5500000000,0.3500000000,3.5000000000,0.6000000000,100,112,103,111,103,113
3118,neighbor,False,MAXIMUM_MAIN_STEEL,999999999.0000000000,9064.9455000000,0.2500000000,0.5000000000,0.3000000000,3.0000000000,0.7000000000,102,112,104,110,103,113
3119,neighbor,False,MINIMUM_MAIN_STEEL,999999999.0000000000,9064.9455000000,0.2500000000,0.5000000000,0.3000000000,3.0000000000,0.7000000000,100,111,100,111,103,113
3120,neighbor,True,PASS_IMPLEMENTED_PROJECT_CHECKS,9459.8255000000,9064.9455000000,0.2500000000,0.5000000000,0.3000000000,3.0000000000,0.7000000000,102,112,104,111,103,113
3121,neighbor,False,MEMBER_FLEXURE,999999999.0000000000,9064.9455000000,0.2500000000,0.5000000000,0.3000000000,3.0000000000,0.7000000000,102,112,100,111,102,112
3122,neighbor,True,PASS_IMPLEMENTED_PROJECT_CHECKS,9109.3695000000,9064.9455000000,0.2500000000,0.5000000000,0.3000000000,3.0000000000,0.7000000000,102,112,100,110,103,113
3123,neighbor,False,ENVELOPE_BASE_CONTACT,999999999.0000000000,9064.9455000000,0.2250000000,0.6000000000,0.4000000000,2.5000000000,0.6000000000,103,112,104,111,102,110
3124,neighbor,False,ENVELOPE_BASE_CONTACT,999999999.0000000000,9064.9455000000,0.2500000000,0.5000000000,0.5000000000,2.5000000000,0.7000000000,102,112,101,111,102,111
3125,neighbor,False,MINIMUM_MAIN_STEEL,999999999.0000000000,9064.9455000000,0.2500000000,0.5000000000,0.3000000000,2.5000000000,0.9000000000,102,112,100,113,100,111
3126,neighbor,True,PASS_IMPLEMENTED_PROJECT_CHECKS,9361.7225000000,9064.9455000000,0.2500000000,0.5000000000,0.3000000000,3.0000000000,0.7000000000,102,112,103,111,103,113
3127,neighbor,False,MEMBER_FLEXURE,999999999.0000000000,9064.9455000000,0.2500000000,0.4000000000,0.3000000000,3.0000000000,0.7000000000,102,111,100,111,103,113
3128,neighbor,False,MINIMUM_MAIN_STEEL,999999999.0000000000,9064.9455000000,0.2750000000,0.4500000000,0.3000000000,2.5000000000,0.8000000000,100,112,103,110,102,111
3129,neighbor,False,STEM_STRESS_OR_INTERVAL_BOUND,999999999.0000000000,9064.9455000000,0.2000000000,0.4500000000,0.3000000000,3.0000000000,0.7000000000,101,111,100,111,103,113
3130,neighbor,True,PASS_IMPLEMENTED_PROJECT_CHECKS,10723.6730000000,9064.9455000000,0.2500000000,0.5500000000,0.3000000000,3.0000000000,0.7000000000,102,110,100,111,103,113
3131,neighbor,False,MAXIMUM_MAIN_STEEL,999999999.0000000000,9064.9455000000,0.2500000000,0.5000000000,0.3000000000,3.0000000000,0.7000000000,102,112,104,110,103,113
3132,neighbor,True,PASS_IMPLEMENTED_PROJECT_CHECKS,13481.1232100000,9064.9455000000,0.3000000000,0.5500000000,0.5500000000,3.5000000000,0.8000000000,103,113,103,113,104,111
3133,neighbor,False,MINIMUM_MAIN_STEEL,999999999.0000000000,9064.9455000000,0.2500000000,0.5000000000,0.3000000000,3.0000000000,0.7000000000,100,111,100,111,103,113
3134,neighbor,False,MINIMUM_MAIN_STEEL,999999999.0000000000,9064.9455000000,0.2000000000,0.6000000000,0.3000000000,3.0000000000,0.7000000000,102,112,102,113,104,110
3135,neighbor,False,ENVELOPE_BASE_CONTACT,999999999.0000000000,9064.9455000000,0.2000000000,0.4500000000,0.5500000000,2.5000000000,0.6000000000,102,112,103,112,103,113
3136,neighbor,True,PASS_IMPLEMENTED_PROJECT_CHECKS,9265.3162500000,9064.9455000000,0.2500000000,0.5000000000,0.3000000000,3.0000000000,0.7000000000,102,112,103,112,103,113
3137,neighbor,False,MINIMUM_MAIN_STEEL,999999999.0000000000,9064.9455000000,0.2500000000,0.5000000000,0.3000000000,3.0000000000,0.7000000000,100,111,100,111,103,113
3138,neighbor,True,PASS_IMPLEMENTED_PROJECT_CHECKS,9853.4021880000,9064.9455000000,0.2500000000,0.5000000000,0.3000000000,3.5000000000,0.8000000000,102,112,104,113,103,113
3139,neighbor,True,PASS_IMPLEMENTED_PROJECT_CHECKS,11994.4865340000,9064.9455000000,0.2500000000,0.5000000000,0.5500000000,3.5000000000,0.5000000000,102,112,102,111,104,113
3140,neighbor,False,MINIMUM_MAIN_STEEL,999999999.0000000000,9064.9455000000,0.2750000000,0.4500000000,0.3000000000,3.5000000000,0.6000000000,102,113,102,113,103,113
3141,neighbor,False,MEMBER_FLEXURE,999999999.0000000000,9064.9455000000,0.2500000000,0.5000000000,0.3000000000,3.0000000000,0.7000000000,102,112,100,111,102,112
3142,neighbor,False,MAXIMUM_MAIN_STEEL,999999999.0000000000,9064.9455000000,0.2500000000,0.5000000000,0.3000000000,3.0000000000,0.7000000000,102,112,104,110,103,113
3143,neighbor,True,PASS_IMPLEMENTED_PROJECT_CHECKS,9161.1975000000,9064.9455000000,0.2500000000,0.5000000000,0.3000000000,3.0000000000,0.7000000000,102,112,102,112,103,113
3144,neighbor,False,ENVELOPE_BASE_CONTACT,999999999.0000000000,9064.9455000000,0.2750000000,0.6000000000,0.3000000000,2.5000000000,0.8000000000,104,110,102,112,104,110
3145,neighbor,True,PASS_IMPLEMENTED_PROJECT_CHECKS,9522.7595000000,9064.9455000000,0.2500000000,0.5000000000,0.3000000000,3.0000000000,0.9000000000,102,112,102,112,103,111
3146,neighbor,True,PASS_IMPLEMENTED_PROJECT_CHECKS,10434.6855000000,9064.9455000000,0.2500000000,0.5000000000,0.3000000000,3.0000000000,0.7000000000,102,110,100,111,103,113
3147,neighbor,True,PASS_IMPLEMENTED_PROJECT_CHECKS,10548.8305000000,9064.9455000000,0.2500000000,0.5000000000,0.3000000000,3.0000000000,0.7000000000,103,111,100,111,103,113
3148,neighbor,True,PASS_IMPLEMENTED_PROJECT_CHECKS,9207.4725000000,9064.9455000000,0.2500000000,0.5000000000,0.3000000000,3.0000000000,0.7000000000,102,112,103,113,103,113
3149,neighbor,False,MINIMUM_MAIN_STEEL,999999999.0000000000,9064.9455000000,0.2000000000,0.4000000000,0.3000000000,3.5000000000,0.5000000000,101,112,104,113,101,110
3150,neighbor,True,PASS_IMPLEMENTED_PROJECT_CHECKS,9227.4040680000,9064.9455000000,0.2500000000,0.5000000000,0.3000000000,3.0000000000,0.7000000000,102,112,100,111,104,113
3151,neighbor,False,MINIMUM_MAIN_STEEL,999999999.0000000000,9064.9455000000,0.2500000000,0.5000000000,0.3000000000,3.0000000000,0.7000000000,102,112,100,112,103,113
3152,neighbor,True,PASS_IMPLEMENTED_PROJECT_CHECKS,9227.4040680000,9064.9455000000,0.2500000000,0.5000000000,0.3000000000,3.0000000000,0.7000000000,102,112,100,111,104,113
3153,neighbor,False,MINIMUM_MAIN_STEEL,999999999.0000000000,9064.9455000000,0.2500000000,0.5000000000,0.3000000000,2.5000000000,0.7000000000,102,112,100,112,102,112
3154,neighbor,True,PASS_IMPLEMENTED_PROJECT_CHECKS,9338.8935000000,9064.9455000000,0.2500000000,0.5000000000,0.3000000000,3.0000000000,0.7000000000,102,112,104,112,103,113
3155,neighbor,False,ENVELOPE_BASE_CONTACT,999999999.0000000000,9064.9455000000,0.3000000000,0.4000000000,0.3000000000,2.5000000000,0.5000000000,102,110,101,112,104,113
3156,neighbor,True,PASS_IMPLEMENTED_PROJECT_CHECKS,10574.6815700000,9064.9455000000,0.2750000000,0.6000000000,0.3000000000,3.0000000000,0.7000000000,104,113,100,111,103,113
3157,neighbor,False,MINIMUM_MAIN_STEEL,999999999.0000000000,9064.9455000000,0.2500000000,0.5000000000,0.3000000000,3.0000000000,0.7000000000,102,112,100,111,100,112
3158,neighbor,False,MINIMUM_MAIN_STEEL,999999999.0000000000,9064.9455000000,0.2500000000,0.5000000000,0.3000000000,3.0000000000,0.7000000000,101,112,100,111,103,113
3159,neighbor,False,MEMBER_FLEXURE,999999999.0000000000,9064.9455000000,0.2500000000,0.5000000000,0.3000000000,3.0000000000,0.7000000000,102,112,100,111,101,112
3160,neighbor,False,MAXIMUM_MAIN_STEEL,999999999.0000000000,9064.9455000000,0.2500000000,0.5000000000,0.3000000000,3.0000000000,0.7000000000,104,110,100,111,103,113
3161,neighbor,True,PASS_IMPLEMENTED_PROJECT_CHECKS,9535.4603200000,9064.9455000000,0.2000000000,0.5000000000,0.3000000000,3.0000000000,0.7000000000,104,113,100,111,103,113
3162,neighbor,False,MINIMUM_MAIN_STEEL,999999999.0000000000,9064.9455000000,0.3000000000,0.4500000000,0.5000000000,2.5000000000,0.6000000000,104,112,100,112,100,110
3163,neighbor,False,MINIMUM_MAIN_STEEL,999999999.0000000000,9064.9455000000,0.2500000000,0.5000000000,0.5000000000,2.5000000000,0.8000000000,102,112,104,112,100,112
3164,neighbor,True,PASS_IMPLEMENTED_PROJECT_CHECKS,10781.0937500000,9064.9455000000,0.2500000000,0.5000000000,0.4000000000,3.5000000000,0.9000000000,102,112,102,111,103,112
3165,neighbor,False,MINIMUM_MAIN_STEEL,999999999.0000000000,9064.9455000000,0.2500000000,0.5000000000,0.3000000000,3.0000000000,0.7000000000,101,113,100,111,103,113
3166,neighbor,False,MINIMUM_MAIN_STEEL,999999999.0000000000,9064.9455000000,0.3000000000,0.5000000000,0.5500000000,3.0000000000,0.7000000000,102,111,101,111,101,113
3167,neighbor,True,PASS_IMPLEMENTED_PROJECT_CHECKS,10379.8959000000,9064.9455000000,0.2500000000,0.5000000000,0.3000000000,3.0000000000,0.7000000000,104,112,100,111,103,113
3168,neighbor,False,ENVELOPE_BASE_CONTACT,999999999.0000000000,9064.9455000000,0.3000000000,0.5000000000,0.3500000000,2.5000000000,0.8000000000,104,111,103,110,104,113
3169,neighbor,True,PASS_IMPLEMENTED_PROJECT_CHECKS,10478.0135000000,9064.9455000000,0.2500000000,0.5000000000,0.3000000000,3.5000000000,0.5000000000,102,112,102,110,103,111
3170,neighbor,True,PASS_IMPLEMENTED_PROJECT_CHECKS,9094.5615000000,9064.9455000000,0.2500000000,0.5000000000,0.3000000000,3.0000000000,0.7000000000,102,112,101,112,103,113
3171,neighbor,False,ENVELOPE_BASE_CONTACT,999999999.0000000000,9064.9455000000,0.2750000000,0.4500000000,0.5500000000,2.5000000000,0.7000000000,104,113,101,111,102,110
3172,neighbor,True,PASS_IMPLEMENTED_PROJECT_CHECKS,11389.3590000000,9064.9455000000,0.2500000000,0.5000000000,0.5000000000,3.0000000000,0.9000000000,102,112,102,111,103,110
3173,neighbor,False,MINIMUM_MAIN_STEEL,999999999.0000000000,9064.9455000000,0.2750000000,0.5000000000,0.3000000000,3.5000000000,0.7000000000,101,112,100,111,101,111
3174,neighbor,False,MINIMUM_MAIN_STEEL,999999999.0000000000,9064.9455000000,0.3000000000,0.6000000000,0.3000000000,3.0000000000,0.7000000000,100,113,100,111,103,113
3175,neighbor,True,PASS_IMPLEMENTED_PROJECT_CHECKS,10576.5274000000,9064.9455000000,0.2500000000,0.5000000000,0.4000000000,3.5000000000,0.5000000000,102,112,102,113,102,111
3176,neighbor,True,PASS_IMPLEMENTED_PROJECT_CHECKS,9958.5982200000,9064.9455000000,0.2500000000,0.5000000000,0.3000000000,3.5000000000,0.9000000000,102,112,104,112,103,113
3177,neighbor,True,PASS_IMPLEMENTED_PROJECT_CHECKS,9407.3805000000,9064.9455000000,0.2500000000,0.5000000000,0.3000000000,3.0000000000,0.7000000000,103,113,100,111,103,113
3178,neighbor,False,MAXIMUM_MAIN_STEEL,999999999.0000000000,9064.9455000000,0.2500000000,0.5000000000,0.3000000000,3.0000000000,0.7000000000,103,110,100,111,103,113
3179,neighbor,True,PASS_IMPLEMENTED_PROJECT_CHECKS,9265.3162500000,9064.9455000000,0.2500000000,0.5000000000,0.3000000000,3.0000000000,0.7000000000,102,112,103,112,103,113
3180,neighbor,False,MAXIMUM_MAIN_STEEL,999999999.0000000000,9064.9455000000,0.2500000000,0.5000000000,0.3000000000,3.5000000000,0.8000000000,102,112,100,110,104,110
3181,neighbor,True,PASS_IMPLEMENTED_PROJECT_CHECKS,9107.5185000000,9064.9455000000,0.2500000000,0.5000000000,0.3000000000,3.0000000000,0.7000000000,102,112,100,111,102,111
3182,neighbor,False,ENVELOPE_BASE_CONTACT,999999999.0000000000,9064.9455000000,0.2500000000,0.5000000000,0.3500000000,2.5000000000,0.9000000000,102,112,103,112,104,111
3183,neighbor,True,PASS_IMPLEMENTED_PROJECT_CHECKS,9427.6674600000,9064.9455000000,0.2500000000,0.5000000000,0.3000000000,3.0000000000,0.7000000000,102,112,100,111,104,112
3184,neighbor,True,PASS_IMPLEMENTED_PROJECT_CHECKS,9207.4725000000,9064.9455000000,0.2500000000,0.5000000000,0.3000000000,3.0000000000,0.7000000000,102,112,103,113,103,113
3185,neighbor,True,PASS_IMPLEMENTED_PROJECT_CHECKS,12283.1405000000,9064.9455000000,0.3000000000,0.5000000000,0.3000000000,3.0000000000,0.7000000000,103,110,100,111,103,113
3186,neighbor,True,PASS_IMPLEMENTED_PROJECT_CHECKS,9222.8975000000,9064.9455000000,0.2500000000,0.5000000000,0.3000000000,3.0000000000,0.7000000000,102,112,102,111,103,113
3187,neighbor,False,MINIMUM_MAIN_STEEL,999999999.0000000000,9064.9455000000,0.2000000000,0.6000000000,0.3000000000,3.0000000000,0.8000000000,101,110,100,113,101,113
3188,neighbor,False,MINIMUM_MAIN_STEEL,999999999.0000000000,9064.9455000000,0.2500000000,0.5000000000,0.3500000000,3.5000000000,0.6000000000,102,112,102,113,100,112
3189,neighbor,False,MEMBER_FLEXURE,999999999.0000000000,9064.9455000000,0.2500000000,0.5000000000,0.3000000000,3.5000000000,0.5000000000,102,112,102,112,101,111
3190,neighbor,False,MAXIMUM_MAIN_STEEL,999999999.0000000000,9064.9455000000,0.2500000000,0.5000000000,0.3000000000,3.5000000000,0.8000000000,102,112,104,110,101,111
3191,neighbor,True,PASS_IMPLEMENTED_PROJECT_CHECKS,9448.1025000000,9064.9455000000,0.2500000000,0.5000000000,0.3000000000,3.0000000000,0.7000000000,102,112,100,111,102,110
3192,neighbor,False,STEM_STRESS_OR_INTERVAL_BOUND,999999999.0000000000,9064.9455000000,0.2750000000,0.4500000000,0.3000000000,3.0000000000,0.7000000000,102,112,100,111,103,113
3193,neighbor,False,MINIMUM_MAIN_STEEL,999999999.0000000000,9064.9455000000,0.3000000000,0.4000000000,0.3000000000,2.5000000000,0.6000000000,100,112,103,110,100,110
3194,neighbor,True,PASS_IMPLEMENTED_PROJECT_CHECKS,9064.9455000000,9064.9455000000,0.2500000000,0.5000000000,0.3000000000,3.0000000000,0.7000000000,102,112,100,111,103,113
3195,neighbor,False,ENVELOPE_BASE_CONTACT,999999999.0000000000,9064.9455000000,0.2500000000,0.5000000000,0.3000000000,2.5000000000,0.7000000000,102,112,103,110,101,113
3196,neighbor,True,PASS_IMPLEMENTED_PROJECT_CHECKS,10379.8959000000,9064.9455000000,0.2500000000,0.5000000000,0.3000000000,3.0000000000,0.7000000000,104,112,100,111,103,113
3197,neighbor,False,MEMBER_FLEXURE,999999999.0000000000,9064.9455000000,0.2500000000,0.5000000000,0.3000000000,3.0000000000,0.5000000000,102,112,102,113,101,111
3198,neighbor,False,MEMBER_FLEXURE,999999999.0000000000,9064.9455000000,0.2500000000,0.5000000000,0.3000000000,3.5000000000,0.8000000000,102,112,103,112,102,113
3199,neighbor,False,MEMBER_FLEXURE,999999999.0000000000,9064.9455000000,0.2500000000,0.5000000000,0.3000000000,3.0000000000,0.7000000000,102,112,100,111,102,112
3200,neighbor,False,MINIMUM_MAIN_STEEL,999999999.0000000000,9064.9455000000,0.2000000000,0.4500000000,0.3000000000,2.5000000000,0.8000000000,104,112,100,110,100,112
3201,neighbor,True,PASS_IMPLEMENTED_PROJECT_CHECKS,9161.1975000000,9064.9455000000,0.2500000000,0.5000000000,0.3000000000,3.0000000000,0.7000000000,102,112,102,112,103,113
3202,neighbor,True,PASS_IMPLEMENTED_PROJECT_CHECKS,9227.4040680000,9064.9455000000,0.2500000000,0.5000000000,0.3000000000,3.0000000000,0.7000000000,102,112,100,111,104,113
3203,neighbor,True,PASS_IMPLEMENTED_PROJECT_CHECKS,10548.8305000000,9064.9455000000,0.2500000000,0.5000000000,0.3000000000,3.0000000000,0.7000000000,103,111,100,111,103,113
3204,neighbor,False,MINIMUM_MAIN_STEEL,999999999.0000000000,9064.9455000000,0.2000000000,0.6000000000,0.4000000000,3.5000000000,0.9000000000,101,113,101,111,104,111
3205,neighbor,True,PASS_IMPLEMENTED_PROJECT_CHECKS,9132.7908200000,9064.9455000000,0.2500000000,0.5000000000,0.3000000000,3.0000000000,0.6000000000,102,112,100,111,102,111
3206,neighbor,False,MINIMUM_MAIN_STEEL,999999999.0000000000,9064.9455000000,0.2500000000,0.5000000000,0.3000000000,3.0000000000,0.7000000000,102,113,100,111,103,113
3207,neighbor,True,PASS_IMPLEMENTED_PROJECT_CHECKS,9842.9578200000,9064.9455000000,0.2500000000,0.5000000000,0.3000000000,3.0000000000,0.7000000000,104,113,100,111,103,113
3208,neighbor,False,MINIMUM_MAIN_STEEL,999999999.0000000000,9064.9455000000,0.3000000000,0.6000000000,0.3000000000,3.5000000000,0.9000000000,102,112,104,111,101,111
3209,neighbor,False,MINIMUM_MAIN_STEEL,999999999.0000000000,9064.9455000000,0.2500000000,0.5000000000,0.3000000000,3.0000000000,0.7000000000,100,110,100,111,103,113
3210,neighbor,False,MINIMUM_MAIN_STEEL,999999999.0000000000,9064.9455000000,0.3000000000,0.4000000000,0.5000000000,2.5000000000,0.7000000000,104,112,100,112,100,111
3211,neighbor,False,MINIMUM_MAIN_STEEL,999999999.0000000000,9064.9455000000,0.3000000000,0.4000000000,0.3000000000,2.5000000000,0.9000000000,101,112,102,113,100,111
3212,neighbor,False,MINIMUM_MAIN_STEEL,999999999.0000000000,9064.9455000000,0.2500000000,0.5000000000,0.3000000000,3.0000000000,0.7000000000,102,112,100,111,100,113
3213,neighbor,True,PASS_IMPLEMENTED_PROJECT_CHECKS,9521.5255000000,9064.9455000000,0.2500000000,0.5000000000,0.3000000000,3.0000000000,0.7000000000,102,111,100,111,103,113
3214,neighbor,False,MINIMUM_MAIN_STEEL,999999999.0000000000,9064.9455000000,0.2500000000,0.5500000000,0.3000000000,2.5000000000,0.7000000000,101,111,104,110,104,111
3215,neighbor,True,PASS_IMPLEMENTED_PROJECT_CHECKS,11320.1580000000,9064.9455000000,0.3000000000,0.6000000000,0.3000000000,3.0000000000,0.7000000000,102,110,100,111,103,113
3216,neighbor,True,PASS_IMPLEMENTED_PROJECT_CHECKS,9749.8155000000,9064.9455000000,0.2500000000,0.5000000000,0.3000000000,3.0000000000,0.9000000000,102,112,103,111,102,110
3217,neighbor,False,ENVELOPE_BASE_CONTACT,999999999.0000000000,9064.9455000000,0.2500000000,0.5000000000,0.4000000000,2.5000000000,0.7000000000,102,112,103,111,103,112
3218,neighbor,False,MINIMUM_MAIN_STEEL,999999999.0000000000,9064.9455000000,0.2500000000,0.5000000000,0.3000000000,3.0000000000,0.7000000000,102,112,100,111,100,113
3219,neighbor,True,PASS_IMPLEMENTED_PROJECT_CHECKS,9835.4242500000,9064.9455000000,0.2500000000,0.5000000000,0.3000000000,3.0000000000,0.7000000000,103,112,100,111,103,113
3220,neighbor,False,MINIMUM_MAIN_STEEL,999999999.0000000000,9064.9455000000,0.2500000000,0.5000000000,0.4500000000,3.0000000000,0.6000000000,100,111,103,111,100,111
3221,neighbor,False,STEM_STRESS_OR_INTERVAL_BOUND,999999999.0000000000,9064.9455000000,0.3000000000,0.4500000000,0.3000000000,3.0000000000,0.5000000000,101,111,103,111,103,110
3222,neighbor,True,PASS_IMPLEMENTED_PROJECT_CHECKS,9064.9455000000,9064.9455000000,0.2500000000,0.5000000000,0.3000000000,3.0000000000,0.7000000000,102,112,100,111,103,113
3223,neighbor,False,MINIMUM_MAIN_STEEL,999999999.0000000000,9064.9455000000,0.2500000000,0.5000000000,0.3000000000,3.0000000000,0.7000000000,101,111,100,111,103,113
3224,neighbor,True,PASS_IMPLEMENTED_PROJECT_CHECKS,9996.7065700000,9064.9455000000,0.2750000000,0.5000000000,0.3000000000,3.0000000000,0.7000000000,104,113,100,111,103,113
3225,neighbor,True,PASS_IMPLEMENTED_PROJECT_CHECKS,9761.4397800000,9064.9455000000,0.2500000000,0.5000000000,0.3000000000,3.0000000000,0.7000000000,102,112,100,111,104,111
3226,neighbor,False,MINIMUM_MAIN_STEEL,999999999.0000000000,9064.9455000000,0.2500000000,0.5000000000,0.3000000000,3.0000000000,0.7000000000,102,112,100,112,103,113
3227,neighbor,False,MINIMUM_MAIN_STEEL,999999999.0000000000,9064.9455000000,0.2500000000,0.5000000000,0.3000000000,3.0000000000,0.7000000000,102,112,100,112,103,113
3228,neighbor,True,PASS_IMPLEMENTED_PROJECT_CHECKS,9761.4397800000,9064.9455000000,0.2500000000,0.5000000000,0.3000000000,3.0000000000,0.7000000000,102,112,100,111,104,111
3229,neighbor,True,PASS_IMPLEMENTED_PROJECT_CHECKS,9448.1025000000,9064.9455000000,0.2500000000,0.5000000000,0.3000000000,3.0000000000,0.7000000000,102,112,100,111,102,110
3230,neighbor,False,MINIMUM_MAIN_STEEL,999999999.0000000000,9064.9455000000,0.3000000000,0.5500000000,0.5500000000,2.5000000000,0.5000000000,100,110,104,112,103,110
3231,neighbor,True,PASS_IMPLEMENTED_PROJECT_CHECKS,10045.2049380000,9064.9455000000,0.2500000000,0.5000000000,0.4500000000,3.0000000000,0.8000000000,102,112,104,113,102,113
3232,neighbor,True,PASS_IMPLEMENTED_PROJECT_CHECKS,9124.1775000000,9064.9455000000,0.2500000000,0.5000000000,0.3000000000,3.0000000000,0.7000000000,102,112,102,113,103,113
3233,neighbor,True,PASS_IMPLEMENTED_PROJECT_CHECKS,9674.1713000000,9064.9455000000,0.2500000000,0.5000000000,0.3000000000,3.0000000000,0.9000000000,102,112,101,112,104,111
3234,neighbor,True,PASS_IMPLEMENTED_PROJECT_CHECKS,10285.1905000000,9064.9455000000,0.2500000000,0.5000000000,0.3500000000,3.5000000000,0.6000000000,102,112,103,112,102,111
3235,neighbor,False,MEMBER_FLEXURE,999999999.0000000000,9064.9455000000,0.2500000000,0.5000000000,0.3000000000,3.0000000000,0.7000000000,102,112,100,111,101,112
3236,neighbor,False,MINIMUM_MAIN_STEEL,999999999.0000000000,9064.9455000000,0.2750000000,0.5500000000,0.3000000000,3.0000000000,0.7000000000,100,113,100,111,103,113
3237,neighbor,False,MINIMUM_MAIN_STEEL,999999999.0000000000,9064.9455000000,0.2500000000,0.5000000000,0.4500000000,3.5000000000,0.6000000000,102,113,103,112,103,112
3238,neighbor,True,PASS_IMPLEMENTED_PROJECT_CHECKS,9080.2717800000,9064.9455000000,0.2500000000,0.5000000000,0.3000000000,3.0000000000,0.7000000000,102,112,100,111,101,110
3239,neighbor,True,PASS_IMPLEMENTED_PROJECT_CHECKS,11428.5414500000,9064.9455000000,0.2750000000,0.5000000000,0.3000000000,3.0000000000,0.7000000000,104,111,100,111,103,113
3240,neighbor,True,PASS_IMPLEMENTED_PROJECT_CHECKS,9222.8975000000,9064.9455000000,0.2500000000,0.5000000000,0.3000000000,3.0000000000,0.7000000000,102,112,102,111,103,113
3241,neighbor,True,PASS_IMPLEMENTED_PROJECT_CHECKS,10548.8305000000,9064.9455000000,0.2500000000,0.5000000000,0.3000000000,3.0000000000,0.7000000000,103,111,100,111,103,113
3242,neighbor,True,PASS_IMPLEMENTED_PROJECT_CHECKS,9429.9627000000,9064.9455000000,0.2000000000,0.5500000000,0.3000000000,3.0000000000,0.7000000000,101,110,100,111,103,113
3243,neighbor,False,MINIMUM_MAIN_STEEL,999999999.0000000000,9064.9455000000,0.2500000000,0.5000000000,0.3000000000,3.0000000000,0.7000000000,102,112,100,113,103,113
3244,neighbor,False,MINIMUM_MAIN_STEEL,999999999.0000000000,9064.9455000000,0.2500000000,0.5000000000,0.3000000000,3.5000000000,0.5000000000,102,112,104,111,100,112
3245,neighbor,False,MAXIMUM_MAIN_STEEL,999999999.0000000000,9064.9455000000,0.2250000000,0.4500000000,0.3000000000,3.0000000000,0.7000000000,103,110,100,111,103,113
3246,neighbor,False,MINIMUM_MAIN_STEEL,999999999.0000000000,9064.9455000000,0.2000000000,0.5000000000,0.3000000000,3.0000000000,0.7000000000,100,111,100,111,103,113
3247,neighbor,False,ENVELOPE_BASE_CONTACT,999999999.0000000000,9064.9455000000,0.2500000000,0.5000000000,0.4000000000,2.5000000000,0.6000000000,102,112,103,112,101,113
3248,neighbor,True,PASS_IMPLEMENTED_PROJECT_CHECKS,9407.3805000000,9064.9455000000,0.2500000000,0.5000000000,0.3000000000,3.0000000000,0.7000000000,103,113,100,111,103,113
3249,neighbor,False,MAXIMUM_MAIN_STEEL,999999999.0000000000,9064.9455000000,0.2000000000,0.5000000000,0.3000000000,3.0000000000,0.5000000000,103,110,100,111,104,111
3250,neighbor,False,MAXIMUM_MAIN_STEEL,999999999.0000000000,9064.9455000000,0.2500000000,0.6000000000,0.3000000000,3.0000000000,0.7000000000,104,112,104,110,103,110
3251,neighbor,False,MINIMUM_MAIN_STEEL,999999999.0000000000,9064.9455000000,0.2750000000,0.4000000000,0.4000000000,3.5000000000,0.9000000000,100,113,101,110,102,110
3252,neighbor,False,MINIMUM_MAIN_STEEL,999999999.0000000000,9064.9455000000,0.2250000000,0.6000000000,0.3000000000,3.0000000000,0.7000000000,101,112,100,111,103,113
3253,neighbor,False,MEMBER_FLEXURE,999999999.0000000000,9064.9455000000,0.2500000000,0.5000000000,0.3000000000,3.0000000000,0.7000000000,102,112,100,111,101,111
3254,neighbor,False,MINIMUM_MAIN_STEEL,999999999.0000000000,9064.9455000000,0.2000000000,0.5500000000,0.3000000000,3.0000000000,0.7000000000,100,111,100,111,103,113
3255,neighbor,True,PASS_IMPLEMENTED_PROJECT_CHECKS,9459.8255000000,9064.9455000000,0.2500000000,0.5000000000,0.3000000000,3.0000000000,0.7000000000,102,112,104,111,103,113
3256,neighbor,False,ENVELOPE_BASE_CONTACT,999999999.0000000000,9064.9455000000,0.2500000000,0.5000000000,0.3000000000,2.5000000000,0.5000000000,102,112,103,113,103,113
3257,neighbor,True,PASS_IMPLEMENTED_PROJECT_CHECKS,9407.3805000000,9064.9455000000,0.2500000000,0.5000000000,0.3000000000,3.0000000000,0.7000000000,103,113,100,111,103,113
3258,neighbor,False,MEMBER_FLEXURE,999999999.0000000000,9064.9455000000,0.2500000000,0.5000000000,0.3000000000,3.5000000000,0.6000000000,102,112,103,110,101,110
3259,neighbor,True,PASS_IMPLEMENTED_PROJECT_CHECKS,10569.9242500000,9064.9455000000,0.2250000000,0.5500000000,0.3000000000,3.0000000000,0.7000000000,102,110,100,111,103,113
3260,neighbor,False,MINIMUM_MAIN_STEEL,999999999.0000000000,9064.9455000000,0.2250000000,0.5500000000,0.3000000000,3.5000000000,0.9000000000,100,112,103,111,101,112
3261,neighbor,False,MEMBER_FLEXURE,999999999.0000000000,9064.9455000000,0.2500000000,0.5000000000,0.3000000000,3.0000000000,0.7000000000,102,112,100,111,101,112
3262,neighbor,False,MAXIMUM_MAIN_STEEL,999999999.0000000000,9064.9455000000,0.2000000000,0.4500000000,0.3000000000,3.0000000000,0.7000000000,104,111,100,111,103,113
3263,neighbor,False,MEMBER_FLEXURE,999999999.0000000000,9064.9455000000,0.2500000000,0.5000000000,0.3000000000,3.0000000000,0.7000000000,102,112,100,111,102,113
3264,neighbor,False,MINIMUM_MAIN_STEEL,999999999.0000000000,9064.9455000000,0.2000000000,0.5500000000,0.5500000000,3.5000000000,0.7000000000,102,111,100,113,100,113
3265,neighbor,True,PASS_IMPLEMENTED_PROJECT_CHECKS,11737.3777200000,9064.9455000000,0.2500000000,0.5000000000,0.4500000000,3.5000000000,0.8000000000,102,112,104,110,103,112
3266,neighbor,True,PASS_IMPLEMENTED_PROJECT_CHECKS,9064.9455000000,9064.9455000000,0.2500000000,0.5000000000,0.3000000000,3.0000000000,0.7000000000,102,112,100,111,103,113
3267,neighbor,False,MEMBER_FLEXURE,999999999.0000000000,9064.9455000000,0.2500000000,0.5000000000,0.3000000000,3.0000000000,0.7000000000,102,112,100,111,102,113
3268,neighbor,False,MEMBER_FLEXURE,999999999.0000000000,9064.9455000000,0.2500000000,0.5000000000,0.3000000000,3.0000000000,0.7000000000,102,112,100,111,101,111
3269,neighbor,False,MAXIMUM_MAIN_STEEL,999999999.0000000000,9064.9455000000,0.2500000000,0.5000000000,0.3000000000,3.0000000000,0.7000000000,102,112,104,110,103,113
3270,neighbor,False,MINIMUM_MAIN_STEEL,999999999.0000000000,9064.9455000000,0.2500000000,0.5000000000,0.3000000000,3.0000000000,0.7000000000,102,112,100,111,100,112
3271,neighbor,True,PASS_IMPLEMENTED_PROJECT_CHECKS,9732.6135400000,9064.9455000000,0.2500000000,0.5000000000,0.3000000000,3.0000000000,0.8000000000,102,112,101,112,104,111
3272,neighbor,True,PASS_IMPLEMENTED_PROJECT_CHECKS,9361.7225000000,9064.9455000000,0.2500000000,0.5000000000,0.3000000000,3.0000000000,0.7000000000,102,112,103,111,103,113
3273,neighbor,False,MEMBER_FLEXURE,999999999.0000000000,9064.9455000000,0.2500000000,0.5000000000,0.4000000000,3.5000000000,0.8000000000,102,112,103,113,101,112
3274,neighbor,False,MEMBER_FLEXURE,999999999.0000000000,9064.9455000000,0.2500000000,0.5000000000,0.3000000000,3.0000000000,0.7000000000,102,112,100,111,101,112
3275,neighbor,True,PASS_IMPLEMENTED_PROJECT_CHECKS,9124.1775000000,9064.9455000000,0.2500000000,0.5000000000,0.3000000000,3.0000000000,0.7000000000,102,112,102,113,103,113
3276,neighbor,False,MEMBER_FLEXURE,999999999.0000000000,9064.9455000000,0.2500000000,0.5000000000,0.3000000000,3.0000000000,0.7000000000,102,112,100,111,102,113
3277,neighbor,True,PASS_IMPLEMENTED_PROJECT_CHECKS,9346.2975000000,9064.9455000000,0.2500000000,0.5000000000,0.3000000000,3.0000000000,0.7000000000,102,112,102,110,103,113
3278,neighbor,True,PASS_IMPLEMENTED_PROJECT_CHECKS,9070.8687000000,9064.9455000000,0.2500000000,0.5000000000,0.3000000000,3.0000000000,0.7000000000,102,112,101,113,103,113
3279,neighbor,True,PASS_IMPLEMENTED_PROJECT_CHECKS,9161.1975000000,9064.9455000000,0.2500000000,0.5000000000,0.3000000000,3.0000000000,0.7000000000,102,112,102,112,103,113
3280,neighbor,False,MAXIMUM_MAIN_STEEL,999999999.0000000000,9064.9455000000,0.2500000000,0.5000000000,0.3000000000,3.0000000000,0.7000000000,104,110,100,111,103,113
3281,neighbor,True,PASS_IMPLEMENTED_PROJECT_CHECKS,10898.1227700000,9064.9455000000,0.2250000000,0.5000000000,0.4000000000,3.5000000000,0.8000000000,101,110,102,113,103,112
3282,neighbor,False,ENVELOPE_BASE_CONTACT,999999999.0000000000,9064.9455000000,0.2500000000,0.5000000000,0.3000000000,2.5000000000,0.5000000000,102,112,104,110,100,111
3283,neighbor,False,MINIMUM_MAIN_STEEL,999999999.0000000000,9064.9455000000,0.2000000000,0.4000000000,0.3000000000,3.0000000000,0.7000000000,100,112,100,111,103,113
3284,neighbor,True,PASS_IMPLEMENTED_PROJECT_CHECKS,9427.6674600000,9064.9455000000,0.2500000000,0.5000000000,0.3000000000,3.0000000000,0.7000000000,102,112,100,111,104,112
3285,neighbor,False,MEMBER_FLEXURE,999999999.0000000000,9064.9455000000,0.2500000000,0.5000000000,0.3000000000,3.0000000000,0.7000000000,102,112,100,111,101,113
3286,neighbor,False,MINIMUM_MAIN_STEEL,999999999.0000000000,9064.9455000000,0.2500000000,0.5000000000,0.3000000000,3.0000000000,0.7000000000,100,111,100,111,103,113
3287,neighbor,False,MINIMUM_MAIN_STEEL,999999999.0000000000,9064.9455000000,0.2500000000,0.5000000000,0.3000000000,3.0000000000,0.7000000000,100,111,100,111,103,113
3288,neighbor,True,PASS_IMPLEMENTED_PROJECT_CHECKS,9346.2975000000,9064.9455000000,0.2500000000,0.5000000000,0.3000000000,3.0000000000,0.7000000000,102,112,102,110,103,113
3289,neighbor,True,PASS_IMPLEMENTED_PROJECT_CHECKS,12265.5441900000,9064.9455000000,0.2750000000,0.4500000000,0.3000000000,3.5000000000,0.8000000000,104,111,101,112,103,111
3290,neighbor,True,PASS_IMPLEMENTED_PROJECT_CHECKS,9064.9455000000,9064.9455000000,0.2500000000,0.5000000000,0.3000000000,3.0000000000,0.7000000000,102,112,100,111,103,113
3291,neighbor,False,MINIMUM_MAIN_STEEL,999999999.0000000000,9064.9455000000,0.2250000000,0.4000000000,0.3000000000,2.5000000000,0.6000000000,100,113,101,113,100,112
3292,neighbor,False,MINIMUM_MAIN_STEEL,999999999.0000000000,9064.9455000000,0.2750000000,0.6000000000,0.3000000000,3.0000000000,0.7000000000,101,111,100,111,103,113
3293,neighbor,False,MAXIMUM_MAIN_STEEL,999999999.0000000000,9064.9455000000,0.2500000000,0.5000000000,0.3000000000,3.0000000000,0.7000000000,104,111,100,111,103,113
3294,neighbor,False,MINIMUM_MAIN_STEEL,999999999.0000000000,9064.9455000000,0.2500000000,0.5000000000,0.3000000000,3.0000000000,0.7000000000,101,112,100,111,103,113
3295,neighbor,False,ENVELOPE_BASE_CONTACT,999999999.0000000000,9064.9455000000,0.2500000000,0.5000000000,0.3000000000,2.5000000000,0.6000000000,102,112,104,111,104,112
3296,neighbor,False,MINIMUM_MAIN_STEEL,999999999.0000000000,9064.9455000000,0.2750000000,0.4500000000,0.3000000000,3.0000000000,0.6000000000,100,112,103,113,100,110
3297,neighbor,True,PASS_IMPLEMENTED_PROJECT_CHECKS,9761.4397800000,9064.9455000000,0.2500000000,0.5000000000,0.3000000000,3.0000000000,0.7000000000,102,112,100,111,104,111
3298,neighbor,True,PASS_IMPLEMENTED_PROJECT_CHECKS,9919.8457100000,9064.9455000000,0.2500000000,0.5000000000,0.3500000000,3.0000000000,0.9000000000,102,112,101,110,103,111
3299,neighbor,True,PASS_IMPLEMENTED_PROJECT_CHECKS,9064.9455000000,9064.9455000000,0.2500000000,0.5000000000,0.3000000000,3.0000000000,0.7000000000,102,112,100,111,103,113
3300,neighbor,False,MAXIMUM_MAIN_STEEL,999999999.0000000000,9064.9455000000,0.2750000000,0.5000000000,0.3000000000,3.0000000000,0.9000000000,104,110,101,113,103,110
3301,neighbor,True,PASS_IMPLEMENTED_PROJECT_CHECKS,10220.0082600000,9064.9455000000,0.2500000000,0.5000000000,0.5000000000,3.0000000000,0.5000000000,102,112,103,113,100,110
3302,neighbor,True,PASS_IMPLEMENTED_PROJECT_CHECKS,9207.4725000000,9064.9455000000,0.2500000000,0.5000000000,0.3000000000,3.0000000000,0.7000000000,102,112,103,113,103,113
3303,neighbor,False,MINIMUM_MAIN_STEEL,999999999.0000000000,9064.9455000000,0.2750000000,0.6000000000,0.4000000000,2.5000000000,0.7000000000,103,110,100,111,103,112
3304,neighbor,False,MAXIMUM_MAIN_STEEL,999999999.0000000000,9064.9455000000,0.2500000000,0.5000000000,0.3000000000,3.0000000000,0.7000000000,102,112,100,111,104,110
3305,neighbor,False,STEM_STRESS_OR_INTERVAL_BOUND,999999999.0000000000,9064.9455000000,0.2500000000,0.4500000000,0.3000000000,3.0000000000,0.7000000000,102,112,100,111,103,113
3306,neighbor,False,MINIMUM_MAIN_STEEL,999999999.0000000000,9064.9455000000,0.3000000000,0.5500000000,0.3000000000,3.0000000000,0.7000000000,102,112,100,111,103,113
3307,neighbor,True,PASS_IMPLEMENTED_PROJECT_CHECKS,9490.6755000000,9064.9455000000,0.2500000000,0.5000000000,0.3000000000,3.0000000000,0.7000000000,102,112,100,111,103,111
3308,neighbor,False,MINIMUM_MAIN_STEEL,999999999.0000000000,9064.9455000000,0.2750000000,0.5500000000,0.3000000000,3.0000000000,0.7000000000,100,112,100,111,103,113
3309,neighbor,False,MINIMUM_MAIN_STEEL,999999999.0000000000,9064.9455000000,0.2500000000,0.4500000000,0.3500000000,3.0000000000,0.8000000000,100,113,100,111,101,110
3310,neighbor,False,ENVELOPE_BASE_CONTACT,999999999.0000000000,9064.9455000000,0.2500000000,0.5000000000,0.3000000000,2.5000000000,0.6000000000,102,112,103,111,102,111
3311,neighbor,False,MEMBER_FLEXURE,999999999.0000000000,9064.9455000000,0.2500000000,0.5000000000,0.3000000000,3.0000000000,0.7000000000,102,112,100,111,101,113
3312,neighbor,False,MINIMUM_MAIN_STEEL,999999999.0000000000,9064.9455000000,0.3000000000,0.4500000000,0.3000000000,3.0000000000,0.7000000000,102,113,100,111,103,113
3313,neighbor,False,MINIMUM_MAIN_STEEL,999999999.0000000000,9064.9455000000,0.2500000000,0.5000000000,0.3000000000,3.0000000000,0.7000000000,101,113,100,111,103,113
3314,neighbor,True,PASS_IMPLEMENTED_PROJECT_CHECKS,9161.1975000000,9064.9455000000,0.2500000000,0.5000000000,0.3000000000,3.0000000000,0.7000000000,102,112,102,112,103,113
3315,neighbor,False,MINIMUM_MAIN_STEEL,999999999.0000000000,9064.9455000000,0.2250000000,0.4000000000,0.3000000000,3.0000000000,0.7000000000,100,113,100,111,103,113
3316,neighbor,False,MEMBER_FLEXURE,999999999.0000000000,9064.9455000000,0.2500000000,0.5000000000,0.3000000000,3.0000000000,0.7000000000,102,112,100,111,100,110
3317,neighbor,True,PASS_IMPLEMENTED_PROJECT_CHECKS,11153.7196950000,9064.9455000000,0.2750000000,0.5000000000,0.5500000000,3.0000000000,0.8000000000,101,110,101,111,102,112
3318,neighbor,True,PASS_IMPLEMENTED_PROJECT_CHECKS,9521.5255000000,9064.9455000000,0.2500000000,0.5000000000,0.3000000000,3.0000000000,0.7000000000,102,111,100,111,103,113
3319,neighbor,True,PASS_IMPLEMENTED_PROJECT_CHECKS,9064.9455000000,9064.9455000000,0.2500000000,0.5000000000,0.3000000000,3.0000000000,0.7000000000,102,112,100,111,103,113
3320,neighbor,False,MINIMUM_MAIN_STEEL,999999999.0000000000,9064.9455000000,0.3000000000,0.5500000000,0.3000000000,3.0000000000,0.7000000000,101,111,100,111,103,113
3321,neighbor,True,PASS_IMPLEMENTED_PROJECT_CHECKS,9842.9578200000,9064.9455000000,0.2500000000,0.5000000000,0.3000000000,3.0000000000,0.7000000000,104,113,100,111,103,113
3322,neighbor,True,PASS_IMPLEMENTED_PROJECT_CHECKS,9315.8571880000,9064.9455000000,0.2500000000,0.5000000000,0.3000000000,3.0000000000,0.8000000000,102,112,104,113,102,111
3323,neighbor,False,MAXIMUM_MAIN_STEEL,999999999.0000000000,9064.9455000000,0.2500000000,0.5500000000,0.5000000000,3.0000000000,0.7000000000,104,111,104,113,103,112
3324,neighbor,False,MAXIMUM_MAIN_STEEL,999999999.0000000000,9064.9455000000,0.2500000000,0.5000000000,0.3000000000,3.5000000000,0.9000000000,102,112,104,110,103,111
3325,neighbor,False,MEMBER_FLEXURE,999999999.0000000000,9064.9455000000,0.2500000000,0.5000000000,0.3000000000,3.0000000000,0.7000000000,102,112,100,111,102,113
3326,neighbor,True,PASS_IMPLEMENTED_PROJECT_CHECKS,10105.9017500000,9064.9455000000,0.2000000000,0.6000000000,0.3000000000,3.0000000000,0.7000000000,103,112,100,111,103,113
3327,neighbor,True,PASS_IMPLEMENTED_PROJECT_CHECKS,9080.2717800000,9064.9455000000,0.2500000000,0.5000000000,0.3000000000,3.0000000000,0.7000000000,102,112,100,111,101,110
3328,neighbor,False,MEMBER_FLEXURE,999999999.0000000000,9064.9455000000,0.2500000000,0.5000000000,0.3000000000,3.0000000000,0.7000000000,102,112,100,111,101,111
3329,neighbor,True,PASS_IMPLEMENTED_PROJECT_CHECKS,9265.3162500000,9064.9455000000,0.2500000000,0.5000000000,0.3000000000,3.0000000000,0.7000000000,102,112,103,112,103,113
3330,neighbor,False,MEMBER_FLEXURE,999999999.0000000000,9064.9455000000,0.2500000000,0.6000000000,0.3000000000,3.5000000000,0.7000000000,102,110,101,110,101,113
3331,neighbor,False,MINIMUM_MAIN_STEEL,999999999.0000000000,9064.9455000000,0.2250000000,0.4000000000,0.3000000000,3.0000000000,0.7000000000,100,112,100,111,103,113
3332,neighbor,True,PASS_IMPLEMENTED_PROJECT_CHECKS,10548.8305000000,9064.9455000000,0.2500000000,0.5000000000,0.3000000000,3.0000000000,0.7000000000,103,111,100,111,103,113
3333,neighbor,False,MINIMUM_MAIN_STEEL,999999999.0000000000,9064.9455000000,0.2500000000,0.5000000000,0.3000000000,3.5000000000,0.5000000000,102,112,100,113,100,110
3334,neighbor,True,PASS_IMPLEMENTED_PROJECT_CHECKS,9448.4727000000,9064.9455000000,0.2500000000,0.5000000000,0.3000000000,3.0000000000,0.7000000000,101,110,100,111,103,113
3335,neighbor,False,STEM_STRESS_OR_INTERVAL_BOUND,999999999.0000000000,9064.9455000000,0.2000000000,0.4500000000,0.3000000000,3.0000000000,0.7000000000,102,112,100,111,103,113
3336,neighbor,False,ENVELOPE_BASE_CONTACT,999999999.0000000000,9064.9455000000,0.2500000000,0.5000000000,0.4000000000,2.5000000000,0.5000000000,102,112,101,112,102,113
3337,neighbor,True,PASS_IMPLEMENTED_PROJECT_CHECKS,9107.5185000000,9064.9455000000,0.2500000000,0.5000000000,0.3000000000,3.0000000000,0.7000000000,102,112,100,111,102,111
3338,neighbor,False,MINIMUM_MAIN_STEEL,999999999.0000000000,9064.9455000000,0.2250000000,0.4000000000,0.5500000000,2.5000000000,0.6000000000,101,113,101,110,100,110
3339,neighbor,False,MINIMUM_MAIN_STEEL,999999999.0000000000,9064.9455000000,0.2500000000,0.5000000000,0.4000000000,3.0000000000,0.6000000000,102,112,100,111,100,112
3340,neighbor,False,MINIMUM_MAIN_STEEL,999999999.0000000000,9064.9455000000,0.2500000000,0.5000000000,0.3000000000,3.0000000000,0.7000000000,101,111,100,111,103,113
3341,neighbor,False,MINIMUM_MAIN_STEEL,999999999.0000000000,9064.9455000000,0.3000000000,0.5000000000,0.3000000000,3.5000000000,0.8000000000,101,112,103,111,101,111
3342,neighbor,True,PASS_IMPLEMENTED_PROJECT_CHECKS,9448.4727000000,9064.9455000000,0.2500000000,0.5000000000,0.3000000000,3.0000000000,0.7000000000,101,110,100,111,103,113
3343,neighbor,True,PASS_IMPLEMENTED_PROJECT_CHECKS,9448.4727000000,9064.9455000000,0.2500000000,0.5000000000,0.3000000000,3.0000000000,0.7000000000,101,110,100,111,103,113
3344,neighbor,True,PASS_IMPLEMENTED_PROJECT_CHECKS,9161.1975000000,9064.9455000000,0.2500000000,0.5000000000,0.3000000000,3.0000000000,0.7000000000,102,112,102,112,103,113
3345,neighbor,True,PASS_IMPLEMENTED_PROJECT_CHECKS,9554.7052920000,9064.9455000000,0.2500000000,0.5000000000,0.3000000000,3.0000000000,0.9000000000,102,112,103,111,104,113
3346,neighbor,False,MEMBER_FLEXURE,999999999.0000000000,9064.9455000000,0.2500000000,0.4500000000,0.3000000000,3.0000000000,0.7000000000,103,113,100,111,103,113
3347,neighbor,True,PASS_IMPLEMENTED_PROJECT_CHECKS,9490.6755000000,9064.9455000000,0.2500000000,0.5000000000,0.3000000000,3.0000000000,0.7000000000,102,112,100,111,103,111
3348,neighbor,False,MINIMUM_MAIN_STEEL,999999999.0000000000,9064.9455000000,0.2500000000,0.5000000000,0.3000000000,3.0000000000,0.7000000000,102,113,100,111,103,113
3349,neighbor,True,PASS_IMPLEMENTED_PROJECT_CHECKS,10414.5365400000,9064.9455000000,0.2500000000,0.5000000000,0.3000000000,3.5000000000,0.9000000000,102,112,103,111,104,112
3350,neighbor,False,ENVELOPE_BASE_CONTACT,999999999.0000000000,9064.9455000000,0.2500000000,0.5000000000,0.3000000000,2.5000000000,0.8000000000,102,112,104,110,102,113
3351,neighbor,False,MINIMUM_MAIN_STEEL,999999999.0000000000,9064.9455000000,0.2500000000,0.5000000000,0.4500000000,2.5000000000,0.5000000000,102,112,100,112,101,110
3352,neighbor,False,MINIMUM_MAIN_STEEL,999999999.0000000000,9064.9455000000,0.2750000000,0.5500000000,0.4000000000,3.5000000000,0.9000000000,102,113,100,113,100,110
3353,neighbor,False,MEMBER_FLEXURE,999999999.0000000000,9064.9455000000,0.2500000000,0.5000000000,0.3000000000,3.0000000000,0.7000000000,102,112,100,111,101,113
3354,neighbor,True,PASS_IMPLEMENTED_PROJECT_CHECKS,9346.2975000000,9064.9455000000,0.2500000000,0.5000000000,0.3000000000,3.0000000000,0.7000000000,102,112,102,110,103,113
3355,neighbor,False,MINIMUM_MAIN_STEEL,999999999.0000000000,9064.9455000000,0.2500000000,0.5000000000,0.3500000000,2.5000000000,0.9000000000,102,112,100,113,103,112
3356,neighbor,True,PASS_IMPLEMENTED_PROJECT_CHECKS,9311.9873640000,9064.9455000000,0.2500000000,0.5000000000,0.3000000000,3.0000000000,0.5000000000,102,112,101,112,104,113
3357,neighbor,False,MEMBER_FLEXURE,999999999.0000000000,9064.9455000000,0.2500000000,0.5000000000,0.3000000000,3.0000000000,0.7000000000,102,112,100,111,102,112
3358,neighbor,True,PASS_IMPLEMENTED_PROJECT_CHECKS,10285.6940700000,9064.9455000000,0.2750000000,0.5500000000,0.3000000000,3.0000000000,0.7000000000,104,113,100,111,103,113
3359,neighbor,False,MAXIMUM_MAIN_STEEL,999999999.0000000000,9064.9455000000,0.2500000000,0.5000000000,0.3000000000,3.0000000000,0.7000000000,104,110,100,111,103,113
3360,neighbor,True,PASS_IMPLEMENTED_PROJECT_CHECKS,10527.5937580000,9064.9455000000,0.2500000000,0.5000000000,0.3500000000,3.5000000000,0.7000000000,102,112,102,110,104,113
3361,neighbor,False,MINIMUM_MAIN_STEEL,999999999.0000000000,9064.9455000000,0.2750000000,0.4000000000,0.3500000000,2.5000000000,0.9000000000,102,110,104,113,100,112
3362,neighbor,True,PASS_IMPLEMENTED_PROJECT_CHECKS,9490.6755000000,9064.9455000000,0.2500000000,0.5000000000,0.3000000000,3.0000000000,0.7000000000,102,112,100,111,103,111
3363,neighbor,True,PASS_IMPLEMENTED_PROJECT_CHECKS,9094.5615000000,9064.9455000000,0.2500000000,0.5000000000,0.3000000000,3.0000000000,0.7000000000,102,112,101,112,103,113
3364,neighbor,True,PASS_IMPLEMENTED_PROJECT_CHECKS,9835.4242500000,9064.9455000000,0.2500000000,0.5000000000,0.3000000000,3.0000000000,0.7000000000,103,112,100,111,103,113
3365,neighbor,True,PASS_IMPLEMENTED_PROJECT_CHECKS,9842.9578200000,9064.9455000000,0.2500000000,0.5000000000,0.3000000000,3.0000000000,0.7000000000,104,113,100,111,103,113
3366,neighbor,False,MINIMUM_MAIN_STEEL,999999999.0000000000,9064.9455000000,0.2500000000,0.6000000000,0.3000000000,3.5000000000,0.9000000000,102,112,101,111,100,111
3367,neighbor,True,PASS_IMPLEMENTED_PROJECT_CHECKS,11867.2007100000,9064.9455000000,0.3000000000,0.4000000000,0.5500000000,3.0000000000,0.8000000000,103,112,103,111,104,112
3368,neighbor,False,MEMBER_FLEXURE,999999999.0000000000,9064.9455000000,0.2500000000,0.5000000000,0.3000000000,3.0000000000,0.7000000000,102,112,100,111,100,111
3369,neighbor,True,PASS_IMPLEMENTED_PROJECT_CHECKS,10731.0427100000,9064.9455000000,0.2500000000,0.5000000000,0.4000000000,3.5000000000,0.5000000000,102,112,100,110,103,112
3370,neighbor,False,MINIMUM_MAIN_STEEL,999999999.0000000000,9064.9455000000,0.2500000000,0.5000000000,0.3000000000,3.5000000000,0.5000000000,102,112,101,111,100,113
3371,neighbor,False,MINIMUM_MAIN_STEEL,999999999.0000000000,9064.9455000000,0.2000000000,0.6000000000,0.3000000000,2.5000000000,0.5000000000,101,110,102,113,100,113
3372,neighbor,False,MINIMUM_MAIN_STEEL,999999999.0000000000,9064.9455000000,0.2500000000,0.5000000000,0.3000000000,3.0000000000,0.7000000000,102,112,100,111,100,113
3373,neighbor,False,MINIMUM_MAIN_STEEL,999999999.0000000000,9064.9455000000,0.2500000000,0.5000000000,0.3000000000,3.0000000000,0.7000000000,100,111,100,111,103,113
3374,neighbor,False,MAXIMUM_MAIN_STEEL,999999999.0000000000,9064.9455000000,0.2500000000,0.6000000000,0.3000000000,3.5000000000,0.6000000000,103,113,104,110,103,110
3375,neighbor,False,MINIMUM_MAIN_STEEL,999999999.0000000000,9064.9455000000,0.2500000000,0.5000000000,0.3000000000,3.0000000000,0.7000000000,101,111,100,111,103,113
3376,neighbor,True,PASS_IMPLEMENTED_PROJECT_CHECKS,9213.0255000000,9064.9455000000,0.2500000000,0.5000000000,0.3000000000,3.0000000000,0.7000000000,102,112,101,110,103,113
3377,neighbor,True,PASS_IMPLEMENTED_PROJECT_CHECKS,9064.9455000000,9064.9455000000,0.2500000000,0.5000000000,0.3000000000,3.0000000000,0.7000000000,102,112,100,111,103,113
3378,neighbor,False,MINIMUM_MAIN_STEEL,999999999.0000000000,9064.9455000000,0.2500000000,0.5000000000,0.3000000000,3.0000000000,0.7000000000,102,112,100,113,103,113
3379,neighbor,False,MINIMUM_MAIN_STEEL,999999999.0000000000,9064.9455000000,0.2500000000,0.5000000000,0.3000000000,3.5000000000,0.8000000000,102,112,100,112,100,113
3380,neighbor,False,MAXIMUM_MAIN_STEEL,999999999.0000000000,9064.9455000000,0.2500000000,0.5000000000,0.3000000000,3.0000000000,0.7000000000,103,110,100,111,103,113
3381,neighbor,True,PASS_IMPLEMENTED_PROJECT_CHECKS,9361.7225000000,9064.9455000000,0.2500000000,0.5000000000,0.3000000000,3.0000000000,0.7000000000,102,112,103,111,103,113
3382,neighbor,False,MINIMUM_MAIN_STEEL,999999999.0000000000,9064.9455000000,0.3000000000,0.5500000000,0.5500000000,2.5000000000,0.9000000000,100,113,103,111,100,110
3383,neighbor,True,PASS_IMPLEMENTED_PROJECT_CHECKS,9109.3695000000,9064.9455000000,0.2500000000,0.5000000000,0.3000000000,3.0000000000,0.7000000000,102,112,100,110,103,113
3384,neighbor,True,PASS_IMPLEMENTED_PROJECT_CHECKS,10022.8380000000,9064.9455000000,0.2500000000,0.5000000000,0.3000000000,3.0000000000,0.7000000000,102,112,100,111,103,110
3385,neighbor,False,MINIMUM_MAIN_STEEL,999999999.0000000000,9064.9455000000,0.2000000000,0.5500000000,0.3000000000,3.5000000000,0.9000000000,103,113,100,111,100,113
3386,neighbor,True,PASS_IMPLEMENTED_PROJECT_CHECKS,9213.0255000000,9064.9455000000,0.2500000000,0.5000000000,0.3000000000,3.0000000000,0.7000000000,102,112,101,110,103,113
3387,neighbor,False,MINIMUM_MAIN_STEEL,999999999.0000000000,9064.9455000000,0.2750000000,0.5000000000,0.3000000000,3.0000000000,0.7000000000,101,110,100,112,100,111
3388,neighbor,False,MINIMUM_MAIN_STEEL,999999999.0000000000,9064.9455000000,0.2500000000,0.5000000000,0.3000000000,3.0000000000,0.7000000000,100,110,100,111,103,113
3389,neighbor,True,PASS_IMPLEMENTED_PROJECT_CHECKS,9842.9578200000,9064.9455000000,0.2500000000,0.5000000000,0.3000000000,3.0000000000,0.7000000000,104,113,100,111,103,113
3390,neighbor,False,MINIMUM_MAIN_STEEL,999999999.0000000000,9064.9455000000,0.2500000000,0.5000000000,0.3000000000,3.0000000000,0.7000000000,100,112,100,111,103,113
3391,neighbor,False,ENVELOPE_BASE_CONTACT,999999999.0000000000,9064.9455000000,0.2000000000,0.5500000000,0.4000000000,2.5000000000,0.5000000000,104,110,104,113,101,113
3392,neighbor,False,MINIMUM_MAIN_STEEL,999999999.0000000000,9064.9455000000,0.2500000000,0.5000000000,0.3000000000,3.0000000000,0.7000000000,102,113,100,111,103,113
3393,neighbor,True,PASS_IMPLEMENTED_PROJECT_CHECKS,9459.8255000000,9064.9455000000,0.2500000000,0.5000000000,0.3000000000,3.0000000000,0.7000000000,102,112,104,111,103,113
3394,neighbor,True,PASS_IMPLEMENTED_PROJECT_CHECKS,9064.9455000000,9064.9455000000,0.2500000000,0.5000000000,0.3000000000,3.0000000000,0.7000000000,102,112,100,111,103,113
3395,neighbor,True,PASS_IMPLEMENTED_PROJECT_CHECKS,9346.2975000000,9064.9455000000,0.2500000000,0.5000000000,0.3000000000,3.0000000000,0.7000000000,102,112,102,110,103,113
3396,neighbor,False,ENVELOPE_BASE_CONTACT,999999999.0000000000,9064.9455000000,0.2750000000,0.4000000000,0.3000000000,2.5000000000,0.9000000000,102,112,100,111,104,111
3397,neighbor,True,PASS_IMPLEMENTED_PROJECT_CHECKS,9222.8975000000,9064.9455000000,0.2500000000,0.5000000000,0.3000000000,3.0000000000,0.7000000000,102,112,102,111,103,113
3398,neighbor,False,MINIMUM_MAIN_STEEL,999999999.0000000000,9064.9455000000,0.2500000000,0.5000000000,0.4000000000,2.5000000000,0.8000000000,102,112,100,113,102,112
3399,neighbor,True,PASS_IMPLEMENTED_PROJECT_CHECKS,8757.4480000000,8757.4480000000,0.2000000000,0.5000000000,0.3000000000,3.0000000000,0.7000000000,102,112,100,111,103,113
3400,neighbor,True,PASS_IMPLEMENTED_PROJECT_CHECKS,8826.5520000000,8757.4480000000,0.2000000000,0.5000000000,0.3000000000,3.0000000000,0.7000000000,102,112,101,111,103,113
3401,neighbor,True,PASS_IMPLEMENTED_PROJECT_CHECKS,8826.5520000000,8757.4480000000,0.2000000000,0.5000000000,0.3000000000,3.0000000000,0.7000000000,102,112,101,111,103,113
3402,neighbor,False,MINIMUM_MAIN_STEEL,999999999.0000000000,8757.4480000000,0.2000000000,0.5000000000,0.3000000000,3.0000000000,0.7000000000,100,110,100,111,103,113
3403,neighbor,False,MEMBER_FLEXURE,999999999.0000000000,8757.4480000000,0.2000000000,0.6000000000,0.3000000000,3.0000000000,0.9000000000,102,111,103,111,102,113
3404,neighbor,False,MINIMUM_MAIN_STEEL,999999999.0000000000,8757.4480000000,0.2250000000,0.6000000000,0.5000000000,2.5000000000,0.5000000000,101,113,102,111,103,112
3405,neighbor,False,MEMBER_FLEXURE,999999999.0000000000,8757.4480000000,0.2000000000,0.5000000000,0.3000000000,3.0000000000,0.7000000000,102,112,100,111,102,113
3406,neighbor,True,PASS_IMPLEMENTED_PROJECT_CHECKS,8853.7000000000,8757.4480000000,0.2000000000,0.5000000000,0.3000000000,3.0000000000,0.7000000000,102,112,102,112,103,113
3407,neighbor,True,PASS_IMPLEMENTED_PROJECT_CHECKS,9715.3405000000,8757.4480000000,0.2000000000,0.5000000000,0.3000000000,3.0000000000,0.7000000000,102,112,100,111,103,110
3408,neighbor,True,PASS_IMPLEMENTED_PROJECT_CHECKS,9214.0280000000,8757.4480000000,0.2000000000,0.5000000000,0.3000000000,3.0000000000,0.7000000000,102,111,100,111,103,113
3409,neighbor,False,MAXIMUM_MAIN_STEEL,999999999.0000000000,8757.4480000000,0.2000000000,0.5000000000,0.3500000000,3.5000000000,0.6000000000,104,112,100,110,104,110
3410,neighbor,False,MINIMUM_MAIN_STEEL,999999999.0000000000,8757.4480000000,0.2000000000,0.5000000000,0.4500000000,2.5000000000,0.8000000000,102,112,101,113,101,110
3411,neighbor,True,PASS_IMPLEMENTED_PROJECT_CHECKS,9527.9267500000,8757.4480000000,0.2000000000,0.5000000000,0.3000000000,3.0000000000,0.7000000000,103,112,100,111,103,113
3412,neighbor,True,PASS_IMPLEMENTED_PROJECT_CHECKS,8800.0210000000,8757.4480000000,0.2000000000,0.5000000000,0.3000000000,3.0000000000,0.7000000000,102,112,100,111,102,111
3413,neighbor,False,MEMBER_FLEXURE,999999999.0000000000,8757.4480000000,0.2000000000,0.5000000000,0.3000000000,3.5000000000,0.7000000000,102,112,101,113,101,112
3414,neighbor,True,PASS_IMPLEMENTED_PROJECT_CHECKS,9031.3960000000,8757.4480000000,0.2000000000,0.5000000000,0.3000000000,3.0000000000,0.7000000000,102,112,104,112,103,113
3415,neighbor,False,MINIMUM_MAIN_STEEL,999999999.0000000000,8757.4480000000,0.2000000000,0.5000000000,0.3000000000,3.0000000000,0.7000000000,100,112,100,111,103,113
3416,neighbor,False,MEMBER_FLEXURE,999999999.0000000000,8757.4480000000,0.2000000000,0.6000000000,0.4500000000,3.5000000000,0.8000000000,101,110,101,110,101,112
3417,neighbor,False,MAXIMUM_MAIN_STEEL,999999999.0000000000,8757.4480000000,0.2000000000,0.4000000000,0.3000000000,3.0000000000,0.7000000000,103,110,100,111,103,113
3418,neighbor,True,PASS_IMPLEMENTED_PROJECT_CHECKS,9232.8094800000,8757.4480000000,0.2000000000,0.5000000000,0.3000000000,3.0000000000,0.8000000000,102,112,104,111,102,111
3419,neighbor,False,MAXIMUM_MAIN_STEEL,999999999.0000000000,8757.4480000000,0.2000000000,0.5000000000,0.3000000000,3.0000000000,0.7000000000,102,112,100,111,104,110
3420,neighbor,False,MINIMUM_MAIN_STEEL,999999999.0000000000,8757.4480000000,0.2000000000,0.5000000000,0.3000000000,3.0000000000,0.7000000000,102,113,100,111,103,113
3421,neighbor,False,MEMBER_FLEXURE,999999999.0000000000,8757.4480000000,0.2000000000,0.5000000000,0.3000000000,3.0000000000,0.7000000000,102,112,100,111,100,111
3422,neighbor,False,MAXIMUM_MAIN_STEEL,999999999.0000000000,8757.4480000000,0.2000000000,0.5500000000,0.3000000000,3.0000000000,0.7000000000,104,112,100,111,103,113
3423,neighbor,True,PASS_IMPLEMENTED_PROJECT_CHECKS,8915.4000000000,8757.4480000000,0.2000000000,0.5000000000,0.3000000000,3.0000000000,0.7000000000,102,112,102,111,103,113
3424,neighbor,False,MINIMUM_MAIN_STEEL,999999999.0000000000,8757.4480000000,0.2000000000,0.5000000000,0.3000000000,3.0000000000,0.7000000000,100,110,100,111,103,113
3425,neighbor,True,PASS_IMPLEMENTED_PROJECT_CHECKS,9054.2250000000,8757.4480000000,0.2000000000,0.5000000000,0.3000000000,3.0000000000,0.7000000000,102,112,103,111,103,113
3426,neighbor,False,MINIMUM_MAIN_STEEL,999999999.0000000000,8757.4480000000,0.2000000000,0.5000000000,0.3000000000,3.0000000000,0.7000000000,100,112,100,111,103,113
3427,neighbor,True,PASS_IMPLEMENTED_PROJECT_CHECKS,8757.4480000000,8757.4480000000,0.2000000000,0.5000000000,0.3000000000,3.0000000000,0.7000000000,102,112,100,111,103,113
3428,neighbor,False,MEMBER_FLEXURE,999999999.0000000000,8757.4480000000,0.2000000000,0.5000000000,0.3000000000,3.0000000000,0.7000000000,102,112,100,111,101,111
3429,neighbor,False,MINIMUM_MAIN_STEEL,999999999.0000000000,8757.4480000000,0.2250000000,0.4000000000,0.3000000000,3.0000000000,0.7000000000,101,112,100,111,103,113
3430,neighbor,False,MAXIMUM_MAIN_STEEL,999999999.0000000000,8757.4480000000,0.2000000000,0.5000000000,0.3000000000,3.0000000000,0.7000000000,104,111,100,111,103,113
3431,neighbor,False,MAXIMUM_MAIN_STEEL,999999999.0000000000,8757.4480000000,0.2500000000,0.4500000000,0.3000000000,3.0000000000,0.6000000000,104,111,104,113,103,111
3432,neighbor,True,PASS_IMPLEMENTED_PROJECT_CHECKS,9031.3960000000,8757.4480000000,0.2000000000,0.5000000000,0.3000000000,3.0000000000,0.7000000000,102,112,104,112,103,113
3433,neighbor,False,MINIMUM_MAIN_STEEL,999999999.0000000000,8757.4480000000,0.2250000000,0.6000000000,0.4500000000,3.5000000000,0.5000000000,100,110,103,111,103,112
3434,neighbor,False,MINIMUM_MAIN_STEEL,999999999.0000000000,8757.4480000000,0.2500000000,0.4500000000,0.5000000000,2.5000000000,0.5000000000,100,111,100,110,100,113
3435,neighbor,False,MINIMUM_MAIN_STEEL,999999999.0000000000,8757.4480000000,0.2000000000,0.5000000000,0.3000000000,3.0000000000,0.9000000000,102,112,102,113,100,113
3436,neighbor,False,MINIMUM_MAIN_STEEL,999999999.0000000000,8757.4480000000,0.2000000000,0.5000000000,0.5500000000,3.0000000000,0.5000000000,102,112,100,111,104,112
3437,neighbor,True,PASS_IMPLEMENTED_PROJECT_CHECKS,8763.3712000000,8757.4480000000,0.2000000000,0.5000000000,0.3000000000,3.0000000000,0.7000000000,102,112,101,113,103,113
3438,neighbor,True,PASS_IMPLEMENTED_PROJECT_CHECKS,8757.4480000000,8757.4480000000,0.2000000000,0.5000000000,0.3000000000,3.0000000000,0.7000000000,102,112,100,111,103,113
3439,neighbor,False,STEM_STRESS_OR_INTERVAL_BOUND,999999999.0000000000,8757.4480000000,0.2500000000,0.4000000000,0.3000000000,3.0000000000,0.7000000000,102,112,100,111,103,113
3440,neighbor,False,MINIMUM_MAIN_STEEL,999999999.0000000000,8757.4480000000,0.2000000000,0.4000000000,0.4000000000,2.5000000000,0.9000000000,100,110,102,112,100,110
3441,neighbor,False,ENVELOPE_BASE_CONTACT,999999999.0000000000,8757.4480000000,0.2000000000,0.6000000000,0.4000000000,2.5000000000,0.6000000000,103,110,102,110,100,110
3442,neighbor,False,MAXIMUM_MAIN_STEEL,999999999.0000000000,8757.4480000000,0.2000000000,0.4000000000,0.4500000000,3.5000000000,0.9000000000,104,111,104,110,100,110
3443,neighbor,True,PASS_IMPLEMENTED_PROJECT_CHECKS,9054.2250000000,8757.4480000000,0.2000000000,0.5000000000,0.3000000000,3.0000000000,0.7000000000,102,112,103,111,103,113
3444,neighbor,False,MAXIMUM_MAIN_STEEL,999999999.0000000000,8757.4480000000,0.2000000000,0.5000000000,0.3000000000,3.0000000000,0.7000000000,102,112,100,111,104,110
3445,neighbor,False,ENVELOPE_BASE_CONTACT,999999999.0000000000,8757.4480000000,0.2250000000,0.4000000000,0.3000000000,2.5000000000,0.8000000000,102,113,101,111,102,111
3446,neighbor,True,PASS_IMPLEMENTED_PROJECT_CHECKS,11757.9078300000,8757.4480000000,0.2250000000,0.5500000000,0.5000000000,3.0000000000,0.8000000000,102,110,101,110,102,113
3447,neighbor,False,MAXIMUM_MAIN_STEEL,999999999.0000000000,8757.4480000000,0.2000000000,0.5000000000,0.3000000000,3.0000000000,0.7000000000,102,112,104,110,103,113
3448,neighbor,True,PASS_IMPLEMENTED_PROJECT_CHECKS,9099.8830000000,8757.4480000000,0.2000000000,0.5000000000,0.3000000000,3.0000000000,0.7000000000,103,113,100,111,103,113
3449,neighbor,False,MINIMUM_MAIN_STEEL,999999999.0000000000,8757.4480000000,0.2500000000,0.5500000000,0.3000000000,3.0000000000,0.7000000000,101,113,100,111,103,113
3450,neighbor,False,MINIMUM_MAIN_STEEL,999999999.0000000000,8757.4480000000,0.2000000000,0.5000000000,0.3000000000,3.0000000000,0.7000000000,101,112,100,111,103,113
3451,neighbor,False,MAXIMUM_MAIN_STEEL,999999999.0000000000,8757.4480000000,0.2000000000,0.4500000000,0.3000000000,3.5000000000,0.9000000000,104,111,101,113,104,112
3452,neighbor,True,PASS_IMPLEMENTED_PROJECT_CHECKS,10261.6633200000,8757.4480000000,0.2000000000,0.5000000000,0.5000000000,3.0000000000,0.9000000000,102,112,102,111,101,110
3453,neighbor,False,MEMBER_FLEXURE,999999999.0000000000,8757.4480000000,0.2000000000,0.5000000000,0.3000000000,3.0000000000,0.7000000000,102,112,100,111,102,112
3454,neighbor,False,MAXIMUM_MAIN_STEEL,999999999.0000000000,8757.4480000000,0.2000000000,0.6000000000,0.3000000000,3.0000000000,0.7000000000,104,110,100,111,103,113
3455,neighbor,True,PASS_IMPLEMENTED_PROJECT_CHECKS,9816.9142500000,8757.4480000000,0.2000000000,0.5500000000,0.3000000000,3.0000000000,0.7000000000,103,112,100,111,103,113
3456,neighbor,False,ENVELOPE_BASE_CONTACT,999999999.0000000000,8757.4480000000,0.2000000000,0.5000000000,0.3000000000,2.5000000000,0.8000000000,104,113,102,110,101,112
3457,neighbor,True,PASS_IMPLEMENTED_PROJECT_CHECKS,9452.8215580000,8757.4480000000,0.2000000000,0.4000000000,0.3000000000,3.0000000000,0.6000000000,103,112,101,113,103,111
3458,neighbor,False,MINIMUM_MAIN_STEEL,999999999.0000000000,8757.4480000000,0.2000000000,0.5000000000,0.3000000000,3.0000000000,0.7000000000,100,113,100,111,103,113
3459,neighbor,True,PASS_IMPLEMENTED_PROJECT_CHECKS,12063.7522600000,8757.4480000000,0.2000000000,0.5000000000,0.5500000000,3.5000000000,0.9000000000,102,112,104,112,104,112
3460,neighbor,False,ENVELOPE_BASE_CONTACT,999999999.0000000000,8757.4480000000,0.2000000000,0.5000000000,0.3000000000,2.5000000000,0.9000000000,102,112,101,113,104,111
3461,neighbor,True,PASS_IMPLEMENTED_PROJECT_CHECKS,8905.5280000000,8757.4480000000,0.2000000000,0.5000000000,0.3000000000,3.0000000000,0.7000000000,102,112,101,110,103,113
3462,neighbor,True,PASS_IMPLEMENTED_PROJECT_CHECKS,8826.5520000000,8757.4480000000,0.2000000000,0.5000000000,0.3000000000,3.0000000000,0.7000000000,102,112,101,111,103,113
3463,neighbor,False,ENVELOPE_BASE_CONTACT,999999999.0000000000,8757.4480000000,0.2000000000,0.5000000000,0.3000000000,2.5000000000,0.6000000000,102,112,102,111,102,112
3464,neighbor,True,PASS_IMPLEMENTED_PROJECT_CHECKS,11513.7895000000,8757.4480000000,0.2500000000,0.4500000000,0.4500000000,3.5000000000,0.7000000000,103,113,104,110,103,113
3465,neighbor,True,PASS_IMPLEMENTED_PROJECT_CHECKS,10377.5071600000,8757.4480000000,0.2000000000,0.5000000000,0.3000000000,3.5000000000,0.6000000000,102,112,102,112,104,111
3466,neighbor,False,STEM_STRESS_OR_INTERVAL_BOUND,999999999.0000000000,8757.4480000000,0.2000000000,0.4000000000,0.3000000000,3.0000000000,0.7000000000,101,111,100,111,103,113
3467,neighbor,False,MINIMUM_MAIN_STEEL,999999999.0000000000,8757.4480000000,0.2000000000,0.5000000000,0.3000000000,3.0000000000,0.7000000000,102,112,100,111,100,112
3468,neighbor,True,PASS_IMPLEMENTED_PROJECT_CHECKS,9140.9752000000,8757.4480000000,0.2000000000,0.5000000000,0.3000000000,3.0000000000,0.7000000000,101,110,100,111,103,113
3469,neighbor,False,MAXIMUM_MAIN_STEEL,999999999.0000000000,8757.4480000000,0.2000000000,0.5500000000,0.3000000000,3.0000000000,0.7000000000,103,111,100,111,103,113
3470,neighbor,False,MINIMUM_MAIN_STEEL,999999999.0000000000,8757.4480000000,0.2250000000,0.5500000000,0.3000000000,3.0000000000,0.7000000000,100,111,100,111,103,113
3471,neighbor,False,MAXIMUM_MAIN_STEEL,999999999.0000000000,8757.4480000000,0.2000000000,0.5000000000,0.3000000000,3.0000000000,0.7000000000,104,112,100,111,103,113
3472,neighbor,False,MINIMUM_MAIN_STEEL,999999999.0000000000,8757.4480000000,0.2000000000,0.5000000000,0.3500000000,3.0000000000,0.5000000000,102,112,103,113,100,112
3473,neighbor,True,PASS_IMPLEMENTED_PROJECT_CHECKS,9527.9267500000,8757.4480000000,0.2000000000,0.5000000000,0.3000000000,3.0000000000,0.7000000000,103,112,100,111,103,113
3474,neighbor,True,PASS_IMPLEMENTED_PROJECT_CHECKS,8800.0210000000,8757.4480000000,0.2000000000,0.5000000000,0.3000000000,3.0000000000,0.7000000000,102,112,100,111,102,111
3475,neighbor,False,ENVELOPE_BASE_CONTACT,999999999.0000000000,8757.4480000000,0.2000000000,0.5000000000,0.5000000000,2.5000000000,0.9000000000,102,112,101,110,103,110
3476,neighbor,False,MEMBER_FLEXURE,999999999.0000000000,8757.4480000000,0.2500000000,0.4500000000,0.3000000000,3.0000000000,0.7000000000,104,113,100,111,103,113
3477,neighbor,True,PASS_IMPLEMENTED_PROJECT_CHECKS,9120.1699600000,8757.4480000000,0.2000000000,0.5000000000,0.3000000000,3.0000000000,0.7000000000,102,112,100,111,104,112
3478,neighbor,False,STEM_STRESS_OR_INTERVAL_BOUND,999999999.0000000000,8757.4480000000,0.2500000000,0.4000000000,0.3000000000,3.0000000000,0.7000000000,102,112,100,111,103,113
3479,neighbor,False,MINIMUM_MAIN_STEEL,999999999.0000000000,8757.4480000000,0.2000000000,0.5000000000,0.3000000000,3.0000000000,0.7000000000,101,113,100,111,103,113
3480,neighbor,False,MINIMUM_MAIN_STEEL,999999999.0000000000,8757.4480000000,0.2000000000,0.5500000000,0.4500000000,3.5000000000,0.8000000000,104,111,100,111,103,111
3481,neighbor,False,MINIMUM_MAIN_STEEL,999999999.0000000000,8757.4480000000,0.2000000000,0.5500000000,0.3000000000,3.0000000000,0.7000000000,100,112,100,111,103,113
3482,neighbor,False,MEMBER_FLEXURE,999999999.0000000000,8757.4480000000,0.2250000000,0.4500000000,0.3000000000,3.0000000000,0.7000000000,104,112,100,111,103,113
3483,neighbor,False,MINIMUM_MAIN_STEEL,999999999.0000000000,8757.4480000000,0.2000000000,0.5000000000,0.3000000000,3.0000000000,0.7000000000,101,112,100,111,103,113
3484,neighbor,False,ENVELOPE_BASE_CONTACT,999999999.0000000000,8757.4480000000,0.2000000000,0.5000000000,0.4500000000,2.5000000000,0.7000000000,102,112,101,110,103,113
3485,neighbor,False,ENVELOPE_BASE_CONTACT,999999999.0000000000,8757.4480000000,0.2000000000,0.5000000000,0.3000000000,2.5000000000,0.6000000000,102,112,104,110,102,112
3486,neighbor,True,PASS_IMPLEMENTED_PROJECT_CHECKS,9038.8000000000,8757.4480000000,0.2000000000,0.5000000000,0.3000000000,3.0000000000,0.7000000000,102,112,102,110,103,113
3487,neighbor,True,PASS_IMPLEMENTED_PROJECT_CHECKS,8757.4480000000,8757.4480000000,0.2000000000,0.5000000000,0.3000000000,3.0000000000,0.7000000000,102,112,100,111,103,113
3488,neighbor,False,MEMBER_FLEXURE,999999999.0000000000,8757.4480000000,0.2000000000,0.5000000000,0.3000000000,3.0000000000,0.5000000000,102,112,100,111,100,111
3489,neighbor,False,MEMBER_FLEXURE,999999999.0000000000,8757.4480000000,0.2000000000,0.5000000000,0.3000000000,3.0000000000,0.7000000000,102,112,100,111,100,111
3490,neighbor,False,MAXIMUM_MAIN_STEEL,999999999.0000000000,8757.4480000000,0.2000000000,0.5000000000,0.3000000000,3.0000000000,0.7000000000,104,110,100,111,103,113
3491,neighbor,True,PASS_IMPLEMENTED_PROJECT_CHECKS,9031.3960000000,8757.4480000000,0.2000000000,0.5000000000,0.3000000000,3.0000000000,0.7000000000,102,112,104,112,103,113
3492,neighbor,False,MEMBER_FLEXURE,999999999.0000000000,8757.4480000000,0.2500000000,0.4000000000,0.3000000000,3.0000000000,0.7000000000,104,112,100,111,103,113
3493,neighbor,False,MAXIMUM_MAIN_STEEL,999999999.0000000000,8757.4480000000,0.2000000000,0.5000000000,0.3000000000,3.0000000000,0.5000000000,102,112,102,111,104,110
3494,neighbor,True,PASS_IMPLEMENTED_PROJECT_CHECKS,9099.8830000000,8757.4480000000,0.2000000000,0.5000000000,0.3000000000,3.0000000000,0.7000000000,103,113,100,111,103,113
3495,neighbor,False,MINIMUM_MAIN_STEEL,999999999.0000000000,8757.4480000000,0.2500000000,0.5500000000,0.3000000000,3.0000000000,0.7000000000,100,111,100,111,103,113
3496,neighbor,False,MEMBER_FLEXURE,999999999.0000000000,8757.4480000000,0.2000000000,0.5000000000,0.3000000000,3.0000000000,0.7000000000,102,112,103,112,102,112
3497,neighbor,False,MINIMUM_MAIN_STEEL,999999999.0000000000,8757.4480000000,0.2000000000,0.5000000000,0.3000000000,3.0000000000,0.7000000000,100,110,100,111,103,113
3498,neighbor,False,MINIMUM_MAIN_STEEL,999999999.0000000000,8757.4480000000,0.2000000000,0.4000000000,0.3000000000,2.5000000000,0.5000000000,103,113,100,113,103,113
3499,neighbor,True,PASS_IMPLEMENTED_PROJECT_CHECKS,8801.8720000000,8757.4480000000,0.2000000000,0.5000000000,0.3000000000,3.0000000000,0.7000000000,102,112,100,110,103,113
3500,neighbor,True,PASS_IMPLEMENTED_PROJECT_CHECKS,8787.0640000000,8757.4480000000,0.2000000000,0.5000000000,0.3000000000,3.0000000000,0.7000000000,102,112,101,112,103,113
3501,neighbor,False,MEMBER_FLEXURE,999999999.0000000000,8757.4480000000,0.2000000000,0.5000000000,0.3000000000,3.5000000000,0.9000000000,102,112,101,112,102,113
3502,neighbor,False,ENVELOPE_BASE_CONTACT,999999999.0000000000,8757.4480000000,0.2250000000,0.4500000000,0.5000000000,2.5000000000,0.7000000000,104,113,101,111,101,111
3503,neighbor,False,MINIMUM_MAIN_STEEL,999999999.0000000000,8757.4480000000,0.2000000000,0.5500000000,0.3000000000,3.5000000000,0.5000000000,100,111,104,112,100,111
3504,neighbor,False,MEMBER_FLEXURE,999999999.0000000000,8757.4480000000,0.2000000000,0.4000000000,0.3000000000,3.0000000000,0.7000000000,103,112,100,111,103,113
3505,neighbor,False,MINIMUM_MAIN_STEEL,999999999.0000000000,8757.4480000000,0.2250000000,0.6000000000,0.3000000000,3.0000000000,0.7000000000,101,112,100,111,103,113
3506,neighbor,True,PASS_IMPLEMENTED_PROJECT_CHECKS,8899.9750000000,8757.4480000000,0.2000000000,0.5000000000,0.3000000000,3.0000000000,0.7000000000,102,112,103,113,103,113
3507,neighbor,False,MINIMUM_MAIN_STEEL,999999999.0000000000,8757.4480000000,0.2250000000,0.5000000000,0.3000000000,2.5000000000,0.9000000000,101,113,101,111,103,110
3508,neighbor,False,MAXIMUM_MAIN_STEEL,999999999.0000000000,8757.4480000000,0.2000000000,0.4500000000,0.3000000000,3.0000000000,0.7000000000,104,111,100,110,102,110
3509,neighbor,True,PASS_IMPLEMENTED_PROJECT_CHECKS,8772.7742800000,8757.4480000000,0.2000000000,0.5000000000,0.3000000000,3.0000000000,0.7000000000,102,112,100,111,101,110
3510,neighbor,False,MINIMUM_MAIN_STEEL,999999999.0000000000,8757.4480000000,0.2250000000,0.6000000000,0.3000000000,3.0000000000,0.7000000000,100,110,100,111,103,113
3511,neighbor,False,MEMBER_FLEXURE,999999999.0000000000,8757.4480000000,0.2000000000,0.5000000000,0.3000000000,3.0000000000,0.7000000000,102,112,100,111,102,113
3512,neighbor,True,PASS_IMPLEMENTED_PROJECT_CHECKS,8917.0967500000,8757.4480000000,0.2000000000,0.5000000000,0.3000000000,3.0000000000,0.7000000000,102,112,100,111,103,112
3513,neighbor,False,MINIMUM_MAIN_STEEL,999999999.0000000000,8757.4480000000,0.2500000000,0.4000000000,0.5500000000,2.5000000000,0.8000000000,103,112,101,113,102,110
3514,neighbor,False,MAXIMUM_MAIN_STEEL,999999999.0000000000,8757.4480000000,0.2000000000,0.5000000000,0.3000000000,3.0000000000,0.7000000000,102,110,100,111,103,113
3515,neighbor,False,MEMBER_FLEXURE,999999999.0000000000,8757.4480000000,0.2000000000,0.4500000000,0.3000000000,3.0000000000,0.7000000000,104,113,100,111,103,113
3516,neighbor,False,MINIMUM_MAIN_STEEL,999999999.0000000000,8757.4480000000,0.2000000000,0.6000000000,0.3000000000,3.0000000000,0.7000000000,100,113,100,111,103,113
3517,neighbor,True,PASS_IMPLEMENTED_PROJECT_CHECKS,8957.8187500000,8757.4480000000,0.2000000000,0.5000000000,0.3000000000,3.0000000000,0.7000000000,102,112,103,112,103,113
3518,neighbor,False,MINIMUM_MAIN_STEEL,999999999.0000000000,8757.4480000000,0.2000000000,0.5000000000,0.5500000000,2.5000000000,0.8000000000,102,112,103,111,100,112
3519,neighbor,True,PASS_IMPLEMENTED_PROJECT_CHECKS,9527.9267500000,8757.4480000000,0.2000000000,0.5000000000,0.3000000000,3.0000000000,0.7000000000,103,112,100,111,103,113
3520,neighbor,False,MAXIMUM_MAIN_STEEL,999999999.0000000000,8757.4480000000,0.2000000000,0.5000000000,0.3000000000,3.0000000000,0.7000000000,102,110,100,111,103,113
3521,neighbor,True,PASS_IMPLEMENTED_PROJECT_CHECKS,9503.0155000000,8757.4480000000,0.2000000000,0.5500000000,0.3000000000,3.0000000000,0.7000000000,102,111,100,111,103,113
3522,neighbor,True,PASS_IMPLEMENTED_PROJECT_CHECKS,9054.2250000000,8757.4480000000,0.2000000000,0.5000000000,0.3000000000,3.0000000000,0.7000000000,102,112,103,111,103,113
3523,neighbor,False,MINIMUM_MAIN_STEEL,999999999.0000000000,8757.4480000000,0.2000000000,0.5000000000,0.3000000000,3.0000000000,0.7000000000,102,112,100,111,100,112
3524,neighbor,False,MINIMUM_MAIN_STEEL,999999999.0000000000,8757.4480000000,0.2000000000,0.5000000000,0.3000000000,2.5000000000,0.6000000000,102,112,104,112,100,113
3525,neighbor,False,MINIMUM_MAIN_STEEL,999999999.0000000000,8757.4480000000,0.2000000000,0.4500000000,0.3000000000,3.0000000000,0.7000000000,100,111,100,111,103,113
3526,neighbor,False,MAXIMUM_MAIN_STEEL,999999999.0000000000,8757.4480000000,0.2250000000,0.5000000000,0.3000000000,3.0000000000,0.7000000000,103,110,100,111,103,113
3527,neighbor,False,MINIMUM_MAIN_STEEL,999999999.0000000000,8757.4480000000,0.2000000000,0.5000000000,0.3000000000,3.0000000000,0.7000000000,100,113,100,111,103,113
3528,neighbor,False,MINIMUM_MAIN_STEEL,999999999.0000000000,8757.4480000000,0.2250000000,0.4000000000,0.3000000000,3.0000000000,0.6000000000,100,110,101,110,100,110
3529,neighbor,False,MAXIMUM_MAIN_STEEL,999999999.0000000000,8757.4480000000,0.2000000000,0.5000000000,0.3000000000,3.0000000000,0.7000000000,104,111,100,111,103,113
3530,neighbor,False,MINIMUM_MAIN_STEEL,999999999.0000000000,8757.4480000000,0.2000000000,0.5000000000,0.3000000000,2.5000000000,0.5000000000,102,112,100,113,103,110
3531,neighbor,True,PASS_IMPLEMENTED_PROJECT_CHECKS,8772.7742800000,8757.4480000000,0.2000000000,0.5000000000,0.3000000000,3.0000000000,0.7000000000,102,112,100,111,101,110
3532,neighbor,True,PASS_IMPLEMENTED_PROJECT_CHECKS,8958.8368000000,8757.4480000000,0.2000000000,0.5000000000,0.3000000000,3.0000000000,0.7000000000,102,112,104,113,103,113
3533,neighbor,False,MINIMUM_MAIN_STEEL,999999999.0000000000,8757.4480000000,0.2500000000,0.5500000000,0.3000000000,3.5000000000,0.9000000000,102,112,102,110,104,112
3534,neighbor,True,PASS_IMPLEMENTED_PROJECT_CHECKS,9816.9142500000,8757.4480000000,0.2000000000,0.5500000000,0.3000000000,3.0000000000,0.7000000000,103,112,100,111,103,113
3535,neighbor,False,ENVELOPE_BASE_CONTACT,999999999.0000000000,8757.4480000000,0.2000000000,0.5000000000,0.4500000000,2.5000000000,0.9000000000,102,112,101,112,102,112
3536,neighbor,True,PASS_IMPLEMENTED_PROJECT_CHECKS,8757.4480000000,8757.4480000000,0.2000000000,0.5000000000,0.3000000000,3.0000000000,0.7000000000,102,112,100,111,103,113
3537,neighbor,True,PASS_IMPLEMENTED_PROJECT_CHECKS,10648.9748200000,8757.4480000000,0.2000000000,0.5000000000,0.3000000000,3.5000000000,0.6000000000,102,112,100,111,103,110
3538,neighbor,False,MAXIMUM_MAIN_STEEL,999999999.0000000000,8757.4480000000,0.2000000000,0.5000000000,0.3000000000,3.0000000000,0.7000000000,103,111,100,111,103,113
3539,neighbor,False,MEMBER_FLEXURE,999999999.0000000000,8757.4480000000,0.2000000000,0.5000000000,0.3000000000,3.5000000000,0.7000000000,102,112,101,110,102,113
3540,neighbor,False,MAXIMUM_MAIN_STEEL,999999999.0000000000,8757.4480000000,0.2000000000,0.6000000000,0.3000000000,3.0000000000,0.7000000000,104,110,100,111,103,113
3541,neighbor,False,MINIMUM_MAIN_STEEL,999999999.0000000000,8757.4480000000,0.2250000000,0.5000000000,0.4500000000,3.0000000000,0.8000000000,101,111,101,112,101,113
3542,neighbor,False,MAXIMUM_MAIN_STEEL,999999999.0000000000,8757.4480000000,0.2000000000,0.4500000000,0.3000000000,3.0000000000,0.7000000000,104,111,100,111,103,113
3543,neighbor,True,PASS_IMPLEMENTED_PROJECT_CHECKS,8763.3712000000,8757.4480000000,0.2000000000,0.5000000000,0.3000000000,3.0000000000,0.7000000000,102,112,101,113,103,113
3544,neighbor,False,MEMBER_FLEXURE,999999999.0000000000,8757.4480000000,0.2000000000,0.5000000000,0.3000000000,3.0000000000,0.7000000000,102,112,100,111,101,112
3545,neighbor,False,MINIMUM_MAIN_STEEL,999999999.0000000000,8757.4480000000,0.2000000000,0.5000000000,0.3000000000,3.0000000000,0.7000000000,102,112,100,112,103,113
3546,neighbor,False,MAXIMUM_MAIN_STEEL,999999999.0000000000,8757.4480000000,0.2000000000,0.5000000000,0.3000000000,3.0000000000,0.6000000000,102,112,104,110,104,111
3547,neighbor,False,MAXIMUM_MAIN_STEEL,999999999.0000000000,8757.4480000000,0.2000000000,0.5000000000,0.3000000000,3.0000000000,0.7000000000,103,110,100,111,103,113
3548,neighbor,False,MINIMUM_MAIN_STEEL,999999999.0000000000,8757.4480000000,0.2000000000,0.5000000000,0.5000000000,2.5000000000,0.6000000000,101,110,100,111,104,111
3549,neighbor,True,PASS_IMPLEMENTED_PROJECT_CHECKS,9099.8830000000,8757.4480000000,0.2000000000,0.5000000000,0.3000000000,3.0000000000,0.7000000000,103,113,100,111,103,113
3550,neighbor,True,PASS_IMPLEMENTED_PROJECT_CHECKS,10085.8460000000,8757.4480000000,0.2000000000,0.5000000000,0.4000000000,3.0000000000,0.6000000000,102,112,102,110,102,110
3551,neighbor,False,MEMBER_FLEXURE,999999999.0000000000,8757.4480000000,0.2000000000,0.4000000000,0.3000000000,3.0000000000,0.7000000000,104,113,100,111,103,113
3552,neighbor,False,MAXIMUM_MAIN_STEEL,999999999.0000000000,8757.4480000000,0.2000000000,0.4000000000,0.3000000000,3.0000000000,0.7000000000,104,112,100,111,103,113
3553,neighbor,False,MAXIMUM_MAIN_STEEL,999999999.0000000000,8757.4480000000,0.2000000000,0.5000000000,0.3000000000,3.0000000000,0.7000000000,102,112,100,111,104,110
3554,neighbor,False,MINIMUM_MAIN_STEEL,999999999.0000000000,8757.4480000000,0.2000000000,0.4500000000,0.3000000000,3.5000000000,0.6000000000,100,110,101,111,103,110
3555,neighbor,False,MINIMUM_MAIN_STEEL,999999999.0000000000,8757.4480000000,0.2000000000,0.5000000000,0.3000000000,3.0000000000,0.7000000000,102,112,100,111,100,112
3556,neighbor,True,PASS_IMPLEMENTED_PROJECT_CHECKS,9945.7517500000,8757.4480000000,0.2250000000,0.6000000000,0.3000000000,3.0000000000,0.7000000000,102,111,100,111,103,113
3557,neighbor,False,MEMBER_FLEXURE,999999999.0000000000,8757.4480000000,0.2000000000,0.4500000000,0.3000000000,3.0000000000,0.7000000000,104,113,100,111,103,113
3558,neighbor,True,PASS_IMPLEMENTED_PROJECT_CHECKS,9054.2250000000,8757.4480000000,0.2000000000,0.5000000000,0.3000000000,3.0000000000,0.7000000000,102,112,103,111,103,113
3559,neighbor,False,MINIMUM_MAIN_STEEL,999999999.0000000000,8757.4480000000,0.2000000000,0.5000000000,0.3000000000,3.5000000000,0.6000000000,102,112,100,112,102,113
3560,neighbor,True,PASS_IMPLEMENTED_PROJECT_CHECKS,8772.7742800000,8757.4480000000,0.2000000000,0.5000000000,0.3000000000,3.0000000000,0.7000000000,102,112,100,111,101,110
3561,neighbor,True,PASS_IMPLEMENTED_PROJECT_CHECKS,12488.0078200000,8757.4480000000,0.2000000000,0.5000000000,0.4500000000,3.5000000000,0.7000000000,102,112,104,113,104,110
3562,neighbor,True,PASS_IMPLEMENTED_PROJECT_CHECKS,10358.6946400000,8757.4480000000,0.2000000000,0.5000000000,0.4000000000,3.5000000000,0.8000000000,102,112,100,110,104,113
3563,neighbor,False,MINIMUM_MAIN_STEEL,999999999.0000000000,8757.4480000000,0.2000000000,0.4500000000,0.3000000000,3.0000000000,0.7000000000,102,113,100,111,103,113
3564,neighbor,False,MINIMUM_MAIN_STEEL,999999999.0000000000,8757.4480000000,0.2000000000,0.5000000000,0.3000000000,3.0000000000,0.7000000000,102,112,100,113,103,113
3565,neighbor,False,MAXIMUM_MAIN_STEEL,999999999.0000000000,8757.4480000000,0.2000000000,0.5000000000,0.3000000000,3.0000000000,0.7000000000,102,110,100,111,103,113
3566,neighbor,False,MINIMUM_MAIN_STEEL,999999999.0000000000,8757.4480000000,0.2000000000,0.5000000000,0.3000000000,3.0000000000,0.7000000000,101,112,100,111,103,113
3567,neighbor,True,PASS_IMPLEMENTED_PROJECT_CHECKS,8919.9065680000,8757.4480000000,0.2000000000,0.5000000000,0.3000000000,3.0000000000,0.7000000000,102,112,100,111,104,113
3568,neighbor,True,PASS_IMPLEMENTED_PROJECT_CHECKS,9718.9502000000,8757.4480000000,0.2000000000,0.6000000000,0.3000000000,3.0000000000,0.7000000000,101,110,100,111,103,113
3569,neighbor,False,MAXIMUM_MAIN_STEEL,999999999.0000000000,8757.4480000000,0.2000000000,0.5000000000,0.4500000000,3.5000000000,0.6000000000,103,110,104,111,104,111
3570,neighbor,True,PASS_IMPLEMENTED_PROJECT_CHECKS,8957.8187500000,8757.4480000000,0.2000000000,0.5000000000,0.3000000000,3.0000000000,0.7000000000,102,112,103,112,103,113
3571,neighbor,False,MINIMUM_MAIN_STEEL,999999999.0000000000,8757.4480000000,0.2000000000,0.5000000000,0.3500000000,3.5000000000,0.9000000000,102,112,102,110,100,113
3572,neighbor,False,ENVELOPE_BASE_CONTACT,999999999.0000000000,8757.4480000000,0.2000000000,0.4000000000,0.3500000000,2.5000000000,0.6000000000,104,112,100,111,102,112
3573,neighbor,False,MEMBER_FLEXURE,999999999.0000000000,8757.4480000000,0.2000000000,0.5000000000,0.3000000000,3.5000000000,0.9000000000,102,112,103,111,101,113
3574,neighbor,False,MINIMUM_MAIN_STEEL,999999999.0000000000,8757.4480000000,0.2000000000,0.5000000000,0.3000000000,3.0000000000,0.7000000000,102,112,100,111,100,113
3575,neighbor,True,PASS_IMPLEMENTED_PROJECT_CHECKS,10099.5005000000,8757.4480000000,0.2500000000,0.6000000000,0.3000000000,3.0000000000,0.7000000000,102,111,100,111,103,113
3576,neighbor,False,MINIMUM_MAIN_STEEL,999999999.0000000000,8757.4480000000,0.2500000000,0.5000000000,0.3500000000,3.5000000000,0.6000000000,100,112,101,110,104,110
3577,neighbor,True,PASS_IMPLEMENTED_PROJECT_CHECKS,9601.7456560000,8757.4480000000,0.2000000000,0.5000000000,0.3000000000,3.5000000000,0.6000000000,102,112,101,112,104,113
3578,neighbor,False,MINIMUM_MAIN_STEEL,999999999.0000000000,8757.4480000000,0.2000000000,0.5000000000,0.3000000000,3.0000000000,0.7000000000,102,112,100,111,100,112
3579,neighbor,False,ENVELOPE_BASE_CONTACT,999999999.0000000000,8757.4480000000,0.2000000000,0.5000000000,0.3000000000,2.5000000000,0.8000000000,102,112,104,112,100,111
3580,neighbor,True,PASS_IMPLEMENTED_PROJECT_CHECKS,9715.3405000000,8757.4480000000,0.2000000000,0.5000000000,0.3000000000,3.0000000000,0.7000000000,102,112,100,111,103,110
3581,neighbor,False,MAXIMUM_MAIN_STEEL,999999999.0000000000,8757.4480000000,0.2500000000,0.6000000000,0.4500000000,3.0000000000,0.7000000000,103,110,103,112,101,110
3582,neighbor,True,PASS_IMPLEMENTED_PROJECT_CHECKS,8763.3712000000,8757.4480000000,0.2000000000,0.5000000000,0.3000000000,3.0000000000,0.7000000000,102,112,101,113,103,113
3583,neighbor,False,MEMBER_FLEXURE,999999999.0000000000,8757.4480000000,0.2000000000,0.5000000000,0.3000000000,3.0000000000,0.7000000000,102,112,100,111,101,112
3584,neighbor,True,PASS_IMPLEMENTED_PROJECT_CHECKS,9054.2250000000,8757.4480000000,0.2000000000,0.5000000000,0.3000000000,3.0000000000,0.7000000000,102,112,103,111,103,113
3585,neighbor,True,PASS_IMPLEMENTED_PROJECT_CHECKS,8917.0967500000,8757.4480000000,0.2000000000,0.5000000000,0.3000000000,3.0000000000,0.7000000000,102,112,100,111,103,112
3586,neighbor,True,PASS_IMPLEMENTED_PROJECT_CHECKS,10700.1918000000,8757.4480000000,0.2000000000,0.5000000000,0.4000000000,3.5000000000,0.8000000000,102,112,102,113,103,111
3587,neighbor,True,PASS_IMPLEMENTED_PROJECT_CHECKS,8801.8720000000,8757.4480000000,0.2000000000,0.5000000000,0.3000000000,3.0000000000,0.7000000000,102,112,100,110,103,113
3588,neighbor,False,MINIMUM_MAIN_STEEL,999999999.0000000000,8757.4480000000,0.2000000000,0.5000000000,0.5500000000,2.5000000000,0.9000000000,102,112,100,112,102,112
3589,neighbor,False,MINIMUM_MAIN_STEEL,999999999.0000000000,8757.4480000000,0.2000000000,0.4000000000,0.3000000000,3.0000000000,0.7000000000,100,113,100,111,103,113
3590,neighbor,True,PASS_IMPLEMENTED_PROJECT_CHECKS,9831.6067500000,8757.4480000000,0.2250000000,0.6000000000,0.3000000000,3.0000000000,0.7000000000,103,113,100,111,103,113
3591,neighbor,True,PASS_IMPLEMENTED_PROJECT_CHECKS,8853.7000000000,8757.4480000000,0.2000000000,0.5000000000,0.3000000000,3.0000000000,0.7000000000,102,112,102,112,103,113
3592,neighbor,False,MINIMUM_MAIN_STEEL,999999999.0000000000,8757.4480000000,0.2000000000,0.5500000000,0.3000000000,3.0000000000,0.7000000000,102,111,100,112,102,112
3593,neighbor,False,MINIMUM_MAIN_STEEL,999999999.0000000000,8757.4480000000,0.2000000000,0.4000000000,0.3000000000,3.0000000000,0.7000000000,101,113,100,111,103,113
3594,neighbor,True,PASS_IMPLEMENTED_PROJECT_CHECKS,8772.7742800000,8757.4480000000,0.2000000000,0.5000000000,0.3000000000,3.0000000000,0.7000000000,102,112,100,111,101,110
3595,neighbor,False,MINIMUM_MAIN_STEEL,999999999.0000000000,8757.4480000000,0.2000000000,0.5000000000,0.3000000000,3.0000000000,0.7000000000,102,112,100,112,103,113
3596,neighbor,False,MINIMUM_MAIN_STEEL,999999999.0000000000,8757.4480000000,0.2000000000,0.5000000000,0.3000000000,3.0000000000,0.7000000000,102,112,100,111,100,113
3597,neighbor,True,PASS_IMPLEMENTED_PROJECT_CHECKS,8757.4480000000,8757.4480000000,0.2000000000,0.5000000000,0.3000000000,3.0000000000,0.7000000000,102,112,100,111,103,113
3598,neighbor,False,MINIMUM_MAIN_STEEL,999999999.0000000000,8757.4480000000,0.2000000000,0.5000000000,0.5000000000,2.5000000000,0.9000000000,102,112,100,111,104,112
3599,neighbor,False,ENVELOPE_BASE_CONTACT,999999999.0000000000,8757.4480000000,0.2000000000,0.5000000000,0.3500000000,2.5000000000,0.5000000000,102,112,102,111,102,112
3600,neighbor,False,MINIMUM_MAIN_STEEL,999999999.0000000000,8757.4480000000,0.2000000000,0.5500000000,0.3000000000,3.0000000000,0.7000000000,100,110,100,111,103,113
3601,neighbor,True,PASS_IMPLEMENTED_PROJECT_CHECKS,10016.7603000000,8757.4480000000,0.2500000000,0.4000000000,0.3000000000,3.0000000000,0.8000000000,103,111,102,113,103,113
3602,neighbor,False,MAXIMUM_MAIN_STEEL,999999999.0000000000,8757.4480000000,0.2000000000,0.5000000000,0.3000000000,3.0000000000,0.7000000000,102,112,104,110,103,113
3603,neighbor,False,ENVELOPE_BASE_CONTACT,999999999.0000000000,8757.4480000000,0.2000000000,0.5000000000,0.3000000000,2.5000000000,0.8000000000,102,112,100,111,103,110
3604,neighbor,False,MAXIMUM_MAIN_STEEL,999999999.0000000000,8757.4480000000,0.2000000000,0.4000000000,0.3000000000,3.0000000000,0.7000000000,104,111,100,111,103,113
3605,neighbor,True,PASS_IMPLEMENTED_PROJECT_CHECKS,9247.0375000000,8757.4480000000,0.2000000000,0.5000000000,0.3000000000,3.0000000000,0.7000000000,102,112,103,110,103,113
3606,neighbor,False,MINIMUM_MAIN_STEEL,999999999.0000000000,8757.4480000000,0.2000000000,0.5000000000,0.3000000000,3.5000000000,0.9000000000,102,112,100,113,103,110
3607,neighbor,False,MINIMUM_MAIN_STEEL,999999999.0000000000,8757.4480000000,0.2250000000,0.6000000000,0.5500000000,3.0000000000,0.8000000000,102,112,103,111,102,110
3608,neighbor,False,MINIMUM_MAIN_STEEL,999999999.0000000000,8757.4480000000,0.2000000000,0.5000000000,0.3000000000,3.0000000000,0.7000000000,100,111,100,111,103,113
3609,neighbor,True,PASS_IMPLEMENTED_PROJECT_CHECKS,9183.1780000000,8757.4480000000,0.2000000000,0.5000000000,0.3000000000,3.0000000000,0.7000000000,102,112,100,111,103,111
3610,neighbor,False,MAXIMUM_MAIN_STEEL,999999999.0000000000,8757.4480000000,0.2500000000,0.6000000000,0.3000000000,3.0000000000,0.9000000000,104,110,101,113,101,110
3611,neighbor,True,PASS_IMPLEMENTED_PROJECT_CHECKS,9120.1699600000,8757.4480000000,0.2000000000,0.5000000000,0.3000000000,3.0000000000,0.7000000000,102,112,100,111,104,112
3612,neighbor,False,MINIMUM_MAIN_STEEL,999999999.0000000000,8757.4480000000,0.2000000000,0.5000000000,0.3000000000,3.0000000000,0.7000000000,101,113,100,111,103,113
3613,neighbor,True,PASS_IMPLEMENTED_PROJECT_CHECKS,10099.5005000000,8757.4480000000,0.2500000000,0.6000000000,0.3000000000,3.0000000000,0.7000000000,102,111,100,111,103,113
3614,neighbor,False,MEMBER_FLEXURE,999999999.0000000000,8757.4480000000,0.2000000000,0.5000000000,0.3000000000,3.0000000000,0.8000000000,102,112,103,110,101,113
3615,neighbor,True,PASS_IMPLEMENTED_PROJECT_CHECKS,8957.8187500000,8757.4480000000,0.2000000000,0.5000000000,0.3000000000,3.0000000000,0.7000000000,102,112,103,112,103,113
3616,neighbor,False,MINIMUM_MAIN_STEEL,999999999.0000000000,8757.4480000000,0.2000000000,0.5000000000,0.3000000000,3.0000000000,0.7000000000,102,112,100,111,100,112
3617,neighbor,False,MINIMUM_MAIN_STEEL,999999999.0000000000,8757.4480000000,0.2000000000,0.6000000000,0.3000000000,3.0000000000,0.7000000000,100,113,100,111,103,113
3618,neighbor,True,PASS_IMPLEMENTED_PROJECT_CHECKS,8763.3712000000,8757.4480000000,0.2000000000,0.5000000000,0.3000000000,3.0000000000,0.7000000000,102,112,101,113,103,113
3619,neighbor,False,MINIMUM_MAIN_STEEL,999999999.0000000000,8757.4480000000,0.2000000000,0.5000000000,0.3000000000,3.0000000000,0.7000000000,102,113,100,111,103,113
3620,neighbor,False,MAXIMUM_MAIN_STEEL,999999999.0000000000,8757.4480000000,0.2000000000,0.5000000000,0.4000000000,3.5000000000,0.6000000000,104,111,103,112,101,113
3621,neighbor,False,MINIMUM_MAIN_STEEL,999999999.0000000000,8757.4480000000,0.2000000000,0.5000000000,0.3000000000,3.0000000000,0.7000000000,101,111,100,111,103,113
3622,neighbor,False,ENVELOPE_BASE_CONTACT,999999999.0000000000,8757.4480000000,0.2000000000,0.5000000000,0.4000000000,2.5000000000,0.9000000000,102,112,102,113,104,112
3623,neighbor,True,PASS_IMPLEMENTED_PROJECT_CHECKS,9031.3960000000,8757.4480000000,0.2000000000,0.5000000000,0.3000000000,3.0000000000,0.7000000000,102,112,104,112,103,113
3624,neighbor,False,MAXIMUM_MAIN_STEEL,999999999.0000000000,8757.4480000000,0.2000000000,0.4000000000,0.3000000000,3.0000000000,0.7000000000,104,112,100,111,103,113
3625,neighbor,True,PASS_IMPLEMENTED_PROJECT_CHECKS,9120.1699600000,8757.4480000000,0.2000000000,0.5000000000,0.3000000000,3.0000000000,0.7000000000,102,112,100,111,104,112
3626,neighbor,False,MAXIMUM_MAIN_STEEL,999999999.0000000000,8757.4480000000,0.2000000000,0.5000000000,0.4000000000,3.5000000000,0.6000000000,104,112,100,110,104,112
3627,neighbor,True,PASS_IMPLEMENTED_PROJECT_CHECKS,8801.8720000000,8757.4480000000,0.2000000000,0.5000000000,0.3000000000,3.0000000000,0.7000000000,102,112,100,110,103,113
3628,neighbor,True,PASS_IMPLEMENTED_PROJECT_CHECKS,8787.0640000000,8757.4480000000,0.2000000000,0.5000000000,0.3000000000,3.0000000000,0.7000000000,102,112,101,112,103,113
3629,neighbor,True,PASS_IMPLEMENTED_PROJECT_CHECKS,11161.5040000000,8757.4480000000,0.2000000000,0.5000000000,0.5000000000,3.5000000000,0.5000000000,102,112,102,110,103,113
3630,neighbor,False,MINIMUM_MAIN_STEEL,999999999.0000000000,8757.4480000000,0.2000000000,0.5000000000,0.3000000000,3.0000000000,0.7000000000,100,111,100,111,103,113
3631,neighbor,True,PASS_IMPLEMENTED_PROJECT_CHECKS,9038.8000000000,8757.4480000000,0.2000000000,0.5000000000,0.3000000000,3.0000000000,0.7000000000,102,112,102,110,103,113
3632,neighbor,False,ENVELOPE_BASE_CONTACT,999999999.0000000000,8757.4480000000,0.2000000000,0.4500000000,0.3000000000,2.5000000000,0.9000000000,104,112,100,110,104,112
3633,neighbor,True,PASS_IMPLEMENTED_PROJECT_CHECKS,13320.7325200000,8757.4480000000,0.2000000000,0.5000000000,0.5000000000,3.5000000000,0.7000000000,102,112,104,110,104,110
3634,neighbor,True,PASS_IMPLEMENTED_PROJECT_CHECKS,9715.3405000000,8757.4480000000,0.2000000000,0.5000000000,0.3000000000,3.0000000000,0.7000000000,102,112,100,111,103,110
3635,neighbor,False,MINIMUM_MAIN_STEEL,999999999.0000000000,8757.4480000000,0.2000000000,0.6000000000,0.5500000000,2.5000000000,0.6000000000,100,112,103,111,104,110
3636,neighbor,False,MEMBER_FLEXURE,999999999.0000000000,8757.4480000000,0.2000000000,0.5000000000,0.3000000000,3.0000000000,0.7000000000,102,112,100,111,102,112
3637,neighbor,False,MINIMUM_MAIN_STEEL,999999999.0000000000,8757.4480000000,0.2000000000,0.5000000000,0.3000000000,3.5000000000,0.8000000000,102,112,102,111,100,112
3638,neighbor,False,MINIMUM_MAIN_STEEL,999999999.0000000000,8757.4480000000,0.2000000000,0.5000000000,0.3000000000,3.0000000000,0.7000000000,102,112,100,112,103,113
3639,neighbor,True,PASS_IMPLEMENTED_PROJECT_CHECKS,9140.9752000000,8757.4480000000,0.2000000000,0.5000000000,0.3000000000,3.0000000000,0.7000000000,101,110,100,111,103,113
3640,neighbor,False,MINIMUM_MAIN_STEEL,999999999.0000000000,8757.4480000000,0.2500000000,0.6000000000,0.3000000000,3.0000000000,0.5000000000,100,113,102,110,101,113
3641,neighbor,True,PASS_IMPLEMENTED_PROJECT_CHECKS,8757.4480000000,8757.4480000000,0.2000000000,0.5000000000,0.3000000000,3.0000000000,0.7000000000,102,112,100,111,103,113
3642,neighbor,False,MINIMUM_MAIN_STEEL,999999999.0000000000,8757.4480000000,0.2000000000,0.5000000000,0.3000000000,3.0000000000,0.7000000000,102,112,100,112,103,113
3643,neighbor,True,PASS_IMPLEMENTED_PROJECT_CHECKS,8915.4000000000,8757.4480000000,0.2000000000,0.5000000000,0.3000000000,3.0000000000,0.7000000000,102,112,102,111,103,113
3644,neighbor,False,MAXIMUM_MAIN_STEEL,999999999.0000000000,8757.4480000000,0.2000000000,0.6000000000,0.3000000000,3.0000000000,0.7000000000,104,111,100,111,103,113
3645,neighbor,False,MINIMUM_MAIN_STEEL,999999999.0000000000,8757.4480000000,0.2000000000,0.4000000000,0.3000000000,3.5000000000,0.5000000000,103,112,100,112,100,113
3646,neighbor,False,ENVELOPE_BASE_CONTACT,999999999.0000000000,8757.4480000000,0.2000000000,0.5000000000,0.3500000000,2.5000000000,0.9000000000,102,112,104,113,102,113
3647,neighbor,False,MINIMUM_MAIN_STEEL,999999999.0000000000,8757.4480000000,0.2000000000,0.5000000000,0.4000000000,3.0000000000,0.9000000000,102,112,102,112,100,113
3648,neighbor,False,MINIMUM_MAIN_STEEL,999999999.0000000000,8757.4480000000,0.2000000000,0.5000000000,0.3000000000,3.0000000000,0.7000000000,102,112,100,113,103,113
3649,neighbor,False,MAXIMUM_MAIN_STEEL,999999999.0000000000,8757.4480000000,0.2000000000,0.4000000000,0.5500000000,3.0000000000,0.8000000000,104,112,103,113,102,112
3650,neighbor,False,MAXIMUM_MAIN_STEEL,999999999.0000000000,8757.4480000000,0.2000000000,0.6000000000,0.3000000000,3.0000000000,0.7000000000,103,110,100,111,103,113
3651,neighbor,False,MEMBER_FLEXURE,999999999.0000000000,8757.4480000000,0.2000000000,0.5000000000,0.3000000000,3.0000000000,0.6000000000,102,112,104,111,101,110
3652,neighbor,False,MEMBER_FLEXURE,999999999.0000000000,8757.4480000000,0.2250000000,0.4500000000,0.3000000000,3.0000000000,0.7000000000,103,113,100,111,103,113
3653,neighbor,True,PASS_IMPLEMENTED_PROJECT_CHECKS,8800.0210000000,8757.4480000000,0.2000000000,0.5000000000,0.3000000000,3.0000000000,0.7000000000,102,112,100,111,102,111
3654,neighbor,False,ENVELOPE_BASE_CONTACT,999999999.0000000000,8757.4480000000,0.2000000000,0.5000000000,0.3000000000,2.5000000000,0.6000000000,102,112,101,113,103,112
3655,neighbor,False,ENVELOPE_BASE_CONTACT,999999999.0000000000,8757.4480000000,0.2500000000,0.5500000000,0.3000000000,2.5000000000,0.5000000000,103,112,101,113,100,111
3656,neighbor,True,PASS_IMPLEMENTED_PROJECT_CHECKS,9038.8000000000,8757.4480000000,0.2000000000,0.5000000000,0.3000000000,3.0000000000,0.7000000000,102,112,102,110,103,113
3657,neighbor,False,MAXIMUM_MAIN_STEEL,999999999.0000000000,8757.4480000000,0.2000000000,0.5000000000,0.3000000000,3.0000000000,0.7000000000,102,110,100,111,103,113
3658,neighbor,True,PASS_IMPLEMENTED_PROJECT_CHECKS,8905.5280000000,8757.4480000000,0.2000000000,0.5000000000,0.3000000000,3.0000000000,0.7000000000,102,112,101,110,103,113
3659,neighbor,True,PASS_IMPLEMENTED_PROJECT_CHECKS,8919.9065680000,8757.4480000000,0.2000000000,0.5000000000,0.3000000000,3.0000000000,0.7000000000,102,112,100,111,104,113
3660,neighbor,True,PASS_IMPLEMENTED_PROJECT_CHECKS,9054.2250000000,8757.4480000000,0.2000000000,0.5000000000,0.3000000000,3.0000000000,0.7000000000,102,112,103,111,103,113
3661,neighbor,False,MINIMUM_MAIN_STEEL,999999999.0000000000,8757.4480000000,0.2000000000,0.5000000000,0.3000000000,3.0000000000,0.7000000000,102,112,100,112,103,113
3662,neighbor,True,PASS_IMPLEMENTED_PROJECT_CHECKS,9453.9422800000,8757.4480000000,0.2000000000,0.5000000000,0.3000000000,3.0000000000,0.7000000000,102,112,100,111,104,111
3663,neighbor,False,MINIMUM_MAIN_STEEL,999999999.0000000000,8757.4480000000,0.2000000000,0.5500000000,0.3000000000,3.0000000000,0.7000000000,101,113,100,111,103,113
3664,neighbor,False,MINIMUM_MAIN_STEEL,999999999.0000000000,8757.4480000000,0.2000000000,0.5000000000,0.3000000000,3.0000000000,0.7000000000,100,111,100,111,103,113
3665,neighbor,False,MAXIMUM_MAIN_STEEL,999999999.0000000000,8757.4480000000,0.2000000000,0.4000000000,0.3000000000,3.5000000000,0.7000000000,102,110,101,112,102,113
3666,neighbor,False,MAXIMUM_MAIN_STEEL,999999999.0000000000,8757.4480000000,0.2000000000,0.6000000000,0.3000000000,3.0000000000,0.7000000000,102,110,100,111,103,113
3667,neighbor,False,MEMBER_FLEXURE,999999999.0000000000,8757.4480000000,0.2000000000,0.5000000000,0.3000000000,3.0000000000,0.7000000000,102,112,102,111,101,111
3668,neighbor,False,MEMBER_FLEXURE,999999999.0000000000,8757.4480000000,0.2000000000,0.5000000000,0.3000000000,3.0000000000,0.7000000000,102,112,100,111,100,111
3669,neighbor,True,PASS_IMPLEMENTED_PROJECT_CHECKS,11890.0790500000,8757.4480000000,0.2000000000,0.5500000000,0.4500000000,3.5000000000,0.5000000000,102,111,103,113,104,112
3670,neighbor,False,MINIMUM_MAIN_STEEL,999999999.0000000000,8757.4480000000,0.2000000000,0.6000000000,0.4000000000,3.0000000000,0.7000000000,100,113,101,112,104,113
3671,neighbor,False,ENVELOPE_BASE_CONTACT,999999999.0000000000,8757.4480000000,0.2000000000,0.5000000000,0.4500000000,2.5000000000,0.8000000000,102,112,104,111,104,113
3672,neighbor,False,MEMBER_FLEXURE,999999999.0000000000,8757.4480000000,0.2000000000,0.5000000000,0.3000000000,3.0000000000,0.7000000000,102,112,100,111,101,111
3673,neighbor,True,PASS_IMPLEMENTED_PROJECT_CHECKS,9099.8830000000,8757.4480000000,0.2000000000,0.5000000000,0.3000000000,3.0000000000,0.7000000000,103,113,100,111,103,113
3674,neighbor,False,MEMBER_FLEXURE,999999999.0000000000,8757.4480000000,0.2000000000,0.5000000000,0.3000000000,3.0000000000,0.7000000000,102,112,100,111,101,113
3675,neighbor,False,MAXIMUM_MAIN_STEEL,999999999.0000000000,8757.4480000000,0.2000000000,0.5000000000,0.3000000000,3.0000000000,0.7000000000,102,112,104,110,103,113
3676,neighbor,True,PASS_IMPLEMENTED_PROJECT_CHECKS,8919.9065680000,8757.4480000000,0.2000000000,0.5000000000,0.3000000000,3.0000000000,0.7000000000,102,112,100,111,104,113
3677,neighbor,True,PASS_IMPLEMENTED_PROJECT_CHECKS,11214.7572700000,8757.4480000000,0.2000000000,0.5000000000,0.5000000000,3.5000000000,0.5000000000,102,112,101,112,103,112
3678,neighbor,True,PASS_IMPLEMENTED_PROJECT_CHECKS,9031.3960000000,8757.4480000000,0.2000000000,0.5000000000,0.3000000000,3.0000000000,0.7000000000,102,112,104,112,103,113
3679,neighbor,True,PASS_IMPLEMENTED_PROJECT_CHECKS,10105.9017500000,8757.4480000000,0.2000000000,0.6000000000,0.3000000000,3.0000000000,0.7000000000,103,112,100,111,103,113
3680,neighbor,False,MAXIMUM_MAIN_STEEL,999999999.0000000000,8757.4480000000,0.2000000000,0.6000000000,0.3000000000,3.0000000000,0.7000000000,103,111,100,111,103,113
3681,neighbor,False,MEMBER_FLEXURE,999999999.0000000000,8757.4480000000,0.2500000000,0.4000000000,0.3000000000,3.0000000000,0.7000000000,104,113,100,111,103,113
3682,neighbor,True,PASS_IMPLEMENTED_PROJECT_CHECKS,8905.5280000000,8757.4480000000,0.2000000000,0.5000000000,0.3000000000,3.0000000000,0.7000000000,102,112,101,110,103,113
3683,neighbor,False,MAXIMUM_MAIN_STEEL,999999999.0000000000,8757.4480000000,0.2000000000,0.5000000000,0.3000000000,3.0000000000,0.7000000000,102,110,100,111,103,113
3684,neighbor,True,PASS_IMPLEMENTED_PROJECT_CHECKS,8787.0640000000,8757.4480000000,0.2000000000,0.5000000000,0.3000000000,3.0000000000,0.7000000000,102,112,101,112,103,113
3685,neighbor,True,PASS_IMPLEMENTED_PROJECT_CHECKS,8757.4480000000,8757.4480000000,0.2000000000,0.5000000000,0.3000000000,3.0000000000,0.7000000000,102,112,100,111,103,113
3686,neighbor,False,MAXIMUM_MAIN_STEEL,999999999.0000000000,8757.4480000000,0.2000000000,0.4000000000,0.3000000000,3.0000000000,0.7000000000,104,110,100,111,103,113
3687,neighbor,False,MINIMUM_MAIN_STEEL,999999999.0000000000,8757.4480000000,0.2000000000,0.5500000000,0.3000000000,3.0000000000,0.8000000000,102,110,102,110,100,112
3688,neighbor,True,PASS_IMPLEMENTED_PROJECT_CHECKS,9014.5593040000,8757.4480000000,0.2000000000,0.5000000000,0.3000000000,3.0000000000,0.5000000000,102,112,100,110,104,113
3689,neighbor,False,ENVELOPE_BASE_CONTACT,999999999.0000000000,8757.4480000000,0.2000000000,0.4000000000,0.3000000000,2.5000000000,0.6000000000,104,112,102,112,104,110
3690,neighbor,True,PASS_IMPLEMENTED_PROJECT_CHECKS,8800.0210000000,8757.4480000000,0.2000000000,0.5000000000,0.3000000000,3.0000000000,0.7000000000,102,112,100,111,102,111
3691,neighbor,True,PASS_IMPLEMENTED_PROJECT_CHECKS,10124.4117500000,8757.4480000000,0.2500000000,0.5500000000,0.3000000000,3.0000000000,0.7000000000,103,112,100,111,103,113
3692,neighbor,False,MAXIMUM_MAIN_STEEL,999999999.0000000000,8757.4480000000,0.2000000000,0.5000000000,0.3000000000,3.0000000000,0.7000000000,103,110,100,111,103,113
3693,neighbor,True,PASS_IMPLEMENTED_PROJECT_CHECKS,8899.9750000000,8757.4480000000,0.2000000000,0.5000000000,0.3000000000,3.0000000000,0.7000000000,102,112,103,113,103,113
3694,neighbor,True,PASS_IMPLEMENTED_PROJECT_CHECKS,9054.2250000000,8757.4480000000,0.2000000000,0.5000000000,0.3000000000,3.0000000000,0.7000000000,102,112,103,111,103,113
3695,neighbor,True,PASS_IMPLEMENTED_PROJECT_CHECKS,8853.7000000000,8757.4480000000,0.2000000000,0.5000000000,0.3000000000,3.0000000000,0.7000000000,102,112,102,112,103,113
3696,neighbor,True,PASS_IMPLEMENTED_PROJECT_CHECKS,8853.7000000000,8757.4480000000,0.2000000000,0.5000000000,0.3000000000,3.0000000000,0.7000000000,102,112,102,112,103,113
3697,neighbor,False,MEMBER_FLEXURE,999999999.0000000000,8757.4480000000,0.2000000000,0.4500000000,0.3000000000,3.0000000000,0.7000000000,103,112,100,111,103,113
3698,neighbor,False,MINIMUM_MAIN_STEEL,999999999.0000000000,8757.4480000000,0.2000000000,0.5000000000,0.3000000000,3.0000000000,0.7000000000,101,112,100,111,103,113
3699,neighbor,True,PASS_IMPLEMENTED_PROJECT_CHECKS,9140.9752000000,8757.4480000000,0.2000000000,0.5000000000,0.3000000000,3.0000000000,0.7000000000,101,110,100,111,103,113
3700,neighbor,True,PASS_IMPLEMENTED_PROJECT_CHECKS,8838.8920000000,8757.4480000000,0.2000000000,0.5000000000,0.3000000000,3.0000000000,0.9000000000,102,112,102,112,103,113
3701,neighbor,True,PASS_IMPLEMENTED_PROJECT_CHECKS,8919.9065680000,8757.4480000000,0.2000000000,0.5000000000,0.3000000000,3.0000000000,0.7000000000,102,112,100,111,104,113
3702,neighbor,False,ENVELOPE_BASE_CONTACT,999999999.0000000000,8757.4480000000,0.2250000000,0.4000000000,0.3000000000,2.5000000000,0.9000000000,104,112,104,112,103,111
3703,neighbor,False,MINIMUM_MAIN_STEEL,999999999.0000000000,8757.4480000000,0.2000000000,0.5000000000,0.3000000000,3.0000000000,0.7000000000,102,112,100,111,100,113
3704,neighbor,False,MINIMUM_MAIN_STEEL,999999999.0000000000,8757.4480000000,0.2000000000,0.4000000000,0.5500000000,2.5000000000,0.5000000000,100,110,101,111,104,110
3705,neighbor,True,PASS_IMPLEMENTED_PROJECT_CHECKS,9038.8000000000,8757.4480000000,0.2000000000,0.5000000000,0.3000000000,3.0000000000,0.7000000000,102,112,102,110,103,113
3706,neighbor,True,PASS_IMPLEMENTED_PROJECT_CHECKS,8958.8368000000,8757.4480000000,0.2000000000,0.5000000000,0.3000000000,3.0000000000,0.7000000000,102,112,104,113,103,113
3707,neighbor,False,MINIMUM_MAIN_STEEL,999999999.0000000000,8757.4480000000,0.2000000000,0.4000000000,0.4000000000,3.0000000000,0.8000000000,103,112,100,112,104,112
3708,neighbor,False,MAXIMUM_MAIN_STEEL,999999999.0000000000,8757.4480000000,0.2000000000,0.5000000000,0.3000000000,3.0000000000,0.7000000000,103,111,100,111,103,113
3709,neighbor,False,MAXIMUM_MAIN_STEEL,999999999.0000000000,8757.4480000000,0.2000000000,0.5000000000,0.3000000000,3.0000000000,0.7000000000,102,110,100,111,103,113
3710,neighbor,False,ENVELOPE_BASE_CONTACT,999999999.0000000000,8757.4480000000,0.2000000000,0.5000000000,0.3000000000,2.5000000000,0.7000000000,102,112,103,113,103,113
3711,neighbor,False,MEMBER_FLEXURE,999999999.0000000000,8757.4480000000,0.2000000000,0.5000000000,0.3000000000,3.0000000000,0.7000000000,102,112,100,111,102,113
3712,neighbor,True,PASS_IMPLEMENTED_PROJECT_CHECKS,9214.0280000000,8757.4480000000,0.2000000000,0.5000000000,0.3000000000,3.0000000000,0.7000000000,102,111,100,111,103,113
3713,neighbor,False,MEMBER_FLEXURE,999999999.0000000000,8757.4480000000,0.2000000000,0.5000000000,0.3000000000,3.0000000000,0.7000000000,102,112,100,111,101,111
3714,neighbor,False,ENVELOPE_BASE_CONTACT,999999999.0000000000,8757.4480000000,0.2000000000,0.5000000000,0.3000000000,2.5000000000,0.8000000000,102,112,103,111,103,110
3715,neighbor,False,MAXIMUM_MAIN_STEEL,999999999.0000000000,8757.4480000000,0.2000000000,0.5000000000,0.3000000000,3.0000000000,0.7000000000,102,112,103,113,104,110
3716,neighbor,True,PASS_IMPLEMENTED_PROJECT_CHECKS,8853.7000000000,8757.4480000000,0.2000000000,0.5000000000,0.3000000000,3.0000000000,0.7000000000,102,112,102,112,103,113
3717,neighbor,False,MINIMUM_MAIN_STEEL,999999999.0000000000,8757.4480000000,0.2000000000,0.6000000000,0.3000000000,3.0000000000,0.7000000000,101,111,100,111,103,113
3718,neighbor,False,MAXIMUM_MAIN_STEEL,999999999.0000000000,8757.4480000000,0.2000000000,0.6000000000,0.3000000000,3.5000000000,0.8000000000,104,113,104,112,104,110
3719,neighbor,True,PASS_IMPLEMENTED_PROJECT_CHECKS,9527.9267500000,8757.4480000000,0.2000000000,0.5000000000,0.3000000000,3.0000000000,0.7000000000,103,112,100,111,103,113
3720,neighbor,False,MINIMUM_MAIN_STEEL,999999999.0000000000,8757.4480000000,0.2000000000,0.5000000000,0.4500000000,2.5000000000,0.7000000000,102,112,102,110,101,113
3721,neighbor,True,PASS_IMPLEMENTED_PROJECT_CHECKS,9830.2034800000,8757.4480000000,0.2000000000,0.5000000000,0.3000000000,3.5000000000,0.8000000000,102,112,104,112,104,113
3722,neighbor,True,PASS_IMPLEMENTED_PROJECT_CHECKS,8853.7000000000,8757.4480000000,0.2000000000,0.5000000000,0.3000000000,3.0000000000,0.7000000000,102,112,102,112,103,113
3723,neighbor,True,PASS_IMPLEMENTED_PROJECT_CHECKS,8800.0210000000,8757.4480000000,0.2000000000,0.5000000000,0.3000000000,3.0000000000,0.7000000000,102,112,100,111,102,111
3724,neighbor,False,ENVELOPE_BASE_CONTACT,999999999.0000000000,8757.4480000000,0.2000000000,0.5000000000,0.4000000000,2.5000000000,0.7000000000,102,112,101,113,102,110
3725,neighbor,False,MINIMUM_MAIN_STEEL,999999999.0000000000,8757.4480000000,0.2000000000,0.5000000000,0.5000000000,3.5000000000,0.9000000000,102,112,101,113,100,111
3726,neighbor,False,MINIMUM_MAIN_STEEL,999999999.0000000000,8757.4480000000,0.2000000000,0.5000000000,0.3000000000,3.0000000000,0.7000000000,102,112,100,113,103,113
3727,neighbor,True,PASS_IMPLEMENTED_PROJECT_CHECKS,11428.4858600000,8757.4480000000,0.2000000000,0.5000000000,0.4500000000,3.0000000000,0.5000000000,102,112,102,111,104,110
3728,neighbor,False,MINIMUM_MAIN_STEEL,999999999.0000000000,8757.4480000000,0.2000000000,0.5000000000,0.3000000000,3.0000000000,0.7000000000,100,113,100,111,103,113
3729,neighbor,True,PASS_IMPLEMENTED_PROJECT_CHECKS,8915.4000000000,8757.4480000000,0.2000000000,0.5000000000,0.3000000000,3.0000000000,0.7000000000,102,112,102,111,103,113
3730,neighbor,False,MAXIMUM_MAIN_STEEL,999999999.0000000000,8757.4480000000,0.2500000000,0.5500000000,0.3000000000,3.5000000000,0.8000000000,104,111,104,111,101,113
3731,neighbor,False,MAXIMUM_MAIN_STEEL,999999999.0000000000,8757.4480000000,0.2000000000,0.5000000000,0.3000000000,3.0000000000,0.7000000000,103,111,100,111,103,113
3732,neighbor,False,MAXIMUM_MAIN_STEEL,999999999.0000000000,8757.4480000000,0.2000000000,0.5000000000,0.3000000000,3.0000000000,0.7000000000,104,112,100,111,103,113
3733,neighbor,False,MEMBER_FLEXURE,999999999.0000000000,8757.4480000000,0.2000000000,0.5000000000,0.3000000000,3.0000000000,0.7000000000,102,112,100,111,100,110
3734,neighbor,True,PASS_IMPLEMENTED_PROJECT_CHECKS,9120.1699600000,8757.4480000000,0.2000000000,0.5000000000,0.3000000000,3.0000000000,0.7000000000,102,112,100,111,104,112
3735,neighbor,False,MAXIMUM_MAIN_STEEL,999999999.0000000000,8757.4480000000,0.2000000000,0.5000000000,0.3000000000,3.0000000000,0.7000000000,102,112,100,111,104,110
3736,neighbor,False,MEMBER_FLEXURE,999999999.0000000000,8757.4480000000,0.2000000000,0.4500000000,0.3000000000,3.0000000000,0.7000000000,101,110,100,111,103,113
3737,neighbor,True,PASS_IMPLEMENTED_PROJECT_CHECKS,8905.5280000000,8757.4480000000,0.2000000000,0.5000000000,0.3000000000,3.0000000000,0.7000000000,102,112,101,110,103,113
3738,neighbor,False,MAXIMUM_MAIN_STEEL,999999999.0000000000,8757.4480000000,0.2500000000,0.5500000000,0.3500000000,3.0000000000,0.7000000000,104,110,103,111,104,111
3739,neighbor,True,PASS_IMPLEMENTED_PROJECT_CHECKS,9247.0375000000,8757.4480000000,0.2000000000,0.5000000000,0.3000000000,3.0000000000,0.7000000000,102,112,103,110,103,113
3740,neighbor,False,ENVELOPE_BASE_CONTACT,999999999.0000000000,8757.4480000000,0.2000000000,0.4000000000,0.3000000000,2.5000000000,0.6000000000,104,112,101,111,103,112
3741,neighbor,False,MAXIMUM_MAIN_STEEL,999999999.0000000000,8757.4480000000,0.2000000000,0.5000000000,0.3000000000,3.0000000000,0.7000000000,104,111,100,111,103,113
3742,neighbor,False,MINIMUM_MAIN_STEEL,999999999.0000000000,8757.4480000000,0.2000000000,0.5000000000,0.5000000000,3.5000000000,0.6000000000,102,112,101,113,103,113
3743,neighbor,True,PASS_IMPLEMENTED_PROJECT_CHECKS,8899.9750000000,8757.4480000000,0.2000000000,0.5000000000,0.3000000000,3.0000000000,0.7000000000,102,112,103,113,103,113
3744,neighbor,True,PASS_IMPLEMENTED_PROJECT_CHECKS,8757.4480000000,8757.4480000000,0.2000000000,0.5000000000,0.3000000000,3.0000000000,0.7000000000,102,112,100,111,103,113
3745,neighbor,False,MEMBER_FLEXURE,999999999.0000000000,8757.4480000000,0.2000000000,0.5000000000,0.3000000000,3.0000000000,0.7000000000,102,112,100,111,102,113
3746,neighbor,False,MAXIMUM_MAIN_STEEL,999999999.0000000000,8757.4480000000,0.2000000000,0.5500000000,0.3000000000,3.5000000000,0.8000000000,103,111,102,110,100,110
3747,neighbor,False,MINIMUM_MAIN_STEEL,999999999.0000000000,8757.4480000000,0.2000000000,0.5000000000,0.3000000000,3.0000000000,0.7000000000,102,112,100,111,100,112
3748,neighbor,False,MAXIMUM_MAIN_STEEL,999999999.0000000000,8757.4480000000,0.2000000000,0.6000000000,0.3000000000,3.0000000000,0.7000000000,104,111,100,111,103,113
3749,neighbor,False,MINIMUM_MAIN_STEEL,999999999.0000000000,8757.4480000000,0.2000000000,0.5500000000,0.4500000000,2.5000000000,0.6000000000,101,113,102,111,100,113
3750,neighbor,True,PASS_IMPLEMENTED_PROJECT_CHECKS,9214.0280000000,8757.4480000000,0.2000000000,0.5000000000,0.3000000000,3.0000000000,0.7000000000,102,111,100,111,103,113
3751,neighbor,True,PASS_IMPLEMENTED_PROJECT_CHECKS,9527.9267500000,8757.4480000000,0.2000000000,0.5000000000,0.3000000000,3.0000000000,0.7000000000,103,112,100,111,103,113
3752,neighbor,False,MEMBER_FLEXURE,999999999.0000000000,8757.4480000000,0.2000000000,0.5000000000,0.3000000000,3.5000000000,0.5000000000,102,112,101,110,102,111
3753,neighbor,False,MAXIMUM_MAIN_STEEL,999999999.0000000000,8757.4480000000,0.2000000000,0.5000000000,0.3000000000,3.0000000000,0.7000000000,102,110,100,111,103,113
3754,neighbor,False,MINIMUM_MAIN_STEEL,999999999.0000000000,8757.4480000000,0.2000000000,0.6000000000,0.3000000000,3.0000000000,0.7000000000,100,110,100,111,103,113
3755,neighbor,True,PASS_IMPLEMENTED_PROJECT_CHECKS,9453.9422800000,8757.4480000000,0.2000000000,0.5000000000,0.3000000000,3.0000000000,0.7000000000,102,112,100,111,104,111
3756,neighbor,False,MAXIMUM_MAIN_STEEL,999999999.0000000000,8757.4480000000,0.2000000000,0.5500000000,0.3000000000,3.0000000000,0.7000000000,102,110,100,111,103,113
3757,neighbor,False,MINIMUM_MAIN_STEEL,999999999.0000000000,8757.4480000000,0.2000000000,0.5000000000,0.3000000000,3.0000000000,0.7000000000,102,112,100,112,103,113
3758,neighbor,False,MAXIMUM_MAIN_STEEL,999999999.0000000000,8757.4480000000,0.2000000000,0.4000000000,0.3000000000,3.0000000000,0.7000000000,104,111,100,111,103,113
3759,neighbor,False,MEMBER_FLEXURE,999999999.0000000000,8757.4480000000,0.2000000000,0.5000000000,0.3000000000,3.0000000000,0.7000000000,102,112,100,111,100,110
3760,neighbor,False,MAXIMUM_MAIN_STEEL,999999999.0000000000,8757.4480000000,0.2250000000,0.5500000000,0.3000000000,3.0000000000,0.6000000000,104,111,102,112,101,112
3761,neighbor,True,PASS_IMPLEMENTED_PROJECT_CHECKS,8826.5520000000,8757.4480000000,0.2000000000,0.5000000000,0.3000000000,3.0000000000,0.7000000000,102,112,101,111,103,113
3762,neighbor,False,MINIMUM_MAIN_STEEL,999999999.0000000000,8757.4480000000,0.2000000000,0.5000000000,0.3000000000,3.0000000000,0.7000000000,100,111,100,111,103,113
3763,neighbor,False,MAXIMUM_MAIN_STEEL,999999999.0000000000,8757.4480000000,0.2500000000,0.4500000000,0.3000000000,3.0000000000,0.7000000000,103,110,100,111,103,113
3764,neighbor,False,MEMBER_FLEXURE,999999999.0000000000,8757.4480000000,0.2000000000,0.5000000000,0.3000000000,3.0000000000,0.7000000000,102,112,100,111,101,112
3765,neighbor,False,ENVELOPE_BASE_CONTACT,999999999.0000000000,8757.4480000000,0.2000000000,0.4500000000,0.5500000000,2.5000000000,0.7000000000,104,113,103,111,103,113
3766,neighbor,True,PASS_IMPLEMENTED_PROJECT_CHECKS,9140.9752000000,8757.4480000000,0.2000000000,0.5000000000,0.3000000000,3.0000000000,0.7000000000,101,110,100,111,103,113
3767,neighbor,False,MEMBER_FLEXURE,999999999.0000000000,8757.4480000000,0.2000000000,0.5000000000,0.3000000000,3.5000000000,0.6000000000,102,112,101,113,101,111
3768,neighbor,True,PASS_IMPLEMENTED_PROJECT_CHECKS,9247.0375000000,8757.4480000000,0.2000000000,0.5000000000,0.3000000000,3.0000000000,0.7000000000,102,112,103,110,103,113
3769,neighbor,True,PASS_IMPLEMENTED_PROJECT_CHECKS,8816.6800000000,8757.4480000000,0.2000000000,0.5000000000,0.3000000000,3.0000000000,0.7000000000,102,112,102,113,103,113
3770,neighbor,False,MINIMUM_MAIN_STEEL,999999999.0000000000,8757.4480000000,0.2000000000,0.4500000000,0.3000000000,3.0000000000,0.6000000000,102,113,103,113,100,111
3771,neighbor,False,MINIMUM_MAIN_STEEL,999999999.0000000000,8757.4480000000,0.2000000000,0.5000000000,0.3000000000,3.0000000000,0.7000000000,102,113,100,111,103,113
3772,neighbor,True,PASS_IMPLEMENTED_PROJECT_CHECKS,8757.4480000000,8757.4480000000,0.2000000000,0.5000000000,0.3000000000,3.0000000000,0.7000000000,102,112,100,111,103,113
3773,neighbor,True,PASS_IMPLEMENTED_PROJECT_CHECKS,8957.8187500000,8757.4480000000,0.2000000000,0.5000000000,0.3000000000,3.0000000000,0.7000000000,102,112,103,112,103,113
3774,neighbor,True,PASS_IMPLEMENTED_PROJECT_CHECKS,8853.7000000000,8757.4480000000,0.2000000000,0.5000000000,0.3000000000,3.0000000000,0.7000000000,102,112,102,112,103,113
3775,neighbor,False,MINIMUM_MAIN_STEEL,999999999.0000000000,8757.4480000000,0.2000000000,0.5000000000,0.3000000000,3.0000000000,0.7000000000,100,112,100,111,103,113
3776,neighbor,False,MAXIMUM_MAIN_STEEL,999999999.0000000000,8757.4480000000,0.2000000000,0.4500000000,0.3000000000,3.0000000000,0.7000000000,103,110,100,111,103,113
3777,neighbor,False,MINIMUM_MAIN_STEEL,999999999.0000000000,8757.4480000000,0.2000000000,0.5500000000,0.3000000000,3.0000000000,0.7000000000,100,110,100,111,103,113
3778,neighbor,False,MEMBER_FLEXURE,999999999.0000000000,8757.4480000000,0.2000000000,0.5000000000,0.3000000000,3.0000000000,0.7000000000,102,112,100,111,100,110
3779,neighbor,False,MAXIMUM_MAIN_STEEL,999999999.0000000000,8757.4480000000,0.2000000000,0.6000000000,0.3000000000,3.0000000000,0.7000000000,104,111,100,111,103,113
3780,neighbor,False,MAXIMUM_MAIN_STEEL,999999999.0000000000,8757.4480000000,0.2000000000,0.5000000000,0.3000000000,3.0000000000,0.7000000000,102,110,100,111,103,113
3781,neighbor,False,MINIMUM_MAIN_STEEL,999999999.0000000000,8757.4480000000,0.2000000000,0.4000000000,0.3000000000,3.0000000000,0.7000000000,102,112,100,113,102,110
3782,neighbor,False,MEMBER_FLEXURE,999999999.0000000000,8757.4480000000,0.2000000000,0.5000000000,0.3000000000,3.0000000000,0.7000000000,102,112,100,111,102,112
3783,neighbor,False,MINIMUM_MAIN_STEEL,999999999.0000000000,8757.4480000000,0.2000000000,0.5000000000,0.3000000000,2.5000000000,0.5000000000,100,110,101,110,100,111
3784,neighbor,False,MAXIMUM_MAIN_STEEL,999999999.0000000000,8757.4480000000,0.2000000000,0.5000000000,0.3000000000,3.0000000000,0.7000000000,102,112,104,110,103,113
3785,neighbor,True,PASS_IMPLEMENTED_PROJECT_CHECKS,9247.0375000000,8757.4480000000,0.2000000000,0.5000000000,0.3000000000,3.0000000000,0.7000000000,102,112,103,110,103,113
3786,neighbor,False,MINIMUM_MAIN_STEEL,999999999.0000000000,8757.4480000000,0.2250000000,0.5500000000,0.3000000000,3.0000000000,0.7000000000,102,112,100,111,103,113
3787,neighbor,True,PASS_IMPLEMENTED_PROJECT_CHECKS,9792.0030000000,8757.4480000000,0.2000000000,0.6000000000,0.3000000000,3.0000000000,0.7000000000,102,111,100,111,103,113
3788,neighbor,False,MEMBER_FLEXURE,999999999.0000000000,8757.4480000000,0.2000000000,0.5000000000,0.3000000000,3.0000000000,0.7000000000,102,112,100,111,101,112
3789,neighbor,False,MAXIMUM_MAIN_STEEL,999999999.0000000000,8757.4480000000,0.2000000000,0.5000000000,0.3000000000,3.0000000000,0.7000000000,102,112,104,110,103,113
3790,neighbor,True,PASS_IMPLEMENTED_PROJECT_CHECKS,9120.1699600000,8757.4480000000,0.2000000000,0.5000000000,0.3000000000,3.0000000000,0.7000000000,102,112,100,111,104,112
3791,neighbor,False,MEMBER_FLEXURE,999999999.0000000000,8757.4480000000,0.2000000000,0.5000000000,0.3000000000,3.5000000000,0.5000000000,102,112,101,112,101,112
3792,neighbor,False,MINIMUM_MAIN_STEEL,999999999.0000000000,8757.4480000000,0.2000000000,0.5000000000,0.5000000000,3.0000000000,0.6000000000,102,112,100,111,100,110
3793,neighbor,False,MINIMUM_MAIN_STEEL,999999999.0000000000,8757.4480000000,0.2000000000,0.4500000000,0.5000000000,3.5000000000,0.9000000000,103,111,104,110,100,113
3794,neighbor,True,PASS_IMPLEMENTED_PROJECT_CHECKS,11291.9376500000,8757.4480000000,0.2250000000,0.5500000000,0.3000000000,3.0000000000,0.6000000000,104,112,100,110,104,111
3795,neighbor,False,MINIMUM_MAIN_STEEL,999999999.0000000000,8757.4480000000,0.2000000000,0.5000000000,0.3000000000,3.0000000000,0.7000000000,102,112,100,113,103,113
3796,neighbor,False,MINIMUM_MAIN_STEEL,999999999.0000000000,8757.4480000000,0.2000000000,0.5000000000,0.3000000000,3.0000000000,0.7000000000,102,112,100,111,100,112
3797,neighbor,False,MEMBER_FLEXURE,999999999.0000000000,8757.4480000000,0.2000000000,0.5000000000,0.3000000000,3.5000000000,0.9000000000,102,112,101,113,101,113
3798,neighbor,False,MINIMUM_MAIN_STEEL,999999999.0000000000,8757.4480000000,0.2500000000,0.5000000000,0.3000000000,2.5000000000,0.5000000000,100,112,104,110,103,110
3799,neighbor,False,ENVELOPE_BASE_CONTACT,999999999.0000000000,8757.4480000000,0.2000000000,0.5000000000,0.3000000000,2.5000000000,0.8000000000,102,112,103,113,100,110
3800,neighbor,False,ENVELOPE_BASE_CONTACT,999999999.0000000000,8757.4480000000,0.2000000000,0.5000000000,0.3000000000,2.5000000000,0.7000000000,102,112,104,111,104,111
3801,neighbor,False,MAXIMUM_MAIN_STEEL,999999999.0000000000,8757.4480000000,0.2000000000,0.5000000000,0.3000000000,3.0000000000,0.7000000000,104,111,100,111,103,113
3802,neighbor,False,MINIMUM_MAIN_STEEL,999999999.0000000000,8757.4480000000,0.2000000000,0.5000000000,0.3000000000,3.0000000000,0.7000000000,100,112,100,111,103,113
3803,neighbor,True,PASS_IMPLEMENTED_PROJECT_CHECKS,9099.8830000000,8757.4480000000,0.2000000000,0.5000000000,0.3000000000,3.0000000000,0.7000000000,103,113,100,111,103,113
3804,neighbor,True,PASS_IMPLEMENTED_PROJECT_CHECKS,9372.4427500000,8757.4480000000,0.2000000000,0.5000000000,0.3000000000,3.0000000000,0.6000000000,103,113,102,112,103,112
3805,neighbor,True,PASS_IMPLEMENTED_PROJECT_CHECKS,8763.3712000000,8757.4480000000,0.2000000000,0.5000000000,0.3000000000,3.0000000000,0.7000000000,102,112,101,113,103,113
3806,neighbor,True,PASS_IMPLEMENTED_PROJECT_CHECKS,9596.8765000000,8757.4480000000,0.2000000000,0.5000000000,0.3000000000,3.0000000000,0.6000000000,102,112,103,110,102,110
3807,neighbor,False,MINIMUM_MAIN_STEEL,999999999.0000000000,8757.4480000000,0.2000000000,0.5000000000,0.5500000000,3.5000000000,0.7000000000,102,112,101,111,101,112
3808,neighbor,False,MINIMUM_MAIN_STEEL,999999999.0000000000,8757.4480000000,0.2000000000,0.5000000000,0.3000000000,3.0000000000,0.7000000000,100,113,100,111,103,113
3809,neighbor,False,MINIMUM_MAIN_STEEL,999999999.0000000000,8757.4480000000,0.2000000000,0.4500000000,0.5500000000,3.0000000000,0.5000000000,104,111,102,111,101,113
3810,neighbor,True,PASS_IMPLEMENTED_PROJECT_CHECKS,9453.9422800000,8757.4480000000,0.2000000000,0.5000000000,0.3000000000,3.0000000000,0.7000000000,102,112,100,111,104,111
3811,neighbor,False,MINIMUM_MAIN_STEEL,999999999.0000000000,8757.4480000000,0.2000000000,0.5000000000,0.5500000000,3.0000000000,0.8000000000,102,112,100,111,100,113
3812,neighbor,False,MINIMUM_MAIN_STEEL,999999999.0000000000,8757.4480000000,0.2000000000,0.5000000000,0.3000000000,3.0000000000,0.7000000000,100,113,100,111,103,113
3813,neighbor,False,MINIMUM_MAIN_STEEL,999999999.0000000000,8757.4480000000,0.2000000000,0.4500000000,0.5500000000,2.5000000000,0.8000000000,104,113,100,113,100,111
3814,neighbor,False,MINIMUM_MAIN_STEEL,999999999.0000000000,8757.4480000000,0.2000000000,0.5500000000,0.3000000000,3.5000000000,0.9000000000,102,113,103,110,103,111
3815,neighbor,True,PASS_IMPLEMENTED_PROJECT_CHECKS,10642.8665200000,8757.4480000000,0.2500000000,0.4500000000,0.3000000000,3.5000000000,0.7000000000,104,113,101,113,102,110
3816,neighbor,False,MINIMUM_MAIN_STEEL,999999999.0000000000,8757.4480000000,0.2500000000,0.4000000000,0.3000000000,3.0000000000,0.7000000000,100,110,100,111,103,113
3817,neighbor,True,PASS_IMPLEMENTED_PROJECT_CHECKS,8917.0967500000,8757.4480000000,0.2000000000,0.5000000000,0.3000000000,3.0000000000,0.7000000000,102,112,100,111,103,112
3818,neighbor,True,PASS_IMPLEMENTED_PROJECT_CHECKS,9453.9422800000,8757.4480000000,0.2000000000,0.5000000000,0.3000000000,3.0000000000,0.7000000000,102,112,100,111,104,111
3819,neighbor,True,PASS_IMPLEMENTED_PROJECT_CHECKS,8826.5520000000,8757.4480000000,0.2000000000,0.5000000000,0.3000000000,3.0000000000,0.7000000000,102,112,101,111,103,113
3820,neighbor,True,PASS_IMPLEMENTED_PROJECT_CHECKS,9152.3280000000,8757.4480000000,0.2000000000,0.5000000000,0.3000000000,3.0000000000,0.7000000000,102,112,104,111,103,113
3821,neighbor,False,MEMBER_FLEXURE,999999999.0000000000,8757.4480000000,0.2000000000,0.5000000000,0.3000000000,3.0000000000,0.7000000000,102,112,104,111,101,112
3822,neighbor,False,MINIMUM_MAIN_STEEL,999999999.0000000000,8757.4480000000,0.2250000000,0.4500000000,0.5500000000,3.5000000000,0.8000000000,100,113,104,111,101,113
3823,neighbor,True,PASS_IMPLEMENTED_PROJECT_CHECKS,13841.5909600000,8757.4480000000,0.2250000000,0.6000000000,0.4000000000,3.5000000000,0.9000000000,103,111,104,111,103,110
3824,neighbor,False,MINIMUM_MAIN_STEEL,999999999.0000000000,8757.4480000000,0.2000000000,0.5000000000,0.5500000000,3.0000000000,0.9000000000,102,112,100,113,101,112
3825,neighbor,True,PASS_IMPLEMENTED_PROJECT_CHECKS,8905.5280000000,8757.4480000000,0.2000000000,0.5000000000,0.3000000000,3.0000000000,0.7000000000,102,112,101,110,103,113
3826,neighbor,True,PASS_IMPLEMENTED_PROJECT_CHECKS,9031.3960000000,8757.4480000000,0.2000000000,0.5000000000,0.3000000000,3.0000000000,0.7000000000,102,112,104,112,103,113
3827,neighbor,False,MINIMUM_MAIN_STEEL,999999999.0000000000,8757.4480000000,0.2000000000,0.5000000000,0.5500000000,3.0000000000,0.7000000000,102,111,100,113,101,112
3828,neighbor,False,MAXIMUM_MAIN_STEEL,999999999.0000000000,8757.4480000000,0.2000000000,0.5500000000,0.3000000000,3.0000000000,0.7000000000,103,111,100,111,103,113
3829,neighbor,False,MEMBER_FLEXURE,999999999.0000000000,8757.4480000000,0.2000000000,0.5000000000,0.3000000000,3.0000000000,0.7000000000,102,112,100,111,101,111
3830,neighbor,False,MINIMUM_MAIN_STEEL,999999999.0000000000,8757.4480000000,0.2000000000,0.5000000000,0.3500000000,3.0000000000,0.6000000000,102,112,102,113,100,112
3831,neighbor,True,PASS_IMPLEMENTED_PROJECT_CHECKS,8917.0967500000,8757.4480000000,0.2000000000,0.5000000000,0.3000000000,3.0000000000,0.7000000000,102,112,100,111,103,112
3832,neighbor,False,MINIMUM_MAIN_STEEL,999999999.0000000000,8757.4480000000,0.2000000000,0.5500000000,0.3000000000,3.0000000000,0.7000000000,100,110,100,111,103,113
3833,neighbor,False,ENVELOPE_BASE_CONTACT,999999999.0000000000,8757.4480000000,0.2000000000,0.5000000000,0.3500000000,2.5000000000,0.5000000000,102,112,104,113,103,112
3834,neighbor,True,PASS_IMPLEMENTED_PROJECT_CHECKS,8853.7000000000,8757.4480000000,0.2000000000,0.5000000000,0.3000000000,3.0000000000,0.7000000000,102,112,102,112,103,113
3835,neighbor,False,MINIMUM_MAIN_STEEL,999999999.0000000000,8757.4480000000,0.2000000000,0.6000000000,0.4000000000,2.5000000000,0.5000000000,101,111,101,112,102,112
3836,neighbor,False,MINIMUM_MAIN_STEEL,999999999.0000000000,8757.4480000000,0.2000000000,0.5000000000,0.3000000000,3.0000000000,0.7000000000,101,113,100,111,103,113
3837,neighbor,False,MINIMUM_MAIN_STEEL,999999999.0000000000,8757.4480000000,0.2000000000,0.5000000000,0.3000000000,3.0000000000,0.7000000000,102,112,100,112,101,112
3838,neighbor,False,MEMBER_FLEXURE,999999999.0000000000,8757.4480000000,0.2000000000,0.5000000000,0.3000000000,3.0000000000,0.8000000000,102,112,102,110,101,112
3839,neighbor,False,MINIMUM_MAIN_STEEL,999999999.0000000000,8757.4480000000,0.2500000000,0.5000000000,0.3000000000,3.0000000000,0.7000000000,100,112,100,111,103,113
3840,neighbor,True,PASS_IMPLEMENTED_PROJECT_CHECKS,9031.3960000000,8757.4480000000,0.2000000000,0.5000000000,0.3000000000,3.0000000000,0.7000000000,102,112,104,112,103,113
3841,neighbor,False,MINIMUM_MAIN_STEEL,999999999.0000000000,8757.4480000000,0.2250000000,0.5500000000,0.3000000000,3.0000000000,0.7000000000,100,111,100,111,103,113
3842,neighbor,True,PASS_IMPLEMENTED_PROJECT_CHECKS,8958.8368000000,8757.4480000000,0.2000000000,0.5000000000,0.3000000000,3.0000000000,0.7000000000,102,112,104,113,103,113
3843,neighbor,False,ENVELOPE_BASE_CONTACT,999999999.0000000000,8757.4480000000,0.2000000000,0.5000000000,0.3000000000,2.5000000000,0.8000000000,102,112,102,111,103,112
3844,neighbor,False,MAXIMUM_MAIN_STEEL,999999999.0000000000,8757.4480000000,0.2000000000,0.5000000000,0.3000000000,3.0000000000,0.7000000000,104,112,100,111,103,113
3845,neighbor,False,MAXIMUM_MAIN_STEEL,999999999.0000000000,8757.4480000000,0.2000000000,0.5000000000,0.3000000000,3.0000000000,0.9000000000,102,112,104,113,104,110
3846,neighbor,False,MINIMUM_MAIN_STEEL,999999999.0000000000,8757.4480000000,0.2000000000,0.6000000000,0.3000000000,2.5000000000,0.8000000000,100,110,101,111,100,113
3847,neighbor,False,MINIMUM_MAIN_STEEL,999999999.0000000000,8757.4480000000,0.2000000000,0.5000000000,0.3000000000,3.0000000000,0.7000000000,102,113,100,111,103,113
3848,neighbor,True,PASS_IMPLEMENTED_PROJECT_CHECKS,8917.0967500000,8757.4480000000,0.2000000000,0.5000000000,0.3000000000,3.0000000000,0.7000000000,102,112,100,111,103,112
3849,neighbor,False,MEMBER_FLEXURE,999999999.0000000000,8757.4480000000,0.2000000000,0.5000000000,0.3000000000,3.0000000000,0.7000000000,102,112,100,111,102,112
3850,neighbor,False,MINIMUM_MAIN_STEEL,999999999.0000000000,8757.4480000000,0.2000000000,0.5000000000,0.5000000000,2.5000000000,0.7000000000,102,112,100,111,103,111
3851,neighbor,True,PASS_IMPLEMENTED_PROJECT_CHECKS,10901.8933240000,8757.4480000000,0.2000000000,0.5000000000,0.4500000000,3.5000000000,0.5000000000,102,112,101,110,104,113
3852,neighbor,False,ENVELOPE_BASE_CONTACT,999999999.0000000000,8757.4480000000,0.2000000000,0.5000000000,0.3000000000,2.5000000000,0.6000000000,102,112,102,113,102,111
3853,neighbor,False,MINIMUM_MAIN_STEEL,999999999.0000000000,8757.4480000000,0.2000000000,0.5000000000,0.3000000000,3.0000000000,0.7000000000,100,110,100,111,103,113
3854,neighbor,True,PASS_IMPLEMENTED_PROJECT_CHECKS,10522.5354200000,8757.4480000000,0.2000000000,0.5000000000,0.3500000000,3.0000000000,0.7000000000,102,112,101,111,104,110
3855,neighbor,True,PASS_IMPLEMENTED_PROJECT_CHECKS,8757.4480000000,8757.4480000000,0.2000000000,0.5000000000,0.3000000000,3.0000000000,0.7000000000,102,112,100,111,103,113
3856,neighbor,False,MINIMUM_MAIN_STEEL,999999999.0000000000,8757.4480000000,0.2500000000,0.6000000000,0.3500000000,2.5000000000,0.5000000000,100,113,104,113,103,111
3857,neighbor,True,PASS_IMPLEMENTED_PROJECT_CHECKS,9183.1780000000,8757.4480000000,0.2000000000,0.5000000000,0.3000000000,3.0000000000,0.7000000000,102,112,100,111,103,111
3858,neighbor,True,PASS_IMPLEMENTED_PROJECT_CHECKS,9140.9752000000,8757.4480000000,0.2000000000,0.5000000000,0.3000000000,3.0000000000,0.7000000000,101,110,100,111,103,113
3859,neighbor,True,PASS_IMPLEMENTED_PROJECT_CHECKS,10825.8099800000,8757.4480000000,0.2500000000,0.4000000000,0.3000000000,3.5000000000,0.7000000000,104,113,100,110,104,111
3860,neighbor,False,MINIMUM_MAIN_STEEL,999999999.0000000000,8757.4480000000,0.2250000000,0.4500000000,0.3000000000,3.0000000000,0.7000000000,102,111,100,112,104,111
3861,neighbor,False,MEMBER_FLEXURE,999999999.0000000000,8757.4480000000,0.2000000000,0.5000000000,0.3000000000,3.5000000000,0.5000000000,102,112,100,111,102,113
3862,neighbor,True,PASS_IMPLEMENTED_PROJECT_CHECKS,8816.6800000000,8757.4480000000,0.2000000000,0.5000000000,0.3000000000,3.0000000000,0.7000000000,102,112,102,113,103,113
3863,neighbor,True,PASS_IMPLEMENTED_PROJECT_CHECKS,9120.1699600000,8757.4480000000,0.2000000000,0.5000000000,0.3000000000,3.0000000000,0.7000000000,102,112,100,111,104,112
3864,neighbor,False,MINIMUM_MAIN_STEEL,999999999.0000000000,8757.4480000000,0.2000000000,0.5500000000,0.3000000000,3.0000000000,0.7000000000,100,110,100,111,103,113
3865,neighbor,False,MINIMUM_MAIN_STEEL,999999999.0000000000,8757.4480000000,0.2000000000,0.5000000000,0.3500000000,3.0000000000,0.6000000000,102,110,100,112,101,111
3866,neighbor,True,PASS_IMPLEMENTED_PROJECT_CHECKS,9862.4077000000,8757.4480000000,0.2000000000,0.5000000000,0.3500000000,3.5000000000,0.6000000000,102,112,102,113,102,111
3867,neighbor,True,PASS_IMPLEMENTED_PROJECT_CHECKS,9031.3960000000,8757.4480000000,0.2000000000,0.5000000000,0.3000000000,3.0000000000,0.7000000000,102,112,104,112,103,113
3868,neighbor,True,PASS_IMPLEMENTED_PROJECT_CHECKS,9453.9422800000,8757.4480000000,0.2000000000,0.5000000000,0.3000000000,3.0000000000,0.7000000000,102,112,100,111,104,111
3869,neighbor,True,PASS_IMPLEMENTED_PROJECT_CHECKS,9152.3280000000,8757.4480000000,0.2000000000,0.5000000000,0.3000000000,3.0000000000,0.7000000000,102,112,104,111,103,113
3870,neighbor,False,MINIMUM_MAIN_STEEL,999999999.0000000000,8757.4480000000,0.2000000000,0.5000000000,0.3000000000,3.0000000000,0.7000000000,102,112,100,113,103,113
3871,neighbor,True,PASS_IMPLEMENTED_PROJECT_CHECKS,15136.9167500000,8757.4480000000,0.2500000000,0.6000000000,0.5500000000,3.5000000000,0.7000000000,103,111,104,111,103,110
3872,neighbor,False,MAXIMUM_MAIN_STEEL,999999999.0000000000,8757.4480000000,0.2000000000,0.5000000000,0.3000000000,3.0000000000,0.7000000000,103,110,100,111,103,113
3873,neighbor,True,PASS_IMPLEMENTED_PROJECT_CHECKS,9247.0375000000,8757.4480000000,0.2000000000,0.5000000000,0.3000000000,3.0000000000,0.7000000000,102,112,103,110,103,113
3874,neighbor,True,PASS_IMPLEMENTED_PROJECT_CHECKS,9140.6050000000,8757.4480000000,0.2000000000,0.5000000000,0.3000000000,3.0000000000,0.7000000000,102,112,100,111,102,110
3875,neighbor,False,MINIMUM_MAIN_STEEL,999999999.0000000000,8757.4480000000,0.2000000000,0.4500000000,0.4000000000,2.5000000000,0.7000000000,102,113,104,113,101,112
3876,neighbor,False,MEMBER_FLEXURE,999999999.0000000000,8757.4480000000,0.2000000000,0.5000000000,0.3000000000,3.0000000000,0.7000000000,102,112,100,111,102,113
3877,neighbor,False,MAXIMUM_MAIN_STEEL,999999999.0000000000,8757.4480000000,0.2000000000,0.5000000000,0.3000000000,3.0000000000,0.7000000000,102,112,100,111,104,110
3878,neighbor,False,MAXIMUM_MAIN_STEEL,999999999.0000000000,8757.4480000000,0.2000000000,0.5000000000,0.3000000000,3.0000000000,0.7000000000,102,112,100,111,104,110
3879,neighbor,False,MAXIMUM_MAIN_STEEL,999999999.0000000000,8757.4480000000,0.2000000000,0.5000000000,0.3000000000,3.0000000000,0.7000000000,102,110,100,111,103,113
3880,neighbor,False,MINIMUM_MAIN_STEEL,999999999.0000000000,8757.4480000000,0.2000000000,0.5000000000,0.3000000000,3.0000000000,0.7000000000,102,112,100,111,100,112
3881,neighbor,False,MINIMUM_MAIN_STEEL,999999999.0000000000,8757.4480000000,0.2000000000,0.5000000000,0.3000000000,3.0000000000,0.7000000000,102,112,100,112,103,113
3882,neighbor,True,PASS_IMPLEMENTED_PROJECT_CHECKS,8763.3712000000,8757.4480000000,0.2000000000,0.5000000000,0.3000000000,3.0000000000,0.7000000000,102,112,101,113,103,113
3883,neighbor,False,MINIMUM_MAIN_STEEL,999999999.0000000000,8757.4480000000,0.2000000000,0.5000000000,0.3000000000,3.0000000000,0.7000000000,100,110,100,111,103,113
3884,neighbor,True,PASS_IMPLEMENTED_PROJECT_CHECKS,9140.6050000000,8757.4480000000,0.2000000000,0.5000000000,0.3000000000,3.0000000000,0.7000000000,102,112,100,111,102,110
3885,neighbor,False,ENVELOPE_BASE_CONTACT,999999999.0000000000,8757.4480000000,0.2000000000,0.5000000000,0.3000000000,2.5000000000,0.6000000000,102,112,104,110,103,113
3886,neighbor,False,MAXIMUM_MAIN_STEEL,999999999.0000000000,8757.4480000000,0.2000000000,0.5500000000,0.3000000000,3.0000000000,0.7000000000,103,110,100,111,103,113
3887,neighbor,False,MINIMUM_MAIN_STEEL,999999999.0000000000,8757.4480000000,0.2000000000,0.5000000000,0.3000000000,3.0000000000,0.7000000000,101,111,100,111,103,113
3888,neighbor,False,MAXIMUM_MAIN_STEEL,999999999.0000000000,8757.4480000000,0.2000000000,0.5000000000,0.3000000000,3.0000000000,0.7000000000,104,112,100,111,103,113
3889,neighbor,True,PASS_IMPLEMENTED_PROJECT_CHECKS,9241.6696000000,8757.4480000000,0.2000000000,0.5000000000,0.3000000000,3.0000000000,0.8000000000,102,112,103,113,104,112
3890,neighbor,False,MEMBER_FLEXURE,999999999.0000000000,8757.4480000000,0.2000000000,0.5000000000,0.3000000000,3.0000000000,0.7000000000,102,112,101,110,102,112
3891,neighbor,False,MEMBER_FLEXURE,999999999.0000000000,8757.4480000000,0.2000000000,0.5000000000,0.3000000000,3.0000000000,0.7000000000,102,112,100,111,100,111
3892,neighbor,False,MAXIMUM_MAIN_STEEL,999999999.0000000000,8757.4480000000,0.2000000000,0.5000000000,0.3000000000,3.0000000000,0.6000000000,102,112,104,112,104,110
3893,neighbor,False,MINIMUM_MAIN_STEEL,999999999.0000000000,8757.4480000000,0.2500000000,0.4000000000,0.3000000000,3.0000000000,0.7000000000,100,110,100,111,103,113
3894,neighbor,True,PASS_IMPLEMENTED_PROJECT_CHECKS,9038.8000000000,8757.4480000000,0.2000000000,0.5000000000,0.3000000000,3.0000000000,0.7000000000,102,112,102,110,103,113
3895,neighbor,False,MAXIMUM_MAIN_STEEL,999999999.0000000000,8757.4480000000,0.2000000000,0.5000000000,0.3000000000,3.0000000000,0.7000000000,102,110,100,111,103,113
3896,neighbor,True,PASS_IMPLEMENTED_PROJECT_CHECKS,9535.4603200000,8757.4480000000,0.2000000000,0.5000000000,0.3000000000,3.0000000000,0.7000000000,104,113,100,111,103,113
3897,neighbor,False,MINIMUM_MAIN_STEEL,999999999.0000000000,8757.4480000000,0.2000000000,0.5000000000,0.3000000000,3.0000000000,0.7000000000,101,112,100,111,103,113
3898,neighbor,True,PASS_IMPLEMENTED_PROJECT_CHECKS,8905.5280000000,8757.4480000000,0.2000000000,0.5000000000,0.3000000000,3.0000000000,0.7000000000,102,112,101,110,103,113
3899,neighbor,False,MAXIMUM_MAIN_STEEL,999999999.0000000000,8757.4480000000,0.2000000000,0.5000000000,0.3000000000,3.0000000000,0.7000000000,102,110,100,111,103,113
3900,neighbor,False,MAXIMUM_MAIN_STEEL,999999999.0000000000,8757.4480000000,0.2000000000,0.5000000000,0.3000000000,3.0000000000,0.7000000000,104,110,100,111,103,113
3901,neighbor,True,PASS_IMPLEMENTED_PROJECT_CHECKS,9535.4603200000,8757.4480000000,0.2000000000,0.5000000000,0.3000000000,3.0000000000,0.7000000000,104,113,100,111,103,113
3902,neighbor,False,ENVELOPE_BASE_CONTACT,999999999.0000000000,8757.4480000000,0.2000000000,0.5000000000,0.3000000000,2.5000000000,0.9000000000,102,112,102,111,103,110
3903,neighbor,False,MEMBER_FLEXURE,999999999.0000000000,8757.4480000000,0.2000000000,0.5000000000,0.3000000000,3.0000000000,0.7000000000,102,112,100,111,100,111
3904,neighbor,False,ENVELOPE_BASE_CONTACT,999999999.0000000000,8757.4480000000,0.2000000000,0.5500000000,0.3000000000,2.5000000000,0.5000000000,104,113,103,111,101,113
3905,neighbor,True,PASS_IMPLEMENTED_PROJECT_CHECKS,9031.3960000000,8757.4480000000,0.2000000000,0.5000000000,0.3000000000,3.0000000000,0.7000000000,102,112,104,112,103,113
3906,neighbor,True,PASS_IMPLEMENTED_PROJECT_CHECKS,8772.7742800000,8757.4480000000,0.2000000000,0.5000000000,0.3000000000,3.0000000000,0.7000000000,102,112,100,111,101,110
3907,neighbor,False,ENVELOPE_BASE_CONTACT,999999999.0000000000,8757.4480000000,0.2000000000,0.5000000000,0.4000000000,2.5000000000,0.8000000000,102,112,102,112,104,110
3908,neighbor,False,MINIMUM_MAIN_STEEL,999999999.0000000000,8757.4480000000,0.2000000000,0.5000000000,0.3000000000,3.0000000000,0.7000000000,100,110,100,111,103,113
3909,neighbor,False,MEMBER_FLEXURE,999999999.0000000000,8757.4480000000,0.2000000000,0.5000000000,0.3000000000,3.5000000000,0.7000000000,102,112,104,112,101,111
3910,neighbor,True,PASS_IMPLEMENTED_PROJECT_CHECKS,8801.8720000000,8757.4480000000,0.2000000000,0.5000000000,0.3000000000,3.0000000000,0.7000000000,102,112,100,110,103,113
3911,neighbor,False,MINIMUM_MAIN_STEEL,999999999.0000000000,8757.4480000000,0.2250000000,0.4500000000,0.3000000000,3.0000000000,0.7000000000,100,113,100,111,103,113
3912,neighbor,True,PASS_IMPLEMENTED_PROJECT_CHECKS,10902.4542200000,8757.4480000000,0.2500000000,0.6000000000,0.3000000000,3.5000000000,0.8000000000,103,113,103,111,101,110
3913,neighbor,False,MEMBER_FLEXURE,999999999.0000000000,8757.4480000000,0.2000000000,0.5000000000,0.3000000000,3.5000000000,0.5000000000,102,112,102,113,101,112
3914,neighbor,False,ENVELOPE_BASE_CONTACT,999999999.0000000000,8757.4480000000,0.2250000000,0.5000000000,0.3000000000,2.5000000000,0.6000000000,104,110,102,111,104,112
3915,neighbor,True,PASS_IMPLEMENTED_PROJECT_CHECKS,9715.3405000000,8757.4480000000,0.2000000000,0.5000000000,0.3000000000,3.0000000000,0.7000000000,102,112,100,111,103,110
3916,neighbor,False,MINIMUM_MAIN_STEEL,999999999.0000000000,8757.4480000000,0.2000000000,0.5000000000,0.3000000000,3.0000000000,0.7000000000,100,111,100,111,103,113
3917,neighbor,False,MINIMUM_MAIN_STEEL,999999999.0000000000,8757.4480000000,0.2000000000,0.5000000000,0.3000000000,3.0000000000,0.8000000000,101,112,100,113,104,110
3918,neighbor,True,PASS_IMPLEMENTED_PROJECT_CHECKS,9677.8580000000,8757.4480000000,0.2000000000,0.6000000000,0.3000000000,3.0000000000,0.7000000000,103,113,100,111,103,113
3919,neighbor,True,PASS_IMPLEMENTED_PROJECT_CHECKS,9140.6050000000,8757.4480000000,0.2000000000,0.5000000000,0.3000000000,3.0000000000,0.7000000000,102,112,100,111,102,110
3920,neighbor,True,PASS_IMPLEMENTED_PROJECT_CHECKS,8826.5520000000,8757.4480000000,0.2000000000,0.5000000000,0.3000000000,3.0000000000,0.7000000000,102,112,101,111,103,113
3921,neighbor,False,MEMBER_FLEXURE,999999999.0000000000,8757.4480000000,0.2000000000,0.5000000000,0.3000000000,3.5000000000,0.8000000000,102,112,103,111,102,112
3922,neighbor,False,MEMBER_FLEXURE,999999999.0000000000,8757.4480000000,0.2000000000,0.5000000000,0.3000000000,3.5000000000,0.6000000000,102,112,103,110,102,111
3923,neighbor,False,MEMBER_FLEXURE,999999999.0000000000,8757.4480000000,0.2000000000,0.5000000000,0.3500000000,3.0000000000,0.8000000000,102,112,100,110,101,113
3924,neighbor,False,MINIMUM_MAIN_STEEL,999999999.0000000000,8757.4480000000,0.2000000000,0.5000000000,0.3000000000,3.0000000000,0.7000000000,101,111,100,111,103,113
3925,neighbor,False,MINIMUM_MAIN_STEEL,999999999.0000000000,8757.4480000000,0.2000000000,0.4000000000,0.3000000000,3.5000000000,0.5000000000,101,113,101,113,103,113
3926,neighbor,False,MAXIMUM_MAIN_STEEL,999999999.0000000000,8757.4480000000,0.2000000000,0.5000000000,0.3000000000,3.0000000000,0.7000000000,104,110,100,111,103,113
3927,neighbor,False,MINIMUM_MAIN_STEEL,999999999.0000000000,8757.4480000000,0.2000000000,0.5000000000,0.3000000000,3.0000000000,0.7000000000,100,112,100,111,103,113
3928,neighbor,True,PASS_IMPLEMENTED_PROJECT_CHECKS,11217.1208600000,8757.4480000000,0.2250000000,0.6000000000,0.4000000000,3.0000000000,0.8000000000,102,111,104,112,102,110
3929,neighbor,True,PASS_IMPLEMENTED_PROJECT_CHECKS,11792.5732800000,8757.4480000000,0.2500000000,0.5500000000,0.5000000000,3.0000000000,0.8000000000,104,112,102,112,102,113
3930,neighbor,False,MAXIMUM_MAIN_STEEL,999999999.0000000000,8757.4480000000,0.2000000000,0.5000000000,0.3000000000,3.0000000000,0.7000000000,103,111,100,111,103,113
3931,neighbor,False,MINIMUM_MAIN_STEEL,999999999.0000000000,8757.4480000000,0.2000000000,0.5000000000,0.3000000000,3.0000000000,0.7000000000,102,112,100,111,100,113
3932,neighbor,False,MAXIMUM_MAIN_STEEL,999999999.0000000000,8757.4480000000,0.2000000000,0.5000000000,0.3000000000,3.0000000000,0.7000000000,104,112,100,111,103,113
3933,neighbor,False,MINIMUM_MAIN_STEEL,999999999.0000000000,8757.4480000000,0.2000000000,0.5500000000,0.3000000000,3.0000000000,0.7000000000,102,113,100,111,103,113
3934,neighbor,False,ENVELOPE_BASE_CONTACT,999999999.0000000000,8757.4480000000,0.2000000000,0.5000000000,0.3000000000,2.5000000000,0.8000000000,102,112,103,112,100,111
3935,neighbor,True,PASS_IMPLEMENTED_PROJECT_CHECKS,9183.1780000000,8757.4480000000,0.2000000000,0.5000000000,0.3000000000,3.0000000000,0.7000000000,102,112,100,111,103,111
3936,neighbor,False,STEM_STRESS_OR_INTERVAL_BOUND,999999999.0000000000,8757.4480000000,0.2250000000,0.4000000000,0.3000000000,3.0000000000,0.7000000000,102,113,100,111,103,113
3937,neighbor,False,MINIMUM_MAIN_STEEL,999999999.0000000000,8757.4480000000,0.2250000000,0.5000000000,0.3000000000,3.5000000000,0.7000000000,103,112,100,113,102,113
3938,neighbor,False,MINIMUM_MAIN_STEEL,999999999.0000000000,8757.4480000000,0.2500000000,0.5000000000,0.3000000000,3.0000000000,0.7000000000,101,111,100,111,103,113
3939,neighbor,False,MINIMUM_MAIN_STEEL,999999999.0000000000,8757.4480000000,0.2000000000,0.5000000000,0.3000000000,3.0000000000,0.7000000000,101,112,100,111,103,113
3940,neighbor,False,MEMBER_FLEXURE,999999999.0000000000,8757.4480000000,0.2000000000,0.5000000000,0.3000000000,3.0000000000,0.7000000000,102,112,100,111,100,111
3941,neighbor,False,ENVELOPE_BASE_CONTACT,999999999.0000000000,8757.4480000000,0.2000000000,0.5500000000,0.3000000000,2.5000000000,0.9000000000,104,113,101,111,104,113
3942,neighbor,False,MINIMUM_MAIN_STEEL,999999999.0000000000,8757.4480000000,0.2000000000,0.5000000000,0.3000000000,3.0000000000,0.7000000000,100,111,100,111,103,113
3943,neighbor,True,PASS_IMPLEMENTED_PROJECT_CHECKS,9242.4100000000,8757.4480000000,0.2000000000,0.5000000000,0.3000000000,3.0000000000,0.7000000000,102,112,102,113,103,111
3944,neighbor,True,PASS_IMPLEMENTED_PROJECT_CHECKS,10487.1940500000,8757.4480000000,0.2000000000,0.5000000000,0.4500000000,3.5000000000,0.8000000000,102,112,103,112,101,111
3945,neighbor,False,ENVELOPE_BASE_CONTACT,999999999.0000000000,8757.4480000000,0.2000000000,0.5500000000,0.3000000000,2.5000000000,0.9000000000,104,110,101,113,101,112
3946,neighbor,False,MINIMUM_MAIN_STEEL,999999999.0000000000,8757.4480000000,0.2000000000,0.6000000000,0.3000000000,3.0000000000,0.6000000000,103,113,103,113,100,113
3947,neighbor,False,MINIMUM_MAIN_STEEL,999999999.0000000000,8757.4480000000,0.2000000000,0.5000000000,0.5500000000,3.5000000000,0.7000000000,102,112,102,112,101,112
3948,neighbor,True,PASS_IMPLEMENTED_PROJECT_CHECKS,9889.4660800000,8757.4480000000,0.2000000000,0.4000000000,0.3000000000,3.5000000000,0.9000000000,102,111,104,111,104,113
3949,neighbor,False,MINIMUM_MAIN_STEEL,999999999.0000000000,8757.4480000000,0.2000000000,0.4500000000,0.3000000000,3.0000000000,0.7000000000,101,113,100,111,103,113
3950,neighbor,True,PASS_IMPLEMENTED_PROJECT_CHECKS,9038.8000000000,8757.4480000000,0.2000000000,0.5000000000,0.3000000000,3.0000000000,0.7000000000,102,112,102,110,103,113
3951,neighbor,False,MINIMUM_MAIN_STEEL,999999999.0000000000,8757.4480000000,0.2000000000,0.5000000000,0.3000000000,3.0000000000,0.7000000000,101,113,100,111,103,113
3952,neighbor,True,PASS_IMPLEMENTED_PROJECT_CHECKS,9140.9752000000,8757.4480000000,0.2000000000,0.5000000000,0.3000000000,3.0000000000,0.7000000000,101,110,100,111,103,113
3953,neighbor,True,PASS_IMPLEMENTED_PROJECT_CHECKS,8853.7000000000,8757.4480000000,0.2000000000,0.5000000000,0.3000000000,3.0000000000,0.7000000000,102,112,102,112,103,113
3954,neighbor,False,ENVELOPE_BASE_CONTACT,999999999.0000000000,8757.4480000000,0.2000000000,0.5000000000,0.4500000000,2.5000000000,0.9000000000,102,112,103,111,104,110
3955,neighbor,True,PASS_IMPLEMENTED_PROJECT_CHECKS,8899.9750000000,8757.4480000000,0.2000000000,0.5000000000,0.3000000000,3.0000000000,0.7000000000,102,112,103,113,103,113
3956,neighbor,False,MINIMUM_MAIN_STEEL,999999999.0000000000,8757.4480000000,0.2000000000,0.5000000000,0.4000000000,2.5000000000,0.5000000000,102,112,101,111,100,113
3957,neighbor,False,ENVELOPE_BASE_CONTACT,999999999.0000000000,8757.4480000000,0.2000000000,0.6000000000,0.3000000000,2.5000000000,0.8000000000,103,113,103,112,102,111
3958,neighbor,True,PASS_IMPLEMENTED_PROJECT_CHECKS,10099.5005000000,8757.4480000000,0.2500000000,0.6000000000,0.3000000000,3.0000000000,0.7000000000,102,111,100,111,103,113
3959,neighbor,False,MINIMUM_MAIN_STEEL,999999999.0000000000,8757.4480000000,0.2000000000,0.4500000000,0.3000000000,3.0000000000,0.7000000000,101,113,100,111,103,113
3960,neighbor,True,PASS_IMPLEMENTED_PROJECT_CHECKS,8826.5520000000,8757.4480000000,0.2000000000,0.5000000000,0.3000000000,3.0000000000,0.7000000000,102,112,101,111,103,113
3961,neighbor,False,MINIMUM_MAIN_STEEL,999999999.0000000000,8757.4480000000,0.2000000000,0.5000000000,0.3000000000,2.5000000000,0.5000000000,102,112,103,112,100,113
3962,neighbor,False,ENVELOPE_BASE_CONTACT,999999999.0000000000,8757.4480000000,0.2000000000,0.5500000000,0.4000000000,2.5000000000,0.7000000000,104,111,101,112,102,111
3963,neighbor,False,MAXIMUM_MAIN_STEEL,999999999.0000000000,8757.4480000000,0.2000000000,0.6000000000,0.3000000000,3.0000000000,0.7000000000,103,111,100,111,103,113
3964,neighbor,True,PASS_IMPLEMENTED_PROJECT_CHECKS,9715.3405000000,8757.4480000000,0.2000000000,0.5000000000,0.3000000000,3.0000000000,0.7000000000,102,112,100,111,103,110
3965,neighbor,False,MINIMUM_MAIN_STEEL,999999999.0000000000,8757.4480000000,0.2000000000,0.5000000000,0.3000000000,3.0000000000,0.7000000000,102,113,100,111,103,113
3966,neighbor,True,PASS_IMPLEMENTED_PROJECT_CHECKS,9054.2250000000,8757.4480000000,0.2000000000,0.5000000000,0.3000000000,3.0000000000,0.7000000000,102,112,103,111,103,113
3967,neighbor,True,PASS_IMPLEMENTED_PROJECT_CHECKS,9038.8000000000,8757.4480000000,0.2000000000,0.5000000000,0.3000000000,3.0000000000,0.7000000000,102,112,102,110,103,113
3968,neighbor,False,MINIMUM_MAIN_STEEL,999999999.0000000000,8757.4480000000,0.2000000000,0.5000000000,0.3000000000,3.0000000000,0.7000000000,100,110,100,111,103,113
3969,neighbor,False,MINIMUM_MAIN_STEEL,999999999.0000000000,8757.4480000000,0.2000000000,0.5000000000,0.3000000000,3.0000000000,0.7000000000,102,112,100,111,100,113
3970,neighbor,False,MINIMUM_MAIN_STEEL,999999999.0000000000,8757.4480000000,0.2000000000,0.5000000000,0.3000000000,3.0000000000,0.7000000000,100,110,100,111,103,113
3971,neighbor,False,MINIMUM_MAIN_STEEL,999999999.0000000000,8757.4480000000,0.2000000000,0.5000000000,0.3000000000,3.0000000000,0.7000000000,101,112,100,111,103,113
3972,neighbor,False,MINIMUM_MAIN_STEEL,999999999.0000000000,8757.4480000000,0.2000000000,0.5000000000,0.3000000000,3.0000000000,0.7000000000,101,112,100,111,103,113
3973,neighbor,True,PASS_IMPLEMENTED_PROJECT_CHECKS,8757.4480000000,8757.4480000000,0.2000000000,0.5000000000,0.3000000000,3.0000000000,0.7000000000,102,112,100,111,103,113
3974,neighbor,False,MINIMUM_MAIN_STEEL,999999999.0000000000,8757.4480000000,0.2000000000,0.5000000000,0.3000000000,3.0000000000,0.7000000000,100,110,100,111,103,113
3975,neighbor,False,MEMBER_FLEXURE,999999999.0000000000,8757.4480000000,0.2000000000,0.5000000000,0.3000000000,3.0000000000,0.7000000000,102,112,100,111,101,113
3976,neighbor,False,MINIMUM_MAIN_STEEL,999999999.0000000000,8757.4480000000,0.2000000000,0.5000000000,0.3000000000,3.0000000000,0.7000000000,102,112,100,111,100,113
3977,neighbor,True,PASS_IMPLEMENTED_PROJECT_CHECKS,9527.9267500000,8757.4480000000,0.2000000000,0.5000000000,0.3000000000,3.0000000000,0.7000000000,103,112,100,111,103,113
3978,neighbor,False,MAXIMUM_MAIN_STEEL,999999999.0000000000,8757.4480000000,0.2000000000,0.5000000000,0.3000000000,3.0000000000,0.7000000000,103,111,100,111,103,113
3979,neighbor,False,MINIMUM_MAIN_STEEL,999999999.0000000000,8757.4480000000,0.2000000000,0.4000000000,0.3000000000,3.0000000000,0.7000000000,101,113,100,111,103,113
3980,neighbor,True,PASS_IMPLEMENTED_PROJECT_CHECKS,9099.8830000000,8757.4480000000,0.2000000000,0.5000000000,0.3000000000,3.0000000000,0.7000000000,103,113,100,111,103,113
3981,neighbor,False,MAXIMUM_MAIN_STEEL,999999999.0000000000,8757.4480000000,0.2000000000,0.4000000000,0.3000000000,3.0000000000,0.8000000000,104,110,103,110,103,110
3982,neighbor,False,MINIMUM_MAIN_STEEL,999999999.0000000000,8757.4480000000,0.2000000000,0.5000000000,0.3000000000,3.0000000000,0.6000000000,102,112,100,110,100,113
3983,neighbor,False,STEM_STRESS_OR_INTERVAL_BOUND,999999999.0000000000,8757.4480000000,0.2500000000,0.4500000000,0.3000000000,3.0000000000,0.7000000000,101,111,100,111,103,113
3984,neighbor,True,PASS_IMPLEMENTED_PROJECT_CHECKS,10625.0802300000,8757.4480000000,0.2500000000,0.5000000000,0.4000000000,3.0000000000,0.8000000000,103,112,101,110,103,113
3985,neighbor,False,ENVELOPE_BASE_CONTACT,999999999.0000000000,8757.4480000000,0.2000000000,0.5000000000,0.3000000000,2.5000000000,0.8000000000,102,112,100,110,100,111
3986,neighbor,False,MINIMUM_MAIN_STEEL,999999999.0000000000,8757.4480000000,0.2000000000,0.5000000000,0.3500000000,3.5000000000,0.7000000000,102,112,100,110,100,112
3987,neighbor,False,MEMBER_FLEXURE,999999999.0000000000,8757.4480000000,0.2000000000,0.5000000000,0.3000000000,3.0000000000,0.7000000000,102,112,100,111,100,110
3988,neighbor,False,MINIMUM_MAIN_STEEL,999999999.0000000000,8757.4480000000,0.2000000000,0.4500000000,0.3000000000,3.5000000000,0.5000000000,100,112,103,111,100,110
3989,neighbor,False,MINIMUM_MAIN_STEEL,999999999.0000000000,8757.4480000000,0.2250000000,0.4000000000,0.3000000000,3.0000000000,0.7000000000,101,112,100,111,103,113
3990,neighbor,True,PASS_IMPLEMENTED_PROJECT_CHECKS,9247.0375000000,8757.4480000000,0.2000000000,0.5000000000,0.3000000000,3.0000000000,0.7000000000,102,112,103,110,103,113
3991,neighbor,False,ENVELOPE_BASE_CONTACT,999999999.0000000000,8757.4480000000,0.2000000000,0.5000000000,0.3000000000,2.5000000000,0.8000000000,102,112,100,110,104,112
3992,neighbor,True,PASS_IMPLEMENTED_PROJECT_CHECKS,9535.4603200000,8757.4480000000,0.2000000000,0.5000000000,0.3000000000,3.0000000000,0.7000000000,104,113,100,111,103,113
3993,neighbor,False,MINIMUM_MAIN_STEEL,999999999.0000000000,8757.4480000000,0.2000000000,0.5000000000,0.3000000000,3.0000000000,0.7000000000,100,113,100,111,103,113
3994,neighbor,False,MINIMUM_MAIN_STEEL,999999999.0000000000,8757.4480000000,0.2000000000,0.5000000000,0.3000000000,3.0000000000,0.7000000000,101,113,100,111,103,113
3995,neighbor,False,MAXIMUM_MAIN_STEEL,999999999.0000000000,8757.4480000000,0.2000000000,0.6000000000,0.4000000000,3.5000000000,0.5000000000,104,110,102,110,101,110
3996,neighbor,True,PASS_IMPLEMENTED_PROJECT_CHECKS,9144.4856800000,8757.4480000000,0.2000000000,0.4000000000,0.3000000000,3.0000000000,0.6000000000,102,111,102,112,104,112
3997,neighbor,True,PASS_IMPLEMENTED_PROJECT_CHECKS,9413.3683600000,8757.4480000000,0.2000000000,0.5000000000,0.3000000000,3.0000000000,0.8000000000,102,112,104,112,102,110
3998,neighbor,False,ENVELOPE_BASE_CONTACT,999999999.0000000000,8757.4480000000,0.2000000000,0.5000000000,0.3000000000,2.5000000000,0.6000000000,102,112,101,113,100,111
3999,neighbor,True,PASS_IMPLEMENTED_PROJECT_CHECKS,8763.3712000000,8757.4480000000,0.2000000000,0.5000000000,0.3000000000,3.0000000000,0.7000000000,102,112,101,113,103,113
4000,neighbor,True,PASS_IMPLEMENTED_PROJECT_CHECKS,9152.3280000000,8757.4480000000,0.2000000000,0.5000000000,0.3000000000,3.0000000000,0.7000000000,102,112,104,111,103,113
4001,neighbor,False,MEMBER_FLEXURE,999999999.0000000000,8757.4480000000,0.2000000000,0.5000000000,0.3000000000,3.0000000000,0.7000000000,102,112,100,111,100,111
4002,neighbor,True,PASS_IMPLEMENTED_PROJECT_CHECKS,8757.4480000000,8757.4480000000,0.2000000000,0.5000000000,0.3000000000,3.0000000000,0.7000000000,102,112,100,111,103,113
4003,neighbor,False,ENVELOPE_BASE_CONTACT,999999999.0000000000,8757.4480000000,0.2000000000,0.5000000000,0.3000000000,2.5000000000,0.7000000000,102,112,104,110,101,111
4004,neighbor,True,PASS_IMPLEMENTED_PROJECT_CHECKS,8757.4480000000,8757.4480000000,0.2000000000,0.5000000000,0.3000000000,3.0000000000,0.7000000000,102,112,100,111,103,113
4005,neighbor,True,PASS_IMPLEMENTED_PROJECT_CHECKS,8757.4480000000,8757.4480000000,0.2000000000,0.5000000000,0.3000000000,3.0000000000,0.7000000000,102,112,100,111,103,113
4006,neighbor,True,PASS_IMPLEMENTED_PROJECT_CHECKS,9247.0375000000,8757.4480000000,0.2000000000,0.5000000000,0.3000000000,3.0000000000,0.7000000000,102,112,103,110,103,113
4007,neighbor,False,MINIMUM_MAIN_STEEL,999999999.0000000000,8757.4480000000,0.2500000000,0.5000000000,0.5000000000,3.5000000000,0.6000000000,101,111,101,113,103,113
4008,neighbor,True,PASS_IMPLEMENTED_PROJECT_CHECKS,9535.4603200000,8757.4480000000,0.2000000000,0.5000000000,0.3000000000,3.0000000000,0.7000000000,104,113,100,111,103,113
4009,neighbor,True,PASS_IMPLEMENTED_PROJECT_CHECKS,12266.8804190000,8757.4480000000,0.2250000000,0.4500000000,0.5500000000,3.5000000000,0.8000000000,102,111,104,111,104,113
4010,neighbor,True,PASS_IMPLEMENTED_PROJECT_CHECKS,8826.5520000000,8757.4480000000,0.2000000000,0.5000000000,0.3000000000,3.0000000000,0.7000000000,102,112,101,111,103,113
4011,neighbor,False,MAXIMUM_MAIN_STEEL,999999999.0000000000,8757.4480000000,0.2000000000,0.5000000000,0.3000000000,3.0000000000,0.8000000000,102,112,104,110,101,111
4012,neighbor,False,MINIMUM_MAIN_STEEL,999999999.0000000000,8757.4480000000,0.2000000000,0.5000000000,0.5500000000,3.5000000000,0.6000000000,100,113,103,112,102,110
4013,neighbor,False,MINIMUM_MAIN_STEEL,999999999.0000000000,8757.4480000000,0.2000000000,0.5000000000,0.3500000000,3.0000000000,0.7000000000,102,112,100,113,101,113
4014,neighbor,False,MINIMUM_MAIN_STEEL,999999999.0000000000,8757.4480000000,0.2000000000,0.5000000000,0.3000000000,3.0000000000,0.7000000000,100,111,100,111,103,113
4015,neighbor,False,MEMBER_FLEXURE,999999999.0000000000,8757.4480000000,0.2000000000,0.5000000000,0.3000000000,3.0000000000,0.7000000000,102,112,100,111,101,113
4016,neighbor,True,PASS_IMPLEMENTED_PROJECT_CHECKS,9214.0280000000,8757.4480000000,0.2000000000,0.5000000000,0.3000000000,3.0000000000,0.7000000000,102,111,100,111,103,113
4017,neighbor,False,MINIMUM_MAIN_STEEL,999999999.0000000000,8757.4480000000,0.2000000000,0.5000000000,0.3500000000,2.5000000000,0.8000000000,102,112,103,111,100,113
4018,neighbor,True,PASS_IMPLEMENTED_PROJECT_CHECKS,8757.4480000000,8757.4480000000,0.2000000000,0.5000000000,0.3000000000,3.0000000000,0.7000000000,102,112,100,111,103,113
4019,neighbor,False,MAXIMUM_MAIN_STEEL,999999999.0000000000,8757.4480000000,0.2000000000,0.5000000000,0.3000000000,3.0000000000,0.7000000000,102,112,104,110,103,113
4020,neighbor,False,MAXIMUM_MAIN_STEEL,999999999.0000000000,8757.4480000000,0.2000000000,0.4500000000,0.3000000000,3.0000000000,0.7000000000,104,112,100,111,103,113
4021,neighbor,False,MAXIMUM_MAIN_STEEL,999999999.0000000000,8757.4480000000,0.2000000000,0.5000000000,0.3000000000,3.0000000000,0.7000000000,104,112,100,111,103,113
4022,neighbor,False,ENVELOPE_BASE_CONTACT,999999999.0000000000,8757.4480000000,0.2000000000,0.4500000000,0.4500000000,2.5000000000,0.7000000000,103,111,104,110,100,110
4023,neighbor,False,MEMBER_FLEXURE,999999999.0000000000,8757.4480000000,0.2000000000,0.5000000000,0.3000000000,3.0000000000,0.7000000000,102,112,100,111,100,110
4024,neighbor,True,PASS_IMPLEMENTED_PROJECT_CHECKS,8801.8720000000,8757.4480000000,0.2000000000,0.5000000000,0.3000000000,3.0000000000,0.7000000000,102,112,100,110,103,113
4025,neighbor,True,PASS_IMPLEMENTED_PROJECT_CHECKS,8757.4480000000,8757.4480000000,0.2000000000,0.5000000000,0.3000000000,3.0000000000,0.7000000000,102,112,100,111,103,113
4026,neighbor,True,PASS_IMPLEMENTED_PROJECT_CHECKS,8853.7000000000,8757.4480000000,0.2000000000,0.5000000000,0.3000000000,3.0000000000,0.7000000000,102,112,102,112,103,113
4027,neighbor,False,MINIMUM_MAIN_STEEL,999999999.0000000000,8757.4480000000,0.2500000000,0.6000000000,0.3000000000,3.0000000000,0.7000000000,101,113,103,112,104,110
4028,neighbor,False,MINIMUM_MAIN_STEEL,999999999.0000000000,8757.4480000000,0.2000000000,0.5500000000,0.3000000000,3.0000000000,0.7000000000,100,111,100,111,103,113
4029,neighbor,False,MEMBER_FLEXURE,999999999.0000000000,8757.4480000000,0.2000000000,0.5000000000,0.3000000000,3.0000000000,0.7000000000,102,112,100,111,100,111
4030,neighbor,False,ENVELOPE_BASE_CONTACT,999999999.0000000000,8757.4480000000,0.2000000000,0.5000000000,0.5000000000,2.5000000000,0.9000000000,102,112,103,110,101,110
4031,neighbor,True,PASS_IMPLEMENTED_PROJECT_CHECKS,9054.2250000000,8757.4480000000,0.2000000000,0.5000000000,0.3000000000,3.0000000000,0.7000000000,102,112,103,111,103,113
4032,neighbor,False,MINIMUM_MAIN_STEEL,999999999.0000000000,8757.4480000000,0.2000000000,0.6000000000,0.3000000000,2.5000000000,0.6000000000,100,111,104,110,100,110
4033,neighbor,False,MAXIMUM_MAIN_STEEL,999999999.0000000000,8757.4480000000,0.2000000000,0.5000000000,0.3000000000,3.0000000000,0.7000000000,104,111,100,111,103,113
4034,neighbor,False,MINIMUM_MAIN_STEEL,999999999.0000000000,8757.4480000000,0.2000000000,0.5000000000,0.3000000000,3.0000000000,0.5000000000,102,112,100,111,100,112
4035,neighbor,False,MEMBER_FLEXURE,999999999.0000000000,8757.4480000000,0.2000000000,0.5000000000,0.3000000000,3.0000000000,0.7000000000,102,112,100,111,101,112
4036,neighbor,True,PASS_IMPLEMENTED_PROJECT_CHECKS,10105.9017500000,8757.4480000000,0.2000000000,0.6000000000,0.3000000000,3.0000000000,0.7000000000,103,112,100,111,103,113
4037,neighbor,False,MINIMUM_MAIN_STEEL,999999999.0000000000,8757.4480000000,0.2000000000,0.4500000000,0.4000000000,2.5000000000,0.5000000000,100,111,100,111,104,111
4038,neighbor,True,PASS_IMPLEMENTED_PROJECT_CHECKS,9054.2250000000,8757.4480000000,0.2000000000,0.5000000000,0.3000000000,3.0000000000,0.7000000000,102,112,103,111,103,113
4039,neighbor,False,MINIMUM_MAIN_STEEL,999999999.0000000000,8757.4480000000,0.2000000000,0.5000000000,0.3000000000,3.0000000000,0.7000000000,102,112,100,113,103,113
4040,neighbor,False,MAXIMUM_MAIN_STEEL,999999999.0000000000,8757.4480000000,0.2000000000,0.5000000000,0.3000000000,3.0000000000,0.7000000000,104,111,100,111,103,113
4041,neighbor,True,PASS_IMPLEMENTED_PROJECT_CHECKS,11911.7604500000,8757.4480000000,0.2000000000,0.5000000000,0.5500000000,3.0000000000,0.8000000000,102,112,103,112,104,110
4042,neighbor,False,MINIMUM_MAIN_STEEL,999999999.0000000000,8757.4480000000,0.2000000000,0.5000000000,0.4500000000,3.0000000000,0.5000000000,102,112,102,112,101,113
4043,neighbor,True,PASS_IMPLEMENTED_PROJECT_CHECKS,8905.5280000000,8757.4480000000,0.2000000000,0.5000000000,0.3000000000,3.0000000000,0.7000000000,102,112,101,110,103,113
4044,neighbor,False,MEMBER_FLEXURE,999999999.0000000000,8757.4480000000,0.2000000000,0.5000000000,0.4500000000,3.0000000000,0.5000000000,102,112,103,113,101,112
4045,neighbor,False,MINIMUM_MAIN_STEEL,999999999.0000000000,8757.4480000000,0.2000000000,0.5000000000,0.3000000000,3.0000000000,0.7000000000,101,112,100,111,103,113
4046,neighbor,False,MEMBER_FLEXURE,999999999.0000000000,8757.4480000000,0.2000000000,0.5000000000,0.3000000000,3.0000000000,0.7000000000,102,112,100,111,101,113
4047,neighbor,True,PASS_IMPLEMENTED_PROJECT_CHECKS,9038.8000000000,8757.4480000000,0.2000000000,0.5000000000,0.3000000000,3.0000000000,0.7000000000,102,112,102,110,103,113
4048,neighbor,True,PASS_IMPLEMENTED_PROJECT_CHECKS,8757.4480000000,8757.4480000000,0.2000000000,0.5000000000,0.3000000000,3.0000000000,0.7000000000,102,112,100,111,103,113
4049,neighbor,True,PASS_IMPLEMENTED_PROJECT_CHECKS,8757.4480000000,8757.4480000000,0.2000000000,0.5000000000,0.3000000000,3.0000000000,0.7000000000,102,112,100,111,103,113
4050,neighbor,True,PASS_IMPLEMENTED_PROJECT_CHECKS,8757.4480000000,8757.4480000000,0.2000000000,0.5000000000,0.3000000000,3.0000000000,0.7000000000,102,112,100,111,103,113
4051,neighbor,True,PASS_IMPLEMENTED_PROJECT_CHECKS,9818.6532400000,8757.4480000000,0.2000000000,0.5000000000,0.3000000000,3.5000000000,0.8000000000,102,112,101,112,102,110
4052,neighbor,True,PASS_IMPLEMENTED_PROJECT_CHECKS,9038.8000000000,8757.4480000000,0.2000000000,0.5000000000,0.3000000000,3.0000000000,0.7000000000,102,112,102,110,103,113
4053,neighbor,False,ENVELOPE_BASE_CONTACT,999999999.0000000000,8757.4480000000,0.2250000000,0.5000000000,0.3000000000,2.5000000000,0.7000000000,104,111,102,110,103,111
4054,neighbor,False,MAXIMUM_MAIN_STEEL,999999999.0000000000,8757.4480000000,0.2000000000,0.5500000000,0.3000000000,3.0000000000,0.7000000000,102,110,100,111,103,113
4055,neighbor,False,MINIMUM_MAIN_STEEL,999999999.0000000000,8757.4480000000,0.2000000000,0.5500000000,0.3000000000,2.5000000000,0.6000000000,101,113,101,110,100,110
4056,neighbor,False,MINIMUM_MAIN_STEEL,999999999.0000000000,8757.4480000000,0.2000000000,0.6000000000,0.5000000000,3.5000000000,0.6000000000,100,111,102,113,104,112
4057,neighbor,True,PASS_IMPLEMENTED_PROJECT_CHECKS,8826.5520000000,8757.4480000000,0.2000000000,0.5000000000,0.3000000000,3.0000000000,0.7000000000,102,112,101,111,103,113
4058,neighbor,False,MINIMUM_MAIN_STEEL,999999999.0000000000,8757.4480000000,0.2250000000,0.5500000000,0.3000000000,3.5000000000,0.9000000000,100,113,102,112,104,113
4059,neighbor,False,MAXIMUM_MAIN_STEEL,999999999.0000000000,8757.4480000000,0.2000000000,0.5000000000,0.3000000000,3.5000000000,0.5000000000,102,112,102,112,104,110
4060,neighbor,False,MINIMUM_MAIN_STEEL,999999999.0000000000,8757.4480000000,0.2000000000,0.5000000000,0.4500000000,3.0000000000,0.7000000000,102,112,100,113,103,111
4061,neighbor,False,ENVELOPE_BASE_CONTACT,999999999.0000000000,8757.4480000000,0.2000000000,0.4500000000,0.3000000000,2.5000000000,0.9000000000,104,112,101,110,102,112
4062,neighbor,True,PASS_IMPLEMENTED_PROJECT_CHECKS,8801.8720000000,8757.4480000000,0.2000000000,0.5000000000,0.3000000000,3.0000000000,0.7000000000,102,112,100,110,103,113
4063,neighbor,True,PASS_IMPLEMENTED_PROJECT_CHECKS,8826.5520000000,8757.4480000000,0.2000000000,0.5000000000,0.3000000000,3.0000000000,0.7000000000,102,112,101,111,103,113
4064,neighbor,False,MEMBER_FLEXURE,999999999.0000000000,8757.4480000000,0.2000000000,0.4000000000,0.3000000000,3.0000000000,0.7000000000,102,111,100,111,103,113
4065,neighbor,True,PASS_IMPLEMENTED_PROJECT_CHECKS,10457.3185200000,8757.4480000000,0.2000000000,0.5000000000,0.3500000000,3.0000000000,0.6000000000,102,112,104,111,103,110
4066,neighbor,False,MEMBER_FLEXURE,999999999.0000000000,8757.4480000000,0.2000000000,0.5000000000,0.3000000000,3.0000000000,0.7000000000,102,112,100,111,101,112
4067,neighbor,False,MINIMUM_MAIN_STEEL,999999999.0000000000,8757.4480000000,0.2500000000,0.4500000000,0.3500000000,3.5000000000,0.5000000000,101,113,100,113,100,110
4068,neighbor,False,MINIMUM_MAIN_STEEL,999999999.0000000000,8757.4480000000,0.2000000000,0.5000000000,0.3000000000,2.5000000000,0.7000000000,102,112,100,113,104,112
4069,neighbor,False,ENVELOPE_BASE_CONTACT,999999999.0000000000,8757.4480000000,0.2000000000,0.5000000000,0.3000000000,2.5000000000,0.7000000000,102,112,103,110,102,110
4070,neighbor,True,PASS_IMPLEMENTED_PROJECT_CHECKS,9140.9752000000,8757.4480000000,0.2000000000,0.5000000000,0.3000000000,3.0000000000,0.7000000000,101,110,100,111,103,113
4071,neighbor,True,PASS_IMPLEMENTED_PROJECT_CHECKS,8919.9065680000,8757.4480000000,0.2000000000,0.5000000000,0.3000000000,3.0000000000,0.7000000000,102,112,100,111,104,113
4072,neighbor,True,PASS_IMPLEMENTED_PROJECT_CHECKS,8905.5280000000,8757.4480000000,0.2000000000,0.5000000000,0.3000000000,3.0000000000,0.7000000000,102,112,101,110,103,113
4073,neighbor,False,MAXIMUM_MAIN_STEEL,999999999.0000000000,8757.4480000000,0.2000000000,0.5000000000,0.3000000000,3.0000000000,0.7000000000,103,111,100,111,103,113
4074,neighbor,True,PASS_IMPLEMENTED_PROJECT_CHECKS,8757.4480000000,8757.4480000000,0.2000000000,0.5000000000,0.3000000000,3.0000000000,0.7000000000,102,112,100,111,103,113
4075,neighbor,True,PASS_IMPLEMENTED_PROJECT_CHECKS,9321.3894360000,8757.4480000000,0.2000000000,0.5000000000,0.3500000000,3.0000000000,0.6000000000,102,112,100,110,104,113
4076,neighbor,True,PASS_IMPLEMENTED_PROJECT_CHECKS,8801.8720000000,8757.4480000000,0.2000000000,0.5000000000,0.3000000000,3.0000000000,0.7000000000,102,112,100,110,103,113
4077,neighbor,False,MINIMUM_MAIN_STEEL,999999999.0000000000,8757.4480000000,0.2000000000,0.5000000000,0.3500000000,2.5000000000,0.8000000000,102,112,100,113,102,111
4078,neighbor,True,PASS_IMPLEMENTED_PROJECT_CHECKS,8905.5280000000,8757.4480000000,0.2000000000,0.5000000000,0.3000000000,3.0000000000,0.7000000000,102,112,101,110,103,113
4079,neighbor,False,ENVELOPE_BASE_CONTACT,999999999.0000000000,8757.4480000000,0.2000000000,0.5000000000,0.3000000000,2.5000000000,0.6000000000,102,112,104,113,104,112
4080,neighbor,False,MEMBER_FLEXURE,999999999.0000000000,8757.4480000000,0.2000000000,0.5000000000,0.3000000000,3.0000000000,0.7000000000,102,112,100,111,102,113
4081,neighbor,True,PASS_IMPLEMENTED_PROJECT_CHECKS,8801.8720000000,8757.4480000000,0.2000000000,0.5000000000,0.3000000000,3.0000000000,0.7000000000,102,112,100,110,103,113
4082,neighbor,False,STEM_STRESS_OR_INTERVAL_BOUND,999999999.0000000000,8757.4480000000,0.2250000000,0.4000000000,0.3000000000,3.0000000000,0.7000000000,102,112,100,111,103,113
4083,neighbor,True,PASS_IMPLEMENTED_PROJECT_CHECKS,9120.1699600000,8757.4480000000,0.2000000000,0.5000000000,0.3000000000,3.0000000000,0.7000000000,102,112,100,111,104,112
4084,neighbor,True,PASS_IMPLEMENTED_PROJECT_CHECKS,8899.9750000000,8757.4480000000,0.2000000000,0.5000000000,0.3000000000,3.0000000000,0.7000000000,102,112,103,113,103,113
4085,neighbor,True,PASS_IMPLEMENTED_PROJECT_CHECKS,8763.3712000000,8757.4480000000,0.2000000000,0.5000000000,0.3000000000,3.0000000000,0.7000000000,102,112,101,113,103,113
4086,neighbor,False,MINIMUM_MAIN_STEEL,999999999.0000000000,8757.4480000000,0.2000000000,0.5000000000,0.3500000000,3.0000000000,0.7000000000,102,112,100,112,101,112
4087,neighbor,True,PASS_IMPLEMENTED_PROJECT_CHECKS,9140.6050000000,8757.4480000000,0.2000000000,0.5000000000,0.3000000000,3.0000000000,0.7000000000,102,112,100,111,102,110
4088,neighbor,False,MINIMUM_MAIN_STEEL,999999999.0000000000,8757.4480000000,0.2000000000,0.5000000000,0.3000000000,3.0000000000,0.7000000000,101,113,100,111,103,113
4089,neighbor,True,PASS_IMPLEMENTED_PROJECT_CHECKS,9152.3280000000,8757.4480000000,0.2000000000,0.5000000000,0.3000000000,3.0000000000,0.7000000000,102,112,104,111,103,113
4090,neighbor,True,PASS_IMPLEMENTED_PROJECT_CHECKS,8915.4000000000,8757.4480000000,0.2000000000,0.5000000000,0.3000000000,3.0000000000,0.7000000000,102,112,102,111,103,113
4091,neighbor,False,MEMBER_FLEXURE,999999999.0000000000,8757.4480000000,0.2000000000,0.5000000000,0.3000000000,3.0000000000,0.7000000000,102,112,100,111,101,113
4092,neighbor,False,MEMBER_FLEXURE,999999999.0000000000,8757.4480000000,0.2000000000,0.5000000000,0.3000000000,3.5000000000,0.9000000000,102,112,102,111,101,112
4093,neighbor,True,PASS_IMPLEMENTED_PROJECT_CHECKS,8800.0210000000,8757.4480000000,0.2000000000,0.5000000000,0.3000000000,3.0000000000,0.7000000000,102,112,100,111,102,111
4094,neighbor,False,MINIMUM_MAIN_STEEL,999999999.0000000000,8757.4480000000,0.2000000000,0.5000000000,0.3000000000,3.0000000000,0.7000000000,102,112,100,113,104,112
4095,neighbor,True,PASS_IMPLEMENTED_PROJECT_CHECKS,9038.8000000000,8757.4480000000,0.2000000000,0.5000000000,0.3000000000,3.0000000000,0.7000000000,102,112,102,110,103,113
4096,neighbor,True,PASS_IMPLEMENTED_PROJECT_CHECKS,9183.1780000000,8757.4480000000,0.2000000000,0.5000000000,0.3000000000,3.0000000000,0.7000000000,102,112,100,111,103,111
4097,neighbor,True,PASS_IMPLEMENTED_PROJECT_CHECKS,8801.8720000000,8757.4480000000,0.2000000000,0.5000000000,0.3000000000,3.0000000000,0.7000000000,102,112,100,110,103,113
4098,neighbor,False,MAXIMUM_MAIN_STEEL,999999999.0000000000,8757.4480000000,0.2000000000,0.5000000000,0.3000000000,3.0000000000,0.7000000000,104,112,100,111,103,113
4099,neighbor,False,MAXIMUM_MAIN_STEEL,999999999.0000000000,8757.4480000000,0.2000000000,0.5000000000,0.3000000000,3.0000000000,0.7000000000,102,110,100,111,103,113
4100,neighbor,False,MEMBER_FLEXURE,999999999.0000000000,8757.4480000000,0.2000000000,0.5000000000,0.3000000000,3.0000000000,0.7000000000,102,112,100,111,101,111
4101,neighbor,True,PASS_IMPLEMENTED_PROJECT_CHECKS,8801.8720000000,8757.4480000000,0.2000000000,0.5000000000,0.3000000000,3.0000000000,0.7000000000,102,112,100,110,103,113
4102,neighbor,True,PASS_IMPLEMENTED_PROJECT_CHECKS,10804.1221500000,8757.4480000000,0.2250000000,0.6000000000,0.3000000000,3.0000000000,0.7000000000,104,112,100,111,103,113
4103,neighbor,False,MINIMUM_MAIN_STEEL,999999999.0000000000,8757.4480000000,0.2000000000,0.5000000000,0.3000000000,3.0000000000,0.7000000000,102,113,100,111,103,113
4104,neighbor,False,MEMBER_FLEXURE,999999999.0000000000,8757.4480000000,0.2000000000,0.5500000000,0.3000000000,3.5000000000,0.8000000000,103,113,101,113,101,113
4105,neighbor,True,PASS_IMPLEMENTED_PROJECT_CHECKS,8763.3712000000,8757.4480000000,0.2000000000,0.5000000000,0.3000000000,3.0000000000,0.7000000000,102,112,101,113,103,113
4106,neighbor,False,ENVELOPE_BASE_CONTACT,999999999.0000000000,8757.4480000000,0.2000000000,0.5000000000,0.3000000000,2.5000000000,0.7000000000,102,112,101,113,102,113
4107,neighbor,False,MINIMUM_MAIN_STEEL,999999999.0000000000,8757.4480000000,0.2000000000,0.5000000000,0.4000000000,2.5000000000,0.6000000000,102,112,104,113,100,113
4108,neighbor,False,MEMBER_FLEXURE,999999999.0000000000,8757.4480000000,0.2250000000,0.5000000000,0.4000000000,3.5000000000,0.7000000000,103,111,104,110,101,113
4109,neighbor,True,PASS_IMPLEMENTED_PROJECT_CHECKS,8899.9750000000,8757.4480000000,0.2000000000,0.5000000000,0.3000000000,3.0000000000,0.7000000000,102,112,103,113,103,113
4110,neighbor,True,PASS_IMPLEMENTED_PROJECT_CHECKS,8958.8368000000,8757.4480000000,0.2000000000,0.5000000000,0.3000000000,3.0000000000,0.7000000000,102,112,104,113,103,113
4111,neighbor,False,MINIMUM_MAIN_STEEL,999999999.0000000000,8757.4480000000,0.2000000000,0.4500000000,0.3000000000,3.0000000000,0.7000000000,100,112,100,111,103,113
4112,neighbor,False,MINIMUM_MAIN_STEEL,999999999.0000000000,8757.4480000000,0.2500000000,0.4500000000,0.3000000000,3.0000000000,0.7000000000,101,113,100,111,103,113
4113,neighbor,False,MINIMUM_MAIN_STEEL,999999999.0000000000,8757.4480000000,0.2000000000,0.5500000000,0.3000000000,3.5000000000,0.5000000000,100,110,100,113,100,113
4114,neighbor,False,MAXIMUM_MAIN_STEEL,999999999.0000000000,8757.4480000000,0.2000000000,0.5000000000,0.3000000000,3.0000000000,0.7000000000,102,110,100,111,103,113
4115,neighbor,False,ENVELOPE_BASE_CONTACT,999999999.0000000000,8757.4480000000,0.2000000000,0.4500000000,0.3000000000,2.5000000000,0.7000000000,104,112,102,110,101,112
4116,neighbor,True,PASS_IMPLEMENTED_PROJECT_CHECKS,9214.0280000000,8757.4480000000,0.2000000000,0.5000000000,0.3000000000,3.0000000000,0.7000000000,102,111,100,111,103,113
4117,neighbor,True,PASS_IMPLEMENTED_PROJECT_CHECKS,8899.9750000000,8757.4480000000,0.2000000000,0.5000000000,0.3000000000,3.0000000000,0.9000000000,102,112,103,113,103,113
4118,neighbor,True,PASS_IMPLEMENTED_PROJECT_CHECKS,10226.1471500000,8757.4480000000,0.2250000000,0.5000000000,0.3000000000,3.0000000000,0.7000000000,104,112,100,111,103,113
4119,neighbor,False,MINIMUM_MAIN_STEEL,999999999.0000000000,8757.4480000000,0.2000000000,0.4000000000,0.5500000000,3.0000000000,0.7000000000,102,110,101,112,103,110
4120,neighbor,True,PASS_IMPLEMENTED_PROJECT_CHECKS,9140.9752000000,8757.4480000000,0.2000000000,0.5000000000,0.3000000000,3.0000000000,0.7000000000,101,110,100,111,103,113
4121,neighbor,False,MINIMUM_MAIN_STEEL,999999999.0000000000,8757.4480000000,0.2000000000,0.5000000000,0.3000000000,3.0000000000,0.7000000000,101,111,100,111,103,113
4122,neighbor,False,STEM_STRESS_OR_INTERVAL_BOUND,999999999.0000000000,8757.4480000000,0.2000000000,0.4500000000,0.3000000000,3.0000000000,0.7000000000,102,112,100,111,103,113
4123,neighbor,True,PASS_IMPLEMENTED_PROJECT_CHECKS,8763.3712000000,8757.4480000000,0.2000000000,0.5000000000,0.3000000000,3.0000000000,0.7000000000,102,112,101,113,103,113
4124,neighbor,True,PASS_IMPLEMENTED_PROJECT_CHECKS,9099.8830000000,8757.4480000000,0.2000000000,0.5000000000,0.3000000000,3.0000000000,0.7000000000,103,113,100,111,103,113
4125,neighbor,False,MINIMUM_MAIN_STEEL,999999999.0000000000,8757.4480000000,0.2000000000,0.5000000000,0.3000000000,3.5000000000,0.5000000000,102,112,100,113,102,110
4126,neighbor,True,PASS_IMPLEMENTED_PROJECT_CHECKS,12525.9935200000,8757.4480000000,0.2000000000,0.5000000000,0.4000000000,3.5000000000,0.8000000000,102,112,104,110,104,110
4127,neighbor,True,PASS_IMPLEMENTED_PROJECT_CHECKS,8826.5520000000,8757.4480000000,0.2000000000,0.5000000000,0.3000000000,3.0000000000,0.7000000000,102,112,101,111,103,113
4128,neighbor,True,PASS_IMPLEMENTED_PROJECT_CHECKS,9367.5820240000,8757.4480000000,0.2000000000,0.5000000000,0.3000000000,3.0000000000,0.5000000000,102,112,104,113,102,110
4129,neighbor,False,MINIMUM_MAIN_STEEL,999999999.0000000000,8757.4480000000,0.2000000000,0.5000000000,0.3000000000,3.0000000000,0.7000000000,100,112,100,111,103,113
4130,neighbor,False,MAXIMUM_MAIN_STEEL,999999999.0000000000,8757.4480000000,0.2000000000,0.5000000000,0.3000000000,3.0000000000,0.7000000000,104,110,100,111,103,113
4131,neighbor,False,MINIMUM_MAIN_STEEL,999999999.0000000000,8757.4480000000,0.2000000000,0.5000000000,0.4500000000,3.0000000000,0.5000000000,103,113,100,111,101,112
4132,neighbor,False,MAXIMUM_MAIN_STEEL,999999999.0000000000,8757.4480000000,0.2000000000,0.5000000000,0.3000000000,3.0000000000,0.7000000000,102,112,100,111,104,110
4133,neighbor,False,MINIMUM_MAIN_STEEL,999999999.0000000000,8757.4480000000,0.2000000000,0.5000000000,0.5000000000,3.5000000000,0.6000000000,102,112,104,111,100,111
4134,neighbor,True,PASS_IMPLEMENTED_PROJECT_CHECKS,8957.8187500000,8757.4480000000,0.2000000000,0.5000000000,0.3000000000,3.0000000000,0.7000000000,102,112,103,112,103,113
4135,neighbor,False,MEMBER_FLEXURE,999999999.0000000000,8757.4480000000,0.2000000000,0.5000000000,0.3000000000,3.0000000000,0.7000000000,102,112,100,111,102,112
4136,neighbor,False,MINIMUM_MAIN_STEEL,999999999.0000000000,8757.4480000000,0.2000000000,0.5000000000,0.3000000000,3.0000000000,0.7000000000,102,112,100,113,103,113
4137,neighbor,True,PASS_IMPLEMENTED_PROJECT_CHECKS,8801.8720000000,8757.4480000000,0.2000000000,0.5000000000,0.3000000000,3.0000000000,0.7000000000,102,112,100,110,103,113
4138,neighbor,False,MAXIMUM_MAIN_STEEL,999999999.0000000000,8757.4480000000,0.2000000000,0.5000000000,0.3000000000,3.0000000000,0.7000000000,102,112,100,111,104,110
4139,neighbor,True,PASS_IMPLEMENTED_PROJECT_CHECKS,9140.9752000000,8757.4480000000,0.2000000000,0.5000000000,0.3000000000,3.0000000000,0.7000000000,101,110,100,111,103,113
4140,neighbor,True,PASS_IMPLEMENTED_PROJECT_CHECKS,9992.9370400000,8757.4480000000,0.2000000000,0.5000000000,0.4000000000,3.5000000000,0.9000000000,102,112,100,110,102,112
4141,neighbor,True,PASS_IMPLEMENTED_PROJECT_CHECKS,8853.7000000000,8757.4480000000,0.2000000000,0.5000000000,0.3000000000,3.0000000000,0.7000000000,102,112,102,112,103,113
4142,neighbor,True,PASS_IMPLEMENTED_PROJECT_CHECKS,10858.9117500000,8757.4480000000,0.2250000000,0.6000000000,0.3000000000,3.0000000000,0.7000000000,102,110,100,111,103,113
4143,neighbor,True,PASS_IMPLEMENTED_PROJECT_CHECKS,8757.4480000000,8757.4480000000,0.2000000000,0.5000000000,0.3000000000,3.0000000000,0.7000000000,102,112,100,111,103,113
4144,neighbor,False,MINIMUM_MAIN_STEEL,999999999.0000000000,8757.4480000000,0.2500000000,0.4000000000,0.3000000000,3.0000000000,0.7000000000,100,113,100,111,103,113
4145,neighbor,True,PASS_IMPLEMENTED_PROJECT_CHECKS,8958.8368000000,8757.4480000000,0.2000000000,0.5000000000,0.3000000000,3.0000000000,0.7000000000,102,112,104,113,103,113
4146,neighbor,False,MINIMUM_MAIN_STEEL,999999999.0000000000,8757.4480000000,0.2000000000,0.6000000000,0.3000000000,3.0000000000,0.8000000000,100,110,100,112,102,111
4147,neighbor,True,PASS_IMPLEMENTED_PROJECT_CHECKS,9140.6050000000,8757.4480000000,0.2000000000,0.5000000000,0.3000000000,3.0000000000,0.7000000000,102,112,100,111,102,110
4148,neighbor,False,MINIMUM_MAIN_STEEL,999999999.0000000000,8757.4480000000,0.2500000000,0.4500000000,0.3000000000,3.0000000000,0.7000000000,101,112,100,111,103,113
4149,neighbor,True,PASS_IMPLEMENTED_PROJECT_CHECKS,9677.8580000000,8757.4480000000,0.2000000000,0.6000000000,0.3000000000,3.0000000000,0.7000000000,103,113,100,111,103,113
4150,neighbor,True,PASS_IMPLEMENTED_PROJECT_CHECKS,9140.6050000000,8757.4480000000,0.2000000000,0.5000000000,0.3000000000,3.0000000000,0.7000000000,102,112,100,111,102,110
4151,neighbor,True,PASS_IMPLEMENTED_PROJECT_CHECKS,8905.5280000000,8757.4480000000,0.2000000000,0.5000000000,0.3000000000,3.0000000000,0.7000000000,102,112,101,110,103,113
4152,neighbor,False,MINIMUM_MAIN_STEEL,999999999.0000000000,8757.4480000000,0.2000000000,0.5000000000,0.3000000000,3.0000000000,0.7000000000,100,110,100,111,103,113
4153,neighbor,False,MINIMUM_MAIN_STEEL,999999999.0000000000,8757.4480000000,0.2500000000,0.5000000000,0.3000000000,3.0000000000,0.7000000000,102,113,100,111,103,113
4154,neighbor,False,MINIMUM_MAIN_STEEL,999999999.0000000000,8757.4480000000,0.2000000000,0.5500000000,0.5500000000,2.5000000000,0.7000000000,102,111,104,110,100,111
4155,neighbor,True,PASS_IMPLEMENTED_PROJECT_CHECKS,8787.0640000000,8757.4480000000,0.2000000000,0.5000000000,0.3000000000,3.0000000000,0.7000000000,102,112,101,112,103,113
4156,neighbor,False,MINIMUM_MAIN_STEEL,999999999.0000000000,8757.4480000000,0.2000000000,0.5000000000,0.3000000000,3.0000000000,0.7000000000,100,110,100,111,103,113
4157,neighbor,False,MAXIMUM_MAIN_STEEL,999999999.0000000000,8757.4480000000,0.2000000000,0.5000000000,0.3000000000,3.0000000000,0.7000000000,102,110,100,111,103,113
4158,neighbor,True,PASS_IMPLEMENTED_PROJECT_CHECKS,8905.5280000000,8757.4480000000,0.2000000000,0.5000000000,0.3000000000,3.0000000000,0.7000000000,102,112,101,110,103,113
4159,neighbor,True,PASS_IMPLEMENTED_PROJECT_CHECKS,8826.5520000000,8757.4480000000,0.2000000000,0.5000000000,0.3000000000,3.0000000000,0.7000000000,102,112,101,111,103,113
4160,neighbor,False,MINIMUM_MAIN_STEEL,999999999.0000000000,8757.4480000000,0.2000000000,0.5000000000,0.3000000000,3.0000000000,0.7000000000,100,111,100,111,103,113
4161,neighbor,True,PASS_IMPLEMENTED_PROJECT_CHECKS,8757.4480000000,8757.4480000000,0.2000000000,0.5000000000,0.3000000000,3.0000000000,0.7000000000,102,112,100,111,103,113
4162,neighbor,False,MINIMUM_MAIN_STEEL,999999999.0000000000,8757.4480000000,0.2000000000,0.5000000000,0.3000000000,3.5000000000,0.8000000000,102,113,101,111,104,113
4163,neighbor,True,PASS_IMPLEMENTED_PROJECT_CHECKS,9214.0280000000,8757.4480000000,0.2000000000,0.5000000000,0.3000000000,3.0000000000,0.7000000000,102,111,100,111,103,113
4164,neighbor,False,MEMBER_FLEXURE,999999999.0000000000,8757.4480000000,0.2250000000,0.4500000000,0.3000000000,3.0000000000,0.7000000000,104,112,100,111,103,113
4165,neighbor,False,MINIMUM_MAIN_STEEL,999999999.0000000000,8757.4480000000,0.2250000000,0.5000000000,0.3500000000,3.0000000000,0.8000000000,101,112,102,110,101,113
4166,neighbor,False,ENVELOPE_BASE_CONTACT,999999999.0000000000,8757.4480000000,0.2000000000,0.6000000000,0.4000000000,2.5000000000,0.7000000000,104,111,104,113,104,111
4167,neighbor,False,MAXIMUM_MAIN_STEEL,999999999.0000000000,8757.4480000000,0.2000000000,0.5000000000,0.3000000000,3.0000000000,0.7000000000,104,111,100,111,103,113
4168,neighbor,False,MAXIMUM_MAIN_STEEL,999999999.0000000000,8757.4480000000,0.2000000000,0.5000000000,0.3000000000,3.0000000000,0.7000000000,103,111,100,111,103,113
4169,neighbor,False,MAXIMUM_MAIN_STEEL,999999999.0000000000,8757.4480000000,0.2000000000,0.5000000000,0.3000000000,3.0000000000,0.7000000000,104,110,100,111,103,113
4170,neighbor,False,MEMBER_FLEXURE,999999999.0000000000,8757.4480000000,0.2000000000,0.5000000000,0.3000000000,3.0000000000,0.7000000000,102,112,100,111,101,112
4171,neighbor,True,PASS_IMPLEMENTED_PROJECT_CHECKS,11476.4358950000,8757.4480000000,0.2250000000,0.5000000000,0.4500000000,3.0000000000,0.8000000000,104,112,101,110,104,113
4172,neighbor,False,MINIMUM_MAIN_STEEL,999999999.0000000000,8757.4480000000,0.2000000000,0.5000000000,0.3000000000,3.0000000000,0.7000000000,101,111,100,111,103,113
4173,neighbor,False,MINIMUM_MAIN_STEEL,999999999.0000000000,8757.4480000000,0.2000000000,0.5000000000,0.3000000000,3.0000000000,0.6000000000,102,112,101,110,100,112
4174,neighbor,True,PASS_IMPLEMENTED_PROJECT_CHECKS,8757.4480000000,8757.4480000000,0.2000000000,0.5000000000,0.3000000000,3.0000000000,0.7000000000,102,112,100,111,103,113
4175,neighbor,True,PASS_IMPLEMENTED_PROJECT_CHECKS,8757.4480000000,8757.4480000000,0.2000000000,0.5000000000,0.3000000000,3.0000000000,0.7000000000,102,112,100,111,103,113
4176,neighbor,False,MAXIMUM_MAIN_STEEL,999999999.0000000000,8757.4480000000,0.2000000000,0.6000000000,0.3500000000,3.0000000000,0.9000000000,104,110,103,111,100,111
4177,neighbor,True,PASS_IMPLEMENTED_PROJECT_CHECKS,8757.4480000000,8757.4480000000,0.2000000000,0.5000000000,0.3000000000,3.0000000000,0.7000000000,102,112,100,111,103,113
4178,neighbor,True,PASS_IMPLEMENTED_PROJECT_CHECKS,9247.0375000000,8757.4480000000,0.2000000000,0.5000000000,0.3000000000,3.0000000000,0.7000000000,102,112,103,110,103,113
4179,neighbor,True,PASS_IMPLEMENTED_PROJECT_CHECKS,9054.2250000000,8757.4480000000,0.2000000000,0.5000000000,0.3000000000,3.0000000000,0.7000000000,102,112,103,111,103,113
4180,neighbor,False,MINIMUM_MAIN_STEEL,999999999.0000000000,8757.4480000000,0.2000000000,0.5000000000,0.3000000000,3.0000000000,0.7000000000,100,113,100,111,103,113
4181,neighbor,True,PASS_IMPLEMENTED_PROJECT_CHECKS,9230.6623200000,8757.4480000000,0.2000000000,0.5000000000,0.3000000000,3.0000000000,0.6000000000,102,112,100,111,103,111
4182,neighbor,True,PASS_IMPLEMENTED_PROJECT_CHECKS,9399.8289120000,8757.4480000000,0.2000000000,0.5000000000,0.3000000000,3.0000000000,0.6000000000,102,112,104,113,103,111
4183,neighbor,False,MINIMUM_MAIN_STEEL,999999999.0000000000,8757.4480000000,0.2000000000,0.5000000000,0.5500000000,2.5000000000,0.5000000000,100,112,100,113,103,113
4184,neighbor,True,PASS_IMPLEMENTED_PROJECT_CHECKS,9517.1230800000,8757.4480000000,0.2000000000,0.5000000000,0.3000000000,3.0000000000,0.6000000000,102,112,100,111,104,111
4185,neighbor,True,PASS_IMPLEMENTED_PROJECT_CHECKS,9038.8000000000,8757.4480000000,0.2000000000,0.5000000000,0.3000000000,3.0000000000,0.7000000000,102,112,102,110,103,113
4186,neighbor,True,PASS_IMPLEMENTED_PROJECT_CHECKS,8958.8368000000,8757.4480000000,0.2000000000,0.5000000000,0.3000000000,3.0000000000,0.7000000000,102,112,104,113,103,113
4187,neighbor,False,ENVELOPE_BASE_CONTACT,999999999.0000000000,8757.4480000000,0.2000000000,0.5000000000,0.4500000000,2.5000000000,0.8000000000,104,113,104,111,102,113
4188,neighbor,True,PASS_IMPLEMENTED_PROJECT_CHECKS,11467.0868240000,8757.4480000000,0.2000000000,0.5000000000,0.5000000000,3.5000000000,0.5000000000,102,112,104,111,104,113
4189,neighbor,False,MINIMUM_MAIN_STEEL,999999999.0000000000,8757.4480000000,0.2000000000,0.4000000000,0.3000000000,3.0000000000,0.7000000000,101,113,100,111,103,113
4190,neighbor,True,PASS_IMPLEMENTED_PROJECT_CHECKS,9241.6696000000,8757.4480000000,0.2000000000,0.5000000000,0.3000000000,3.0000000000,0.8000000000,102,112,103,113,104,112
4191,neighbor,True,PASS_IMPLEMENTED_PROJECT_CHECKS,9453.9422800000,8757.4480000000,0.2000000000,0.5000000000,0.3000000000,3.0000000000,0.7000000000,102,112,100,111,104,111
4192,neighbor,False,MINIMUM_MAIN_STEEL,999999999.0000000000,8757.4480000000,0.2000000000,0.5000000000,0.3000000000,3.5000000000,0.8000000000,102,112,100,112,104,113
4193,neighbor,False,MINIMUM_MAIN_STEEL,999999999.0000000000,8757.4480000000,0.2250000000,0.6000000000,0.4500000000,2.5000000000,0.6000000000,102,112,100,113,103,110
4194,neighbor,True,PASS_IMPLEMENTED_PROJECT_CHECKS,9120.1699600000,8757.4480000000,0.2000000000,0.5000000000,0.3000000000,3.0000000000,0.7000000000,102,112,100,111,104,112
4195,neighbor,True,PASS_IMPLEMENTED_PROJECT_CHECKS,9120.1699600000,8757.4480000000,0.2000000000,0.5000000000,0.3000000000,3.0000000000,0.7000000000,102,112,100,111,104,112
4196,neighbor,False,MINIMUM_MAIN_STEEL,999999999.0000000000,8757.4480000000,0.2000000000,0.5500000000,0.5000000000,3.0000000000,0.8000000000,102,112,104,113,101,110
4197,neighbor,True,PASS_IMPLEMENTED_PROJECT_CHECKS,9120.1699600000,8757.4480000000,0.2000000000,0.5000000000,0.3000000000,3.0000000000,0.7000000000,102,112,100,111,104,112
4198,neighbor,False,STEM_STRESS_OR_INTERVAL_BOUND,999999999.0000000000,8757.4480000000,0.2250000000,0.4500000000,0.3000000000,3.0000000000,0.7000000000,102,112,100,111,103,113
4199,neighbor,True,PASS_IMPLEMENTED_PROJECT_CHECKS,9715.3405000000,8757.4480000000,0.2000000000,0.5000000000,0.3000000000,3.0000000000,0.7000000000,102,112,100,111,103,110
4200,neighbor,False,MINIMUM_MAIN_STEEL,999999999.0000000000,8757.4480000000,0.2000000000,0.5000000000,0.3000000000,3.0000000000,0.7000000000,101,113,100,111,103,113
4201,neighbor,False,ENVELOPE_BASE_CONTACT,999999999.0000000000,8757.4480000000,0.2000000000,0.5000000000,0.3000000000,2.5000000000,0.7000000000,102,112,102,112,104,112
4202,neighbor,False,MINIMUM_MAIN_STEEL,999999999.0000000000,8757.4480000000,0.2000000000,0.5000000000,0.3000000000,3.5000000000,0.5000000000,102,112,102,113,100,113
4203,neighbor,True,PASS_IMPLEMENTED_PROJECT_CHECKS,8757.4480000000,8757.4480000000,0.2000000000,0.5000000000,0.3000000000,3.0000000000,0.7000000000,102,112,100,111,103,113
4204,neighbor,True,PASS_IMPLEMENTED_PROJECT_CHECKS,9247.0375000000,8757.4480000000,0.2000000000,0.5000000000,0.3000000000,3.0000000000,0.7000000000,102,112,103,110,103,113
4205,neighbor,True,PASS_IMPLEMENTED_PROJECT_CHECKS,8787.0640000000,8757.4480000000,0.2000000000,0.5000000000,0.3000000000,3.0000000000,0.7000000000,102,112,101,112,103,113
4206,neighbor,False,MINIMUM_MAIN_STEEL,999999999.0000000000,8757.4480000000,0.2000000000,0.5500000000,0.4000000000,2.5000000000,0.7000000000,101,112,102,110,102,113
4207,neighbor,False,MINIMUM_MAIN_STEEL,999999999.0000000000,8757.4480000000,0.2000000000,0.5000000000,0.3000000000,3.0000000000,0.7000000000,100,111,100,111,103,113
4208,neighbor,False,MINIMUM_MAIN_STEEL,999999999.0000000000,8757.4480000000,0.2000000000,0.5000000000,0.3000000000,3.0000000000,0.7000000000,100,113,100,111,103,113
4209,neighbor,False,MAXIMUM_MAIN_STEEL,999999999.0000000000,8757.4480000000,0.2000000000,0.4000000000,0.3000000000,3.0000000000,0.7000000000,103,110,100,111,103,113
4210,neighbor,True,PASS_IMPLEMENTED_PROJECT_CHECKS,9731.7734120000,8757.4480000000,0.2000000000,0.5000000000,0.3500000000,3.0000000000,0.6000000000,102,112,104,113,103,111
4211,neighbor,False,MEMBER_FLEXURE,999999999.0000000000,8757.4480000000,0.2000000000,0.4000000000,0.3000000000,3.0000000000,0.7000000000,102,111,100,111,103,113
4212,neighbor,False,MAXIMUM_MAIN_STEEL,999999999.0000000000,8757.4480000000,0.2000000000,0.5000000000,0.3000000000,3.0000000000,0.7000000000,103,111,100,111,103,113
4213,neighbor,False,MINIMUM_MAIN_STEEL,999999999.0000000000,8757.4480000000,0.2000000000,0.5000000000,0.3000000000,3.0000000000,0.7000000000,100,111,100,111,103,113
4214,neighbor,True,PASS_IMPLEMENTED_PROJECT_CHECKS,9247.0375000000,8757.4480000000,0.2000000000,0.5000000000,0.3000000000,3.0000000000,0.7000000000,102,112,103,110,103,113
4215,neighbor,True,PASS_IMPLEMENTED_PROJECT_CHECKS,9031.3960000000,8757.4480000000,0.2000000000,0.5000000000,0.3000000000,3.0000000000,0.7000000000,102,112,104,112,103,113
4216,neighbor,True,PASS_IMPLEMENTED_PROJECT_CHECKS,8957.8187500000,8757.4480000000,0.2000000000,0.5000000000,0.3000000000,3.0000000000,0.7000000000,102,112,103,112,103,113
4217,neighbor,True,PASS_IMPLEMENTED_PROJECT_CHECKS,9503.0155000000,8757.4480000000,0.2000000000,0.5500000000,0.3000000000,3.0000000000,0.7000000000,102,111,100,111,103,113
4218,neighbor,True,PASS_IMPLEMENTED_PROJECT_CHECKS,8757.4480000000,8757.4480000000,0.2000000000,0.5000000000,0.3000000000,3.0000000000,0.7000000000,102,112,100,111,103,113
4219,neighbor,True,PASS_IMPLEMENTED_PROJECT_CHECKS,8905.5280000000,8757.4480000000,0.2000000000,0.5000000000,0.3000000000,3.0000000000,0.7000000000,102,112,101,110,103,113
4220,neighbor,False,ENVELOPE_BASE_CONTACT,999999999.0000000000,8757.4480000000,0.2000000000,0.5000000000,0.3000000000,2.5000000000,0.9000000000,102,112,103,113,104,112
4221,neighbor,True,PASS_IMPLEMENTED_PROJECT_CHECKS,9152.3280000000,8757.4480000000,0.2000000000,0.5000000000,0.3000000000,3.0000000000,0.7000000000,102,112,104,111,103,113
4222,neighbor,True,PASS_IMPLEMENTED_PROJECT_CHECKS,11226.3440080000,8757.4480000000,0.2000000000,0.5000000000,0.4500000000,3.5000000000,0.7000000000,102,112,103,110,104,113
4223,neighbor,True,PASS_IMPLEMENTED_PROJECT_CHECKS,9140.6050000000,8757.4480000000,0.2000000000,0.5000000000,0.3000000000,3.0000000000,0.7000000000,102,112,100,111,102,110
4224,neighbor,False,MINIMUM_MAIN_STEEL,999999999.0000000000,8757.4480000000,0.2000000000,0.4500000000,0.5500000000,3.5000000000,0.6000000000,104,113,100,113,102,113
4225,neighbor,False,MINIMUM_MAIN_STEEL,999999999.0000000000,8757.4480000000,0.2000000000,0.6000000000,0.5000000000,3.5000000000,0.5000000000,104,110,103,112,100,111
4226,neighbor,True,PASS_IMPLEMENTED_PROJECT_CHECKS,8772.7742800000,8757.4480000000,0.2000000000,0.5000000000,0.3000000000,3.0000000000,0.7000000000,102,112,100,111,101,110
4227,neighbor,False,ENVELOPE_BASE_CONTACT,999999999.0000000000,8757.4480000000,0.2250000000,0.5500000000,0.3000000000,2.5000000000,0.6000000000,103,110,103,113,104,111
4228,neighbor,True,PASS_IMPLEMENTED_PROJECT_CHECKS,9535.4603200000,8757.4480000000,0.2000000000,0.5000000000,0.3000000000,3.0000000000,0.7000000000,104,113,100,111,103,113
4229,neighbor,False,MEMBER_FLEXURE,999999999.0000000000,8757.4480000000,0.2000000000,0.5000000000,0.3000000000,3.0000000000,0.7000000000,102,112,100,111,102,113
4230,neighbor,False,MINIMUM_MAIN_STEEL,999999999.0000000000,8757.4480000000,0.2000000000,0.5000000000,0.5000000000,2.5000000000,0.6000000000,102,112,100,112,103,110
4231,neighbor,True,PASS_IMPLEMENTED_PROJECT_CHECKS,8757.4480000000,8757.4480000000,0.2000000000,0.5000000000,0.3000000000,3.0000000000,0.7000000000,102,112,100,111,103,113
4232,neighbor,True,PASS_IMPLEMENTED_PROJECT_CHECKS,9031.3960000000,8757.4480000000,0.2000000000,0.5000000000,0.3000000000,3.0000000000,0.7000000000,102,112,104,112,103,113
4233,neighbor,False,MINIMUM_MAIN_STEEL,999999999.0000000000,8757.4480000000,0.2250000000,0.5000000000,0.4000000000,3.5000000000,0.5000000000,101,111,101,113,103,113
4234,neighbor,False,MAXIMUM_MAIN_STEEL,999999999.0000000000,8757.4480000000,0.2000000000,0.5000000000,0.3000000000,3.0000000000,0.7000000000,104,112,100,111,103,113
4235,neighbor,True,PASS_IMPLEMENTED_PROJECT_CHECKS,8816.6800000000,8757.4480000000,0.2000000000,0.5000000000,0.3000000000,3.0000000000,0.7000000000,102,112,102,113,103,113
4236,neighbor,True,PASS_IMPLEMENTED_PROJECT_CHECKS,8917.0967500000,8757.4480000000,0.2000000000,0.5000000000,0.3000000000,3.0000000000,0.7000000000,102,112,100,111,103,112
4237,neighbor,False,MINIMUM_MAIN_STEEL,999999999.0000000000,8757.4480000000,0.2000000000,0.5000000000,0.3000000000,3.0000000000,0.7000000000,102,112,100,112,103,113
4238,neighbor,False,MINIMUM_MAIN_STEEL,999999999.0000000000,8757.4480000000,0.2000000000,0.5000000000,0.3500000000,3.0000000000,0.8000000000,102,112,101,112,100,113
4239,neighbor,True,PASS_IMPLEMENTED_PROJECT_CHECKS,10744.7249600000,8757.4480000000,0.2000000000,0.5000000000,0.5000000000,3.0000000000,0.7000000000,102,112,103,111,104,112
4240,neighbor,True,PASS_IMPLEMENTED_PROJECT_CHECKS,8757.4480000000,8757.4480000000,0.2000000000,0.5000000000,0.3000000000,3.0000000000,0.7000000000,102,112,100,111,103,113
4241,neighbor,False,MINIMUM_MAIN_STEEL,999999999.0000000000,8757.4480000000,0.2000000000,0.4500000000,0.5000000000,3.0000000000,0.8000000000,100,113,100,111,100,113
4242,neighbor,False,MINIMUM_MAIN_STEEL,999999999.0000000000,8757.4480000000,0.2250000000,0.4000000000,0.3000000000,2.5000000000,0.7000000000,101,112,102,111,101,113
4243,neighbor,False,ENVELOPE_BASE_CONTACT,999999999.0000000000,8757.4480000000,0.2000000000,0.5000000000,0.3000000000,2.5000000000,0.5000000000,102,112,103,113,101,112
4244,neighbor,False,MEMBER_FLEXURE,999999999.0000000000,8757.4480000000,0.2000000000,0.5000000000,0.3000000000,3.0000000000,0.7000000000,102,112,100,111,100,110
4245,neighbor,True,PASS_IMPLEMENTED_PROJECT_CHECKS,9715.3405000000,8757.4480000000,0.2000000000,0.5000000000,0.3000000000,3.0000000000,0.7000000000,102,112,100,111,103,110
4246,neighbor,True,PASS_IMPLEMENTED_PROJECT_CHECKS,8772.7742800000,8757.4480000000,0.2000000000,0.5000000000,0.3000000000,3.0000000000,0.7000000000,102,112,100,111,101,110
4247,neighbor,False,ENVELOPE_BASE_CONTACT,999999999.0000000000,8757.4480000000,0.2500000000,0.6000000000,0.3000000000,2.5000000000,0.7000000000,104,112,103,111,101,111
4248,neighbor,False,MAXIMUM_MAIN_STEEL,999999999.0000000000,8757.4480000000,0.2000000000,0.4000000000,0.3000000000,3.0000000000,0.7000000000,103,110,100,111,103,113
4249,neighbor,True,PASS_IMPLEMENTED_PROJECT_CHECKS,9038.8000000000,8757.4480000000,0.2000000000,0.5000000000,0.3000000000,3.0000000000,0.7000000000,102,112,102,110,103,113
4250,neighbor,True,PASS_IMPLEMENTED_PROJECT_CHECKS,9099.8830000000,8757.4480000000,0.2000000000,0.5000000000,0.3000000000,3.0000000000,0.7000000000,103,113,100,111,103,113
4251,neighbor,True,PASS_IMPLEMENTED_PROJECT_CHECKS,8853.7000000000,8757.4480000000,0.2000000000,0.5000000000,0.3000000000,3.0000000000,0.7000000000,102,112,102,112,103,113
4252,neighbor,True,PASS_IMPLEMENTED_PROJECT_CHECKS,10280.9367500000,8757.4480000000,0.2250000000,0.5000000000,0.3000000000,3.0000000000,0.7000000000,102,110,100,111,103,113
4253,neighbor,True,PASS_IMPLEMENTED_PROJECT_CHECKS,9247.0375000000,8757.4480000000,0.2000000000,0.5000000000,0.3000000000,3.0000000000,0.7000000000,102,112,103,110,103,113
4254,neighbor,True,PASS_IMPLEMENTED_PROJECT_CHECKS,9054.2250000000,8757.4480000000,0.2000000000,0.5000000000,0.3000000000,3.0000000000,0.7000000000,102,112,103,111,103,113
4255,neighbor,False,MINIMUM_MAIN_STEEL,999999999.0000000000,8757.4480000000,0.2500000000,0.4500000000,0.3500000000,3.0000000000,0.9000000000,100,111,101,113,100,112
4256,neighbor,False,MINIMUM_MAIN_STEEL,999999999.0000000000,8757.4480000000,0.2000000000,0.5000000000,0.3000000000,3.0000000000,0.7000000000,102,112,100,112,102,110
4257,neighbor,False,MINIMUM_MAIN_STEEL,999999999.0000000000,8757.4480000000,0.2000000000,0.5000000000,0.5000000000,2.5000000000,0.6000000000,102,112,100,113,100,110
4258,neighbor,False,MEMBER_FLEXURE,999999999.0000000000,8757.4480000000,0.2000000000,0.5000000000,0.3000000000,3.0000000000,0.7000000000,102,112,100,111,102,113
4259,neighbor,False,MAXIMUM_MAIN_STEEL,999999999.0000000000,8757.4480000000,0.2500000000,0.5000000000,0.4000000000,3.5000000000,0.8000000000,104,111,103,112,104,111
4260,neighbor,False,MINIMUM_MAIN_STEEL,999999999.0000000000,8757.4480000000,0.2000000000,0.6000000000,0.3000000000,3.0000000000,0.7000000000,102,113,100,111,103,113
4261,neighbor,False,MINIMUM_MAIN_STEEL,999999999.0000000000,8757.4480000000,0.2000000000,0.4000000000,0.4000000000,3.0000000000,0.6000000000,100,113,102,111,102,110
4262,neighbor,True,PASS_IMPLEMENTED_PROJECT_CHECKS,9099.8830000000,8757.4480000000,0.2000000000,0.5000000000,0.3000000000,3.0000000000,0.7000000000,103,113,100,111,103,113
4263,neighbor,True,PASS_IMPLEMENTED_PROJECT_CHECKS,8772.7742800000,8757.4480000000,0.2000000000,0.5000000000,0.3000000000,3.0000000000,0.7000000000,102,112,100,111,101,110
4264,neighbor,False,ENVELOPE_BASE_CONTACT,999999999.0000000000,8757.4480000000,0.2000000000,0.5000000000,0.3500000000,2.5000000000,0.9000000000,103,110,101,113,101,111
4265,neighbor,True,PASS_IMPLEMENTED_PROJECT_CHECKS,8816.6800000000,8757.4480000000,0.2000000000,0.5000000000,0.3000000000,3.0000000000,0.7000000000,102,112,102,113,103,113
4266,neighbor,False,MAXIMUM_MAIN_STEEL,999999999.0000000000,8757.4480000000,0.2500000000,0.6000000000,0.3000000000,3.0000000000,0.7000000000,104,110,100,111,103,113
4267,neighbor,False,MINIMUM_MAIN_STEEL,999999999.0000000000,8757.4480000000,0.2000000000,0.4000000000,0.3000000000,3.5000000000,0.8000000000,100,113,103,113,100,113
4268,neighbor,False,MINIMUM_MAIN_STEEL,999999999.0000000000,8757.4480000000,0.2000000000,0.5000000000,0.3000000000,2.5000000000,0.9000000000,100,113,103,112,101,112
4269,neighbor,False,ENVELOPE_BASE_CONTACT,999999999.0000000000,8757.4480000000,0.2000000000,0.5000000000,0.3000000000,2.5000000000,0.8000000000,102,112,101,111,100,110
4270,neighbor,True,PASS_IMPLEMENTED_PROJECT_CHECKS,9970.6630000000,8757.4480000000,0.2250000000,0.5500000000,0.3000000000,3.0000000000,0.7000000000,103,112,100,111,103,113
4271,neighbor,False,MINIMUM_MAIN_STEEL,999999999.0000000000,8757.4480000000,0.2500000000,0.6000000000,0.3000000000,3.0000000000,0.7000000000,100,112,100,111,103,113
4272,neighbor,False,MINIMUM_MAIN_STEEL,999999999.0000000000,8757.4480000000,0.2000000000,0.5000000000,0.3000000000,3.0000000000,0.7000000000,101,113,100,111,103,113
4273,neighbor,False,MINIMUM_MAIN_STEEL,999999999.0000000000,8757.4480000000,0.2000000000,0.5000000000,0.3000000000,2.5000000000,0.8000000000,102,112,101,112,100,113
4274,neighbor,True,PASS_IMPLEMENTED_PROJECT_CHECKS,9715.3405000000,8757.4480000000,0.2000000000,0.5000000000,0.3000000000,3.0000000000,0.7000000000,102,112,100,111,103,110
4275,neighbor,True,PASS_IMPLEMENTED_PROJECT_CHECKS,9214.0280000000,8757.4480000000,0.2000000000,0.5000000000,0.3000000000,3.0000000000,0.7000000000,102,111,100,111,103,113
4276,neighbor,True,PASS_IMPLEMENTED_PROJECT_CHECKS,9140.9752000000,8757.4480000000,0.2000000000,0.5000000000,0.3000000000,3.0000000000,0.7000000000,101,110,100,111,103,113
4277,neighbor,False,MINIMUM_MAIN_STEEL,999999999.0000000000,8757.4480000000,0.2000000000,0.5500000000,0.3000000000,3.0000000000,0.7000000000,100,113,100,111,103,113
4278,neighbor,True,PASS_IMPLEMENTED_PROJECT_CHECKS,8917.0967500000,8757.4480000000,0.2000000000,0.5000000000,0.3000000000,3.0000000000,0.7000000000,102,112,100,111,103,112
4279,neighbor,True,PASS_IMPLEMENTED_PROJECT_CHECKS,8800.0210000000,8757.4480000000,0.2000000000,0.5000000000,0.3000000000,3.0000000000,0.7000000000,102,112,100,111,102,111
4280,neighbor,False,MINIMUM_MAIN_STEEL,999999999.0000000000,8757.4480000000,0.2000000000,0.5500000000,0.3000000000,3.0000000000,0.6000000000,101,110,103,111,100,112
4281,neighbor,True,PASS_IMPLEMENTED_PROJECT_CHECKS,9715.3405000000,8757.4480000000,0.2000000000,0.5000000000,0.3000000000,3.0000000000,0.7000000000,102,112,100,111,103,110
4282,neighbor,True,PASS_IMPLEMENTED_PROJECT_CHECKS,8853.7000000000,8757.4480000000,0.2000000000,0.5000000000,0.3000000000,3.0000000000,0.7000000000,102,112,102,112,103,113
4283,neighbor,False,MEMBER_FLEXURE,999999999.0000000000,8757.4480000000,0.2000000000,0.5000000000,0.3000000000,3.0000000000,0.7000000000,102,112,100,111,100,110
4284,neighbor,False,MAXIMUM_MAIN_STEEL,999999999.0000000000,8757.4480000000,0.2000000000,0.5500000000,0.4500000000,3.0000000000,0.9000000000,104,111,104,112,101,111
4285,neighbor,True,PASS_IMPLEMENTED_PROJECT_CHECKS,8982.5147920000,8757.4480000000,0.2000000000,0.5000000000,0.3000000000,3.0000000000,0.9000000000,102,112,102,112,104,113
4286,neighbor,False,MEMBER_FLEXURE,999999999.0000000000,8757.4480000000,0.2000000000,0.5000000000,0.3000000000,3.5000000000,0.8000000000,102,112,101,110,102,113
4287,neighbor,False,ENVELOPE_BASE_CONTACT,999999999.0000000000,8757.4480000000,0.2000000000,0.6000000000,0.3000000000,2.5000000000,0.6000000000,101,110,101,111,104,113
4288,neighbor,False,MINIMUM_MAIN_STEEL,999999999.0000000000,8757.4480000000,0.2000000000,0.5000000000,0.5500000000,3.5000000000,0.6000000000,102,112,101,113,104,111
4289,neighbor,False,MINIMUM_MAIN_STEEL,999999999.0000000000,8757.4480000000,0.2250000000,0.5500000000,0.4000000000,2.5000000000,0.8000000000,100,112,102,111,102,112
4290,neighbor,False,MINIMUM_MAIN_STEEL,999999999.0000000000,8757.4480000000,0.2000000000,0.6000000000,0.3000000000,2.5000000000,0.7000000000,100,110,103,112,102,111
4291,neighbor,True,PASS_IMPLEMENTED_PROJECT_CHECKS,8958.8368000000,8757.4480000000,0.2000000000,0.5000000000,0.3000000000,3.0000000000,0.7000000000,102,112,104,113,103,113
4292,neighbor,False,MAXIMUM_MAIN_STEEL,999999999.0000000000,8757.4480000000,0.2000000000,0.5000000000,0.3000000000,3.0000000000,0.7000000000,104,110,100,111,103,113
4293,neighbor,False,ENVELOPE_BASE_CONTACT,999999999.0000000000,8757.4480000000,0.2000000000,0.5000000000,0.3000000000,2.5000000000,0.9000000000,102,112,101,113,103,113
4294,neighbor,False,MINIMUM_MAIN_STEEL,999999999.0000000000,8757.4480000000,0.2000000000,0.5000000000,0.3000000000,3.0000000000,0.7000000000,102,112,100,111,100,112
4295,neighbor,False,MINIMUM_MAIN_STEEL,999999999.0000000000,8757.4480000000,0.2000000000,0.5000000000,0.3000000000,3.0000000000,0.7000000000,102,112,100,112,103,113
4296,neighbor,False,MINIMUM_MAIN_STEEL,999999999.0000000000,8757.4480000000,0.2000000000,0.5000000000,0.3000000000,3.0000000000,0.7000000000,102,112,100,113,103,113
4297,neighbor,False,MEMBER_FLEXURE,999999999.0000000000,8757.4480000000,0.2250000000,0.4000000000,0.3000000000,3.0000000000,0.7000000000,102,111,100,111,103,113
4298,neighbor,False,MINIMUM_MAIN_STEEL,999999999.0000000000,8757.4480000000,0.2000000000,0.5000000000,0.3000000000,3.0000000000,0.7000000000,100,110,100,111,103,113
4299,neighbor,True,PASS_IMPLEMENTED_PROJECT_CHECKS,9535.4603200000,8757.4480000000,0.2000000000,0.5000000000,0.3000000000,3.0000000000,0.7000000000,104,113,100,111,103,113
4300,neighbor,False,MINIMUM_MAIN_STEEL,999999999.0000000000,8757.4480000000,0.2250000000,0.5000000000,0.4000000000,2.5000000000,0.6000000000,100,113,104,111,101,110
4301,neighbor,True,PASS_IMPLEMENTED_PROJECT_CHECKS,8905.5280000000,8757.4480000000,0.2000000000,0.5000000000,0.3000000000,3.0000000000,0.7000000000,102,112,101,110,103,113
4302,neighbor,False,MINIMUM_MAIN_STEEL,999999999.0000000000,8757.4480000000,0.2250000000,0.5500000000,0.3000000000,3.0000000000,0.7000000000,100,110,100,111,103,113
4303,neighbor,False,STEM_STRESS_OR_INTERVAL_BOUND,999999999.0000000000,8757.4480000000,0.2000000000,0.4500000000,0.3000000000,3.0000000000,0.7000000000,102,112,100,111,103,113
4304,neighbor,False,STEM_STRESS_OR_INTERVAL_BOUND,999999999.0000000000,8757.4480000000,0.2000000000,0.4500000000,0.3000000000,3.0000000000,0.7000000000,101,111,100,111,103,113
4305,neighbor,False,MINIMUM_MAIN_STEEL,999999999.0000000000,8757.4480000000,0.2000000000,0.4500000000,0.3000000000,3.0000000000,0.5000000000,100,111,101,110,102,111
4306,neighbor,True,PASS_IMPLEMENTED_PROJECT_CHECKS,8917.0967500000,8757.4480000000,0.2000000000,0.5000000000,0.3000000000,3.0000000000,0.7000000000,102,112,100,111,103,112
4307,neighbor,True,PASS_IMPLEMENTED_PROJECT_CHECKS,9429.9627000000,8757.4480000000,0.2000000000,0.5500000000,0.3000000000,3.0000000000,0.7000000000,101,110,100,111,103,113
4308,neighbor,False,MEMBER_FLEXURE,999999999.0000000000,8757.4480000000,0.2000000000,0.5000000000,0.3000000000,3.0000000000,0.7000000000,102,112,100,111,101,112
4309,neighbor,True,PASS_IMPLEMENTED_PROJECT_CHECKS,9140.6050000000,8757.4480000000,0.2000000000,0.5000000000,0.3000000000,3.0000000000,0.7000000000,102,112,100,111,102,110
4310,neighbor,True,PASS_IMPLEMENTED_PROJECT_CHECKS,9031.3960000000,8757.4480000000,0.2000000000,0.5000000000,0.3000000000,3.0000000000,0.7000000000,102,112,104,112,103,113
4311,neighbor,True,PASS_IMPLEMENTED_PROJECT_CHECKS,9535.4603200000,8757.4480000000,0.2000000000,0.5000000000,0.3000000000,3.0000000000,0.7000000000,104,113,100,111,103,113
4312,neighbor,True,PASS_IMPLEMENTED_PROJECT_CHECKS,8919.9065680000,8757.4480000000,0.2000000000,0.5000000000,0.3000000000,3.0000000000,0.7000000000,102,112,100,111,104,113
4313,neighbor,False,MINIMUM_MAIN_STEEL,999999999.0000000000,8757.4480000000,0.2250000000,0.4000000000,0.3000000000,3.0000000000,0.7000000000,100,111,100,111,103,113
4314,neighbor,True,PASS_IMPLEMENTED_PROJECT_CHECKS,9214.0280000000,8757.4480000000,0.2000000000,0.5000000000,0.3000000000,3.0000000000,0.7000000000,102,111,100,111,103,113
4315,neighbor,False,MAXIMUM_MAIN_STEEL,999999999.0000000000,8757.4480000000,0.2000000000,0.5500000000,0.3000000000,3.0000000000,0.7000000000,102,110,100,111,103,113
4316,neighbor,False,MAXIMUM_MAIN_STEEL,999999999.0000000000,8757.4480000000,0.2000000000,0.5000000000,0.3000000000,3.0000000000,0.7000000000,102,112,100,111,104,110
4317,neighbor,True,PASS_IMPLEMENTED_PROJECT_CHECKS,8853.7000000000,8757.4480000000,0.2000000000,0.5000000000,0.3000000000,3.0000000000,0.7000000000,102,112,102,112,103,113
4318,neighbor,False,MINIMUM_MAIN_STEEL,999999999.0000000000,8757.4480000000,0.2000000000,0.5000000000,0.3000000000,2.5000000000,0.5000000000,102,112,103,111,100,112
4319,neighbor,False,MINIMUM_MAIN_STEEL,999999999.0000000000,8757.4480000000,0.2000000000,0.5000000000,0.3000000000,3.0000000000,0.7000000000,102,113,100,111,103,113
4320,neighbor,False,MINIMUM_MAIN_STEEL,999999999.0000000000,8757.4480000000,0.2250000000,0.5500000000,0.3000000000,3.5000000000,0.8000000000,100,110,103,113,101,112
4321,neighbor,False,MAXIMUM_MAIN_STEEL,999999999.0000000000,8757.4480000000,0.2000000000,0.4500000000,0.3000000000,3.5000000000,0.7000000000,103,111,102,112,102,112
4322,neighbor,False,MEMBER_FLEXURE,999999999.0000000000,8757.4480000000,0.2250000000,0.4000000000,0.3000000000,3.0000000000,0.7000000000,103,112,100,111,103,113
4323,neighbor,False,MEMBER_FLEXURE,999999999.0000000000,8757.4480000000,0.2000000000,0.5500000000,0.3000000000,3.0000000000,0.7000000000,104,113,101,112,102,113
4324,neighbor,True,PASS_IMPLEMENTED_PROJECT_CHECKS,10099.5005000000,8757.4480000000,0.2500000000,0.6000000000,0.3000000000,3.0000000000,0.7000000000,102,111,100,111,103,113
4325,neighbor,True,PASS_IMPLEMENTED_PROJECT_CHECKS,8957.8187500000,8757.4480000000,0.2000000000,0.5000000000,0.3000000000,3.0000000000,0.7000000000,102,112,103,112,103,113
4326,neighbor,False,ENVELOPE_BASE_CONTACT,999999999.0000000000,8757.4480000000,0.2000000000,0.5000000000,0.5000000000,2.5000000000,0.7000000000,102,112,104,111,104,113
4327,neighbor,False,MINIMUM_MAIN_STEEL,999999999.0000000000,8757.4480000000,0.2000000000,0.6000000000,0.3000000000,3.5000000000,0.6000000000,101,111,102,112,102,113
4328,neighbor,False,MINIMUM_MAIN_STEEL,999999999.0000000000,8757.4480000000,0.2000000000,0.5000000000,0.3000000000,3.0000000000,0.7000000000,100,112,100,111,103,113
4329,neighbor,True,PASS_IMPLEMENTED_PROJECT_CHECKS,9214.0280000000,8757.4480000000,0.2000000000,0.5000000000,0.3000000000,3.0000000000,0.7000000000,102,111,100,111,103,113
4330,neighbor,False,MINIMUM_MAIN_STEEL,999999999.0000000000,8757.4480000000,0.2000000000,0.5000000000,0.3000000000,3.0000000000,0.7000000000,101,113,100,111,103,113
4331,neighbor,False,MEMBER_FLEXURE,999999999.0000000000,8757.4480000000,0.2000000000,0.5000000000,0.3000000000,3.5000000000,0.7000000000,102,112,101,110,101,113
4332,neighbor,False,MAXIMUM_MAIN_STEEL,999999999.0000000000,8757.4480000000,0.2000000000,0.5500000000,0.3000000000,3.0000000000,0.8000000000,102,110,102,110,104,113
4333,neighbor,False,MINIMUM_MAIN_STEEL,999999999.0000000000,8757.4480000000,0.2000000000,0.5000000000,0.3000000000,3.0000000000,0.7000000000,101,113,100,111,103,113
4334,neighbor,True,PASS_IMPLEMENTED_PROJECT_CHECKS,8801.8720000000,8757.4480000000,0.2000000000,0.5000000000,0.3000000000,3.0000000000,0.7000000000,102,112,100,110,103,113
4335,neighbor,False,MINIMUM_MAIN_STEEL,999999999.0000000000,8757.4480000000,0.2500000000,0.5000000000,0.3000000000,3.5000000000,0.6000000000,100,111,104,111,100,111
4336,neighbor,True,PASS_IMPLEMENTED_PROJECT_CHECKS,9140.9752000000,8757.4480000000,0.2000000000,0.5000000000,0.3000000000,3.0000000000,0.7000000000,101,110,100,111,103,113
4337,neighbor,False,MAXIMUM_MAIN_STEEL,999999999.0000000000,8757.4480000000,0.2000000000,0.4000000000,0.3500000000,3.0000000000,0.8000000000,103,111,100,111,101,110
4338,neighbor,True,PASS_IMPLEMENTED_PROJECT_CHECKS,8763.3712000000,8757.4480000000,0.2000000000,0.5000000000,0.3000000000,3.0000000000,0.7000000000,102,112,101,113,103,113
4339,neighbor,True,PASS_IMPLEMENTED_PROJECT_CHECKS,8757.4480000000,8757.4480000000,0.2000000000,0.5000000000,0.3000000000,3.0000000000,0.7000000000,102,112,100,111,103,113
4340,neighbor,False,MAXIMUM_MAIN_STEEL,999999999.0000000000,8757.4480000000,0.2000000000,0.5000000000,0.3000000000,3.0000000000,0.7000000000,104,110,100,111,103,113
4341,neighbor,True,PASS_IMPLEMENTED_PROJECT_CHECKS,8915.4000000000,8757.4480000000,0.2000000000,0.5000000000,0.3000000000,3.0000000000,0.7000000000,102,112,102,111,103,113
4342,neighbor,True,PASS_IMPLEMENTED_PROJECT_CHECKS,11022.3119800000,8757.4480000000,0.2000000000,0.5000000000,0.4500000000,3.5000000000,0.8000000000,102,112,104,112,104,113
4343,neighbor,False,MAXIMUM_MAIN_STEEL,999999999.0000000000,8757.4480000000,0.2000000000,0.6000000000,0.3000000000,3.5000000000,0.6000000000,103,110,104,113,103,112
4344,neighbor,True,PASS_IMPLEMENTED_PROJECT_CHECKS,9535.4603200000,8757.4480000000,0.2000000000,0.5000000000,0.3000000000,3.0000000000,0.7000000000,104,113,100,111,103,113
4345,neighbor,False,MAXIMUM_MAIN_STEEL,999999999.0000000000,8757.4480000000,0.2250000000,0.5000000000,0.3000000000,3.0000000000,0.7000000000,103,110,100,111,103,113
4346,neighbor,False,MINIMUM_MAIN_STEEL,999999999.0000000000,8757.4480000000,0.2000000000,0.6000000000,0.4000000000,2.5000000000,0.8000000000,100,110,104,112,100,111
4347,neighbor,False,MEMBER_FLEXURE,999999999.0000000000,8757.4480000000,0.2000000000,0.5000000000,0.3000000000,3.0000000000,0.7000000000,102,112,100,111,101,112
4348,neighbor,False,MINIMUM_MAIN_STEEL,999999999.0000000000,8757.4480000000,0.2000000000,0.5000000000,0.3000000000,3.0000000000,0.7000000000,101,113,100,111,103,113
4349,neighbor,True,PASS_IMPLEMENTED_PROJECT_CHECKS,8853.7000000000,8757.4480000000,0.2000000000,0.5000000000,0.3000000000,3.0000000000,0.7000000000,102,112,102,112,103,113
4350,neighbor,True,PASS_IMPLEMENTED_PROJECT_CHECKS,9031.3960000000,8757.4480000000,0.2000000000,0.5000000000,0.3000000000,3.0000000000,0.7000000000,102,112,104,112,103,113
4351,neighbor,True,PASS_IMPLEMENTED_PROJECT_CHECKS,10834.7165000000,8757.4480000000,0.2000000000,0.5000000000,0.3000000000,3.5000000000,0.5000000000,102,112,102,111,103,110
4352,neighbor,False,MINIMUM_MAIN_STEEL,999999999.0000000000,8757.4480000000,0.2000000000,0.5000000000,0.4500000000,3.5000000000,0.8000000000,102,112,100,111,101,110
4353,neighbor,True,PASS_IMPLEMENTED_PROJECT_CHECKS,9535.4603200000,8757.4480000000,0.2000000000,0.5000000000,0.3000000000,3.0000000000,0.7000000000,104,113,100,111,103,113
4354,neighbor,False,MEMBER_FLEXURE,999999999.0000000000,8757.4480000000,0.2000000000,0.5000000000,0.3000000000,3.0000000000,0.6000000000,102,112,102,111,101,112
4355,neighbor,False,ENVELOPE_BASE_CONTACT,999999999.0000000000,8757.4480000000,0.2000000000,0.5000000000,0.3000000000,2.5000000000,0.9000000000,102,112,104,112,104,110
4356,neighbor,True,PASS_IMPLEMENTED_PROJECT_CHECKS,12362.8400200000,8757.4480000000,0.2000000000,0.5000000000,0.5000000000,3.5000000000,0.6000000000,102,112,101,110,103,110
4357,neighbor,True,PASS_IMPLEMENTED_PROJECT_CHECKS,11794.2160000000,8757.4480000000,0.2000000000,0.5000000000,0.4500000000,3.5000000000,0.9000000000,102,112,103,113,103,110
4358,neighbor,True,PASS_IMPLEMENTED_PROJECT_CHECKS,8957.8187500000,8757.4480000000,0.2000000000,0.5000000000,0.3000000000,3.0000000000,0.7000000000,102,112,103,112,103,113
4359,neighbor,True,PASS_IMPLEMENTED_PROJECT_CHECKS,8800.0210000000,8757.4480000000,0.2000000000,0.5000000000,0.3000000000,3.0000000000,0.7000000000,102,112,100,111,102,111
4360,neighbor,False,MINIMUM_MAIN_STEEL,999999999.0000000000,8757.4480000000,0.2000000000,0.5000000000,0.3000000000,3.0000000000,0.7000000000,101,113,100,111,103,113
4361,neighbor,True,PASS_IMPLEMENTED_PROJECT_CHECKS,8757.4480000000,8757.4480000000,0.2000000000,0.5000000000,0.3000000000,3.0000000000,0.7000000000,102,112,100,111,103,113
4362,neighbor,False,MAXIMUM_MAIN_STEEL,999999999.0000000000,8757.4480000000,0.2500000000,0.5500000000,0.4000000000,3.5000000000,0.8000000000,103,110,103,113,102,112
4363,neighbor,False,MINIMUM_MAIN_STEEL,999999999.0000000000,8757.4480000000,0.2000000000,0.5000000000,0.3000000000,3.0000000000,0.7000000000,100,110,100,111,103,113
4364,neighbor,False,MINIMUM_MAIN_STEEL,999999999.0000000000,8757.4480000000,0.2000000000,0.4000000000,0.3000000000,2.5000000000,0.5000000000,101,110,102,112,100,113
4365,neighbor,False,MINIMUM_MAIN_STEEL,999999999.0000000000,8757.4480000000,0.2000000000,0.5500000000,0.3000000000,3.0000000000,0.8000000000,100,112,104,111,104,112
4366,neighbor,True,PASS_IMPLEMENTED_PROJECT_CHECKS,11785.0965200000,8757.4480000000,0.2000000000,0.5000000000,0.5500000000,3.0000000000,0.6000000000,102,112,104,111,103,110
4367,neighbor,False,MINIMUM_MAIN_STEEL,999999999.0000000000,8757.4480000000,0.2000000000,0.6000000000,0.4500000000,2.5000000000,0.6000000000,104,110,101,113,102,113
4368,neighbor,False,MAXIMUM_MAIN_STEEL,999999999.0000000000,8757.4480000000,0.2000000000,0.5000000000,0.3000000000,3.0000000000,0.7000000000,103,110,100,111,103,113
4369,neighbor,True,PASS_IMPLEMENTED_PROJECT_CHECKS,9099.8830000000,8757.4480000000,0.2000000000,0.5000000000,0.3000000000,3.0000000000,0.7000000000,103,113,100,111,103,113
4370,neighbor,True,PASS_IMPLEMENTED_PROJECT_CHECKS,9715.3405000000,8757.4480000000,0.2000000000,0.5000000000,0.3000000000,3.0000000000,0.7000000000,102,112,100,111,103,110
4371,neighbor,False,MINIMUM_MAIN_STEEL,999999999.0000000000,8757.4480000000,0.2000000000,0.5000000000,0.3000000000,3.0000000000,0.7000000000,100,113,100,111,103,113
4372,neighbor,True,PASS_IMPLEMENTED_PROJECT_CHECKS,8853.7000000000,8757.4480000000,0.2000000000,0.5000000000,0.3000000000,3.0000000000,0.7000000000,102,112,102,112,103,113
4373,neighbor,False,MAXIMUM_MAIN_STEEL,999999999.0000000000,8757.4480000000,0.2000000000,0.5000000000,0.3000000000,3.0000000000,0.7000000000,103,111,100,111,103,113
4374,neighbor,False,MEMBER_FLEXURE,999999999.0000000000,8757.4480000000,0.2000000000,0.5000000000,0.3000000000,3.0000000000,0.7000000000,102,112,100,111,102,112
4375,neighbor,True,PASS_IMPLEMENTED_PROJECT_CHECKS,12408.1525000000,8757.4480000000,0.2000000000,0.5000000000,0.5000000000,3.5000000000,0.8000000000,102,112,102,110,103,110
4376,neighbor,False,MAXIMUM_MAIN_STEEL,999999999.0000000000,8757.4480000000,0.2000000000,0.5000000000,0.3000000000,3.0000000000,0.7000000000,104,111,100,111,103,113
4377,neighbor,False,MEMBER_FLEXURE,999999999.0000000000,8757.4480000000,0.2000000000,0.4000000000,0.3000000000,3.0000000000,0.7000000000,101,110,100,111,103,113
4378,neighbor,False,MEMBER_FLEXURE,999999999.0000000000,8757.4480000000,0.2500000000,0.5000000000,0.3000000000,3.5000000000,0.5000000000,103,112,101,113,102,111
4379,neighbor,True,PASS_IMPLEMENTED_PROJECT_CHECKS,9120.1699600000,8757.4480000000,0.2000000000,0.5000000000,0.3000000000,3.0000000000,0.7000000000,102,112,100,111,104,112
4380,neighbor,False,MEMBER_FLEXURE,999999999.0000000000,8757.4480000000,0.2000000000,0.5000000000,0.3000000000,3.0000000000,0.5000000000,102,112,101,111,103,113
4381,neighbor,True,PASS_IMPLEMENTED_PROJECT_CHECKS,11690.9672200000,8757.4480000000,0.2000000000,0.5000000000,0.4500000000,3.5000000000,0.9000000000,102,112,103,111,104,111
4382,neighbor,False,MEMBER_FLEXURE,999999999.0000000000,8757.4480000000,0.2000000000,0.5000000000,0.3000000000,3.0000000000,0.8000000000,102,112,103,111,100,110
4383,neighbor,False,MINIMUM_MAIN_STEEL,999999999.0000000000,8757.4480000000,0.2000000000,0.5000000000,0.3000000000,3.0000000000,0.7000000000,101,112,100,111,103,113
4384,neighbor,True,PASS_IMPLEMENTED_PROJECT_CHECKS,8757.4480000000,8757.4480000000,0.2000000000,0.5000000000,0.3000000000,3.0000000000,0.7000000000,102,112,100,111,103,113
4385,neighbor,True,PASS_IMPLEMENTED_PROJECT_CHECKS,9140.9752000000,8757.4480000000,0.2000000000,0.5000000000,0.3000000000,3.0000000000,0.7000000000,101,110,100,111,103,113
4386,neighbor,True,PASS_IMPLEMENTED_PROJECT_CHECKS,8772.7742800000,8757.4480000000,0.2000000000,0.5000000000,0.3000000000,3.0000000000,0.7000000000,102,112,100,111,101,110
4387,neighbor,False,MINIMUM_MAIN_STEEL,999999999.0000000000,8757.4480000000,0.2500000000,0.5500000000,0.3000000000,3.0000000000,0.7000000000,100,111,100,111,103,113
4388,neighbor,False,MINIMUM_MAIN_STEEL,999999999.0000000000,8757.4480000000,0.2250000000,0.5500000000,0.5000000000,3.0000000000,0.7000000000,101,110,100,112,103,112
4389,neighbor,False,MINIMUM_MAIN_STEEL,999999999.0000000000,8757.4480000000,0.2000000000,0.6000000000,0.3000000000,2.5000000000,0.7000000000,100,111,100,110,103,112
4390,neighbor,True,PASS_IMPLEMENTED_PROJECT_CHECKS,9120.1699600000,8757.4480000000,0.2000000000,0.5000000000,0.3000000000,3.0000000000,0.7000000000,102,112,100,111,104,112
4391,neighbor,False,MINIMUM_MAIN_STEEL,999999999.0000000000,8757.4480000000,0.2000000000,0.5000000000,0.3000000000,3.0000000000,0.7000000000,102,113,100,111,103,113
4392,neighbor,True,PASS_IMPLEMENTED_PROJECT_CHECKS,8899.9750000000,8757.4480000000,0.2000000000,0.5000000000,0.3000000000,3.0000000000,0.7000000000,102,112,103,113,103,113
4393,neighbor,False,MINIMUM_MAIN_STEEL,999999999.0000000000,8757.4480000000,0.2000000000,0.4000000000,0.3000000000,2.5000000000,0.5000000000,101,113,100,113,101,111
4394,neighbor,False,MINIMUM_MAIN_STEEL,999999999.0000000000,8757.4480000000,0.2500000000,0.5500000000,0.5500000000,3.5000000000,0.5000000000,100,111,101,111,101,112
4395,neighbor,False,MEMBER_FLEXURE,999999999.0000000000,8757.4480000000,0.2000000000,0.5000000000,0.3000000000,3.0000000000,0.7000000000,102,112,100,111,100,111
4396,neighbor,True,PASS_IMPLEMENTED_PROJECT_CHECKS,12554.2215000000,8757.4480000000,0.2000000000,0.5500000000,0.5500000000,3.0000000000,0.5000000000,103,112,103,110,104,111
4397,neighbor,False,MINIMUM_MAIN_STEEL,999999999.0000000000,8757.4480000000,0.2000000000,0.5000000000,0.3000000000,3.0000000000,0.8000000000,102,112,101,111,100,112
4398,neighbor,True,PASS_IMPLEMENTED_PROJECT_CHECKS,11892.0566800000,8757.4480000000,0.2000000000,0.5000000000,0.5000000000,3.5000000000,0.7000000000,102,112,101,111,104,111
4399,neighbor,False,MAXIMUM_MAIN_STEEL,999999999.0000000000,8757.4480000000,0.2000000000,0.5000000000,0.3000000000,3.0000000000,0.7000000000,102,112,100,111,104,110
4400,neighbor,True,PASS_IMPLEMENTED_PROJECT_CHECKS,9367.7767500000,8757.4480000000,0.2250000000,0.5000000000,0.3000000000,3.0000000000,0.7000000000,102,111,100,111,103,113
4401,neighbor,True,PASS_IMPLEMENTED_PROJECT_CHECKS,8936.5692700000,8757.4480000000,0.2000000000,0.5000000000,0.3000000000,3.0000000000,0.8000000000,102,112,100,110,103,112
4402,neighbor,False,ENVELOPE_BASE_CONTACT,999999999.0000000000,8757.4480000000,0.2000000000,0.5000000000,0.5000000000,2.5000000000,0.9000000000,102,112,101,111,103,111
4403,neighbor,False,MINIMUM_MAIN_STEEL,999999999.0000000000,8757.4480000000,0.2000000000,0.5000000000,0.4000000000,2.5000000000,0.9000000000,102,112,104,111,100,113
4404,neighbor,False,MINIMUM_MAIN_STEEL,999999999.0000000000,8757.4480000000,0.2000000000,0.5000000000,0.3000000000,3.0000000000,0.7000000000,101,111,100,111,103,113
4405,neighbor,False,MAXIMUM_MAIN_STEEL,999999999.0000000000,8757.4480000000,0.2000000000,0.5000000000,0.3000000000,3.0000000000,0.7000000000,102,110,100,111,103,113
4406,neighbor,False,MINIMUM_MAIN_STEEL,999999999.0000000000,8757.4480000000,0.2000000000,0.6000000000,0.3000000000,3.0000000000,0.7000000000,100,113,100,111,103,113
4407,neighbor,False,MAXIMUM_MAIN_STEEL,999999999.0000000000,8757.4480000000,0.2000000000,0.5000000000,0.3000000000,3.0000000000,0.7000000000,104,112,100,111,103,113
4408,neighbor,False,STEM_STRESS_OR_INTERVAL_BOUND,999999999.0000000000,8757.4480000000,0.2000000000,0.4000000000,0.3000000000,3.5000000000,0.7000000000,102,113,102,111,102,110
4409,neighbor,False,MAXIMUM_MAIN_STEEL,999999999.0000000000,8757.4480000000,0.2000000000,0.4000000000,0.3500000000,3.0000000000,0.6000000000,104,111,101,110,103,110
4410,neighbor,True,PASS_IMPLEMENTED_PROJECT_CHECKS,9038.8000000000,8757.4480000000,0.2000000000,0.5000000000,0.3000000000,3.0000000000,0.7000000000,102,112,102,110,103,113
4411,neighbor,False,MAXIMUM_MAIN_STEEL,999999999.0000000000,8757.4480000000,0.2250000000,0.5000000000,0.3000000000,3.0000000000,0.7000000000,103,110,100,111,103,113
4412,neighbor,False,MINIMUM_MAIN_STEEL,999999999.0000000000,8757.4480000000,0.2500000000,0.4000000000,0.3000000000,3.5000000000,0.8000000000,103,111,103,113,100,112
4413,neighbor,True,PASS_IMPLEMENTED_PROJECT_CHECKS,8899.9750000000,8757.4480000000,0.2000000000,0.5000000000,0.3000000000,3.0000000000,0.7000000000,102,112,103,113,103,113
4414,neighbor,False,ENVELOPE_BASE_CONTACT,999999999.0000000000,8757.4480000000,0.2000000000,0.5000000000,0.3000000000,2.5000000000,0.8000000000,102,112,102,110,103,112
4415,neighbor,True,PASS_IMPLEMENTED_PROJECT_CHECKS,8957.8187500000,8757.4480000000,0.2000000000,0.5000000000,0.3000000000,3.0000000000,0.7000000000,102,112,103,112,103,113
4416,neighbor,False,ENVELOPE_BASE_CONTACT,999999999.0000000000,8757.4480000000,0.2000000000,0.5000000000,0.3500000000,2.5000000000,0.6000000000,102,112,102,110,104,111
4417,neighbor,False,MAXIMUM_MAIN_STEEL,999999999.0000000000,8757.4480000000,0.2000000000,0.5000000000,0.3000000000,3.0000000000,0.7000000000,102,112,104,110,103,113
4418,neighbor,False,MEMBER_FLEXURE,999999999.0000000000,8757.4480000000,0.2000000000,0.4500000000,0.3000000000,3.0000000000,0.7000000000,101,110,100,111,103,113
4419,neighbor,False,MINIMUM_MAIN_STEEL,999999999.0000000000,8757.4480000000,0.2500000000,0.5000000000,0.4500000000,2.5000000000,0.7000000000,101,112,103,113,103,113
4420,neighbor,False,MAXIMUM_MAIN_STEEL,999999999.0000000000,8757.4480000000,0.2000000000,0.4000000000,0.3000000000,3.0000000000,0.7000000000,104,111,100,111,103,113
4421,neighbor,True,PASS_IMPLEMENTED_PROJECT_CHECKS,8917.0967500000,8757.4480000000,0.2000000000,0.5000000000,0.3000000000,3.0000000000,0.7000000000,102,112,100,111,103,112
4422,neighbor,False,MAXIMUM_MAIN_STEEL,999999999.0000000000,8757.4480000000,0.2000000000,0.5000000000,0.3000000000,3.0000000000,0.7000000000,102,112,100,111,104,110
4423,neighbor,False,MAXIMUM_MAIN_STEEL,999999999.0000000000,8757.4480000000,0.2000000000,0.6000000000,0.3000000000,3.0000000000,0.7000000000,104,110,100,111,103,113
4424,neighbor,False,MINIMUM_MAIN_STEEL,999999999.0000000000,8757.4480000000,0.2000000000,0.5000000000,0.3000000000,3.0000000000,0.7000000000,100,110,100,111,103,113
4425,neighbor,False,ENVELOPE_BASE_CONTACT,999999999.0000000000,8757.4480000000,0.2500000000,0.5000000000,0.3000000000,2.5000000000,0.7000000000,104,111,104,110,100,110
4426,neighbor,True,PASS_IMPLEMENTED_PROJECT_CHECKS,8899.9750000000,8757.4480000000,0.2000000000,0.5000000000,0.3000000000,3.0000000000,0.7000000000,102,112,103,113,103,113
4427,neighbor,True,PASS_IMPLEMENTED_PROJECT_CHECKS,9527.9267500000,8757.4480000000,0.2000000000,0.5000000000,0.3000000000,3.0000000000,0.7000000000,103,112,100,111,103,113
4428,neighbor,False,MEMBER_FLEXURE,999999999.0000000000,8757.4480000000,0.2000000000,0.5000000000,0.3000000000,3.0000000000,0.7000000000,102,112,100,111,100,110
4429,neighbor,False,MAXIMUM_MAIN_STEEL,999999999.0000000000,8757.4480000000,0.2000000000,0.5500000000,0.3000000000,3.0000000000,0.7000000000,103,111,100,111,103,113
4430,neighbor,False,MINIMUM_MAIN_STEEL,999999999.0000000000,8757.4480000000,0.2000000000,0.5000000000,0.3000000000,3.0000000000,0.7000000000,102,112,100,111,100,112
4431,neighbor,True,PASS_IMPLEMENTED_PROJECT_CHECKS,8772.7742800000,8757.4480000000,0.2000000000,0.5000000000,0.3000000000,3.0000000000,0.7000000000,102,112,100,111,101,110
4432,neighbor,True,PASS_IMPLEMENTED_PROJECT_CHECKS,8853.7000000000,8757.4480000000,0.2000000000,0.5000000000,0.3000000000,3.0000000000,0.7000000000,102,112,102,112,103,113
4433,neighbor,False,MINIMUM_MAIN_STEEL,999999999.0000000000,8757.4480000000,0.2000000000,0.5000000000,0.3000000000,3.0000000000,0.7000000000,101,111,100,111,103,113
4434,neighbor,False,STEM_STRESS_OR_INTERVAL_BOUND,999999999.0000000000,8757.4480000000,0.2000000000,0.4000000000,0.3000000000,3.0000000000,0.7000000000,102,113,100,111,103,113
4435,neighbor,False,MINIMUM_MAIN_STEEL,999999999.0000000000,8757.4480000000,0.2500000000,0.5000000000,0.3000000000,3.0000000000,0.7000000000,100,113,100,111,103,113
4436,neighbor,False,MEMBER_FLEXURE,999999999.0000000000,8757.4480000000,0.2000000000,0.5000000000,0.3000000000,3.0000000000,0.6000000000,102,112,103,110,101,113
4437,neighbor,False,MEMBER_FLEXURE,999999999.0000000000,8757.4480000000,0.2000000000,0.5000000000,0.3000000000,3.0000000000,0.7000000000,102,112,100,111,100,111
4438,neighbor,False,MINIMUM_MAIN_STEEL,999999999.0000000000,8757.4480000000,0.2000000000,0.5000000000,0.3500000000,3.5000000000,0.7000000000,102,112,100,112,101,110
4439,neighbor,True,PASS_IMPLEMENTED_PROJECT_CHECKS,9054.2250000000,8757.4480000000,0.2000000000,0.5000000000,0.3000000000,3.0000000000,0.7000000000,102,112,103,111,103,113
4440,neighbor,True,PASS_IMPLEMENTED_PROJECT_CHECKS,8757.4480000000,8757.4480000000,0.2000000000,0.5000000000,0.3000000000,3.0000000000,0.7000000000,102,112,100,111,103,113
4441,neighbor,False,MINIMUM_MAIN_STEEL,999999999.0000000000,8757.4480000000,0.2000000000,0.5000000000,0.3000000000,3.0000000000,0.7000000000,102,112,100,111,100,112
4442,neighbor,True,PASS_IMPLEMENTED_PROJECT_CHECKS,8919.9065680000,8757.4480000000,0.2000000000,0.5000000000,0.3000000000,3.0000000000,0.7000000000,102,112,100,111,104,113
4443,neighbor,True,PASS_IMPLEMENTED_PROJECT_CHECKS,8958.8368000000,8757.4480000000,0.2000000000,0.5000000000,0.3000000000,3.0000000000,0.7000000000,102,112,104,113,103,113
4444,neighbor,True,PASS_IMPLEMENTED_PROJECT_CHECKS,9214.0280000000,8757.4480000000,0.2000000000,0.5000000000,0.3000000000,3.0000000000,0.7000000000,102,111,100,111,103,113
4445,neighbor,False,MINIMUM_MAIN_STEEL,999999999.0000000000,8757.4480000000,0.2000000000,0.5000000000,0.3000000000,3.0000000000,0.7000000000,101,111,100,111,103,113
4446,neighbor,False,MAXIMUM_MAIN_STEEL,999999999.0000000000,8757.4480000000,0.2000000000,0.5000000000,0.3000000000,3.0000000000,0.7000000000,102,112,104,110,103,113
4447,neighbor,False,MINIMUM_MAIN_STEEL,999999999.0000000000,8757.4480000000,0.2000000000,0.5500000000,0.4500000000,2.5000000000,0.7000000000,101,113,104,110,102,112
4448,neighbor,True,PASS_IMPLEMENTED_PROJECT_CHECKS,9715.3405000000,8757.4480000000,0.2000000000,0.5000000000,0.3000000000,3.0000000000,0.7000000000,102,112,100,111,103,110
4449,neighbor,False,MINIMUM_MAIN_STEEL,999999999.0000000000,8757.4480000000,0.2000000000,0.5000000000,0.4500000000,3.0000000000,0.5000000000,102,112,101,111,100,112
4450,neighbor,True,PASS_IMPLEMENTED_PROJECT_CHECKS,9054.2250000000,8757.4480000000,0.2000000000,0.5000000000,0.3000000000,3.0000000000,0.7000000000,102,112,103,111,103,113
4451,neighbor,True,PASS_IMPLEMENTED_PROJECT_CHECKS,8757.4480000000,8757.4480000000,0.2000000000,0.5000000000,0.3000000000,3.0000000000,0.7000000000,102,112,100,111,103,113
4452,neighbor,True,PASS_IMPLEMENTED_PROJECT_CHECKS,8899.9750000000,8757.4480000000,0.2000000000,0.5000000000,0.3000000000,3.0000000000,0.7000000000,102,112,103,113,103,113
4453,neighbor,False,MINIMUM_MAIN_STEEL,999999999.0000000000,8757.4480000000,0.2500000000,0.5000000000,0.4500000000,3.5000000000,0.8000000000,103,111,100,112,100,112
4454,neighbor,True,PASS_IMPLEMENTED_PROJECT_CHECKS,9054.2250000000,8757.4480000000,0.2000000000,0.5000000000,0.3000000000,3.0000000000,0.7000000000,102,112,103,111,103,113
4455,neighbor,True,PASS_IMPLEMENTED_PROJECT_CHECKS,9535.4603200000,8757.4480000000,0.2000000000,0.5000000000,0.3000000000,3.0000000000,0.7000000000,104,113,100,111,103,113
4456,neighbor,True,PASS_IMPLEMENTED_PROJECT_CHECKS,9120.1699600000,8757.4480000000,0.2000000000,0.5000000000,0.3000000000,3.0000000000,0.7000000000,102,112,100,111,104,112
4457,neighbor,False,MAXIMUM_MAIN_STEEL,999999999.0000000000,8757.4480000000,0.2000000000,0.4500000000,0.3500000000,3.0000000000,0.7000000000,103,111,104,111,103,112
4458,neighbor,False,MEMBER_FLEXURE,999999999.0000000000,8757.4480000000,0.2000000000,0.5000000000,0.3000000000,3.0000000000,0.6000000000,102,111,101,111,101,113
4459,neighbor,False,MEMBER_FLEXURE,999999999.0000000000,8757.4480000000,0.2000000000,0.5000000000,0.4000000000,3.0000000000,0.5000000000,102,112,103,112,101,112
4460,neighbor,True,PASS_IMPLEMENTED_PROJECT_CHECKS,9247.0375000000,8757.4480000000,0.2000000000,0.5000000000,0.3000000000,3.0000000000,0.7000000000,102,112,103,110,103,113
4461,neighbor,True,PASS_IMPLEMENTED_PROJECT_CHECKS,8826.5520000000,8757.4480000000,0.2000000000,0.5000000000,0.3000000000,3.0000000000,0.7000000000,102,112,101,111,103,113
4462,neighbor,False,MINIMUM_MAIN_STEEL,999999999.0000000000,8757.4480000000,0.2000000000,0.5000000000,0.3000000000,3.0000000000,0.7000000000,101,111,100,111,103,113
4463,neighbor,True,PASS_IMPLEMENTED_PROJECT_CHECKS,9120.1699600000,8757.4480000000,0.2000000000,0.5000000000,0.3000000000,3.0000000000,0.7000000000,102,112,100,111,104,112
4464,neighbor,True,PASS_IMPLEMENTED_PROJECT_CHECKS,9120.1699600000,8757.4480000000,0.2000000000,0.5000000000,0.3000000000,3.0000000000,0.7000000000,102,112,100,111,104,112
4465,neighbor,False,MEMBER_FLEXURE,999999999.0000000000,8757.4480000000,0.2250000000,0.4500000000,0.3000000000,3.0000000000,0.7000000000,102,110,100,111,103,113
4466,neighbor,False,MINIMUM_MAIN_STEEL,999999999.0000000000,8757.4480000000,0.2000000000,0.5000000000,0.3000000000,3.0000000000,0.7000000000,100,111,100,111,103,113
4467,neighbor,True,PASS_IMPLEMENTED_PROJECT_CHECKS,9453.9422800000,8757.4480000000,0.2000000000,0.5000000000,0.3000000000,3.0000000000,0.7000000000,102,112,100,111,104,111
4468,neighbor,False,MEMBER_FLEXURE,999999999.0000000000,8757.4480000000,0.2000000000,0.5000000000,0.3000000000,3.0000000000,0.7000000000,102,112,100,111,101,112
4469,neighbor,False,MAXIMUM_MAIN_STEEL,999999999.0000000000,8757.4480000000,0.2500000000,0.5000000000,0.3000000000,3.0000000000,0.7000000000,103,110,100,111,103,113
4470,neighbor,False,MINIMUM_MAIN_STEEL,999999999.0000000000,8757.4480000000,0.2000000000,0.5000000000,0.4500000000,3.0000000000,0.9000000000,102,112,100,110,101,113
4471,neighbor,False,MINIMUM_MAIN_STEEL,999999999.0000000000,8757.4480000000,0.2000000000,0.5000000000,0.3000000000,3.0000000000,0.7000000000,101,111,100,111,103,113
4472,neighbor,True,PASS_IMPLEMENTED_PROJECT_CHECKS,9715.3405000000,8757.4480000000,0.2000000000,0.5000000000,0.3000000000,3.0000000000,0.7000000000,102,112,100,111,103,110
4473,neighbor,True,PASS_IMPLEMENTED_PROJECT_CHECKS,10990.0305400000,8757.4480000000,0.2000000000,0.5000000000,0.4500000000,3.5000000000,0.9000000000,102,112,100,110,102,110
4474,neighbor,False,MINIMUM_MAIN_STEEL,999999999.0000000000,8757.4480000000,0.2000000000,0.5000000000,0.3000000000,3.0000000000,0.7000000000,102,112,100,112,103,113
4475,neighbor,True,PASS_IMPLEMENTED_PROJECT_CHECKS,9214.0280000000,8757.4480000000,0.2000000000,0.5000000000,0.3000000000,3.0000000000,0.7000000000,102,111,100,111,103,113
4476,neighbor,False,MAXIMUM_MAIN_STEEL,999999999.0000000000,8757.4480000000,0.2500000000,0.5000000000,0.3000000000,3.0000000000,0.7000000000,104,110,100,111,103,113
4477,neighbor,False,MINIMUM_MAIN_STEEL,999999999.0000000000,8757.4480000000,0.2000000000,0.5000000000,0.5000000000,2.5000000000,0.7000000000,101,113,102,110,103,113
4478,neighbor,True,PASS_IMPLEMENTED_PROJECT_CHECKS,10161.5612400000,8757.4480000000,0.2000000000,0.5000000000,0.5000000000,3.0000000000,0.6000000000,102,112,100,110,101,110
4479,neighbor,False,MEMBER_FLEXURE,999999999.0000000000,8757.4480000000,0.2500000000,0.4500000000,0.3000000000,3.0000000000,0.7000000000,104,112,100,111,103,113
4480,neighbor,False,MINIMUM_MAIN_STEEL,999999999.0000000000,8757.4480000000,0.2000000000,0.4500000000,0.3000000000,3.0000000000,0.7000000000,100,110,100,111,103,113
4481,neighbor,False,MAXIMUM_MAIN_STEEL,999999999.0000000000,8757.4480000000,0.2000000000,0.5000000000,0.3000000000,3.0000000000,0.7000000000,102,110,100,111,103,113
4482,neighbor,False,MINIMUM_MAIN_STEEL,999999999.0000000000,8757.4480000000,0.2000000000,0.5000000000,0.3000000000,2.5000000000,0.5000000000,102,112,102,110,100,112
4483,neighbor,True,PASS_IMPLEMENTED_PROJECT_CHECKS,9453.9422800000,8757.4480000000,0.2000000000,0.5000000000,0.3000000000,3.0000000000,0.7000000000,102,112,100,111,104,111
4484,neighbor,True,PASS_IMPLEMENTED_PROJECT_CHECKS,8826.5520000000,8757.4480000000,0.2000000000,0.5000000000,0.3000000000,3.0000000000,0.7000000000,102,112,101,111,103,113
4485,neighbor,False,ENVELOPE_BASE_CONTACT,999999999.0000000000,8757.4480000000,0.2000000000,0.5500000000,0.3000000000,2.5000000000,0.7000000000,103,112,101,112,103,110
4486,neighbor,False,ENVELOPE_BASE_CONTACT,999999999.0000000000,8757.4480000000,0.2000000000,0.5000000000,0.3500000000,2.5000000000,0.5000000000,102,112,102,111,102,111
4487,neighbor,False,MINIMUM_MAIN_STEEL,999999999.0000000000,8757.4480000000,0.2000000000,0.5000000000,0.3000000000,3.0000000000,0.7000000000,101,113,100,111,103,113
4488,neighbor,True,PASS_IMPLEMENTED_PROJECT_CHECKS,8757.4480000000,8757.4480000000,0.2000000000,0.5000000000,0.3000000000,3.0000000000,0.7000000000,102,112,100,111,103,113
4489,neighbor,True,PASS_IMPLEMENTED_PROJECT_CHECKS,8800.0210000000,8757.4480000000,0.2000000000,0.5000000000,0.3000000000,3.0000000000,0.7000000000,102,112,100,111,102,111
4490,neighbor,True,PASS_IMPLEMENTED_PROJECT_CHECKS,8958.8368000000,8757.4480000000,0.2000000000,0.5000000000,0.3000000000,3.0000000000,0.7000000000,102,112,104,113,103,113
4491,neighbor,True,PASS_IMPLEMENTED_PROJECT_CHECKS,8757.4480000000,8757.4480000000,0.2000000000,0.5000000000,0.3000000000,3.0000000000,0.7000000000,102,112,100,111,103,113
4492,neighbor,False,MAXIMUM_MAIN_STEEL,999999999.0000000000,8757.4480000000,0.2000000000,0.5000000000,0.3000000000,3.0000000000,0.7000000000,104,111,100,111,103,113
4493,neighbor,True,PASS_IMPLEMENTED_PROJECT_CHECKS,9152.3280000000,8757.4480000000,0.2000000000,0.5000000000,0.3000000000,3.0000000000,0.7000000000,102,112,104,111,103,113
4494,neighbor,False,MAXIMUM_MAIN_STEEL,999999999.0000000000,8757.4480000000,0.2000000000,0.5000000000,0.3000000000,3.0000000000,0.7000000000,104,112,100,111,103,113
4495,neighbor,True,PASS_IMPLEMENTED_PROJECT_CHECKS,8757.4480000000,8757.4480000000,0.2000000000,0.5000000000,0.3000000000,3.0000000000,0.7000000000,102,112,100,111,103,113
4496,neighbor,False,MINIMUM_MAIN_STEEL,999999999.0000000000,8757.4480000000,0.2000000000,0.5000000000,0.3000000000,3.0000000000,0.7000000000,102,112,100,112,103,113
4497,neighbor,False,MINIMUM_MAIN_STEEL,999999999.0000000000,8757.4480000000,0.2250000000,0.5000000000,0.3000000000,3.0000000000,0.7000000000,101,112,100,111,103,113
4498,neighbor,False,MINIMUM_MAIN_STEEL,999999999.0000000000,8757.4480000000,0.2000000000,0.4000000000,0.3000000000,3.0000000000,0.8000000000,102,110,100,112,104,110
4499,neighbor,False,MAXIMUM_MAIN_STEEL,999999999.0000000000,8757.4480000000,0.2000000000,0.4500000000,0.3000000000,3.0000000000,0.7000000000,102,110,100,111,103,113
4500,neighbor,False,MEMBER_FLEXURE,999999999.0000000000,8757.4480000000,0.2000000000,0.5000000000,0.3000000000,3.0000000000,0.7000000000,102,112,100,111,100,111
4501,neighbor,True,PASS_IMPLEMENTED_PROJECT_CHECKS,8816.6800000000,8757.4480000000,0.2000000000,0.5000000000,0.3000000000,3.0000000000,0.7000000000,102,112,102,113,103,113
4502,neighbor,True,PASS_IMPLEMENTED_PROJECT_CHECKS,9140.9752000000,8757.4480000000,0.2000000000,0.5000000000,0.3000000000,3.0000000000,0.7000000000,101,110,100,111,103,113
4503,neighbor,False,MAXIMUM_MAIN_STEEL,999999999.0000000000,8757.4480000000,0.2000000000,0.4000000000,0.3000000000,3.5000000000,0.6000000000,104,111,103,110,104,111
4504,neighbor,False,MAXIMUM_MAIN_STEEL,999999999.0000000000,8757.4480000000,0.2250000000,0.4500000000,0.5000000000,3.5000000000,0.6000000000,104,111,103,113,102,113
4505,neighbor,False,MINIMUM_MAIN_STEEL,999999999.0000000000,8757.4480000000,0.2000000000,0.4500000000,0.5500000000,2.5000000000,0.6000000000,100,111,104,110,104,111
4506,neighbor,False,MEMBER_FLEXURE,999999999.0000000000,8757.4480000000,0.2250000000,0.5000000000,0.3000000000,3.0000000000,0.8000000000,102,110,102,113,100,110
4507,neighbor,True,PASS_IMPLEMENTED_PROJECT_CHECKS,8757.4480000000,8757.4480000000,0.2000000000,0.5000000000,0.3000000000,3.0000000000,0.7000000000,102,112,100,111,103,113
4508,neighbor,True,PASS_IMPLEMENTED_PROJECT_CHECKS,9152.3280000000,8757.4480000000,0.2000000000,0.5000000000,0.3000000000,3.0000000000,0.7000000000,102,112,104,111,103,113
4509,neighbor,False,MINIMUM_MAIN_STEEL,999999999.0000000000,8757.4480000000,0.2000000000,0.5000000000,0.5000000000,3.0000000000,0.5000000000,102,112,104,113,101,113
4510,neighbor,False,MINIMUM_MAIN_STEEL,999999999.0000000000,8757.4480000000,0.2500000000,0.4000000000,0.3000000000,3.0000000000,0.7000000000,100,112,100,111,103,113
4511,neighbor,False,MAXIMUM_MAIN_STEEL,999999999.0000000000,8757.4480000000,0.2000000000,0.5000000000,0.3000000000,3.0000000000,0.7000000000,103,111,100,111,103,113
4512,neighbor,False,MINIMUM_MAIN_STEEL,999999999.0000000000,8757.4480000000,0.2250000000,0.5500000000,0.3000000000,3.0000000000,0.6000000000,104,110,103,110,100,113
4513,neighbor,False,MEMBER_FLEXURE,999999999.0000000000,8757.4480000000,0.2000000000,0.5000000000,0.3000000000,3.0000000000,0.7000000000,102,112,100,111,101,111
4514,neighbor,False,MINIMUM_MAIN_STEEL,999999999.0000000000,8757.4480000000,0.2500000000,0.6000000000,0.3000000000,2.5000000000,0.6000000000,102,113,103,112,103,110
4515,neighbor,True,PASS_IMPLEMENTED_PROJECT_CHECKS,8757.4480000000,8757.4480000000,0.2000000000,0.5000000000,0.3000000000,3.0000000000,0.7000000000,102,112,100,111,103,113
4516,neighbor,False,MINIMUM_MAIN_STEEL,999999999.0000000000,8757.4480000000,0.2250000000,0.5000000000,0.3000000000,3.0000000000,0.7000000000,100,112,100,111,103,113
4517,neighbor,False,ENVELOPE_BASE_CONTACT,999999999.0000000000,8757.4480000000,0.2000000000,0.5000000000,0.3000000000,2.5000000000,0.5000000000,102,112,101,110,102,112
4518,neighbor,True,PASS_IMPLEMENTED_PROJECT_CHECKS,8919.9065680000,8757.4480000000,0.2000000000,0.5000000000,0.3000000000,3.0000000000,0.7000000000,102,112,100,111,104,113
4519,neighbor,False,MEMBER_FLEXURE,999999999.0000000000,8757.4480000000,0.2000000000,0.5000000000,0.3000000000,3.0000000000,0.7000000000,102,112,100,111,101,113
4520,neighbor,True,PASS_IMPLEMENTED_PROJECT_CHECKS,8919.9065680000,8757.4480000000,0.2000000000,0.5000000000,0.3000000000,3.0000000000,0.7000000000,102,112,100,111,104,113
4521,neighbor,True,PASS_IMPLEMENTED_PROJECT_CHECKS,9527.9267500000,8757.4480000000,0.2000000000,0.5000000000,0.3000000000,3.0000000000,0.7000000000,103,112,100,111,103,113
4522,neighbor,False,MINIMUM_MAIN_STEEL,999999999.0000000000,8757.4480000000,0.2500000000,0.5000000000,0.3000000000,3.0000000000,0.7000000000,100,110,100,111,103,113
4523,neighbor,False,MINIMUM_MAIN_STEEL,999999999.0000000000,8757.4480000000,0.2250000000,0.5000000000,0.3000000000,2.5000000000,0.9000000000,101,111,103,110,100,112
4524,neighbor,False,MINIMUM_MAIN_STEEL,999999999.0000000000,8757.4480000000,0.2000000000,0.5000000000,0.3000000000,2.5000000000,0.8000000000,102,112,100,112,101,112
4525,neighbor,False,MINIMUM_MAIN_STEEL,999999999.0000000000,8757.4480000000,0.2000000000,0.5000000000,0.3000000000,3.0000000000,0.7000000000,101,113,100,111,103,113
4526,neighbor,False,MAXIMUM_MAIN_STEEL,999999999.0000000000,8757.4480000000,0.2000000000,0.4500000000,0.3000000000,3.0000000000,0.6000000000,102,110,101,110,100,110
4527,neighbor,True,PASS_IMPLEMENTED_PROJECT_CHECKS,8917.0967500000,8757.4480000000,0.2000000000,0.5000000000,0.3000000000,3.0000000000,0.7000000000,102,112,100,111,103,112
4528,neighbor,False,STEM_STRESS_OR_INTERVAL_BOUND,999999999.0000000000,8757.4480000000,0.2250000000,0.4000000000,0.3000000000,3.0000000000,0.7000000000,101,111,100,111,103,113
4529,neighbor,False,MINIMUM_MAIN_STEEL,999999999.0000000000,8757.4480000000,0.2000000000,0.5000000000,0.3000000000,3.0000000000,0.7000000000,102,113,100,111,103,113
4530,neighbor,False,MINIMUM_MAIN_STEEL,999999999.0000000000,8757.4480000000,0.2000000000,0.5000000000,0.3000000000,3.0000000000,0.7000000000,101,113,100,111,103,113
4531,neighbor,False,MAXIMUM_MAIN_STEEL,999999999.0000000000,8757.4480000000,0.2000000000,0.5000000000,0.3000000000,3.0000000000,0.7000000000,103,111,100,111,103,113
4532,neighbor,False,ENVELOPE_BASE_CONTACT,999999999.0000000000,8757.4480000000,0.2000000000,0.5000000000,0.3000000000,2.5000000000,0.9000000000,102,112,101,113,100,110
4533,neighbor,False,MAXIMUM_MAIN_STEEL,999999999.0000000000,8757.4480000000,0.2000000000,0.6000000000,0.3000000000,3.0000000000,0.7000000000,103,110,100,111,103,113
4534,neighbor,False,MEMBER_FLEXURE,999999999.0000000000,8757.4480000000,0.2000000000,0.5000000000,0.3000000000,3.0000000000,0.7000000000,102,112,100,111,102,112
4535,neighbor,False,MAXIMUM_MAIN_STEEL,999999999.0000000000,8757.4480000000,0.2000000000,0.5000000000,0.3000000000,3.5000000000,0.8000000000,104,112,100,110,104,112
4536,neighbor,False,MINIMUM_MAIN_STEEL,999999999.0000000000,8757.4480000000,0.2000000000,0.5000000000,0.3000000000,3.0000000000,0.7000000000,101,113,100,111,103,113
4537,neighbor,False,ENVELOPE_BASE_CONTACT,999999999.0000000000,8757.4480000000,0.2000000000,0.5000000000,0.3500000000,2.5000000000,0.8000000000,102,112,100,110,102,113
4538,neighbor,True,PASS_IMPLEMENTED_PROJECT_CHECKS,11348.2248440000,8757.4480000000,0.2000000000,0.5500000000,0.5000000000,3.0000000000,0.7000000000,104,113,104,113,102,111
4539,neighbor,True,PASS_IMPLEMENTED_PROJECT_CHECKS,9183.1780000000,8757.4480000000,0.2000000000,0.5000000000,0.3000000000,3.0000000000,0.7000000000,102,112,100,111,103,111
4540,neighbor,False,MINIMUM_MAIN_STEEL,999999999.0000000000,8757.4480000000,0.2000000000,0.5500000000,0.3000000000,3.0000000000,0.7000000000,100,113,100,111,103,113
4541,neighbor,False,MINIMUM_MAIN_STEEL,999999999.0000000000,8757.4480000000,0.2000000000,0.6000000000,0.3000000000,3.0000000000,0.7000000000,100,113,100,111,103,113
4542,neighbor,True,PASS_IMPLEMENTED_PROJECT_CHECKS,9140.9752000000,8757.4480000000,0.2000000000,0.5000000000,0.3000000000,3.0000000000,0.7000000000,101,110,100,111,103,113
4543,neighbor,True,PASS_IMPLEMENTED_PROJECT_CHECKS,8763.3712000000,8757.4480000000,0.2000000000,0.5000000000,0.3000000000,3.0000000000,0.7000000000,102,112,101,113,103,113
4544,neighbor,False,MAXIMUM_MAIN_STEEL,999999999.0000000000,8757.4480000000,0.2000000000,0.5000000000,0.3000000000,3.0000000000,0.7000000000,102,112,104,110,103,113
4545,neighbor,True,PASS_IMPLEMENTED_PROJECT_CHECKS,9715.3405000000,8757.4480000000,0.2000000000,0.5000000000,0.3000000000,3.0000000000,0.7000000000,102,112,100,111,103,110
4546,neighbor,False,MINIMUM_MAIN_STEEL,999999999.0000000000,8757.4480000000,0.2000000000,0.5000000000,0.3000000000,3.0000000000,0.7000000000,102,112,100,111,100,112
4547,neighbor,True,PASS_IMPLEMENTED_PROJECT_CHECKS,8899.9750000000,8757.4480000000,0.2000000000,0.5000000000,0.3000000000,3.0000000000,0.7000000000,102,112,103,113,103,113
4548,neighbor,False,MAXIMUM_MAIN_STEEL,999999999.0000000000,8757.4480000000,0.2000000000,0.5500000000,0.3500000000,3.5000000000,0.9000000000,102,110,101,111,102,110
4549,neighbor,True,PASS_IMPLEMENTED_PROJECT_CHECKS,8917.0967500000,8757.4480000000,0.2000000000,0.5000000000,0.3000000000,3.0000000000,0.7000000000,102,112,100,111,103,112
4550,neighbor,False,MAXIMUM_MAIN_STEEL,999999999.0000000000,8757.4480000000,0.2000000000,0.4000000000,0.3000000000,3.0000000000,0.7000000000,104,110,100,111,103,113
4551,neighbor,False,MEMBER_FLEXURE,999999999.0000000000,8757.4480000000,0.2000000000,0.5000000000,0.3000000000,3.0000000000,0.7000000000,102,112,100,111,100,111
4552,neighbor,False,MINIMUM_MAIN_STEEL,999999999.0000000000,8757.4480000000,0.2000000000,0.6000000000,0.5500000000,3.5000000000,0.9000000000,102,113,103,112,100,111
4553,neighbor,False,MINIMUM_MAIN_STEEL,999999999.0000000000,8757.4480000000,0.2500000000,0.4000000000,0.3000000000,3.0000000000,0.7000000000,101,113,100,111,103,113
4554,neighbor,False,MINIMUM_MAIN_STEEL,999999999.0000000000,8757.4480000000,0.2000000000,0.6000000000,0.3000000000,3.0000000000,0.7000000000,101,111,100,111,103,113
4555,neighbor,True,PASS_IMPLEMENTED_PROJECT_CHECKS,8905.5280000000,8757.4480000000,0.2000000000,0.5000000000,0.3000000000,3.0000000000,0.7000000000,102,112,101,110,103,113
4556,neighbor,False,MINIMUM_MAIN_STEEL,999999999.0000000000,8757.4480000000,0.2000000000,0.5000000000,0.5000000000,3.5000000000,0.9000000000,100,110,102,110,103,113
4557,neighbor,False,MINIMUM_MAIN_STEEL,999999999.0000000000,8757.4480000000,0.2000000000,0.5000000000,0.4000000000,2.5000000000,0.8000000000,101,112,102,113,100,112
4558,neighbor,True,PASS_IMPLEMENTED_PROJECT_CHECKS,9054.2250000000,8757.4480000000,0.2000000000,0.5000000000,0.3000000000,3.0000000000,0.7000000000,102,112,103,111,103,113
4559,neighbor,True,PASS_IMPLEMENTED_PROJECT_CHECKS,9140.6050000000,8757.4480000000,0.2000000000,0.5000000000,0.3000000000,3.0000000000,0.7000000000,102,112,100,111,102,110
4560,neighbor,False,MINIMUM_MAIN_STEEL,999999999.0000000000,8757.4480000000,0.2000000000,0.5000000000,0.3000000000,3.0000000000,0.7000000000,100,110,100,111,103,113
4561,neighbor,False,MEMBER_FLEXURE,999999999.0000000000,8757.4480000000,0.2000000000,0.5000000000,0.3500000000,3.0000000000,0.7000000000,102,112,104,112,102,113
4562,neighbor,False,MINIMUM_MAIN_STEEL,999999999.0000000000,8757.4480000000,0.2000000000,0.4500000000,0.3000000000,2.5000000000,0.6000000000,104,113,100,112,104,111
4563,neighbor,False,MINIMUM_MAIN_STEEL,999999999.0000000000,8757.4480000000,0.2000000000,0.5000000000,0.4000000000,3.5000000000,0.9000000000,102,112,100,111,102,111
4564,neighbor,False,MEMBER_FLEXURE,999999999.0000000000,8757.4480000000,0.2250000000,0.4500000000,0.3000000000,3.0000000000,0.7000000000,103,112,100,111,103,113
4565,neighbor,True,PASS_IMPLEMENTED_PROJECT_CHECKS,9737.7469800000,8757.4480000000,0.2500000000,0.5000000000,0.3000000000,3.0000000000,0.7000000000,101,110,104,112,101,110
4566,neighbor,False,ENVELOPE_BASE_CONTACT,999999999.0000000000,8757.4480000000,0.2000000000,0.5000000000,0.4000000000,2.5000000000,0.5000000000,102,112,103,111,104,112
4567,neighbor,False,ENVELOPE_BASE_CONTACT,999999999.0000000000,8757.4480000000,0.2000000000,0.5000000000,0.5500000000,2.5000000000,0.7000000000,102,112,102,110,102,113
4568,neighbor,False,MAXIMUM_MAIN_STEEL,999999999.0000000000,8757.4480000000,0.2500000000,0.4500000000,0.3000000000,3.0000000000,0.7000000000,103,110,100,111,103,113
4569,neighbor,True,PASS_IMPLEMENTED_PROJECT_CHECKS,9038.8000000000,8757.4480000000,0.2000000000,0.5000000000,0.3000000000,3.0000000000,0.7000000000,102,112,102,110,103,113
4570,neighbor,False,MINIMUM_MAIN_STEEL,999999999.0000000000,8757.4480000000,0.2000000000,0.5000000000,0.3000000000,3.0000000000,0.7000000000,100,111,100,111,103,113
4571,neighbor,False,MINIMUM_MAIN_STEEL,999999999.0000000000,8757.4480000000,0.2000000000,0.5000000000,0.5500000000,3.5000000000,0.8000000000,102,112,101,113,102,113
4572,neighbor,True,PASS_IMPLEMENTED_PROJECT_CHECKS,9031.3960000000,8757.4480000000,0.2000000000,0.5000000000,0.3000000000,3.0000000000,0.7000000000,102,112,104,112,103,113
4573,neighbor,True,PASS_IMPLEMENTED_PROJECT_CHECKS,9031.3960000000,8757.4480000000,0.2000000000,0.5000000000,0.3000000000,3.0000000000,0.7000000000,102,112,104,112,103,113
4574,neighbor,True,PASS_IMPLEMENTED_PROJECT_CHECKS,9429.9627000000,8757.4480000000,0.2000000000,0.5500000000,0.3000000000,3.0000000000,0.7000000000,101,110,100,111,103,113
4575,neighbor,False,MINIMUM_MAIN_STEEL,999999999.0000000000,8757.4480000000,0.2500000000,0.4000000000,0.4000000000,2.5000000000,0.6000000000,100,111,101,110,104,110
4576,neighbor,False,MINIMUM_MAIN_STEEL,999999999.0000000000,8757.4480000000,0.2500000000,0.4500000000,0.3000000000,3.0000000000,0.7000000000,100,110,100,111,103,113
4577,neighbor,False,ENVELOPE_BASE_CONTACT,999999999.0000000000,8757.4480000000,0.2000000000,0.4000000000,0.4000000000,2.5000000000,0.5000000000,102,113,102,110,102,110
4578,neighbor,True,PASS_IMPLEMENTED_PROJECT_CHECKS,9152.3280000000,8757.4480000000,0.2000000000,0.5000000000,0.3000000000,3.0000000000,0.7000000000,102,112,104,111,103,113
4579,neighbor,False,MINIMUM_MAIN_STEEL,999999999.0000000000,8757.4480000000,0.2000000000,0.5000000000,0.3000000000,2.5000000000,0.6000000000,102,112,103,112,100,112
4580,neighbor,True,PASS_IMPLEMENTED_PROJECT_CHECKS,10661.6061560000,8757.4480000000,0.2000000000,0.5000000000,0.5500000000,3.0000000000,0.6000000000,102,112,102,113,104,113
4581,neighbor,False,MAXIMUM_MAIN_STEEL,999999999.0000000000,8757.4480000000,0.2000000000,0.5000000000,0.3000000000,3.0000000000,0.7000000000,104,110,100,111,103,113
4582,neighbor,False,ENVELOPE_BASE_CONTACT,999999999.0000000000,8757.4480000000,0.2000000000,0.5000000000,0.5500000000,2.5000000000,0.6000000000,102,112,103,112,104,111
4583,neighbor,True,PASS_IMPLEMENTED_PROJECT_CHECKS,9856.2711400000,8757.4480000000,0.2000000000,0.5000000000,0.4500000000,3.0000000000,0.5000000000,102,112,102,113,101,110
4584,neighbor,False,MAXIMUM_MAIN_STEEL,999999999.0000000000,8757.4480000000,0.2000000000,0.5000000000,0.3000000000,3.0000000000,0.7000000000,104,112,100,111,103,113
4585,neighbor,True,PASS_IMPLEMENTED_PROJECT_CHECKS,9054.2250000000,8757.4480000000,0.2000000000,0.5000000000,0.3000000000,3.0000000000,0.7000000000,102,112,103,111,103,113
4586,neighbor,True,PASS_IMPLEMENTED_PROJECT_CHECKS,8957.8187500000,8757.4480000000,0.2000000000,0.5000000000,0.3000000000,3.0000000000,0.7000000000,102,112,103,112,103,113
4587,neighbor,True,PASS_IMPLEMENTED_PROJECT_CHECKS,9038.8000000000,8757.4480000000,0.2000000000,0.5000000000,0.3000000000,3.0000000000,0.7000000000,102,112,102,110,103,113
4588,neighbor,True,PASS_IMPLEMENTED_PROJECT_CHECKS,8757.4480000000,8757.4480000000,0.2000000000,0.5000000000,0.3000000000,3.0000000000,0.7000000000,102,112,100,111,103,113
4589,neighbor,False,MINIMUM_MAIN_STEEL,999999999.0000000000,8757.4480000000,0.2000000000,0.5500000000,0.4500000000,3.5000000000,0.9000000000,103,110,101,111,100,111
4590,neighbor,True,PASS_IMPLEMENTED_PROJECT_CHECKS,8757.4480000000,8757.4480000000,0.2000000000,0.5000000000,0.3000000000,3.0000000000,0.7000000000,102,112,100,111,103,113
4591,neighbor,False,MAXIMUM_MAIN_STEEL,999999999.0000000000,8757.4480000000,0.2000000000,0.4000000000,0.4500000000,3.5000000000,0.6000000000,103,111,101,111,103,111
4592,neighbor,True,PASS_IMPLEMENTED_PROJECT_CHECKS,9914.5638000000,8757.4480000000,0.2000000000,0.5000000000,0.5000000000,3.0000000000,0.5000000000,102,112,102,113,102,113
4593,neighbor,False,MINIMUM_MAIN_STEEL,999999999.0000000000,8757.4480000000,0.2000000000,0.5000000000,0.3000000000,3.0000000000,0.7000000000,100,112,100,111,103,113
4594,neighbor,True,PASS_IMPLEMENTED_PROJECT_CHECKS,8853.7000000000,8757.4480000000,0.2000000000,0.5000000000,0.3000000000,3.0000000000,0.7000000000,102,112,102,112,103,113
4595,neighbor,False,MEMBER_FLEXURE,999999999.0000000000,8757.4480000000,0.2500000000,0.4500000000,0.3000000000,3.0000000000,0.7000000000,103,111,100,111,103,113
4596,neighbor,False,MINIMUM_MAIN_STEEL,999999999.0000000000,8757.4480000000,0.2000000000,0.5000000000,0.3000000000,3.0000000000,0.7000000000,101,112,100,111,103,113
4597,neighbor,False,MEMBER_FLEXURE,999999999.0000000000,8757.4480000000,0.2000000000,0.5000000000,0.3000000000,3.0000000000,0.7000000000,102,112,100,111,100,110
4598,neighbor,True,PASS_IMPLEMENTED_PROJECT_CHECKS,8899.9750000000,8757.4480000000,0.2000000000,0.5000000000,0.3000000000,3.0000000000,0.7000000000,102,112,103,113,103,113
4599,neighbor,True,PASS_IMPLEMENTED_PROJECT_CHECKS,10514.5552000000,8757.4480000000,0.2000000000,0.5000000000,0.3000000000,3.5000000000,0.8000000000,102,112,103,111,104,111
4600,neighbor,False,ENVELOPE_BASE_CONTACT,999999999.0000000000,8757.4480000000,0.2500000000,0.5000000000,0.3000000000,2.5000000000,0.8000000000,103,110,102,113,102,110
4601,neighbor,False,MINIMUM_MAIN_STEEL,999999999.0000000000,8757.4480000000,0.2000000000,0.4000000000,0.3000000000,2.5000000000,0.7000000000,102,111,101,110,100,113
4602,neighbor,False,MAXIMUM_MAIN_STEEL,999999999.0000000000,8757.4480000000,0.2000000000,0.5000000000,0.3000000000,3.0000000000,0.7000000000,103,111,100,111,103,113
4603,neighbor,False,MINIMUM_MAIN_STEEL,999999999.0000000000,8757.4480000000,0.2000000000,0.6000000000,0.3000000000,3.0000000000,0.7000000000,100,111,100,111,103,113
4604,neighbor,False,MINIMUM_MAIN_STEEL,999999999.0000000000,8757.4480000000,0.2250000000,0.5500000000,0.5000000000,3.0000000000,0.8000000000,101,113,103,110,100,110
4605,neighbor,True,PASS_IMPLEMENTED_PROJECT_CHECKS,9120.1699600000,8757.4480000000,0.2000000000,0.5000000000,0.3000000000,3.0000000000,0.7000000000,102,112,100,111,104,112
4606,neighbor,False,STEM_STRESS_OR_INTERVAL_BOUND,999999999.0000000000,8757.4480000000,0.2000000000,0.4500000000,0.3000000000,3.0000000000,0.7000000000,101,111,100,111,103,113
4607,neighbor,False,ENVELOPE_BASE_CONTACT,999999999.0000000000,8757.4480000000,0.2000000000,0.5000000000,0.3000000000,2.5000000000,0.8000000000,102,112,104,113,103,113
4608,neighbor,True,PASS_IMPLEMENTED_PROJECT_CHECKS,10434.6855000000,8757.4480000000,0.2500000000,0.5000000000,0.3000000000,3.0000000000,0.7000000000,102,110,100,111,103,113
4609,neighbor,False,MINIMUM_MAIN_STEEL,999999999.0000000000,8757.4480000000,0.2000000000,0.5000000000,0.3000000000,3.0000000000,0.7000000000,102,112,100,113,103,113
4610,neighbor,True,PASS_IMPLEMENTED_PROJECT_CHECKS,9247.0375000000,8757.4480000000,0.2000000000,0.5000000000,0.3000000000,3.0000000000,0.7000000000,102,112,103,110,103,113
4611,neighbor,True,PASS_IMPLEMENTED_PROJECT_CHECKS,9031.3960000000,8757.4480000000,0.2000000000,0.5000000000,0.3000000000,3.0000000000,0.7000000000,102,112,104,112,103,113
4612,neighbor,False,MEMBER_FLEXURE,999999999.0000000000,8757.4480000000,0.2000000000,0.4000000000,0.3000000000,3.0000000000,0.7000000000,101,110,100,111,103,113
4613,neighbor,False,MAXIMUM_MAIN_STEEL,999999999.0000000000,8757.4480000000,0.2000000000,0.4000000000,0.3000000000,3.0000000000,0.7000000000,102,110,100,111,103,113
4614,neighbor,True,PASS_IMPLEMENTED_PROJECT_CHECKS,9013.9657500000,8757.4480000000,0.2000000000,0.5000000000,0.3000000000,3.0000000000,0.9000000000,102,112,103,112,102,111
4615,neighbor,False,MINIMUM_MAIN_STEEL,999999999.0000000000,8757.4480000000,0.2000000000,0.5000000000,0.3000000000,3.0000000000,0.5000000000,102,112,103,113,100,113
4616,neighbor,False,MINIMUM_MAIN_STEEL,999999999.0000000000,8757.4480000000,0.2000000000,0.5500000000,0.3000000000,3.0000000000,0.7000000000,100,111,100,111,103,113
4617,neighbor,False,MAXIMUM_MAIN_STEEL,999999999.0000000000,8757.4480000000,0.2000000000,0.4000000000,0.3000000000,3.0000000000,0.7000000000,104,112,100,111,103,113
4618,neighbor,True,PASS_IMPLEMENTED_PROJECT_CHECKS,8917.0967500000,8757.4480000000,0.2000000000,0.5000000000,0.3000000000,3.0000000000,0.7000000000,102,112,100,111,103,112
4619,neighbor,False,MEMBER_FLEXURE,999999999.0000000000,8757.4480000000,0.2000000000,0.5000000000,0.3000000000,3.0000000000,0.7000000000,102,112,100,111,101,112
4620,neighbor,False,ENVELOPE_BASE_CONTACT,999999999.0000000000,8757.4480000000,0.2000000000,0.5000000000,0.5000000000,2.5000000000,0.8000000000,102,112,101,111,101,110
4621,neighbor,True,PASS_IMPLEMENTED_PROJECT_CHECKS,8826.5520000000,8757.4480000000,0.2000000000,0.5000000000,0.3000000000,3.0000000000,0.7000000000,102,112,101,111,103,113
4622,neighbor,False,MINIMUM_MAIN_STEEL,999999999.0000000000,8757.4480000000,0.2250000000,0.5000000000,0.3000000000,3.0000000000,0.7000000000,100,113,100,111,103,113
4623,neighbor,False,MAXIMUM_MAIN_STEEL,999999999.0000000000,8757.4480000000,0.2250000000,0.5000000000,0.3000000000,3.5000000000,0.7000000000,104,112,101,113,104,110
4624,neighbor,False,STEM_STRESS_OR_INTERVAL_BOUND,999999999.0000000000,8757.4480000000,0.2000000000,0.4000000000,0.3000000000,3.0000000000,0.7000000000,102,112,100,111,103,113
4625,neighbor,False,MEMBER_FLEXURE,999999999.0000000000,8757.4480000000,0.2000000000,0.4500000000,0.3000000000,3.0000000000,0.7000000000,103,113,100,111,103,113
4626,neighbor,True,PASS_IMPLEMENTED_PROJECT_CHECKS,8965.1980700000,8757.4480000000,0.2000000000,0.5000000000,0.3000000000,3.0000000000,0.8000000000,102,112,101,111,103,112
4627,neighbor,False,MINIMUM_MAIN_STEEL,999999999.0000000000,8757.4480000000,0.2000000000,0.5000000000,0.3000000000,3.0000000000,0.7000000000,102,112,100,113,103,113
4628,neighbor,False,MEMBER_FLEXURE,999999999.0000000000,8757.4480000000,0.2000000000,0.5000000000,0.3500000000,3.5000000000,0.7000000000,102,112,103,112,102,113
4629,neighbor,False,MINIMUM_MAIN_STEEL,999999999.0000000000,8757.4480000000,0.2500000000,0.5000000000,0.4500000000,3.5000000000,0.7000000000,101,113,103,111,104,112
4630,neighbor,True,PASS_IMPLEMENTED_PROJECT_CHECKS,8757.4480000000,8757.4480000000,0.2000000000,0.5000000000,0.3000000000,3.0000000000,0.7000000000,102,112,100,111,103,113
4631,neighbor,False,MINIMUM_MAIN_STEEL,999999999.0000000000,8757.4480000000,0.2000000000,0.4000000000,0.5500000000,3.0000000000,0.6000000000,102,111,100,113,104,110
4632,neighbor,False,STEM_STRESS_OR_INTERVAL_BOUND,999999999.0000000000,8757.4480000000,0.2250000000,0.4000000000,0.3000000000,3.0000000000,0.8000000000,102,113,102,113,102,111
4633,neighbor,True,PASS_IMPLEMENTED_PROJECT_CHECKS,10723.6730000000,8757.4480000000,0.2500000000,0.5500000000,0.3000000000,3.0000000000,0.7000000000,102,110,100,111,103,113
4634,neighbor,False,MINIMUM_MAIN_STEEL,999999999.0000000000,8757.4480000000,0.2000000000,0.5000000000,0.3000000000,2.5000000000,0.7000000000,102,112,100,112,102,111
4635,neighbor,False,MINIMUM_MAIN_STEEL,999999999.0000000000,8757.4480000000,0.2000000000,0.5000000000,0.4500000000,2.5000000000,0.9000000000,102,112,103,110,100,112
4636,neighbor,False,MINIMUM_MAIN_STEEL,999999999.0000000000,8757.4480000000,0.2000000000,0.5000000000,0.5000000000,2.5000000000,0.5000000000,102,112,103,111,100,111
4637,neighbor,False,MINIMUM_MAIN_STEEL,999999999.0000000000,8757.4480000000,0.2000000000,0.5000000000,0.3000000000,3.0000000000,0.7000000000,100,110,100,111,103,113
4638,neighbor,False,MINIMUM_MAIN_STEEL,999999999.0000000000,8757.4480000000,0.2000000000,0.5000000000,0.3000000000,3.0000000000,0.7000000000,100,113,100,111,103,113
4639,neighbor,True,PASS_IMPLEMENTED_PROJECT_CHECKS,9247.0375000000,8757.4480000000,0.2000000000,0.5000000000,0.3000000000,3.0000000000,0.7000000000,102,112,103,110,103,113
4640,neighbor,False,MINIMUM_MAIN_STEEL,999999999.0000000000,8757.4480000000,0.2000000000,0.5500000000,0.3000000000,3.0000000000,0.7000000000,100,111,104,110,103,112
4641,neighbor,True,PASS_IMPLEMENTED_PROJECT_CHECKS,8816.6800000000,8757.4480000000,0.2000000000,0.5000000000,0.3000000000,3.0000000000,0.7000000000,102,112,102,113,103,113
4642,neighbor,True,PASS_IMPLEMENTED_PROJECT_CHECKS,8801.8720000000,8757.4480000000,0.2000000000,0.5000000000,0.3000000000,3.0000000000,0.7000000000,102,112,100,110,103,113
4643,neighbor,True,PASS_IMPLEMENTED_PROJECT_CHECKS,9453.9422800000,8757.4480000000,0.2000000000,0.5000000000,0.3000000000,3.0000000000,0.7000000000,102,112,100,111,104,111
4644,neighbor,True,PASS_IMPLEMENTED_PROJECT_CHECKS,9099.8830000000,8757.4480000000,0.2000000000,0.5000000000,0.3000000000,3.0000000000,0.7000000000,103,113,100,111,103,113
4645,neighbor,False,MINIMUM_MAIN_STEEL,999999999.0000000000,8757.4480000000,0.2500000000,0.5000000000,0.3500000000,3.5000000000,0.5000000000,102,113,102,110,101,111
4646,neighbor,False,MAXIMUM_MAIN_STEEL,999999999.0000000000,8757.4480000000,0.2000000000,0.4000000000,0.3000000000,3.0000000000,0.7000000000,103,111,100,111,103,113
4647,neighbor,True,PASS_IMPLEMENTED_PROJECT_CHECKS,8757.4480000000,8757.4480000000,0.2000000000,0.5000000000,0.3000000000,3.0000000000,0.7000000000,102,112,100,111,103,113
4648,neighbor,False,MINIMUM_MAIN_STEEL,999999999.0000000000,8757.4480000000,0.2500000000,0.4500000000,0.3000000000,3.0000000000,0.9000000000,100,113,103,110,102,111
4649,neighbor,False,MINIMUM_MAIN_STEEL,999999999.0000000000,8757.4480000000,0.2000000000,0.5000000000,0.3000000000,3.0000000000,0.7000000000,100,112,100,111,103,113
4650,neighbor,False,MINIMUM_MAIN_STEEL,999999999.0000000000,8757.4480000000,0.2000000000,0.5000000000,0.3000000000,3.0000000000,0.7000000000,100,111,100,111,103,113
4651,neighbor,False,MINIMUM_MAIN_STEEL,999999999.0000000000,8757.4480000000,0.2000000000,0.5000000000,0.3000000000,3.0000000000,0.7000000000,102,113,100,111,103,113
4652,neighbor,False,MEMBER_FLEXURE,999999999.0000000000,8757.4480000000,0.2000000000,0.5000000000,0.3000000000,3.0000000000,0.7000000000,102,112,100,111,101,111
4653,neighbor,False,MAXIMUM_MAIN_STEEL,999999999.0000000000,8757.4480000000,0.2000000000,0.5500000000,0.3500000000,3.0000000000,0.8000000000,104,112,102,111,104,111
4654,neighbor,False,MEMBER_FLEXURE,999999999.0000000000,8757.4480000000,0.2000000000,0.5000000000,0.3000000000,3.0000000000,0.7000000000,102,112,100,111,100,111
4655,neighbor,True,PASS_IMPLEMENTED_PROJECT_CHECKS,10113.4353200000,8757.4480000000,0.2000000000,0.6000000000,0.3000000000,3.0000000000,0.7000000000,104,113,100,111,103,113
4656,neighbor,False,MINIMUM_MAIN_STEEL,999999999.0000000000,8757.4480000000,0.2000000000,0.5000000000,0.3000000000,3.0000000000,0.7000000000,100,110,100,111,103,113
4657,neighbor,False,MAXIMUM_MAIN_STEEL,999999999.0000000000,8757.4480000000,0.2000000000,0.6000000000,0.3000000000,3.0000000000,0.7000000000,102,110,100,111,103,113
4658,neighbor,False,MINIMUM_MAIN_STEEL,999999999.0000000000,8757.4480000000,0.2500000000,0.4000000000,0.3000000000,3.0000000000,0.7000000000,100,112,100,111,103,113
4659,neighbor,True,PASS_IMPLEMENTED_PROJECT_CHECKS,8919.9065680000,8757.4480000000,0.2000000000,0.5000000000,0.3000000000,3.0000000000,0.7000000000,102,112,100,111,104,113
4660,neighbor,False,MAXIMUM_MAIN_STEEL,999999999.0000000000,8757.4480000000,0.2000000000,0.5000000000,0.3000000000,3.0000000000,0.7000000000,102,110,100,111,103,113
4661,neighbor,True,PASS_IMPLEMENTED_PROJECT_CHECKS,10259.6505000000,8757.4480000000,0.2250000000,0.6000000000,0.3000000000,3.0000000000,0.7000000000,103,112,100,111,103,113
4662,neighbor,True,PASS_IMPLEMENTED_PROJECT_CHECKS,8772.7742800000,8757.4480000000,0.2000000000,0.5000000000,0.3000000000,3.0000000000,0.7000000000,102,112,100,111,101,110
4663,neighbor,False,ENVELOPE_BASE_CONTACT,999999999.0000000000,8757.4480000000,0.2000000000,0.5500000000,0.3000000000,2.5000000000,0.6000000000,104,110,101,111,101,110
4664,neighbor,False,MINIMUM_MAIN_STEEL,999999999.0000000000,8757.4480000000,0.2000000000,0.4000000000,0.3000000000,3.0000000000,0.7000000000,100,112,100,111,103,113
4665,neighbor,False,MAXIMUM_MAIN_STEEL,999999999.0000000000,8757.4480000000,0.2000000000,0.5500000000,0.3000000000,3.0000000000,0.7000000000,102,110,100,111,103,113
4666,neighbor,False,MAXIMUM_MAIN_STEEL,999999999.0000000000,8757.4480000000,0.2000000000,0.5000000000,0.3000000000,3.0000000000,0.7000000000,104,111,100,111,103,113
4667,neighbor,False,MINIMUM_MAIN_STEEL,999999999.0000000000,8757.4480000000,0.2000000000,0.5000000000,0.3000000000,3.0000000000,0.7000000000,102,112,100,111,100,113
4668,neighbor,True,PASS_IMPLEMENTED_PROJECT_CHECKS,8757.4480000000,8757.4480000000,0.2000000000,0.5000000000,0.3000000000,3.0000000000,0.7000000000,102,112,100,111,103,113
4669,neighbor,False,MINIMUM_MAIN_STEEL,999999999.0000000000,8757.4480000000,0.2000000000,0.5000000000,0.3000000000,3.5000000000,0.5000000000,100,112,101,113,100,113
4670,neighbor,False,MAXIMUM_MAIN_STEEL,999999999.0000000000,8757.4480000000,0.2000000000,0.5000000000,0.3000000000,3.0000000000,0.7000000000,103,110,100,111,103,113
4671,neighbor,False,MINIMUM_MAIN_STEEL,999999999.0000000000,8757.4480000000,0.2250000000,0.6000000000,0.3000000000,2.5000000000,0.6000000000,102,112,100,110,104,111
4672,neighbor,False,MINIMUM_MAIN_STEEL,999999999.0000000000,8757.4480000000,0.2000000000,0.5000000000,0.3000000000,3.0000000000,0.7000000000,100,113,100,111,103,113
4673,neighbor,False,MINIMUM_MAIN_STEEL,999999999.0000000000,8757.4480000000,0.2000000000,0.5000000000,0.3000000000,3.0000000000,0.7000000000,101,113,100,111,103,113
4674,neighbor,True,PASS_IMPLEMENTED_PROJECT_CHECKS,9031.3960000000,8757.4480000000,0.2000000000,0.5000000000,0.3000000000,3.0000000000,0.7000000000,102,112,104,112,103,113
4675,neighbor,True,PASS_IMPLEMENTED_PROJECT_CHECKS,8958.8368000000,8757.4480000000,0.2000000000,0.5000000000,0.3000000000,3.0000000000,0.7000000000,102,112,104,113,103,113
4676,neighbor,False,MINIMUM_MAIN_STEEL,999999999.0000000000,8757.4480000000,0.2000000000,0.5000000000,0.3000000000,3.0000000000,0.5000000000,102,112,104,111,100,112
4677,neighbor,False,MINIMUM_MAIN_STEEL,999999999.0000000000,8757.4480000000,0.2000000000,0.5000000000,0.5000000000,3.5000000000,0.9000000000,102,113,101,112,101,111
4678,neighbor,False,MEMBER_FLEXURE,999999999.0000000000,8757.4480000000,0.2000000000,0.5000000000,0.3000000000,3.0000000000,0.7000000000,102,112,100,111,100,110
4679,neighbor,False,MINIMUM_MAIN_STEEL,999999999.0000000000,8757.4480000000,0.2000000000,0.4000000000,0.3000000000,2.5000000000,0.8000000000,100,110,103,112,103,110
4680,neighbor,False,MAXIMUM_MAIN_STEEL,999999999.0000000000,8757.4480000000,0.2000000000,0.4500000000,0.3000000000,3.0000000000,0.7000000000,103,110,100,111,103,113
4681,neighbor,False,MAXIMUM_MAIN_STEEL,999999999.0000000000,8757.4480000000,0.2000000000,0.5000000000,0.3000000000,3.0000000000,0.7000000000,102,112,104,110,103,113
4682,neighbor,False,MEMBER_FLEXURE,999999999.0000000000,8757.4480000000,0.2000000000,0.5000000000,0.3000000000,3.0000000000,0.7000000000,102,112,100,111,101,112
4683,neighbor,True,PASS_IMPLEMENTED_PROJECT_CHECKS,9535.4603200000,8757.4480000000,0.2000000000,0.5000000000,0.3000000000,3.0000000000,0.7000000000,104,113,100,111,103,113
4684,neighbor,False,MINIMUM_MAIN_STEEL,999999999.0000000000,8757.4480000000,0.2000000000,0.5000000000,0.3000000000,3.0000000000,0.7000000000,101,111,100,111,103,113
4685,neighbor,False,MAXIMUM_MAIN_STEEL,999999999.0000000000,8757.4480000000,0.2000000000,0.4500000000,0.3000000000,3.0000000000,0.7000000000,102,110,102,113,104,111
4686,neighbor,False,MINIMUM_MAIN_STEEL,999999999.0000000000,8757.4480000000,0.2000000000,0.4000000000,0.3000000000,3.5000000000,0.7000000000,104,112,100,113,103,112
4687,neighbor,False,MINIMUM_MAIN_STEEL,999999999.0000000000,8757.4480000000,0.2000000000,0.4500000000,0.3000000000,3.0000000000,0.7000000000,100,110,100,111,103,113
4688,neighbor,True,PASS_IMPLEMENTED_PROJECT_CHECKS,9535.4603200000,8757.4480000000,0.2000000000,0.5000000000,0.3000000000,3.0000000000,0.7000000000,104,113,100,111,103,113
4689,neighbor,True,PASS_IMPLEMENTED_PROJECT_CHECKS,9535.4603200000,8757.4480000000,0.2000000000,0.5000000000,0.3000000000,3.0000000000,0.7000000000,104,113,100,111,103,113
4690,neighbor,False,ENVELOPE_BASE_CONTACT,999999999.0000000000,8757.4480000000,0.2500000000,0.5000000000,0.3000000000,2.5000000000,0.5000000000,104,110,102,113,101,112
4691,neighbor,False,STEM_STRESS_OR_INTERVAL_BOUND,999999999.0000000000,8757.4480000000,0.2000000000,0.4000000000,0.5500000000,3.5000000000,0.6000000000,102,112,104,110,103,111
4692,neighbor,False,MINIMUM_MAIN_STEEL,999999999.0000000000,8757.4480000000,0.2000000000,0.5000000000,0.3000000000,3.5000000000,0.7000000000,102,112,100,113,104,112
4693,neighbor,False,MINIMUM_MAIN_STEEL,999999999.0000000000,8757.4480000000,0.2000000000,0.5000000000,0.3000000000,3.0000000000,0.7000000000,100,112,100,111,103,113
4694,neighbor,True,PASS_IMPLEMENTED_PROJECT_CHECKS,9054.2250000000,8757.4480000000,0.2000000000,0.5000000000,0.3000000000,3.0000000000,0.7000000000,102,112,103,111,103,113
4695,neighbor,False,MAXIMUM_MAIN_STEEL,999999999.0000000000,8757.4480000000,0.2000000000,0.5000000000,0.3000000000,3.0000000000,0.7000000000,103,110,100,111,103,113
4696,neighbor,True,PASS_IMPLEMENTED_PROJECT_CHECKS,8826.5520000000,8757.4480000000,0.2000000000,0.5000000000,0.3000000000,3.0000000000,0.7000000000,102,112,101,111,103,113
4697,neighbor,False,MINIMUM_MAIN_STEEL,999999999.0000000000,8757.4480000000,0.2500000000,0.4000000000,0.5000000000,2.5000000000,0.6000000000,101,111,104,110,101,113
4698,neighbor,True,PASS_IMPLEMENTED_PROJECT_CHECKS,11439.8235400000,8757.4480000000,0.2000000000,0.5000000000,0.4500000000,3.5000000000,0.5000000000,102,112,104,111,103,111
4699,neighbor,False,MINIMUM_MAIN_STEEL,999999999.0000000000,8757.4480000000,0.2000000000,0.5000000000,0.3000000000,3.0000000000,0.7000000000,101,112,100,111,103,113
4700,neighbor,False,MINIMUM_MAIN_STEEL,999999999.0000000000,8757.4480000000,0.2500000000,0.4000000000,0.5500000000,3.0000000000,0.8000000000,100,110,104,110,104,110
4701,neighbor,False,MINIMUM_MAIN_STEEL,999999999.0000000000,8757.4480000000,0.2000000000,0.6000000000,0.3000000000,3.5000000000,0.8000000000,103,113,100,110,100,112
4702,neighbor,False,MINIMUM_MAIN_STEEL,999999999.0000000000,8757.4480000000,0.2000000000,0.4000000000,0.3000000000,3.0000000000,0.7000000000,100,112,100,111,103,113
4703,neighbor,False,MINIMUM_MAIN_STEEL,999999999.0000000000,8757.4480000000,0.2000000000,0.5000000000,0.3000000000,2.5000000000,0.7000000000,102,112,100,113,100,110
4704,neighbor,True,PASS_IMPLEMENTED_PROJECT_CHECKS,8958.8368000000,8757.4480000000,0.2000000000,0.5000000000,0.3000000000,3.0000000000,0.7000000000,102,112,104,113,103,113
4705,neighbor,False,MINIMUM_MAIN_STEEL,999999999.0000000000,8757.4480000000,0.2000000000,0.5500000000,0.3000000000,2.5000000000,0.6000000000,100,111,104,113,103,111
4706,neighbor,False,MINIMUM_MAIN_STEEL,999999999.0000000000,8757.4480000000,0.2500000000,0.4500000000,0.3000000000,3.0000000000,0.9000000000,102,113,101,112,103,110
4707,neighbor,False,MINIMUM_MAIN_STEEL,999999999.0000000000,8757.4480000000,0.2000000000,0.5000000000,0.3000000000,2.5000000000,0.5000000000,102,112,104,110,100,112
4708,neighbor,False,MAXIMUM_MAIN_STEEL,999999999.0000000000,8757.4480000000,0.2000000000,0.5000000000,0.3000000000,3.0000000000,0.7000000000,102,110,100,111,103,113
4709,neighbor,False,MAXIMUM_MAIN_STEEL,999999999.0000000000,8757.4480000000,0.2000000000,0.4500000000,0.3000000000,3.0000000000,0.7000000000,104,111,100,111,103,113
4710,neighbor,False,ENVELOPE_BASE_CONTACT,999999999.0000000000,8757.4480000000,0.2000000000,0.5000000000,0.5000000000,2.5000000000,0.7000000000,102,112,100,110,100,110
4711,neighbor,True,PASS_IMPLEMENTED_PROJECT_CHECKS,8757.4480000000,8757.4480000000,0.2000000000,0.5000000000,0.3000000000,3.0000000000,0.7000000000,102,112,100,111,103,113
4712,neighbor,False,MINIMUM_MAIN_STEEL,999999999.0000000000,8757.4480000000,0.2000000000,0.5000000000,0.3000000000,3.0000000000,0.7000000000,100,110,100,111,103,113
4713,neighbor,False,MAXIMUM_MAIN_STEEL,999999999.0000000000,8757.4480000000,0.2000000000,0.5000000000,0.3000000000,3.0000000000,0.7000000000,102,112,100,111,104,110
4714,neighbor,True,PASS_IMPLEMENTED_PROJECT_CHECKS,9183.1780000000,8757.4480000000,0.2000000000,0.5000000000,0.3000000000,3.0000000000,0.7000000000,102,112,100,111,103,111
4715,neighbor,False,ENVELOPE_BASE_CONTACT,999999999.0000000000,8757.4480000000,0.2000000000,0.5000000000,0.5500000000,2.5000000000,0.6000000000,102,112,103,113,104,110
4716,neighbor,False,MINIMUM_MAIN_STEEL,999999999.0000000000,8757.4480000000,0.2000000000,0.6000000000,0.4500000000,3.5000000000,0.7000000000,103,110,104,112,101,113
4717,neighbor,True,PASS_IMPLEMENTED_PROJECT_CHECKS,9054.2250000000,8757.4480000000,0.2000000000,0.5000000000,0.3000000000,3.0000000000,0.7000000000,102,112,103,111,103,113
4718,neighbor,False,MINIMUM_MAIN_STEEL,999999999.0000000000,8757.4480000000,0.2000000000,0.5000000000,0.3000000000,3.5000000000,0.8000000000,102,112,101,113,100,113
4719,neighbor,False,MINIMUM_MAIN_STEEL,999999999.0000000000,8757.4480000000,0.2000000000,0.5000000000,0.3000000000,3.0000000000,0.6000000000,102,112,100,112,100,112
4720,neighbor,False,MINIMUM_MAIN_STEEL,999999999.0000000000,8757.4480000000,0.2000000000,0.5000000000,0.3000000000,2.5000000000,0.6000000000,102,112,100,111,100,112
4721,neighbor,True,PASS_IMPLEMENTED_PROJECT_CHECKS,10259.6505000000,8757.4480000000,0.2250000000,0.6000000000,0.3000000000,3.0000000000,0.7000000000,103,112,100,111,103,113
4722,neighbor,False,MINIMUM_MAIN_STEEL,999999999.0000000000,8757.4480000000,0.2000000000,0.5000000000,0.3000000000,3.0000000000,0.8000000000,102,113,104,113,100,112
4723,neighbor,True,PASS_IMPLEMENTED_PROJECT_CHECKS,8816.6800000000,8757.4480000000,0.2000000000,0.5000000000,0.3000000000,3.0000000000,0.7000000000,102,112,102,113,103,113
4724,neighbor,False,MAXIMUM_MAIN_STEEL,999999999.0000000000,8757.4480000000,0.2000000000,0.5000000000,0.3000000000,3.0000000000,0.7000000000,103,110,100,111,103,113
4725,neighbor,False,MINIMUM_MAIN_STEEL,999999999.0000000000,8757.4480000000,0.2000000000,0.6000000000,0.3000000000,2.5000000000,0.8000000000,103,110,100,113,100,112
4726,neighbor,False,ENVELOPE_BASE_CONTACT,999999999.0000000000,8757.4480000000,0.2000000000,0.5000000000,0.3000000000,2.5000000000,0.9000000000,102,112,103,112,103,112
4727,neighbor,True,PASS_IMPLEMENTED_PROJECT_CHECKS,8899.9750000000,8757.4480000000,0.2000000000,0.5000000000,0.3000000000,3.0000000000,0.7000000000,102,112,103,113,103,113
4728,neighbor,False,MINIMUM_MAIN_STEEL,999999999.0000000000,8757.4480000000,0.2000000000,0.5000000000,0.5000000000,2.5000000000,0.5000000000,102,112,100,112,100,112
4729,neighbor,True,PASS_IMPLEMENTED_PROJECT_CHECKS,8917.0967500000,8757.4480000000,0.2000000000,0.5000000000,0.3000000000,3.0000000000,0.7000000000,102,112,100,111,103,112
4730,neighbor,False,MEMBER_FLEXURE,999999999.0000000000,8757.4480000000,0.2000000000,0.5000000000,0.3000000000,3.0000000000,0.7000000000,102,112,100,111,100,111
4731,neighbor,True,PASS_IMPLEMENTED_PROJECT_CHECKS,12240.4212400000,8757.4480000000,0.2000000000,0.5000000000,0.4000000000,3.5000000000,0.6000000000,102,112,103,111,104,110
4732,neighbor,False,MAXIMUM_MAIN_STEEL,999999999.0000000000,8757.4480000000,0.2000000000,0.6000000000,0.3000000000,3.0000000000,0.7000000000,102,110,100,111,103,113
4733,neighbor,False,MEMBER_FLEXURE,999999999.0000000000,8757.4480000000,0.2000000000,0.5000000000,0.3000000000,3.0000000000,0.7000000000,102,112,100,111,100,110
4734,neighbor,True,PASS_IMPLEMENTED_PROJECT_CHECKS,9314.7865680000,8757.4480000000,0.2000000000,0.5000000000,0.3000000000,3.0000000000,0.7000000000,102,112,104,111,104,113
4735,neighbor,True,PASS_IMPLEMENTED_PROJECT_CHECKS,8800.0210000000,8757.4480000000,0.2000000000,0.5000000000,0.3000000000,3.0000000000,0.7000000000,102,112,100,111,102,111
4736,neighbor,True,PASS_IMPLEMENTED_PROJECT_CHECKS,8757.4480000000,8757.4480000000,0.2000000000,0.5000000000,0.3000000000,3.0000000000,0.7000000000,102,112,100,111,103,113
4737,neighbor,False,MINIMUM_MAIN_STEEL,999999999.0000000000,8757.4480000000,0.2500000000,0.5500000000,0.3000000000,3.0000000000,0.7000000000,101,111,100,111,103,113
4738,neighbor,False,MINIMUM_MAIN_STEEL,999999999.0000000000,8757.4480000000,0.2000000000,0.6000000000,0.3000000000,3.0000000000,0.7000000000,100,112,100,111,103,113
4739,neighbor,True,PASS_IMPLEMENTED_PROJECT_CHECKS,8919.9065680000,8757.4480000000,0.2000000000,0.5000000000,0.3000000000,3.0000000000,0.7000000000,102,112,100,111,104,113
4740,neighbor,False,STEM_STRESS_OR_INTERVAL_BOUND,999999999.0000000000,8757.4480000000,0.2500000000,0.4000000000,0.3000000000,3.0000000000,0.7000000000,103,113,100,111,103,113
4741,neighbor,False,MINIMUM_MAIN_STEEL,999999999.0000000000,8757.4480000000,0.2000000000,0.5000000000,0.3000000000,3.0000000000,0.7000000000,101,111,100,111,103,113
4742,neighbor,False,MINIMUM_MAIN_STEEL,999999999.0000000000,8757.4480000000,0.2000000000,0.5000000000,0.3000000000,3.0000000000,0.7000000000,102,112,100,112,103,113
4743,neighbor,True,PASS_IMPLEMENTED_PROJECT_CHECKS,9214.0280000000,8757.4480000000,0.2000000000,0.5000000000,0.3000000000,3.0000000000,0.7000000000,102,111,100,111,103,113
4744,neighbor,False,MINIMUM_MAIN_STEEL,999999999.0000000000,8757.4480000000,0.2000000000,0.5000000000,0.3000000000,2.5000000000,0.9000000000,100,113,102,111,100,113
4745,neighbor,True,PASS_IMPLEMENTED_PROJECT_CHECKS,9140.6050000000,8757.4480000000,0.2000000000,0.5000000000,0.3000000000,3.0000000000,0.7000000000,102,112,100,111,102,110
4746,neighbor,False,ENVELOPE_BASE_CONTACT,999999999.0000000000,8757.4480000000,0.2000000000,0.5000000000,0.4500000000,2.5000000000,0.6000000000,102,112,101,110,102,111
4747,neighbor,True,PASS_IMPLEMENTED_PROJECT_CHECKS,9214.0280000000,8757.4480000000,0.2000000000,0.5000000000,0.3000000000,3.0000000000,0.7000000000,102,111,100,111,103,113
4748,neighbor,False,MEMBER_FLEXURE,999999999.0000000000,8757.4480000000,0.2000000000,0.5000000000,0.3500000000,3.0000000000,0.8000000000,102,112,103,113,100,110
4749,neighbor,False,MINIMUM_MAIN_STEEL,999999999.0000000000,8757.4480000000,0.2500000000,0.6000000000,0.5500000000,3.5000000000,0.7000000000,103,111,100,111,100,110
4750,neighbor,False,MINIMUM_MAIN_STEEL,999999999.0000000000,8757.4480000000,0.2500000000,0.4000000000,0.4000000000,2.5000000000,0.5000000000,100,113,102,111,102,112
4751,neighbor,False,MINIMUM_MAIN_STEEL,999999999.0000000000,8757.4480000000,0.2000000000,0.5000000000,0.3000000000,3.0000000000,0.7000000000,102,113,100,111,103,113
4752,neighbor,False,MINIMUM_MAIN_STEEL,999999999.0000000000,8757.4480000000,0.2000000000,0.5000000000,0.3000000000,3.0000000000,0.7000000000,102,112,100,111,100,113
4753,neighbor,False,ENVELOPE_BASE_CONTACT,999999999.0000000000,8757.4480000000,0.2000000000,0.5000000000,0.5500000000,2.5000000000,0.6000000000,102,112,104,111,103,110
4754,neighbor,False,MEMBER_FLEXURE,999999999.0000000000,8757.4480000000,0.2000000000,0.4500000000,0.3000000000,3.0000000000,0.7000000000,103,112,100,111,103,113
4755,neighbor,False,MEMBER_FLEXURE,999999999.0000000000,8757.4480000000,0.2000000000,0.5000000000,0.3000000000,3.0000000000,0.5000000000,102,112,102,113,100,111
4756,neighbor,False,MINIMUM_MAIN_STEEL,999999999.0000000000,8757.4480000000,0.2250000000,0.5000000000,0.3000000000,3.0000000000,0.7000000000,101,113,100,111,103,113
4757,neighbor,False,MINIMUM_MAIN_STEEL,999999999.0000000000,8757.4480000000,0.2000000000,0.5000000000,0.3000000000,3.0000000000,0.7000000000,102,112,100,113,103,113
4758,neighbor,False,MEMBER_FLEXURE,999999999.0000000000,8757.4480000000,0.2000000000,0.5000000000,0.3000000000,3.0000000000,0.7000000000,102,112,100,111,102,113
4759,neighbor,False,MINIMUM_MAIN_STEEL,999999999.0000000000,8757.4480000000,0.2250000000,0.4500000000,0.3000000000,3.0000000000,0.7000000000,100,110,100,111,103,113
4760,neighbor,False,MINIMUM_MAIN_STEEL,999999999.0000000000,8757.4480000000,0.2250000000,0.5500000000,0.3000000000,3.0000000000,0.7000000000,100,110,100,111,103,113
4761,neighbor,False,MAXIMUM_MAIN_STEEL,999999999.0000000000,8757.4480000000,0.2000000000,0.5000000000,0.3000000000,3.0000000000,0.7000000000,104,111,100,111,103,113
4762,neighbor,True,PASS_IMPLEMENTED_PROJECT_CHECKS,9715.3405000000,8757.4480000000,0.2000000000,0.5000000000,0.3000000000,3.0000000000,0.7000000000,102,112,100,111,103,110
4763,neighbor,True,PASS_IMPLEMENTED_PROJECT_CHECKS,8801.8720000000,8757.4480000000,0.2000000000,0.5000000000,0.3000000000,3.0000000000,0.7000000000,102,112,100,110,103,113
4764,neighbor,True,PASS_IMPLEMENTED_PROJECT_CHECKS,11423.6517800000,8757.4480000000,0.2000000000,0.5000000000,0.5500000000,3.5000000000,0.8000000000,102,112,104,111,100,110
4765,neighbor,False,MINIMUM_MAIN_STEEL,999999999.0000000000,8757.4480000000,0.2250000000,0.4000000000,0.3000000000,3.0000000000,0.7000000000,100,112,100,111,103,113
4766,neighbor,True,PASS_IMPLEMENTED_PROJECT_CHECKS,10008.8171100000,8757.4480000000,0.2000000000,0.5500000000,0.3500000000,3.0000000000,0.8000000000,103,113,104,112,103,113
4767,neighbor,True,PASS_IMPLEMENTED_PROJECT_CHECKS,9503.0155000000,8757.4480000000,0.2000000000,0.5500000000,0.3000000000,3.0000000000,0.7000000000,102,111,100,111,103,113
4768,neighbor,False,MINIMUM_MAIN_STEEL,999999999.0000000000,8757.4480000000,0.2000000000,0.5500000000,0.3000000000,3.0000000000,0.7000000000,100,113,100,111,103,113
4769,neighbor,True,PASS_IMPLEMENTED_PROJECT_CHECKS,8917.0967500000,8757.4480000000,0.2000000000,0.5000000000,0.3000000000,3.0000000000,0.7000000000,102,112,100,111,103,112
4770,neighbor,False,MINIMUM_MAIN_STEEL,999999999.0000000000,8757.4480000000,0.2000000000,0.5000000000,0.3000000000,3.0000000000,0.7000000000,101,111,100,111,103,113
4771,neighbor,False,MINIMUM_MAIN_STEEL,999999999.0000000000,8757.4480000000,0.2000000000,0.5500000000,0.5500000000,3.5000000000,0.9000000000,101,113,100,112,103,111
4772,neighbor,False,MINIMUM_MAIN_STEEL,999999999.0000000000,8757.4480000000,0.2000000000,0.4000000000,0.3000000000,3.0000000000,0.7000000000,100,111,100,111,103,113
4773,neighbor,True,PASS_IMPLEMENTED_PROJECT_CHECKS,12277.9271120000,8757.4480000000,0.2500000000,0.5000000000,0.4000000000,3.5000000000,0.6000000000,104,113,101,110,104,111
4774,neighbor,False,MEMBER_FLEXURE,999999999.0000000000,8757.4480000000,0.2000000000,0.5000000000,0.3000000000,3.0000000000,0.7000000000,102,112,100,111,101,111
4775,neighbor,False,MAXIMUM_MAIN_STEEL,999999999.0000000000,8757.4480000000,0.2000000000,0.6000000000,0.3000000000,3.0000000000,0.7000000000,104,112,100,111,103,113
4776,neighbor,False,MINIMUM_MAIN_STEEL,999999999.0000000000,8757.4480000000,0.2000000000,0.5000000000,0.3000000000,3.0000000000,0.7000000000,102,112,100,112,103,113
4777,neighbor,True,PASS_IMPLEMENTED_PROJECT_CHECKS,8801.8720000000,8757.4480000000,0.2000000000,0.5000000000,0.3000000000,3.0000000000,0.7000000000,102,112,100,110,103,113
4778,neighbor,False,MINIMUM_MAIN_STEEL,999999999.0000000000,8757.4480000000,0.2000000000,0.5000000000,0.3000000000,3.0000000000,0.6000000000,102,112,100,113,101,110
4779,neighbor,False,MEMBER_FLEXURE,999999999.0000000000,8757.4480000000,0.2500000000,0.4500000000,0.3000000000,3.0000000000,0.7000000000,103,113,100,111,103,113
4780,neighbor,False,MEMBER_FLEXURE,999999999.0000000000,8757.4480000000,0.2000000000,0.5000000000,0.3000000000,3.0000000000,0.7000000000,102,112,100,111,101,113
4781,neighbor,False,MINIMUM_MAIN_STEEL,999999999.0000000000,8757.4480000000,0.2500000000,0.6000000000,0.3000000000,2.5000000000,0.8000000000,101,113,102,111,102,112
4782,neighbor,False,STEM_STRESS_OR_INTERVAL_BOUND,999999999.0000000000,8757.4480000000,0.2500000000,0.4500000000,0.3000000000,3.0000000000,0.7000000000,102,112,100,111,103,113
4783,neighbor,False,MINIMUM_MAIN_STEEL,999999999.0000000000,8757.4480000000,0.2000000000,0.5000000000,0.3000000000,3.0000000000,0.7000000000,102,112,100,113,103,113
4784,neighbor,True,PASS_IMPLEMENTED_PROJECT_CHECKS,9734.9184700000,8757.4480000000,0.2000000000,0.5500000000,0.3500000000,3.0000000000,0.9000000000,102,111,102,112,101,111
4785,neighbor,False,MINIMUM_MAIN_STEEL,999999999.0000000000,8757.4480000000,0.2500000000,0.4500000000,0.3000000000,3.5000000000,0.8000000000,102,113,102,112,102,112
4786,neighbor,False,STEM_STRESS_OR_INTERVAL_BOUND,999999999.0000000000,8757.4480000000,0.2000000000,0.4000000000,0.3000000000,3.0000000000,0.7000000000,102,113,100,111,103,113
4787,neighbor,True,PASS_IMPLEMENTED_PROJECT_CHECKS,9247.0375000000,8757.4480000000,0.2000000000,0.5000000000,0.3000000000,3.0000000000,0.7000000000,102,112,103,110,103,113
4788,neighbor,False,MEMBER_FLEXURE,999999999.0000000000,8757.4480000000,0.2500000000,0.4000000000,0.3000000000,3.0000000000,0.7000000000,104,113,100,111,103,113
4789,neighbor,False,MINIMUM_MAIN_STEEL,999999999.0000000000,8757.4480000000,0.2000000000,0.5000000000,0.3000000000,3.0000000000,0.7000000000,101,112,100,111,103,113
4790,neighbor,False,MEMBER_FLEXURE,999999999.0000000000,8757.4480000000,0.2000000000,0.4000000000,0.3000000000,3.0000000000,0.7000000000,103,112,100,111,103,113
4791,neighbor,False,ENVELOPE_BASE_CONTACT,999999999.0000000000,8757.4480000000,0.2000000000,0.5000000000,0.5000000000,2.5000000000,0.5000000000,102,112,104,113,103,110
4792,neighbor,False,MEMBER_FLEXURE,999999999.0000000000,8757.4480000000,0.2000000000,0.5000000000,0.3500000000,3.5000000000,0.9000000000,102,112,104,111,100,111
4793,neighbor,True,PASS_IMPLEMENTED_PROJECT_CHECKS,9503.0155000000,8757.4480000000,0.2000000000,0.5500000000,0.3000000000,3.0000000000,0.7000000000,102,111,100,111,103,113
4794,neighbor,True,PASS_IMPLEMENTED_PROJECT_CHECKS,9527.9267500000,8757.4480000000,0.2000000000,0.5000000000,0.3000000000,3.0000000000,0.7000000000,103,112,100,111,103,113
4795,neighbor,False,MEMBER_FLEXURE,999999999.0000000000,8757.4480000000,0.2500000000,0.5000000000,0.3000000000,3.0000000000,0.9000000000,101,110,100,111,101,110
4796,neighbor,True,PASS_IMPLEMENTED_PROJECT_CHECKS,9214.0280000000,8757.4480000000,0.2000000000,0.5000000000,0.3000000000,3.0000000000,0.7000000000,102,111,100,111,103,113
4797,neighbor,True,PASS_IMPLEMENTED_PROJECT_CHECKS,9677.8580000000,8757.4480000000,0.2000000000,0.6000000000,0.3000000000,3.0000000000,0.7000000000,103,113,100,111,103,113
4798,neighbor,False,MINIMUM_MAIN_STEEL,999999999.0000000000,8757.4480000000,0.2000000000,0.5000000000,0.4000000000,3.0000000000,0.6000000000,104,111,104,111,100,113
4799,neighbor,True,PASS_IMPLEMENTED_PROJECT_CHECKS,8853.7000000000,8757.4480000000,0.2000000000,0.5000000000,0.3000000000,3.0000000000,0.7000000000,102,112,102,112,103,113
4800,neighbor,False,MINIMUM_MAIN_STEEL,999999999.0000000000,8757.4480000000,0.2000000000,0.5000000000,0.3000000000,3.0000000000,0.7000000000,100,112,100,111,103,113
4801,neighbor,True,PASS_IMPLEMENTED_PROJECT_CHECKS,9120.1699600000,8757.4480000000,0.2000000000,0.5000000000,0.3000000000,3.0000000000,0.7000000000,102,112,100,111,104,112
4802,neighbor,False,MINIMUM_MAIN_STEEL,999999999.0000000000,8757.4480000000,0.2000000000,0.6000000000,0.3500000000,2.5000000000,0.6000000000,100,110,103,110,104,113
4803,neighbor,False,MINIMUM_MAIN_STEEL,999999999.0000000000,8757.4480000000,0.2500000000,0.5000000000,0.5500000000,3.0000000000,0.6000000000,100,111,103,110,101,111
4804,neighbor,False,MEMBER_FLEXURE,999999999.0000000000,8757.4480000000,0.2000000000,0.5000000000,0.3000000000,3.0000000000,0.7000000000,102,112,100,111,102,113
4805,neighbor,True,PASS_IMPLEMENTED_PROJECT_CHECKS,8763.3712000000,8757.4480000000,0.2000000000,0.5000000000,0.3000000000,3.0000000000,0.7000000000,102,112,101,113,103,113
4806,neighbor,True,PASS_IMPLEMENTED_PROJECT_CHECKS,8757.4480000000,8757.4480000000,0.2000000000,0.5000000000,0.3000000000,3.0000000000,0.7000000000,102,112,100,111,103,113
4807,neighbor,False,MINIMUM_MAIN_STEEL,999999999.0000000000,8757.4480000000,0.2000000000,0.5000000000,0.4500000000,3.5000000000,0.6000000000,102,112,100,111,101,111
4808,neighbor,True,PASS_IMPLEMENTED_PROJECT_CHECKS,8787.0640000000,8757.4480000000,0.2000000000,0.5000000000,0.3000000000,3.0000000000,0.7000000000,102,112,101,112,103,113
4809,neighbor,False,MINIMUM_MAIN_STEEL,999999999.0000000000,8757.4480000000,0.2000000000,0.5000000000,0.3000000000,3.0000000000,0.7000000000,101,113,100,111,103,113
4810,neighbor,False,STEM_STRESS_OR_INTERVAL_BOUND,999999999.0000000000,8757.4480000000,0.2000000000,0.4000000000,0.3000000000,3.5000000000,0.8000000000,103,113,103,112,102,110
4811,neighbor,False,MINIMUM_MAIN_STEEL,999999999.0000000000,8757.4480000000,0.2000000000,0.4500000000,0.3000000000,2.5000000000,0.7000000000,100,111,101,112,103,112
4812,neighbor,False,MINIMUM_MAIN_STEEL,999999999.0000000000,8757.4480000000,0.2000000000,0.5000000000,0.3000000000,3.0000000000,0.7000000000,102,113,100,111,103,113
4813,neighbor,True,PASS_IMPLEMENTED_PROJECT_CHECKS,9214.0280000000,8757.4480000000,0.2000000000,0.5000000000,0.3000000000,3.0000000000,0.7000000000,102,111,100,111,103,113
4814,neighbor,True,PASS_IMPLEMENTED_PROJECT_CHECKS,9099.8830000000,8757.4480000000,0.2000000000,0.5000000000,0.3000000000,3.0000000000,0.7000000000,103,113,100,111,103,113
4815,neighbor,True,PASS_IMPLEMENTED_PROJECT_CHECKS,9140.6050000000,8757.4480000000,0.2000000000,0.5000000000,0.3000000000,3.0000000000,0.7000000000,102,112,100,111,102,110
4816,neighbor,False,STEM_STRESS_OR_INTERVAL_BOUND,999999999.0000000000,8757.4480000000,0.2500000000,0.4500000000,0.3000000000,3.0000000000,0.7000000000,101,111,103,112,103,110
4817,neighbor,False,STEM_STRESS_OR_INTERVAL_BOUND,999999999.0000000000,8757.4480000000,0.2000000000,0.4500000000,0.3000000000,3.0000000000,0.6000000000,102,112,103,111,104,112
4818,neighbor,False,MAXIMUM_MAIN_STEEL,999999999.0000000000,8757.4480000000,0.2000000000,0.5000000000,0.3000000000,3.0000000000,0.7000000000,104,110,100,111,103,113
4819,neighbor,True,PASS_IMPLEMENTED_PROJECT_CHECKS,8919.9065680000,8757.4480000000,0.2000000000,0.5000000000,0.3000000000,3.0000000000,0.7000000000,102,112,100,111,104,113
4820,neighbor,False,MEMBER_FLEXURE,999999999.0000000000,8757.4480000000,0.2000000000,0.5000000000,0.3000000000,3.0000000000,0.7000000000,102,112,100,111,101,112
4821,neighbor,True,PASS_IMPLEMENTED_PROJECT_CHECKS,10739.9617200000,8757.4480000000,0.2000000000,0.5000000000,0.5000000000,3.0000000000,0.9000000000,102,112,104,112,102,110
4822,neighbor,True,PASS_IMPLEMENTED_PROJECT_CHECKS,10312.1975200000,8757.4480000000,0.2000000000,0.5000000000,0.4000000000,3.5000000000,0.6000000000,102,112,104,111,102,112
4823,neighbor,False,MEMBER_FLEXURE,999999999.0000000000,8757.4480000000,0.2250000000,0.4000000000,0.4500000000,3.5000000000,0.9000000000,103,112,104,110,101,112
4824,neighbor,False,MAXIMUM_MAIN_STEEL,999999999.0000000000,8757.4480000000,0.2000000000,0.5000000000,0.3000000000,3.0000000000,0.7000000000,104,111,100,111,103,113
4825,neighbor,True,PASS_IMPLEMENTED_PROJECT_CHECKS,8915.4000000000,8757.4480000000,0.2000000000,0.5000000000,0.3000000000,3.0000000000,0.7000000000,102,112,102,111,103,113
4826,neighbor,True,PASS_IMPLEMENTED_PROJECT_CHECKS,8958.8368000000,8757.4480000000,0.2000000000,0.5000000000,0.3000000000,3.0000000000,0.7000000000,102,112,104,113,103,113
4827,neighbor,False,MINIMUM_MAIN_STEEL,999999999.0000000000,8757.4480000000,0.2000000000,0.5000000000,0.3000000000,3.0000000000,0.7000000000,102,112,100,111,100,113
4828,neighbor,True,PASS_IMPLEMENTED_PROJECT_CHECKS,8763.3712000000,8757.4480000000,0.2000000000,0.5000000000,0.3000000000,3.0000000000,0.7000000000,102,112,101,113,103,113
4829,neighbor,False,MINIMUM_MAIN_STEEL,999999999.0000000000,8757.4480000000,0.2000000000,0.5000000000,0.3000000000,3.0000000000,0.7000000000,102,112,100,111,100,112
4830,neighbor,False,ENVELOPE_BASE_CONTACT,999999999.0000000000,8757.4480000000,0.2000000000,0.5000000000,0.3000000000,2.5000000000,0.5000000000,102,112,103,113,103,111
4831,neighbor,False,STEM_STRESS_OR_INTERVAL_BOUND,999999999.0000000000,8757.4480000000,0.2000000000,0.4000000000,0.3000000000,3.0000000000,0.7000000000,103,113,100,111,103,113
4832,neighbor,False,MINIMUM_MAIN_STEEL,999999999.0000000000,8757.4480000000,0.2000000000,0.5000000000,0.3000000000,3.0000000000,0.7000000000,100,111,100,111,103,113
4833,neighbor,False,MEMBER_FLEXURE,999999999.0000000000,8757.4480000000,0.2000000000,0.4500000000,0.3000000000,3.0000000000,0.7000000000,102,111,100,111,103,113
4834,neighbor,False,MAXIMUM_MAIN_STEEL,999999999.0000000000,8757.4480000000,0.2000000000,0.5000000000,0.3000000000,3.0000000000,0.7000000000,103,110,100,111,103,113
4835,neighbor,True,PASS_IMPLEMENTED_PROJECT_CHECKS,8919.9065680000,8757.4480000000,0.2000000000,0.5000000000,0.3000000000,3.0000000000,0.7000000000,102,112,100,111,104,113
4836,neighbor,False,MEMBER_FLEXURE,999999999.0000000000,8757.4480000000,0.2000000000,0.5000000000,0.3000000000,3.0000000000,0.7000000000,102,112,100,111,101,111
4837,neighbor,False,MINIMUM_MAIN_STEEL,999999999.0000000000,8757.4480000000,0.2000000000,0.5000000000,0.3000000000,2.5000000000,0.9000000000,102,112,100,112,100,111
4838,neighbor,True,PASS_IMPLEMENTED_PROJECT_CHECKS,9140.9752000000,8757.4480000000,0.2000000000,0.5000000000,0.3000000000,3.0000000000,0.7000000000,101,110,100,111,103,113
4839,neighbor,False,MINIMUM_MAIN_STEEL,999999999.0000000000,8757.4480000000,0.2000000000,0.5000000000,0.4500000000,3.0000000000,0.5000000000,102,113,104,111,101,111
4840,neighbor,True,PASS_IMPLEMENTED_PROJECT_CHECKS,9120.1699600000,8757.4480000000,0.2000000000,0.5000000000,0.3000000000,3.0000000000,0.7000000000,102,112,100,111,104,112
4841,neighbor,False,MINIMUM_MAIN_STEEL,999999999.0000000000,8757.4480000000,0.2500000000,0.6000000000,0.3000000000,3.0000000000,0.7000000000,100,110,100,111,103,113
4842,neighbor,False,MAXIMUM_MAIN_STEEL,999999999.0000000000,8757.4480000000,0.2500000000,0.5000000000,0.3000000000,3.0000000000,0.7000000000,103,110,100,111,103,113
4843,neighbor,False,MINIMUM_MAIN_STEEL,999999999.0000000000,8757.4480000000,0.2000000000,0.5500000000,0.3000000000,3.0000000000,0.7000000000,100,113,100,111,103,113
4844,neighbor,True,PASS_IMPLEMENTED_PROJECT_CHECKS,9099.8830000000,8757.4480000000,0.2000000000,0.5000000000,0.3000000000,3.0000000000,0.7000000000,103,113,100,111,103,113
4845,neighbor,True,PASS_IMPLEMENTED_PROJECT_CHECKS,8915.4000000000,8757.4480000000,0.2000000000,0.5000000000,0.3000000000,3.0000000000,0.7000000000,102,112,102,111,103,113
4846,neighbor,False,MAXIMUM_MAIN_STEEL,999999999.0000000000,8757.4480000000,0.2000000000,0.5500000000,0.3000000000,3.0000000000,0.7000000000,103,111,100,111,103,113
4847,neighbor,False,MAXIMUM_MAIN_STEEL,999999999.0000000000,8757.4480000000,0.2000000000,0.4000000000,0.3000000000,3.0000000000,0.7000000000,103,111,100,111,103,113
4848,neighbor,True,PASS_IMPLEMENTED_PROJECT_CHECKS,8801.8720000000,8757.4480000000,0.2000000000,0.5000000000,0.3000000000,3.0000000000,0.7000000000,102,112,100,110,103,113
4849,neighbor,False,ENVELOPE_BASE_CONTACT,999999999.0000000000,8757.4480000000,0.2000000000,0.5000000000,0.3000000000,2.5000000000,0.6000000000,102,112,103,112,102,110
4850,neighbor,True,PASS_IMPLEMENTED_PROJECT_CHECKS,9453.9422800000,8757.4480000000,0.2000000000,0.5000000000,0.3000000000,3.0000000000,0.7000000000,102,112,100,111,104,111
4851,neighbor,True,PASS_IMPLEMENTED_PROJECT_CHECKS,9038.8000000000,8757.4480000000,0.2000000000,0.5000000000,0.3000000000,3.0000000000,0.7000000000,102,112,102,110,103,113
4852,neighbor,True,PASS_IMPLEMENTED_PROJECT_CHECKS,9120.1699600000,8757.4480000000,0.2000000000,0.5000000000,0.3000000000,3.0000000000,0.7000000000,102,112,100,111,104,112
4853,neighbor,True,PASS_IMPLEMENTED_PROJECT_CHECKS,9535.4603200000,8757.4480000000,0.2000000000,0.5000000000,0.3000000000,3.0000000000,0.7000000000,104,113,100,111,103,113
4854,neighbor,False,MINIMUM_MAIN_STEEL,999999999.0000000000,8757.4480000000,0.2000000000,0.5000000000,0.5500000000,2.5000000000,0.5000000000,102,112,100,111,102,110
4855,neighbor,False,MINIMUM_MAIN_STEEL,999999999.0000000000,8757.4480000000,0.2000000000,0.5000000000,0.3000000000,3.0000000000,0.7000000000,101,111,100,111,103,113
4856,neighbor,False,MINIMUM_MAIN_STEEL,999999999.0000000000,8757.4480000000,0.2000000000,0.5000000000,0.3000000000,3.5000000000,0.9000000000,104,112,100,112,102,112
4857,neighbor,True,PASS_IMPLEMENTED_PROJECT_CHECKS,10370.8817800000,8757.4480000000,0.2500000000,0.6000000000,0.3000000000,3.0000000000,0.6000000000,103,113,100,111,104,112
4858,neighbor,False,MINIMUM_MAIN_STEEL,999999999.0000000000,8757.4480000000,0.2000000000,0.5000000000,0.4500000000,3.5000000000,0.5000000000,102,112,102,111,101,113
4859,neighbor,False,MINIMUM_MAIN_STEEL,999999999.0000000000,8757.4480000000,0.2000000000,0.5000000000,0.3000000000,3.0000000000,0.7000000000,102,112,100,111,100,112
4860,neighbor,False,MINIMUM_MAIN_STEEL,999999999.0000000000,8757.4480000000,0.2000000000,0.5000000000,0.3000000000,3.0000000000,0.7000000000,102,112,100,113,103,113
4861,neighbor,False,MINIMUM_MAIN_STEEL,999999999.0000000000,8757.4480000000,0.2000000000,0.4000000000,0.3000000000,3.0000000000,0.7000000000,100,111,100,111,103,113
4862,neighbor,False,MINIMUM_MAIN_STEEL,999999999.0000000000,8757.4480000000,0.2500000000,0.5000000000,0.3500000000,2.5000000000,0.9000000000,102,110,100,110,100,113
4863,neighbor,True,PASS_IMPLEMENTED_PROJECT_CHECKS,9535.4603200000,8757.4480000000,0.2000000000,0.5000000000,0.3000000000,3.0000000000,0.7000000000,104,113,100,111,103,113
4864,neighbor,False,MINIMUM_MAIN_STEEL,999999999.0000000000,8757.4480000000,0.2500000000,0.6000000000,0.3000000000,3.0000000000,0.7000000000,102,112,100,111,103,113
4865,neighbor,False,MAXIMUM_MAIN_STEEL,999999999.0000000000,8757.4480000000,0.2000000000,0.6000000000,0.3000000000,3.5000000000,0.5000000000,102,111,104,112,104,110
4866,neighbor,False,MAXIMUM_MAIN_STEEL,999999999.0000000000,8757.4480000000,0.2000000000,0.4000000000,0.3500000000,3.5000000000,0.7000000000,103,111,100,110,101,110
4867,neighbor,False,MEMBER_FLEXURE,999999999.0000000000,8757.4480000000,0.2000000000,0.5000000000,0.3000000000,3.0000000000,0.9000000000,102,112,101,113,101,113
4868,neighbor,False,MINIMUM_MAIN_STEEL,999999999.0000000000,8757.4480000000,0.2000000000,0.5000000000,0.3500000000,3.5000000000,0.8000000000,102,112,102,112,100,112
4869,neighbor,False,MEMBER_FLEXURE,999999999.0000000000,8757.4480000000,0.2000000000,0.5000000000,0.3000000000,3.0000000000,0.9000000000,102,112,101,113,102,110
4870,neighbor,False,MINIMUM_MAIN_STEEL,999999999.0000000000,8757.4480000000,0.2000000000,0.5500000000,0.3000000000,3.0000000000,0.7000000000,102,112,100,111,103,113
4871,neighbor,False,MAXIMUM_MAIN_STEEL,999999999.0000000000,8757.4480000000,0.2000000000,0.4000000000,0.3000000000,3.0000000000,0.7000000000,103,110,100,111,103,113
4872,neighbor,False,MINIMUM_MAIN_STEEL,999999999.0000000000,8757.4480000000,0.2500000000,0.5000000000,0.3000000000,3.0000000000,0.7000000000,100,110,100,111,103,113
4873,neighbor,True,PASS_IMPLEMENTED_PROJECT_CHECKS,9715.3405000000,8757.4480000000,0.2000000000,0.5000000000,0.3000000000,3.0000000000,0.7000000000,102,112,100,111,103,110
4874,neighbor,False,MINIMUM_MAIN_STEEL,999999999.0000000000,8757.4480000000,0.2250000000,0.4000000000,0.3500000000,3.5000000000,0.8000000000,104,113,101,110,100,113
4875,neighbor,False,MINIMUM_MAIN_STEEL,999999999.0000000000,8757.4480000000,0.2000000000,0.5000000000,0.3000000000,3.0000000000,0.7000000000,100,112,100,111,103,113
4876,neighbor,True,PASS_IMPLEMENTED_PROJECT_CHECKS,8917.0967500000,8757.4480000000,0.2000000000,0.5000000000,0.3000000000,3.0000000000,0.7000000000,102,112,100,111,103,112
4877,neighbor,False,MINIMUM_MAIN_STEEL,999999999.0000000000,8757.4480000000,0.2000000000,0.5000000000,0.3000000000,3.0000000000,0.7000000000,102,112,100,112,103,113
4878,neighbor,True,PASS_IMPLEMENTED_PROJECT_CHECKS,10973.0567500000,8757.4480000000,0.2250000000,0.6000000000,0.3000000000,3.0000000000,0.7000000000,103,111,100,111,103,113
4879,neighbor,True,PASS_IMPLEMENTED_PROJECT_CHECKS,8787.0640000000,8757.4480000000,0.2000000000,0.5000000000,0.3000000000,3.0000000000,0.9000000000,102,112,103,113,102,112
4880,neighbor,False,MAXIMUM_MAIN_STEEL,999999999.0000000000,8757.4480000000,0.2000000000,0.4500000000,0.3000000000,3.0000000000,0.7000000000,102,110,104,110,103,112
4881,neighbor,False,MAXIMUM_MAIN_STEEL,999999999.0000000000,8757.4480000000,0.2250000000,0.6000000000,0.3000000000,3.0000000000,0.7000000000,104,110,103,111,103,110
4882,neighbor,False,STEM_STRESS_OR_INTERVAL_BOUND,999999999.0000000000,8757.4480000000,0.2000000000,0.4000000000,0.3000000000,3.0000000000,0.7000000000,103,113,100,111,103,113
4883,neighbor,False,ENVELOPE_BASE_CONTACT,999999999.0000000000,8757.4480000000,0.2000000000,0.5000000000,0.3000000000,2.5000000000,0.5000000000,102,112,101,112,100,110
4884,neighbor,False,MAXIMUM_MAIN_STEEL,999999999.0000000000,8757.4480000000,0.2000000000,0.6000000000,0.3000000000,3.0000000000,0.7000000000,102,110,100,111,103,113
4885,neighbor,False,MINIMUM_MAIN_STEEL,999999999.0000000000,8757.4480000000,0.2000000000,0.5000000000,0.3000000000,3.0000000000,0.7000000000,102,112,100,112,103,113
4886,neighbor,False,MINIMUM_MAIN_STEEL,999999999.0000000000,8757.4480000000,0.2000000000,0.4000000000,0.3000000000,3.0000000000,0.7000000000,100,112,100,111,103,113
4887,neighbor,False,MEMBER_FLEXURE,999999999.0000000000,8757.4480000000,0.2000000000,0.5000000000,0.3000000000,3.0000000000,0.7000000000,102,112,100,111,101,112
4888,neighbor,True,PASS_IMPLEMENTED_PROJECT_CHECKS,8801.8720000000,8757.4480000000,0.2000000000,0.5000000000,0.3000000000,3.0000000000,0.7000000000,102,112,100,110,103,113
4889,neighbor,False,ENVELOPE_BASE_CONTACT,999999999.0000000000,8757.4480000000,0.2000000000,0.5000000000,0.3500000000,2.5000000000,0.5000000000,102,112,104,111,100,111
4890,neighbor,False,MINIMUM_MAIN_STEEL,999999999.0000000000,8757.4480000000,0.2000000000,0.5000000000,0.3000000000,3.0000000000,0.7000000000,102,112,100,113,103,113
4891,neighbor,False,MAXIMUM_MAIN_STEEL,999999999.0000000000,8757.4480000000,0.2000000000,0.5500000000,0.3000000000,3.0000000000,0.7000000000,104,111,100,111,103,113
4892,neighbor,True,PASS_IMPLEMENTED_PROJECT_CHECKS,8787.0640000000,8757.4480000000,0.2000000000,0.5000000000,0.3000000000,3.0000000000,0.7000000000,102,112,101,112,103,113
4893,neighbor,False,MAXIMUM_MAIN_STEEL,999999999.0000000000,8757.4480000000,0.2000000000,0.4500000000,0.3000000000,3.5000000000,0.5000000000,104,112,101,112,102,112
4894,neighbor,False,MEMBER_FLEXURE,999999999.0000000000,8757.4480000000,0.2000000000,0.5000000000,0.3000000000,3.0000000000,0.7000000000,102,112,100,111,101,113
4895,neighbor,False,MINIMUM_MAIN_STEEL,999999999.0000000000,8757.4480000000,0.2250000000,0.4500000000,0.3000000000,3.0000000000,0.6000000000,100,113,104,113,104,111
4896,neighbor,True,PASS_IMPLEMENTED_PROJECT_CHECKS,8905.5280000000,8757.4480000000,0.2000000000,0.5000000000,0.3000000000,3.0000000000,0.7000000000,102,112,101,110,103,113
4897,neighbor,False,MAXIMUM_MAIN_STEEL,999999999.0000000000,8757.4480000000,0.2000000000,0.4500000000,0.3000000000,3.0000000000,0.7000000000,103,110,100,111,103,113
4898,neighbor,False,MEMBER_FLEXURE,999999999.0000000000,8757.4480000000,0.2000000000,0.5000000000,0.3000000000,3.0000000000,0.7000000000,102,112,100,111,100,110
4899,neighbor,False,MAXIMUM_MAIN_STEEL,999999999.0000000000,8757.4480000000,0.2000000000,0.5000000000,0.3000000000,3.0000000000,0.7000000000,102,110,100,111,103,113
4900,neighbor,True,PASS_IMPLEMENTED_PROJECT_CHECKS,9575.2568200000,8757.4480000000,0.2000000000,0.5000000000,0.3000000000,3.0000000000,0.6000000000,102,112,103,110,104,112
4901,neighbor,True,PASS_IMPLEMENTED_PROJECT_CHECKS,9502.9466800000,8757.4480000000,0.2000000000,0.5000000000,0.3000000000,3.5000000000,0.8000000000,102,112,101,110,101,110
4902,neighbor,True,PASS_IMPLEMENTED_PROJECT_CHECKS,8826.5520000000,8757.4480000000,0.2000000000,0.5000000000,0.3000000000,3.0000000000,0.7000000000,102,112,101,111,103,113
4903,neighbor,False,MEMBER_FLEXURE,999999999.0000000000,8757.4480000000,0.2000000000,0.5000000000,0.3000000000,3.0000000000,0.7000000000,102,112,100,111,102,113
4904,neighbor,True,PASS_IMPLEMENTED_PROJECT_CHECKS,8958.8368000000,8757.4480000000,0.2000000000,0.5000000000,0.3000000000,3.0000000000,0.7000000000,102,112,104,113,103,113
4905,neighbor,False,MEMBER_FLEXURE,999999999.0000000000,8757.4480000000,0.2000000000,0.5000000000,0.3000000000,3.0000000000,0.5000000000,102,112,100,111,100,111
4906,neighbor,True,PASS_IMPLEMENTED_PROJECT_CHECKS,9890.1512000000,8757.4480000000,0.2000000000,0.5000000000,0.3000000000,3.5000000000,0.7000000000,102,112,101,113,103,111
4907,neighbor,False,MEMBER_FLEXURE,999999999.0000000000,8757.4480000000,0.2250000000,0.4500000000,0.3000000000,3.0000000000,0.7000000000,102,111,100,111,103,113
4908,neighbor,False,MINIMUM_MAIN_STEEL,999999999.0000000000,8757.4480000000,0.2250000000,0.6000000000,0.3000000000,3.0000000000,0.5000000000,102,112,104,113,100,112
4909,neighbor,False,MINIMUM_MAIN_STEEL,999999999.0000000000,8757.4480000000,0.2000000000,0.4500000000,0.3000000000,3.0000000000,0.7000000000,101,112,100,111,103,113
4910,neighbor,False,MINIMUM_MAIN_STEEL,999999999.0000000000,8757.4480000000,0.2000000000,0.5000000000,0.3000000000,3.0000000000,0.7000000000,102,112,100,112,103,113
4911,neighbor,True,PASS_IMPLEMENTED_PROJECT_CHECKS,9527.9267500000,8757.4480000000,0.2000000000,0.5000000000,0.3000000000,3.0000000000,0.7000000000,103,112,100,111,103,113
4912,neighbor,False,ENVELOPE_BASE_CONTACT,999999999.0000000000,8757.4480000000,0.2000000000,0.5500000000,0.3000000000,2.5000000000,0.9000000000,104,110,102,112,100,111
4913,neighbor,False,MINIMUM_MAIN_STEEL,999999999.0000000000,8757.4480000000,0.2000000000,0.5500000000,0.3000000000,3.0000000000,0.7000000000,100,110,100,111,103,113
4914,neighbor,True,PASS_IMPLEMENTED_PROJECT_CHECKS,8787.0640000000,8757.4480000000,0.2000000000,0.5000000000,0.3000000000,3.0000000000,0.7000000000,102,112,101,112,103,113
4915,neighbor,False,MEMBER_FLEXURE,999999999.0000000000,8757.4480000000,0.2000000000,0.5000000000,0.3000000000,3.0000000000,0.7000000000,102,112,100,111,100,111
4916,neighbor,False,MINIMUM_MAIN_STEEL,999999999.0000000000,8757.4480000000,0.2000000000,0.4500000000,0.3000000000,3.0000000000,0.7000000000,100,111,100,111,103,113
4917,neighbor,False,MAXIMUM_MAIN_STEEL,999999999.0000000000,8757.4480000000,0.2500000000,0.5000000000,0.3000000000,3.5000000000,0.6000000000,104,110,104,113,100,111
4918,neighbor,True,PASS_IMPLEMENTED_PROJECT_CHECKS,8763.3712000000,8757.4480000000,0.2000000000,0.5000000000,0.3000000000,3.0000000000,0.7000000000,102,112,101,113,103,113
4919,neighbor,False,MINIMUM_MAIN_STEEL,999999999.0000000000,8757.4480000000,0.2000000000,0.4500000000,0.5500000000,3.0000000000,0.5000000000,100,113,103,111,103,112
4920,neighbor,True,PASS_IMPLEMENTED_PROJECT_CHECKS,8958.8368000000,8757.4480000000,0.2000000000,0.5000000000,0.3000000000,3.0000000000,0.7000000000,102,112,104,113,103,113
4921,neighbor,False,MAXIMUM_MAIN_STEEL,999999999.0000000000,8757.4480000000,0.2000000000,0.5000000000,0.3000000000,3.0000000000,0.7000000000,102,110,100,111,103,113
4922,neighbor,True,PASS_IMPLEMENTED_PROJECT_CHECKS,9247.0375000000,8757.4480000000,0.2000000000,0.5000000000,0.3000000000,3.0000000000,0.7000000000,102,112,103,110,103,113
4923,neighbor,True,PASS_IMPLEMENTED_PROJECT_CHECKS,9247.0375000000,8757.4480000000,0.2000000000,0.5000000000,0.3000000000,3.0000000000,0.7000000000,102,112,103,110,103,113
4924,neighbor,False,MAXIMUM_MAIN_STEEL,999999999.0000000000,8757.4480000000,0.2000000000,0.5000000000,0.3000000000,3.0000000000,0.7000000000,102,112,104,110,103,113
4925,neighbor,False,MAXIMUM_MAIN_STEEL,999999999.0000000000,8757.4480000000,0.2000000000,0.5000000000,0.3000000000,3.0000000000,0.7000000000,102,112,104,110,103,113
4926,neighbor,True,PASS_IMPLEMENTED_PROJECT_CHECKS,9970.6630000000,8757.4480000000,0.2250000000,0.5500000000,0.3000000000,3.0000000000,0.7000000000,103,112,100,111,103,113
4927,neighbor,True,PASS_IMPLEMENTED_PROJECT_CHECKS,8958.8368000000,8757.4480000000,0.2000000000,0.5000000000,0.3000000000,3.0000000000,0.7000000000,102,112,104,113,103,113
4928,neighbor,False,MEMBER_FLEXURE,999999999.0000000000,8757.4480000000,0.2000000000,0.5000000000,0.3000000000,3.0000000000,0.7000000000,102,112,100,111,102,113
4929,neighbor,True,PASS_IMPLEMENTED_PROJECT_CHECKS,8919.9065680000,8757.4480000000,0.2000000000,0.5000000000,0.3000000000,3.0000000000,0.7000000000,102,112,100,111,104,113
4930,neighbor,False,MAXIMUM_MAIN_STEEL,999999999.0000000000,8757.4480000000,0.2000000000,0.5000000000,0.3000000000,3.0000000000,0.7000000000,103,111,100,111,103,113
4931,neighbor,True,PASS_IMPLEMENTED_PROJECT_CHECKS,9247.0375000000,8757.4480000000,0.2000000000,0.5000000000,0.3000000000,3.0000000000,0.7000000000,102,112,103,110,103,113
4932,neighbor,False,MAXIMUM_MAIN_STEEL,999999999.0000000000,8757.4480000000,0.2000000000,0.5000000000,0.3000000000,3.0000000000,0.7000000000,102,112,104,110,103,113
4933,neighbor,False,MAXIMUM_MAIN_STEEL,999999999.0000000000,8757.4480000000,0.2000000000,0.5000000000,0.3000000000,3.0000000000,0.7000000000,103,111,100,111,103,113
4934,neighbor,False,MINIMUM_MAIN_STEEL,999999999.0000000000,8757.4480000000,0.2250000000,0.6000000000,0.5000000000,3.0000000000,0.7000000000,100,113,100,110,103,111
4935,neighbor,False,MAXIMUM_MAIN_STEEL,999999999.0000000000,8757.4480000000,0.2000000000,0.5500000000,0.5500000000,3.5000000000,0.5000000000,103,111,104,110,102,111
4936,neighbor,False,MINIMUM_MAIN_STEEL,999999999.0000000000,8757.4480000000,0.2000000000,0.5000000000,0.4000000000,3.0000000000,0.8000000000,102,112,103,111,100,113
4937,neighbor,True,PASS_IMPLEMENTED_PROJECT_CHECKS,8787.0640000000,8757.4480000000,0.2000000000,0.5000000000,0.3000000000,3.0000000000,0.7000000000,102,112,101,112,103,113
4938,neighbor,True,PASS_IMPLEMENTED_PROJECT_CHECKS,8774.7486800000,8757.4480000000,0.2000000000,0.5000000000,0.3000000000,3.0000000000,0.8000000000,102,112,100,111,102,111
4939,neighbor,False,STEM_STRESS_OR_INTERVAL_BOUND,999999999.0000000000,8757.4480000000,0.2000000000,0.4500000000,0.3000000000,3.0000000000,0.7000000000,101,111,100,111,103,113
4940,neighbor,False,MEMBER_FLEXURE,999999999.0000000000,8757.4480000000,0.2000000000,0.5000000000,0.3000000000,3.0000000000,0.6000000000,102,112,100,110,101,110
4941,neighbor,True,PASS_IMPLEMENTED_PROJECT_CHECKS,9224.3627500000,8757.4480000000,0.2000000000,0.5000000000,0.3000000000,3.0000000000,0.9000000000,102,112,102,110,103,112
4942,neighbor,True,PASS_IMPLEMENTED_PROJECT_CHECKS,9944.1196000000,8757.4480000000,0.2000000000,0.5000000000,0.4500000000,3.0000000000,0.6000000000,102,112,103,110,102,113
4943,neighbor,False,MINIMUM_MAIN_STEEL,999999999.0000000000,8757.4480000000,0.2000000000,0.5000000000,0.3000000000,3.0000000000,0.7000000000,102,112,100,111,100,113
4944,neighbor,True,PASS_IMPLEMENTED_PROJECT_CHECKS,8816.6800000000,8757.4480000000,0.2000000000,0.5000000000,0.3000000000,3.0000000000,0.7000000000,102,112,102,113,103,113
4945,neighbor,True,PASS_IMPLEMENTED_PROJECT_CHECKS,8757.4480000000,8757.4480000000,0.2000000000,0.5000000000,0.3000000000,3.0000000000,0.7000000000,102,112,100,111,103,113
4946,neighbor,True,PASS_IMPLEMENTED_PROJECT_CHECKS,11126.8055000000,8757.4480000000,0.2500000000,0.6000000000,0.3000000000,3.0000000000,0.7000000000,103,111,100,111,103,113
4947,neighbor,True,PASS_IMPLEMENTED_PROJECT_CHECKS,10897.1386400000,8757.4480000000,0.2000000000,0.6000000000,0.3000000000,3.5000000000,0.7000000000,104,113,101,113,104,113
4948,neighbor,True,PASS_IMPLEMENTED_PROJECT_CHECKS,8757.4480000000,8757.4480000000,0.2000000000,0.5000000000,0.3000000000,3.0000000000,0.7000000000,102,112,100,111,103,113
4949,neighbor,True,PASS_IMPLEMENTED_PROJECT_CHECKS,9099.8830000000,8757.4480000000,0.2000000000,0.5000000000,0.3000000000,3.0000000000,0.7000000000,103,113,100,111,103,113
4950,neighbor,False,MEMBER_FLEXURE,999999999.0000000000,8757.4480000000,0.2000000000,0.4500000000,0.3000000000,3.0000000000,0.7000000000,102,111,100,111,103,113
4951,neighbor,True,PASS_IMPLEMENTED_PROJECT_CHECKS,9038.8000000000,8757.4480000000,0.2000000000,0.5000000000,0.3000000000,3.0000000000,0.7000000000,102,112,102,110,103,113
4952,neighbor,True,PASS_IMPLEMENTED_PROJECT_CHECKS,8787.0640000000,8757.4480000000,0.2000000000,0.5000000000,0.3000000000,3.0000000000,0.7000000000,102,112,101,112,103,113
4953,neighbor,False,MAXIMUM_MAIN_STEEL,999999999.0000000000,8757.4480000000,0.2000000000,0.5000000000,0.3000000000,3.0000000000,0.7000000000,103,110,100,111,103,113
4954,neighbor,False,MINIMUM_MAIN_STEEL,999999999.0000000000,8757.4480000000,0.2000000000,0.4500000000,0.3000000000,3.0000000000,0.7000000000,100,112,100,111,103,113
4955,neighbor,False,MAXIMUM_MAIN_STEEL,999999999.0000000000,8757.4480000000,0.2000000000,0.5000000000,0.3000000000,3.0000000000,0.7000000000,104,112,100,111,103,113
4956,neighbor,True,PASS_IMPLEMENTED_PROJECT_CHECKS,9031.3960000000,8757.4480000000,0.2000000000,0.5000000000,0.3000000000,3.0000000000,0.7000000000,102,112,104,112,103,113
4957,neighbor,False,MAXIMUM_MAIN_STEEL,999999999.0000000000,8757.4480000000,0.2000000000,0.5000000000,0.3000000000,3.0000000000,0.7000000000,102,112,100,111,104,110
4958,neighbor,False,MAXIMUM_MAIN_STEEL,999999999.0000000000,8757.4480000000,0.2000000000,0.5000000000,0.3000000000,3.0000000000,0.7000000000,102,112,100,111,104,110
4959,neighbor,False,MAXIMUM_MAIN_STEEL,999999999.0000000000,8757.4480000000,0.2250000000,0.5000000000,0.3000000000,3.0000000000,0.7000000000,103,110,100,111,103,113
4960,neighbor,True,PASS_IMPLEMENTED_PROJECT_CHECKS,8816.6800000000,8757.4480000000,0.2000000000,0.5000000000,0.3000000000,3.0000000000,0.7000000000,102,112,102,113,103,113
4961,neighbor,True,PASS_IMPLEMENTED_PROJECT_CHECKS,8899.9750000000,8757.4480000000,0.2000000000,0.5000000000,0.3000000000,3.0000000000,0.7000000000,102,112,103,113,103,113
4962,neighbor,False,MEMBER_FLEXURE,999999999.0000000000,8757.4480000000,0.2000000000,0.5000000000,0.3000000000,3.5000000000,0.6000000000,102,112,101,110,102,111
4963,neighbor,True,PASS_IMPLEMENTED_PROJECT_CHECKS,9214.0280000000,8757.4480000000,0.2000000000,0.5000000000,0.3000000000,3.0000000000,0.7000000000,102,111,100,111,103,113
4964,neighbor,True,PASS_IMPLEMENTED_PROJECT_CHECKS,9527.9267500000,8757.4480000000,0.2000000000,0.5000000000,0.3000000000,3.0000000000,0.7000000000,103,112,100,111,103,113
4965,neighbor,False,MEMBER_FLEXURE,999999999.0000000000,8757.4480000000,0.2000000000,0.5000000000,0.3000000000,3.0000000000,0.7000000000,102,112,100,111,101,111
4966,neighbor,False,MINIMUM_MAIN_STEEL,999999999.0000000000,8757.4480000000,0.2000000000,0.6000000000,0.3000000000,3.0000000000,0.7000000000,101,113,100,111,103,113
4967,neighbor,True,PASS_IMPLEMENTED_PROJECT_CHECKS,8853.7000000000,8757.4480000000,0.2000000000,0.5000000000,0.3000000000,3.0000000000,0.7000000000,102,112,102,112,103,113
4968,neighbor,False,MINIMUM_MAIN_STEEL,999999999.0000000000,8757.4480000000,0.2000000000,0.5000000000,0.3000000000,3.5000000000,0.6000000000,102,112,100,113,103,110
4969,neighbor,False,MINIMUM_MAIN_STEEL,999999999.0000000000,8757.4480000000,0.2000000000,0.5000000000,0.3000000000,3.0000000000,0.7000000000,102,112,100,111,100,112
4970,neighbor,False,MEMBER_FLEXURE,999999999.0000000000,8757.4480000000,0.2000000000,0.5000000000,0.3000000000,3.0000000000,0.7000000000,102,112,100,111,102,113
4971,neighbor,False,MEMBER_FLEXURE,999999999.0000000000,8757.4480000000,0.2000000000,0.5000000000,0.3000000000,3.5000000000,0.8000000000,102,112,104,111,102,112
4972,neighbor,True,PASS_IMPLEMENTED_PROJECT_CHECKS,9214.0280000000,8757.4480000000,0.2000000000,0.5000000000,0.3000000000,3.0000000000,0.7000000000,102,111,100,111,103,113
4973,neighbor,False,MAXIMUM_MAIN_STEEL,999999999.0000000000,8757.4480000000,0.2000000000,0.5500000000,0.3000000000,3.0000000000,0.6000000000,104,112,101,112,101,113
4974,neighbor,False,MEMBER_FLEXURE,999999999.0000000000,8757.4480000000,0.2000000000,0.5000000000,0.3000000000,3.0000000000,0.6000000000,102,112,101,112,101,113
4975,neighbor,False,MAXIMUM_MAIN_STEEL,999999999.0000000000,8757.4480000000,0.2000000000,0.5500000000,0.3000000000,3.0000000000,0.7000000000,103,111,100,111,103,113
4976,neighbor,False,STEM_STRESS_OR_INTERVAL_BOUND,999999999.0000000000,8757.4480000000,0.2500000000,0.4500000000,0.3000000000,3.0000000000,0.7000000000,102,112,100,111,103,113
4977,neighbor,True,PASS_IMPLEMENTED_PROJECT_CHECKS,8853.7000000000,8757.4480000000,0.2000000000,0.5000000000,0.3000000000,3.0000000000,0.7000000000,102,112,102,112,103,113
4978,neighbor,True,PASS_IMPLEMENTED_PROJECT_CHECKS,8757.4480000000,8757.4480000000,0.2000000000,0.5000000000,0.3000000000,3.0000000000,0.7000000000,102,112,100,111,103,113
4979,neighbor,True,PASS_IMPLEMENTED_PROJECT_CHECKS,9140.6050000000,8757.4480000000,0.2000000000,0.5000000000,0.3000000000,3.0000000000,0.7000000000,102,112,100,111,102,110
4980,neighbor,False,MINIMUM_MAIN_STEEL,999999999.0000000000,8757.4480000000,0.2000000000,0.5000000000,0.3000000000,3.0000000000,0.6000000000,102,112,100,113,102,111
4981,neighbor,False,MAXIMUM_MAIN_STEEL,999999999.0000000000,8757.4480000000,0.2000000000,0.4500000000,0.3000000000,3.0000000000,0.7000000000,104,111,100,111,103,113
4982,neighbor,True,PASS_IMPLEMENTED_PROJECT_CHECKS,9527.9267500000,8757.4480000000,0.2000000000,0.5000000000,0.3000000000,3.0000000000,0.7000000000,103,112,100,111,103,113
4983,neighbor,False,MINIMUM_MAIN_STEEL,999999999.0000000000,8757.4480000000,0.2000000000,0.6000000000,0.4000000000,3.5000000000,0.7000000000,101,113,101,110,102,111
4984,neighbor,False,MINIMUM_MAIN_STEEL,999999999.0000000000,8757.4480000000,0.2500000000,0.5500000000,0.3000000000,3.0000000000,0.5000000000,100,113,101,112,103,111
4985,neighbor,False,MAXIMUM_MAIN_STEEL,999999999.0000000000,8757.4480000000,0.2000000000,0.5000000000,0.3000000000,3.0000000000,0.7000000000,104,111,100,111,103,113
4986,neighbor,False,MINIMUM_MAIN_STEEL,999999999.0000000000,8757.4480000000,0.2250000000,0.6000000000,0.3000000000,3.0000000000,0.7000000000,100,112,100,111,103,113
4987,neighbor,True,PASS_IMPLEMENTED_PROJECT_CHECKS,8957.8187500000,8757.4480000000,0.2000000000,0.5000000000,0.3000000000,3.0000000000,0.7000000000,102,112,103,112,103,113
4988,neighbor,False,MINIMUM_MAIN_STEEL,999999999.0000000000,8757.4480000000,0.2000000000,0.5000000000,0.3000000000,3.0000000000,0.7000000000,101,111,100,111,103,113
4989,neighbor,True,PASS_IMPLEMENTED_PROJECT_CHECKS,8757.4480000000,8757.4480000000,0.2000000000,0.5000000000,0.3000000000,3.0000000000,0.7000000000,102,112,100,111,103,113
4990,neighbor,True,PASS_IMPLEMENTED_PROJECT_CHECKS,9120.1699600000,8757.4480000000,0.2000000000,0.5000000000,0.3000000000,3.0000000000,0.7000000000,102,112,100,111,104,112
4991,neighbor,True,PASS_IMPLEMENTED_PROJECT_CHECKS,8816.6800000000,8757.4480000000,0.2000000000,0.5000000000,0.3000000000,3.0000000000,0.7000000000,102,112,102,113,103,113
4992,neighbor,False,STEM_STRESS_OR_INTERVAL_BOUND,999999999.0000000000,8757.4480000000,0.2000000000,0.4500000000,0.3000000000,3.0000000000,0.7000000000,101,111,100,111,103,113
4993,neighbor,False,MINIMUM_MAIN_STEEL,999999999.0000000000,8757.4480000000,0.2000000000,0.6000000000,0.3000000000,3.0000000000,0.7000000000,101,113,100,111,103,113
4994,neighbor,True,PASS_IMPLEMENTED_PROJECT_CHECKS,11221.2757800000,8757.4480000000,0.2000000000,0.5000000000,0.5500000000,3.5000000000,0.8000000000,102,112,101,110,101,111
4995,neighbor,False,MINIMUM_MAIN_STEEL,999999999.0000000000,8757.4480000000,0.2500000000,0.5500000000,0.3000000000,3.5000000000,0.5000000000,101,111,104,110,101,111
4996,neighbor,True,PASS_IMPLEMENTED_PROJECT_CHECKS,9715.3405000000,8757.4480000000,0.2000000000,0.5000000000,0.3000000000,3.0000000000,0.7000000000,102,112,100,111,103,110
4997,neighbor,False,MINIMUM_MAIN_STEEL,999999999.0000000000,8757.4480000000,0.2000000000,0.5000000000,0.5500000000,3.5000000000,0.8000000000,102,112,101,113,103,111
4998,neighbor,False,MINIMUM_MAIN_STEEL,999999999.0000000000,8757.4480000000,0.2000000000,0.4500000000,0.3000000000,3.0000000000,0.7000000000,100,113,100,111,103,113
4999,neighbor,False,MINIMUM_MAIN_STEEL,999999999.0000000000,8757.4480000000,0.2500000000,0.4500000000,0.4500000000,3.0000000000,0.7000000000,103,110,104,111,101,113
5000,neighbor,False,MAXIMUM_MAIN_STEEL,999999999.0000000000,8757.4480000000,0.2000000000,0.5000000000,0.3000000000,3.0000000000,0.7000000000,104,112,100,111,103,113
