evaluation,entry,valid,reason,cost,best_cost,tt,tb,TBase,Base,LToe,StemDB,StemSP,ToeDB,ToeSP,HeelDB,HeelSP
1,initial,True,PASS_IMPLEMENTED_PROJECT_CHECKS,21582.5343600000,21582.5343600000,0.6000000000,0.6000000000,0.7500000000,3.5000000000,1.0000000000,104,110,104,110,104,110
2,neighbor,False,MINIMUM_MAIN_STEEL,999999999.0000000000,21582.5343600000,0.6000000000,0.6000000000,0.7500000000,3.5000000000,1.0000000000,102,113,104,110,104,110
3,neighbor,False,MINIMUM_MAIN_STEEL,999999999.0000000000,21582.5343600000,0.6000000000,0.6000000000,0.7500000000,3.0000000000,1.0000000000,100,112,102,110,104,112
4,neighbor,False,MINIMUM_MAIN_STEEL,999999999.0000000000,21582.5343600000,0.5750000000,0.6000000000,0.7500000000,3.5000000000,1.0000000000,101,112,104,110,104,110
5,neighbor,True,PASS_IMPLEMENTED_PROJECT_CHECKS,20599.5423000000,20599.5423000000,0.6000000000,0.6000000000,0.7500000000,3.5000000000,1.0000000000,103,110,104,110,104,110
6,neighbor,False,MINIMUM_MAIN_STEEL,999999999.0000000000,20599.5423000000,0.5000000000,0.5000000000,0.5000000000,3.5000000000,1.0000000000,100,111,102,112,101,113
7,neighbor,False,MINIMUM_MAIN_STEEL,999999999.0000000000,20599.5423000000,0.5750000000,0.6000000000,0.7500000000,3.5000000000,0.8000000000,102,111,101,111,104,110
8,neighbor,False,MINIMUM_MAIN_STEEL,999999999.0000000000,20599.5423000000,0.5000000000,0.5000000000,0.5000000000,3.0000000000,1.0000000000,103,113,104,110,100,113
9,neighbor,False,MINIMUM_MAIN_STEEL,999999999.0000000000,20599.5423000000,0.6000000000,0.6000000000,0.6500000000,3.5000000000,1.0000000000,103,110,100,113,102,111
10,neighbor,False,MINIMUM_MAIN_STEEL,999999999.0000000000,20599.5423000000,0.5500000000,0.5500000000,0.7500000000,3.5000000000,1.0000000000,100,113,101,111,103,112
11,neighbor,True,PASS_IMPLEMENTED_PROJECT_CHECKS,15658.9963850000,15658.9963850000,0.5750000000,0.6000000000,0.5500000000,3.5000000000,1.0000000000,103,112,103,113,104,111
12,neighbor,True,PASS_IMPLEMENTED_PROJECT_CHECKS,15114.6334600000,15114.6334600000,0.5500000000,0.6000000000,0.5000000000,3.0000000000,1.0000000000,104,111,101,112,103,111
13,neighbor,False,MINIMUM_MAIN_STEEL,999999999.0000000000,15114.6334600000,0.5500000000,0.5500000000,0.5000000000,3.0000000000,1.0000000000,102,112,101,112,103,111
14,neighbor,False,INVALID_GEOMETRY_OR_INPUT,999999999.0000000000,15114.6334600000,0.6000000000,0.6000000000,0.5000000000,2.5000000000,1.0000000000,101,111,102,113,102,112
15,neighbor,True,PASS_IMPLEMENTED_PROJECT_CHECKS,16495.4128060000,15114.6334600000,0.5500000000,0.6000000000,0.7500000000,3.0000000000,1.0000000000,104,111,102,111,104,113
16,neighbor,True,PASS_IMPLEMENTED_PROJECT_CHECKS,12923.1782640000,12923.1782640000,0.5000000000,0.5000000000,0.5000000000,3.0000000000,1.0000000000,104,113,101,112,103,111
17,neighbor,True,PASS_IMPLEMENTED_PROJECT_CHECKS,12871.1281440000,12871.1281440000,0.5000000000,0.5000000000,0.5000000000,3.0000000000,1.0000000000,104,113,101,112,104,112
18,neighbor,False,MINIMUM_MAIN_STEEL,999999999.0000000000,12871.1281440000,0.5000000000,0.5000000000,0.6000000000,3.0000000000,1.0000000000,104,113,100,111,101,111
19,neighbor,True,PASS_IMPLEMENTED_PROJECT_CHECKS,16231.9254640000,12871.1281440000,0.4500000000,0.4500000000,0.5000000000,3.5000000000,1.0000000000,103,110,104,113,103,110
20,neighbor,False,MINIMUM_MAIN_STEEL,999999999.0000000000,12871.1281440000,0.5000000000,0.5000000000,0.5000000000,3.0000000000,1.0000000000,104,113,100,113,104,112
21,neighbor,False,INVALID_GEOMETRY_OR_INPUT,999999999.0000000000,12871.1281440000,0.4750000000,0.6000000000,0.7500000000,2.5000000000,1.0000000000,102,110,103,111,103,112
22,reset,False,ENVELOPE_BASE_CONTACT,999999999.0000000000,12871.1281440000,0.3500000000,0.3500000000,0.4000000000,2.5000000000,1.0000000000,104,113,101,112,104,112
23,neighbor,False,ENVELOPE_BASE_CONTACT,999999999.0000000000,12871.1281440000,0.3500000000,0.3500000000,0.4000000000,2.5000000000,1.0000000000,104,113,101,112,101,112
24,neighbor,False,ENVELOPE_BASE_CONTACT,999999999.0000000000,12871.1281440000,0.3000000000,0.4500000000,0.3500000000,2.5000000000,1.0000000000,104,113,104,113,104,110
25,neighbor,False,MINIMUM_MAIN_STEEL,999999999.0000000000,12871.1281440000,0.3250000000,0.3500000000,0.5000000000,2.5000000000,0.8000000000,102,111,101,113,102,111
26,neighbor,False,ENVELOPE_BASE_CONTACT,999999999.0000000000,12871.1281440000,0.3000000000,0.3500000000,0.4500000000,2.5000000000,1.0000000000,102,111,102,113,102,111
27,neighbor,False,ENVELOPE_BASE_CONTACT,999999999.0000000000,12871.1281440000,0.3500000000,0.3500000000,0.5000000000,2.5000000000,0.8000000000,104,113,102,111,102,112
28,neighbor,False,ENVELOPE_BASE_CONTACT,999999999.0000000000,12871.1281440000,0.3250000000,0.4000000000,0.4000000000,2.5000000000,1.0000000000,101,110,101,112,104,112
29,neighbor,False,STEM_STRESS_OR_INTERVAL_BOUND,999999999.0000000000,12871.1281440000,0.3000000000,0.3000000000,0.5000000000,3.0000000000,1.0000000000,100,110,102,112,102,113
30,neighbor,False,MINIMUM_MAIN_STEEL,999999999.0000000000,12871.1281440000,0.3750000000,0.4500000000,0.3000000000,3.0000000000,0.8000000000,102,110,102,110,100,113
31,neighbor,False,MINIMUM_MAIN_STEEL,999999999.0000000000,12871.1281440000,0.3500000000,0.3500000000,0.4000000000,2.5000000000,1.0000000000,104,113,100,113,103,112
32,neighbor,False,MINIMUM_MAIN_STEEL,999999999.0000000000,12871.1281440000,0.3500000000,0.4500000000,0.5000000000,2.5000000000,1.0000000000,104,110,100,111,100,112
33,neighbor,False,ENVELOPE_BASE_CONTACT,999999999.0000000000,12871.1281440000,0.3000000000,0.4000000000,0.4000000000,2.5000000000,1.0000000000,104,112,101,112,104,112
34,neighbor,False,MINIMUM_MAIN_STEEL,999999999.0000000000,12871.1281440000,0.3000000000,0.3000000000,0.4000000000,2.5000000000,1.0000000000,102,110,102,111,100,113
35,neighbor,False,MINIMUM_MAIN_STEEL,999999999.0000000000,12871.1281440000,0.3500000000,0.4000000000,0.3000000000,3.0000000000,1.0000000000,100,111,102,111,102,112
36,neighbor,False,ENVELOPE_BASE_CONTACT,999999999.0000000000,12871.1281440000,0.3500000000,0.3500000000,0.4000000000,2.5000000000,1.0000000000,103,112,101,112,104,112
37,neighbor,False,ENVELOPE_BASE_CONTACT,999999999.0000000000,12871.1281440000,0.3000000000,0.3000000000,0.5000000000,2.5000000000,0.8000000000,102,112,104,110,104,110
38,neighbor,False,ENVELOPE_BASE_CONTACT,999999999.0000000000,12871.1281440000,0.3500000000,0.3500000000,0.4000000000,2.5000000000,1.0000000000,104,113,101,112,102,110
39,neighbor,False,MINIMUM_MAIN_STEEL,999999999.0000000000,12871.1281440000,0.3000000000,0.3500000000,0.3000000000,3.0000000000,0.9000000000,103,113,104,112,100,113
40,neighbor,False,MINIMUM_MAIN_STEEL,999999999.0000000000,12871.1281440000,0.3250000000,0.4500000000,0.3000000000,2.5000000000,1.0000000000,102,112,103,112,100,112
41,neighbor,False,ENVELOPE_BASE_CONTACT,999999999.0000000000,12871.1281440000,0.3250000000,0.4000000000,0.3000000000,2.5000000000,1.0000000000,102,113,100,110,102,113
42,neighbor,False,MINIMUM_MAIN_STEEL,999999999.0000000000,12871.1281440000,0.3000000000,0.4000000000,0.5000000000,2.5000000000,1.0000000000,100,111,102,110,104,113
43,neighbor,False,MINIMUM_MAIN_STEEL,999999999.0000000000,12871.1281440000,0.4000000000,0.4500000000,0.3000000000,2.5000000000,0.8000000000,101,113,101,112,103,113
44,neighbor,False,MINIMUM_MAIN_STEEL,999999999.0000000000,12871.1281440000,0.3500000000,0.4000000000,0.4500000000,2.5000000000,1.0000000000,102,110,103,112,100,111
45,neighbor,False,MINIMUM_MAIN_STEEL,999999999.0000000000,12871.1281440000,0.4000000000,0.4000000000,0.4500000000,2.5000000000,1.0000000000,100,113,100,112,103,110
46,neighbor,False,MINIMUM_MAIN_STEEL,999999999.0000000000,12871.1281440000,0.3250000000,0.4500000000,0.5000000000,2.5000000000,1.0000000000,101,112,103,112,103,110
47,neighbor,False,ENVELOPE_BASE_CONTACT,999999999.0000000000,12871.1281440000,0.3500000000,0.3500000000,0.5000000000,2.5000000000,1.0000000000,100,110,102,111,104,110
48,neighbor,False,MINIMUM_MAIN_STEEL,999999999.0000000000,12871.1281440000,0.4000000000,0.4500000000,0.3000000000,3.0000000000,0.8000000000,100,112,101,111,104,113
49,neighbor,False,MINIMUM_MAIN_STEEL,999999999.0000000000,12871.1281440000,0.3250000000,0.4500000000,0.5000000000,2.5000000000,1.0000000000,100,110,101,111,101,112
50,neighbor,True,PASS_IMPLEMENTED_PROJECT_CHECKS,11996.2754400000,11996.2754400000,0.3500000000,0.3500000000,0.4000000000,3.0000000000,0.9000000000,104,111,104,112,102,111
51,neighbor,False,STEM_STRESS_OR_INTERVAL_BOUND,999999999.0000000000,11996.2754400000,0.3500000000,0.3500000000,0.4000000000,3.0000000000,0.9000000000,102,111,104,112,102,111
52,neighbor,True,PASS_IMPLEMENTED_PROJECT_CHECKS,12859.6524400000,11996.2754400000,0.4000000000,0.4500000000,0.4000000000,3.0000000000,0.9000000000,104,111,104,112,102,111
53,neighbor,True,PASS_IMPLEMENTED_PROJECT_CHECKS,10784.9121670000,10784.9121670000,0.3250000000,0.4000000000,0.4500000000,3.0000000000,1.0000000000,103,113,103,111,104,113
54,neighbor,True,PASS_IMPLEMENTED_PROJECT_CHECKS,10895.3551670000,10784.9121670000,0.3250000000,0.4000000000,0.4500000000,3.0000000000,1.0000000000,102,111,103,111,104,113
55,neighbor,False,MINIMUM_MAIN_STEEL,999999999.0000000000,10784.9121670000,0.3250000000,0.4000000000,0.3000000000,2.5000000000,1.0000000000,100,110,102,112,103,111
56,neighbor,False,MINIMUM_MAIN_STEEL,999999999.0000000000,10784.9121670000,0.3250000000,0.4000000000,0.4500000000,3.0000000000,1.0000000000,100,110,103,111,104,113
57,neighbor,True,PASS_IMPLEMENTED_PROJECT_CHECKS,11725.8865270000,10784.9121670000,0.3250000000,0.4000000000,0.4500000000,3.0000000000,1.0000000000,104,112,103,111,104,113
58,neighbor,True,PASS_IMPLEMENTED_PROJECT_CHECKS,11099.1364530000,10784.9121670000,0.3250000000,0.4500000000,0.4500000000,3.0000000000,1.0000000000,101,110,103,111,104,113
59,neighbor,False,MINIMUM_MAIN_STEEL,999999999.0000000000,10784.9121670000,0.3000000000,0.4500000000,0.5000000000,2.5000000000,0.8000000000,102,113,101,110,101,111
60,neighbor,True,PASS_IMPLEMENTED_PROJECT_CHECKS,10354.9800290000,10354.9800290000,0.3250000000,0.5000000000,0.3500000000,3.0000000000,1.0000000000,102,112,103,111,104,113
61,neighbor,False,MINIMUM_MAIN_STEEL,999999999.0000000000,10354.9800290000,0.2750000000,0.5000000000,0.5000000000,2.5000000000,0.8000000000,101,111,100,112,104,110
62,neighbor,True,PASS_IMPLEMENTED_PROJECT_CHECKS,10212.2987790000,10212.2987790000,0.3250000000,0.5000000000,0.3500000000,3.0000000000,1.0000000000,102,112,103,112,104,113
63,reset,False,ENVELOPE_BASE_CONTACT,999999999.0000000000,10212.2987790000,0.3250000000,0.3500000000,0.3000000000,2.5000000000,1.0000000000,102,112,103,112,104,113
64,neighbor,False,MINIMUM_MAIN_STEEL,999999999.0000000000,10212.2987790000,0.2750000000,0.4000000000,0.3000000000,2.5000000000,1.0000000000,101,113,103,112,104,113
65,neighbor,False,STEM_STRESS_OR_INTERVAL_BOUND,999999999.0000000000,10212.2987790000,0.3250000000,0.3500000000,0.3000000000,3.0000000000,1.0000000000,102,112,104,111,100,110
66,neighbor,False,ENVELOPE_BASE_CONTACT,999999999.0000000000,10212.2987790000,0.2750000000,0.4000000000,0.3500000000,2.5000000000,0.9000000000,102,112,101,111,102,113
67,neighbor,False,ENVELOPE_BASE_CONTACT,999999999.0000000000,10212.2987790000,0.3250000000,0.3500000000,0.3000000000,2.5000000000,1.0000000000,102,112,103,112,101,111
68,neighbor,False,ENVELOPE_BASE_CONTACT,999999999.0000000000,10212.2987790000,0.3750000000,0.4500000000,0.3500000000,2.5000000000,1.0000000000,101,111,103,113,101,111
69,neighbor,False,ENVELOPE_BASE_CONTACT,999999999.0000000000,10212.2987790000,0.3000000000,0.4000000000,0.3500000000,2.5000000000,0.9000000000,101,110,101,112,100,110
70,neighbor,False,STEM_STRESS_OR_INTERVAL_BOUND,999999999.0000000000,10212.2987790000,0.3000000000,0.3000000000,0.3500000000,3.0000000000,1.0000000000,103,113,101,112,101,113
71,neighbor,False,MINIMUM_MAIN_STEEL,999999999.0000000000,10212.2987790000,0.3500000000,0.4000000000,0.3000000000,2.5000000000,0.8000000000,101,113,104,111,101,113
72,neighbor,False,ENVELOPE_BASE_CONTACT,999999999.0000000000,10212.2987790000,0.3000000000,0.3000000000,0.3000000000,2.5000000000,1.0000000000,102,111,103,113,102,113
73,neighbor,False,MINIMUM_MAIN_STEEL,999999999.0000000000,10212.2987790000,0.2750000000,0.3500000000,0.3500000000,2.5000000000,0.8000000000,100,111,104,110,100,111
74,neighbor,False,ENVELOPE_BASE_CONTACT,999999999.0000000000,10212.2987790000,0.3250000000,0.3500000000,0.3500000000,2.5000000000,1.0000000000,102,112,100,110,103,111
75,neighbor,False,ENVELOPE_BASE_CONTACT,999999999.0000000000,10212.2987790000,0.3250000000,0.3500000000,0.3000000000,2.5000000000,1.0000000000,102,112,101,112,104,113
76,neighbor,False,ENVELOPE_BASE_CONTACT,999999999.0000000000,10212.2987790000,0.3250000000,0.3500000000,0.3000000000,2.5000000000,1.0000000000,103,111,103,112,104,113
77,neighbor,False,ENVELOPE_BASE_CONTACT,999999999.0000000000,10212.2987790000,0.3750000000,0.4500000000,0.3000000000,2.5000000000,1.0000000000,103,113,102,111,104,111
78,neighbor,False,ENVELOPE_BASE_CONTACT,999999999.0000000000,10212.2987790000,0.3750000000,0.4500000000,0.3000000000,2.5000000000,1.0000000000,103,112,101,111,100,111
79,neighbor,False,ENVELOPE_BASE_CONTACT,999999999.0000000000,10212.2987790000,0.3000000000,0.3500000000,0.3000000000,2.5000000000,1.0000000000,103,113,103,112,104,113
80,neighbor,False,ENVELOPE_BASE_CONTACT,999999999.0000000000,10212.2987790000,0.2750000000,0.3500000000,0.3000000000,2.5000000000,1.0000000000,103,110,103,112,104,113
81,neighbor,False,MINIMUM_MAIN_STEEL,999999999.0000000000,10212.2987790000,0.2750000000,0.3000000000,0.3000000000,2.5000000000,0.9000000000,100,111,102,110,100,112
82,neighbor,False,ENVELOPE_BASE_CONTACT,999999999.0000000000,10212.2987790000,0.3250000000,0.3500000000,0.3000000000,2.5000000000,0.9000000000,102,112,102,110,101,111
83,neighbor,False,ENVELOPE_BASE_CONTACT,999999999.0000000000,10212.2987790000,0.3250000000,0.3500000000,0.3000000000,2.5000000000,1.0000000000,102,112,103,112,102,113
84,neighbor,False,ENVELOPE_BASE_CONTACT,999999999.0000000000,10212.2987790000,0.2500000000,0.2500000000,0.3500000000,2.5000000000,1.0000000000,101,112,104,110,102,112
85,neighbor,False,ENVELOPE_BASE_CONTACT,999999999.0000000000,10212.2987790000,0.3250000000,0.3500000000,0.3000000000,2.5000000000,1.0000000000,102,112,103,112,101,111
86,neighbor,False,MINIMUM_MAIN_STEEL,999999999.0000000000,10212.2987790000,0.3000000000,0.3000000000,0.3500000000,3.0000000000,0.9000000000,100,111,100,111,104,110
87,neighbor,False,ENVELOPE_BASE_CONTACT,999999999.0000000000,10212.2987790000,0.3500000000,0.4000000000,0.3000000000,2.5000000000,1.0000000000,103,113,102,111,104,112
88,neighbor,False,ENVELOPE_BASE_CONTACT,999999999.0000000000,10212.2987790000,0.2750000000,0.3500000000,0.3500000000,2.5000000000,0.9000000000,104,113,103,112,101,113
89,neighbor,False,ENVELOPE_BASE_CONTACT,999999999.0000000000,10212.2987790000,0.3250000000,0.3500000000,0.3500000000,2.5000000000,1.0000000000,102,112,104,110,101,110
90,neighbor,False,STEM_STRESS_OR_INTERVAL_BOUND,999999999.0000000000,10212.2987790000,0.2500000000,0.2500000000,0.3500000000,3.0000000000,0.8000000000,100,111,103,111,102,113
91,neighbor,False,ENVELOPE_BASE_CONTACT,999999999.0000000000,10212.2987790000,0.3250000000,0.3500000000,0.3000000000,2.5000000000,1.0000000000,102,112,102,113,104,113
92,neighbor,False,MINIMUM_MAIN_STEEL,999999999.0000000000,10212.2987790000,0.3000000000,0.3000000000,0.3000000000,2.5000000000,0.9000000000,100,111,100,110,101,112
93,neighbor,False,ENVELOPE_BASE_CONTACT,999999999.0000000000,10212.2987790000,0.3500000000,0.3500000000,0.3500000000,2.5000000000,0.9000000000,104,110,104,110,104,112
94,neighbor,False,ENVELOPE_BASE_CONTACT,999999999.0000000000,10212.2987790000,0.3250000000,0.3500000000,0.3500000000,2.5000000000,1.0000000000,102,112,101,112,104,112
95,neighbor,False,ENVELOPE_BASE_CONTACT,999999999.0000000000,10212.2987790000,0.3250000000,0.4000000000,0.3500000000,2.5000000000,1.0000000000,104,113,104,110,101,112
96,neighbor,False,ENVELOPE_BASE_CONTACT,999999999.0000000000,10212.2987790000,0.3250000000,0.3500000000,0.3000000000,2.5000000000,1.0000000000,102,112,101,112,104,113
97,neighbor,False,MINIMUM_MAIN_STEEL,999999999.0000000000,10212.2987790000,0.2500000000,0.2500000000,0.3000000000,3.0000000000,0.8000000000,101,113,100,110,100,112
98,neighbor,False,ENVELOPE_BASE_CONTACT,999999999.0000000000,10212.2987790000,0.3250000000,0.3500000000,0.3000000000,2.5000000000,1.0000000000,102,112,103,110,104,113
99,neighbor,False,MINIMUM_MAIN_STEEL,999999999.0000000000,10212.2987790000,0.3250000000,0.4500000000,0.3000000000,2.5000000000,1.0000000000,100,111,102,111,104,110
100,neighbor,False,MINIMUM_MAIN_STEEL,999999999.0000000000,10212.2987790000,0.3500000000,0.4500000000,0.3500000000,2.5000000000,1.0000000000,100,110,101,113,104,110
101,neighbor,False,ENVELOPE_BASE_CONTACT,999999999.0000000000,10212.2987790000,0.3000000000,0.3000000000,0.3500000000,2.5000000000,0.8000000000,102,111,102,113,104,111
102,neighbor,False,ENVELOPE_BASE_CONTACT,999999999.0000000000,10212.2987790000,0.3250000000,0.3500000000,0.3000000000,2.5000000000,1.0000000000,104,110,103,112,104,113
103,neighbor,False,ENVELOPE_BASE_CONTACT,999999999.0000000000,10212.2987790000,0.3250000000,0.3500000000,0.3000000000,2.5000000000,1.0000000000,101,110,103,112,104,113
104,neighbor,False,ENVELOPE_BASE_CONTACT,999999999.0000000000,10212.2987790000,0.3500000000,0.4000000000,0.3000000000,2.5000000000,1.0000000000,103,112,104,111,101,111
105,neighbor,False,MINIMUM_MAIN_STEEL,999999999.0000000000,10212.2987790000,0.2750000000,0.4000000000,0.3000000000,2.5000000000,1.0000000000,101,111,100,112,102,111
106,neighbor,False,MINIMUM_MAIN_STEEL,999999999.0000000000,10212.2987790000,0.3000000000,0.3000000000,0.3500000000,3.0000000000,0.8000000000,100,111,103,111,103,111
107,neighbor,False,ENVELOPE_BASE_CONTACT,999999999.0000000000,10212.2987790000,0.2500000000,0.2500000000,0.3500000000,2.5000000000,1.0000000000,104,111,101,113,103,112
108,neighbor,False,ENVELOPE_BASE_CONTACT,999999999.0000000000,10212.2987790000,0.3250000000,0.3500000000,0.3000000000,2.5000000000,1.0000000000,102,112,103,112,101,110
109,neighbor,False,MINIMUM_MAIN_STEEL,999999999.0000000000,10212.2987790000,0.3250000000,0.3500000000,0.3000000000,2.5000000000,1.0000000000,100,112,103,112,104,113
110,neighbor,False,ENVELOPE_BASE_CONTACT,999999999.0000000000,10212.2987790000,0.3250000000,0.3500000000,0.3000000000,2.5000000000,1.0000000000,102,112,104,113,104,113
111,neighbor,False,ENVELOPE_BASE_CONTACT,999999999.0000000000,10212.2987790000,0.2750000000,0.3500000000,0.3000000000,2.5000000000,1.0000000000,103,110,103,112,104,113
112,neighbor,False,ENVELOPE_BASE_CONTACT,999999999.0000000000,10212.2987790000,0.3000000000,0.3500000000,0.3500000000,2.5000000000,1.0000000000,101,112,104,112,103,113
113,neighbor,False,MINIMUM_MAIN_STEEL,999999999.0000000000,10212.2987790000,0.3000000000,0.4000000000,0.3000000000,2.5000000000,1.0000000000,100,113,101,111,102,113
114,neighbor,False,ENVELOPE_BASE_CONTACT,999999999.0000000000,10212.2987790000,0.3250000000,0.3500000000,0.3000000000,2.5000000000,1.0000000000,102,111,103,112,104,113
115,neighbor,False,MINIMUM_MAIN_STEEL,999999999.0000000000,10212.2987790000,0.2750000000,0.4000000000,0.3000000000,3.0000000000,0.9000000000,103,113,100,113,100,113
116,neighbor,False,STEM_STRESS_OR_INTERVAL_BOUND,999999999.0000000000,10212.2987790000,0.2500000000,0.2500000000,0.3000000000,3.0000000000,1.0000000000,103,113,103,110,100,110
117,neighbor,False,STEM_STRESS_OR_INTERVAL_BOUND,999999999.0000000000,10212.2987790000,0.3500000000,0.3500000000,0.3500000000,3.0000000000,1.0000000000,100,110,101,113,103,113
118,neighbor,False,ENVELOPE_BASE_CONTACT,999999999.0000000000,10212.2987790000,0.3250000000,0.3500000000,0.3000000000,2.5000000000,1.0000000000,102,112,103,112,104,111
119,neighbor,False,ENVELOPE_BASE_CONTACT,999999999.0000000000,10212.2987790000,0.3250000000,0.3500000000,0.3000000000,2.5000000000,1.0000000000,100,110,101,110,102,111
120,neighbor,False,MINIMUM_MAIN_STEEL,999999999.0000000000,10212.2987790000,0.3750000000,0.4500000000,0.3000000000,3.0000000000,1.0000000000,104,111,100,113,103,110
121,neighbor,False,ENVELOPE_BASE_CONTACT,999999999.0000000000,10212.2987790000,0.3000000000,0.3000000000,0.3500000000,2.5000000000,1.0000000000,104,112,101,110,104,113
122,neighbor,False,ENVELOPE_BASE_CONTACT,999999999.0000000000,10212.2987790000,0.2500000000,0.2500000000,0.3000000000,2.5000000000,1.0000000000,104,110,104,113,103,111
123,neighbor,False,ENVELOPE_BASE_CONTACT,999999999.0000000000,10212.2987790000,0.3250000000,0.3500000000,0.3000000000,2.5000000000,1.0000000000,102,112,103,112,104,113
124,reset,False,ENVELOPE_BASE_CONTACT,999999999.0000000000,10212.2987790000,0.3250000000,0.3500000000,0.3000000000,2.5000000000,1.0000000000,102,112,103,112,104,113
125,neighbor,False,ENVELOPE_BASE_CONTACT,999999999.0000000000,10212.2987790000,0.3250000000,0.3500000000,0.4500000000,2.5000000000,0.9000000000,104,112,104,113,102,111
126,neighbor,False,ENVELOPE_BASE_CONTACT,999999999.0000000000,10212.2987790000,0.3000000000,0.3000000000,0.3000000000,2.5000000000,0.8000000000,104,112,104,113,101,111
127,neighbor,False,ENVELOPE_BASE_CONTACT,999999999.0000000000,10212.2987790000,0.3000000000,0.3500000000,0.4000000000,2.5000000000,0.8000000000,104,113,104,111,102,111
128,neighbor,False,ENVELOPE_BASE_CONTACT,999999999.0000000000,10212.2987790000,0.3000000000,0.3000000000,0.3500000000,2.5000000000,0.8000000000,104,113,101,110,104,113
129,neighbor,False,ENVELOPE_BASE_CONTACT,999999999.0000000000,10212.2987790000,0.2750000000,0.3000000000,0.3000000000,2.5000000000,1.0000000000,103,111,100,110,102,113
130,neighbor,False,MINIMUM_MAIN_STEEL,999999999.0000000000,10212.2987790000,0.3500000000,0.4500000000,0.3000000000,2.5000000000,0.9000000000,100,110,103,111,101,112
131,neighbor,False,MINIMUM_MAIN_STEEL,999999999.0000000000,10212.2987790000,0.3750000000,0.4500000000,0.5500000000,2.5000000000,0.8000000000,103,112,100,111,103,110
132,neighbor,False,ENVELOPE_BASE_CONTACT,999999999.0000000000,10212.2987790000,0.2500000000,0.2500000000,0.3000000000,2.5000000000,1.0000000000,101,110,103,112,104,113
133,neighbor,False,ENVELOPE_BASE_CONTACT,999999999.0000000000,10212.2987790000,0.2750000000,0.4000000000,0.3000000000,2.5000000000,1.0000000000,102,111,103,112,104,113
134,neighbor,False,ENVELOPE_BASE_CONTACT,999999999.0000000000,10212.2987790000,0.3250000000,0.3500000000,0.3000000000,2.5000000000,1.0000000000,103,110,103,112,104,113
135,neighbor,False,ENVELOPE_BASE_CONTACT,999999999.0000000000,10212.2987790000,0.3250000000,0.3500000000,0.3000000000,2.5000000000,1.0000000000,104,111,103,112,104,113
136,neighbor,True,PASS_IMPLEMENTED_PROJECT_CHECKS,11250.4397100000,10212.2987790000,0.3500000000,0.4000000000,0.3000000000,3.0000000000,0.9000000000,103,112,104,111,103,110
137,neighbor,False,MINIMUM_MAIN_STEEL,999999999.0000000000,10212.2987790000,0.3500000000,0.4000000000,0.3000000000,3.0000000000,0.9000000000,101,113,104,111,103,110
138,neighbor,True,PASS_IMPLEMENTED_PROJECT_CHECKS,10983.7252100000,10212.2987790000,0.3500000000,0.4000000000,0.3000000000,3.5000000000,1.0000000000,103,112,101,111,103,111
139,neighbor,False,MINIMUM_MAIN_STEEL,999999999.0000000000,10212.2987790000,0.3500000000,0.3500000000,0.3000000000,3.5000000000,0.9000000000,100,112,104,111,103,113
140,neighbor,False,STEM_STRESS_OR_INTERVAL_BOUND,999999999.0000000000,10212.2987790000,0.4000000000,0.4000000000,0.3000000000,3.5000000000,1.0000000000,103,113,101,111,103,111
141,neighbor,True,PASS_IMPLEMENTED_PROJECT_CHECKS,10669.8264600000,10212.2987790000,0.3500000000,0.4000000000,0.3000000000,3.5000000000,1.0000000000,102,111,101,111,103,111
142,neighbor,True,PASS_IMPLEMENTED_PROJECT_CHECKS,11358.9759200000,10212.2987790000,0.3000000000,0.3000000000,0.5000000000,3.0000000000,1.0000000000,104,112,104,111,101,110
143,neighbor,False,STEM_STRESS_OR_INTERVAL_BOUND,999999999.0000000000,10212.2987790000,0.3000000000,0.3500000000,0.3000000000,3.5000000000,1.0000000000,101,110,101,111,103,111
144,neighbor,True,PASS_IMPLEMENTED_PROJECT_CHECKS,10622.5082340000,10212.2987790000,0.3250000000,0.3500000000,0.3000000000,3.5000000000,0.9000000000,102,110,101,113,102,111
145,neighbor,False,STEM_STRESS_OR_INTERVAL_BOUND,999999999.0000000000,10212.2987790000,0.3000000000,0.4000000000,0.5000000000,3.5000000000,0.9000000000,102,112,101,110,104,113
146,neighbor,False,STEM_STRESS_OR_INTERVAL_BOUND,999999999.0000000000,10212.2987790000,0.2500000000,0.2500000000,0.4500000000,3.5000000000,0.9000000000,100,111,101,110,100,110
147,neighbor,False,MEMBER_FLEXURE,999999999.0000000000,10212.2987790000,0.3000000000,0.3000000000,0.3000000000,3.5000000000,0.9000000000,103,111,101,113,102,111
148,neighbor,False,MINIMUM_MAIN_STEEL,999999999.0000000000,10212.2987790000,0.3750000000,0.4500000000,0.3000000000,3.0000000000,1.0000000000,103,113,100,112,101,111
149,neighbor,True,PASS_IMPLEMENTED_PROJECT_CHECKS,12066.4801900000,10212.2987790000,0.3250000000,0.3500000000,0.5000000000,3.5000000000,0.9000000000,102,110,104,112,101,112
150,neighbor,False,MINIMUM_MAIN_STEEL,999999999.0000000000,10212.2987790000,0.3250000000,0.3500000000,0.3000000000,3.5000000000,0.9000000000,102,110,101,113,100,112
151,neighbor,False,MAXIMUM_MAIN_STEEL,999999999.0000000000,10212.2987790000,0.3250000000,0.3500000000,0.3000000000,3.5000000000,0.9000000000,102,110,104,110,102,111
152,neighbor,False,MINIMUM_MAIN_STEEL,999999999.0000000000,10212.2987790000,0.3000000000,0.4500000000,0.5500000000,3.5000000000,0.8000000000,103,112,102,110,100,112
153,neighbor,False,STEM_STRESS_OR_INTERVAL_BOUND,999999999.0000000000,10212.2987790000,0.2500000000,0.2500000000,0.4000000000,3.5000000000,0.9000000000,102,113,104,111,101,113
154,neighbor,False,MINIMUM_MAIN_STEEL,999999999.0000000000,10212.2987790000,0.3000000000,0.3000000000,0.3000000000,3.5000000000,0.8000000000,103,113,104,110,100,113
155,neighbor,False,STEM_STRESS_OR_INTERVAL_BOUND,999999999.0000000000,10212.2987790000,0.3000000000,0.3500000000,0.4500000000,3.0000000000,0.8000000000,102,112,103,110,102,112
156,neighbor,False,MEMBER_FLEXURE,999999999.0000000000,10212.2987790000,0.3250000000,0.3500000000,0.3000000000,3.5000000000,0.9000000000,102,110,101,113,100,110
157,neighbor,True,PASS_IMPLEMENTED_PROJECT_CHECKS,10808.3089000000,10212.2987790000,0.3000000000,0.4000000000,0.3000000000,3.5000000000,0.9000000000,103,112,103,112,104,112
158,neighbor,False,MINIMUM_MAIN_STEEL,999999999.0000000000,10212.2987790000,0.2750000000,0.3000000000,0.4500000000,3.0000000000,0.8000000000,104,111,103,112,100,113
159,neighbor,False,MEMBER_FLEXURE,999999999.0000000000,10212.2987790000,0.3250000000,0.3500000000,0.3000000000,3.5000000000,0.8000000000,102,110,104,113,102,112
160,neighbor,False,MEMBER_FLEXURE,999999999.0000000000,10212.2987790000,0.3250000000,0.3500000000,0.3000000000,3.5000000000,0.9000000000,102,110,101,113,102,112
161,neighbor,False,STEM_STRESS_OR_INTERVAL_BOUND,999999999.0000000000,10212.2987790000,0.2500000000,0.2500000000,0.3000000000,3.0000000000,0.8000000000,103,110,102,111,104,111
162,neighbor,True,PASS_IMPLEMENTED_PROJECT_CHECKS,11135.9312100000,10212.2987790000,0.3250000000,0.3500000000,0.3000000000,3.5000000000,0.9000000000,102,110,104,111,102,111
163,neighbor,False,MINIMUM_MAIN_STEEL,999999999.0000000000,10212.2987790000,0.3500000000,0.4500000000,0.3000000000,3.5000000000,1.0000000000,100,111,104,111,101,111
164,neighbor,False,STEM_STRESS_OR_INTERVAL_BOUND,999999999.0000000000,10212.2987790000,0.2500000000,0.2500000000,0.3000000000,3.0000000000,0.7000000000,103,112,104,112,102,112
165,neighbor,False,STEM_STRESS_OR_INTERVAL_BOUND,999999999.0000000000,10212.2987790000,0.2750000000,0.3000000000,0.5000000000,3.0000000000,0.7000000000,103,112,101,111,104,113
166,neighbor,False,MINIMUM_MAIN_STEEL,999999999.0000000000,10212.2987790000,0.3250000000,0.4000000000,0.4000000000,3.5000000000,0.9000000000,102,111,101,112,100,111
167,neighbor,False,MINIMUM_MAIN_STEEL,999999999.0000000000,10212.2987790000,0.3000000000,0.3000000000,0.5000000000,3.0000000000,0.9000000000,100,112,102,113,101,110
168,neighbor,False,MINIMUM_MAIN_STEEL,999999999.0000000000,10212.2987790000,0.3750000000,0.4000000000,0.5000000000,3.5000000000,0.9000000000,100,112,103,113,101,112
169,neighbor,False,STEM_STRESS_OR_INTERVAL_BOUND,999999999.0000000000,10212.2987790000,0.3000000000,0.3000000000,0.5500000000,3.0000000000,0.9000000000,101,110,104,113,104,112
170,neighbor,False,STEM_STRESS_OR_INTERVAL_BOUND,999999999.0000000000,10212.2987790000,0.3000000000,0.3000000000,0.3000000000,3.5000000000,0.9000000000,102,111,101,113,102,111
171,neighbor,False,STEM_STRESS_OR_INTERVAL_BOUND,999999999.0000000000,10212.2987790000,0.3500000000,0.4000000000,0.3000000000,3.5000000000,1.0000000000,103,113,104,112,101,110
172,neighbor,False,STEM_STRESS_OR_INTERVAL_BOUND,999999999.0000000000,10212.2987790000,0.3250000000,0.3500000000,0.3000000000,3.5000000000,0.9000000000,102,111,101,113,102,111
173,neighbor,False,MINIMUM_MAIN_STEEL,999999999.0000000000,10212.2987790000,0.3500000000,0.4500000000,0.3000000000,3.5000000000,0.8000000000,101,113,102,113,102,113
174,neighbor,True,PASS_IMPLEMENTED_PROJECT_CHECKS,12074.7924220000,10212.2987790000,0.3500000000,0.4500000000,0.3500000000,3.5000000000,0.7000000000,104,112,103,112,104,113
175,neighbor,False,STEM_STRESS_OR_INTERVAL_BOUND,999999999.0000000000,10212.2987790000,0.3000000000,0.3000000000,0.3000000000,3.5000000000,0.8000000000,102,112,101,112,104,112
176,neighbor,False,MINIMUM_MAIN_STEEL,999999999.0000000000,10212.2987790000,0.3000000000,0.3500000000,0.4000000000,3.0000000000,1.0000000000,104,111,100,113,102,111
177,neighbor,False,MEMBER_FLEXURE,999999999.0000000000,10212.2987790000,0.3250000000,0.3500000000,0.3000000000,3.5000000000,0.9000000000,102,110,101,112,100,111
178,neighbor,True,PASS_IMPLEMENTED_PROJECT_CHECKS,10770.1254840000,10212.2987790000,0.3250000000,0.3500000000,0.3000000000,3.5000000000,0.9000000000,102,110,101,113,103,112
179,neighbor,False,STEM_STRESS_OR_INTERVAL_BOUND,999999999.0000000000,10212.2987790000,0.2500000000,0.2500000000,0.3500000000,3.0000000000,1.0000000000,104,112,102,113,102,110
180,neighbor,False,STEM_STRESS_OR_INTERVAL_BOUND,999999999.0000000000,10212.2987790000,0.2500000000,0.2500000000,0.3000000000,3.5000000000,0.8000000000,100,111,103,113,103,111
181,neighbor,False,MINIMUM_MAIN_STEEL,999999999.0000000000,10212.2987790000,0.3500000000,0.4500000000,0.5500000000,3.5000000000,0.8000000000,101,113,103,111,101,110
182,neighbor,False,STEM_STRESS_OR_INTERVAL_BOUND,999999999.0000000000,10212.2987790000,0.2500000000,0.2500000000,0.3000000000,3.5000000000,0.9000000000,101,111,101,113,102,111
183,neighbor,False,MINIMUM_MAIN_STEEL,999999999.0000000000,10212.2987790000,0.3000000000,0.3000000000,0.5500000000,3.5000000000,1.0000000000,101,113,100,113,101,111
184,neighbor,False,MINIMUM_MAIN_STEEL,999999999.0000000000,10212.2987790000,0.3000000000,0.4500000000,0.3000000000,3.5000000000,1.0000000000,102,112,102,112,100,113
185,neighbor,False,STEM_STRESS_OR_INTERVAL_BOUND,999999999.0000000000,10212.2987790000,0.3250000000,0.3500000000,0.3000000000,3.5000000000,0.9000000000,101,111,101,113,102,111
186,neighbor,False,MINIMUM_MAIN_STEEL,999999999.0000000000,10212.2987790000,0.2750000000,0.4500000000,0.3000000000,3.5000000000,0.7000000000,100,111,100,110,104,113
187,neighbor,False,MEMBER_FLEXURE,999999999.0000000000,10212.2987790000,0.3250000000,0.3500000000,0.3000000000,3.5000000000,0.9000000000,102,110,101,113,101,111
188,neighbor,False,MAXIMUM_MAIN_STEEL,999999999.0000000000,10212.2987790000,0.3250000000,0.3500000000,0.3000000000,3.5000000000,0.9000000000,102,110,104,110,102,111
189,neighbor,False,MAXIMUM_MAIN_STEEL,999999999.0000000000,10212.2987790000,0.2750000000,0.3500000000,0.3000000000,3.5000000000,0.8000000000,103,110,102,111,102,111
190,neighbor,True,PASS_IMPLEMENTED_PROJECT_CHECKS,10673.3292900000,10212.2987790000,0.3250000000,0.3500000000,0.3000000000,3.5000000000,0.9000000000,102,110,100,110,102,111
191,neighbor,False,MEMBER_FLEXURE,999999999.0000000000,10212.2987790000,0.3250000000,0.4500000000,0.3000000000,3.0000000000,0.8000000000,103,111,100,110,101,111
192,neighbor,False,MINIMUM_MAIN_STEEL,999999999.0000000000,10212.2987790000,0.2500000000,0.2500000000,0.3000000000,3.5000000000,1.0000000000,101,112,100,112,102,111
193,neighbor,False,STEM_STRESS_OR_INTERVAL_BOUND,999999999.0000000000,10212.2987790000,0.3250000000,0.3500000000,0.3000000000,3.5000000000,0.9000000000,102,112,101,113,102,111
194,neighbor,False,MAXIMUM_MAIN_STEEL,999999999.0000000000,10212.2987790000,0.3000000000,0.3000000000,0.3000000000,3.5000000000,0.9000000000,104,110,101,113,102,111
195,neighbor,True,PASS_IMPLEMENTED_PROJECT_CHECKS,10855.4721340000,10212.2987790000,0.3250000000,0.4000000000,0.3000000000,3.5000000000,0.9000000000,104,112,101,113,102,111
196,neighbor,True,PASS_IMPLEMENTED_PROJECT_CHECKS,11006.4352500000,10212.2987790000,0.3250000000,0.3500000000,0.3000000000,3.5000000000,0.9000000000,102,110,103,111,102,111
197,neighbor,False,MINIMUM_MAIN_STEEL,999999999.0000000000,10212.2987790000,0.3250000000,0.4000000000,0.5500000000,3.0000000000,0.7000000000,101,110,103,112,101,112
198,neighbor,False,STEM_STRESS_OR_INTERVAL_BOUND,999999999.0000000000,10212.2987790000,0.3000000000,0.3000000000,0.3000000000,3.5000000000,0.9000000000,101,111,101,113,102,111
199,neighbor,False,STEM_STRESS_OR_INTERVAL_BOUND,999999999.0000000000,10212.2987790000,0.2500000000,0.2500000000,0.3000000000,3.0000000000,0.9000000000,101,110,101,112,104,111
200,neighbor,False,MEMBER_FLEXURE,999999999.0000000000,10212.2987790000,0.3000000000,0.3000000000,0.3000000000,3.0000000000,1.0000000000,103,110,101,112,100,111
201,neighbor,True,PASS_IMPLEMENTED_PROJECT_CHECKS,10622.5082340000,10212.2987790000,0.3250000000,0.3500000000,0.3000000000,3.5000000000,0.9000000000,102,110,101,113,102,111
202,neighbor,False,STEM_STRESS_OR_INTERVAL_BOUND,999999999.0000000000,10212.2987790000,0.3000000000,0.4500000000,0.4500000000,3.0000000000,1.0000000000,101,111,103,110,104,110
203,neighbor,False,MINIMUM_MAIN_STEEL,999999999.0000000000,10212.2987790000,0.3500000000,0.3500000000,0.3000000000,3.0000000000,0.8000000000,100,113,102,110,103,110
204,neighbor,True,PASS_IMPLEMENTED_PROJECT_CHECKS,11447.0176740000,10212.2987790000,0.3250000000,0.3500000000,0.3000000000,3.5000000000,0.9000000000,102,110,101,113,104,111
205,reset,False,STEM_STRESS_OR_INTERVAL_BOUND,999999999.0000000000,10212.2987790000,0.2500000000,0.2500000000,0.3000000000,3.0000000000,0.9000000000,102,110,101,113,102,111
206,neighbor,False,STEM_STRESS_OR_INTERVAL_BOUND,999999999.0000000000,10212.2987790000,0.2000000000,0.2000000000,0.3000000000,3.5000000000,0.7000000000,104,110,102,112,102,112
207,neighbor,False,MINIMUM_MAIN_STEEL,999999999.0000000000,10212.2987790000,0.2000000000,0.2000000000,0.3000000000,2.5000000000,1.0000000000,101,112,101,113,100,112
208,neighbor,False,MINIMUM_MAIN_STEEL,999999999.0000000000,10212.2987790000,0.2000000000,0.2000000000,0.3000000000,3.0000000000,0.9000000000,104,112,100,112,102,111
209,neighbor,False,ENVELOPE_BASE_CONTACT,999999999.0000000000,10212.2987790000,0.2750000000,0.3000000000,0.3000000000,2.5000000000,1.0000000000,104,111,103,112,101,111
210,neighbor,False,MINIMUM_MAIN_STEEL,999999999.0000000000,10212.2987790000,0.2750000000,0.3500000000,0.3000000000,3.0000000000,1.0000000000,104,112,101,112,100,113
211,neighbor,False,ENVELOPE_BASE_CONTACT,999999999.0000000000,10212.2987790000,0.2000000000,0.2000000000,0.3000000000,2.5000000000,0.8000000000,102,112,104,113,101,110
212,neighbor,False,MINIMUM_MAIN_STEEL,999999999.0000000000,10212.2987790000,0.3000000000,0.3000000000,0.3000000000,2.5000000000,1.0000000000,102,110,100,113,103,111
213,neighbor,False,STEM_STRESS_OR_INTERVAL_BOUND,999999999.0000000000,10212.2987790000,0.2500000000,0.2500000000,0.3000000000,3.0000000000,0.8000000000,102,110,101,112,104,113
214,neighbor,False,STEM_STRESS_OR_INTERVAL_BOUND,999999999.0000000000,10212.2987790000,0.2500000000,0.2500000000,0.3000000000,3.0000000000,0.7000000000,102,110,104,112,104,112
215,neighbor,False,STEM_STRESS_OR_INTERVAL_BOUND,999999999.0000000000,10212.2987790000,0.2500000000,0.2500000000,0.3000000000,3.5000000000,1.0000000000,103,111,103,111,102,111
216,neighbor,False,STEM_STRESS_OR_INTERVAL_BOUND,999999999.0000000000,10212.2987790000,0.3000000000,0.3000000000,0.3000000000,3.5000000000,1.0000000000,103,112,100,110,103,111
217,neighbor,False,MINIMUM_MAIN_STEEL,999999999.0000000000,10212.2987790000,0.2500000000,0.3000000000,0.3000000000,2.5000000000,0.7000000000,102,110,104,110,100,112
218,neighbor,False,MINIMUM_MAIN_STEEL,999999999.0000000000,10212.2987790000,0.2250000000,0.3000000000,0.3000000000,3.5000000000,1.0000000000,102,112,100,113,104,113
219,neighbor,False,ENVELOPE_BASE_CONTACT,999999999.0000000000,10212.2987790000,0.2000000000,0.2000000000,0.3000000000,2.5000000000,0.8000000000,104,111,102,111,101,110
220,neighbor,False,MAXIMUM_MAIN_STEEL,999999999.0000000000,10212.2987790000,0.2000000000,0.3000000000,0.3000000000,3.5000000000,1.0000000000,103,110,101,111,104,113
221,neighbor,False,STEM_STRESS_OR_INTERVAL_BOUND,999999999.0000000000,10212.2987790000,0.2500000000,0.2500000000,0.3000000000,3.0000000000,0.8000000000,102,110,101,111,101,113
222,neighbor,False,STEM_STRESS_OR_INTERVAL_BOUND,999999999.0000000000,10212.2987790000,0.2500000000,0.2500000000,0.3000000000,3.0000000000,0.9000000000,102,110,101,113,102,111
223,neighbor,False,STEM_STRESS_OR_INTERVAL_BOUND,999999999.0000000000,10212.2987790000,0.2500000000,0.2500000000,0.3000000000,3.0000000000,0.9000000000,102,110,101,113,104,112
224,neighbor,False,STEM_STRESS_OR_INTERVAL_BOUND,999999999.0000000000,10212.2987790000,0.2000000000,0.2000000000,0.3000000000,3.0000000000,0.9000000000,101,111,101,113,102,111
225,neighbor,False,ENVELOPE_BASE_CONTACT,999999999.0000000000,10212.2987790000,0.2000000000,0.2000000000,0.3000000000,2.5000000000,1.0000000000,102,111,103,113,102,113
226,neighbor,False,ENVELOPE_BASE_CONTACT,999999999.0000000000,10212.2987790000,0.2000000000,0.2000000000,0.3000000000,2.5000000000,0.7000000000,101,110,103,113,102,110
227,neighbor,False,ENVELOPE_BASE_CONTACT,999999999.0000000000,10212.2987790000,0.3000000000,0.3500000000,0.3000000000,2.5000000000,1.0000000000,104,113,102,110,102,111
228,neighbor,False,STEM_STRESS_OR_INTERVAL_BOUND,999999999.0000000000,10212.2987790000,0.2500000000,0.2500000000,0.3000000000,3.0000000000,0.9000000000,102,110,101,113,102,110
229,neighbor,False,STEM_STRESS_OR_INTERVAL_BOUND,999999999.0000000000,10212.2987790000,0.2750000000,0.3000000000,0.3000000000,3.0000000000,0.9000000000,104,112,101,113,102,111
230,neighbor,False,STEM_STRESS_OR_INTERVAL_BOUND,999999999.0000000000,10212.2987790000,0.2500000000,0.2500000000,0.3000000000,3.0000000000,0.9000000000,102,110,102,111,102,111
231,neighbor,False,MINIMUM_MAIN_STEEL,999999999.0000000000,10212.2987790000,0.2500000000,0.2500000000,0.3000000000,3.0000000000,0.9000000000,102,110,100,112,104,110
232,neighbor,False,MINIMUM_MAIN_STEEL,999999999.0000000000,10212.2987790000,0.2500000000,0.2500000000,0.3000000000,3.5000000000,1.0000000000,101,111,100,113,102,110
233,neighbor,False,MEMBER_FLEXURE,999999999.0000000000,10212.2987790000,0.2750000000,0.3000000000,0.3000000000,3.5000000000,1.0000000000,102,110,101,112,100,111
234,neighbor,False,STEM_STRESS_OR_INTERVAL_BOUND,999999999.0000000000,10212.2987790000,0.2500000000,0.2500000000,0.3000000000,3.5000000000,1.0000000000,102,110,104,113,102,113
235,neighbor,False,STEM_STRESS_OR_INTERVAL_BOUND,999999999.0000000000,10212.2987790000,0.2000000000,0.2000000000,0.3000000000,3.5000000000,0.7000000000,103,113,103,110,103,112
236,neighbor,False,STEM_STRESS_OR_INTERVAL_BOUND,999999999.0000000000,10212.2987790000,0.2500000000,0.2500000000,0.3000000000,3.0000000000,0.9000000000,102,110,102,111,102,111
237,neighbor,False,STEM_STRESS_OR_INTERVAL_BOUND,999999999.0000000000,10212.2987790000,0.2500000000,0.2500000000,0.3000000000,3.0000000000,0.9000000000,102,110,101,113,101,113
238,neighbor,False,STEM_STRESS_OR_INTERVAL_BOUND,999999999.0000000000,10212.2987790000,0.2500000000,0.2500000000,0.3000000000,3.0000000000,0.9000000000,104,113,101,113,102,111
239,neighbor,False,STEM_STRESS_OR_INTERVAL_BOUND,999999999.0000000000,10212.2987790000,0.2500000000,0.2500000000,0.3000000000,3.0000000000,0.9000000000,102,110,101,113,102,110
240,neighbor,False,STEM_STRESS_OR_INTERVAL_BOUND,999999999.0000000000,10212.2987790000,0.2500000000,0.2500000000,0.3000000000,3.5000000000,0.9000000000,102,110,101,111,103,110
241,neighbor,False,STEM_STRESS_OR_INTERVAL_BOUND,999999999.0000000000,10212.2987790000,0.2500000000,0.2500000000,0.3000000000,3.0000000000,0.9000000000,102,110,103,110,102,111
242,neighbor,False,MINIMUM_MAIN_STEEL,999999999.0000000000,10212.2987790000,0.2000000000,0.2000000000,0.3000000000,2.5000000000,0.7000000000,104,113,104,110,100,112
243,neighbor,False,ENVELOPE_BASE_CONTACT,999999999.0000000000,10212.2987790000,0.2500000000,0.2500000000,0.3000000000,2.5000000000,0.7000000000,103,112,102,112,100,110
244,neighbor,False,STEM_STRESS_OR_INTERVAL_BOUND,999999999.0000000000,10212.2987790000,0.2000000000,0.2000000000,0.3000000000,3.0000000000,0.8000000000,101,110,104,111,101,112
245,neighbor,False,STEM_STRESS_OR_INTERVAL_BOUND,999999999.0000000000,10212.2987790000,0.2000000000,0.2000000000,0.3000000000,3.0000000000,1.0000000000,100,112,103,113,101,113
246,neighbor,False,STEM_STRESS_OR_INTERVAL_BOUND,999999999.0000000000,10212.2987790000,0.2250000000,0.3500000000,0.3000000000,3.0000000000,1.0000000000,101,112,103,111,101,110
247,neighbor,False,MAXIMUM_MAIN_STEEL,999999999.0000000000,10212.2987790000,0.2000000000,0.3000000000,0.3000000000,3.0000000000,0.7000000000,104,110,102,112,102,110
248,neighbor,False,MINIMUM_MAIN_STEEL,999999999.0000000000,10212.2987790000,0.3000000000,0.3000000000,0.3000000000,3.5000000000,1.0000000000,100,110,100,112,104,113
249,neighbor,False,STEM_STRESS_OR_INTERVAL_BOUND,999999999.0000000000,10212.2987790000,0.2500000000,0.2500000000,0.3000000000,3.0000000000,0.9000000000,102,110,104,113,102,111
250,neighbor,False,MINIMUM_MAIN_STEEL,999999999.0000000000,10212.2987790000,0.2250000000,0.2500000000,0.3000000000,3.0000000000,0.9000000000,100,112,101,113,102,111
251,neighbor,False,STEM_STRESS_OR_INTERVAL_BOUND,999999999.0000000000,10212.2987790000,0.2500000000,0.2500000000,0.3000000000,3.0000000000,0.9000000000,102,110,104,113,102,111
252,neighbor,False,MINIMUM_MAIN_STEEL,999999999.0000000000,10212.2987790000,0.2000000000,0.2000000000,0.3000000000,2.5000000000,1.0000000000,102,113,100,113,101,113
253,neighbor,False,ENVELOPE_BASE_CONTACT,999999999.0000000000,10212.2987790000,0.2000000000,0.2000000000,0.3000000000,2.5000000000,0.9000000000,101,110,100,111,102,111
254,neighbor,False,STEM_STRESS_OR_INTERVAL_BOUND,999999999.0000000000,10212.2987790000,0.2500000000,0.2500000000,0.3000000000,3.0000000000,0.9000000000,102,110,101,113,100,110
255,neighbor,False,MINIMUM_MAIN_STEEL,999999999.0000000000,10212.2987790000,0.2000000000,0.3500000000,0.3000000000,3.5000000000,0.8000000000,100,113,100,112,103,113
256,neighbor,False,STEM_STRESS_OR_INTERVAL_BOUND,999999999.0000000000,10212.2987790000,0.2500000000,0.2500000000,0.3000000000,3.0000000000,0.9000000000,102,110,101,113,101,112
257,neighbor,False,STEM_STRESS_OR_INTERVAL_BOUND,999999999.0000000000,10212.2987790000,0.2500000000,0.2500000000,0.3000000000,3.0000000000,0.9000000000,102,110,101,113,102,111
258,neighbor,False,ENVELOPE_BASE_CONTACT,999999999.0000000000,10212.2987790000,0.2000000000,0.2000000000,0.3000000000,2.5000000000,0.8000000000,104,111,102,110,103,111
259,neighbor,False,STEM_STRESS_OR_INTERVAL_BOUND,999999999.0000000000,10212.2987790000,0.2000000000,0.2500000000,0.3000000000,3.5000000000,1.0000000000,104,111,104,110,100,110
260,neighbor,False,MINIMUM_MAIN_STEEL,999999999.0000000000,10212.2987790000,0.2000000000,0.2000000000,0.3000000000,3.5000000000,0.7000000000,104,113,103,111,100,112
261,neighbor,False,ENVELOPE_BASE_CONTACT,999999999.0000000000,10212.2987790000,0.2500000000,0.2500000000,0.3000000000,2.5000000000,0.8000000000,102,110,100,111,101,112
262,neighbor,False,STEM_STRESS_OR_INTERVAL_BOUND,999999999.0000000000,10212.2987790000,0.2500000000,0.2500000000,0.3000000000,3.0000000000,0.9000000000,102,111,101,113,102,111
263,neighbor,False,MINIMUM_MAIN_STEEL,999999999.0000000000,10212.2987790000,0.2000000000,0.2000000000,0.3000000000,3.0000000000,0.9000000000,100,110,101,113,100,112
264,neighbor,False,STEM_STRESS_OR_INTERVAL_BOUND,999999999.0000000000,10212.2987790000,0.2250000000,0.3000000000,0.3000000000,3.0000000000,0.8000000000,102,113,103,110,104,110
265,neighbor,False,ENVELOPE_BASE_CONTACT,999999999.0000000000,10212.2987790000,0.2250000000,0.2500000000,0.3000000000,2.5000000000,0.7000000000,102,112,104,113,101,113
266,neighbor,False,STEM_STRESS_OR_INTERVAL_BOUND,999999999.0000000000,10212.2987790000,0.2500000000,0.2500000000,0.3000000000,3.0000000000,0.9000000000,102,110,101,111,101,113
267,neighbor,False,STEM_STRESS_OR_INTERVAL_BOUND,999999999.0000000000,10212.2987790000,0.3000000000,0.3000000000,0.3000000000,3.0000000000,1.0000000000,103,112,103,111,101,111
268,neighbor,False,ENVELOPE_BASE_CONTACT,999999999.0000000000,10212.2987790000,0.2500000000,0.2500000000,0.3000000000,2.5000000000,0.9000000000,101,110,102,113,104,111
269,neighbor,False,STEM_STRESS_OR_INTERVAL_BOUND,999999999.0000000000,10212.2987790000,0.2500000000,0.2500000000,0.3000000000,3.0000000000,0.9000000000,102,110,103,112,102,111
270,neighbor,False,ENVELOPE_BASE_CONTACT,999999999.0000000000,10212.2987790000,0.2500000000,0.2500000000,0.3000000000,2.5000000000,1.0000000000,102,110,104,111,103,111
271,neighbor,False,STEM_STRESS_OR_INTERVAL_BOUND,999999999.0000000000,10212.2987790000,0.2000000000,0.2000000000,0.3000000000,3.0000000000,0.9000000000,103,110,101,113,102,111
272,neighbor,False,STEM_STRESS_OR_INTERVAL_BOUND,999999999.0000000000,10212.2987790000,0.2000000000,0.2000000000,0.3000000000,3.5000000000,0.9000000000,102,111,104,110,102,111
273,neighbor,False,ENVELOPE_BASE_CONTACT,999999999.0000000000,10212.2987790000,0.2500000000,0.2500000000,0.3000000000,2.5000000000,1.0000000000,100,111,102,111,100,111
274,neighbor,False,STEM_STRESS_OR_INTERVAL_BOUND,999999999.0000000000,10212.2987790000,0.2500000000,0.2500000000,0.3000000000,3.0000000000,0.9000000000,102,111,101,113,102,111
275,neighbor,False,MINIMUM_MAIN_STEEL,999999999.0000000000,10212.2987790000,0.3000000000,0.3500000000,0.3000000000,3.5000000000,1.0000000000,104,111,102,110,100,113
276,neighbor,False,STEM_STRESS_OR_INTERVAL_BOUND,999999999.0000000000,10212.2987790000,0.2500000000,0.2500000000,0.3000000000,3.0000000000,0.9000000000,102,110,101,113,101,110
277,neighbor,False,MINIMUM_MAIN_STEEL,999999999.0000000000,10212.2987790000,0.2000000000,0.2000000000,0.3000000000,3.0000000000,0.7000000000,104,111,100,112,102,111
278,neighbor,False,MINIMUM_MAIN_STEEL,999999999.0000000000,10212.2987790000,0.2500000000,0.2500000000,0.3000000000,3.0000000000,0.9000000000,102,110,101,113,100,112
279,neighbor,False,ENVELOPE_BASE_CONTACT,999999999.0000000000,10212.2987790000,0.2250000000,0.2500000000,0.3000000000,2.5000000000,0.7000000000,104,111,102,110,102,112
280,neighbor,False,STEM_STRESS_OR_INTERVAL_BOUND,999999999.0000000000,10212.2987790000,0.2500000000,0.2500000000,0.3000000000,3.5000000000,0.9000000000,101,113,104,111,101,111
281,neighbor,False,MAXIMUM_MAIN_STEEL,999999999.0000000000,10212.2987790000,0.2000000000,0.3500000000,0.3000000000,3.5000000000,0.7000000000,104,112,103,110,101,113
282,neighbor,False,MINIMUM_MAIN_STEEL,999999999.0000000000,10212.2987790000,0.2500000000,0.2500000000,0.3000000000,2.5000000000,1.0000000000,102,110,102,110,100,112
283,neighbor,False,STEM_STRESS_OR_INTERVAL_BOUND,999999999.0000000000,10212.2987790000,0.2500000000,0.2500000000,0.3000000000,3.0000000000,0.9000000000,102,110,100,111,102,111
284,neighbor,False,MINIMUM_MAIN_STEEL,999999999.0000000000,10212.2987790000,0.2250000000,0.2500000000,0.3000000000,2.5000000000,0.9000000000,100,112,102,112,102,111
285,neighbor,False,STEM_STRESS_OR_INTERVAL_BOUND,999999999.0000000000,10212.2987790000,0.2500000000,0.2500000000,0.3000000000,3.0000000000,0.9000000000,102,110,101,113,102,112
286,neighbor,False,STEM_STRESS_OR_INTERVAL_BOUND,999999999.0000000000,10212.2987790000,0.2000000000,0.2000000000,0.3000000000,3.0000000000,0.9000000000,101,113,101,113,102,111
287,neighbor,False,STEM_STRESS_OR_INTERVAL_BOUND,999999999.0000000000,10212.2987790000,0.2500000000,0.2500000000,0.3000000000,3.0000000000,0.9000000000,102,110,102,113,102,111
288,neighbor,False,MAXIMUM_MAIN_STEEL,999999999.0000000000,10212.2987790000,0.2750000000,0.3500000000,0.3000000000,3.0000000000,0.8000000000,103,110,102,111,102,110
289,neighbor,False,MINIMUM_MAIN_STEEL,999999999.0000000000,10212.2987790000,0.2250000000,0.2500000000,0.3000000000,2.5000000000,1.0000000000,104,113,100,113,102,110
290,neighbor,False,STEM_STRESS_OR_INTERVAL_BOUND,999999999.0000000000,10212.2987790000,0.2000000000,0.2000000000,0.3000000000,3.0000000000,0.9000000000,102,113,101,113,102,111
291,neighbor,False,STEM_STRESS_OR_INTERVAL_BOUND,999999999.0000000000,10212.2987790000,0.2500000000,0.2500000000,0.3000000000,3.0000000000,0.9000000000,102,110,101,113,103,111
292,neighbor,False,STEM_STRESS_OR_INTERVAL_BOUND,999999999.0000000000,10212.2987790000,0.2500000000,0.2500000000,0.3000000000,3.0000000000,0.9000000000,101,113,101,113,102,111
293,neighbor,False,ENVELOPE_BASE_CONTACT,999999999.0000000000,10212.2987790000,0.2500000000,0.3500000000,0.3000000000,2.5000000000,0.7000000000,103,112,102,112,103,113
294,neighbor,False,MINIMUM_MAIN_STEEL,999999999.0000000000,10212.2987790000,0.2500000000,0.2500000000,0.3000000000,3.0000000000,1.0000000000,102,110,102,111,100,112
295,neighbor,False,STEM_STRESS_OR_INTERVAL_BOUND,999999999.0000000000,10212.2987790000,0.2000000000,0.2000000000,0.3000000000,3.0000000000,0.7000000000,100,110,103,111,100,111
296,neighbor,False,STEM_STRESS_OR_INTERVAL_BOUND,999999999.0000000000,10212.2987790000,0.2500000000,0.2500000000,0.3000000000,3.0000000000,0.7000000000,102,110,101,113,103,112
297,neighbor,False,STEM_STRESS_OR_INTERVAL_BOUND,999999999.0000000000,10212.2987790000,0.2500000000,0.2500000000,0.3000000000,3.0000000000,0.9000000000,102,112,101,113,102,111
298,neighbor,False,STEM_STRESS_OR_INTERVAL_BOUND,999999999.0000000000,10212.2987790000,0.2000000000,0.2000000000,0.3000000000,3.5000000000,0.7000000000,102,113,104,113,103,113
299,neighbor,False,MINIMUM_MAIN_STEEL,999999999.0000000000,10212.2987790000,0.3000000000,0.3500000000,0.3000000000,3.5000000000,1.0000000000,100,112,103,112,102,110
300,neighbor,False,ENVELOPE_BASE_CONTACT,999999999.0000000000,10212.2987790000,0.2000000000,0.2500000000,0.3000000000,2.5000000000,0.8000000000,104,111,104,111,103,110
301,neighbor,False,STEM_STRESS_OR_INTERVAL_BOUND,999999999.0000000000,10212.2987790000,0.2750000000,0.3000000000,0.3000000000,3.0000000000,0.9000000000,103,113,101,113,102,111
302,neighbor,False,MINIMUM_MAIN_STEEL,999999999.0000000000,10212.2987790000,0.2000000000,0.2000000000,0.3000000000,2.5000000000,1.0000000000,104,112,104,110,100,112
303,neighbor,False,STEM_STRESS_OR_INTERVAL_BOUND,999999999.0000000000,10212.2987790000,0.2000000000,0.2000000000,0.3000000000,3.0000000000,0.9000000000,100,111,101,113,102,111
304,neighbor,False,STEM_STRESS_OR_INTERVAL_BOUND,999999999.0000000000,10212.2987790000,0.2500000000,0.2500000000,0.3000000000,3.0000000000,0.9000000000,102,110,104,112,102,111
305,neighbor,False,STEM_STRESS_OR_INTERVAL_BOUND,999999999.0000000000,10212.2987790000,0.2500000000,0.2500000000,0.3000000000,3.0000000000,0.9000000000,102,110,102,111,102,111
306,reset,False,STEM_STRESS_OR_INTERVAL_BOUND,999999999.0000000000,10212.2987790000,0.2500000000,0.2500000000,0.3000000000,3.0000000000,0.9000000000,102,110,101,113,102,111
307,neighbor,False,STEM_STRESS_OR_INTERVAL_BOUND,999999999.0000000000,10212.2987790000,0.2000000000,0.2000000000,0.4500000000,3.0000000000,0.9000000000,101,111,102,112,104,110
308,neighbor,False,STEM_STRESS_OR_INTERVAL_BOUND,999999999.0000000000,10212.2987790000,0.2000000000,0.2000000000,0.4000000000,3.0000000000,0.7000000000,101,113,104,110,100,110
309,neighbor,False,ENVELOPE_BASE_CONTACT,999999999.0000000000,10212.2987790000,0.2000000000,0.2000000000,0.4500000000,2.5000000000,0.7000000000,102,112,104,110,102,112
310,neighbor,False,STEM_STRESS_OR_INTERVAL_BOUND,999999999.0000000000,10212.2987790000,0.2500000000,0.2500000000,0.3000000000,3.0000000000,0.9000000000,102,110,100,110,102,111
311,neighbor,False,STEM_STRESS_OR_INTERVAL_BOUND,999999999.0000000000,10212.2987790000,0.2500000000,0.2500000000,0.3000000000,3.0000000000,0.9000000000,104,110,101,113,102,111
312,neighbor,False,STEM_STRESS_OR_INTERVAL_BOUND,999999999.0000000000,10212.2987790000,0.2500000000,0.2500000000,0.3000000000,3.0000000000,0.9000000000,102,110,101,113,100,111
313,neighbor,True,PASS_IMPLEMENTED_PROJECT_CHECKS,11153.0362500000,10212.2987790000,0.2500000000,0.3500000000,0.4500000000,3.5000000000,0.8000000000,103,112,103,112,103,112
314,neighbor,False,MINIMUM_MAIN_STEEL,999999999.0000000000,10212.2987790000,0.2500000000,0.3500000000,0.5000000000,3.5000000000,0.8000000000,101,111,104,111,100,111
315,neighbor,False,MAXIMUM_MAIN_STEEL,999999999.0000000000,10212.2987790000,0.2500000000,0.3500000000,0.3000000000,3.5000000000,0.7000000000,103,112,102,112,104,110
316,neighbor,False,MINIMUM_MAIN_STEEL,999999999.0000000000,10212.2987790000,0.2250000000,0.3500000000,0.4500000000,3.5000000000,0.8000000000,104,111,101,113,100,112
317,neighbor,False,STEM_STRESS_OR_INTERVAL_BOUND,999999999.0000000000,10212.2987790000,0.2000000000,0.3000000000,0.5500000000,3.0000000000,0.9000000000,101,110,102,111,102,112
318,neighbor,False,STEM_STRESS_OR_INTERVAL_BOUND,999999999.0000000000,10212.2987790000,0.2500000000,0.2500000000,0.6000000000,3.0000000000,0.7000000000,103,112,103,112,103,110
319,neighbor,False,MINIMUM_MAIN_STEEL,999999999.0000000000,10212.2987790000,0.2500000000,0.3500000000,0.4500000000,3.5000000000,0.8000000000,103,112,100,111,103,112
320,neighbor,True,PASS_IMPLEMENTED_PROJECT_CHECKS,14138.7738260000,10212.2987790000,0.2500000000,0.3500000000,0.7000000000,3.5000000000,0.9000000000,103,112,104,113,103,110
321,neighbor,True,PASS_IMPLEMENTED_PROJECT_CHECKS,11702.1287500000,10212.2987790000,0.2500000000,0.4500000000,0.4500000000,3.5000000000,0.8000000000,103,112,103,112,103,112
322,neighbor,False,MINIMUM_MAIN_STEEL,999999999.0000000000,10212.2987790000,0.2000000000,0.4500000000,0.3000000000,3.0000000000,0.8000000000,100,112,104,111,103,110
323,neighbor,False,STEM_STRESS_OR_INTERVAL_BOUND,999999999.0000000000,10212.2987790000,0.2000000000,0.3500000000,0.3000000000,3.5000000000,0.8000000000,103,113,102,113,104,111
324,neighbor,False,MAXIMUM_MAIN_STEEL,999999999.0000000000,10212.2987790000,0.2500000000,0.3500000000,0.4500000000,3.5000000000,0.8000000000,104,110,103,112,103,112
325,neighbor,False,MAXIMUM_MAIN_STEEL,999999999.0000000000,10212.2987790000,0.2500000000,0.4000000000,0.3500000000,3.0000000000,1.0000000000,104,110,101,111,104,110
326,neighbor,False,STEM_STRESS_OR_INTERVAL_BOUND,999999999.0000000000,10212.2987790000,0.3000000000,0.3000000000,0.5000000000,3.0000000000,0.7000000000,101,113,103,112,103,112
327,neighbor,False,MINIMUM_MAIN_STEEL,999999999.0000000000,10212.2987790000,0.2500000000,0.3500000000,0.4500000000,3.5000000000,0.8000000000,100,112,103,112,103,112
328,neighbor,False,MINIMUM_MAIN_STEEL,999999999.0000000000,10212.2987790000,0.2500000000,0.2500000000,0.4000000000,3.5000000000,0.7000000000,100,111,101,111,100,112
329,neighbor,False,STEM_STRESS_OR_INTERVAL_BOUND,999999999.0000000000,10212.2987790000,0.2250000000,0.2500000000,0.5500000000,3.0000000000,0.8000000000,103,112,103,113,101,110
330,neighbor,False,STEM_STRESS_OR_INTERVAL_BOUND,999999999.0000000000,10212.2987790000,0.2500000000,0.2500000000,0.6500000000,3.0000000000,0.8000000000,104,113,103,110,103,112
331,neighbor,False,MINIMUM_MAIN_STEEL,999999999.0000000000,10212.2987790000,0.3000000000,0.4000000000,0.3500000000,3.0000000000,0.6000000000,101,112,104,112,102,111
332,neighbor,False,STEM_STRESS_OR_INTERVAL_BOUND,999999999.0000000000,10212.2987790000,0.2500000000,0.3500000000,0.3000000000,3.0000000000,0.6000000000,100,110,103,110,101,110
333,neighbor,False,STEM_STRESS_OR_INTERVAL_BOUND,999999999.0000000000,10212.2987790000,0.2500000000,0.2500000000,0.6000000000,3.5000000000,0.6000000000,101,111,104,113,101,111
334,neighbor,False,MINIMUM_MAIN_STEEL,999999999.0000000000,10212.2987790000,0.2750000000,0.3000000000,0.4500000000,3.0000000000,0.7000000000,100,112,100,111,101,110
335,neighbor,False,MINIMUM_MAIN_STEEL,999999999.0000000000,10212.2987790000,0.2500000000,0.3500000000,0.6500000000,3.5000000000,0.8000000000,103,112,100,112,103,110
336,neighbor,True,PASS_IMPLEMENTED_PROJECT_CHECKS,11103.8305000000,10212.2987790000,0.2500000000,0.3500000000,0.4500000000,3.5000000000,0.8000000000,103,112,102,111,103,112
337,neighbor,False,MINIMUM_MAIN_STEEL,999999999.0000000000,10212.2987790000,0.2000000000,0.4000000000,0.4500000000,3.0000000000,0.9000000000,100,110,101,113,104,113
338,neighbor,False,MINIMUM_MAIN_STEEL,999999999.0000000000,10212.2987790000,0.2000000000,0.4500000000,0.4500000000,3.5000000000,0.8000000000,100,111,103,113,104,111
339,neighbor,False,STEM_STRESS_OR_INTERVAL_BOUND,999999999.0000000000,10212.2987790000,0.2250000000,0.3500000000,0.3500000000,3.0000000000,0.8000000000,103,113,102,111,103,112
340,neighbor,False,MEMBER_FLEXURE,999999999.0000000000,10212.2987790000,0.2500000000,0.3500000000,0.3000000000,3.5000000000,0.8000000000,103,112,103,113,101,110
341,neighbor,False,MINIMUM_MAIN_STEEL,999999999.0000000000,10212.2987790000,0.2250000000,0.4000000000,0.7000000000,3.0000000000,0.8000000000,100,111,100,111,104,110
342,neighbor,False,MINIMUM_MAIN_STEEL,999999999.0000000000,10212.2987790000,0.2500000000,0.3500000000,0.7000000000,3.5000000000,1.0000000000,103,112,100,113,104,111
343,neighbor,False,STEM_STRESS_OR_INTERVAL_BOUND,999999999.0000000000,10212.2987790000,0.2250000000,0.2500000000,0.4500000000,3.5000000000,0.8000000000,102,111,102,111,103,112
344,neighbor,False,MINIMUM_MAIN_STEEL,999999999.0000000000,10212.2987790000,0.3000000000,0.4000000000,0.5500000000,3.5000000000,0.6000000000,100,112,101,112,103,112
345,neighbor,False,MINIMUM_MAIN_STEEL,999999999.0000000000,10212.2987790000,0.2000000000,0.4500000000,0.5000000000,3.5000000000,0.8000000000,100,111,101,113,100,113
346,neighbor,True,PASS_IMPLEMENTED_PROJECT_CHECKS,10626.0195300000,10212.2987790000,0.2500000000,0.3500000000,0.4500000000,3.5000000000,0.8000000000,103,112,102,111,101,111
347,neighbor,False,MINIMUM_MAIN_STEEL,999999999.0000000000,10212.2987790000,0.2250000000,0.2500000000,0.3000000000,3.5000000000,0.8000000000,100,113,104,110,100,111
348,neighbor,False,MINIMUM_MAIN_STEEL,999999999.0000000000,10212.2987790000,0.2250000000,0.4000000000,0.3000000000,3.5000000000,0.7000000000,104,112,102,112,100,112
349,neighbor,False,MINIMUM_MAIN_STEEL,999999999.0000000000,10212.2987790000,0.2500000000,0.3500000000,0.4500000000,3.5000000000,0.8000000000,103,112,102,111,100,111
350,neighbor,True,PASS_IMPLEMENTED_PROJECT_CHECKS,10511.5043300000,10212.2987790000,0.2500000000,0.3500000000,0.4500000000,3.5000000000,0.8000000000,103,112,102,113,101,111
351,neighbor,True,PASS_IMPLEMENTED_PROJECT_CHECKS,12440.4485340000,10212.2987790000,0.2500000000,0.3500000000,0.6000000000,3.5000000000,0.9000000000,103,112,104,112,104,113
352,neighbor,True,PASS_IMPLEMENTED_PROJECT_CHECKS,10608.1265300000,10212.2987790000,0.2500000000,0.3500000000,0.4500000000,3.5000000000,0.8000000000,103,112,103,113,101,111
353,neighbor,True,PASS_IMPLEMENTED_PROJECT_CHECKS,10787.0565300000,10212.2987790000,0.2500000000,0.3500000000,0.4500000000,3.5000000000,0.8000000000,103,112,103,111,101,111
354,neighbor,True,PASS_IMPLEMENTED_PROJECT_CHECKS,13769.4218950000,10212.2987790000,0.2750000000,0.3500000000,0.6500000000,3.5000000000,0.9000000000,104,111,103,113,102,112
355,neighbor,False,MAXIMUM_MAIN_STEEL,999999999.0000000000,10212.2987790000,0.2750000000,0.4500000000,0.6500000000,3.5000000000,0.7000000000,104,110,102,110,104,110
356,neighbor,False,MINIMUM_MAIN_STEEL,999999999.0000000000,10212.2987790000,0.2000000000,0.4000000000,0.4500000000,3.5000000000,0.8000000000,100,111,102,113,101,111
357,neighbor,False,STEM_STRESS_OR_INTERVAL_BOUND,999999999.0000000000,10212.2987790000,0.2250000000,0.3500000000,0.4500000000,3.0000000000,0.7000000000,103,113,104,112,101,110
358,neighbor,False,MINIMUM_MAIN_STEEL,999999999.0000000000,10212.2987790000,0.2750000000,0.4000000000,0.3000000000,3.5000000000,0.9000000000,101,112,103,113,101,112
359,neighbor,False,MINIMUM_MAIN_STEEL,999999999.0000000000,10212.2987790000,0.2500000000,0.3500000000,0.4500000000,3.5000000000,0.8000000000,103,112,102,113,100,113
360,neighbor,True,PASS_IMPLEMENTED_PROJECT_CHECKS,11784.5044200000,10212.2987790000,0.3000000000,0.4000000000,0.4500000000,3.5000000000,0.8000000000,103,111,102,113,101,111
361,neighbor,False,MINIMUM_MAIN_STEEL,999999999.0000000000,10212.2987790000,0.2750000000,0.3000000000,0.3500000000,3.5000000000,1.0000000000,103,110,100,111,100,112
362,neighbor,True,PASS_IMPLEMENTED_PROJECT_CHECKS,10494.3270500000,10212.2987790000,0.2500000000,0.3500000000,0.4500000000,3.5000000000,0.8000000000,103,112,100,110,101,111
363,neighbor,False,MINIMUM_MAIN_STEEL,999999999.0000000000,10212.2987790000,0.2250000000,0.4000000000,0.3500000000,3.0000000000,0.6000000000,102,110,100,112,102,113
364,neighbor,True,PASS_IMPLEMENTED_PROJECT_CHECKS,11931.9255000000,10212.2987790000,0.2500000000,0.4000000000,0.7000000000,3.0000000000,1.0000000000,103,113,102,112,103,111
365,neighbor,True,PASS_IMPLEMENTED_PROJECT_CHECKS,13566.0712500000,10212.2987790000,0.2500000000,0.3500000000,0.6000000000,3.5000000000,0.6000000000,103,112,103,111,103,110
366,neighbor,True,PASS_IMPLEMENTED_PROJECT_CHECKS,10760.5748900000,10212.2987790000,0.2500000000,0.3500000000,0.4500000000,3.5000000000,0.8000000000,103,112,104,112,101,111
367,neighbor,False,MINIMUM_MAIN_STEEL,999999999.0000000000,10212.2987790000,0.2500000000,0.2500000000,0.7000000000,3.0000000000,0.8000000000,102,113,101,111,102,110
368,neighbor,False,MINIMUM_MAIN_STEEL,999999999.0000000000,10212.2987790000,0.3000000000,0.4000000000,0.4500000000,3.0000000000,0.8000000000,102,111,102,113,100,111
369,neighbor,False,MINIMUM_MAIN_STEEL,999999999.0000000000,10212.2987790000,0.2500000000,0.3500000000,0.4500000000,3.5000000000,0.8000000000,100,113,100,110,101,111
370,neighbor,False,MEMBER_FLEXURE,999999999.0000000000,10212.2987790000,0.2750000000,0.4000000000,0.3000000000,3.5000000000,0.7000000000,102,111,104,111,101,110
371,neighbor,False,MINIMUM_MAIN_STEEL,999999999.0000000000,10212.2987790000,0.2500000000,0.3500000000,0.4500000000,3.5000000000,0.8000000000,103,112,101,113,101,111
372,neighbor,False,MINIMUM_MAIN_STEEL,999999999.0000000000,10212.2987790000,0.2000000000,0.3000000000,0.5500000000,3.0000000000,1.0000000000,100,112,100,110,102,113
373,neighbor,True,PASS_IMPLEMENTED_PROJECT_CHECKS,14090.4960000000,10212.2987790000,0.3000000000,0.4500000000,0.5500000000,3.5000000000,0.7000000000,104,111,102,111,103,112
374,neighbor,True,PASS_IMPLEMENTED_PROJECT_CHECKS,10593.1457700000,10212.2987790000,0.2500000000,0.3500000000,0.4500000000,3.5000000000,0.8000000000,103,112,100,110,102,112
375,neighbor,False,MINIMUM_MAIN_STEEL,999999999.0000000000,10212.2987790000,0.2000000000,0.4000000000,0.3000000000,3.0000000000,0.7000000000,104,110,100,113,100,112
376,neighbor,False,MINIMUM_MAIN_STEEL,999999999.0000000000,10212.2987790000,0.2500000000,0.3500000000,0.6000000000,3.5000000000,0.6000000000,103,112,104,111,100,110
377,neighbor,True,PASS_IMPLEMENTED_PROJECT_CHECKS,11686.8769540000,10212.2987790000,0.2750000000,0.4500000000,0.5000000000,3.5000000000,1.0000000000,101,110,104,113,103,113
378,neighbor,False,MINIMUM_MAIN_STEEL,999999999.0000000000,10212.2987790000,0.2500000000,0.3500000000,0.4500000000,3.5000000000,0.8000000000,103,112,100,113,101,111
379,neighbor,False,MINIMUM_MAIN_STEEL,999999999.0000000000,10212.2987790000,0.2500000000,0.2500000000,0.4000000000,3.0000000000,0.8000000000,100,112,102,113,103,111
380,neighbor,True,PASS_IMPLEMENTED_PROJECT_CHECKS,10554.4475300000,10212.2987790000,0.2500000000,0.3500000000,0.4500000000,3.5000000000,0.8000000000,103,112,102,112,101,111
381,neighbor,False,MINIMUM_MAIN_STEEL,999999999.0000000000,10212.2987790000,0.2250000000,0.4000000000,0.3000000000,3.0000000000,1.0000000000,100,111,102,110,103,112
382,neighbor,True,PASS_IMPLEMENTED_PROJECT_CHECKS,11168.7585700000,10212.2987790000,0.2750000000,0.3500000000,0.3000000000,3.5000000000,0.7000000000,104,113,103,113,103,110
383,neighbor,False,STEM_STRESS_OR_INTERVAL_BOUND,999999999.0000000000,10212.2987790000,0.2000000000,0.2500000000,0.3000000000,3.0000000000,0.7000000000,104,112,104,110,102,111
384,neighbor,False,MINIMUM_MAIN_STEEL,999999999.0000000000,10212.2987790000,0.2500000000,0.4000000000,0.3000000000,3.0000000000,0.9000000000,101,113,102,112,100,110
385,neighbor,False,STEM_STRESS_OR_INTERVAL_BOUND,999999999.0000000000,10212.2987790000,0.2750000000,0.3500000000,0.3500000000,3.5000000000,1.0000000000,101,112,102,112,104,110
386,neighbor,True,PASS_IMPLEMENTED_PROJECT_CHECKS,11074.1528000000,10212.2987790000,0.2500000000,0.3500000000,0.4500000000,3.5000000000,0.8000000000,102,110,100,110,101,111
387,neighbor,False,MINIMUM_MAIN_STEEL,999999999.0000000000,10212.2987790000,0.2500000000,0.2500000000,0.3000000000,3.0000000000,0.8000000000,100,113,101,110,104,111
388,neighbor,False,STEM_STRESS_OR_INTERVAL_BOUND,999999999.0000000000,10212.2987790000,0.2500000000,0.3000000000,0.3500000000,3.5000000000,0.7000000000,101,111,101,113,103,110
389,neighbor,False,MINIMUM_MAIN_STEEL,999999999.0000000000,10212.2987790000,0.2000000000,0.4500000000,0.3000000000,3.5000000000,0.6000000000,104,112,102,111,100,113
390,neighbor,True,PASS_IMPLEMENTED_PROJECT_CHECKS,13472.0336800000,10212.2987790000,0.3000000000,0.4500000000,0.5500000000,3.0000000000,0.7000000000,103,110,103,112,101,111
391,neighbor,False,MINIMUM_MAIN_STEEL,999999999.0000000000,10212.2987790000,0.2000000000,0.3500000000,0.5500000000,3.5000000000,0.7000000000,101,110,100,113,103,111
392,neighbor,False,MINIMUM_MAIN_STEEL,999999999.0000000000,10212.2987790000,0.2750000000,0.4500000000,0.3000000000,3.0000000000,0.9000000000,101,113,101,111,102,111
393,neighbor,True,PASS_IMPLEMENTED_PROJECT_CHECKS,10975.8437220000,10212.2987790000,0.2500000000,0.3500000000,0.4500000000,3.5000000000,0.8000000000,103,112,100,110,104,113
394,neighbor,True,PASS_IMPLEMENTED_PROJECT_CHECKS,10568.2339500000,10212.2987790000,0.2500000000,0.3500000000,0.3000000000,3.5000000000,0.6000000000,103,112,100,111,104,111
395,neighbor,True,PASS_IMPLEMENTED_PROJECT_CHECKS,10608.1265300000,10212.2987790000,0.2500000000,0.3500000000,0.4500000000,3.5000000000,0.8000000000,103,112,103,113,101,111
396,neighbor,False,MAXIMUM_MAIN_STEEL,999999999.0000000000,10212.2987790000,0.3000000000,0.3000000000,0.4500000000,3.5000000000,0.8000000000,104,110,100,110,101,111
397,neighbor,False,MINIMUM_MAIN_STEEL,999999999.0000000000,10212.2987790000,0.2250000000,0.4000000000,0.6000000000,3.5000000000,0.6000000000,100,113,100,110,104,112
398,neighbor,True,PASS_IMPLEMENTED_PROJECT_CHECKS,12084.0198600000,10212.2987790000,0.2000000000,0.3500000000,0.6500000000,3.0000000000,0.8000000000,103,112,104,110,104,112
399,neighbor,False,MINIMUM_MAIN_STEEL,999999999.0000000000,10212.2987790000,0.2500000000,0.2500000000,0.6500000000,3.5000000000,1.0000000000,104,110,102,113,102,112
400,neighbor,False,MEMBER_FLEXURE,999999999.0000000000,10212.2987790000,0.2750000000,0.3500000000,0.3000000000,3.5000000000,1.0000000000,102,110,101,111,101,112
401,neighbor,False,MINIMUM_MAIN_STEEL,999999999.0000000000,10212.2987790000,0.2000000000,0.2500000000,0.3000000000,3.5000000000,0.6000000000,103,110,100,113,101,112
402,neighbor,False,MINIMUM_MAIN_STEEL,999999999.0000000000,10212.2987790000,0.3000000000,0.4000000000,0.6500000000,3.0000000000,0.8000000000,103,110,100,112,103,113
403,neighbor,False,STEM_STRESS_OR_INTERVAL_BOUND,999999999.0000000000,10212.2987790000,0.2250000000,0.4000000000,0.3000000000,3.5000000000,0.6000000000,102,113,103,110,100,110
404,neighbor,True,PASS_IMPLEMENTED_PROJECT_CHECKS,12560.5366500000,10212.2987790000,0.2500000000,0.3500000000,0.4500000000,3.5000000000,0.8000000000,103,112,100,110,104,110
405,neighbor,False,STEM_STRESS_OR_INTERVAL_BOUND,999999999.0000000000,10212.2987790000,0.2750000000,0.3000000000,0.6500000000,3.0000000000,0.9000000000,103,112,104,112,104,111
406,neighbor,False,MEMBER_FLEXURE,999999999.0000000000,10212.2987790000,0.2500000000,0.3000000000,0.3500000000,3.0000000000,1.0000000000,104,112,101,113,102,110
407,neighbor,False,STEM_STRESS_OR_INTERVAL_BOUND,999999999.0000000000,10212.2987790000,0.2500000000,0.2500000000,0.4500000000,3.5000000000,0.8000000000,103,113,100,110,101,111
408,neighbor,False,MAXIMUM_MAIN_STEEL,999999999.0000000000,10212.2987790000,0.2500000000,0.3500000000,0.4500000000,3.5000000000,0.8000000000,103,110,100,110,101,111
409,neighbor,False,MINIMUM_MAIN_STEEL,999999999.0000000000,10212.2987790000,0.2500000000,0.3500000000,0.4500000000,3.5000000000,0.8000000000,103,112,100,110,101,113
410,neighbor,False,MINIMUM_MAIN_STEEL,999999999.0000000000,10212.2987790000,0.2750000000,0.4500000000,0.5500000000,3.0000000000,0.6000000000,103,110,100,113,100,113
411,neighbor,False,MINIMUM_MAIN_STEEL,999999999.0000000000,10212.2987790000,0.2250000000,0.4000000000,0.6000000000,3.0000000000,0.6000000000,102,111,101,113,103,110
412,neighbor,True,PASS_IMPLEMENTED_PROJECT_CHECKS,10458.3929700000,10212.2987790000,0.2500000000,0.3500000000,0.4500000000,3.5000000000,0.8000000000,103,112,100,110,102,113
413,neighbor,False,MINIMUM_MAIN_STEEL,999999999.0000000000,10212.2987790000,0.2000000000,0.4000000000,0.4000000000,3.5000000000,0.7000000000,102,110,102,110,100,112
414,neighbor,True,PASS_IMPLEMENTED_PROJECT_CHECKS,10199.8845000000,10199.8845000000,0.2500000000,0.4000000000,0.5000000000,3.0000000000,0.7000000000,103,113,100,110,103,113
415,neighbor,False,MINIMUM_MAIN_STEEL,999999999.0000000000,10199.8845000000,0.2250000000,0.5000000000,0.3000000000,3.5000000000,0.5000000000,102,113,104,111,101,111
416,neighbor,True,PASS_IMPLEMENTED_PROJECT_CHECKS,10199.8845000000,10199.8845000000,0.2500000000,0.4000000000,0.5000000000,3.0000000000,0.7000000000,103,113,100,110,103,113
417,neighbor,False,STEM_STRESS_OR_INTERVAL_BOUND,999999999.0000000000,10199.8845000000,0.3000000000,0.3000000000,0.5500000000,3.0000000000,0.8000000000,103,113,103,113,101,110
418,neighbor,True,PASS_IMPLEMENTED_PROJECT_CHECKS,11308.4295000000,10199.8845000000,0.2750000000,0.5000000000,0.5000000000,3.0000000000,0.7000000000,103,112,100,110,103,113
419,neighbor,False,MINIMUM_MAIN_STEEL,999999999.0000000000,10199.8845000000,0.2000000000,0.4000000000,0.7000000000,2.5000000000,0.8000000000,100,110,100,113,103,112
420,neighbor,False,MINIMUM_MAIN_STEEL,999999999.0000000000,10199.8845000000,0.2750000000,0.3000000000,0.3000000000,3.0000000000,0.8000000000,102,110,100,113,104,113
421,neighbor,False,MINIMUM_MAIN_STEEL,999999999.0000000000,10199.8845000000,0.2500000000,0.4000000000,0.5000000000,3.0000000000,0.7000000000,101,113,100,110,103,113
422,neighbor,True,PASS_IMPLEMENTED_PROJECT_CHECKS,11260.4697000000,10199.8845000000,0.2250000000,0.5000000000,0.3000000000,3.5000000000,0.6000000000,103,111,102,113,103,112
423,neighbor,False,MINIMUM_MAIN_STEEL,999999999.0000000000,10199.8845000000,0.2500000000,0.4500000000,0.3000000000,2.5000000000,0.5000000000,100,112,100,111,100,110
424,neighbor,True,PASS_IMPLEMENTED_PROJECT_CHECKS,9931.0323180000,9931.0323180000,0.2500000000,0.3000000000,0.3500000000,3.0000000000,0.9000000000,102,110,102,111,104,113
425,neighbor,False,MAXIMUM_MAIN_STEEL,999999999.0000000000,9931.0323180000,0.2250000000,0.4000000000,0.3000000000,3.0000000000,0.7000000000,104,111,102,113,103,113
426,neighbor,False,STEM_STRESS_OR_INTERVAL_BOUND,999999999.0000000000,9931.0323180000,0.2500000000,0.2500000000,0.3500000000,3.0000000000,0.9000000000,104,110,102,111,104,113
427,reset,False,ENVELOPE_BASE_CONTACT,999999999.0000000000,9931.0323180000,0.2500000000,0.2500000000,0.3000000000,2.5000000000,0.9000000000,102,110,102,111,104,113
428,neighbor,False,MINIMUM_MAIN_STEEL,999999999.0000000000,9931.0323180000,0.2500000000,0.2500000000,0.3000000000,2.5000000000,0.9000000000,102,110,102,111,100,112
429,neighbor,False,STEM_STRESS_OR_INTERVAL_BOUND,999999999.0000000000,9931.0323180000,0.2500000000,0.2500000000,0.3500000000,3.0000000000,1.0000000000,102,110,100,110,102,111
430,neighbor,False,MINIMUM_MAIN_STEEL,999999999.0000000000,9931.0323180000,0.2500000000,0.2500000000,0.3000000000,2.5000000000,0.9000000000,102,110,100,113,104,113
431,neighbor,False,ENVELOPE_BASE_CONTACT,999999999.0000000000,9931.0323180000,0.2500000000,0.2500000000,0.3000000000,2.5000000000,1.0000000000,102,110,101,111,100,111
432,neighbor,False,ENVELOPE_BASE_CONTACT,999999999.0000000000,9931.0323180000,0.2000000000,0.2000000000,0.3500000000,2.5000000000,1.0000000000,102,113,103,111,102,112
433,neighbor,False,ENVELOPE_BASE_CONTACT,999999999.0000000000,9931.0323180000,0.2000000000,0.2000000000,0.3000000000,2.5000000000,0.9000000000,100,113,103,112,104,112
434,neighbor,False,ENVELOPE_BASE_CONTACT,999999999.0000000000,9931.0323180000,0.2500000000,0.2500000000,0.3000000000,2.5000000000,0.9000000000,102,113,102,111,104,113
435,neighbor,False,ENVELOPE_BASE_CONTACT,999999999.0000000000,9931.0323180000,0.2750000000,0.3000000000,0.3000000000,2.5000000000,0.9000000000,102,110,102,111,104,113
436,neighbor,False,MINIMUM_MAIN_STEEL,999999999.0000000000,9931.0323180000,0.2500000000,0.2500000000,0.3500000000,2.5000000000,1.0000000000,102,111,100,113,102,111
437,neighbor,False,MINIMUM_MAIN_STEEL,999999999.0000000000,9931.0323180000,0.2000000000,0.2000000000,0.3500000000,2.5000000000,0.8000000000,100,113,100,112,101,110
438,neighbor,False,ENVELOPE_BASE_CONTACT,999999999.0000000000,9931.0323180000,0.2500000000,0.2500000000,0.3000000000,2.5000000000,0.9000000000,104,110,102,111,104,113
439,neighbor,False,ENVELOPE_BASE_CONTACT,999999999.0000000000,9931.0323180000,0.2500000000,0.2500000000,0.3000000000,2.5000000000,0.9000000000,103,110,102,111,104,113
440,neighbor,False,STEM_STRESS_OR_INTERVAL_BOUND,999999999.0000000000,9931.0323180000,0.2500000000,0.2500000000,0.3500000000,3.0000000000,0.8000000000,102,110,102,111,100,111
441,neighbor,False,ENVELOPE_BASE_CONTACT,999999999.0000000000,9931.0323180000,0.2000000000,0.2500000000,0.3000000000,2.5000000000,0.9000000000,103,111,102,111,104,113
442,neighbor,False,ENVELOPE_BASE_CONTACT,999999999.0000000000,9931.0323180000,0.2500000000,0.2500000000,0.3000000000,2.5000000000,1.0000000000,104,112,103,110,104,112
443,neighbor,False,MINIMUM_MAIN_STEEL,999999999.0000000000,9931.0323180000,0.2000000000,0.2000000000,0.3000000000,3.0000000000,1.0000000000,104,113,102,111,100,112
444,neighbor,False,ENVELOPE_BASE_CONTACT,999999999.0000000000,9931.0323180000,0.2500000000,0.2500000000,0.3000000000,2.5000000000,0.9000000000,102,110,102,110,104,113
445,neighbor,False,ENVELOPE_BASE_CONTACT,999999999.0000000000,9931.0323180000,0.2000000000,0.2000000000,0.3000000000,2.5000000000,0.7000000000,102,113,103,113,101,110
446,neighbor,False,ENVELOPE_BASE_CONTACT,999999999.0000000000,9931.0323180000,0.2000000000,0.2000000000,0.3500000000,2.5000000000,1.0000000000,103,112,100,110,101,110
447,neighbor,False,ENVELOPE_BASE_CONTACT,999999999.0000000000,9931.0323180000,0.2250000000,0.2500000000,0.3000000000,2.5000000000,0.7000000000,103,110,104,110,104,111
448,neighbor,False,ENVELOPE_BASE_CONTACT,999999999.0000000000,9931.0323180000,0.2000000000,0.2000000000,0.3000000000,2.5000000000,0.9000000000,102,113,102,111,104,113
449,neighbor,False,ENVELOPE_BASE_CONTACT,999999999.0000000000,9931.0323180000,0.2500000000,0.2500000000,0.3000000000,2.5000000000,0.9000000000,102,110,104,112,104,113
450,neighbor,False,MINIMUM_MAIN_STEEL,999999999.0000000000,9931.0323180000,0.2500000000,0.3000000000,0.3000000000,3.0000000000,0.8000000000,103,112,100,112,101,112
451,neighbor,False,ENVELOPE_BASE_CONTACT,999999999.0000000000,9931.0323180000,0.2000000000,0.3000000000,0.3000000000,2.5000000000,0.8000000000,103,111,104,111,102,110
452,neighbor,False,ENVELOPE_BASE_CONTACT,999999999.0000000000,9931.0323180000,0.2500000000,0.2500000000,0.3000000000,2.5000000000,0.9000000000,102,110,102,111,102,110
453,neighbor,False,MINIMUM_MAIN_STEEL,999999999.0000000000,9931.0323180000,0.2000000000,0.3000000000,0.3000000000,2.5000000000,0.7000000000,104,113,101,111,100,112
454,neighbor,False,MAXIMUM_MAIN_STEEL,999999999.0000000000,9931.0323180000,0.2250000000,0.3000000000,0.3000000000,3.0000000000,1.0000000000,104,111,101,113,101,110
455,neighbor,False,ENVELOPE_BASE_CONTACT,999999999.0000000000,9931.0323180000,0.2250000000,0.3000000000,0.3000000000,2.5000000000,0.9000000000,104,111,102,111,104,113
456,neighbor,False,ENVELOPE_BASE_CONTACT,999999999.0000000000,9931.0323180000,0.2500000000,0.2500000000,0.3000000000,2.5000000000,0.9000000000,102,110,102,111,104,112
457,neighbor,False,STEM_STRESS_OR_INTERVAL_BOUND,999999999.0000000000,9931.0323180000,0.2500000000,0.2500000000,0.3000000000,3.0000000000,1.0000000000,102,110,104,113,101,112
458,neighbor,False,ENVELOPE_BASE_CONTACT,999999999.0000000000,9931.0323180000,0.2000000000,0.2000000000,0.3000000000,2.5000000000,0.9000000000,104,113,102,111,104,113
459,neighbor,False,ENVELOPE_BASE_CONTACT,999999999.0000000000,9931.0323180000,0.2500000000,0.2500000000,0.3500000000,2.5000000000,1.0000000000,102,110,103,111,100,110
460,neighbor,False,ENVELOPE_BASE_CONTACT,999999999.0000000000,9931.0323180000,0.2500000000,0.2500000000,0.3000000000,2.5000000000,0.9000000000,102,110,102,111,103,110
461,neighbor,False,ENVELOPE_BASE_CONTACT,999999999.0000000000,9931.0323180000,0.2000000000,0.2000000000,0.3000000000,2.5000000000,0.9000000000,104,111,104,110,103,113
462,neighbor,False,MINIMUM_MAIN_STEEL,999999999.0000000000,9931.0323180000,0.2500000000,0.2500000000,0.3000000000,2.5000000000,0.9000000000,100,112,102,111,104,113
463,neighbor,False,STEM_STRESS_OR_INTERVAL_BOUND,999999999.0000000000,9931.0323180000,0.2000000000,0.2000000000,0.3500000000,3.0000000000,1.0000000000,104,112,104,113,102,111
464,neighbor,False,MINIMUM_MAIN_STEEL,999999999.0000000000,9931.0323180000,0.2750000000,0.3000000000,0.3000000000,2.5000000000,0.9000000000,100,111,102,111,104,113
465,neighbor,False,ENVELOPE_BASE_CONTACT,999999999.0000000000,9931.0323180000,0.2000000000,0.3000000000,0.3000000000,2.5000000000,0.9000000000,103,112,102,111,104,113
466,neighbor,False,ENVELOPE_BASE_CONTACT,999999999.0000000000,9931.0323180000,0.2500000000,0.2500000000,0.3000000000,2.5000000000,0.9000000000,102,110,102,111,104,113
467,neighbor,False,ENVELOPE_BASE_CONTACT,999999999.0000000000,9931.0323180000,0.2500000000,0.2500000000,0.3500000000,2.5000000000,0.9000000000,102,110,104,111,101,110
468,neighbor,False,MINIMUM_MAIN_STEEL,999999999.0000000000,9931.0323180000,0.2500000000,0.2500000000,0.3000000000,2.5000000000,0.9000000000,102,110,102,111,100,112
469,neighbor,False,ENVELOPE_BASE_CONTACT,999999999.0000000000,9931.0323180000,0.2000000000,0.3000000000,0.3000000000,2.5000000000,0.8000000000,103,112,103,113,104,113
470,neighbor,False,ENVELOPE_BASE_CONTACT,999999999.0000000000,9931.0323180000,0.2500000000,0.3000000000,0.3000000000,2.5000000000,0.9000000000,102,110,102,111,104,113
471,neighbor,False,ENVELOPE_BASE_CONTACT,999999999.0000000000,9931.0323180000,0.2500000000,0.2500000000,0.3000000000,2.5000000000,1.0000000000,104,110,104,110,104,111
472,neighbor,False,ENVELOPE_BASE_CONTACT,999999999.0000000000,9931.0323180000,0.2500000000,0.2500000000,0.3000000000,2.5000000000,0.9000000000,102,110,104,110,104,113
473,neighbor,False,ENVELOPE_BASE_CONTACT,999999999.0000000000,9931.0323180000,0.2750000000,0.3000000000,0.3500000000,2.5000000000,1.0000000000,101,110,101,113,103,112
474,neighbor,False,ENVELOPE_BASE_CONTACT,999999999.0000000000,9931.0323180000,0.2000000000,0.2000000000,0.3500000000,2.5000000000,0.8000000000,101,112,104,113,102,110
475,neighbor,False,ENVELOPE_BASE_CONTACT,999999999.0000000000,9931.0323180000,0.2750000000,0.3000000000,0.3000000000,2.5000000000,0.9000000000,101,110,102,111,104,113
476,neighbor,False,MINIMUM_MAIN_STEEL,999999999.0000000000,9931.0323180000,0.2500000000,0.2500000000,0.3000000000,2.5000000000,0.9000000000,102,110,102,111,100,112
477,neighbor,False,ENVELOPE_BASE_CONTACT,999999999.0000000000,9931.0323180000,0.2500000000,0.2500000000,0.3000000000,2.5000000000,0.9000000000,102,110,103,110,103,112
478,neighbor,False,STEM_STRESS_OR_INTERVAL_BOUND,999999999.0000000000,9931.0323180000,0.2500000000,0.2500000000,0.3500000000,3.0000000000,0.7000000000,102,110,101,111,101,111
479,neighbor,False,ENVELOPE_BASE_CONTACT,999999999.0000000000,9931.0323180000,0.2500000000,0.2500000000,0.3000000000,2.5000000000,1.0000000000,102,112,100,111,104,110
480,neighbor,False,ENVELOPE_BASE_CONTACT,999999999.0000000000,9931.0323180000,0.2500000000,0.2500000000,0.3000000000,2.5000000000,0.9000000000,101,111,102,111,104,113
481,neighbor,False,ENVELOPE_BASE_CONTACT,999999999.0000000000,9931.0323180000,0.2500000000,0.3000000000,0.3000000000,2.5000000000,1.0000000000,104,111,103,110,101,110
482,neighbor,False,STEM_STRESS_OR_INTERVAL_BOUND,999999999.0000000000,9931.0323180000,0.2750000000,0.3000000000,0.3000000000,3.0000000000,1.0000000000,101,113,104,111,100,111
483,neighbor,False,MINIMUM_MAIN_STEEL,999999999.0000000000,9931.0323180000,0.2000000000,0.3000000000,0.3500000000,2.5000000000,0.9000000000,101,113,100,112,101,113
484,neighbor,False,MINIMUM_MAIN_STEEL,999999999.0000000000,9931.0323180000,0.2500000000,0.2500000000,0.3000000000,3.0000000000,1.0000000000,102,112,103,112,100,113
485,neighbor,False,STEM_STRESS_OR_INTERVAL_BOUND,999999999.0000000000,9931.0323180000,0.2250000000,0.2500000000,0.3500000000,3.0000000000,0.8000000000,101,111,104,112,102,113
486,neighbor,False,STEM_STRESS_OR_INTERVAL_BOUND,999999999.0000000000,9931.0323180000,0.2000000000,0.2000000000,0.3000000000,3.0000000000,0.9000000000,103,110,102,111,104,111
487,neighbor,False,MINIMUM_MAIN_STEEL,999999999.0000000000,9931.0323180000,0.2500000000,0.3000000000,0.3000000000,3.0000000000,0.7000000000,103,110,101,110,100,113
488,neighbor,False,ENVELOPE_BASE_CONTACT,999999999.0000000000,9931.0323180000,0.2000000000,0.2000000000,0.3000000000,2.5000000000,0.9000000000,104,111,102,112,102,110
489,neighbor,False,ENVELOPE_BASE_CONTACT,999999999.0000000000,9931.0323180000,0.2500000000,0.2500000000,0.3000000000,2.5000000000,0.9000000000,102,110,102,112,104,113
490,neighbor,False,ENVELOPE_BASE_CONTACT,999999999.0000000000,9931.0323180000,0.2000000000,0.2000000000,0.3000000000,2.5000000000,0.9000000000,104,112,102,111,104,113
491,neighbor,False,ENVELOPE_BASE_CONTACT,999999999.0000000000,9931.0323180000,0.2500000000,0.2500000000,0.3000000000,2.5000000000,0.9000000000,102,110,101,111,104,113
492,neighbor,False,STEM_STRESS_OR_INTERVAL_BOUND,999999999.0000000000,9931.0323180000,0.2500000000,0.2500000000,0.3000000000,3.0000000000,0.9000000000,102,110,103,111,102,111
493,neighbor,False,STEM_STRESS_OR_INTERVAL_BOUND,999999999.0000000000,9931.0323180000,0.2000000000,0.2000000000,0.3000000000,3.0000000000,1.0000000000,103,112,103,111,103,113
494,neighbor,False,ENVELOPE_BASE_CONTACT,999999999.0000000000,9931.0323180000,0.2500000000,0.2500000000,0.3000000000,2.5000000000,0.9000000000,102,110,101,112,104,113
495,neighbor,False,ENVELOPE_BASE_CONTACT,999999999.0000000000,9931.0323180000,0.2500000000,0.3000000000,0.3500000000,2.5000000000,0.9000000000,104,111,104,110,103,110
496,neighbor,False,ENVELOPE_BASE_CONTACT,999999999.0000000000,9931.0323180000,0.2500000000,0.2500000000,0.3000000000,2.5000000000,0.9000000000,102,110,101,110,104,113
497,neighbor,False,ENVELOPE_BASE_CONTACT,999999999.0000000000,9931.0323180000,0.2000000000,0.2000000000,0.3500000000,2.5000000000,1.0000000000,103,112,104,110,101,111
498,neighbor,False,ENVELOPE_BASE_CONTACT,999999999.0000000000,9931.0323180000,0.2000000000,0.2000000000,0.3500000000,2.5000000000,1.0000000000,100,113,104,112,102,112
499,neighbor,False,ENVELOPE_BASE_CONTACT,999999999.0000000000,9931.0323180000,0.2000000000,0.2000000000,0.3000000000,2.5000000000,0.8000000000,100,113,102,113,103,110
500,neighbor,False,ENVELOPE_BASE_CONTACT,999999999.0000000000,9931.0323180000,0.2500000000,0.3000000000,0.3000000000,2.5000000000,0.9000000000,101,113,102,111,104,113
501,neighbor,False,ENVELOPE_BASE_CONTACT,999999999.0000000000,9931.0323180000,0.2500000000,0.2500000000,0.3000000000,2.5000000000,0.9000000000,102,110,102,111,103,110
502,neighbor,False,STEM_STRESS_OR_INTERVAL_BOUND,999999999.0000000000,9931.0323180000,0.3000000000,0.3000000000,0.3000000000,3.0000000000,1.0000000000,100,110,101,111,100,111
503,neighbor,False,ENVELOPE_BASE_CONTACT,999999999.0000000000,9931.0323180000,0.2500000000,0.2500000000,0.3000000000,2.5000000000,0.9000000000,102,110,100,111,104,113
504,neighbor,False,MINIMUM_MAIN_STEEL,999999999.0000000000,9931.0323180000,0.2500000000,0.2500000000,0.3500000000,2.5000000000,0.7000000000,100,113,104,111,104,113
505,neighbor,False,ENVELOPE_BASE_CONTACT,999999999.0000000000,9931.0323180000,0.2000000000,0.2000000000,0.3000000000,2.5000000000,0.9000000000,104,112,103,110,103,113
506,neighbor,False,MINIMUM_MAIN_STEEL,999999999.0000000000,9931.0323180000,0.2500000000,0.3000000000,0.3500000000,2.5000000000,0.7000000000,102,112,100,113,101,112
507,neighbor,False,ENVELOPE_BASE_CONTACT,999999999.0000000000,9931.0323180000,0.2000000000,0.2000000000,0.3500000000,2.5000000000,1.0000000000,104,113,102,113,102,113
508,neighbor,False,ENVELOPE_BASE_CONTACT,999999999.0000000000,9931.0323180000,0.2500000000,0.2500000000,0.3000000000,2.5000000000,0.9000000000,102,110,102,111,102,111
509,neighbor,False,ENVELOPE_BASE_CONTACT,999999999.0000000000,9931.0323180000,0.2750000000,0.3000000000,0.3500000000,2.5000000000,0.8000000000,102,112,103,112,102,111
510,neighbor,False,ENVELOPE_BASE_CONTACT,999999999.0000000000,9931.0323180000,0.2000000000,0.2000000000,0.3500000000,2.5000000000,1.0000000000,101,110,101,112,100,110
511,neighbor,False,ENVELOPE_BASE_CONTACT,999999999.0000000000,9931.0323180000,0.2250000000,0.3000000000,0.3000000000,2.5000000000,0.8000000000,100,110,102,111,104,112
512,neighbor,False,STEM_STRESS_OR_INTERVAL_BOUND,999999999.0000000000,9931.0323180000,0.2500000000,0.2500000000,0.3500000000,3.0000000000,1.0000000000,102,111,104,112,103,111
513,neighbor,False,ENVELOPE_BASE_CONTACT,999999999.0000000000,9931.0323180000,0.2500000000,0.2500000000,0.3000000000,2.5000000000,0.9000000000,101,110,102,111,104,113
514,neighbor,False,ENVELOPE_BASE_CONTACT,999999999.0000000000,9931.0323180000,0.2000000000,0.2000000000,0.3500000000,2.5000000000,0.8000000000,100,113,101,113,100,111
515,neighbor,False,ENVELOPE_BASE_CONTACT,999999999.0000000000,9931.0323180000,0.2500000000,0.2500000000,0.3000000000,2.5000000000,0.9000000000,102,110,102,111,104,111
516,neighbor,False,ENVELOPE_BASE_CONTACT,999999999.0000000000,9931.0323180000,0.2500000000,0.2500000000,0.3000000000,2.5000000000,0.9000000000,104,113,102,111,104,113
517,neighbor,False,MINIMUM_MAIN_STEEL,999999999.0000000000,9931.0323180000,0.2000000000,0.2000000000,0.3500000000,2.5000000000,0.8000000000,103,112,100,112,100,112
518,neighbor,False,ENVELOPE_BASE_CONTACT,999999999.0000000000,9931.0323180000,0.2500000000,0.2500000000,0.3000000000,2.5000000000,0.9000000000,103,110,102,111,104,113
519,neighbor,False,ENVELOPE_BASE_CONTACT,999999999.0000000000,9931.0323180000,0.2500000000,0.2500000000,0.3000000000,2.5000000000,0.9000000000,103,111,102,111,104,113
520,neighbor,False,ENVELOPE_BASE_CONTACT,999999999.0000000000,9931.0323180000,0.2500000000,0.2500000000,0.3000000000,2.5000000000,0.9000000000,102,110,102,111,104,112
521,neighbor,False,ENVELOPE_BASE_CONTACT,999999999.0000000000,9931.0323180000,0.2500000000,0.2500000000,0.3000000000,2.5000000000,0.9000000000,102,110,102,113,104,113
522,neighbor,False,MAXIMUM_MAIN_STEEL,999999999.0000000000,9931.0323180000,0.2750000000,0.3000000000,0.3500000000,3.0000000000,1.0000000000,104,110,101,113,102,110
523,neighbor,False,ENVELOPE_BASE_CONTACT,999999999.0000000000,9931.0323180000,0.2000000000,0.2000000000,0.3000000000,2.5000000000,0.9000000000,102,111,103,112,100,110
524,neighbor,False,ENVELOPE_BASE_CONTACT,999999999.0000000000,9931.0323180000,0.2000000000,0.2000000000,0.3500000000,2.5000000000,1.0000000000,102,110,101,111,103,111
525,neighbor,False,MINIMUM_MAIN_STEEL,999999999.0000000000,9931.0323180000,0.3000000000,0.3000000000,0.3000000000,3.0000000000,1.0000000000,100,110,101,112,100,113
526,neighbor,False,MINIMUM_MAIN_STEEL,999999999.0000000000,9931.0323180000,0.2000000000,0.2000000000,0.3000000000,2.5000000000,1.0000000000,104,111,100,112,104,110
527,neighbor,False,ENVELOPE_BASE_CONTACT,999999999.0000000000,9931.0323180000,0.2500000000,0.2500000000,0.3000000000,2.5000000000,1.0000000000,104,112,101,112,100,110
528,neighbor,False,ENVELOPE_BASE_CONTACT,999999999.0000000000,9931.0323180000,0.2000000000,0.2000000000,0.3000000000,2.5000000000,0.9000000000,104,110,102,111,104,113
529,neighbor,False,MINIMUM_MAIN_STEEL,999999999.0000000000,9931.0323180000,0.2500000000,0.3000000000,0.3500000000,2.5000000000,1.0000000000,100,112,102,110,100,110
530,neighbor,False,ENVELOPE_BASE_CONTACT,999999999.0000000000,9931.0323180000,0.2000000000,0.2000000000,0.3500000000,2.5000000000,0.8000000000,102,111,103,113,103,112
531,neighbor,False,ENVELOPE_BASE_CONTACT,999999999.0000000000,9931.0323180000,0.2500000000,0.2500000000,0.3500000000,2.5000000000,1.0000000000,102,110,100,110,104,112
532,neighbor,False,MINIMUM_MAIN_STEEL,999999999.0000000000,9931.0323180000,0.2000000000,0.3000000000,0.3000000000,2.5000000000,0.9000000000,100,112,102,111,104,113
533,neighbor,False,MINIMUM_MAIN_STEEL,999999999.0000000000,9931.0323180000,0.2250000000,0.3000000000,0.3000000000,2.5000000000,0.9000000000,100,113,102,111,104,113
534,neighbor,False,MINIMUM_MAIN_STEEL,999999999.0000000000,9931.0323180000,0.2250000000,0.3000000000,0.3000000000,2.5000000000,0.8000000000,100,112,101,113,101,111
535,neighbor,False,ENVELOPE_BASE_CONTACT,999999999.0000000000,9931.0323180000,0.2500000000,0.2500000000,0.3000000000,2.5000000000,1.0000000000,103,111,104,111,101,112
536,neighbor,False,ENVELOPE_BASE_CONTACT,999999999.0000000000,9931.0323180000,0.2000000000,0.2000000000,0.3000000000,2.5000000000,0.8000000000,102,111,101,110,101,110
537,neighbor,False,STEM_STRESS_OR_INTERVAL_BOUND,999999999.0000000000,9931.0323180000,0.2500000000,0.2500000000,0.3000000000,3.0000000000,1.0000000000,102,110,102,112,101,111
538,neighbor,False,MINIMUM_MAIN_STEEL,999999999.0000000000,9931.0323180000,0.2500000000,0.2500000000,0.3000000000,2.5000000000,0.9000000000,102,110,102,111,100,113
539,neighbor,False,ENVELOPE_BASE_CONTACT,999999999.0000000000,9931.0323180000,0.2500000000,0.2500000000,0.3000000000,2.5000000000,0.9000000000,102,110,103,113,104,113
540,neighbor,False,STEM_STRESS_OR_INTERVAL_BOUND,999999999.0000000000,9931.0323180000,0.2500000000,0.2500000000,0.3000000000,3.0000000000,1.0000000000,102,110,102,113,101,110
541,neighbor,False,ENVELOPE_BASE_CONTACT,999999999.0000000000,9931.0323180000,0.2000000000,0.2000000000,0.3000000000,2.5000000000,0.9000000000,104,110,102,110,100,110
542,neighbor,False,ENVELOPE_BASE_CONTACT,999999999.0000000000,9931.0323180000,0.2500000000,0.2500000000,0.3000000000,2.5000000000,0.9000000000,103,110,102,111,104,113
543,neighbor,False,ENVELOPE_BASE_CONTACT,999999999.0000000000,9931.0323180000,0.2500000000,0.2500000000,0.3000000000,2.5000000000,0.9000000000,102,110,102,111,104,111
544,neighbor,False,ENVELOPE_BASE_CONTACT,999999999.0000000000,9931.0323180000,0.2500000000,0.2500000000,0.3000000000,2.5000000000,0.9000000000,102,110,104,113,104,113
545,neighbor,False,ENVELOPE_BASE_CONTACT,999999999.0000000000,9931.0323180000,0.2500000000,0.2500000000,0.3000000000,2.5000000000,0.8000000000,100,110,101,112,101,110
546,neighbor,False,ENVELOPE_BASE_CONTACT,999999999.0000000000,9931.0323180000,0.2000000000,0.2500000000,0.3500000000,2.5000000000,0.8000000000,103,110,104,111,104,113
547,neighbor,False,ENVELOPE_BASE_CONTACT,999999999.0000000000,9931.0323180000,0.2500000000,0.2500000000,0.3000000000,2.5000000000,1.0000000000,102,113,104,112,101,113
548,neighbor,False,ENVELOPE_BASE_CONTACT,999999999.0000000000,9931.0323180000,0.2500000000,0.2500000000,0.3000000000,2.5000000000,0.9000000000,101,113,102,111,104,113
549,neighbor,False,MINIMUM_MAIN_STEEL,999999999.0000000000,9931.0323180000,0.3000000000,0.3000000000,0.3500000000,2.5000000000,0.8000000000,100,113,103,110,103,110
550,neighbor,False,ENVELOPE_BASE_CONTACT,999999999.0000000000,9931.0323180000,0.2000000000,0.3000000000,0.3500000000,2.5000000000,0.9000000000,104,111,100,110,100,110
551,neighbor,False,ENVELOPE_BASE_CONTACT,999999999.0000000000,9931.0323180000,0.2000000000,0.3000000000,0.3500000000,2.5000000000,1.0000000000,101,112,103,110,102,110
552,neighbor,False,ENVELOPE_BASE_CONTACT,999999999.0000000000,9931.0323180000,0.2000000000,0.2000000000,0.3000000000,2.5000000000,0.9000000000,100,112,102,111,104,113
553,neighbor,False,ENVELOPE_BASE_CONTACT,999999999.0000000000,9931.0323180000,0.2750000000,0.3000000000,0.3000000000,2.5000000000,0.9000000000,103,113,102,111,104,113
554,neighbor,False,ENVELOPE_BASE_CONTACT,999999999.0000000000,9931.0323180000,0.2500000000,0.2500000000,0.3000000000,2.5000000000,0.9000000000,102,110,102,111,102,112
555,neighbor,False,ENVELOPE_BASE_CONTACT,999999999.0000000000,9931.0323180000,0.2500000000,0.2500000000,0.3000000000,2.5000000000,0.9000000000,104,110,102,111,104,113
556,neighbor,False,ENVELOPE_BASE_CONTACT,999999999.0000000000,9931.0323180000,0.2500000000,0.2500000000,0.3000000000,2.5000000000,0.9000000000,103,110,102,111,104,113
557,neighbor,False,STEM_STRESS_OR_INTERVAL_BOUND,999999999.0000000000,9931.0323180000,0.2000000000,0.2000000000,0.3000000000,3.0000000000,1.0000000000,104,113,104,113,101,113
558,neighbor,False,MINIMUM_MAIN_STEEL,999999999.0000000000,9931.0323180000,0.2500000000,0.2500000000,0.3000000000,2.5000000000,0.8000000000,102,110,104,112,100,112
559,neighbor,False,STEM_STRESS_OR_INTERVAL_BOUND,999999999.0000000000,9931.0323180000,0.2500000000,0.3000000000,0.3000000000,3.0000000000,0.8000000000,103,113,100,110,101,110
560,neighbor,False,ENVELOPE_BASE_CONTACT,999999999.0000000000,9931.0323180000,0.2500000000,0.2500000000,0.3000000000,2.5000000000,0.9000000000,102,110,102,111,103,111
561,neighbor,False,ENVELOPE_BASE_CONTACT,999999999.0000000000,9931.0323180000,0.2500000000,0.3000000000,0.3500000000,2.5000000000,0.7000000000,103,113,103,113,101,113
562,neighbor,False,ENVELOPE_BASE_CONTACT,999999999.0000000000,9931.0323180000,0.2500000000,0.2500000000,0.3000000000,2.5000000000,0.9000000000,101,110,102,111,104,113
563,neighbor,False,ENVELOPE_BASE_CONTACT,999999999.0000000000,9931.0323180000,0.2500000000,0.2500000000,0.3000000000,2.5000000000,0.9000000000,102,110,103,110,104,110
564,neighbor,False,ENVELOPE_BASE_CONTACT,999999999.0000000000,9931.0323180000,0.2500000000,0.2500000000,0.3000000000,2.5000000000,0.9000000000,102,110,102,111,100,110
565,neighbor,False,ENVELOPE_BASE_CONTACT,999999999.0000000000,9931.0323180000,0.2000000000,0.2000000000,0.3500000000,2.5000000000,0.9000000000,103,111,102,110,102,112
566,neighbor,False,ENVELOPE_BASE_CONTACT,999999999.0000000000,9931.0323180000,0.3000000000,0.3000000000,0.3500000000,2.5000000000,1.0000000000,101,111,102,110,104,112
567,neighbor,False,ENVELOPE_BASE_CONTACT,999999999.0000000000,9931.0323180000,0.2500000000,0.2500000000,0.3500000000,2.5000000000,1.0000000000,102,110,103,112,103,113
568,reset,False,ENVELOPE_BASE_CONTACT,999999999.0000000000,9931.0323180000,0.2500000000,0.2500000000,0.3000000000,2.5000000000,0.9000000000,102,110,102,111,104,113
569,neighbor,False,ENVELOPE_BASE_CONTACT,999999999.0000000000,9931.0323180000,0.2500000000,0.2500000000,0.3000000000,2.5000000000,0.9000000000,102,110,102,111,101,110
570,neighbor,False,ENVELOPE_BASE_CONTACT,999999999.0000000000,9931.0323180000,0.3000000000,0.3500000000,0.3000000000,2.5000000000,0.9000000000,102,111,101,113,104,112
571,neighbor,False,ENVELOPE_BASE_CONTACT,999999999.0000000000,9931.0323180000,0.2500000000,0.2500000000,0.3000000000,2.5000000000,0.9000000000,102,110,104,113,104,113
572,neighbor,False,ENVELOPE_BASE_CONTACT,999999999.0000000000,9931.0323180000,0.2500000000,0.2500000000,0.4000000000,2.5000000000,0.7000000000,102,110,102,111,103,111
573,neighbor,False,ENVELOPE_BASE_CONTACT,999999999.0000000000,9931.0323180000,0.2000000000,0.2000000000,0.3000000000,2.5000000000,0.7000000000,104,112,104,113,102,111
574,neighbor,False,STEM_STRESS_OR_INTERVAL_BOUND,999999999.0000000000,9931.0323180000,0.2000000000,0.3000000000,0.5000000000,3.0000000000,0.7000000000,104,113,102,112,101,110
575,neighbor,False,ENVELOPE_BASE_CONTACT,999999999.0000000000,9931.0323180000,0.2500000000,0.2500000000,0.3000000000,2.5000000000,1.0000000000,102,110,104,110,104,111
576,neighbor,False,ENVELOPE_BASE_CONTACT,999999999.0000000000,9931.0323180000,0.3000000000,0.3500000000,0.3000000000,2.5000000000,0.9000000000,101,111,102,111,104,113
577,neighbor,False,ENVELOPE_BASE_CONTACT,999999999.0000000000,9931.0323180000,0.2500000000,0.2500000000,0.3000000000,2.5000000000,1.0000000000,102,110,104,112,103,112
578,neighbor,False,MINIMUM_MAIN_STEEL,999999999.0000000000,9931.0323180000,0.2500000000,0.3500000000,0.4500000000,2.5000000000,0.7000000000,100,113,101,112,103,112
579,neighbor,False,MINIMUM_MAIN_STEEL,999999999.0000000000,9931.0323180000,0.2000000000,0.2000000000,0.3000000000,3.0000000000,0.9000000000,102,110,100,111,100,112
580,neighbor,False,MINIMUM_MAIN_STEEL,999999999.0000000000,9931.0323180000,0.2750000000,0.3500000000,0.3000000000,3.0000000000,0.9000000000,100,111,101,111,101,113
581,neighbor,False,ENVELOPE_BASE_CONTACT,999999999.0000000000,9931.0323180000,0.2500000000,0.2500000000,0.5500000000,2.5000000000,0.8000000000,103,113,103,110,104,111
582,neighbor,False,ENVELOPE_BASE_CONTACT,999999999.0000000000,9931.0323180000,0.2000000000,0.3000000000,0.4500000000,2.5000000000,0.8000000000,103,113,103,110,102,111
583,neighbor,False,ENVELOPE_BASE_CONTACT,999999999.0000000000,9931.0323180000,0.2000000000,0.2000000000,0.3000000000,2.5000000000,1.0000000000,102,110,103,112,103,113
584,neighbor,False,ENVELOPE_BASE_CONTACT,999999999.0000000000,9931.0323180000,0.2000000000,0.2000000000,0.3500000000,2.5000000000,0.8000000000,101,111,102,110,102,110
585,neighbor,False,ENVELOPE_BASE_CONTACT,999999999.0000000000,9931.0323180000,0.2750000000,0.3000000000,0.5000000000,2.5000000000,0.7000000000,101,113,101,110,102,111
586,neighbor,False,MINIMUM_MAIN_STEEL,999999999.0000000000,9931.0323180000,0.2000000000,0.3000000000,0.3000000000,2.5000000000,0.9000000000,100,113,103,111,101,111
587,neighbor,False,ENVELOPE_BASE_CONTACT,999999999.0000000000,9931.0323180000,0.2000000000,0.2000000000,0.3000000000,2.5000000000,0.8000000000,104,112,103,112,103,113
588,neighbor,False,ENVELOPE_BASE_CONTACT,999999999.0000000000,9931.0323180000,0.2000000000,0.3500000000,0.3500000000,2.5000000000,0.8000000000,103,111,104,113,101,111
589,neighbor,False,MINIMUM_MAIN_STEEL,999999999.0000000000,9931.0323180000,0.2500000000,0.2500000000,0.4500000000,2.5000000000,1.0000000000,101,110,101,113,103,111
590,neighbor,False,ENVELOPE_BASE_CONTACT,999999999.0000000000,9931.0323180000,0.2500000000,0.2500000000,0.3000000000,2.5000000000,0.9000000000,102,110,102,111,104,113
591,neighbor,False,MINIMUM_MAIN_STEEL,999999999.0000000000,9931.0323180000,0.2250000000,0.3500000000,0.3000000000,3.0000000000,1.0000000000,103,111,100,112,100,112
592,neighbor,False,MINIMUM_MAIN_STEEL,999999999.0000000000,9931.0323180000,0.2500000000,0.2500000000,0.4500000000,2.5000000000,0.8000000000,102,111,100,111,102,110
593,neighbor,False,MINIMUM_MAIN_STEEL,999999999.0000000000,9931.0323180000,0.2500000000,0.2500000000,0.3000000000,2.5000000000,0.9000000000,102,110,100,113,104,113
594,neighbor,False,ENVELOPE_BASE_CONTACT,999999999.0000000000,9931.0323180000,0.3000000000,0.3500000000,0.3000000000,2.5000000000,0.9000000000,103,110,102,111,104,113
595,neighbor,False,ENVELOPE_BASE_CONTACT,999999999.0000000000,9931.0323180000,0.2500000000,0.2500000000,0.3000000000,2.5000000000,0.9000000000,102,110,102,111,103,112
596,neighbor,False,ENVELOPE_BASE_CONTACT,999999999.0000000000,9931.0323180000,0.2000000000,0.2000000000,0.3000000000,2.5000000000,1.0000000000,103,110,102,113,102,111
597,neighbor,False,MINIMUM_MAIN_STEEL,999999999.0000000000,9931.0323180000,0.3000000000,0.3500000000,0.3000000000,2.5000000000,0.9000000000,100,112,102,111,104,113
598,neighbor,False,MINIMUM_MAIN_STEEL,999999999.0000000000,9931.0323180000,0.2000000000,0.2500000000,0.3000000000,2.5000000000,0.7000000000,102,112,100,113,102,110
599,neighbor,False,ENVELOPE_BASE_CONTACT,999999999.0000000000,9931.0323180000,0.2750000000,0.3000000000,0.5000000000,2.5000000000,1.0000000000,103,111,104,113,104,110
600,neighbor,False,ENVELOPE_BASE_CONTACT,999999999.0000000000,9931.0323180000,0.2500000000,0.2500000000,0.3000000000,2.5000000000,0.7000000000,102,110,101,111,103,113
601,neighbor,False,ENVELOPE_BASE_CONTACT,999999999.0000000000,9931.0323180000,0.2000000000,0.2000000000,0.3000000000,2.5000000000,1.0000000000,100,112,104,113,100,111
602,neighbor,False,STEM_STRESS_OR_INTERVAL_BOUND,999999999.0000000000,9931.0323180000,0.2000000000,0.2000000000,0.4000000000,3.0000000000,1.0000000000,102,111,102,110,102,110
603,neighbor,False,ENVELOPE_BASE_CONTACT,999999999.0000000000,9931.0323180000,0.3000000000,0.3500000000,0.5000000000,2.5000000000,1.0000000000,101,111,103,113,103,113
604,neighbor,False,MINIMUM_MAIN_STEEL,999999999.0000000000,9931.0323180000,0.2500000000,0.2500000000,0.4000000000,2.5000000000,1.0000000000,102,110,100,113,103,111
605,neighbor,False,ENVELOPE_BASE_CONTACT,999999999.0000000000,9931.0323180000,0.2500000000,0.2500000000,0.3000000000,2.5000000000,0.9000000000,102,113,102,111,104,113
606,neighbor,False,ENVELOPE_BASE_CONTACT,999999999.0000000000,9931.0323180000,0.3000000000,0.3500000000,0.5000000000,2.5000000000,0.7000000000,101,110,101,112,100,110
607,neighbor,False,ENVELOPE_BASE_CONTACT,999999999.0000000000,9931.0323180000,0.2500000000,0.2500000000,0.3000000000,2.5000000000,0.9000000000,104,111,102,111,104,113
608,neighbor,False,STEM_STRESS_OR_INTERVAL_BOUND,999999999.0000000000,9931.0323180000,0.2000000000,0.2000000000,0.3000000000,3.0000000000,0.7000000000,104,112,104,113,104,113
609,neighbor,False,MINIMUM_MAIN_STEEL,999999999.0000000000,9931.0323180000,0.2250000000,0.3500000000,0.3500000000,3.0000000000,0.8000000000,102,110,100,112,102,111
610,neighbor,False,ENVELOPE_BASE_CONTACT,999999999.0000000000,9931.0323180000,0.2500000000,0.2500000000,0.3000000000,2.5000000000,0.9000000000,102,110,102,111,104,113
611,neighbor,False,MINIMUM_MAIN_STEEL,999999999.0000000000,9931.0323180000,0.2000000000,0.3500000000,0.3000000000,3.0000000000,0.8000000000,104,112,102,111,100,112
612,neighbor,False,MINIMUM_MAIN_STEEL,999999999.0000000000,9931.0323180000,0.2000000000,0.2500000000,0.3000000000,2.5000000000,1.0000000000,101,113,104,112,100,113
613,neighbor,False,ENVELOPE_BASE_CONTACT,999999999.0000000000,9931.0323180000,0.2000000000,0.2000000000,0.3000000000,2.5000000000,0.9000000000,103,112,102,111,104,113
614,neighbor,False,MINIMUM_MAIN_STEEL,999999999.0000000000,9931.0323180000,0.2250000000,0.2500000000,0.5000000000,2.5000000000,0.7000000000,100,113,101,110,101,111
615,neighbor,False,ENVELOPE_BASE_CONTACT,999999999.0000000000,9931.0323180000,0.2000000000,0.2000000000,0.3000000000,2.5000000000,1.0000000000,101,113,101,111,102,111
616,neighbor,False,ENVELOPE_BASE_CONTACT,999999999.0000000000,9931.0323180000,0.2500000000,0.2500000000,0.3000000000,2.5000000000,0.9000000000,102,110,102,111,104,111
617,neighbor,False,ENVELOPE_BASE_CONTACT,999999999.0000000000,9931.0323180000,0.2250000000,0.3000000000,0.3000000000,2.5000000000,1.0000000000,104,112,102,110,103,113
618,neighbor,False,STEM_STRESS_OR_INTERVAL_BOUND,999999999.0000000000,9931.0323180000,0.2000000000,0.2000000000,0.3000000000,3.0000000000,0.9000000000,100,112,101,112,100,111
619,neighbor,False,MINIMUM_MAIN_STEEL,999999999.0000000000,9931.0323180000,0.2250000000,0.3500000000,0.3000000000,2.5000000000,0.9000000000,104,112,100,112,104,113
620,neighbor,False,MINIMUM_MAIN_STEEL,999999999.0000000000,9931.0323180000,0.3000000000,0.3000000000,0.4000000000,2.5000000000,1.0000000000,102,113,104,113,100,113
621,neighbor,False,ENVELOPE_BASE_CONTACT,999999999.0000000000,9931.0323180000,0.2000000000,0.3500000000,0.3000000000,2.5000000000,0.8000000000,101,110,103,111,101,112
622,neighbor,False,ENVELOPE_BASE_CONTACT,999999999.0000000000,9931.0323180000,0.2000000000,0.3500000000,0.4500000000,2.5000000000,0.8000000000,102,112,100,110,101,112
623,neighbor,False,ENVELOPE_BASE_CONTACT,999999999.0000000000,9931.0323180000,0.2000000000,0.2500000000,0.3000000000,2.5000000000,0.8000000000,104,112,104,113,104,111
624,neighbor,False,ENVELOPE_BASE_CONTACT,999999999.0000000000,9931.0323180000,0.2500000000,0.2500000000,0.3500000000,2.5000000000,0.7000000000,102,110,102,113,103,110
625,neighbor,False,MINIMUM_MAIN_STEEL,999999999.0000000000,9931.0323180000,0.2500000000,0.3000000000,0.3000000000,3.0000000000,1.0000000000,100,112,102,113,104,112
626,neighbor,False,STEM_STRESS_OR_INTERVAL_BOUND,999999999.0000000000,9931.0323180000,0.2250000000,0.2500000000,0.4500000000,3.0000000000,1.0000000000,104,111,102,111,102,113
627,neighbor,False,ENVELOPE_BASE_CONTACT,999999999.0000000000,9931.0323180000,0.2000000000,0.2000000000,0.5500000000,2.5000000000,1.0000000000,103,112,101,111,103,112
628,neighbor,False,ENVELOPE_BASE_CONTACT,999999999.0000000000,9931.0323180000,0.2000000000,0.2000000000,0.3000000000,2.5000000000,0.9000000000,102,113,102,111,104,113
629,neighbor,False,ENVELOPE_BASE_CONTACT,999999999.0000000000,9931.0323180000,0.3000000000,0.3500000000,0.3000000000,2.5000000000,0.9000000000,101,112,102,111,104,113
630,neighbor,False,ENVELOPE_BASE_CONTACT,999999999.0000000000,9931.0323180000,0.2500000000,0.2500000000,0.3000000000,2.5000000000,0.9000000000,102,110,100,111,104,113
631,neighbor,False,MINIMUM_MAIN_STEEL,999999999.0000000000,9931.0323180000,0.2500000000,0.2500000000,0.3000000000,3.0000000000,0.8000000000,102,110,102,111,100,112
632,neighbor,False,ENVELOPE_BASE_CONTACT,999999999.0000000000,9931.0323180000,0.2000000000,0.2000000000,0.3000000000,2.5000000000,0.9000000000,103,111,102,113,100,111
633,neighbor,False,STEM_STRESS_OR_INTERVAL_BOUND,999999999.0000000000,9931.0323180000,0.2000000000,0.2500000000,0.3000000000,3.0000000000,0.7000000000,101,111,104,113,102,112
634,neighbor,False,ENVELOPE_BASE_CONTACT,999999999.0000000000,9931.0323180000,0.2500000000,0.2500000000,0.3000000000,2.5000000000,0.7000000000,102,110,103,113,104,113
635,neighbor,False,ENVELOPE_BASE_CONTACT,999999999.0000000000,9931.0323180000,0.2500000000,0.2500000000,0.3000000000,2.5000000000,0.9000000000,102,110,102,111,103,112
636,neighbor,False,ENVELOPE_BASE_CONTACT,999999999.0000000000,9931.0323180000,0.2500000000,0.2500000000,0.3000000000,2.5000000000,0.9000000000,103,112,102,111,104,113
637,neighbor,False,ENVELOPE_BASE_CONTACT,999999999.0000000000,9931.0323180000,0.2750000000,0.3000000000,0.3000000000,2.5000000000,1.0000000000,102,110,100,111,100,110
638,neighbor,False,ENVELOPE_BASE_CONTACT,999999999.0000000000,9931.0323180000,0.2500000000,0.2500000000,0.3000000000,2.5000000000,0.9000000000,102,110,102,111,101,112
639,neighbor,False,ENVELOPE_BASE_CONTACT,999999999.0000000000,9931.0323180000,0.3000000000,0.3000000000,0.3000000000,2.5000000000,0.9000000000,102,112,101,113,100,110
640,neighbor,False,ENVELOPE_BASE_CONTACT,999999999.0000000000,9931.0323180000,0.2000000000,0.2000000000,0.3000000000,2.5000000000,0.9000000000,101,110,103,110,104,112
641,neighbor,True,PASS_IMPLEMENTED_PROJECT_CHECKS,9288.5588610000,9288.5588610000,0.2750000000,0.3500000000,0.3500000000,3.0000000000,0.9000000000,104,113,100,111,102,112
642,neighbor,False,ENVELOPE_BASE_CONTACT,999999999.0000000000,9288.5588610000,0.3000000000,0.3000000000,0.4000000000,2.5000000000,0.9000000000,100,110,101,111,104,110
643,neighbor,True,PASS_IMPLEMENTED_PROJECT_CHECKS,10137.8744400000,9288.5588610000,0.2500000000,0.4500000000,0.3000000000,3.0000000000,1.0000000000,104,112,101,111,101,110
644,neighbor,False,STEM_STRESS_OR_INTERVAL_BOUND,999999999.0000000000,9288.5588610000,0.2500000000,0.2500000000,0.3000000000,3.0000000000,1.0000000000,101,111,102,113,102,111
645,neighbor,False,ENVELOPE_BASE_CONTACT,999999999.0000000000,9288.5588610000,0.2250000000,0.3000000000,0.3000000000,2.5000000000,0.9000000000,103,112,100,111,102,113
646,neighbor,False,MINIMUM_MAIN_STEEL,999999999.0000000000,9288.5588610000,0.2500000000,0.2500000000,0.5500000000,3.5000000000,1.0000000000,103,112,101,111,101,113
647,neighbor,False,STEM_STRESS_OR_INTERVAL_BOUND,999999999.0000000000,9288.5588610000,0.2750000000,0.3000000000,0.3500000000,3.0000000000,0.9000000000,101,110,100,111,102,112
648,neighbor,True,PASS_IMPLEMENTED_PROJECT_CHECKS,9986.8004850000,9288.5588610000,0.2750000000,0.3500000000,0.3500000000,3.0000000000,0.9000000000,103,111,100,111,102,112
649,neighbor,False,ENVELOPE_BASE_CONTACT,999999999.0000000000,9288.5588610000,0.2750000000,0.3500000000,0.3000000000,2.5000000000,0.7000000000,100,110,104,113,103,110
650,neighbor,False,MINIMUM_MAIN_STEEL,999999999.0000000000,9288.5588610000,0.2250000000,0.4000000000,0.4000000000,3.0000000000,0.8000000000,100,110,104,111,102,112
651,neighbor,False,MINIMUM_MAIN_STEEL,999999999.0000000000,9288.5588610000,0.3000000000,0.3000000000,0.3000000000,2.5000000000,0.7000000000,103,111,102,113,100,113
652,neighbor,False,ENVELOPE_BASE_CONTACT,999999999.0000000000,9288.5588610000,0.2500000000,0.2500000000,0.3000000000,2.5000000000,0.7000000000,103,110,102,111,101,113
653,neighbor,False,STEM_STRESS_OR_INTERVAL_BOUND,999999999.0000000000,9288.5588610000,0.2500000000,0.2500000000,0.3000000000,3.0000000000,1.0000000000,103,113,101,113,101,111
654,neighbor,True,PASS_IMPLEMENTED_PROJECT_CHECKS,9819.6922050000,9288.5588610000,0.2750000000,0.3500000000,0.3500000000,3.0000000000,0.9000000000,104,112,100,111,102,112
655,neighbor,False,ENVELOPE_BASE_CONTACT,999999999.0000000000,9288.5588610000,0.3000000000,0.3500000000,0.5000000000,2.5000000000,0.7000000000,102,111,102,110,102,111
656,neighbor,False,ENVELOPE_BASE_CONTACT,999999999.0000000000,9288.5588610000,0.3000000000,0.4000000000,0.5000000000,2.5000000000,1.0000000000,104,113,101,110,104,111
657,neighbor,False,MINIMUM_MAIN_STEEL,999999999.0000000000,9288.5588610000,0.3000000000,0.3000000000,0.5500000000,3.5000000000,1.0000000000,102,113,104,110,101,113
658,neighbor,False,ENVELOPE_BASE_CONTACT,999999999.0000000000,9288.5588610000,0.2250000000,0.2500000000,0.4500000000,2.5000000000,0.8000000000,102,113,104,113,103,110
659,neighbor,False,STEM_STRESS_OR_INTERVAL_BOUND,999999999.0000000000,9288.5588610000,0.2500000000,0.2500000000,0.5500000000,3.0000000000,0.9000000000,100,110,102,113,100,110
660,neighbor,False,MINIMUM_MAIN_STEEL,999999999.0000000000,9288.5588610000,0.2500000000,0.2500000000,0.3000000000,3.5000000000,0.7000000000,100,112,100,112,104,111
661,neighbor,False,ENVELOPE_BASE_CONTACT,999999999.0000000000,9288.5588610000,0.2500000000,0.2500000000,0.6000000000,2.5000000000,0.7000000000,102,110,102,110,102,112
662,neighbor,False,STEM_STRESS_OR_INTERVAL_BOUND,999999999.0000000000,9288.5588610000,0.2250000000,0.3500000000,0.3500000000,3.0000000000,0.9000000000,101,112,100,111,102,112
663,neighbor,False,STEM_STRESS_OR_INTERVAL_BOUND,999999999.0000000000,9288.5588610000,0.2750000000,0.3500000000,0.3500000000,3.0000000000,0.9000000000,100,110,100,111,102,112
664,neighbor,True,PASS_IMPLEMENTED_PROJECT_CHECKS,9650.1702210000,9288.5588610000,0.2750000000,0.3500000000,0.3500000000,3.0000000000,0.9000000000,104,113,104,112,102,112
665,neighbor,False,MINIMUM_MAIN_STEEL,999999999.0000000000,9288.5588610000,0.2750000000,0.3500000000,0.3500000000,3.0000000000,0.9000000000,100,111,100,111,102,112
666,neighbor,True,PASS_IMPLEMENTED_PROJECT_CHECKS,9484.0244610000,9288.5588610000,0.2750000000,0.3500000000,0.3500000000,3.0000000000,0.9000000000,104,113,101,110,102,112
667,neighbor,False,MINIMUM_MAIN_STEEL,999999999.0000000000,9288.5588610000,0.3000000000,0.3000000000,0.4000000000,3.0000000000,0.8000000000,103,112,100,113,103,111
668,neighbor,False,MINIMUM_MAIN_STEEL,999999999.0000000000,9288.5588610000,0.2500000000,0.3000000000,0.4500000000,3.0000000000,0.7000000000,100,113,103,113,102,112
669,neighbor,False,MINIMUM_MAIN_STEEL,999999999.0000000000,9288.5588610000,0.3000000000,0.4000000000,0.3000000000,3.5000000000,1.0000000000,104,110,100,113,102,112
670,neighbor,False,MAXIMUM_MAIN_STEEL,999999999.0000000000,9288.5588610000,0.2500000000,0.4000000000,0.3000000000,3.5000000000,0.8000000000,104,111,103,112,101,113
671,neighbor,False,STEM_STRESS_OR_INTERVAL_BOUND,999999999.0000000000,9288.5588610000,0.2250000000,0.3000000000,0.3000000000,3.5000000000,0.9000000000,104,113,102,111,104,113
672,neighbor,True,PASS_IMPLEMENTED_PROJECT_CHECKS,10129.0609410000,9288.5588610000,0.2750000000,0.3500000000,0.3500000000,3.0000000000,0.9000000000,104,113,104,110,102,112
673,neighbor,True,PASS_IMPLEMENTED_PROJECT_CHECKS,9379.7761410000,9288.5588610000,0.2750000000,0.3500000000,0.3500000000,3.0000000000,0.9000000000,104,113,101,111,102,112
674,neighbor,False,MINIMUM_MAIN_STEEL,999999999.0000000000,9288.5588610000,0.3000000000,0.3500000000,0.5500000000,3.5000000000,1.0000000000,100,111,101,110,102,110
675,neighbor,True,PASS_IMPLEMENTED_PROJECT_CHECKS,9476.6945010000,9288.5588610000,0.2750000000,0.3500000000,0.3500000000,3.0000000000,0.9000000000,104,113,103,113,102,112
676,neighbor,False,MINIMUM_MAIN_STEEL,999999999.0000000000,9288.5588610000,0.3250000000,0.4500000000,0.5000000000,3.0000000000,0.7000000000,104,113,100,113,104,113
677,neighbor,True,PASS_IMPLEMENTED_PROJECT_CHECKS,9873.8894850000,9288.5588610000,0.2750000000,0.3500000000,0.3500000000,3.0000000000,0.9000000000,102,110,100,111,102,112
678,neighbor,True,PASS_IMPLEMENTED_PROJECT_CHECKS,10789.5345400000,9288.5588610000,0.3000000000,0.4500000000,0.3000000000,3.0000000000,0.8000000000,102,110,103,111,101,110
679,neighbor,False,MINIMUM_MAIN_STEEL,999999999.0000000000,9288.5588610000,0.2750000000,0.3500000000,0.3500000000,3.0000000000,0.9000000000,104,113,100,112,102,112
680,neighbor,False,MINIMUM_MAIN_STEEL,999999999.0000000000,9288.5588610000,0.3000000000,0.4500000000,0.5500000000,3.0000000000,1.0000000000,104,111,101,112,101,110
681,neighbor,False,MINIMUM_MAIN_STEEL,999999999.0000000000,9288.5588610000,0.2500000000,0.2500000000,0.4500000000,2.5000000000,0.9000000000,104,110,100,112,102,112
682,neighbor,True,PASS_IMPLEMENTED_PROJECT_CHECKS,12610.3880560000,9288.5588610000,0.3250000000,0.4000000000,0.6000000000,3.0000000000,1.0000000000,104,113,104,112,104,111
683,neighbor,False,MINIMUM_MAIN_STEEL,999999999.0000000000,9288.5588610000,0.3000000000,0.3500000000,0.6000000000,2.5000000000,0.7000000000,103,110,104,111,101,113
684,neighbor,False,STEM_STRESS_OR_INTERVAL_BOUND,999999999.0000000000,9288.5588610000,0.2500000000,0.2500000000,0.5000000000,3.5000000000,0.9000000000,104,112,103,113,103,113
685,neighbor,True,PASS_IMPLEMENTED_PROJECT_CHECKS,10342.7033610000,9288.5588610000,0.2750000000,0.3500000000,0.3500000000,3.0000000000,0.9000000000,104,113,100,111,103,110
686,neighbor,False,MINIMUM_MAIN_STEEL,999999999.0000000000,9288.5588610000,0.2500000000,0.4000000000,0.3000000000,3.5000000000,0.8000000000,100,113,100,112,103,110
687,neighbor,True,PASS_IMPLEMENTED_PROJECT_CHECKS,9680.3045010000,9288.5588610000,0.2750000000,0.3500000000,0.3500000000,3.0000000000,0.9000000000,104,113,103,111,102,112
688,neighbor,True,PASS_IMPLEMENTED_PROJECT_CHECKS,9327.6519810000,9288.5588610000,0.2750000000,0.3500000000,0.3500000000,3.0000000000,0.9000000000,104,113,101,112,102,112
689,neighbor,False,STEM_STRESS_OR_INTERVAL_BOUND,999999999.0000000000,9288.5588610000,0.2250000000,0.2500000000,0.3000000000,3.0000000000,0.9000000000,104,110,101,110,103,112
690,neighbor,False,MINIMUM_MAIN_STEEL,999999999.0000000000,9288.5588610000,0.2250000000,0.2500000000,0.6000000000,3.5000000000,1.0000000000,101,111,100,110,101,112
691,neighbor,False,ENVELOPE_BASE_CONTACT,999999999.0000000000,9288.5588610000,0.2500000000,0.2500000000,0.3000000000,2.5000000000,0.8000000000,100,110,101,110,104,112
692,neighbor,False,MINIMUM_MAIN_STEEL,999999999.0000000000,9288.5588610000,0.2750000000,0.3000000000,0.3000000000,3.0000000000,1.0000000000,101,110,100,112,104,113
693,neighbor,False,ENVELOPE_BASE_CONTACT,999999999.0000000000,9288.5588610000,0.2750000000,0.3500000000,0.3000000000,2.5000000000,0.8000000000,104,113,104,111,102,112
694,neighbor,False,MINIMUM_MAIN_STEEL,999999999.0000000000,9288.5588610000,0.2250000000,0.2500000000,0.5000000000,2.5000000000,0.8000000000,100,111,101,113,101,113
695,neighbor,False,STEM_STRESS_OR_INTERVAL_BOUND,999999999.0000000000,9288.5588610000,0.2500000000,0.2500000000,0.3500000000,3.0000000000,0.9000000000,101,110,100,111,102,112
696,neighbor,False,STEM_STRESS_OR_INTERVAL_BOUND,999999999.0000000000,9288.5588610000,0.2250000000,0.2500000000,0.5500000000,3.0000000000,0.8000000000,103,113,104,113,101,110
697,neighbor,False,STEM_STRESS_OR_INTERVAL_BOUND,999999999.0000000000,9288.5588610000,0.2500000000,0.3000000000,0.4000000000,3.0000000000,0.8000000000,102,112,102,111,101,112
698,neighbor,False,MINIMUM_MAIN_STEEL,999999999.0000000000,9288.5588610000,0.2750000000,0.3500000000,0.3500000000,3.0000000000,0.9000000000,104,113,100,112,102,112
699,neighbor,True,PASS_IMPLEMENTED_PROJECT_CHECKS,9412.5758610000,9288.5588610000,0.2750000000,0.3500000000,0.3500000000,3.0000000000,0.9000000000,104,113,100,111,103,113
700,neighbor,False,MEMBER_FLEXURE,999999999.0000000000,9288.5588610000,0.2250000000,0.3000000000,0.4000000000,3.0000000000,1.0000000000,103,111,104,111,101,112
701,neighbor,False,MEMBER_FLEXURE,999999999.0000000000,9288.5588610000,0.3250000000,0.3500000000,0.3000000000,3.0000000000,0.7000000000,102,110,102,112,101,112
702,neighbor,False,MINIMUM_MAIN_STEEL,999999999.0000000000,9288.5588610000,0.2750000000,0.3500000000,0.3500000000,3.0000000000,0.9000000000,104,113,100,111,100,112
703,neighbor,False,STEM_STRESS_OR_INTERVAL_BOUND,999999999.0000000000,9288.5588610000,0.2500000000,0.2500000000,0.3000000000,3.5000000000,0.9000000000,104,112,101,113,102,111
704,neighbor,False,STEM_STRESS_OR_INTERVAL_BOUND,999999999.0000000000,9288.5588610000,0.2500000000,0.3000000000,0.3000000000,3.0000000000,1.0000000000,104,113,101,111,103,111
705,neighbor,False,MINIMUM_MAIN_STEEL,999999999.0000000000,9288.5588610000,0.2500000000,0.2500000000,0.3000000000,3.0000000000,0.7000000000,101,112,102,113,100,113
706,neighbor,False,MINIMUM_MAIN_STEEL,999999999.0000000000,9288.5588610000,0.2750000000,0.4500000000,0.3500000000,2.5000000000,0.8000000000,101,112,100,112,102,110
707,neighbor,True,PASS_IMPLEMENTED_PROJECT_CHECKS,10893.5025300000,9288.5588610000,0.2750000000,0.3500000000,0.3000000000,3.5000000000,1.0000000000,104,113,101,111,103,110
708,neighbor,False,STEM_STRESS_OR_INTERVAL_BOUND,999999999.0000000000,9288.5588610000,0.2500000000,0.4500000000,0.3000000000,3.5000000000,0.7000000000,101,111,104,111,104,110
709,neighbor,False,ENVELOPE_BASE_CONTACT,999999999.0000000000,9288.5588610000,0.3000000000,0.3000000000,0.3000000000,2.5000000000,1.0000000000,101,113,102,112,104,111
710,neighbor,False,MINIMUM_MAIN_STEEL,999999999.0000000000,9288.5588610000,0.3250000000,0.4000000000,0.3000000000,3.0000000000,1.0000000000,100,112,102,110,102,113
711,neighbor,False,MINIMUM_MAIN_STEEL,999999999.0000000000,9288.5588610000,0.2750000000,0.3500000000,0.3500000000,3.0000000000,0.9000000000,100,111,100,111,102,112
712,neighbor,False,MEMBER_FLEXURE,999999999.0000000000,9288.5588610000,0.2750000000,0.3500000000,0.3000000000,3.5000000000,0.8000000000,104,113,102,111,100,110
713,neighbor,True,PASS_IMPLEMENTED_PROJECT_CHECKS,10358.4472500000,9288.5588610000,0.2750000000,0.4000000000,0.3000000000,3.0000000000,1.0000000000,102,110,102,110,103,113
714,neighbor,False,MINIMUM_MAIN_STEEL,999999999.0000000000,9288.5588610000,0.2250000000,0.4000000000,0.3000000000,3.0000000000,1.0000000000,101,112,104,110,101,112
715,neighbor,False,MAXIMUM_MAIN_STEEL,999999999.0000000000,9288.5588610000,0.2500000000,0.3000000000,0.3000000000,3.5000000000,0.8000000000,103,110,100,110,102,111
716,neighbor,False,MINIMUM_MAIN_STEEL,999999999.0000000000,9288.5588610000,0.3250000000,0.4000000000,0.5500000000,3.0000000000,0.7000000000,101,113,101,112,101,110
717,neighbor,False,MAXIMUM_MAIN_STEEL,999999999.0000000000,9288.5588610000,0.2500000000,0.4500000000,0.3000000000,3.0000000000,0.7000000000,103,110,102,113,102,111
718,neighbor,True,PASS_IMPLEMENTED_PROJECT_CHECKS,9986.8004850000,9288.5588610000,0.2750000000,0.3500000000,0.3500000000,3.0000000000,0.9000000000,103,111,100,111,102,112
719,neighbor,False,MINIMUM_MAIN_STEEL,999999999.0000000000,9288.5588610000,0.3000000000,0.4000000000,0.3000000000,3.0000000000,0.9000000000,101,112,103,113,101,112
720,neighbor,False,MEMBER_FLEXURE,999999999.0000000000,9288.5588610000,0.2750000000,0.4000000000,0.3000000000,3.5000000000,0.8000000000,104,111,103,110,101,112
721,neighbor,False,STEM_STRESS_OR_INTERVAL_BOUND,999999999.0000000000,9288.5588610000,0.2750000000,0.3000000000,0.5000000000,3.5000000000,0.9000000000,102,112,103,113,102,113
722,neighbor,False,MINIMUM_MAIN_STEEL,999999999.0000000000,9288.5588610000,0.2750000000,0.3500000000,0.3500000000,3.0000000000,0.9000000000,104,113,100,111,100,112
723,neighbor,False,ENVELOPE_BASE_CONTACT,999999999.0000000000,9288.5588610000,0.2250000000,0.3000000000,0.5000000000,2.5000000000,1.0000000000,101,113,101,111,102,113
724,neighbor,False,MINIMUM_MAIN_STEEL,999999999.0000000000,9288.5588610000,0.3250000000,0.3500000000,0.4500000000,2.5000000000,0.8000000000,101,113,101,112,102,111
725,neighbor,False,MINIMUM_MAIN_STEEL,999999999.0000000000,9288.5588610000,0.2750000000,0.3500000000,0.5500000000,3.0000000000,1.0000000000,104,113,100,111,101,113
726,neighbor,False,MINIMUM_MAIN_STEEL,999999999.0000000000,9288.5588610000,0.3250000000,0.3500000000,0.4500000000,2.5000000000,0.8000000000,100,113,103,110,104,113
727,neighbor,False,MAXIMUM_MAIN_STEEL,999999999.0000000000,9288.5588610000,0.2750000000,0.4000000000,0.4500000000,3.5000000000,0.8000000000,103,110,104,113,102,111
728,neighbor,False,STEM_STRESS_OR_INTERVAL_BOUND,999999999.0000000000,9288.5588610000,0.2500000000,0.2500000000,0.3500000000,3.0000000000,0.9000000000,101,113,100,111,102,112
729,reset,False,ENVELOPE_BASE_CONTACT,999999999.0000000000,9288.5588610000,0.2500000000,0.2500000000,0.3000000000,2.5000000000,0.9000000000,104,113,100,111,102,112
730,neighbor,False,MINIMUM_MAIN_STEEL,999999999.0000000000,9288.5588610000,0.2000000000,0.3500000000,0.3500000000,2.5000000000,0.9000000000,102,110,100,112,103,112
731,neighbor,False,ENVELOPE_BASE_CONTACT,999999999.0000000000,9288.5588610000,0.3000000000,0.3000000000,0.3000000000,2.5000000000,0.9000000000,101,111,100,111,102,112
732,neighbor,False,ENVELOPE_BASE_CONTACT,999999999.0000000000,9288.5588610000,0.2000000000,0.2000000000,0.3000000000,2.5000000000,0.8000000000,100,113,104,110,103,110
733,neighbor,False,ENVELOPE_BASE_CONTACT,999999999.0000000000,9288.5588610000,0.2000000000,0.2000000000,0.3000000000,2.5000000000,1.0000000000,102,111,103,110,101,113
734,neighbor,False,MINIMUM_MAIN_STEEL,999999999.0000000000,9288.5588610000,0.2500000000,0.2500000000,0.3000000000,2.5000000000,0.9000000000,104,113,100,112,102,112
735,neighbor,False,ENVELOPE_BASE_CONTACT,999999999.0000000000,9288.5588610000,0.2500000000,0.3000000000,0.3000000000,2.5000000000,0.7000000000,103,110,100,110,101,111
736,neighbor,False,ENVELOPE_BASE_CONTACT,999999999.0000000000,9288.5588610000,0.2250000000,0.2500000000,0.3000000000,2.5000000000,1.0000000000,104,111,103,112,104,110
737,neighbor,False,MINIMUM_MAIN_STEEL,999999999.0000000000,9288.5588610000,0.2000000000,0.2000000000,0.3500000000,3.0000000000,0.9000000000,100,110,100,112,103,111
738,neighbor,False,ENVELOPE_BASE_CONTACT,999999999.0000000000,9288.5588610000,0.2500000000,0.2500000000,0.3000000000,2.5000000000,0.9000000000,104,113,100,111,103,112
739,neighbor,False,ENVELOPE_BASE_CONTACT,999999999.0000000000,9288.5588610000,0.2500000000,0.2500000000,0.3000000000,2.5000000000,1.0000000000,104,110,102,110,104,110
740,neighbor,False,STEM_STRESS_OR_INTERVAL_BOUND,999999999.0000000000,9288.5588610000,0.2500000000,0.3500000000,0.3000000000,3.0000000000,1.0000000000,102,113,101,112,104,112
741,neighbor,False,STEM_STRESS_OR_INTERVAL_BOUND,999999999.0000000000,9288.5588610000,0.2000000000,0.2000000000,0.3000000000,3.0000000000,0.9000000000,100,112,104,113,102,110
742,neighbor,False,MINIMUM_MAIN_STEEL,999999999.0000000000,9288.5588610000,0.2000000000,0.2000000000,0.3500000000,2.5000000000,1.0000000000,104,110,103,111,100,113
743,neighbor,False,STEM_STRESS_OR_INTERVAL_BOUND,999999999.0000000000,9288.5588610000,0.2000000000,0.2500000000,0.3000000000,3.0000000000,0.7000000000,104,113,104,111,104,111
744,neighbor,False,ENVELOPE_BASE_CONTACT,999999999.0000000000,9288.5588610000,0.2000000000,0.2000000000,0.3000000000,2.5000000000,1.0000000000,103,111,102,111,103,113
745,neighbor,False,ENVELOPE_BASE_CONTACT,999999999.0000000000,9288.5588610000,0.2500000000,0.2500000000,0.3500000000,2.5000000000,1.0000000000,104,113,102,113,102,112
746,neighbor,False,STEM_STRESS_OR_INTERVAL_BOUND,999999999.0000000000,9288.5588610000,0.2000000000,0.2000000000,0.3000000000,3.0000000000,0.7000000000,102,111,103,113,103,110
747,neighbor,False,ENVELOPE_BASE_CONTACT,999999999.0000000000,9288.5588610000,0.2000000000,0.2000000000,0.3500000000,2.5000000000,0.8000000000,103,112,101,113,101,110
748,neighbor,False,MAXIMUM_MAIN_STEEL,999999999.0000000000,9288.5588610000,0.2750000000,0.3500000000,0.3000000000,3.0000000000,1.0000000000,103,110,100,111,104,113
749,neighbor,False,ENVELOPE_BASE_CONTACT,999999999.0000000000,9288.5588610000,0.2500000000,0.2500000000,0.3000000000,2.5000000000,0.9000000000,104,113,103,112,102,112
750,neighbor,False,ENVELOPE_BASE_CONTACT,999999999.0000000000,9288.5588610000,0.2500000000,0.2500000000,0.3000000000,2.5000000000,0.9000000000,104,113,100,111,103,111
751,neighbor,True,PASS_IMPLEMENTED_PROJECT_CHECKS,11404.5964140000,9288.5588610000,0.2750000000,0.3000000000,0.3000000000,3.0000000000,1.0000000000,104,111,104,113,103,110
752,neighbor,False,STEM_STRESS_OR_INTERVAL_BOUND,999999999.0000000000,9288.5588610000,0.2000000000,0.2000000000,0.3500000000,3.0000000000,1.0000000000,101,110,100,110,101,112
753,neighbor,False,STEM_STRESS_OR_INTERVAL_BOUND,999999999.0000000000,9288.5588610000,0.2000000000,0.2000000000,0.3000000000,3.0000000000,1.0000000000,101,110,104,113,103,110
754,neighbor,False,MINIMUM_MAIN_STEEL,999999999.0000000000,9288.5588610000,0.3250000000,0.3500000000,0.3000000000,3.0000000000,0.8000000000,101,110,100,113,101,112
755,neighbor,False,ENVELOPE_BASE_CONTACT,999999999.0000000000,9288.5588610000,0.2750000000,0.3000000000,0.3000000000,2.5000000000,1.0000000000,104,111,102,112,102,113
756,neighbor,False,MINIMUM_MAIN_STEEL,999999999.0000000000,9288.5588610000,0.3250000000,0.3500000000,0.3500000000,3.0000000000,0.8000000000,101,113,104,110,102,111
757,neighbor,False,STEM_STRESS_OR_INTERVAL_BOUND,999999999.0000000000,9288.5588610000,0.2000000000,0.2000000000,0.3000000000,3.0000000000,0.9000000000,104,111,102,110,104,111
758,neighbor,False,ENVELOPE_BASE_CONTACT,999999999.0000000000,9288.5588610000,0.2250000000,0.3500000000,0.3000000000,2.5000000000,1.0000000000,100,110,100,110,100,110
759,neighbor,False,STEM_STRESS_OR_INTERVAL_BOUND,999999999.0000000000,9288.5588610000,0.2000000000,0.2000000000,0.3500000000,3.0000000000,1.0000000000,100,111,102,113,102,111
760,neighbor,False,ENVELOPE_BASE_CONTACT,999999999.0000000000,9288.5588610000,0.2250000000,0.3000000000,0.3000000000,2.5000000000,0.8000000000,101,112,104,111,104,111
761,neighbor,False,STEM_STRESS_OR_INTERVAL_BOUND,999999999.0000000000,9288.5588610000,0.2500000000,0.2500000000,0.3000000000,3.0000000000,1.0000000000,102,111,104,113,103,110
762,neighbor,False,MINIMUM_MAIN_STEEL,999999999.0000000000,9288.5588610000,0.2750000000,0.3000000000,0.3000000000,3.0000000000,1.0000000000,101,112,100,112,103,113
763,neighbor,False,STEM_STRESS_OR_INTERVAL_BOUND,999999999.0000000000,9288.5588610000,0.2250000000,0.3500000000,0.3500000000,3.0000000000,0.8000000000,101,111,101,113,104,112
764,neighbor,False,STEM_STRESS_OR_INTERVAL_BOUND,999999999.0000000000,9288.5588610000,0.2750000000,0.3000000000,0.3000000000,3.0000000000,1.0000000000,101,110,104,113,103,110
765,neighbor,False,MINIMUM_MAIN_STEEL,999999999.0000000000,9288.5588610000,0.2750000000,0.3000000000,0.3000000000,2.5000000000,0.9000000000,104,111,100,113,102,111
766,neighbor,False,STEM_STRESS_OR_INTERVAL_BOUND,999999999.0000000000,9288.5588610000,0.2750000000,0.3000000000,0.3000000000,3.0000000000,0.9000000000,104,112,104,112,102,110
767,neighbor,False,MEMBER_FLEXURE,999999999.0000000000,9288.5588610000,0.2750000000,0.3000000000,0.3000000000,3.0000000000,1.0000000000,104,111,104,113,100,111
768,neighbor,False,MINIMUM_MAIN_STEEL,999999999.0000000000,9288.5588610000,0.2500000000,0.2500000000,0.3000000000,3.0000000000,1.0000000000,102,112,103,111,100,113
769,neighbor,False,MINIMUM_MAIN_STEEL,999999999.0000000000,9288.5588610000,0.2250000000,0.3500000000,0.3000000000,3.0000000000,0.8000000000,101,112,100,112,102,111
770,neighbor,False,STEM_STRESS_OR_INTERVAL_BOUND,999999999.0000000000,9288.5588610000,0.2500000000,0.3000000000,0.3000000000,3.0000000000,1.0000000000,101,113,103,111,101,112
771,neighbor,False,STEM_STRESS_OR_INTERVAL_BOUND,999999999.0000000000,9288.5588610000,0.2500000000,0.2500000000,0.3500000000,3.0000000000,1.0000000000,103,112,103,111,102,113
772,neighbor,False,STEM_STRESS_OR_INTERVAL_BOUND,999999999.0000000000,9288.5588610000,0.2500000000,0.3000000000,0.3500000000,3.0000000000,1.0000000000,101,113,103,112,101,111
773,neighbor,False,MINIMUM_MAIN_STEEL,999999999.0000000000,9288.5588610000,0.2500000000,0.2500000000,0.3500000000,2.5000000000,1.0000000000,104,113,104,113,100,113
774,neighbor,False,MINIMUM_MAIN_STEEL,999999999.0000000000,9288.5588610000,0.3000000000,0.3000000000,0.3000000000,2.5000000000,1.0000000000,101,113,104,112,100,112
775,neighbor,False,STEM_STRESS_OR_INTERVAL_BOUND,999999999.0000000000,9288.5588610000,0.2000000000,0.2000000000,0.3000000000,3.0000000000,0.9000000000,103,110,103,111,101,112
776,neighbor,False,STEM_STRESS_OR_INTERVAL_BOUND,999999999.0000000000,9288.5588610000,0.2750000000,0.3000000000,0.3000000000,3.0000000000,1.0000000000,103,112,104,113,103,110
777,neighbor,False,STEM_STRESS_OR_INTERVAL_BOUND,999999999.0000000000,9288.5588610000,0.2250000000,0.3000000000,0.3000000000,3.0000000000,1.0000000000,101,113,102,112,101,113
778,neighbor,False,STEM_STRESS_OR_INTERVAL_BOUND,999999999.0000000000,9288.5588610000,0.2000000000,0.2000000000,0.3500000000,3.0000000000,0.9000000000,101,112,101,111,102,111
779,neighbor,True,PASS_IMPLEMENTED_PROJECT_CHECKS,10237.1009250000,9288.5588610000,0.2250000000,0.3000000000,0.3500000000,3.0000000000,1.0000000000,103,111,103,110,101,110
780,neighbor,False,MINIMUM_MAIN_STEEL,999999999.0000000000,9288.5588610000,0.2000000000,0.2000000000,0.3500000000,3.0000000000,1.0000000000,102,113,100,112,101,111
781,neighbor,False,MINIMUM_MAIN_STEEL,999999999.0000000000,9288.5588610000,0.2000000000,0.2000000000,0.3500000000,3.0000000000,0.8000000000,103,111,103,113,100,113
782,neighbor,False,MAXIMUM_MAIN_STEEL,999999999.0000000000,9288.5588610000,0.2500000000,0.3500000000,0.3500000000,3.0000000000,1.0000000000,104,110,103,112,102,110
783,neighbor,False,STEM_STRESS_OR_INTERVAL_BOUND,999999999.0000000000,9288.5588610000,0.2250000000,0.3000000000,0.3500000000,3.0000000000,1.0000000000,103,112,103,110,101,110
784,neighbor,False,MAXIMUM_MAIN_STEEL,999999999.0000000000,9288.5588610000,0.2250000000,0.3500000000,0.3500000000,3.0000000000,1.0000000000,104,110,101,112,100,111
785,neighbor,False,MEMBER_FLEXURE,999999999.0000000000,9288.5588610000,0.2250000000,0.3000000000,0.3500000000,3.0000000000,1.0000000000,103,111,101,113,101,110
786,neighbor,False,MEMBER_FLEXURE,999999999.0000000000,9288.5588610000,0.2250000000,0.3000000000,0.3000000000,3.0000000000,1.0000000000,103,111,102,112,102,112
787,neighbor,False,MINIMUM_MAIN_STEEL,999999999.0000000000,9288.5588610000,0.2250000000,0.3000000000,0.3000000000,3.0000000000,1.0000000000,103,111,103,112,100,113
788,neighbor,False,STEM_STRESS_OR_INTERVAL_BOUND,999999999.0000000000,9288.5588610000,0.2000000000,0.2500000000,0.3500000000,3.0000000000,0.9000000000,102,112,103,113,100,110
789,neighbor,False,STEM_STRESS_OR_INTERVAL_BOUND,999999999.0000000000,9288.5588610000,0.2250000000,0.3000000000,0.3500000000,3.0000000000,1.0000000000,100,110,103,110,101,110
790,neighbor,False,ENVELOPE_BASE_CONTACT,999999999.0000000000,9288.5588610000,0.2250000000,0.3000000000,0.3000000000,2.5000000000,1.0000000000,103,111,104,112,104,113
791,neighbor,False,MEMBER_FLEXURE,999999999.0000000000,9288.5588610000,0.2250000000,0.3000000000,0.3500000000,3.0000000000,1.0000000000,103,111,103,110,101,112
792,neighbor,False,MINIMUM_MAIN_STEEL,999999999.0000000000,9288.5588610000,0.2750000000,0.3500000000,0.3500000000,3.0000000000,1.0000000000,100,111,100,112,103,110
793,neighbor,False,MEMBER_FLEXURE,999999999.0000000000,9288.5588610000,0.2250000000,0.3000000000,0.3500000000,3.0000000000,1.0000000000,103,111,103,110,102,113
794,neighbor,False,ENVELOPE_BASE_CONTACT,999999999.0000000000,9288.5588610000,0.2250000000,0.3500000000,0.3500000000,2.5000000000,1.0000000000,102,110,104,113,102,113
795,neighbor,False,MAXIMUM_MAIN_STEEL,999999999.0000000000,9288.5588610000,0.2000000000,0.3500000000,0.3500000000,3.0000000000,1.0000000000,104,110,102,111,102,112
796,neighbor,True,PASS_IMPLEMENTED_PROJECT_CHECKS,9614.7823850000,9288.5588610000,0.2250000000,0.3000000000,0.3500000000,3.0000000000,1.0000000000,103,111,101,111,101,110
797,neighbor,False,MAXIMUM_MAIN_STEEL,999999999.0000000000,9288.5588610000,0.2000000000,0.3000000000,0.3500000000,3.0000000000,0.8000000000,102,110,100,110,104,110
798,neighbor,True,PASS_IMPLEMENTED_PROJECT_CHECKS,9750.7383350000,9288.5588610000,0.2250000000,0.3000000000,0.3500000000,3.0000000000,1.0000000000,103,111,101,111,103,112
799,neighbor,False,ENVELOPE_BASE_CONTACT,999999999.0000000000,9288.5588610000,0.2500000000,0.3000000000,0.3500000000,2.5000000000,0.9000000000,103,111,101,110,102,111
800,neighbor,False,MINIMUM_MAIN_STEEL,999999999.0000000000,9288.5588610000,0.2000000000,0.3000000000,0.3000000000,2.5000000000,0.8000000000,103,113,102,110,100,113
801,neighbor,False,STEM_STRESS_OR_INTERVAL_BOUND,999999999.0000000000,9288.5588610000,0.2250000000,0.3000000000,0.3500000000,3.0000000000,1.0000000000,101,111,103,113,102,111
802,neighbor,False,STEM_STRESS_OR_INTERVAL_BOUND,999999999.0000000000,9288.5588610000,0.2000000000,0.2500000000,0.3500000000,3.0000000000,1.0000000000,101,113,104,113,101,111
803,neighbor,False,MAXIMUM_MAIN_STEEL,999999999.0000000000,9288.5588610000,0.2250000000,0.3000000000,0.3000000000,3.0000000000,1.0000000000,104,111,102,112,103,112
804,neighbor,True,PASS_IMPLEMENTED_PROJECT_CHECKS,9520.2086250000,9288.5588610000,0.2250000000,0.3000000000,0.3500000000,3.0000000000,1.0000000000,103,111,102,112,102,112
805,neighbor,True,PASS_IMPLEMENTED_PROJECT_CHECKS,9675.8110890000,9288.5588610000,0.2250000000,0.3000000000,0.3500000000,3.0000000000,1.0000000000,103,111,104,113,102,112
806,neighbor,False,MINIMUM_MAIN_STEEL,999999999.0000000000,9288.5588610000,0.2250000000,0.3500000000,0.3000000000,3.0000000000,0.9000000000,102,113,103,112,100,112
807,neighbor,True,PASS_IMPLEMENTED_PROJECT_CHECKS,10604.8608990000,9288.5588610000,0.2250000000,0.3500000000,0.3500000000,3.0000000000,1.0000000000,102,110,104,113,104,111
808,neighbor,True,PASS_IMPLEMENTED_PROJECT_CHECKS,9794.1566250000,9288.5588610000,0.2250000000,0.3000000000,0.3500000000,3.0000000000,1.0000000000,103,111,102,110,102,112
809,neighbor,True,PASS_IMPLEMENTED_PROJECT_CHECKS,9790.9173750000,9288.5588610000,0.2250000000,0.3000000000,0.3500000000,3.0000000000,1.0000000000,103,111,102,112,103,112
810,neighbor,True,PASS_IMPLEMENTED_PROJECT_CHECKS,9600.0767500000,9288.5588610000,0.2250000000,0.3000000000,0.3000000000,3.0000000000,1.0000000000,103,111,102,113,104,112
811,neighbor,False,MEMBER_FLEXURE,999999999.0000000000,9288.5588610000,0.2500000000,0.3500000000,0.3000000000,3.0000000000,1.0000000000,103,112,102,112,101,112
812,neighbor,True,PASS_IMPLEMENTED_PROJECT_CHECKS,10245.2083050000,9288.5588610000,0.2250000000,0.3000000000,0.3500000000,3.0000000000,1.0000000000,103,111,104,112,104,112
813,neighbor,False,STEM_STRESS_OR_INTERVAL_BOUND,999999999.0000000000,9288.5588610000,0.2750000000,0.3000000000,0.3500000000,3.0000000000,1.0000000000,102,113,100,111,102,110
814,neighbor,False,MINIMUM_MAIN_STEEL,999999999.0000000000,9288.5588610000,0.2000000000,0.3500000000,0.3500000000,2.5000000000,0.9000000000,100,112,103,111,102,112
815,neighbor,False,MINIMUM_MAIN_STEEL,999999999.0000000000,9288.5588610000,0.2750000000,0.3000000000,0.3500000000,3.0000000000,0.8000000000,100,111,102,111,100,113
816,neighbor,False,STEM_STRESS_OR_INTERVAL_BOUND,999999999.0000000000,9288.5588610000,0.2000000000,0.2000000000,0.3000000000,3.0000000000,1.0000000000,102,113,100,110,103,111
817,neighbor,True,PASS_IMPLEMENTED_PROJECT_CHECKS,10542.8861250000,9288.5588610000,0.2250000000,0.3000000000,0.3500000000,3.0000000000,1.0000000000,103,111,102,112,103,110
818,neighbor,False,ENVELOPE_BASE_CONTACT,999999999.0000000000,9288.5588610000,0.2250000000,0.3000000000,0.3000000000,2.5000000000,0.9000000000,103,111,104,111,103,111
819,neighbor,False,MINIMUM_MAIN_STEEL,999999999.0000000000,9288.5588610000,0.2250000000,0.3000000000,0.3500000000,3.0000000000,0.8000000000,103,112,103,111,100,113
820,neighbor,True,PASS_IMPLEMENTED_PROJECT_CHECKS,9654.9614250000,9288.5588610000,0.2250000000,0.3000000000,0.3500000000,3.0000000000,1.0000000000,103,111,102,112,101,110
821,neighbor,False,MEMBER_FLEXURE,999999999.0000000000,9288.5588610000,0.2250000000,0.3000000000,0.3500000000,3.0000000000,1.0000000000,103,111,100,111,103,110
822,neighbor,False,MEMBER_FLEXURE,999999999.0000000000,9288.5588610000,0.2250000000,0.3000000000,0.3500000000,3.0000000000,1.0000000000,103,111,101,113,102,112
823,neighbor,False,STEM_STRESS_OR_INTERVAL_BOUND,999999999.0000000000,9288.5588610000,0.2250000000,0.3000000000,0.3500000000,3.0000000000,1.0000000000,102,113,102,112,102,112
824,neighbor,False,MINIMUM_MAIN_STEEL,999999999.0000000000,9288.5588610000,0.2750000000,0.3000000000,0.3000000000,3.0000000000,1.0000000000,100,111,102,111,103,110
825,neighbor,True,PASS_IMPLEMENTED_PROJECT_CHECKS,9353.1003450000,9288.5588610000,0.2250000000,0.3000000000,0.3500000000,3.0000000000,1.0000000000,104,112,102,112,102,112
826,neighbor,False,MINIMUM_MAIN_STEEL,999999999.0000000000,9288.5588610000,0.2750000000,0.3500000000,0.3500000000,3.0000000000,1.0000000000,101,110,104,112,100,112
827,neighbor,False,MINIMUM_MAIN_STEEL,999999999.0000000000,9288.5588610000,0.2500000000,0.3500000000,0.3000000000,3.0000000000,1.0000000000,102,112,100,112,100,113
828,neighbor,False,STEM_STRESS_OR_INTERVAL_BOUND,999999999.0000000000,9288.5588610000,0.2250000000,0.3500000000,0.3500000000,3.0000000000,1.0000000000,102,112,102,112,101,111
829,neighbor,False,STEM_STRESS_OR_INTERVAL_BOUND,999999999.0000000000,9288.5588610000,0.2000000000,0.2000000000,0.3000000000,3.0000000000,1.0000000000,103,112,102,112,103,111
830,neighbor,False,MINIMUM_MAIN_STEEL,999999999.0000000000,9288.5588610000,0.2000000000,0.3500000000,0.3000000000,3.0000000000,0.9000000000,104,113,101,111,100,112
831,neighbor,False,MINIMUM_MAIN_STEEL,999999999.0000000000,9288.5588610000,0.2000000000,0.2500000000,0.3500000000,3.0000000000,0.8000000000,100,113,104,113,102,112
832,neighbor,False,STEM_STRESS_OR_INTERVAL_BOUND,999999999.0000000000,9288.5588610000,0.2500000000,0.2500000000,0.3500000000,3.0000000000,1.0000000000,104,113,103,113,104,112
833,neighbor,False,MEMBER_FLEXURE,999999999.0000000000,9288.5588610000,0.2250000000,0.3000000000,0.3500000000,3.0000000000,1.0000000000,104,112,102,112,101,111
834,neighbor,False,MEMBER_FLEXURE,999999999.0000000000,9288.5588610000,0.2250000000,0.3000000000,0.3500000000,3.0000000000,1.0000000000,104,112,100,111,102,112
835,neighbor,False,MINIMUM_MAIN_STEEL,999999999.0000000000,9288.5588610000,0.2000000000,0.3500000000,0.3500000000,2.5000000000,1.0000000000,101,110,100,112,100,110
836,neighbor,False,STEM_STRESS_OR_INTERVAL_BOUND,999999999.0000000000,9288.5588610000,0.2000000000,0.3000000000,0.3000000000,3.0000000000,1.0000000000,102,113,104,111,100,110
837,neighbor,False,MINIMUM_MAIN_STEEL,999999999.0000000000,9288.5588610000,0.2000000000,0.2000000000,0.3000000000,2.5000000000,1.0000000000,101,112,104,112,100,113
838,neighbor,False,MAXIMUM_MAIN_STEEL,999999999.0000000000,9288.5588610000,0.2000000000,0.3500000000,0.3500000000,3.0000000000,0.9000000000,103,111,101,111,104,112
839,neighbor,False,STEM_STRESS_OR_INTERVAL_BOUND,999999999.0000000000,9288.5588610000,0.2250000000,0.3500000000,0.3500000000,3.0000000000,1.0000000000,102,113,102,112,102,112
840,neighbor,False,STEM_STRESS_OR_INTERVAL_BOUND,999999999.0000000000,9288.5588610000,0.2750000000,0.3500000000,0.3500000000,3.0000000000,1.0000000000,101,110,102,112,102,112
841,neighbor,False,STEM_STRESS_OR_INTERVAL_BOUND,999999999.0000000000,9288.5588610000,0.2000000000,0.3000000000,0.3500000000,3.0000000000,1.0000000000,102,111,103,113,102,113
842,neighbor,False,STEM_STRESS_OR_INTERVAL_BOUND,999999999.0000000000,9288.5588610000,0.2000000000,0.3500000000,0.3000000000,3.0000000000,1.0000000000,102,112,100,110,104,113
843,neighbor,False,STEM_STRESS_OR_INTERVAL_BOUND,999999999.0000000000,9288.5588610000,0.2000000000,0.3000000000,0.3000000000,3.0000000000,0.8000000000,101,112,101,112,104,111
844,neighbor,False,ENVELOPE_BASE_CONTACT,999999999.0000000000,9288.5588610000,0.2250000000,0.3000000000,0.3500000000,2.5000000000,1.0000000000,104,112,103,112,101,112
845,neighbor,True,PASS_IMPLEMENTED_PROJECT_CHECKS,9429.8057850000,9288.5588610000,0.2250000000,0.3000000000,0.3500000000,3.0000000000,1.0000000000,104,112,101,110,102,112
846,neighbor,False,MINIMUM_MAIN_STEEL,999999999.0000000000,9288.5588610000,0.2000000000,0.2500000000,0.3000000000,3.0000000000,1.0000000000,103,113,104,110,100,112
847,neighbor,True,PASS_IMPLEMENTED_PROJECT_CHECKS,9623.8090950000,9288.5588610000,0.2250000000,0.3000000000,0.3500000000,3.0000000000,1.0000000000,104,112,102,112,103,112
848,neighbor,False,MEMBER_FLEXURE,999999999.0000000000,9288.5588610000,0.2250000000,0.3000000000,0.3500000000,3.0000000000,1.0000000000,104,112,102,113,100,110
849,neighbor,True,PASS_IMPLEMENTED_PROJECT_CHECKS,10129.5331450000,9288.5588610000,0.2250000000,0.3000000000,0.3500000000,3.0000000000,1.0000000000,104,112,102,112,104,111
850,neighbor,False,MINIMUM_MAIN_STEEL,999999999.0000000000,9288.5588610000,0.2250000000,0.3500000000,0.3500000000,3.0000000000,0.9000000000,104,111,102,110,100,112
851,neighbor,False,MINIMUM_MAIN_STEEL,999999999.0000000000,9288.5588610000,0.2500000000,0.3500000000,0.3500000000,3.0000000000,1.0000000000,100,112,102,112,102,112
852,neighbor,False,ENVELOPE_BASE_CONTACT,999999999.0000000000,9288.5588610000,0.2250000000,0.3000000000,0.3000000000,2.5000000000,0.8000000000,104,112,103,113,104,112
853,neighbor,False,ENVELOPE_BASE_CONTACT,999999999.0000000000,9288.5588610000,0.2250000000,0.3500000000,0.3500000000,2.5000000000,0.9000000000,103,110,102,110,101,112
854,neighbor,False,MINIMUM_MAIN_STEEL,999999999.0000000000,9288.5588610000,0.2250000000,0.3000000000,0.3500000000,2.5000000000,1.0000000000,103,112,102,112,100,112
855,neighbor,False,ENVELOPE_BASE_CONTACT,999999999.0000000000,9288.5588610000,0.2250000000,0.3000000000,0.3500000000,2.5000000000,1.0000000000,104,112,103,110,100,110
856,neighbor,False,MINIMUM_MAIN_STEEL,999999999.0000000000,9288.5588610000,0.2000000000,0.3500000000,0.3000000000,2.5000000000,0.9000000000,102,112,100,112,104,111
857,neighbor,True,PASS_IMPLEMENTED_PROJECT_CHECKS,9649.8773450000,9288.5588610000,0.2250000000,0.3000000000,0.3500000000,3.0000000000,1.0000000000,104,112,103,111,102,112
858,neighbor,True,PASS_IMPLEMENTED_PROJECT_CHECKS,9415.6115010000,9288.5588610000,0.2750000000,0.3500000000,0.3500000000,3.0000000000,1.0000000000,104,113,102,112,102,112
859,neighbor,False,STEM_STRESS_OR_INTERVAL_BOUND,999999999.0000000000,9288.5588610000,0.2000000000,0.2000000000,0.3500000000,3.0000000000,0.8000000000,104,112,104,113,102,112
860,neighbor,False,STEM_STRESS_OR_INTERVAL_BOUND,999999999.0000000000,9288.5588610000,0.2000000000,0.3500000000,0.3000000000,3.0000000000,0.8000000000,103,113,102,110,102,110
861,neighbor,False,STEM_STRESS_OR_INTERVAL_BOUND,999999999.0000000000,9288.5588610000,0.2250000000,0.3000000000,0.3000000000,3.0000000000,1.0000000000,104,112,103,110,102,112
862,neighbor,False,STEM_STRESS_OR_INTERVAL_BOUND,999999999.0000000000,9288.5588610000,0.2500000000,0.2500000000,0.3000000000,3.0000000000,1.0000000000,101,111,100,110,101,111
863,neighbor,False,MINIMUM_MAIN_STEEL,999999999.0000000000,9288.5588610000,0.2750000000,0.3000000000,0.3500000000,3.0000000000,0.9000000000,100,113,101,112,101,110
864,neighbor,True,PASS_IMPLEMENTED_PROJECT_CHECKS,9421.5873450000,9288.5588610000,0.2250000000,0.3000000000,0.3500000000,3.0000000000,1.0000000000,104,112,103,113,102,112
865,neighbor,False,STEM_STRESS_OR_INTERVAL_BOUND,999999999.0000000000,9288.5588610000,0.2250000000,0.2500000000,0.3500000000,3.0000000000,1.0000000000,100,111,102,112,102,112
866,neighbor,True,PASS_IMPLEMENTED_PROJECT_CHECKS,9834.3603450000,9288.5588610000,0.2250000000,0.3000000000,0.3500000000,3.0000000000,1.0000000000,104,112,102,112,102,110
867,neighbor,True,PASS_IMPLEMENTED_PROJECT_CHECKS,9582.8020410000,9288.5588610000,0.2250000000,0.3000000000,0.3500000000,3.0000000000,0.8000000000,104,112,101,112,104,113
868,neighbor,True,PASS_IMPLEMENTED_PROJECT_CHECKS,9298.3107450000,9288.5588610000,0.2250000000,0.3000000000,0.3500000000,3.0000000000,1.0000000000,104,112,102,113,102,112
869,neighbor,False,MINIMUM_MAIN_STEEL,999999999.0000000000,9288.5588610000,0.2250000000,0.3000000000,0.3500000000,3.0000000000,1.0000000000,104,112,100,113,102,112
870,neighbor,False,STEM_STRESS_OR_INTERVAL_BOUND,999999999.0000000000,9288.5588610000,0.2000000000,0.2500000000,0.3000000000,3.0000000000,1.0000000000,103,111,103,113,103,110
871,neighbor,False,STEM_STRESS_OR_INTERVAL_BOUND,999999999.0000000000,9288.5588610000,0.2250000000,0.3000000000,0.3500000000,3.0000000000,1.0000000000,102,112,102,113,102,112
872,neighbor,False,ENVELOPE_BASE_CONTACT,999999999.0000000000,9288.5588610000,0.2250000000,0.2500000000,0.3000000000,2.5000000000,1.0000000000,100,111,100,111,103,110
873,neighbor,False,STEM_STRESS_OR_INTERVAL_BOUND,999999999.0000000000,9288.5588610000,0.2250000000,0.3000000000,0.3500000000,3.0000000000,1.0000000000,102,113,102,113,102,112
874,neighbor,False,MINIMUM_MAIN_STEEL,999999999.0000000000,9288.5588610000,0.2250000000,0.3000000000,0.3500000000,3.0000000000,1.0000000000,100,112,101,113,103,113
875,neighbor,False,STEM_STRESS_OR_INTERVAL_BOUND,999999999.0000000000,9288.5588610000,0.2000000000,0.2500000000,0.3500000000,3.0000000000,1.0000000000,104,110,102,113,102,112
876,neighbor,False,ENVELOPE_BASE_CONTACT,999999999.0000000000,9288.5588610000,0.2000000000,0.3500000000,0.3500000000,2.5000000000,0.9000000000,101,110,101,110,104,112
877,neighbor,False,STEM_STRESS_OR_INTERVAL_BOUND,999999999.0000000000,9288.5588610000,0.2250000000,0.3000000000,0.3500000000,3.0000000000,1.0000000000,100,110,102,113,102,112
878,neighbor,False,MINIMUM_MAIN_STEEL,999999999.0000000000,9288.5588610000,0.2000000000,0.2500000000,0.3500000000,3.0000000000,1.0000000000,102,110,102,110,100,112
879,neighbor,False,MINIMUM_MAIN_STEEL,999999999.0000000000,9288.5588610000,0.2750000000,0.3000000000,0.3500000000,3.0000000000,1.0000000000,101,112,100,112,104,111
880,neighbor,False,MAXIMUM_MAIN_STEEL,999999999.0000000000,9288.5588610000,0.2000000000,0.3500000000,0.3500000000,3.0000000000,1.0000000000,102,110,102,112,101,112
881,neighbor,True,PASS_IMPLEMENTED_PROJECT_CHECKS,9627.0483450000,9288.5588610000,0.2250000000,0.3000000000,0.3500000000,3.0000000000,1.0000000000,104,112,102,110,102,112
882,neighbor,False,MINIMUM_MAIN_STEEL,999999999.0000000000,9288.5588610000,0.2000000000,0.3500000000,0.3500000000,2.5000000000,1.0000000000,100,111,104,113,103,110
883,neighbor,False,STEM_STRESS_OR_INTERVAL_BOUND,999999999.0000000000,9288.5588610000,0.2000000000,0.2500000000,0.3000000000,3.0000000000,0.8000000000,103,112,103,113,100,111
884,neighbor,False,STEM_STRESS_OR_INTERVAL_BOUND,999999999.0000000000,9288.5588610000,0.2000000000,0.2000000000,0.3000000000,3.0000000000,1.0000000000,102,113,103,110,101,111
885,neighbor,True,PASS_IMPLEMENTED_PROJECT_CHECKS,9779.5707450000,9288.5588610000,0.2250000000,0.3000000000,0.3500000000,3.0000000000,1.0000000000,104,112,102,113,102,110
886,neighbor,True,PASS_IMPLEMENTED_PROJECT_CHECKS,10055.5548450000,9288.5588610000,0.2250000000,0.3000000000,0.3500000000,3.0000000000,1.0000000000,104,112,103,110,103,113
887,neighbor,False,STEM_STRESS_OR_INTERVAL_BOUND,999999999.0000000000,9288.5588610000,0.2000000000,0.2000000000,0.3500000000,3.0000000000,1.0000000000,104,113,102,113,102,112
888,neighbor,False,STEM_STRESS_OR_INTERVAL_BOUND,999999999.0000000000,9288.5588610000,0.2250000000,0.2500000000,0.3000000000,3.0000000000,1.0000000000,104,110,103,112,103,112
889,neighbor,False,ENVELOPE_BASE_CONTACT,999999999.0000000000,9288.5588610000,0.2000000000,0.2000000000,0.3000000000,2.5000000000,0.8000000000,104,113,103,112,104,112
890,neighbor,True,PASS_IMPLEMENTED_PROJECT_CHECKS,10153.0285050000,9288.5588610000,0.2250000000,0.3000000000,0.3500000000,3.0000000000,1.0000000000,104,112,104,110,102,112
891,neighbor,True,PASS_IMPLEMENTED_PROJECT_CHECKS,9508.7028090000,9288.5588610000,0.2250000000,0.3000000000,0.3500000000,3.0000000000,1.0000000000,104,112,104,113,102,112
892,neighbor,False,MEMBER_FLEXURE,999999999.0000000000,9288.5588610000,0.2250000000,0.3000000000,0.3500000000,3.0000000000,1.0000000000,104,112,101,113,102,112
893,neighbor,True,PASS_IMPLEMENTED_PROJECT_CHECKS,9819.6757450000,9288.5588610000,0.2250000000,0.3000000000,0.3500000000,3.0000000000,1.0000000000,104,112,102,113,103,111
894,neighbor,False,MINIMUM_MAIN_STEEL,999999999.0000000000,9288.5588610000,0.2500000000,0.2500000000,0.3500000000,3.0000000000,0.8000000000,100,113,104,113,103,113
895,neighbor,False,ENVELOPE_BASE_CONTACT,999999999.0000000000,9288.5588610000,0.2000000000,0.2000000000,0.3500000000,2.5000000000,1.0000000000,102,110,103,112,102,112
896,neighbor,False,MINIMUM_MAIN_STEEL,999999999.0000000000,9288.5588610000,0.2250000000,0.3000000000,0.3500000000,3.0000000000,1.0000000000,100,111,102,113,102,112
897,neighbor,False,MINIMUM_MAIN_STEEL,999999999.0000000000,9288.5588610000,0.2000000000,0.2500000000,0.3500000000,3.0000000000,0.8000000000,100,112,104,111,100,111
898,neighbor,False,STEM_STRESS_OR_INTERVAL_BOUND,999999999.0000000000,9288.5588610000,0.2250000000,0.3000000000,0.3000000000,3.0000000000,1.0000000000,104,112,103,110,104,110
899,neighbor,False,MINIMUM_MAIN_STEEL,999999999.0000000000,9288.5588610000,0.2500000000,0.2500000000,0.3000000000,2.5000000000,1.0000000000,100,113,101,112,100,111
900,neighbor,False,STEM_STRESS_OR_INTERVAL_BOUND,999999999.0000000000,9288.5588610000,0.2000000000,0.2500000000,0.3500000000,3.0000000000,0.9000000000,103,113,102,110,101,111
901,neighbor,False,STEM_STRESS_OR_INTERVAL_BOUND,999999999.0000000000,9288.5588610000,0.2750000000,0.3000000000,0.3000000000,3.0000000000,1.0000000000,101,110,102,110,101,110
902,neighbor,False,MEMBER_FLEXURE,999999999.0000000000,9288.5588610000,0.2250000000,0.3000000000,0.3500000000,3.0000000000,1.0000000000,104,112,102,113,102,113
903,neighbor,False,MINIMUM_MAIN_STEEL,999999999.0000000000,9288.5588610000,0.2250000000,0.3000000000,0.3500000000,3.0000000000,1.0000000000,104,112,102,113,100,113
904,neighbor,False,MEMBER_FLEXURE,999999999.0000000000,9288.5588610000,0.2000000000,0.3500000000,0.3500000000,3.0000000000,0.8000000000,104,113,100,111,101,112
905,neighbor,False,STEM_STRESS_OR_INTERVAL_BOUND,999999999.0000000000,9288.5588610000,0.2250000000,0.3000000000,0.3500000000,3.0000000000,1.0000000000,103,113,102,113,102,112
906,neighbor,False,STEM_STRESS_OR_INTERVAL_BOUND,999999999.0000000000,9288.5588610000,0.2000000000,0.3500000000,0.3000000000,3.0000000000,1.0000000000,101,112,104,113,104,110
907,neighbor,False,STEM_STRESS_OR_INTERVAL_BOUND,999999999.0000000000,9288.5588610000,0.2250000000,0.3000000000,0.3500000000,3.0000000000,1.0000000000,101,111,102,113,102,112
908,neighbor,False,STEM_STRESS_OR_INTERVAL_BOUND,999999999.0000000000,9288.5588610000,0.2000000000,0.3500000000,0.3000000000,3.0000000000,1.0000000000,100,110,104,113,102,111
909,neighbor,False,MINIMUM_MAIN_STEEL,999999999.0000000000,9288.5588610000,0.2250000000,0.3000000000,0.3500000000,3.0000000000,1.0000000000,104,112,100,112,102,112
910,reset,True,PASS_IMPLEMENTED_PROJECT_CHECKS,9298.3107450000,9288.5588610000,0.2250000000,0.3000000000,0.3500000000,3.0000000000,1.0000000000,104,112,102,113,102,112
911,neighbor,True,PASS_IMPLEMENTED_PROJECT_CHECKS,9473.3413050000,9288.5588610000,0.2250000000,0.3000000000,0.3500000000,3.0000000000,1.0000000000,104,112,101,111,102,111
912,neighbor,False,STEM_STRESS_OR_INTERVAL_BOUND,999999999.0000000000,9288.5588610000,0.2000000000,0.3000000000,0.3500000000,3.0000000000,1.0000000000,101,111,100,111,104,110
913,neighbor,False,STEM_STRESS_OR_INTERVAL_BOUND,999999999.0000000000,9288.5588610000,0.2000000000,0.3000000000,0.3500000000,3.0000000000,0.9000000000,101,110,101,111,102,112
914,neighbor,False,STEM_STRESS_OR_INTERVAL_BOUND,999999999.0000000000,9288.5588610000,0.2500000000,0.3000000000,0.3500000000,3.0000000000,1.0000000000,101,111,102,113,102,112
915,neighbor,False,STEM_STRESS_OR_INTERVAL_BOUND,999999999.0000000000,9288.5588610000,0.2750000000,0.3500000000,0.3500000000,3.0000000000,0.9000000000,101,110,102,111,101,110
916,neighbor,False,STEM_STRESS_OR_INTERVAL_BOUND,999999999.0000000000,9288.5588610000,0.2500000000,0.3000000000,0.3500000000,3.0000000000,1.0000000000,103,113,103,111,101,110
917,neighbor,False,MINIMUM_MAIN_STEEL,999999999.0000000000,9288.5588610000,0.2750000000,0.3000000000,0.3500000000,3.0000000000,0.9000000000,104,112,101,110,100,112
918,neighbor,False,MAXIMUM_MAIN_STEEL,999999999.0000000000,9288.5588610000,0.2750000000,0.3500000000,0.3500000000,3.0000000000,1.0000000000,104,110,102,113,103,110
919,neighbor,False,MEMBER_FLEXURE,999999999.0000000000,9288.5588610000,0.2250000000,0.3000000000,0.3500000000,3.0000000000,0.9000000000,104,112,102,111,100,111
920,neighbor,False,MINIMUM_MAIN_STEEL,999999999.0000000000,9288.5588610000,0.2000000000,0.3500000000,0.3500000000,3.0000000000,0.8000000000,100,112,102,112,101,111
921,neighbor,False,MAXIMUM_MAIN_STEEL,999999999.0000000000,9288.5588610000,0.2000000000,0.3500000000,0.3500000000,3.0000000000,0.9000000000,103,110,102,110,102,113
922,neighbor,False,STEM_STRESS_OR_INTERVAL_BOUND,999999999.0000000000,9288.5588610000,0.2000000000,0.3000000000,0.3500000000,3.0000000000,1.0000000000,100,110,102,112,103,113
923,neighbor,True,PASS_IMPLEMENTED_PROJECT_CHECKS,9924.0577500000,9288.5588610000,0.2500000000,0.3000000000,0.3500000000,3.0000000000,0.8000000000,103,111,102,111,102,111
924,neighbor,False,MINIMUM_MAIN_STEEL,999999999.0000000000,9288.5588610000,0.2000000000,0.3000000000,0.3500000000,3.0000000000,0.9000000000,100,111,100,113,104,111
925,neighbor,True,PASS_IMPLEMENTED_PROJECT_CHECKS,9298.3107450000,9288.5588610000,0.2250000000,0.3000000000,0.3500000000,3.0000000000,1.0000000000,104,112,102,113,102,112
926,neighbor,False,STEM_STRESS_OR_INTERVAL_BOUND,999999999.0000000000,9288.5588610000,0.2000000000,0.3500000000,0.3500000000,3.0000000000,1.0000000000,103,113,103,111,100,111
927,neighbor,False,MAXIMUM_MAIN_STEEL,999999999.0000000000,9288.5588610000,0.2000000000,0.3000000000,0.3500000000,3.0000000000,0.8000000000,102,110,100,110,102,110
928,neighbor,False,MINIMUM_MAIN_STEEL,999999999.0000000000,9288.5588610000,0.2250000000,0.3000000000,0.3500000000,3.0000000000,1.0000000000,104,112,100,112,102,111
929,neighbor,True,PASS_IMPLEMENTED_PROJECT_CHECKS,10074.7435450000,9288.5588610000,0.2250000000,0.3000000000,0.3500000000,3.0000000000,1.0000000000,104,112,102,113,104,111
930,neighbor,True,PASS_IMPLEMENTED_PROJECT_CHECKS,9969.2056950000,9288.5588610000,0.2250000000,0.3000000000,0.3500000000,3.0000000000,1.0000000000,104,112,103,112,104,112
931,neighbor,False,MEMBER_FLEXURE,999999999.0000000000,9288.5588610000,0.2250000000,0.3000000000,0.3500000000,3.0000000000,1.0000000000,104,112,102,113,102,113
932,neighbor,False,STEM_STRESS_OR_INTERVAL_BOUND,999999999.0000000000,9288.5588610000,0.2000000000,0.3000000000,0.3500000000,3.0000000000,1.0000000000,102,113,104,110,103,112
933,neighbor,True,PASS_IMPLEMENTED_PROJECT_CHECKS,9795.0697850000,9288.5588610000,0.2250000000,0.3000000000,0.3500000000,3.0000000000,1.0000000000,104,112,104,111,102,112
934,neighbor,False,STEM_STRESS_OR_INTERVAL_BOUND,999999999.0000000000,9288.5588610000,0.2250000000,0.3000000000,0.3500000000,3.0000000000,1.0000000000,101,111,104,110,102,113
935,neighbor,True,PASS_IMPLEMENTED_PROJECT_CHECKS,9508.7028090000,9288.5588610000,0.2250000000,0.3000000000,0.3500000000,3.0000000000,1.0000000000,104,112,104,113,102,112
936,neighbor,False,STEM_STRESS_OR_INTERVAL_BOUND,999999999.0000000000,9288.5588610000,0.2750000000,0.3000000000,0.3500000000,3.0000000000,1.0000000000,102,112,101,111,100,111
937,neighbor,False,MINIMUM_MAIN_STEEL,999999999.0000000000,9288.5588610000,0.2750000000,0.3000000000,0.3500000000,3.0000000000,1.0000000000,100,112,100,113,100,110
938,neighbor,False,STEM_STRESS_OR_INTERVAL_BOUND,999999999.0000000000,9288.5588610000,0.2000000000,0.3000000000,0.3500000000,3.0000000000,1.0000000000,101,112,101,112,104,112
939,neighbor,False,MINIMUM_MAIN_STEEL,999999999.0000000000,9288.5588610000,0.2250000000,0.3000000000,0.3500000000,3.0000000000,1.0000000000,100,112,102,113,102,112
940,neighbor,False,STEM_STRESS_OR_INTERVAL_BOUND,999999999.0000000000,9288.5588610000,0.2250000000,0.3000000000,0.3500000000,3.0000000000,1.0000000000,101,110,102,113,102,112
941,neighbor,False,MINIMUM_MAIN_STEEL,999999999.0000000000,9288.5588610000,0.2000000000,0.3000000000,0.3500000000,3.0000000000,0.8000000000,104,111,101,113,100,113
942,neighbor,False,MINIMUM_MAIN_STEEL,999999999.0000000000,9288.5588610000,0.2000000000,0.3000000000,0.3500000000,3.0000000000,1.0000000000,100,112,104,110,101,113
943,neighbor,False,MEMBER_FLEXURE,999999999.0000000000,9288.5588610000,0.2250000000,0.3000000000,0.3500000000,3.0000000000,1.0000000000,102,110,101,113,101,112
944,neighbor,False,MAXIMUM_MAIN_STEEL,999999999.0000000000,9288.5588610000,0.2000000000,0.3000000000,0.3500000000,3.0000000000,0.9000000000,103,111,101,111,101,111
945,neighbor,True,PASS_IMPLEMENTED_PROJECT_CHECKS,10081.0225500000,9288.5588610000,0.2500000000,0.3000000000,0.3500000000,3.0000000000,1.0000000000,103,111,102,110,101,110
946,neighbor,False,STEM_STRESS_OR_INTERVAL_BOUND,999999999.0000000000,9288.5588610000,0.2000000000,0.3000000000,0.3500000000,3.0000000000,1.0000000000,101,111,102,110,101,112
947,neighbor,True,PASS_IMPLEMENTED_PROJECT_CHECKS,9617.5321500000,9288.5588610000,0.2500000000,0.3000000000,0.3500000000,3.0000000000,1.0000000000,103,111,102,113,102,112
948,neighbor,True,PASS_IMPLEMENTED_PROJECT_CHECKS,9298.3107450000,9288.5588610000,0.2250000000,0.3000000000,0.3500000000,3.0000000000,1.0000000000,104,112,102,113,102,112
949,neighbor,True,PASS_IMPLEMENTED_PROJECT_CHECKS,9779.5707450000,9288.5588610000,0.2250000000,0.3000000000,0.3500000000,3.0000000000,1.0000000000,104,112,102,113,102,110
950,neighbor,False,MEMBER_FLEXURE,999999999.0000000000,9288.5588610000,0.2250000000,0.3000000000,0.3500000000,3.0000000000,1.0000000000,104,112,100,110,101,113
951,neighbor,False,MAXIMUM_MAIN_STEEL,999999999.0000000000,9288.5588610000,0.2000000000,0.3000000000,0.3500000000,3.0000000000,0.8000000000,103,110,100,110,102,110
952,neighbor,False,MAXIMUM_MAIN_STEEL,999999999.0000000000,9288.5588610000,0.2000000000,0.3000000000,0.3500000000,3.0000000000,1.0000000000,102,110,104,110,102,113
953,neighbor,False,MAXIMUM_MAIN_STEEL,999999999.0000000000,9288.5588610000,0.2250000000,0.3000000000,0.3500000000,3.0000000000,1.0000000000,103,110,102,113,102,112
954,neighbor,False,MAXIMUM_MAIN_STEEL,999999999.0000000000,9288.5588610000,0.2250000000,0.3000000000,0.3500000000,3.0000000000,1.0000000000,104,110,102,113,102,112
955,neighbor,False,MINIMUM_MAIN_STEEL,999999999.0000000000,9288.5588610000,0.2000000000,0.3000000000,0.3500000000,3.0000000000,1.0000000000,100,113,102,113,102,112
956,neighbor,False,MAXIMUM_MAIN_STEEL,999999999.0000000000,9288.5588610000,0.2750000000,0.3000000000,0.3500000000,3.0000000000,1.0000000000,104,110,102,112,104,111
957,neighbor,False,MAXIMUM_MAIN_STEEL,999999999.0000000000,9288.5588610000,0.2000000000,0.3500000000,0.3500000000,3.0000000000,1.0000000000,104,110,103,112,103,111
958,neighbor,True,PASS_IMPLEMENTED_PROJECT_CHECKS,9760.3203450000,9288.5588610000,0.2250000000,0.3000000000,0.3500000000,3.0000000000,1.0000000000,104,112,102,113,104,112
959,neighbor,False,MAXIMUM_MAIN_STEEL,999999999.0000000000,9288.5588610000,0.2000000000,0.3000000000,0.3500000000,3.0000000000,1.0000000000,104,111,102,113,102,112
960,neighbor,False,MAXIMUM_MAIN_STEEL,999999999.0000000000,9288.5588610000,0.2000000000,0.3000000000,0.3500000000,3.0000000000,1.0000000000,104,112,102,113,102,112
961,neighbor,False,STEM_STRESS_OR_INTERVAL_BOUND,999999999.0000000000,9288.5588610000,0.2000000000,0.3000000000,0.3500000000,3.0000000000,1.0000000000,102,113,103,113,104,112
962,neighbor,True,PASS_IMPLEMENTED_PROJECT_CHECKS,9836.2557690000,9288.5588610000,0.2250000000,0.3000000000,0.3500000000,3.0000000000,1.0000000000,102,110,104,113,104,113
963,neighbor,True,PASS_IMPLEMENTED_PROJECT_CHECKS,9254.4790650000,9254.4790650000,0.2250000000,0.3000000000,0.3500000000,3.0000000000,1.0000000000,104,112,101,112,102,112
964,neighbor,False,MEMBER_FLEXURE,999999999.0000000000,9254.4790650000,0.2250000000,0.3000000000,0.3500000000,3.0000000000,1.0000000000,104,112,101,113,102,113
965,neighbor,False,MAXIMUM_MAIN_STEEL,999999999.0000000000,9254.4790650000,0.2250000000,0.3500000000,0.3500000000,3.0000000000,0.9000000000,103,110,103,111,102,113
966,neighbor,False,MINIMUM_MAIN_STEEL,999999999.0000000000,9254.4790650000,0.2500000000,0.3000000000,0.3500000000,3.0000000000,0.8000000000,100,111,101,112,101,111
967,neighbor,False,MAXIMUM_MAIN_STEEL,999999999.0000000000,9254.4790650000,0.2000000000,0.3500000000,0.3500000000,3.0000000000,0.9000000000,104,111,103,111,103,112
968,neighbor,False,STEM_STRESS_OR_INTERVAL_BOUND,999999999.0000000000,9254.4790650000,0.2000000000,0.3500000000,0.3500000000,3.0000000000,1.0000000000,103,113,104,110,101,111
969,neighbor,False,STEM_STRESS_OR_INTERVAL_BOUND,999999999.0000000000,9254.4790650000,0.2250000000,0.3000000000,0.3500000000,3.0000000000,1.0000000000,102,112,101,112,102,112
970,neighbor,True,PASS_IMPLEMENTED_PROJECT_CHECKS,10277.1565650000,9254.4790650000,0.2250000000,0.3000000000,0.3500000000,3.0000000000,1.0000000000,104,112,101,112,103,110
971,neighbor,False,STEM_STRESS_OR_INTERVAL_BOUND,999999999.0000000000,9254.4790650000,0.2750000000,0.3000000000,0.3500000000,3.0000000000,0.8000000000,102,113,104,111,104,111
972,neighbor,False,STEM_STRESS_OR_INTERVAL_BOUND,999999999.0000000000,9254.4790650000,0.2500000000,0.3500000000,0.3500000000,3.0000000000,1.0000000000,101,111,100,111,102,112
973,neighbor,False,MAXIMUM_MAIN_STEEL,999999999.0000000000,9254.4790650000,0.2000000000,0.3500000000,0.3500000000,3.0000000000,0.8000000000,103,111,103,110,104,111
974,neighbor,False,MAXIMUM_MAIN_STEEL,999999999.0000000000,9254.4790650000,0.2000000000,0.3500000000,0.3500000000,3.0000000000,1.0000000000,104,111,101,113,103,112
975,neighbor,True,PASS_IMPLEMENTED_PROJECT_CHECKS,10407.9852500000,9254.4790650000,0.2500000000,0.3500000000,0.3500000000,3.0000000000,1.0000000000,102,110,103,111,103,112
976,neighbor,False,STEM_STRESS_OR_INTERVAL_BOUND,999999999.0000000000,9254.4790650000,0.2000000000,0.3000000000,0.3500000000,3.0000000000,1.0000000000,104,113,101,111,101,112
977,neighbor,False,MAXIMUM_MAIN_STEEL,999999999.0000000000,9254.4790650000,0.2750000000,0.3500000000,0.3500000000,3.0000000000,0.8000000000,103,110,102,110,104,111
978,neighbor,True,PASS_IMPLEMENTED_PROJECT_CHECKS,9444.4163450000,9254.4790650000,0.2250000000,0.3000000000,0.3500000000,3.0000000000,1.0000000000,104,112,102,111,102,112
979,neighbor,False,STEM_STRESS_OR_INTERVAL_BOUND,999999999.0000000000,9254.4790650000,0.2250000000,0.3500000000,0.3500000000,3.0000000000,0.8000000000,101,111,102,111,102,113
980,neighbor,False,STEM_STRESS_OR_INTERVAL_BOUND,999999999.0000000000,9254.4790650000,0.2750000000,0.3000000000,0.3500000000,3.0000000000,1.0000000000,102,112,100,110,102,110
981,neighbor,True,PASS_IMPLEMENTED_PROJECT_CHECKS,8860.6508460000,8860.6508460000,0.2000000000,0.3500000000,0.3500000000,3.0000000000,1.0000000000,104,113,101,112,102,112
982,neighbor,False,STEM_STRESS_OR_INTERVAL_BOUND,999999999.0000000000,8860.6508460000,0.2250000000,0.3500000000,0.3500000000,3.0000000000,1.0000000000,103,113,104,113,104,112
983,neighbor,True,PASS_IMPLEMENTED_PROJECT_CHECKS,9894.1826100000,8860.6508460000,0.2000000000,0.3500000000,0.3500000000,3.0000000000,0.9000000000,104,113,101,113,103,110
984,neighbor,False,MAXIMUM_MAIN_STEEL,999999999.0000000000,8860.6508460000,0.2000000000,0.3500000000,0.3500000000,3.0000000000,1.0000000000,104,112,104,111,100,110
985,neighbor,False,MEMBER_FLEXURE,999999999.0000000000,8860.6508460000,0.2000000000,0.3500000000,0.3500000000,3.0000000000,1.0000000000,104,113,101,112,101,113
986,neighbor,False,STEM_STRESS_OR_INTERVAL_BOUND,999999999.0000000000,8860.6508460000,0.2000000000,0.3000000000,0.3500000000,3.0000000000,1.0000000000,104,113,104,113,103,110
987,neighbor,True,PASS_IMPLEMENTED_PROJECT_CHECKS,10108.9705950000,8860.6508460000,0.2250000000,0.3500000000,0.3500000000,3.0000000000,1.0000000000,104,112,102,112,102,110
988,neighbor,False,STEM_STRESS_OR_INTERVAL_BOUND,999999999.0000000000,8860.6508460000,0.2000000000,0.3500000000,0.3500000000,3.0000000000,0.8000000000,101,112,100,111,103,113
989,neighbor,False,MINIMUM_MAIN_STEEL,999999999.0000000000,8860.6508460000,0.2000000000,0.3500000000,0.3500000000,3.0000000000,0.9000000000,100,111,101,111,101,112
990,neighbor,False,MAXIMUM_MAIN_STEEL,999999999.0000000000,8860.6508460000,0.2250000000,0.3500000000,0.3500000000,3.0000000000,1.0000000000,104,110,101,112,102,112
991,neighbor,False,MAXIMUM_MAIN_STEEL,999999999.0000000000,8860.6508460000,0.2000000000,0.3500000000,0.3500000000,3.0000000000,0.8000000000,104,111,101,112,102,113
992,neighbor,False,MINIMUM_MAIN_STEEL,999999999.0000000000,8860.6508460000,0.2000000000,0.3000000000,0.3500000000,3.0000000000,1.0000000000,100,113,103,110,100,111
993,neighbor,True,PASS_IMPLEMENTED_PROJECT_CHECKS,8882.5666860000,8860.6508460000,0.2000000000,0.3500000000,0.3500000000,3.0000000000,1.0000000000,104,113,100,110,102,112
994,neighbor,False,STEM_STRESS_OR_INTERVAL_BOUND,999999999.0000000000,8860.6508460000,0.2500000000,0.3500000000,0.3500000000,3.0000000000,1.0000000000,100,110,101,113,103,113
995,neighbor,False,STEM_STRESS_OR_INTERVAL_BOUND,999999999.0000000000,8860.6508460000,0.2250000000,0.3500000000,0.3500000000,3.0000000000,0.8000000000,101,112,102,113,101,111
996,neighbor,False,STEM_STRESS_OR_INTERVAL_BOUND,999999999.0000000000,8860.6508460000,0.2500000000,0.3500000000,0.3500000000,3.0000000000,1.0000000000,100,110,102,111,103,110
997,neighbor,True,PASS_IMPLEMENTED_PROJECT_CHECKS,11121.2401260000,8860.6508460000,0.2000000000,0.3500000000,0.3500000000,3.0000000000,0.9000000000,104,113,104,110,104,110
998,neighbor,False,STEM_STRESS_OR_INTERVAL_BOUND,999999999.0000000000,8860.6508460000,0.2000000000,0.3500000000,0.3500000000,3.0000000000,1.0000000000,102,112,101,112,102,112
999,neighbor,True,PASS_IMPLEMENTED_PROJECT_CHECKS,8971.1185260000,8860.6508460000,0.2000000000,0.3500000000,0.3500000000,3.0000000000,0.9000000000,104,113,100,111,101,110
1000,neighbor,True,PASS_IMPLEMENTED_PROJECT_CHECKS,8860.6508460000,8860.6508460000,0.2000000000,0.3500000000,0.3500000000,3.0000000000,1.0000000000,104,113,101,112,102,112
1001,neighbor,False,MINIMUM_MAIN_STEEL,999999999.0000000000,8860.6508460000,0.2000000000,0.3500000000,0.3500000000,3.0000000000,0.8000000000,100,113,104,111,103,112
1002,neighbor,False,MAXIMUM_MAIN_STEEL,999999999.0000000000,8860.6508460000,0.2500000000,0.3000000000,0.3500000000,3.0000000000,1.0000000000,104,111,104,113,104,113
1003,neighbor,False,STEM_STRESS_OR_INTERVAL_BOUND,999999999.0000000000,8860.6508460000,0.2000000000,0.3500000000,0.3500000000,3.0000000000,1.0000000000,102,111,101,112,101,111
1004,neighbor,False,MAXIMUM_MAIN_STEEL,999999999.0000000000,8860.6508460000,0.2250000000,0.3000000000,0.3500000000,3.0000000000,1.0000000000,104,111,100,111,102,112
1005,neighbor,True,PASS_IMPLEMENTED_PROJECT_CHECKS,9098.0527020000,8860.6508460000,0.2000000000,0.3500000000,0.3500000000,3.0000000000,0.9000000000,104,113,104,113,102,112
1006,neighbor,False,MAXIMUM_MAIN_STEEL,999999999.0000000000,8860.6508460000,0.2000000000,0.3000000000,0.3500000000,3.0000000000,0.9000000000,104,112,101,113,102,111
1007,neighbor,False,STEM_STRESS_OR_INTERVAL_BOUND,999999999.0000000000,8860.6508460000,0.2000000000,0.3000000000,0.3500000000,3.0000000000,1.0000000000,104,113,101,110,101,111
1008,neighbor,True,PASS_IMPLEMENTED_PROJECT_CHECKS,9050.5881260000,8860.6508460000,0.2000000000,0.3500000000,0.3500000000,3.0000000000,1.0000000000,104,113,102,111,102,112
1009,neighbor,True,PASS_IMPLEMENTED_PROJECT_CHECKS,8956.1920620000,8860.6508460000,0.2000000000,0.3500000000,0.3500000000,3.0000000000,1.0000000000,104,113,101,113,101,110
1010,neighbor,True,PASS_IMPLEMENTED_PROJECT_CHECKS,9263.4087020000,8860.6508460000,0.2000000000,0.3500000000,0.3500000000,3.0000000000,0.9000000000,104,113,104,113,102,111
1011,neighbor,False,MINIMUM_MAIN_STEEL,999999999.0000000000,8860.6508460000,0.2000000000,0.3500000000,0.3500000000,3.0000000000,0.9000000000,104,110,100,113,103,111
1012,neighbor,False,MAXIMUM_MAIN_STEEL,999999999.0000000000,8860.6508460000,0.2000000000,0.3500000000,0.3500000000,3.0000000000,1.0000000000,102,110,101,110,103,112
1013,neighbor,False,MINIMUM_MAIN_STEEL,999999999.0000000000,8860.6508460000,0.2250000000,0.3500000000,0.3500000000,3.0000000000,1.0000000000,103,110,100,113,103,110
1014,neighbor,False,MEMBER_FLEXURE,999999999.0000000000,8860.6508460000,0.2250000000,0.3500000000,0.3500000000,3.0000000000,1.0000000000,103,111,103,111,100,110
1015,neighbor,True,PASS_IMPLEMENTED_PROJECT_CHECKS,10595.2599660000,8860.6508460000,0.2000000000,0.3500000000,0.3500000000,3.0000000000,1.0000000000,104,113,102,110,104,110
1016,neighbor,False,STEM_STRESS_OR_INTERVAL_BOUND,999999999.0000000000,8860.6508460000,0.2500000000,0.3000000000,0.3500000000,3.0000000000,0.8000000000,101,113,102,111,102,113
1017,neighbor,True,PASS_IMPLEMENTED_PROJECT_CHECKS,9114.8745900000,8860.6508460000,0.2000000000,0.3500000000,0.3500000000,3.0000000000,1.0000000000,104,113,104,113,102,112
1018,neighbor,False,STEM_STRESS_OR_INTERVAL_BOUND,999999999.0000000000,8860.6508460000,0.2250000000,0.3000000000,0.3500000000,3.0000000000,1.0000000000,101,110,101,112,102,112
1019,neighbor,True,PASS_IMPLEMENTED_PROJECT_CHECKS,9311.5396380000,8860.6508460000,0.2000000000,0.3500000000,0.3500000000,3.0000000000,0.8000000000,104,113,103,113,104,113
1020,neighbor,True,PASS_IMPLEMENTED_PROJECT_CHECKS,9114.8745900000,8860.6508460000,0.2000000000,0.3500000000,0.3500000000,3.0000000000,1.0000000000,104,113,104,113,102,112
1021,neighbor,False,MINIMUM_MAIN_STEEL,999999999.0000000000,8860.6508460000,0.2000000000,0.3000000000,0.3500000000,3.0000000000,1.0000000000,100,113,103,111,103,112
1022,neighbor,False,MINIMUM_MAIN_STEEL,999999999.0000000000,8860.6508460000,0.2250000000,0.3000000000,0.3500000000,3.0000000000,0.8000000000,100,111,100,111,104,110
1023,neighbor,False,STEM_STRESS_OR_INTERVAL_BOUND,999999999.0000000000,8860.6508460000,0.2000000000,0.3000000000,0.3500000000,3.0000000000,0.9000000000,101,111,101,111,103,111
1024,neighbor,True,PASS_IMPLEMENTED_PROJECT_CHECKS,9308.4447660000,8860.6508460000,0.2000000000,0.3500000000,0.3500000000,3.0000000000,1.0000000000,104,113,101,112,104,112
1025,neighbor,True,PASS_IMPLEMENTED_PROJECT_CHECKS,9711.0055950000,8860.6508460000,0.2250000000,0.3500000000,0.3500000000,3.0000000000,1.0000000000,103,111,101,112,102,112
1026,neighbor,False,STEM_STRESS_OR_INTERVAL_BOUND,999999999.0000000000,8860.6508460000,0.2000000000,0.3500000000,0.3500000000,3.0000000000,0.9000000000,102,111,100,110,102,110
1027,neighbor,False,STEM_STRESS_OR_INTERVAL_BOUND,999999999.0000000000,8860.6508460000,0.2500000000,0.3500000000,0.3500000000,3.0000000000,1.0000000000,101,111,104,110,101,111
1028,neighbor,False,STEM_STRESS_OR_INTERVAL_BOUND,999999999.0000000000,8860.6508460000,0.2000000000,0.3000000000,0.3500000000,3.0000000000,1.0000000000,101,111,101,112,101,110
1029,neighbor,True,PASS_IMPLEMENTED_PROJECT_CHECKS,9793.5643050000,8860.6508460000,0.2250000000,0.3000000000,0.3500000000,3.0000000000,1.0000000000,103,111,102,112,104,113
1030,neighbor,True,PASS_IMPLEMENTED_PROJECT_CHECKS,9050.5881260000,8860.6508460000,0.2000000000,0.3500000000,0.3500000000,3.0000000000,1.0000000000,104,113,102,111,102,112
1031,neighbor,False,STEM_STRESS_OR_INTERVAL_BOUND,999999999.0000000000,8860.6508460000,0.2500000000,0.3500000000,0.3500000000,3.0000000000,1.0000000000,103,113,101,111,103,112
1032,neighbor,True,PASS_IMPLEMENTED_PROJECT_CHECKS,8919.0930860000,8860.6508460000,0.2000000000,0.3500000000,0.3500000000,3.0000000000,1.0000000000,104,113,101,111,102,112
1033,neighbor,False,MINIMUM_MAIN_STEEL,999999999.0000000000,8860.6508460000,0.2250000000,0.3500000000,0.3500000000,3.0000000000,1.0000000000,100,112,102,112,101,112
1034,neighbor,True,PASS_IMPLEMENTED_PROJECT_CHECKS,9528.7631260000,8860.6508460000,0.2000000000,0.3500000000,0.3500000000,3.0000000000,0.8000000000,104,113,102,112,103,111
1035,neighbor,False,STEM_STRESS_OR_INTERVAL_BOUND,999999999.0000000000,8860.6508460000,0.2000000000,0.3500000000,0.3500000000,3.0000000000,1.0000000000,100,110,104,111,101,111
1036,neighbor,False,STEM_STRESS_OR_INTERVAL_BOUND,999999999.0000000000,8860.6508460000,0.2000000000,0.3500000000,0.3500000000,3.0000000000,1.0000000000,102,113,101,112,101,113
1037,neighbor,False,MINIMUM_MAIN_STEEL,999999999.0000000000,8860.6508460000,0.2500000000,0.3500000000,0.3500000000,3.0000000000,1.0000000000,102,113,100,113,102,113
1038,neighbor,True,PASS_IMPLEMENTED_PROJECT_CHECKS,9759.2002860000,8860.6508460000,0.2000000000,0.3500000000,0.3500000000,3.0000000000,1.0000000000,104,113,104,110,102,112
1039,neighbor,False,STEM_STRESS_OR_INTERVAL_BOUND,999999999.0000000000,8860.6508460000,0.2250000000,0.3000000000,0.3500000000,3.0000000000,1.0000000000,103,112,100,110,101,113
1040,neighbor,True,PASS_IMPLEMENTED_PROJECT_CHECKS,8904.4825260000,8860.6508460000,0.2000000000,0.3500000000,0.3500000000,3.0000000000,1.0000000000,104,113,102,113,102,112
1041,neighbor,False,STEM_STRESS_OR_INTERVAL_BOUND,999999999.0000000000,8860.6508460000,0.2000000000,0.3000000000,0.3500000000,3.0000000000,0.9000000000,101,113,102,110,102,112
1042,neighbor,False,MEMBER_FLEXURE,999999999.0000000000,8860.6508460000,0.2000000000,0.3500000000,0.3500000000,3.0000000000,0.8000000000,104,113,102,111,102,113
1043,neighbor,False,STEM_STRESS_OR_INTERVAL_BOUND,999999999.0000000000,8860.6508460000,0.2000000000,0.3000000000,0.3500000000,3.0000000000,1.0000000000,102,111,103,111,100,111
1044,neighbor,False,STEM_STRESS_OR_INTERVAL_BOUND,999999999.0000000000,8860.6508460000,0.2500000000,0.3500000000,0.3500000000,3.0000000000,1.0000000000,102,113,101,112,102,112
1045,neighbor,False,MAXIMUM_MAIN_STEEL,999999999.0000000000,8860.6508460000,0.2000000000,0.3500000000,0.3500000000,3.0000000000,1.0000000000,104,110,101,112,102,112
1046,neighbor,False,STEM_STRESS_OR_INTERVAL_BOUND,999999999.0000000000,8860.6508460000,0.2000000000,0.3500000000,0.3500000000,3.0000000000,1.0000000000,102,112,101,112,102,112
1047,neighbor,False,MINIMUM_MAIN_STEEL,999999999.0000000000,8860.6508460000,0.2000000000,0.3000000000,0.3500000000,3.0000000000,0.9000000000,103,113,102,110,100,112
1048,neighbor,False,STEM_STRESS_OR_INTERVAL_BOUND,999999999.0000000000,8860.6508460000,0.2250000000,0.3500000000,0.3500000000,3.0000000000,0.8000000000,103,113,101,113,100,111
1049,neighbor,False,STEM_STRESS_OR_INTERVAL_BOUND,999999999.0000000000,8860.6508460000,0.2500000000,0.3500000000,0.3500000000,3.0000000000,0.8000000000,101,111,101,112,101,110
1050,neighbor,False,STEM_STRESS_OR_INTERVAL_BOUND,999999999.0000000000,8860.6508460000,0.2250000000,0.3000000000,0.3500000000,3.0000000000,0.9000000000,101,110,102,110,103,111
1051,neighbor,False,MINIMUM_MAIN_STEEL,999999999.0000000000,8860.6508460000,0.2500000000,0.3500000000,0.3500000000,3.0000000000,1.0000000000,103,110,102,113,100,112
1052,neighbor,False,MINIMUM_MAIN_STEEL,999999999.0000000000,8860.6508460000,0.2000000000,0.3000000000,0.3500000000,3.0000000000,1.0000000000,104,110,104,111,100,113
1053,neighbor,False,STEM_STRESS_OR_INTERVAL_BOUND,999999999.0000000000,8860.6508460000,0.2000000000,0.3500000000,0.3500000000,3.0000000000,1.0000000000,101,111,104,113,101,111
1054,neighbor,False,MAXIMUM_MAIN_STEEL,999999999.0000000000,8860.6508460000,0.2250000000,0.3000000000,0.3500000000,3.0000000000,0.8000000000,103,110,103,112,100,110
1055,neighbor,False,MAXIMUM_MAIN_STEEL,999999999.0000000000,8860.6508460000,0.2500000000,0.3000000000,0.3500000000,3.0000000000,0.8000000000,104,111,103,110,101,111
1056,neighbor,False,MAXIMUM_MAIN_STEEL,999999999.0000000000,8860.6508460000,0.2000000000,0.3000000000,0.3500000000,3.0000000000,0.9000000000,104,112,101,111,101,110
1057,neighbor,True,PASS_IMPLEMENTED_PROJECT_CHECKS,8860.6508460000,8860.6508460000,0.2000000000,0.3500000000,0.3500000000,3.0000000000,1.0000000000,104,113,101,112,102,112
1058,neighbor,False,MINIMUM_MAIN_STEEL,999999999.0000000000,8860.6508460000,0.2000000000,0.3500000000,0.3500000000,3.0000000000,1.0000000000,100,113,101,112,102,112
1059,neighbor,True,PASS_IMPLEMENTED_PROJECT_CHECKS,8977.2638460000,8860.6508460000,0.2000000000,0.3500000000,0.3500000000,3.0000000000,1.0000000000,104,113,101,112,103,113
1060,neighbor,True,PASS_IMPLEMENTED_PROJECT_CHECKS,9310.4788110000,8860.6508460000,0.2250000000,0.3500000000,0.3500000000,3.0000000000,1.0000000000,104,113,103,113,101,110
1061,neighbor,False,MINIMUM_MAIN_STEEL,999999999.0000000000,8860.6508460000,0.2000000000,0.3500000000,0.3500000000,3.0000000000,0.9000000000,100,111,102,110,101,113
1062,neighbor,False,STEM_STRESS_OR_INTERVAL_BOUND,999999999.0000000000,8860.6508460000,0.2500000000,0.3000000000,0.3500000000,3.0000000000,0.9000000000,101,113,100,111,102,112
1063,neighbor,False,MAXIMUM_MAIN_STEEL,999999999.0000000000,8860.6508460000,0.2000000000,0.3500000000,0.3500000000,3.0000000000,1.0000000000,104,111,101,112,102,112
1064,neighbor,False,STEM_STRESS_OR_INTERVAL_BOUND,999999999.0000000000,8860.6508460000,0.2000000000,0.3000000000,0.3500000000,3.0000000000,1.0000000000,101,112,101,113,101,113
1065,neighbor,False,MINIMUM_MAIN_STEEL,999999999.0000000000,8860.6508460000,0.2000000000,0.3500000000,0.3500000000,3.0000000000,1.0000000000,100,111,101,112,102,112
1066,neighbor,True,PASS_IMPLEMENTED_PROJECT_CHECKS,10511.7428460000,8860.6508460000,0.2000000000,0.3500000000,0.3500000000,3.0000000000,1.0000000000,104,113,104,110,104,111
1067,neighbor,False,STEM_STRESS_OR_INTERVAL_BOUND,999999999.0000000000,8860.6508460000,0.2000000000,0.3000000000,0.3500000000,3.0000000000,1.0000000000,101,113,101,112,100,111
1068,neighbor,False,MEMBER_FLEXURE,999999999.0000000000,8860.6508460000,0.2500000000,0.3500000000,0.3500000000,3.0000000000,0.8000000000,104,113,103,110,100,111
1069,neighbor,False,MEMBER_FLEXURE,999999999.0000000000,8860.6508460000,0.2000000000,0.3500000000,0.3500000000,3.0000000000,1.0000000000,104,113,100,110,101,113
1070,neighbor,False,MINIMUM_MAIN_STEEL,999999999.0000000000,8860.6508460000,0.2500000000,0.3500000000,0.3500000000,3.0000000000,1.0000000000,102,113,100,113,103,110
1071,neighbor,True,PASS_IMPLEMENTED_PROJECT_CHECKS,11131.4876750000,8860.6508460000,0.2250000000,0.3500000000,0.3500000000,3.0000000000,1.0000000000,103,111,101,111,104,110
1072,neighbor,False,STEM_STRESS_OR_INTERVAL_BOUND,999999999.0000000000,8860.6508460000,0.2000000000,0.3000000000,0.3500000000,3.0000000000,1.0000000000,101,110,101,110,101,110
1073,neighbor,False,MAXIMUM_MAIN_STEEL,999999999.0000000000,8860.6508460000,0.2500000000,0.3500000000,0.3500000000,3.0000000000,0.8000000000,103,110,102,110,103,111
1074,neighbor,True,PASS_IMPLEMENTED_PROJECT_CHECKS,9016.1348460000,8860.6508460000,0.2000000000,0.3500000000,0.3500000000,3.0000000000,1.0000000000,104,113,101,112,102,111
1075,neighbor,False,STEM_STRESS_OR_INTERVAL_BOUND,999999999.0000000000,8860.6508460000,0.2000000000,0.3500000000,0.3500000000,3.0000000000,1.0000000000,101,111,101,112,102,112
1076,neighbor,False,MINIMUM_MAIN_STEEL,999999999.0000000000,8860.6508460000,0.2250000000,0.3500000000,0.3500000000,3.0000000000,1.0000000000,100,111,103,110,101,110
1077,neighbor,False,MEMBER_FLEXURE,999999999.0000000000,8860.6508460000,0.2250000000,0.3500000000,0.3500000000,3.0000000000,0.8000000000,103,112,102,111,101,112
1078,neighbor,False,MAXIMUM_MAIN_STEEL,999999999.0000000000,8860.6508460000,0.2000000000,0.3000000000,0.3500000000,3.0000000000,0.9000000000,103,110,103,113,104,111
1079,neighbor,False,MINIMUM_MAIN_STEEL,999999999.0000000000,8860.6508460000,0.2000000000,0.3500000000,0.3500000000,3.0000000000,0.8000000000,104,113,100,112,101,110
1080,neighbor,False,STEM_STRESS_OR_INTERVAL_BOUND,999999999.0000000000,8860.6508460000,0.2000000000,0.3000000000,0.3500000000,3.0000000000,0.8000000000,101,113,103,110,104,112
1081,neighbor,False,STEM_STRESS_OR_INTERVAL_BOUND,999999999.0000000000,8860.6508460000,0.2000000000,0.3500000000,0.3500000000,3.0000000000,1.0000000000,101,112,101,112,102,112
1082,neighbor,False,MAXIMUM_MAIN_STEEL,999999999.0000000000,8860.6508460000,0.2500000000,0.3500000000,0.3500000000,3.0000000000,1.0000000000,103,110,102,111,100,111
1083,neighbor,False,STEM_STRESS_OR_INTERVAL_BOUND,999999999.0000000000,8860.6508460000,0.2250000000,0.3000000000,0.3500000000,3.0000000000,1.0000000000,102,111,104,110,100,111
1084,neighbor,False,MINIMUM_MAIN_STEEL,999999999.0000000000,8860.6508460000,0.2500000000,0.3500000000,0.3500000000,3.0000000000,1.0000000000,104,111,100,112,102,111
1085,neighbor,False,STEM_STRESS_OR_INTERVAL_BOUND,999999999.0000000000,8860.6508460000,0.2000000000,0.3500000000,0.3500000000,3.0000000000,1.0000000000,101,110,101,112,104,110
1086,neighbor,False,STEM_STRESS_OR_INTERVAL_BOUND,999999999.0000000000,8860.6508460000,0.2500000000,0.3500000000,0.3500000000,3.0000000000,1.0000000000,101,111,101,112,102,112
1087,neighbor,False,MAXIMUM_MAIN_STEEL,999999999.0000000000,8860.6508460000,0.2500000000,0.3500000000,0.3500000000,3.0000000000,1.0000000000,104,111,100,110,101,111
1088,neighbor,False,MINIMUM_MAIN_STEEL,999999999.0000000000,8860.6508460000,0.2000000000,0.3500000000,0.3500000000,3.0000000000,0.9000000000,103,113,102,110,100,112
1089,neighbor,False,MAXIMUM_MAIN_STEEL,999999999.0000000000,8860.6508460000,0.2000000000,0.3500000000,0.3500000000,3.0000000000,1.0000000000,104,110,101,112,102,112
1090,neighbor,False,MINIMUM_MAIN_STEEL,999999999.0000000000,8860.6508460000,0.2000000000,0.3500000000,0.3500000000,3.0000000000,0.8000000000,102,111,103,112,100,113
1091,neighbor,False,MINIMUM_MAIN_STEEL,999999999.0000000000,8860.6508460000,0.2000000000,0.3500000000,0.3500000000,3.0000000000,0.9000000000,102,113,103,110,100,112
1092,neighbor,False,MAXIMUM_MAIN_STEEL,999999999.0000000000,8860.6508460000,0.2000000000,0.3500000000,0.3500000000,3.0000000000,1.0000000000,103,111,104,113,103,110
1093,neighbor,False,STEM_STRESS_OR_INTERVAL_BOUND,999999999.0000000000,8860.6508460000,0.2250000000,0.3000000000,0.3500000000,3.0000000000,1.0000000000,103,113,101,112,102,112
1094,neighbor,True,PASS_IMPLEMENTED_PROJECT_CHECKS,8792.2378860000,8792.2378860000,0.2000000000,0.3500000000,0.3500000000,3.0000000000,1.0000000000,104,113,101,112,101,111
1095,neighbor,False,STEM_STRESS_OR_INTERVAL_BOUND,999999999.0000000000,8792.2378860000,0.2500000000,0.3500000000,0.3500000000,3.0000000000,1.0000000000,100,110,100,110,101,111
1096,neighbor,False,MAXIMUM_MAIN_STEEL,999999999.0000000000,8792.2378860000,0.2000000000,0.3500000000,0.3500000000,3.0000000000,1.0000000000,103,111,102,110,104,112
1097,neighbor,False,MINIMUM_MAIN_STEEL,999999999.0000000000,8792.2378860000,0.2500000000,0.3500000000,0.3500000000,3.0000000000,1.0000000000,102,112,100,113,103,113
1098,neighbor,False,MINIMUM_MAIN_STEEL,999999999.0000000000,8792.2378860000,0.2000000000,0.3500000000,0.3500000000,3.0000000000,0.8000000000,100,112,100,113,103,113
1099,neighbor,False,MINIMUM_MAIN_STEEL,999999999.0000000000,8792.2378860000,0.2000000000,0.3000000000,0.3500000000,3.0000000000,1.0000000000,100,112,100,111,102,111
1100,neighbor,False,MAXIMUM_MAIN_STEEL,999999999.0000000000,8792.2378860000,0.2000000000,0.3500000000,0.3500000000,3.0000000000,1.0000000000,104,112,101,110,103,112
1101,neighbor,False,MINIMUM_MAIN_STEEL,999999999.0000000000,8792.2378860000,0.2000000000,0.3000000000,0.3500000000,3.0000000000,1.0000000000,100,112,100,113,100,112
1102,neighbor,False,MINIMUM_MAIN_STEEL,999999999.0000000000,8792.2378860000,0.2000000000,0.3000000000,0.3500000000,3.0000000000,0.9000000000,100,112,103,112,100,110
1103,neighbor,False,MINIMUM_MAIN_STEEL,999999999.0000000000,8792.2378860000,0.2000000000,0.3500000000,0.3500000000,3.0000000000,1.0000000000,101,113,101,112,101,111
1104,neighbor,False,STEM_STRESS_OR_INTERVAL_BOUND,999999999.0000000000,8792.2378860000,0.2000000000,0.3000000000,0.3500000000,3.0000000000,1.0000000000,103,113,101,112,103,110
1105,neighbor,False,MAXIMUM_MAIN_STEEL,999999999.0000000000,8792.2378860000,0.2500000000,0.3500000000,0.3500000000,3.0000000000,1.0000000000,103,110,100,111,102,110
1106,neighbor,False,MAXIMUM_MAIN_STEEL,999999999.0000000000,8792.2378860000,0.2250000000,0.3500000000,0.3500000000,3.0000000000,0.8000000000,104,111,104,111,103,110
1107,neighbor,False,STEM_STRESS_OR_INTERVAL_BOUND,999999999.0000000000,8792.2378860000,0.2000000000,0.3500000000,0.3500000000,3.0000000000,1.0000000000,101,110,104,113,102,112
1108,neighbor,False,MAXIMUM_MAIN_STEEL,999999999.0000000000,8792.2378860000,0.2000000000,0.3500000000,0.3500000000,3.0000000000,1.0000000000,104,111,101,112,101,111
1109,neighbor,False,MAXIMUM_MAIN_STEEL,999999999.0000000000,8792.2378860000,0.2000000000,0.3500000000,0.3500000000,3.0000000000,1.0000000000,104,112,101,112,101,111
1110,neighbor,True,PASS_IMPLEMENTED_PROJECT_CHECKS,8991.2574060000,8792.2378860000,0.2000000000,0.3500000000,0.3500000000,3.0000000000,1.0000000000,104,113,101,112,101,110
1111,reset,False,STEM_STRESS_OR_INTERVAL_BOUND,999999999.0000000000,8792.2378860000,0.2000000000,0.3000000000,0.3500000000,3.0000000000,1.0000000000,104,113,101,112,101,111
1112,neighbor,False,STEM_STRESS_OR_INTERVAL_BOUND,999999999.0000000000,8792.2378860000,0.2000000000,0.3000000000,0.3500000000,3.0000000000,0.8000000000,104,113,102,110,101,110
1113,neighbor,False,MAXIMUM_MAIN_STEEL,999999999.0000000000,8792.2378860000,0.2000000000,0.3500000000,0.3500000000,3.0000000000,1.0000000000,104,112,101,112,101,111
1114,neighbor,False,MAXIMUM_MAIN_STEEL,999999999.0000000000,8792.2378860000,0.2000000000,0.3000000000,0.3500000000,3.0000000000,1.0000000000,102,110,101,112,101,111
1115,neighbor,False,STEM_STRESS_OR_INTERVAL_BOUND,999999999.0000000000,8792.2378860000,0.2000000000,0.3000000000,0.3500000000,3.0000000000,1.0000000000,102,112,101,111,103,113
1116,neighbor,False,STEM_STRESS_OR_INTERVAL_BOUND,999999999.0000000000,8792.2378860000,0.2000000000,0.3000000000,0.3500000000,3.0000000000,1.0000000000,104,113,101,112,102,110
1117,neighbor,False,MAXIMUM_MAIN_STEEL,999999999.0000000000,8792.2378860000,0.2000000000,0.3000000000,0.3500000000,3.0000000000,0.9000000000,103,110,103,110,103,112
1118,neighbor,False,STEM_STRESS_OR_INTERVAL_BOUND,999999999.0000000000,8792.2378860000,0.2000000000,0.3000000000,0.3500000000,3.0000000000,1.0000000000,104,113,101,112,103,112
1119,neighbor,False,STEM_STRESS_OR_INTERVAL_BOUND,999999999.0000000000,8792.2378860000,0.2000000000,0.3000000000,0.3500000000,3.0000000000,1.0000000000,104,113,101,112,103,111
1120,neighbor,False,STEM_STRESS_OR_INTERVAL_BOUND,999999999.0000000000,8792.2378860000,0.2000000000,0.3500000000,0.3500000000,3.0000000000,1.0000000000,101,110,104,111,103,113
1121,neighbor,False,STEM_STRESS_OR_INTERVAL_BOUND,999999999.0000000000,8792.2378860000,0.2000000000,0.3000000000,0.3500000000,3.0000000000,1.0000000000,104,113,102,113,101,111
1122,neighbor,False,MAXIMUM_MAIN_STEEL,999999999.0000000000,8792.2378860000,0.2000000000,0.3000000000,0.3500000000,3.0000000000,0.9000000000,103,111,104,111,104,110
1123,neighbor,False,MAXIMUM_MAIN_STEEL,999999999.0000000000,8792.2378860000,0.2000000000,0.3000000000,0.3500000000,3.0000000000,0.8000000000,103,111,101,113,104,110
1124,neighbor,False,STEM_STRESS_OR_INTERVAL_BOUND,999999999.0000000000,8792.2378860000,0.2000000000,0.3000000000,0.3500000000,3.0000000000,1.0000000000,104,113,101,112,103,110
1125,neighbor,False,STEM_STRESS_OR_INTERVAL_BOUND,999999999.0000000000,8792.2378860000,0.2000000000,0.3000000000,0.3500000000,3.0000000000,0.8000000000,104,113,104,113,102,110
1126,neighbor,False,STEM_STRESS_OR_INTERVAL_BOUND,999999999.0000000000,8792.2378860000,0.2000000000,0.3000000000,0.3500000000,3.0000000000,1.0000000000,104,113,101,112,101,111
1127,neighbor,False,STEM_STRESS_OR_INTERVAL_BOUND,999999999.0000000000,8792.2378860000,0.2000000000,0.3000000000,0.3500000000,3.0000000000,1.0000000000,104,113,101,112,104,113
1128,neighbor,False,MAXIMUM_MAIN_STEEL,999999999.0000000000,8792.2378860000,0.2000000000,0.3000000000,0.3500000000,3.0000000000,0.9000000000,104,111,103,110,102,111
1129,neighbor,False,STEM_STRESS_OR_INTERVAL_BOUND,999999999.0000000000,8792.2378860000,0.2000000000,0.3000000000,0.3500000000,3.0000000000,0.8000000000,104,113,102,113,102,110
1130,neighbor,False,MINIMUM_MAIN_STEEL,999999999.0000000000,8792.2378860000,0.2500000000,0.3500000000,0.3500000000,3.0000000000,1.0000000000,100,110,100,112,101,113
1131,neighbor,False,STEM_STRESS_OR_INTERVAL_BOUND,999999999.0000000000,8792.2378860000,0.2000000000,0.3000000000,0.3500000000,3.0000000000,1.0000000000,101,112,101,112,101,111
1132,neighbor,False,STEM_STRESS_OR_INTERVAL_BOUND,999999999.0000000000,8792.2378860000,0.2500000000,0.3000000000,0.3500000000,3.0000000000,0.9000000000,102,113,102,112,103,111
1133,neighbor,False,STEM_STRESS_OR_INTERVAL_BOUND,999999999.0000000000,8792.2378860000,0.2000000000,0.3000000000,0.3500000000,3.0000000000,1.0000000000,104,113,101,112,101,110
1134,neighbor,False,MEMBER_FLEXURE,999999999.0000000000,8792.2378860000,0.2000000000,0.3500000000,0.3500000000,3.0000000000,1.0000000000,104,113,104,112,100,111
1135,neighbor,False,STEM_STRESS_OR_INTERVAL_BOUND,999999999.0000000000,8792.2378860000,0.2500000000,0.3500000000,0.3500000000,3.0000000000,1.0000000000,103,113,101,112,101,111
1136,neighbor,False,MINIMUM_MAIN_STEEL,999999999.0000000000,8792.2378860000,0.2000000000,0.3000000000,0.3500000000,3.0000000000,1.0000000000,100,111,102,110,101,113
1137,neighbor,False,STEM_STRESS_OR_INTERVAL_BOUND,999999999.0000000000,8792.2378860000,0.2000000000,0.3000000000,0.3500000000,3.0000000000,1.0000000000,102,113,101,112,101,111
1138,neighbor,False,STEM_STRESS_OR_INTERVAL_BOUND,999999999.0000000000,8792.2378860000,0.2000000000,0.3000000000,0.3500000000,3.0000000000,1.0000000000,102,113,101,111,100,110
1139,neighbor,False,STEM_STRESS_OR_INTERVAL_BOUND,999999999.0000000000,8792.2378860000,0.2000000000,0.3500000000,0.3500000000,3.0000000000,0.9000000000,102,112,103,113,103,112
1140,neighbor,False,STEM_STRESS_OR_INTERVAL_BOUND,999999999.0000000000,8792.2378860000,0.2000000000,0.3000000000,0.3500000000,3.0000000000,1.0000000000,104,113,102,110,101,111
1141,neighbor,False,MAXIMUM_MAIN_STEEL,999999999.0000000000,8792.2378860000,0.2000000000,0.3000000000,0.3500000000,3.0000000000,1.0000000000,104,110,101,112,101,111
1142,neighbor,False,MINIMUM_MAIN_STEEL,999999999.0000000000,8792.2378860000,0.2000000000,0.3000000000,0.3500000000,3.0000000000,1.0000000000,103,110,102,113,100,112
1143,neighbor,False,STEM_STRESS_OR_INTERVAL_BOUND,999999999.0000000000,8792.2378860000,0.2000000000,0.3500000000,0.3500000000,3.0000000000,0.8000000000,102,112,104,110,102,113
1144,neighbor,False,STEM_STRESS_OR_INTERVAL_BOUND,999999999.0000000000,8792.2378860000,0.2000000000,0.3000000000,0.3500000000,3.0000000000,0.9000000000,102,112,103,110,100,110
1145,neighbor,False,STEM_STRESS_OR_INTERVAL_BOUND,999999999.0000000000,8792.2378860000,0.2000000000,0.3000000000,0.3500000000,3.0000000000,1.0000000000,102,111,101,112,101,111
1146,neighbor,False,STEM_STRESS_OR_INTERVAL_BOUND,999999999.0000000000,8792.2378860000,0.2250000000,0.3000000000,0.3500000000,3.0000000000,1.0000000000,104,113,101,110,102,113
1147,neighbor,False,MINIMUM_MAIN_STEEL,999999999.0000000000,8792.2378860000,0.2000000000,0.3000000000,0.3500000000,3.0000000000,1.0000000000,102,113,100,113,104,110
1148,neighbor,False,MINIMUM_MAIN_STEEL,999999999.0000000000,8792.2378860000,0.2000000000,0.3000000000,0.3500000000,3.0000000000,1.0000000000,104,113,100,113,101,111
1149,neighbor,False,STEM_STRESS_OR_INTERVAL_BOUND,999999999.0000000000,8792.2378860000,0.2000000000,0.3000000000,0.3500000000,3.0000000000,1.0000000000,101,111,101,113,104,113
1150,neighbor,False,STEM_STRESS_OR_INTERVAL_BOUND,999999999.0000000000,8792.2378860000,0.2000000000,0.3500000000,0.3500000000,3.0000000000,0.9000000000,101,110,101,113,101,113
1151,neighbor,False,STEM_STRESS_OR_INTERVAL_BOUND,999999999.0000000000,8792.2378860000,0.2000000000,0.3000000000,0.3500000000,3.0000000000,0.8000000000,101,111,104,112,103,111
1152,neighbor,False,MINIMUM_MAIN_STEEL,999999999.0000000000,8792.2378860000,0.2000000000,0.3000000000,0.3500000000,3.0000000000,1.0000000000,100,112,101,112,101,111
1153,neighbor,False,STEM_STRESS_OR_INTERVAL_BOUND,999999999.0000000000,8792.2378860000,0.2000000000,0.3000000000,0.3500000000,3.0000000000,1.0000000000,104,113,103,113,101,111
1154,neighbor,False,STEM_STRESS_OR_INTERVAL_BOUND,999999999.0000000000,8792.2378860000,0.2000000000,0.3000000000,0.3500000000,3.0000000000,1.0000000000,100,110,101,112,101,111
1155,neighbor,True,PASS_IMPLEMENTED_PROJECT_CHECKS,10300.5264700000,8792.2378860000,0.2500000000,0.3000000000,0.3500000000,3.0000000000,1.0000000000,104,112,102,110,103,111
1156,neighbor,False,STEM_STRESS_OR_INTERVAL_BOUND,999999999.0000000000,8792.2378860000,0.3000000000,0.3000000000,0.3500000000,3.0000000000,1.0000000000,100,110,102,110,103,110
1157,neighbor,True,PASS_IMPLEMENTED_PROJECT_CHECKS,9971.7888700000,8792.2378860000,0.2500000000,0.3000000000,0.3500000000,3.0000000000,1.0000000000,104,112,102,113,103,111
1158,neighbor,False,MEMBER_FLEXURE,999999999.0000000000,8792.2378860000,0.2500000000,0.3000000000,0.3500000000,3.0000000000,1.0000000000,104,112,102,113,101,113
1159,neighbor,False,STEM_STRESS_OR_INTERVAL_BOUND,999999999.0000000000,8792.2378860000,0.2750000000,0.3500000000,0.3500000000,3.0000000000,1.0000000000,102,113,102,113,103,111
1160,neighbor,False,MINIMUM_MAIN_STEEL,999999999.0000000000,8792.2378860000,0.2000000000,0.3000000000,0.3500000000,3.0000000000,1.0000000000,103,113,100,112,103,113
1161,neighbor,True,PASS_IMPLEMENTED_PROJECT_CHECKS,9838.8274250000,8792.2378860000,0.2250000000,0.3000000000,0.3500000000,3.0000000000,1.0000000000,102,110,103,111,101,110
1162,neighbor,True,PASS_IMPLEMENTED_PROJECT_CHECKS,9270.4931010000,8792.2378860000,0.2750000000,0.3500000000,0.3500000000,3.0000000000,1.0000000000,104,113,100,110,101,111
1163,neighbor,True,PASS_IMPLEMENTED_PROJECT_CHECKS,9844.2290610000,8792.2378860000,0.2750000000,0.3500000000,0.3500000000,3.0000000000,1.0000000000,104,113,100,110,103,111
1164,neighbor,True,PASS_IMPLEMENTED_PROJECT_CHECKS,11628.2199800000,8792.2378860000,0.3000000000,0.3000000000,0.3500000000,3.0000000000,0.8000000000,103,110,101,110,102,111
1165,neighbor,False,STEM_STRESS_OR_INTERVAL_BOUND,999999999.0000000000,8792.2378860000,0.3000000000,0.3500000000,0.3500000000,3.0000000000,0.8000000000,102,113,100,111,102,110
1166,neighbor,False,MINIMUM_MAIN_STEEL,999999999.0000000000,8792.2378860000,0.2750000000,0.3500000000,0.3500000000,3.0000000000,0.9000000000,103,111,102,110,100,113
1167,neighbor,True,PASS_IMPLEMENTED_PROJECT_CHECKS,9270.4931010000,8792.2378860000,0.2750000000,0.3500000000,0.3500000000,3.0000000000,1.0000000000,104,113,100,110,101,111
1168,neighbor,False,STEM_STRESS_OR_INTERVAL_BOUND,999999999.0000000000,8792.2378860000,0.2750000000,0.3000000000,0.3500000000,3.0000000000,0.9000000000,101,113,102,113,100,111
1169,neighbor,True,PASS_IMPLEMENTED_PROJECT_CHECKS,10147.1267010000,8792.2378860000,0.2750000000,0.3500000000,0.3500000000,3.0000000000,1.0000000000,104,113,104,110,101,111
1170,neighbor,False,MINIMUM_MAIN_STEEL,999999999.0000000000,8792.2378860000,0.2750000000,0.3500000000,0.3500000000,3.0000000000,1.0000000000,104,113,100,113,101,111
1171,neighbor,False,MAXIMUM_MAIN_STEEL,999999999.0000000000,8792.2378860000,0.3000000000,0.3000000000,0.3500000000,3.0000000000,0.9000000000,104,110,103,111,103,111
1172,neighbor,False,STEM_STRESS_OR_INTERVAL_BOUND,999999999.0000000000,8792.2378860000,0.2500000000,0.3000000000,0.3500000000,3.0000000000,1.0000000000,102,111,101,110,103,113
1173,neighbor,False,STEM_STRESS_OR_INTERVAL_BOUND,999999999.0000000000,8792.2378860000,0.3000000000,0.3000000000,0.3500000000,3.0000000000,1.0000000000,101,110,104,110,100,110
1174,neighbor,True,PASS_IMPLEMENTED_PROJECT_CHECKS,10838.9618100000,8792.2378860000,0.3000000000,0.3500000000,0.3500000000,3.0000000000,1.0000000000,104,111,100,110,101,111
1175,neighbor,False,STEM_STRESS_OR_INTERVAL_BOUND,999999999.0000000000,8792.2378860000,0.2750000000,0.3500000000,0.3500000000,3.0000000000,1.0000000000,103,113,100,110,101,111
1176,neighbor,True,PASS_IMPLEMENTED_PROJECT_CHECKS,10236.6410610000,8792.2378860000,0.2750000000,0.3500000000,0.3500000000,3.0000000000,1.0000000000,104,113,103,113,104,111
1177,neighbor,True,PASS_IMPLEMENTED_PROJECT_CHECKS,11359.7908410000,8792.2378860000,0.2750000000,0.3500000000,0.3500000000,3.0000000000,1.0000000000,104,113,103,110,104,110
1178,neighbor,True,PASS_IMPLEMENTED_PROJECT_CHECKS,9455.5190610000,8792.2378860000,0.2750000000,0.3500000000,0.3500000000,3.0000000000,1.0000000000,104,113,100,110,103,113
1179,neighbor,False,MINIMUM_MAIN_STEEL,999999999.0000000000,8792.2378860000,0.3000000000,0.3500000000,0.3500000000,3.0000000000,1.0000000000,101,113,102,112,103,112
1180,neighbor,True,PASS_IMPLEMENTED_PROJECT_CHECKS,9789.1679810000,8792.2378860000,0.2750000000,0.3500000000,0.3500000000,3.0000000000,1.0000000000,104,113,104,111,101,111
1181,neighbor,True,PASS_IMPLEMENTED_PROJECT_CHECKS,9968.7347250000,8792.2378860000,0.2750000000,0.3500000000,0.3500000000,3.0000000000,1.0000000000,103,111,100,110,101,111
1182,neighbor,False,MINIMUM_MAIN_STEEL,999999999.0000000000,8792.2378860000,0.3250000000,0.3500000000,0.3500000000,3.0000000000,1.0000000000,101,113,100,110,101,111
1183,neighbor,False,MINIMUM_MAIN_STEEL,999999999.0000000000,8792.2378860000,0.2750000000,0.3500000000,0.3500000000,3.0000000000,1.0000000000,104,113,100,110,100,112
1184,neighbor,False,STEM_STRESS_OR_INTERVAL_BOUND,999999999.0000000000,8792.2378860000,0.2500000000,0.3500000000,0.3500000000,3.0000000000,1.0000000000,101,111,101,111,103,110
1185,neighbor,False,STEM_STRESS_OR_INTERVAL_BOUND,999999999.0000000000,8792.2378860000,0.3000000000,0.3000000000,0.3500000000,3.0000000000,0.9000000000,100,110,103,110,103,110
1186,neighbor,False,MINIMUM_MAIN_STEEL,999999999.0000000000,8792.2378860000,0.3000000000,0.3500000000,0.3500000000,3.0000000000,1.0000000000,101,113,100,112,101,110
1187,neighbor,False,MINIMUM_MAIN_STEEL,999999999.0000000000,8792.2378860000,0.2750000000,0.3500000000,0.3500000000,3.0000000000,1.0000000000,100,113,100,110,101,111
1188,neighbor,True,PASS_IMPLEMENTED_PROJECT_CHECKS,10236.3782140000,8792.2378860000,0.2500000000,0.3000000000,0.3500000000,3.0000000000,1.0000000000,102,110,104,113,103,111
1189,neighbor,False,MINIMUM_MAIN_STEEL,999999999.0000000000,8792.2378860000,0.2250000000,0.3500000000,0.3500000000,3.0000000000,1.0000000000,100,111,104,112,104,111
1190,neighbor,False,MEMBER_FLEXURE,999999999.0000000000,8792.2378860000,0.3000000000,0.3000000000,0.3500000000,3.0000000000,1.0000000000,104,112,101,113,100,110
1191,neighbor,True,PASS_IMPLEMENTED_PROJECT_CHECKS,9501.2942910000,8792.2378860000,0.2750000000,0.3500000000,0.3500000000,3.0000000000,1.0000000000,104,113,103,112,101,111
1192,neighbor,False,STEM_STRESS_OR_INTERVAL_BOUND,999999999.0000000000,8792.2378860000,0.2500000000,0.3000000000,0.3500000000,3.0000000000,1.0000000000,101,113,100,110,103,112
1193,neighbor,False,MAXIMUM_MAIN_STEEL,999999999.0000000000,8792.2378860000,0.2500000000,0.3000000000,0.3500000000,3.0000000000,1.0000000000,104,111,102,111,101,113
1194,neighbor,True,PASS_IMPLEMENTED_PROJECT_CHECKS,9659.9435010000,8792.2378860000,0.2750000000,0.3500000000,0.3500000000,3.0000000000,0.9000000000,104,113,102,110,102,112
1195,neighbor,False,STEM_STRESS_OR_INTERVAL_BOUND,999999999.0000000000,8792.2378860000,0.2250000000,0.3500000000,0.3500000000,3.0000000000,1.0000000000,100,110,103,112,104,112
1196,neighbor,False,STEM_STRESS_OR_INTERVAL_BOUND,999999999.0000000000,8792.2378860000,0.2750000000,0.3500000000,0.3500000000,3.0000000000,1.0000000000,101,111,100,110,101,111
1197,neighbor,False,MINIMUM_MAIN_STEEL,999999999.0000000000,8792.2378860000,0.2250000000,0.3500000000,0.3500000000,3.0000000000,1.0000000000,100,111,101,112,104,111
1198,neighbor,False,MINIMUM_MAIN_STEEL,999999999.0000000000,8792.2378860000,0.2250000000,0.3500000000,0.3500000000,3.0000000000,1.0000000000,101,112,100,112,101,111
1199,neighbor,False,MEMBER_FLEXURE,999999999.0000000000,8792.2378860000,0.2750000000,0.3500000000,0.3500000000,3.0000000000,1.0000000000,103,112,102,112,100,110
1200,neighbor,False,MAXIMUM_MAIN_STEEL,999999999.0000000000,8792.2378860000,0.3000000000,0.3500000000,0.3500000000,3.0000000000,1.0000000000,104,110,100,110,101,111
1201,neighbor,False,MINIMUM_MAIN_STEEL,999999999.0000000000,8792.2378860000,0.3000000000,0.3000000000,0.3500000000,3.0000000000,1.0000000000,103,111,103,110,100,112
1202,neighbor,False,STEM_STRESS_OR_INTERVAL_BOUND,999999999.0000000000,8792.2378860000,0.3000000000,0.3000000000,0.3500000000,3.0000000000,1.0000000000,102,112,103,110,103,111
1203,neighbor,True,PASS_IMPLEMENTED_PROJECT_CHECKS,9455.5190610000,8792.2378860000,0.2750000000,0.3500000000,0.3500000000,3.0000000000,1.0000000000,104,113,100,110,103,113
1204,neighbor,False,MAXIMUM_MAIN_STEEL,999999999.0000000000,8792.2378860000,0.2750000000,0.3000000000,0.3500000000,3.0000000000,1.0000000000,103,110,104,110,100,110
1205,neighbor,False,MEMBER_FLEXURE,999999999.0000000000,8792.2378860000,0.2750000000,0.3000000000,0.3500000000,3.0000000000,1.0000000000,104,111,100,110,101,111
1206,neighbor,False,MINIMUM_MAIN_STEEL,999999999.0000000000,8792.2378860000,0.3000000000,0.3000000000,0.3500000000,3.0000000000,0.8000000000,102,113,100,112,100,113
1207,neighbor,False,MEMBER_FLEXURE,999999999.0000000000,8792.2378860000,0.2750000000,0.3500000000,0.3500000000,3.0000000000,0.8000000000,104,113,101,112,100,111
1208,neighbor,False,STEM_STRESS_OR_INTERVAL_BOUND,999999999.0000000000,8792.2378860000,0.2750000000,0.3500000000,0.3500000000,3.0000000000,1.0000000000,101,110,100,110,101,111
1209,neighbor,True,PASS_IMPLEMENTED_PROJECT_CHECKS,9502.8010050000,8792.2378860000,0.2750000000,0.3500000000,0.3500000000,3.0000000000,1.0000000000,104,113,104,113,101,111
1210,neighbor,False,STEM_STRESS_OR_INTERVAL_BOUND,999999999.0000000000,8792.2378860000,0.3000000000,0.3000000000,0.3500000000,3.0000000000,0.9000000000,102,112,101,112,101,110
1211,neighbor,True,PASS_IMPLEMENTED_PROJECT_CHECKS,10341.1707330000,8792.2378860000,0.2750000000,0.3500000000,0.3500000000,3.0000000000,0.8000000000,104,113,104,110,104,113
1212,neighbor,True,PASS_IMPLEMENTED_PROJECT_CHECKS,9469.5126210000,8792.2378860000,0.2750000000,0.3500000000,0.3500000000,3.0000000000,1.0000000000,104,113,100,110,101,110
1213,neighbor,False,MINIMUM_MAIN_STEEL,999999999.0000000000,8792.2378860000,0.3000000000,0.3500000000,0.3500000000,3.0000000000,1.0000000000,104,113,100,112,104,110
1214,neighbor,False,STEM_STRESS_OR_INTERVAL_BOUND,999999999.0000000000,8792.2378860000,0.3000000000,0.3500000000,0.3500000000,3.0000000000,1.0000000000,101,112,100,110,101,111
1215,neighbor,False,MAXIMUM_MAIN_STEEL,999999999.0000000000,8792.2378860000,0.3000000000,0.3500000000,0.3500000000,3.0000000000,1.0000000000,104,110,100,110,101,111
1216,neighbor,False,STEM_STRESS_OR_INTERVAL_BOUND,999999999.0000000000,8792.2378860000,0.2500000000,0.3000000000,0.3500000000,3.0000000000,1.0000000000,103,113,100,110,102,113
1217,neighbor,False,MINIMUM_MAIN_STEEL,999999999.0000000000,8792.2378860000,0.2250000000,0.3500000000,0.3500000000,3.0000000000,1.0000000000,100,113,103,111,101,111
1218,neighbor,False,STEM_STRESS_OR_INTERVAL_BOUND,999999999.0000000000,8792.2378860000,0.2500000000,0.3500000000,0.3500000000,3.0000000000,0.8000000000,101,110,101,110,103,110
1219,neighbor,False,STEM_STRESS_OR_INTERVAL_BOUND,999999999.0000000000,8792.2378860000,0.3250000000,0.3500000000,0.3500000000,3.0000000000,1.0000000000,101,111,103,111,101,111
1220,neighbor,True,PASS_IMPLEMENTED_PROJECT_CHECKS,9248.5772610000,8792.2378860000,0.2750000000,0.3500000000,0.3500000000,3.0000000000,1.0000000000,104,113,101,112,101,111
1221,neighbor,False,STEM_STRESS_OR_INTERVAL_BOUND,999999999.0000000000,8792.2378860000,0.3000000000,0.3000000000,0.3500000000,3.0000000000,0.9000000000,101,111,104,110,103,113
1222,neighbor,False,MAXIMUM_MAIN_STEEL,999999999.0000000000,8792.2378860000,0.2750000000,0.3500000000,0.3500000000,3.0000000000,0.9000000000,103,110,101,111,101,113
1223,neighbor,True,PASS_IMPLEMENTED_PROJECT_CHECKS,9789.1679810000,8792.2378860000,0.2750000000,0.3500000000,0.3500000000,3.0000000000,1.0000000000,104,113,104,111,101,111
1224,neighbor,True,PASS_IMPLEMENTED_PROJECT_CHECKS,11067.9613550000,8792.2378860000,0.2750000000,0.3000000000,0.3500000000,3.0000000000,0.8000000000,104,111,100,110,103,111
1225,neighbor,False,STEM_STRESS_OR_INTERVAL_BOUND,999999999.0000000000,8792.2378860000,0.2750000000,0.3500000000,0.3500000000,3.0000000000,1.0000000000,102,111,101,112,101,111
1226,neighbor,False,MEMBER_FLEXURE,999999999.0000000000,8792.2378860000,0.2750000000,0.3500000000,0.3500000000,3.0000000000,1.0000000000,104,113,101,112,100,110
1227,neighbor,False,STEM_STRESS_OR_INTERVAL_BOUND,999999999.0000000000,8792.2378860000,0.3000000000,0.3500000000,0.3500000000,3.0000000000,0.9000000000,102,112,101,112,102,110
1228,neighbor,False,MEMBER_FLEXURE,999999999.0000000000,8792.2378860000,0.2750000000,0.3500000000,0.3500000000,3.0000000000,1.0000000000,102,110,102,112,100,110
1229,neighbor,False,STEM_STRESS_OR_INTERVAL_BOUND,999999999.0000000000,8792.2378860000,0.2500000000,0.3500000000,0.3500000000,3.0000000000,0.8000000000,102,112,103,110,104,110
1230,neighbor,False,MEMBER_FLEXURE,999999999.0000000000,8792.2378860000,0.2750000000,0.3500000000,0.3500000000,3.0000000000,0.8000000000,104,113,103,111,101,112
1231,neighbor,True,PASS_IMPLEMENTED_PROJECT_CHECKS,10664.9328450000,8792.2378860000,0.2750000000,0.3500000000,0.3500000000,3.0000000000,1.0000000000,104,111,101,112,101,111
1232,neighbor,True,PASS_IMPLEMENTED_PROJECT_CHECKS,10219.9359850000,8792.2378860000,0.2250000000,0.3000000000,0.3500000000,3.0000000000,1.0000000000,103,111,100,110,104,111
1233,neighbor,False,MINIMUM_MAIN_STEEL,999999999.0000000000,8792.2378860000,0.2250000000,0.3500000000,0.3500000000,3.0000000000,1.0000000000,100,111,102,110,100,110
1234,neighbor,False,STEM_STRESS_OR_INTERVAL_BOUND,999999999.0000000000,8792.2378860000,0.2750000000,0.3000000000,0.3500000000,3.0000000000,1.0000000000,102,112,104,112,104,111
1235,neighbor,True,PASS_IMPLEMENTED_PROJECT_CHECKS,10260.1302510000,8792.2378860000,0.2750000000,0.3500000000,0.3500000000,3.0000000000,1.0000000000,104,113,103,110,103,112
1236,neighbor,True,PASS_IMPLEMENTED_PROJECT_CHECKS,9929.3380410000,8792.2378860000,0.2750000000,0.3500000000,0.3500000000,3.0000000000,1.0000000000,104,113,103,110,101,111
1237,neighbor,False,MEMBER_FLEXURE,999999999.0000000000,8792.2378860000,0.2750000000,0.3500000000,0.3500000000,3.0000000000,1.0000000000,104,111,102,113,101,113
1238,neighbor,True,PASS_IMPLEMENTED_PROJECT_CHECKS,11616.8425000000,8792.2378860000,0.3000000000,0.3000000000,0.3500000000,3.0000000000,1.0000000000,103,110,103,113,102,111
1239,neighbor,False,STEM_STRESS_OR_INTERVAL_BOUND,999999999.0000000000,8792.2378860000,0.3250000000,0.3500000000,0.3500000000,3.0000000000,1.0000000000,102,111,103,111,102,111
1240,neighbor,True,PASS_IMPLEMENTED_PROJECT_CHECKS,9316.9902210000,8792.2378860000,0.2750000000,0.3500000000,0.3500000000,3.0000000000,1.0000000000,104,113,101,112,102,112
1241,neighbor,True,PASS_IMPLEMENTED_PROJECT_CHECKS,9316.9902210000,8792.2378860000,0.2750000000,0.3500000000,0.3500000000,3.0000000000,1.0000000000,104,113,101,112,102,112
1242,neighbor,True,PASS_IMPLEMENTED_PROJECT_CHECKS,9248.5772610000,8792.2378860000,0.2750000000,0.3500000000,0.3500000000,3.0000000000,1.0000000000,104,113,101,112,101,111
1243,neighbor,False,STEM_STRESS_OR_INTERVAL_BOUND,999999999.0000000000,8792.2378860000,0.2750000000,0.3000000000,0.3500000000,3.0000000000,1.0000000000,103,113,101,112,101,111
1244,neighbor,False,MINIMUM_MAIN_STEEL,999999999.0000000000,8792.2378860000,0.2750000000,0.3500000000,0.3500000000,3.0000000000,1.0000000000,102,111,100,113,102,113
1245,neighbor,True,PASS_IMPLEMENTED_PROJECT_CHECKS,11960.8878750000,8792.2378860000,0.3250000000,0.3500000000,0.3500000000,3.0000000000,0.8000000000,103,110,102,112,103,113
1246,neighbor,False,STEM_STRESS_OR_INTERVAL_BOUND,999999999.0000000000,8792.2378860000,0.2500000000,0.3000000000,0.3500000000,3.0000000000,1.0000000000,101,111,103,113,104,110
1247,neighbor,False,STEM_STRESS_OR_INTERVAL_BOUND,999999999.0000000000,8792.2378860000,0.2750000000,0.3500000000,0.3500000000,3.0000000000,0.8000000000,102,113,102,113,101,113
1248,neighbor,True,PASS_IMPLEMENTED_PROJECT_CHECKS,11108.4674100000,8792.2378860000,0.3000000000,0.3500000000,0.3500000000,3.0000000000,1.0000000000,102,110,104,110,102,111
1249,neighbor,False,STEM_STRESS_OR_INTERVAL_BOUND,999999999.0000000000,8792.2378860000,0.3000000000,0.3000000000,0.3500000000,3.0000000000,1.0000000000,103,113,103,112,101,112
1250,neighbor,True,PASS_IMPLEMENTED_PROJECT_CHECKS,10664.9328450000,8792.2378860000,0.2750000000,0.3500000000,0.3500000000,3.0000000000,1.0000000000,104,111,101,112,101,111
1251,neighbor,False,STEM_STRESS_OR_INTERVAL_BOUND,999999999.0000000000,8792.2378860000,0.2750000000,0.3500000000,0.3500000000,3.0000000000,1.0000000000,101,111,101,112,101,111
1252,neighbor,False,MEMBER_FLEXURE,999999999.0000000000,8792.2378860000,0.2750000000,0.3500000000,0.3500000000,3.0000000000,1.0000000000,104,113,101,112,100,111
1253,neighbor,False,STEM_STRESS_OR_INTERVAL_BOUND,999999999.0000000000,8792.2378860000,0.3000000000,0.3500000000,0.3500000000,3.0000000000,0.9000000000,102,111,103,112,104,111
1254,neighbor,False,MINIMUM_MAIN_STEEL,999999999.0000000000,8792.2378860000,0.3000000000,0.3000000000,0.3500000000,3.0000000000,1.0000000000,103,111,103,113,100,113
1255,neighbor,True,PASS_IMPLEMENTED_PROJECT_CHECKS,9408.5719390000,8792.2378860000,0.2250000000,0.3500000000,0.3500000000,3.0000000000,0.8000000000,104,113,104,113,102,111
1256,neighbor,False,STEM_STRESS_OR_INTERVAL_BOUND,999999999.0000000000,8792.2378860000,0.2500000000,0.3500000000,0.3500000000,3.0000000000,1.0000000000,101,110,103,113,103,111
1257,neighbor,False,MAXIMUM_MAIN_STEEL,999999999.0000000000,8792.2378860000,0.2500000000,0.3500000000,0.3500000000,3.0000000000,0.9000000000,104,110,101,112,101,111
1258,neighbor,True,PASS_IMPLEMENTED_PROJECT_CHECKS,9581.9349570000,8792.2378860000,0.2750000000,0.3500000000,0.3500000000,3.0000000000,1.0000000000,104,113,101,112,104,113
1259,neighbor,False,STEM_STRESS_OR_INTERVAL_BOUND,999999999.0000000000,8792.2378860000,0.2750000000,0.3500000000,0.3500000000,3.0000000000,1.0000000000,102,112,101,112,101,111
1260,neighbor,False,STEM_STRESS_OR_INTERVAL_BOUND,999999999.0000000000,8792.2378860000,0.2500000000,0.3000000000,0.3500000000,3.0000000000,0.8000000000,102,113,104,112,104,113
1261,neighbor,False,STEM_STRESS_OR_INTERVAL_BOUND,999999999.0000000000,8792.2378860000,0.2500000000,0.3500000000,0.3500000000,3.0000000000,0.8000000000,102,111,101,110,104,110
1262,neighbor,False,MINIMUM_MAIN_STEEL,999999999.0000000000,8792.2378860000,0.2750000000,0.3500000000,0.3500000000,3.0000000000,1.0000000000,104,113,100,112,102,112
1263,neighbor,False,MINIMUM_MAIN_STEEL,999999999.0000000000,8792.2378860000,0.2750000000,0.3500000000,0.3500000000,3.0000000000,0.8000000000,101,111,100,112,100,111
1264,neighbor,False,MINIMUM_MAIN_STEEL,999999999.0000000000,8792.2378860000,0.3000000000,0.3000000000,0.3500000000,3.0000000000,0.9000000000,100,111,104,111,100,113
1265,neighbor,False,STEM_STRESS_OR_INTERVAL_BOUND,999999999.0000000000,8792.2378860000,0.3000000000,0.3000000000,0.3500000000,3.0000000000,1.0000000000,101,113,100,111,103,113
1266,neighbor,False,STEM_STRESS_OR_INTERVAL_BOUND,999999999.0000000000,8792.2378860000,0.3250000000,0.3500000000,0.3500000000,3.0000000000,0.8000000000,101,111,103,110,103,113
1267,neighbor,True,PASS_IMPLEMENTED_PROJECT_CHECKS,9770.8040010000,8792.2378860000,0.2250000000,0.3500000000,0.3500000000,3.0000000000,1.0000000000,104,113,103,112,103,111
1268,neighbor,True,PASS_IMPLEMENTED_PROJECT_CHECKS,9248.5772610000,8792.2378860000,0.2750000000,0.3500000000,0.3500000000,3.0000000000,1.0000000000,104,113,101,112,101,111
1269,neighbor,False,MINIMUM_MAIN_STEEL,999999999.0000000000,8792.2378860000,0.3000000000,0.3000000000,0.3500000000,3.0000000000,0.8000000000,100,113,101,110,101,112
1270,neighbor,False,STEM_STRESS_OR_INTERVAL_BOUND,999999999.0000000000,8792.2378860000,0.3000000000,0.3500000000,0.3500000000,3.0000000000,1.0000000000,102,112,101,112,101,111
1271,neighbor,True,PASS_IMPLEMENTED_PROJECT_CHECKS,12051.9961500000,8792.2378860000,0.3000000000,0.3500000000,0.3500000000,3.0000000000,1.0000000000,104,111,101,110,103,110
1272,neighbor,False,STEM_STRESS_OR_INTERVAL_BOUND,999999999.0000000000,8792.2378860000,0.3250000000,0.3500000000,0.3500000000,3.0000000000,1.0000000000,102,111,101,112,101,111
1273,neighbor,True,PASS_IMPLEMENTED_PROJECT_CHECKS,10531.3687950000,8792.2378860000,0.2250000000,0.3500000000,0.3500000000,3.0000000000,1.0000000000,103,111,102,110,104,112
1274,neighbor,False,MINIMUM_MAIN_STEEL,999999999.0000000000,8792.2378860000,0.2750000000,0.3500000000,0.3500000000,3.0000000000,0.8000000000,100,110,100,112,102,113
1275,neighbor,True,PASS_IMPLEMENTED_PROJECT_CHECKS,9307.0195010000,8792.2378860000,0.2750000000,0.3500000000,0.3500000000,3.0000000000,1.0000000000,104,113,101,111,101,111
1276,neighbor,False,MINIMUM_MAIN_STEEL,999999999.0000000000,8792.2378860000,0.3000000000,0.3000000000,0.3500000000,3.0000000000,0.8000000000,100,111,103,112,101,111
1277,neighbor,False,MEMBER_FLEXURE,999999999.0000000000,8792.2378860000,0.2750000000,0.3500000000,0.3500000000,3.0000000000,1.0000000000,104,113,101,112,101,113
1278,neighbor,False,STEM_STRESS_OR_INTERVAL_BOUND,999999999.0000000000,8792.2378860000,0.3000000000,0.3000000000,0.3500000000,3.0000000000,1.0000000000,101,110,101,112,104,113
1279,neighbor,False,MINIMUM_MAIN_STEEL,999999999.0000000000,8792.2378860000,0.2500000000,0.3500000000,0.3500000000,3.0000000000,0.8000000000,100,113,101,113,101,110
1280,neighbor,False,MINIMUM_MAIN_STEEL,999999999.0000000000,8792.2378860000,0.2750000000,0.3500000000,0.3500000000,3.0000000000,1.0000000000,103,112,100,111,100,112
1281,neighbor,True,PASS_IMPLEMENTED_PROJECT_CHECKS,11752.7614350000,8792.2378860000,0.3250000000,0.3500000000,0.3500000000,3.0000000000,1.0000000000,103,111,103,110,104,111
1282,neighbor,False,STEM_STRESS_OR_INTERVAL_BOUND,999999999.0000000000,8792.2378860000,0.2750000000,0.3000000000,0.3500000000,3.0000000000,0.8000000000,101,111,101,112,104,112
1283,neighbor,False,MINIMUM_MAIN_STEEL,999999999.0000000000,8792.2378860000,0.2750000000,0.3000000000,0.3500000000,3.0000000000,1.0000000000,100,111,101,113,103,111
1284,neighbor,False,STEM_STRESS_OR_INTERVAL_BOUND,999999999.0000000000,8792.2378860000,0.3000000000,0.3000000000,0.3500000000,3.0000000000,1.0000000000,102,111,101,112,101,111
1285,neighbor,False,STEM_STRESS_OR_INTERVAL_BOUND,999999999.0000000000,8792.2378860000,0.3000000000,0.3500000000,0.3500000000,3.0000000000,0.9000000000,101,111,100,110,101,113
1286,neighbor,True,PASS_IMPLEMENTED_PROJECT_CHECKS,9848.7446750000,8792.2378860000,0.2750000000,0.3000000000,0.3500000000,3.0000000000,0.8000000000,102,110,102,113,102,111
1287,neighbor,True,PASS_IMPLEMENTED_PROJECT_CHECKS,9578.1441090000,8792.2378860000,0.2750000000,0.3500000000,0.3500000000,3.0000000000,0.9000000000,104,113,101,113,104,113
1288,neighbor,True,PASS_IMPLEMENTED_PROJECT_CHECKS,9270.4931010000,8792.2378860000,0.2750000000,0.3500000000,0.3500000000,3.0000000000,1.0000000000,104,113,100,110,101,111
1289,neighbor,False,STEM_STRESS_OR_INTERVAL_BOUND,999999999.0000000000,8792.2378860000,0.2500000000,0.3500000000,0.3500000000,3.0000000000,1.0000000000,103,113,101,112,101,111
1290,neighbor,False,STEM_STRESS_OR_INTERVAL_BOUND,999999999.0000000000,8792.2378860000,0.2250000000,0.3500000000,0.3500000000,3.0000000000,1.0000000000,102,112,101,112,101,111
1291,neighbor,True,PASS_IMPLEMENTED_PROJECT_CHECKS,11335.2868950000,8792.2378860000,0.3250000000,0.3500000000,0.3500000000,3.0000000000,1.0000000000,104,111,103,113,101,110
1292,neighbor,False,MINIMUM_MAIN_STEEL,999999999.0000000000,8792.2378860000,0.2750000000,0.3000000000,0.3500000000,3.0000000000,1.0000000000,100,112,104,113,102,113
1293,neighbor,False,STEM_STRESS_OR_INTERVAL_BOUND,999999999.0000000000,8792.2378860000,0.3250000000,0.3500000000,0.3500000000,3.0000000000,1.0000000000,102,112,100,111,103,112
1294,neighbor,True,PASS_IMPLEMENTED_PROJECT_CHECKS,10052.5336050000,8792.2378860000,0.2250000000,0.3500000000,0.3500000000,3.0000000000,0.8000000000,102,110,101,110,103,112
1295,neighbor,False,MAXIMUM_MAIN_STEEL,999999999.0000000000,8792.2378860000,0.3000000000,0.3500000000,0.3500000000,3.0000000000,1.0000000000,104,110,102,113,104,113
1296,neighbor,True,PASS_IMPLEMENTED_PROJECT_CHECKS,9502.8010050000,8792.2378860000,0.2750000000,0.3500000000,0.3500000000,3.0000000000,1.0000000000,104,113,104,113,101,111
1297,neighbor,False,STEM_STRESS_OR_INTERVAL_BOUND,999999999.0000000000,8792.2378860000,0.2250000000,0.3500000000,0.3500000000,3.0000000000,0.8000000000,103,113,104,112,104,112
1298,neighbor,False,MAXIMUM_MAIN_STEEL,999999999.0000000000,8792.2378860000,0.2750000000,0.3500000000,0.3500000000,3.0000000000,1.0000000000,103,110,101,112,101,111
1299,neighbor,True,PASS_IMPLEMENTED_PROJECT_CHECKS,9270.4931010000,8792.2378860000,0.2750000000,0.3500000000,0.3500000000,3.0000000000,1.0000000000,104,113,100,110,101,111
1300,neighbor,False,MEMBER_FLEXURE,999999999.0000000000,8792.2378860000,0.2750000000,0.3500000000,0.3500000000,3.0000000000,0.8000000000,104,113,100,110,100,110
1301,neighbor,False,MAXIMUM_MAIN_STEEL,999999999.0000000000,8792.2378860000,0.2750000000,0.3500000000,0.3500000000,3.0000000000,1.0000000000,103,110,101,112,101,111
1302,neighbor,False,STEM_STRESS_OR_INTERVAL_BOUND,999999999.0000000000,8792.2378860000,0.2750000000,0.3500000000,0.3500000000,3.0000000000,1.0000000000,103,113,101,112,101,111
1303,neighbor,False,MINIMUM_MAIN_STEEL,999999999.0000000000,8792.2378860000,0.2250000000,0.3500000000,0.3500000000,3.0000000000,1.0000000000,100,112,103,111,103,112
1304,neighbor,False,MAXIMUM_MAIN_STEEL,999999999.0000000000,8792.2378860000,0.3000000000,0.3000000000,0.3500000000,3.0000000000,1.0000000000,104,110,101,112,101,111
1305,neighbor,False,MINIMUM_MAIN_STEEL,999999999.0000000000,8792.2378860000,0.3000000000,0.3000000000,0.3500000000,3.0000000000,0.8000000000,102,111,100,112,101,111
1306,neighbor,True,PASS_IMPLEMENTED_PROJECT_CHECKS,9946.8188850000,8792.2378860000,0.2750000000,0.3500000000,0.3500000000,3.0000000000,1.0000000000,103,111,101,112,101,111
1307,neighbor,False,STEM_STRESS_OR_INTERVAL_BOUND,999999999.0000000000,8792.2378860000,0.3000000000,0.3000000000,0.3500000000,3.0000000000,1.0000000000,104,113,100,111,101,111
1308,neighbor,False,MINIMUM_MAIN_STEEL,999999999.0000000000,8792.2378860000,0.2750000000,0.3000000000,0.3500000000,3.0000000000,1.0000000000,100,112,101,112,101,111
1309,neighbor,False,STEM_STRESS_OR_INTERVAL_BOUND,999999999.0000000000,8792.2378860000,0.3000000000,0.3000000000,0.3500000000,3.0000000000,1.0000000000,100,110,103,112,103,111
1310,neighbor,False,STEM_STRESS_OR_INTERVAL_BOUND,999999999.0000000000,8792.2378860000,0.2500000000,0.3000000000,0.3500000000,3.0000000000,1.0000000000,101,113,104,111,104,112
1311,neighbor,True,PASS_IMPLEMENTED_PROJECT_CHECKS,10197.3505010000,8792.2378860000,0.2750000000,0.3500000000,0.3500000000,3.0000000000,0.9000000000,104,113,102,110,103,111
1312,neighbor,False,STEM_STRESS_OR_INTERVAL_BOUND,999999999.0000000000,8792.2378860000,0.2750000000,0.3500000000,0.3500000000,3.0000000000,0.8000000000,101,112,102,112,100,111
1313,neighbor,False,MINIMUM_MAIN_STEEL,999999999.0000000000,8792.2378860000,0.2750000000,0.3500000000,0.3500000000,3.0000000000,1.0000000000,104,113,102,113,100,113
1314,neighbor,True,PASS_IMPLEMENTED_PROJECT_CHECKS,9347.1985410000,8792.2378860000,0.2750000000,0.3500000000,0.3500000000,3.0000000000,1.0000000000,104,113,102,112,101,111
1315,neighbor,False,MINIMUM_MAIN_STEEL,999999999.0000000000,8792.2378860000,0.2750000000,0.3000000000,0.3500000000,3.0000000000,0.9000000000,100,112,104,110,102,113
1316,neighbor,True,PASS_IMPLEMENTED_PROJECT_CHECKS,9248.5772610000,8792.2378860000,0.2750000000,0.3500000000,0.3500000000,3.0000000000,1.0000000000,104,113,101,112,101,111
1317,neighbor,False,MINIMUM_MAIN_STEEL,999999999.0000000000,8792.2378860000,0.2250000000,0.3500000000,0.3500000000,3.0000000000,1.0000000000,100,112,101,111,101,110
1318,neighbor,True,PASS_IMPLEMENTED_PROJECT_CHECKS,10396.3938750000,8792.2378860000,0.2750000000,0.3000000000,0.3500000000,3.0000000000,0.9000000000,103,111,103,113,102,110
1319,neighbor,False,STEM_STRESS_OR_INTERVAL_BOUND,999999999.0000000000,8792.2378860000,0.2750000000,0.3500000000,0.3500000000,3.0000000000,0.8000000000,102,112,103,113,104,113
1320,neighbor,True,PASS_IMPLEMENTED_PROJECT_CHECKS,9307.0195010000,8792.2378860000,0.2750000000,0.3500000000,0.3500000000,3.0000000000,1.0000000000,104,113,101,111,101,111
1321,neighbor,False,STEM_STRESS_OR_INTERVAL_BOUND,999999999.0000000000,8792.2378860000,0.2500000000,0.3500000000,0.3500000000,3.0000000000,0.9000000000,101,111,104,110,104,112
1322,neighbor,True,PASS_IMPLEMENTED_PROJECT_CHECKS,9783.4422210000,8792.2378860000,0.2750000000,0.3500000000,0.3500000000,3.0000000000,1.0000000000,104,113,101,112,102,110
1323,neighbor,True,PASS_IMPLEMENTED_PROJECT_CHECKS,9937.2479810000,8792.2378860000,0.2750000000,0.3500000000,0.3500000000,3.0000000000,0.8000000000,104,113,104,111,102,111
1324,neighbor,True,PASS_IMPLEMENTED_PROJECT_CHECKS,9606.6902310000,8792.2378860000,0.2750000000,0.3500000000,0.3500000000,3.0000000000,0.9000000000,104,113,101,112,103,112
1325,neighbor,False,STEM_STRESS_OR_INTERVAL_BOUND,999999999.0000000000,8792.2378860000,0.2750000000,0.3500000000,0.3500000000,3.0000000000,1.0000000000,101,111,101,112,101,111
1326,neighbor,True,PASS_IMPLEMENTED_PROJECT_CHECKS,10069.5327810000,8792.2378860000,0.2750000000,0.3500000000,0.3500000000,3.0000000000,1.0000000000,104,113,101,112,104,111
1327,neighbor,False,MINIMUM_MAIN_STEEL,999999999.0000000000,8792.2378860000,0.2250000000,0.3000000000,0.3500000000,3.0000000000,1.0000000000,103,110,101,111,100,112
1328,neighbor,True,PASS_IMPLEMENTED_PROJECT_CHECKS,10481.6838450000,8792.2378860000,0.2750000000,0.3500000000,0.3500000000,3.0000000000,1.0000000000,103,111,101,112,102,110
1329,neighbor,False,MAXIMUM_MAIN_STEEL,999999999.0000000000,8792.2378860000,0.2750000000,0.3500000000,0.3500000000,3.0000000000,1.0000000000,104,110,101,112,101,111
1330,neighbor,False,MINIMUM_MAIN_STEEL,999999999.0000000000,8792.2378860000,0.3000000000,0.3500000000,0.3500000000,3.0000000000,1.0000000000,100,112,100,110,103,113
1331,neighbor,False,MINIMUM_MAIN_STEEL,999999999.0000000000,8792.2378860000,0.3000000000,0.3500000000,0.3500000000,3.0000000000,1.0000000000,100,113,103,112,103,110
1332,reset,True,PASS_IMPLEMENTED_PROJECT_CHECKS,9248.5772610000,8792.2378860000,0.2750000000,0.3500000000,0.3500000000,3.0000000000,1.0000000000,104,113,101,112,101,111
1333,neighbor,False,MAXIMUM_MAIN_STEEL,999999999.0000000000,8792.2378860000,0.3000000000,0.3500000000,0.3500000000,3.0000000000,1.0000000000,104,110,104,113,100,111
1334,neighbor,False,STEM_STRESS_OR_INTERVAL_BOUND,999999999.0000000000,8792.2378860000,0.2250000000,0.3500000000,0.3500000000,3.0000000000,0.8000000000,102,112,100,110,103,112
1335,neighbor,False,STEM_STRESS_OR_INTERVAL_BOUND,999999999.0000000000,8792.2378860000,0.2750000000,0.3500000000,0.3500000000,3.0000000000,0.9000000000,101,112,101,111,103,111
1336,neighbor,True,PASS_IMPLEMENTED_PROJECT_CHECKS,8936.8988850000,8792.2378860000,0.2250000000,0.3500000000,0.3500000000,3.0000000000,1.0000000000,103,112,101,112,101,111
1337,neighbor,False,MEMBER_FLEXURE,999999999.0000000000,8792.2378860000,0.2250000000,0.3500000000,0.3500000000,3.0000000000,1.0000000000,103,112,101,112,100,110
1338,neighbor,False,MINIMUM_MAIN_STEEL,999999999.0000000000,8792.2378860000,0.2250000000,0.3500000000,0.3500000000,3.0000000000,0.9000000000,102,110,101,113,100,113
1339,neighbor,False,MAXIMUM_MAIN_STEEL,999999999.0000000000,8792.2378860000,0.2250000000,0.3500000000,0.3500000000,3.0000000000,1.0000000000,103,110,101,112,101,111
1340,neighbor,True,PASS_IMPLEMENTED_PROJECT_CHECKS,9089.0120100000,8792.2378860000,0.2500000000,0.3500000000,0.3500000000,3.0000000000,1.0000000000,103,112,101,112,101,111
1341,neighbor,False,MINIMUM_MAIN_STEEL,999999999.0000000000,8792.2378860000,0.2500000000,0.3500000000,0.3500000000,3.0000000000,1.0000000000,104,113,100,112,101,111
1342,neighbor,False,MEMBER_FLEXURE,999999999.0000000000,8792.2378860000,0.2250000000,0.3500000000,0.3500000000,3.0000000000,1.0000000000,103,112,101,112,100,111
1343,neighbor,False,STEM_STRESS_OR_INTERVAL_BOUND,999999999.0000000000,8792.2378860000,0.2500000000,0.3500000000,0.3500000000,3.0000000000,0.8000000000,101,112,101,112,104,110
1344,neighbor,False,MEMBER_FLEXURE,999999999.0000000000,8792.2378860000,0.2250000000,0.3500000000,0.3500000000,3.0000000000,1.0000000000,103,112,101,112,100,110
1345,neighbor,False,MINIMUM_MAIN_STEEL,999999999.0000000000,8792.2378860000,0.2250000000,0.3500000000,0.3500000000,3.0000000000,1.0000000000,101,113,101,112,101,111
1346,neighbor,True,PASS_IMPLEMENTED_PROJECT_CHECKS,8936.8988850000,8792.2378860000,0.2250000000,0.3500000000,0.3500000000,3.0000000000,1.0000000000,103,112,101,112,101,111
1347,neighbor,False,MEMBER_FLEXURE,999999999.0000000000,8792.2378860000,0.2250000000,0.3500000000,0.3500000000,3.0000000000,0.9000000000,103,112,100,111,101,112
1348,neighbor,False,MEMBER_FLEXURE,999999999.0000000000,8792.2378860000,0.2250000000,0.3500000000,0.3500000000,3.0000000000,1.0000000000,104,113,100,111,100,111
1349,neighbor,False,STEM_STRESS_OR_INTERVAL_BOUND,999999999.0000000000,8792.2378860000,0.2250000000,0.3500000000,0.3500000000,3.0000000000,1.0000000000,102,111,101,112,101,111
1350,neighbor,True,PASS_IMPLEMENTED_PROJECT_CHECKS,8936.8988850000,8792.2378860000,0.2250000000,0.3500000000,0.3500000000,3.0000000000,1.0000000000,103,112,101,112,101,111
1351,neighbor,False,MINIMUM_MAIN_STEEL,999999999.0000000000,8792.2378860000,0.2000000000,0.3500000000,0.3500000000,3.0000000000,0.8000000000,101,110,100,112,104,111
1352,neighbor,False,MINIMUM_MAIN_STEEL,999999999.0000000000,8792.2378860000,0.2750000000,0.3500000000,0.3500000000,3.0000000000,0.9000000000,101,112,100,112,103,113
1353,neighbor,True,PASS_IMPLEMENTED_PROJECT_CHECKS,10367.3516850000,8792.2378860000,0.2250000000,0.3500000000,0.3500000000,3.0000000000,1.0000000000,103,112,101,112,104,110
1354,neighbor,False,MINIMUM_MAIN_STEEL,999999999.0000000000,8792.2378860000,0.2000000000,0.3500000000,0.3500000000,3.0000000000,1.0000000000,100,113,104,111,102,112
1355,neighbor,False,MINIMUM_MAIN_STEEL,999999999.0000000000,8792.2378860000,0.2000000000,0.3500000000,0.3500000000,3.0000000000,0.9000000000,104,110,100,113,100,110
1356,neighbor,False,MAXIMUM_MAIN_STEEL,999999999.0000000000,8792.2378860000,0.2500000000,0.3500000000,0.3500000000,3.0000000000,1.0000000000,104,110,103,111,100,110
1357,neighbor,False,MEMBER_FLEXURE,999999999.0000000000,8792.2378860000,0.2500000000,0.3500000000,0.3500000000,3.0000000000,1.0000000000,104,113,101,113,102,111
1358,neighbor,False,STEM_STRESS_OR_INTERVAL_BOUND,999999999.0000000000,8792.2378860000,0.2250000000,0.3500000000,0.3500000000,3.0000000000,1.0000000000,103,113,101,112,101,111
1359,neighbor,False,MINIMUM_MAIN_STEEL,999999999.0000000000,8792.2378860000,0.2000000000,0.3500000000,0.3500000000,3.0000000000,1.0000000000,100,111,103,110,101,110
1360,neighbor,False,STEM_STRESS_OR_INTERVAL_BOUND,999999999.0000000000,8792.2378860000,0.2250000000,0.3500000000,0.3500000000,3.0000000000,1.0000000000,102,112,103,111,102,112
1361,neighbor,False,STEM_STRESS_OR_INTERVAL_BOUND,999999999.0000000000,8792.2378860000,0.2000000000,0.3500000000,0.3500000000,3.0000000000,1.0000000000,100,110,104,111,104,113
1362,neighbor,True,PASS_IMPLEMENTED_PROJECT_CHECKS,9191.1226290000,8792.2378860000,0.2250000000,0.3500000000,0.3500000000,3.0000000000,1.0000000000,103,112,104,113,101,111
1363,neighbor,True,PASS_IMPLEMENTED_PROJECT_CHECKS,10367.3516850000,8792.2378860000,0.2250000000,0.3500000000,0.3500000000,3.0000000000,1.0000000000,103,112,101,112,104,110
1364,neighbor,False,MINIMUM_MAIN_STEEL,999999999.0000000000,8792.2378860000,0.2000000000,0.3500000000,0.3500000000,3.0000000000,1.0000000000,100,112,103,110,102,113
1365,neighbor,False,MEMBER_FLEXURE,999999999.0000000000,8792.2378860000,0.2250000000,0.3500000000,0.3500000000,3.0000000000,1.0000000000,103,112,101,112,101,113
1366,neighbor,False,MAXIMUM_MAIN_STEEL,999999999.0000000000,8792.2378860000,0.2000000000,0.3500000000,0.3500000000,3.0000000000,1.0000000000,103,110,100,110,103,110
1367,neighbor,False,MINIMUM_MAIN_STEEL,999999999.0000000000,8792.2378860000,0.2250000000,0.3500000000,0.3500000000,3.0000000000,1.0000000000,101,113,101,112,100,111
1368,neighbor,False,MEMBER_FLEXURE,999999999.0000000000,8792.2378860000,0.2250000000,0.3500000000,0.3500000000,3.0000000000,1.0000000000,103,112,100,111,103,113
1369,neighbor,False,STEM_STRESS_OR_INTERVAL_BOUND,999999999.0000000000,8792.2378860000,0.2750000000,0.3500000000,0.3500000000,3.0000000000,1.0000000000,102,112,101,112,101,111
1370,neighbor,True,PASS_IMPLEMENTED_PROJECT_CHECKS,10689.8884350000,8792.2378860000,0.2250000000,0.3500000000,0.3500000000,3.0000000000,0.9000000000,103,112,103,112,104,110
1371,neighbor,False,MINIMUM_MAIN_STEEL,999999999.0000000000,8792.2378860000,0.2750000000,0.3500000000,0.3500000000,3.0000000000,0.8000000000,103,113,100,110,100,112
1372,neighbor,False,MEMBER_FLEXURE,999999999.0000000000,8792.2378860000,0.2000000000,0.3500000000,0.3500000000,3.0000000000,1.0000000000,104,113,101,112,100,111
1373,neighbor,False,MINIMUM_MAIN_STEEL,999999999.0000000000,8792.2378860000,0.2500000000,0.3500000000,0.3500000000,3.0000000000,1.0000000000,100,111,104,113,100,113
1374,neighbor,False,MEMBER_FLEXURE,999999999.0000000000,8792.2378860000,0.2250000000,0.3500000000,0.3500000000,3.0000000000,1.0000000000,103,112,102,111,101,112
1375,neighbor,False,STEM_STRESS_OR_INTERVAL_BOUND,999999999.0000000000,8792.2378860000,0.2750000000,0.3500000000,0.3500000000,3.0000000000,1.0000000000,101,112,101,112,101,111
1376,neighbor,True,PASS_IMPLEMENTED_PROJECT_CHECKS,11507.6458400000,8792.2378860000,0.2500000000,0.3500000000,0.3500000000,3.0000000000,1.0000000000,102,110,103,111,104,110
1377,neighbor,False,STEM_STRESS_OR_INTERVAL_BOUND,999999999.0000000000,8792.2378860000,0.2000000000,0.3500000000,0.3500000000,3.0000000000,0.8000000000,103,113,100,110,101,111
1378,neighbor,False,MINIMUM_MAIN_STEEL,999999999.0000000000,8792.2378860000,0.2250000000,0.3500000000,0.3500000000,3.0000000000,0.8000000000,100,113,100,111,102,112
1379,neighbor,True,PASS_IMPLEMENTED_PROJECT_CHECKS,9368.1386950000,8792.2378860000,0.2250000000,0.3500000000,0.3500000000,3.0000000000,0.8000000000,103,112,101,111,103,112
1380,neighbor,False,STEM_STRESS_OR_INTERVAL_BOUND,999999999.0000000000,8792.2378860000,0.2000000000,0.3500000000,0.3500000000,3.0000000000,1.0000000000,102,112,102,112,104,110
1381,neighbor,True,PASS_IMPLEMENTED_PROJECT_CHECKS,10048.9295040000,8792.2378860000,0.2500000000,0.3500000000,0.3500000000,3.0000000000,1.0000000000,103,111,104,113,101,111
1382,neighbor,False,MINIMUM_MAIN_STEEL,999999999.0000000000,8792.2378860000,0.2500000000,0.3500000000,0.3500000000,3.0000000000,1.0000000000,100,111,101,112,101,111
1383,neighbor,False,MINIMUM_MAIN_STEEL,999999999.0000000000,8792.2378860000,0.2250000000,0.3500000000,0.3500000000,3.0000000000,1.0000000000,103,112,101,112,100,112
1384,neighbor,False,MINIMUM_MAIN_STEEL,999999999.0000000000,8792.2378860000,0.2000000000,0.3500000000,0.3500000000,3.0000000000,0.9000000000,104,111,102,110,100,112
1385,neighbor,False,STEM_STRESS_OR_INTERVAL_BOUND,999999999.0000000000,8792.2378860000,0.2000000000,0.3500000000,0.3500000000,3.0000000000,1.0000000000,102,112,104,112,102,110
1386,neighbor,False,MEMBER_FLEXURE,999999999.0000000000,8792.2378860000,0.2250000000,0.3500000000,0.3500000000,3.0000000000,1.0000000000,103,112,101,112,100,111
1387,neighbor,False,MINIMUM_MAIN_STEEL,999999999.0000000000,8792.2378860000,0.2250000000,0.3500000000,0.3500000000,3.0000000000,1.0000000000,101,113,101,112,101,111
1388,neighbor,False,STEM_STRESS_OR_INTERVAL_BOUND,999999999.0000000000,8792.2378860000,0.2000000000,0.3500000000,0.3500000000,3.0000000000,1.0000000000,102,113,101,112,101,111
1389,neighbor,False,STEM_STRESS_OR_INTERVAL_BOUND,999999999.0000000000,8792.2378860000,0.2250000000,0.3500000000,0.3500000000,3.0000000000,0.8000000000,101,111,104,112,100,110
1390,neighbor,False,STEM_STRESS_OR_INTERVAL_BOUND,999999999.0000000000,8792.2378860000,0.2000000000,0.3500000000,0.3500000000,3.0000000000,0.9000000000,100,110,104,111,101,113
1391,neighbor,False,STEM_STRESS_OR_INTERVAL_BOUND,999999999.0000000000,8792.2378860000,0.2000000000,0.3500000000,0.3500000000,3.0000000000,1.0000000000,103,113,102,112,103,112
1392,neighbor,False,MEMBER_FLEXURE,999999999.0000000000,8792.2378860000,0.2250000000,0.3500000000,0.3500000000,3.0000000000,1.0000000000,103,112,102,111,100,110
1393,neighbor,False,STEM_STRESS_OR_INTERVAL_BOUND,999999999.0000000000,8792.2378860000,0.2000000000,0.3500000000,0.3500000000,3.0000000000,1.0000000000,103,113,101,112,101,111
1394,neighbor,False,MEMBER_FLEXURE,999999999.0000000000,8792.2378860000,0.2250000000,0.3500000000,0.3500000000,3.0000000000,0.8000000000,104,112,102,111,100,110
1395,neighbor,True,PASS_IMPLEMENTED_PROJECT_CHECKS,8936.8988850000,8792.2378860000,0.2250000000,0.3500000000,0.3500000000,3.0000000000,1.0000000000,103,112,101,112,101,111
1396,neighbor,False,MINIMUM_MAIN_STEEL,999999999.0000000000,8792.2378860000,0.2250000000,0.3500000000,0.3500000000,3.0000000000,1.0000000000,100,112,101,112,101,111
1397,neighbor,False,STEM_STRESS_OR_INTERVAL_BOUND,999999999.0000000000,8792.2378860000,0.2250000000,0.3500000000,0.3500000000,3.0000000000,1.0000000000,103,113,102,111,103,110
1398,neighbor,False,MINIMUM_MAIN_STEEL,999999999.0000000000,8792.2378860000,0.2000000000,0.3500000000,0.3500000000,3.0000000000,1.0000000000,100,113,104,113,101,111
1399,neighbor,False,MINIMUM_MAIN_STEEL,999999999.0000000000,8792.2378860000,0.2750000000,0.3500000000,0.3500000000,3.0000000000,1.0000000000,100,113,102,113,101,113
1400,neighbor,False,MINIMUM_MAIN_STEEL,999999999.0000000000,8792.2378860000,0.2750000000,0.3500000000,0.3500000000,3.0000000000,0.9000000000,101,113,104,113,103,113
1401,neighbor,False,STEM_STRESS_OR_INTERVAL_BOUND,999999999.0000000000,8792.2378860000,0.2000000000,0.3500000000,0.3500000000,3.0000000000,0.9000000000,102,112,100,111,104,112
1402,neighbor,True,PASS_IMPLEMENTED_PROJECT_CHECKS,9121.9248450000,8792.2378860000,0.2250000000,0.3500000000,0.3500000000,3.0000000000,1.0000000000,103,112,101,112,103,113
1403,neighbor,False,MINIMUM_MAIN_STEEL,999999999.0000000000,8792.2378860000,0.2250000000,0.3500000000,0.3500000000,3.0000000000,1.0000000000,103,112,100,113,101,111
1404,neighbor,False,MEMBER_FLEXURE,999999999.0000000000,8792.2378860000,0.2250000000,0.3500000000,0.3500000000,3.0000000000,1.0000000000,103,112,101,112,101,112
1405,neighbor,False,STEM_STRESS_OR_INTERVAL_BOUND,999999999.0000000000,8792.2378860000,0.2000000000,0.3500000000,0.3500000000,3.0000000000,0.8000000000,100,110,102,112,103,111
1406,neighbor,True,PASS_IMPLEMENTED_PROJECT_CHECKS,8936.8988850000,8792.2378860000,0.2250000000,0.3500000000,0.3500000000,3.0000000000,1.0000000000,103,112,101,112,101,111
1407,neighbor,False,MINIMUM_MAIN_STEEL,999999999.0000000000,8792.2378860000,0.2000000000,0.3500000000,0.3500000000,3.0000000000,0.8000000000,100,111,103,110,100,112
1408,neighbor,False,MAXIMUM_MAIN_STEEL,999999999.0000000000,8792.2378860000,0.2000000000,0.3500000000,0.3500000000,3.0000000000,1.0000000000,104,110,103,111,104,111
1409,neighbor,False,MINIMUM_MAIN_STEEL,999999999.0000000000,8792.2378860000,0.2000000000,0.3500000000,0.3500000000,3.0000000000,1.0000000000,101,113,101,113,102,112
1410,neighbor,True,PASS_IMPLEMENTED_PROJECT_CHECKS,9441.4814850000,8792.2378860000,0.2250000000,0.3500000000,0.3500000000,3.0000000000,0.8000000000,103,112,104,112,103,113
1411,neighbor,True,PASS_IMPLEMENTED_PROJECT_CHECKS,10367.3516850000,8792.2378860000,0.2250000000,0.3500000000,0.3500000000,3.0000000000,1.0000000000,103,112,101,112,104,110
1412,neighbor,False,MINIMUM_MAIN_STEEL,999999999.0000000000,8792.2378860000,0.2750000000,0.3500000000,0.3500000000,3.0000000000,1.0000000000,100,112,101,113,102,112
1413,neighbor,False,MAXIMUM_MAIN_STEEL,999999999.0000000000,8792.2378860000,0.2000000000,0.3500000000,0.3500000000,3.0000000000,1.0000000000,104,110,102,111,102,110
1414,neighbor,True,PASS_IMPLEMENTED_PROJECT_CHECKS,9096.4641360000,8792.2378860000,0.2500000000,0.3500000000,0.3500000000,3.0000000000,1.0000000000,104,113,101,112,101,111
1415,neighbor,False,STEM_STRESS_OR_INTERVAL_BOUND,999999999.0000000000,8792.2378860000,0.2250000000,0.3500000000,0.3500000000,3.0000000000,1.0000000000,100,110,101,112,101,111
1416,neighbor,False,STEM_STRESS_OR_INTERVAL_BOUND,999999999.0000000000,8792.2378860000,0.2750000000,0.3500000000,0.3500000000,3.0000000000,1.0000000000,100,110,100,111,101,110
1417,neighbor,False,MINIMUM_MAIN_STEEL,999999999.0000000000,8792.2378860000,0.2750000000,0.3500000000,0.3500000000,3.0000000000,0.9000000000,100,111,102,112,100,110
1418,neighbor,False,MAXIMUM_MAIN_STEEL,999999999.0000000000,8792.2378860000,0.2000000000,0.3500000000,0.3500000000,3.0000000000,0.8000000000,103,110,101,112,103,112
1419,neighbor,False,MINIMUM_MAIN_STEEL,999999999.0000000000,8792.2378860000,0.2000000000,0.3500000000,0.3500000000,3.0000000000,1.0000000000,100,113,102,110,102,110
1420,neighbor,False,STEM_STRESS_OR_INTERVAL_BOUND,999999999.0000000000,8792.2378860000,0.2750000000,0.3500000000,0.3500000000,3.0000000000,0.9000000000,102,112,104,112,104,110
1421,neighbor,False,MINIMUM_MAIN_STEEL,999999999.0000000000,8792.2378860000,0.2750000000,0.3500000000,0.3500000000,3.0000000000,1.0000000000,101,113,104,112,101,113
1422,neighbor,False,MINIMUM_MAIN_STEEL,999999999.0000000000,8792.2378860000,0.2750000000,0.3500000000,0.3500000000,3.0000000000,1.0000000000,101,113,102,111,102,110
1423,neighbor,False,MINIMUM_MAIN_STEEL,999999999.0000000000,8792.2378860000,0.2000000000,0.3500000000,0.3500000000,3.0000000000,0.9000000000,101,112,102,112,100,113
1424,neighbor,False,MINIMUM_MAIN_STEEL,999999999.0000000000,8792.2378860000,0.2250000000,0.3500000000,0.3500000000,3.0000000000,1.0000000000,104,110,100,113,104,112
1425,neighbor,True,PASS_IMPLEMENTED_PROJECT_CHECKS,10269.1339230000,8792.2378860000,0.2250000000,0.3500000000,0.3500000000,3.0000000000,0.8000000000,104,112,104,113,104,112
1426,neighbor,True,PASS_IMPLEMENTED_PROJECT_CHECKS,9808.2818150000,8792.2378860000,0.2250000000,0.3500000000,0.3500000000,3.0000000000,1.0000000000,103,112,104,111,103,112
1427,neighbor,True,PASS_IMPLEMENTED_PROJECT_CHECKS,9453.1057650000,8792.2378860000,0.2250000000,0.3500000000,0.3500000000,3.0000000000,1.0000000000,103,112,101,112,104,112
1428,neighbor,True,PASS_IMPLEMENTED_PROJECT_CHECKS,9617.6596650000,8792.2378860000,0.2250000000,0.3500000000,0.3500000000,3.0000000000,1.0000000000,103,112,103,110,101,111
1429,neighbor,False,MAXIMUM_MAIN_STEEL,999999999.0000000000,8792.2378860000,0.2000000000,0.3500000000,0.3500000000,3.0000000000,1.0000000000,104,110,101,110,101,113
1430,neighbor,True,PASS_IMPLEMENTED_PROJECT_CHECKS,8995.3411250000,8792.2378860000,0.2250000000,0.3500000000,0.3500000000,3.0000000000,1.0000000000,103,112,101,111,101,111
1431,neighbor,False,STEM_STRESS_OR_INTERVAL_BOUND,999999999.0000000000,8792.2378860000,0.2500000000,0.3500000000,0.3500000000,3.0000000000,0.9000000000,100,110,101,110,104,112
1432,neighbor,False,MINIMUM_MAIN_STEEL,999999999.0000000000,8792.2378860000,0.2250000000,0.3500000000,0.3500000000,3.0000000000,1.0000000000,100,113,101,112,101,111
1433,neighbor,False,MINIMUM_MAIN_STEEL,999999999.0000000000,8792.2378860000,0.2250000000,0.3500000000,0.3500000000,3.0000000000,1.0000000000,103,112,100,112,101,111
1434,neighbor,True,PASS_IMPLEMENTED_PROJECT_CHECKS,10471.1105200000,8792.2378860000,0.2500000000,0.3500000000,0.3500000000,3.0000000000,0.8000000000,103,111,100,110,103,111
1435,neighbor,False,MEMBER_FLEXURE,999999999.0000000000,8792.2378860000,0.2250000000,0.3500000000,0.3500000000,3.0000000000,1.0000000000,103,112,101,112,100,111
1436,neighbor,False,STEM_STRESS_OR_INTERVAL_BOUND,999999999.0000000000,8792.2378860000,0.2000000000,0.3500000000,0.3500000000,3.0000000000,1.0000000000,102,112,104,110,104,112
1437,neighbor,True,PASS_IMPLEMENTED_PROJECT_CHECKS,9529.6816350000,8792.2378860000,0.2250000000,0.3500000000,0.3500000000,3.0000000000,1.0000000000,102,110,101,112,101,111
1438,neighbor,False,STEM_STRESS_OR_INTERVAL_BOUND,999999999.0000000000,8792.2378860000,0.2000000000,0.3500000000,0.3500000000,3.0000000000,1.0000000000,102,112,101,112,101,111
1439,neighbor,False,MINIMUM_MAIN_STEEL,999999999.0000000000,8792.2378860000,0.2000000000,0.3500000000,0.3500000000,3.0000000000,1.0000000000,100,111,101,112,101,111
1440,neighbor,False,STEM_STRESS_OR_INTERVAL_BOUND,999999999.0000000000,8792.2378860000,0.2250000000,0.3500000000,0.3500000000,3.0000000000,1.0000000000,102,112,101,112,101,111
1441,neighbor,False,MINIMUM_MAIN_STEEL,999999999.0000000000,8792.2378860000,0.2250000000,0.3500000000,0.3500000000,3.0000000000,1.0000000000,101,113,104,110,101,111
1442,neighbor,False,MINIMUM_MAIN_STEEL,999999999.0000000000,8792.2378860000,0.2000000000,0.3500000000,0.3500000000,3.0000000000,0.9000000000,100,113,102,112,101,110
1443,neighbor,False,STEM_STRESS_OR_INTERVAL_BOUND,999999999.0000000000,8792.2378860000,0.2000000000,0.3500000000,0.3500000000,3.0000000000,1.0000000000,101,110,104,112,104,110
1444,neighbor,False,MEMBER_FLEXURE,999999999.0000000000,8792.2378860000,0.2000000000,0.3500000000,0.3500000000,3.0000000000,1.0000000000,103,112,101,110,100,111
1445,neighbor,True,PASS_IMPLEMENTED_PROJECT_CHECKS,9298.5102450000,8792.2378860000,0.2250000000,0.3500000000,0.3500000000,3.0000000000,1.0000000000,103,112,104,112,101,111
1446,neighbor,True,PASS_IMPLEMENTED_PROJECT_CHECKS,9160.7958450000,8792.2378860000,0.2250000000,0.3500000000,0.3500000000,3.0000000000,1.0000000000,103,112,101,112,102,111
1447,neighbor,False,MINIMUM_MAIN_STEEL,999999999.0000000000,8792.2378860000,0.2000000000,0.3500000000,0.3500000000,3.0000000000,0.8000000000,100,112,100,113,103,112
1448,neighbor,True,PASS_IMPLEMENTED_PROJECT_CHECKS,9332.8286060000,8792.2378860000,0.2000000000,0.3500000000,0.3500000000,3.0000000000,1.0000000000,104,113,104,111,101,111
1449,neighbor,True,PASS_IMPLEMENTED_PROJECT_CHECKS,9089.0120100000,8792.2378860000,0.2500000000,0.3500000000,0.3500000000,3.0000000000,1.0000000000,103,112,101,112,101,111
1450,neighbor,True,PASS_IMPLEMENTED_PROJECT_CHECKS,9005.3118450000,8792.2378860000,0.2250000000,0.3500000000,0.3500000000,3.0000000000,1.0000000000,103,112,101,112,102,112
1451,neighbor,False,MINIMUM_MAIN_STEEL,999999999.0000000000,8792.2378860000,0.2500000000,0.3500000000,0.3500000000,3.0000000000,1.0000000000,100,111,104,112,100,111
1452,neighbor,False,MINIMUM_MAIN_STEEL,999999999.0000000000,8792.2378860000,0.2000000000,0.3500000000,0.3500000000,3.0000000000,1.0000000000,100,113,101,110,100,112
1453,neighbor,False,MEMBER_FLEXURE,999999999.0000000000,8792.2378860000,0.2250000000,0.3500000000,0.3500000000,3.0000000000,1.0000000000,103,112,101,112,100,111
1454,neighbor,False,STEM_STRESS_OR_INTERVAL_BOUND,999999999.0000000000,8792.2378860000,0.2000000000,0.3500000000,0.3500000000,3.0000000000,0.9000000000,100,110,101,111,102,112
1455,neighbor,False,MINIMUM_MAIN_STEEL,999999999.0000000000,8792.2378860000,0.2000000000,0.3500000000,0.3500000000,3.0000000000,0.9000000000,100,111,101,112,102,110
1456,neighbor,False,MINIMUM_MAIN_STEEL,999999999.0000000000,8792.2378860000,0.2250000000,0.3500000000,0.3500000000,3.0000000000,1.0000000000,103,112,101,111,100,112
1457,neighbor,False,STEM_STRESS_OR_INTERVAL_BOUND,999999999.0000000000,8792.2378860000,0.2000000000,0.3500000000,0.3500000000,3.0000000000,0.8000000000,101,110,101,111,102,112
1458,neighbor,False,MAXIMUM_MAIN_STEEL,999999999.0000000000,8792.2378860000,0.2000000000,0.3500000000,0.3500000000,3.0000000000,0.8000000000,104,111,102,111,100,111
1459,neighbor,False,MAXIMUM_MAIN_STEEL,999999999.0000000000,8792.2378860000,0.2000000000,0.3500000000,0.3500000000,3.0000000000,0.8000000000,102,110,104,111,102,112
1460,neighbor,True,PASS_IMPLEMENTED_PROJECT_CHECKS,9189.6159150000,8792.2378860000,0.2250000000,0.3500000000,0.3500000000,3.0000000000,1.0000000000,103,112,103,112,101,111
1461,neighbor,False,MINIMUM_MAIN_STEEL,999999999.0000000000,8792.2378860000,0.2250000000,0.3500000000,0.3500000000,3.0000000000,0.9000000000,100,113,100,112,100,113
1462,neighbor,False,MINIMUM_MAIN_STEEL,999999999.0000000000,8792.2378860000,0.2250000000,0.3500000000,0.3500000000,3.0000000000,1.0000000000,100,112,101,113,102,112
1463,neighbor,False,MINIMUM_MAIN_STEEL,999999999.0000000000,8792.2378860000,0.2000000000,0.3500000000,0.3500000000,3.0000000000,1.0000000000,103,110,102,113,100,112
1464,neighbor,True,PASS_IMPLEMENTED_PROJECT_CHECKS,9477.4896050000,8792.2378860000,0.2250000000,0.3500000000,0.3500000000,3.0000000000,1.0000000000,103,112,104,111,101,111
1465,neighbor,False,MINIMUM_MAIN_STEEL,999999999.0000000000,8792.2378860000,0.2000000000,0.3500000000,0.3500000000,3.0000000000,1.0000000000,100,112,100,112,101,113
1466,neighbor,False,MAXIMUM_MAIN_STEEL,999999999.0000000000,8792.2378860000,0.2000000000,0.3500000000,0.3500000000,3.0000000000,1.0000000000,104,111,104,113,104,111
1467,neighbor,True,PASS_IMPLEMENTED_PROJECT_CHECKS,9529.6816350000,8792.2378860000,0.2250000000,0.3500000000,0.3500000000,3.0000000000,1.0000000000,102,110,101,112,101,111
1468,neighbor,True,PASS_IMPLEMENTED_PROJECT_CHECKS,9298.5102450000,8792.2378860000,0.2250000000,0.3500000000,0.3500000000,3.0000000000,1.0000000000,103,112,104,112,101,111
1469,neighbor,False,MAXIMUM_MAIN_STEEL,999999999.0000000000,8792.2378860000,0.2250000000,0.3500000000,0.3500000000,3.0000000000,0.9000000000,103,110,100,110,100,111
1470,neighbor,False,MINIMUM_MAIN_STEEL,999999999.0000000000,8792.2378860000,0.2500000000,0.3500000000,0.3500000000,3.0000000000,1.0000000000,100,113,100,110,100,110
1471,neighbor,False,MINIMUM_MAIN_STEEL,999999999.0000000000,8792.2378860000,0.2250000000,0.3500000000,0.3500000000,3.0000000000,0.9000000000,100,111,103,113,102,111
1472,neighbor,False,STEM_STRESS_OR_INTERVAL_BOUND,999999999.0000000000,8792.2378860000,0.2000000000,0.3500000000,0.3500000000,3.0000000000,1.0000000000,101,111,101,112,101,111
1473,neighbor,False,MEMBER_FLEXURE,999999999.0000000000,8792.2378860000,0.2750000000,0.3500000000,0.3500000000,3.0000000000,1.0000000000,103,112,103,111,101,113
1474,neighbor,False,STEM_STRESS_OR_INTERVAL_BOUND,999999999.0000000000,8792.2378860000,0.2000000000,0.3500000000,0.3500000000,3.0000000000,1.0000000000,102,111,101,112,101,111
1475,neighbor,False,MINIMUM_MAIN_STEEL,999999999.0000000000,8792.2378860000,0.2000000000,0.3500000000,0.3500000000,3.0000000000,1.0000000000,101,113,100,112,103,113
1476,neighbor,True,PASS_IMPLEMENTED_PROJECT_CHECKS,9332.2971650000,8792.2378860000,0.2250000000,0.3500000000,0.3500000000,3.0000000000,1.0000000000,103,112,103,111,101,111
1477,neighbor,True,PASS_IMPLEMENTED_PROJECT_CHECKS,10174.9361250000,8792.2378860000,0.2750000000,0.3500000000,0.3500000000,3.0000000000,0.9000000000,103,111,103,113,102,112
1478,neighbor,False,MEMBER_FLEXURE,999999999.0000000000,8792.2378860000,0.2500000000,0.3500000000,0.3500000000,3.0000000000,0.8000000000,102,110,103,113,100,111
1479,neighbor,False,MEMBER_FLEXURE,999999999.0000000000,8792.2378860000,0.2500000000,0.3500000000,0.3500000000,3.0000000000,1.0000000000,103,111,101,113,102,110
1480,neighbor,False,STEM_STRESS_OR_INTERVAL_BOUND,999999999.0000000000,8792.2378860000,0.2000000000,0.3500000000,0.3500000000,3.0000000000,1.0000000000,102,112,101,112,101,111
1481,neighbor,False,MINIMUM_MAIN_STEEL,999999999.0000000000,8792.2378860000,0.2000000000,0.3500000000,0.3500000000,3.0000000000,0.9000000000,100,111,103,110,100,111
1482,neighbor,False,STEM_STRESS_OR_INTERVAL_BOUND,999999999.0000000000,8792.2378860000,0.2750000000,0.3500000000,0.3500000000,3.0000000000,1.0000000000,102,113,102,112,102,111
1483,neighbor,False,MINIMUM_MAIN_STEEL,999999999.0000000000,8792.2378860000,0.2500000000,0.3500000000,0.3500000000,3.0000000000,1.0000000000,101,113,102,113,100,112
1484,neighbor,False,MAXIMUM_MAIN_STEEL,999999999.0000000000,8792.2378860000,0.2250000000,0.3500000000,0.3500000000,3.0000000000,1.0000000000,104,110,102,110,103,112
1485,neighbor,False,MINIMUM_MAIN_STEEL,999999999.0000000000,8792.2378860000,0.2250000000,0.3500000000,0.3500000000,3.0000000000,0.9000000000,100,111,102,111,103,110
1486,neighbor,True,PASS_IMPLEMENTED_PROJECT_CHECKS,9233.2201260000,8792.2378860000,0.2000000000,0.3500000000,0.3500000000,3.0000000000,1.0000000000,104,113,102,110,102,112
1487,neighbor,False,MAXIMUM_MAIN_STEEL,999999999.0000000000,8792.2378860000,0.2750000000,0.3500000000,0.3500000000,3.0000000000,1.0000000000,103,110,104,110,100,110
1488,neighbor,False,MINIMUM_MAIN_STEEL,999999999.0000000000,8792.2378860000,0.2000000000,0.3500000000,0.3500000000,3.0000000000,0.9000000000,100,111,100,111,101,113
1489,neighbor,True,PASS_IMPLEMENTED_PROJECT_CHECKS,9191.1226290000,8792.2378860000,0.2250000000,0.3500000000,0.3500000000,3.0000000000,1.0000000000,103,112,104,113,101,111
1490,neighbor,False,MAXIMUM_MAIN_STEEL,999999999.0000000000,8792.2378860000,0.2000000000,0.3500000000,0.3500000000,3.0000000000,1.0000000000,104,111,101,112,101,111
1491,neighbor,False,STEM_STRESS_OR_INTERVAL_BOUND,999999999.0000000000,8792.2378860000,0.2250000000,0.3500000000,0.3500000000,3.0000000000,1.0000000000,102,111,101,112,101,111
1492,neighbor,False,STEM_STRESS_OR_INTERVAL_BOUND,999999999.0000000000,8792.2378860000,0.2250000000,0.3500000000,0.3500000000,3.0000000000,1.0000000000,101,110,101,112,101,111
1493,neighbor,False,STEM_STRESS_OR_INTERVAL_BOUND,999999999.0000000000,8792.2378860000,0.2000000000,0.3500000000,0.3500000000,3.0000000000,0.9000000000,101,112,100,110,104,111
1494,neighbor,False,MINIMUM_MAIN_STEEL,999999999.0000000000,8792.2378860000,0.2250000000,0.3500000000,0.3500000000,3.0000000000,0.9000000000,101,112,100,110,100,113
1495,neighbor,False,MINIMUM_MAIN_STEEL,999999999.0000000000,8792.2378860000,0.2500000000,0.3500000000,0.3500000000,3.0000000000,0.9000000000,104,112,100,112,103,110
1496,neighbor,False,STEM_STRESS_OR_INTERVAL_BOUND,999999999.0000000000,8792.2378860000,0.2000000000,0.3500000000,0.3500000000,3.0000000000,0.9000000000,102,113,104,111,102,110
1497,neighbor,False,STEM_STRESS_OR_INTERVAL_BOUND,999999999.0000000000,8792.2378860000,0.2500000000,0.3500000000,0.3500000000,3.0000000000,0.8000000000,103,113,103,110,102,111
1498,neighbor,False,MEMBER_FLEXURE,999999999.0000000000,8792.2378860000,0.2250000000,0.3500000000,0.3500000000,3.0000000000,1.0000000000,103,112,101,110,100,110
1499,neighbor,False,MAXIMUM_MAIN_STEEL,999999999.0000000000,8792.2378860000,0.2500000000,0.3500000000,0.3500000000,3.0000000000,1.0000000000,103,110,104,110,102,111
1500,neighbor,True,PASS_IMPLEMENTED_PROJECT_CHECKS,9121.9248450000,8792.2378860000,0.2250000000,0.3500000000,0.3500000000,3.0000000000,1.0000000000,103,112,101,112,103,113
1501,neighbor,False,STEM_STRESS_OR_INTERVAL_BOUND,999999999.0000000000,8792.2378860000,0.2250000000,0.3500000000,0.3500000000,3.0000000000,0.9000000000,102,111,100,110,103,112
1502,neighbor,False,STEM_STRESS_OR_INTERVAL_BOUND,999999999.0000000000,8792.2378860000,0.2750000000,0.3500000000,0.3500000000,3.0000000000,0.8000000000,102,113,100,110,103,110
1503,neighbor,False,MAXIMUM_MAIN_STEEL,999999999.0000000000,8792.2378860000,0.2250000000,0.3500000000,0.3500000000,3.0000000000,0.9000000000,104,111,102,113,104,110
1504,neighbor,False,MINIMUM_MAIN_STEEL,999999999.0000000000,8792.2378860000,0.2500000000,0.3500000000,0.3500000000,3.0000000000,1.0000000000,101,113,101,112,101,111
1505,neighbor,True,PASS_IMPLEMENTED_PROJECT_CHECKS,11279.3558400000,8792.2378860000,0.2500000000,0.3500000000,0.3500000000,3.0000000000,1.0000000000,102,110,103,113,104,110
1506,neighbor,True,PASS_IMPLEMENTED_PROJECT_CHECKS,10948.2345650000,8792.2378860000,0.2750000000,0.3500000000,0.3500000000,3.0000000000,1.0000000000,102,110,104,111,103,111
1507,neighbor,True,PASS_IMPLEMENTED_PROJECT_CHECKS,9135.9184050000,8792.2378860000,0.2250000000,0.3500000000,0.3500000000,3.0000000000,1.0000000000,103,112,101,112,101,110
1508,neighbor,False,MEMBER_FLEXURE,999999999.0000000000,8792.2378860000,0.2750000000,0.3500000000,0.3500000000,3.0000000000,0.9000000000,103,112,102,112,102,113
1509,neighbor,True,PASS_IMPLEMENTED_PROJECT_CHECKS,9112.2256050000,8792.2378860000,0.2250000000,0.3500000000,0.3500000000,3.0000000000,1.0000000000,103,112,101,110,101,111
1510,neighbor,False,MINIMUM_MAIN_STEEL,999999999.0000000000,8792.2378860000,0.2250000000,0.3500000000,0.3500000000,3.0000000000,0.8000000000,101,113,100,111,101,110
1511,neighbor,True,PASS_IMPLEMENTED_PROJECT_CHECKS,9996.5223450000,8792.2378860000,0.2250000000,0.3500000000,0.3500000000,3.0000000000,1.0000000000,103,112,101,112,103,110
1512,neighbor,True,PASS_IMPLEMENTED_PROJECT_CHECKS,10269.3371250000,8792.2378860000,0.2750000000,0.3500000000,0.3500000000,3.0000000000,1.0000000000,103,111,102,112,102,111
1513,neighbor,False,STEM_STRESS_OR_INTERVAL_BOUND,999999999.0000000000,8792.2378860000,0.2250000000,0.3500000000,0.3500000000,3.0000000000,1.0000000000,101,112,102,111,101,110
1514,neighbor,False,STEM_STRESS_OR_INTERVAL_BOUND,999999999.0000000000,8792.2378860000,0.2750000000,0.3500000000,0.3500000000,3.0000000000,1.0000000000,101,112,104,113,102,112
1515,neighbor,True,PASS_IMPLEMENTED_PROJECT_CHECKS,9288.0315300000,8792.2378860000,0.2500000000,0.3500000000,0.3500000000,3.0000000000,1.0000000000,103,112,101,112,101,110
1516,neighbor,False,MINIMUM_MAIN_STEEL,999999999.0000000000,8792.2378860000,0.2250000000,0.3500000000,0.3500000000,3.0000000000,1.0000000000,101,113,101,112,101,111
1517,neighbor,False,MAXIMUM_MAIN_STEEL,999999999.0000000000,8792.2378860000,0.2250000000,0.3500000000,0.3500000000,3.0000000000,1.0000000000,104,111,104,112,104,113
1518,neighbor,False,STEM_STRESS_OR_INTERVAL_BOUND,999999999.0000000000,8792.2378860000,0.2000000000,0.3500000000,0.3500000000,3.0000000000,1.0000000000,102,111,103,113,102,110
1519,neighbor,True,PASS_IMPLEMENTED_PROJECT_CHECKS,8980.7305650000,8792.2378860000,0.2250000000,0.3500000000,0.3500000000,3.0000000000,1.0000000000,103,112,102,113,101,111
1520,neighbor,False,MAXIMUM_MAIN_STEEL,999999999.0000000000,8792.2378860000,0.2000000000,0.3500000000,0.3500000000,3.0000000000,0.9000000000,104,111,101,111,104,111
1521,neighbor,False,MINIMUM_MAIN_STEEL,999999999.0000000000,8792.2378860000,0.2000000000,0.3500000000,0.3500000000,3.0000000000,1.0000000000,101,110,104,113,100,112
1522,neighbor,False,MINIMUM_MAIN_STEEL,999999999.0000000000,8792.2378860000,0.2750000000,0.3500000000,0.3500000000,3.0000000000,1.0000000000,101,112,100,112,102,110
1523,neighbor,False,MINIMUM_MAIN_STEEL,999999999.0000000000,8792.2378860000,0.2000000000,0.3500000000,0.3500000000,3.0000000000,1.0000000000,100,112,101,111,101,113
1524,neighbor,False,MINIMUM_MAIN_STEEL,999999999.0000000000,8792.2378860000,0.2000000000,0.3500000000,0.3500000000,3.0000000000,0.9000000000,104,110,103,112,100,112
1525,neighbor,False,MINIMUM_MAIN_STEEL,999999999.0000000000,8792.2378860000,0.2750000000,0.3500000000,0.3500000000,3.0000000000,1.0000000000,103,113,104,112,100,112
1526,neighbor,False,MINIMUM_MAIN_STEEL,999999999.0000000000,8792.2378860000,0.2250000000,0.3500000000,0.3500000000,3.0000000000,1.0000000000,103,112,103,111,100,113
1527,neighbor,False,MINIMUM_MAIN_STEEL,999999999.0000000000,8792.2378860000,0.2750000000,0.3500000000,0.3500000000,3.0000000000,1.0000000000,102,111,100,110,100,113
1528,neighbor,False,MINIMUM_MAIN_STEEL,999999999.0000000000,8792.2378860000,0.2250000000,0.3500000000,0.3500000000,3.0000000000,1.0000000000,103,112,100,113,101,111
1529,neighbor,False,MINIMUM_MAIN_STEEL,999999999.0000000000,8792.2378860000,0.2250000000,0.3500000000,0.3500000000,3.0000000000,1.0000000000,100,111,101,112,101,111
1530,neighbor,False,STEM_STRESS_OR_INTERVAL_BOUND,999999999.0000000000,8792.2378860000,0.2250000000,0.3500000000,0.3500000000,3.0000000000,1.0000000000,101,110,100,110,102,112
1531,neighbor,False,MAXIMUM_MAIN_STEEL,999999999.0000000000,8792.2378860000,0.2250000000,0.3500000000,0.3500000000,3.0000000000,1.0000000000,104,111,102,111,101,112
1532,neighbor,False,MINIMUM_MAIN_STEEL,999999999.0000000000,8792.2378860000,0.2000000000,0.3500000000,0.3500000000,3.0000000000,0.9000000000,100,111,102,113,103,111
1533,neighbor,False,MAXIMUM_MAIN_STEEL,999999999.0000000000,8792.2378860000,0.2000000000,0.3500000000,0.3500000000,3.0000000000,0.9000000000,104,112,103,112,100,110
1534,neighbor,False,STEM_STRESS_OR_INTERVAL_BOUND,999999999.0000000000,8792.2378860000,0.2750000000,0.3500000000,0.3500000000,3.0000000000,0.9000000000,102,111,100,111,101,111
1535,neighbor,False,MINIMUM_MAIN_STEEL,999999999.0000000000,8792.2378860000,0.2000000000,0.3500000000,0.3500000000,3.0000000000,1.0000000000,104,111,101,113,100,112
1536,neighbor,False,STEM_STRESS_OR_INTERVAL_BOUND,999999999.0000000000,8792.2378860000,0.2250000000,0.3500000000,0.3500000000,3.0000000000,1.0000000000,102,113,101,112,101,111
1537,neighbor,False,STEM_STRESS_OR_INTERVAL_BOUND,999999999.0000000000,8792.2378860000,0.2250000000,0.3500000000,0.3500000000,3.0000000000,1.0000000000,102,113,101,112,101,111
1538,neighbor,True,PASS_IMPLEMENTED_PROJECT_CHECKS,10664.9328450000,8792.2378860000,0.2750000000,0.3500000000,0.3500000000,3.0000000000,1.0000000000,104,111,101,112,101,111
1539,neighbor,False,MINIMUM_MAIN_STEEL,999999999.0000000000,8792.2378860000,0.2000000000,0.3500000000,0.3500000000,3.0000000000,0.8000000000,100,112,102,110,103,110
1540,neighbor,True,PASS_IMPLEMENTED_PROJECT_CHECKS,8980.7305650000,8792.2378860000,0.2250000000,0.3500000000,0.3500000000,3.0000000000,1.0000000000,103,112,102,113,101,111
1541,neighbor,False,MINIMUM_MAIN_STEEL,999999999.0000000000,8792.2378860000,0.2750000000,0.3500000000,0.3500000000,3.0000000000,1.0000000000,100,111,104,111,100,111
1542,neighbor,False,STEM_STRESS_OR_INTERVAL_BOUND,999999999.0000000000,8792.2378860000,0.2250000000,0.3500000000,0.3500000000,3.0000000000,1.0000000000,101,112,101,113,103,112
1543,neighbor,False,MINIMUM_MAIN_STEEL,999999999.0000000000,8792.2378860000,0.2250000000,0.3500000000,0.3500000000,3.0000000000,1.0000000000,101,113,101,112,101,111
1544,neighbor,True,PASS_IMPLEMENTED_PROJECT_CHECKS,10116.2302170000,8792.2378860000,0.2250000000,0.3500000000,0.3500000000,3.0000000000,0.8000000000,103,112,101,113,103,110
1545,neighbor,True,PASS_IMPLEMENTED_PROJECT_CHECKS,10262.8606800000,8792.2378860000,0.2500000000,0.3500000000,0.3500000000,3.0000000000,0.8000000000,102,110,100,111,102,110
1546,neighbor,True,PASS_IMPLEMENTED_PROJECT_CHECKS,9681.7947600000,8792.2378860000,0.2500000000,0.3500000000,0.3500000000,3.0000000000,1.0000000000,102,110,101,112,101,111
1547,neighbor,False,MINIMUM_MAIN_STEEL,999999999.0000000000,8792.2378860000,0.2750000000,0.3500000000,0.3500000000,3.0000000000,1.0000000000,101,113,100,113,104,112
1548,neighbor,False,MINIMUM_MAIN_STEEL,999999999.0000000000,8792.2378860000,0.2500000000,0.3500000000,0.3500000000,3.0000000000,1.0000000000,100,111,101,112,101,111
1549,neighbor,False,MINIMUM_MAIN_STEEL,999999999.0000000000,8792.2378860000,0.2000000000,0.3500000000,0.3500000000,3.0000000000,1.0000000000,101,112,100,112,104,111
1550,neighbor,False,MINIMUM_MAIN_STEEL,999999999.0000000000,8792.2378860000,0.2250000000,0.3500000000,0.3500000000,3.0000000000,1.0000000000,103,112,101,112,100,113
1551,neighbor,False,MEMBER_FLEXURE,999999999.0000000000,8792.2378860000,0.2250000000,0.3500000000,0.3500000000,3.0000000000,1.0000000000,103,112,101,112,101,112
1552,neighbor,False,MINIMUM_MAIN_STEEL,999999999.0000000000,8792.2378860000,0.2000000000,0.3500000000,0.3500000000,3.0000000000,0.9000000000,104,113,100,113,103,110
1553,neighbor,False,MINIMUM_MAIN_STEEL,999999999.0000000000,8792.2378860000,0.2500000000,0.3500000000,0.3500000000,3.0000000000,1.0000000000,104,111,100,113,104,112
1554,neighbor,False,STEM_STRESS_OR_INTERVAL_BOUND,999999999.0000000000,8792.2378860000,0.2750000000,0.3500000000,0.3500000000,3.0000000000,1.0000000000,101,111,101,112,101,111
1555,neighbor,False,STEM_STRESS_OR_INTERVAL_BOUND,999999999.0000000000,8792.2378860000,0.2250000000,0.3500000000,0.3500000000,3.0000000000,1.0000000000,102,111,104,111,101,113
1556,neighbor,False,MINIMUM_MAIN_STEEL,999999999.0000000000,8792.2378860000,0.2000000000,0.3500000000,0.3500000000,3.0000000000,1.0000000000,102,111,103,110,100,112
1557,neighbor,False,STEM_STRESS_OR_INTERVAL_BOUND,999999999.0000000000,8792.2378860000,0.2250000000,0.3500000000,0.3500000000,3.0000000000,1.0000000000,101,112,101,112,101,111
1558,neighbor,False,MINIMUM_MAIN_STEEL,999999999.0000000000,8792.2378860000,0.2000000000,0.3500000000,0.3500000000,3.0000000000,0.9000000000,100,113,104,112,102,112
1559,neighbor,False,STEM_STRESS_OR_INTERVAL_BOUND,999999999.0000000000,8792.2378860000,0.2250000000,0.3500000000,0.3500000000,3.0000000000,1.0000000000,102,113,102,111,104,113
1560,neighbor,True,PASS_IMPLEMENTED_PROJECT_CHECKS,8944.3510110000,8792.2378860000,0.2250000000,0.3500000000,0.3500000000,3.0000000000,1.0000000000,104,113,101,112,101,111
1561,neighbor,False,STEM_STRESS_OR_INTERVAL_BOUND,999999999.0000000000,8792.2378860000,0.2250000000,0.3500000000,0.3500000000,3.0000000000,1.0000000000,102,111,101,112,102,110
1562,neighbor,False,STEM_STRESS_OR_INTERVAL_BOUND,999999999.0000000000,8792.2378860000,0.2000000000,0.3500000000,0.3500000000,3.0000000000,0.9000000000,102,113,101,112,104,113
1563,neighbor,False,MINIMUM_MAIN_STEEL,999999999.0000000000,8792.2378860000,0.2250000000,0.3500000000,0.3500000000,3.0000000000,1.0000000000,102,113,100,111,100,113
1564,neighbor,False,MAXIMUM_MAIN_STEEL,999999999.0000000000,8792.2378860000,0.2750000000,0.3500000000,0.3500000000,3.0000000000,1.0000000000,104,110,104,113,101,111
1565,neighbor,False,MAXIMUM_MAIN_STEEL,999999999.0000000000,8792.2378860000,0.2000000000,0.3500000000,0.3500000000,3.0000000000,0.9000000000,104,110,103,111,100,111
1566,neighbor,False,STEM_STRESS_OR_INTERVAL_BOUND,999999999.0000000000,8792.2378860000,0.2250000000,0.3500000000,0.3500000000,3.0000000000,0.8000000000,102,112,102,110,103,111
1567,neighbor,False,MAXIMUM_MAIN_STEEL,999999999.0000000000,8792.2378860000,0.2000000000,0.3500000000,0.3500000000,3.0000000000,1.0000000000,103,111,104,111,102,113
1568,neighbor,False,MAXIMUM_MAIN_STEEL,999999999.0000000000,8792.2378860000,0.2000000000,0.3500000000,0.3500000000,3.0000000000,1.0000000000,103,110,102,110,101,113
1569,neighbor,False,MINIMUM_MAIN_STEEL,999999999.0000000000,8792.2378860000,0.2000000000,0.3500000000,0.3500000000,3.0000000000,0.9000000000,100,111,103,111,101,113
1570,neighbor,True,PASS_IMPLEMENTED_PROJECT_CHECKS,9464.7041310000,8792.2378860000,0.2250000000,0.3500000000,0.3500000000,3.0000000000,0.8000000000,104,113,104,112,101,110
1571,neighbor,False,MINIMUM_MAIN_STEEL,999999999.0000000000,8792.2378860000,0.2000000000,0.3500000000,0.3500000000,3.0000000000,0.9000000000,100,112,103,112,104,112
1572,neighbor,False,STEM_STRESS_OR_INTERVAL_BOUND,999999999.0000000000,8792.2378860000,0.2750000000,0.3500000000,0.3500000000,3.0000000000,0.8000000000,101,111,100,110,103,112
1573,reset,True,PASS_IMPLEMENTED_PROJECT_CHECKS,8936.8988850000,8792.2378860000,0.2250000000,0.3500000000,0.3500000000,3.0000000000,1.0000000000,103,112,101,112,101,111
1574,neighbor,False,MEMBER_FLEXURE,999999999.0000000000,8792.2378860000,0.2750000000,0.3500000000,0.3000000000,3.5000000000,0.8000000000,104,111,102,112,101,111
1575,neighbor,True,PASS_IMPLEMENTED_PROJECT_CHECKS,8958.8147250000,8792.2378860000,0.2250000000,0.3500000000,0.3500000000,3.0000000000,1.0000000000,103,112,100,110,101,111
1576,neighbor,False,MINIMUM_MAIN_STEEL,999999999.0000000000,8792.2378860000,0.2750000000,0.4500000000,0.4000000000,2.5000000000,0.9000000000,102,111,100,113,104,113
1577,neighbor,False,MINIMUM_MAIN_STEEL,999999999.0000000000,8792.2378860000,0.2250000000,0.3500000000,0.3500000000,3.0000000000,1.0000000000,100,112,101,112,101,111
1578,neighbor,True,PASS_IMPLEMENTED_PROJECT_CHECKS,8980.7305650000,8792.2378860000,0.2250000000,0.3500000000,0.3500000000,3.0000000000,1.0000000000,103,112,102,113,101,111
1579,neighbor,False,STEM_STRESS_OR_INTERVAL_BOUND,999999999.0000000000,8792.2378860000,0.2500000000,0.3000000000,0.3000000000,3.5000000000,0.8000000000,102,111,103,112,104,111
1580,neighbor,False,ENVELOPE_BASE_CONTACT,999999999.0000000000,8792.2378860000,0.2000000000,0.3500000000,0.3000000000,2.5000000000,0.9000000000,101,111,101,112,103,110
1581,neighbor,False,MEMBER_FLEXURE,999999999.0000000000,8792.2378860000,0.2250000000,0.3500000000,0.3500000000,3.0000000000,1.0000000000,103,112,101,112,101,112
1582,neighbor,False,MINIMUM_MAIN_STEEL,999999999.0000000000,8792.2378860000,0.2000000000,0.4000000000,0.3500000000,3.0000000000,1.0000000000,101,113,101,112,101,111
1583,neighbor,False,MAXIMUM_MAIN_STEEL,999999999.0000000000,8792.2378860000,0.2000000000,0.4000000000,0.3000000000,3.0000000000,1.0000000000,104,110,104,113,103,110
1584,neighbor,True,PASS_IMPLEMENTED_PROJECT_CHECKS,12398.0905450000,8792.2378860000,0.2750000000,0.4500000000,0.3500000000,3.5000000000,0.8000000000,103,111,101,110,104,111
1585,neighbor,False,MINIMUM_MAIN_STEEL,999999999.0000000000,8792.2378860000,0.2250000000,0.4500000000,0.4500000000,3.0000000000,0.9000000000,100,112,103,111,104,111
1586,neighbor,True,PASS_IMPLEMENTED_PROJECT_CHECKS,9475.4843550000,8792.2378860000,0.2250000000,0.3500000000,0.3500000000,3.0000000000,1.0000000000,104,112,101,112,101,111
1587,neighbor,True,PASS_IMPLEMENTED_PROJECT_CHECKS,12569.8556400000,8792.2378860000,0.2250000000,0.3500000000,0.6000000000,3.5000000000,1.0000000000,103,111,103,111,101,111
1588,neighbor,False,MINIMUM_MAIN_STEEL,999999999.0000000000,8792.2378860000,0.2500000000,0.4000000000,0.3500000000,3.5000000000,1.0000000000,103,110,100,112,100,111
1589,neighbor,False,MINIMUM_MAIN_STEEL,999999999.0000000000,8792.2378860000,0.2250000000,0.3500000000,0.3500000000,3.0000000000,1.0000000000,100,112,101,112,101,111
1590,neighbor,False,MAXIMUM_MAIN_STEEL,999999999.0000000000,8792.2378860000,0.2000000000,0.3500000000,0.3500000000,3.0000000000,1.0000000000,104,111,101,112,101,111
1591,neighbor,False,STEM_STRESS_OR_INTERVAL_BOUND,999999999.0000000000,8792.2378860000,0.2500000000,0.3500000000,0.6000000000,3.5000000000,0.8000000000,101,110,104,111,101,111
1592,neighbor,True,PASS_IMPLEMENTED_PROJECT_CHECKS,8936.8988850000,8792.2378860000,0.2250000000,0.3500000000,0.3500000000,3.0000000000,1.0000000000,103,112,101,112,101,111
1593,neighbor,False,MAXIMUM_MAIN_STEEL,999999999.0000000000,8792.2378860000,0.2000000000,0.4000000000,0.6000000000,3.5000000000,0.8000000000,104,112,102,111,104,112
1594,neighbor,True,PASS_IMPLEMENTED_PROJECT_CHECKS,11168.5502250000,8792.2378860000,0.2250000000,0.3500000000,0.5500000000,3.5000000000,1.0000000000,103,112,101,111,101,111
1595,neighbor,False,ENVELOPE_BASE_CONTACT,999999999.0000000000,8792.2378860000,0.2250000000,0.3500000000,0.3000000000,2.5000000000,1.0000000000,103,112,104,113,102,112
1596,neighbor,False,MINIMUM_MAIN_STEEL,999999999.0000000000,8792.2378860000,0.2500000000,0.3000000000,0.5000000000,3.5000000000,1.0000000000,101,113,100,112,101,110
1597,neighbor,False,MINIMUM_MAIN_STEEL,999999999.0000000000,8792.2378860000,0.2750000000,0.3500000000,0.5000000000,3.0000000000,0.8000000000,104,111,101,111,101,113
1598,neighbor,False,STEM_STRESS_OR_INTERVAL_BOUND,999999999.0000000000,8792.2378860000,0.2000000000,0.3000000000,0.4000000000,3.0000000000,0.9000000000,102,113,102,112,103,112
1599,neighbor,False,MINIMUM_MAIN_STEEL,999999999.0000000000,8792.2378860000,0.2750000000,0.4000000000,0.4000000000,3.0000000000,1.0000000000,101,111,100,111,104,111
1600,neighbor,False,ENVELOPE_BASE_CONTACT,999999999.0000000000,8792.2378860000,0.2250000000,0.3500000000,0.4000000000,2.5000000000,1.0000000000,103,112,102,110,100,110
1601,neighbor,False,MINIMUM_MAIN_STEEL,999999999.0000000000,8792.2378860000,0.2000000000,0.4500000000,0.3500000000,3.0000000000,1.0000000000,101,113,101,112,101,111
1602,neighbor,False,ENVELOPE_BASE_CONTACT,999999999.0000000000,8792.2378860000,0.2000000000,0.3000000000,0.4000000000,2.5000000000,0.8000000000,104,113,102,112,100,110
1603,neighbor,False,STEM_STRESS_OR_INTERVAL_BOUND,999999999.0000000000,8792.2378860000,0.2250000000,0.2500000000,0.3500000000,3.0000000000,1.0000000000,102,113,101,112,101,111
1604,neighbor,True,PASS_IMPLEMENTED_PROJECT_CHECKS,9309.4681650000,8792.2378860000,0.2250000000,0.3500000000,0.3500000000,3.0000000000,1.0000000000,103,112,102,110,101,111
1605,neighbor,False,STEM_STRESS_OR_INTERVAL_BOUND,999999999.0000000000,8792.2378860000,0.2500000000,0.2500000000,0.4000000000,3.5000000000,1.0000000000,102,112,103,111,101,111
1606,neighbor,False,MINIMUM_MAIN_STEEL,999999999.0000000000,8792.2378860000,0.2250000000,0.3500000000,0.5500000000,3.0000000000,1.0000000000,103,112,101,112,102,113
1607,neighbor,False,MINIMUM_MAIN_STEEL,999999999.0000000000,8792.2378860000,0.2250000000,0.4500000000,0.4000000000,3.5000000000,1.0000000000,102,113,103,111,103,113
1608,neighbor,False,MINIMUM_MAIN_STEEL,999999999.0000000000,8792.2378860000,0.2250000000,0.3500000000,0.3500000000,3.0000000000,1.0000000000,100,111,101,112,101,111
1609,neighbor,False,STEM_STRESS_OR_INTERVAL_BOUND,999999999.0000000000,8792.2378860000,0.2250000000,0.2500000000,0.3000000000,3.5000000000,1.0000000000,101,111,102,112,101,113
1610,neighbor,False,STEM_STRESS_OR_INTERVAL_BOUND,999999999.0000000000,8792.2378860000,0.2250000000,0.3500000000,0.3500000000,3.0000000000,1.0000000000,102,111,101,112,101,111
1611,neighbor,True,PASS_IMPLEMENTED_PROJECT_CHECKS,8936.8988850000,8792.2378860000,0.2250000000,0.3500000000,0.3500000000,3.0000000000,1.0000000000,103,112,101,112,101,111
1612,neighbor,False,ENVELOPE_BASE_CONTACT,999999999.0000000000,8792.2378860000,0.2750000000,0.4000000000,0.5000000000,2.5000000000,0.9000000000,102,110,101,110,104,113
1613,neighbor,False,MAXIMUM_MAIN_STEEL,999999999.0000000000,8792.2378860000,0.2000000000,0.4000000000,0.3500000000,3.0000000000,1.0000000000,104,112,101,112,101,111
1614,neighbor,True,PASS_IMPLEMENTED_PROJECT_CHECKS,9510.6348450000,8792.2378860000,0.2250000000,0.3500000000,0.3500000000,3.0000000000,1.0000000000,103,112,101,112,103,111
1615,neighbor,False,MINIMUM_MAIN_STEEL,999999999.0000000000,8792.2378860000,0.2000000000,0.4000000000,0.3000000000,3.0000000000,0.8000000000,104,111,103,110,100,113
1616,neighbor,False,STEM_STRESS_OR_INTERVAL_BOUND,999999999.0000000000,8792.2378860000,0.2250000000,0.2500000000,0.5500000000,3.5000000000,1.0000000000,101,111,102,113,103,112
1617,neighbor,False,STEM_STRESS_OR_INTERVAL_BOUND,999999999.0000000000,8792.2378860000,0.2500000000,0.2500000000,0.3500000000,3.0000000000,1.0000000000,101,113,101,112,101,111
1618,neighbor,False,MINIMUM_MAIN_STEEL,999999999.0000000000,8792.2378860000,0.2250000000,0.4000000000,0.5500000000,2.5000000000,0.8000000000,100,112,101,112,100,113
1619,neighbor,True,PASS_IMPLEMENTED_PROJECT_CHECKS,10663.5492850000,8792.2378860000,0.2250000000,0.3500000000,0.3500000000,3.5000000000,1.0000000000,103,112,104,110,103,113
1620,neighbor,True,PASS_IMPLEMENTED_PROJECT_CHECKS,9510.6348450000,8792.2378860000,0.2250000000,0.3500000000,0.3500000000,3.0000000000,1.0000000000,103,112,101,112,103,111
1621,neighbor,True,PASS_IMPLEMENTED_PROJECT_CHECKS,10157.7985000000,8792.2378860000,0.2000000000,0.4000000000,0.3500000000,3.5000000000,0.8000000000,102,111,103,110,103,113
1622,neighbor,False,MAXIMUM_MAIN_STEEL,999999999.0000000000,8792.2378860000,0.2000000000,0.3500000000,0.3000000000,3.5000000000,1.0000000000,103,111,103,113,101,112
1623,neighbor,False,ENVELOPE_BASE_CONTACT,999999999.0000000000,8792.2378860000,0.2500000000,0.4500000000,0.3500000000,2.5000000000,1.0000000000,104,111,102,111,101,110
1624,neighbor,False,ENVELOPE_BASE_CONTACT,999999999.0000000000,8792.2378860000,0.2250000000,0.3500000000,0.3000000000,2.5000000000,1.0000000000,103,112,101,112,100,110
1625,neighbor,True,PASS_IMPLEMENTED_PROJECT_CHECKS,9919.1875700000,8792.2378860000,0.2500000000,0.4000000000,0.3500000000,3.0000000000,1.0000000000,104,112,101,112,101,111
1626,neighbor,False,MINIMUM_MAIN_STEEL,999999999.0000000000,8792.2378860000,0.2250000000,0.3500000000,0.3000000000,3.0000000000,0.8000000000,103,112,100,112,100,112
1627,neighbor,False,MINIMUM_MAIN_STEEL,999999999.0000000000,8792.2378860000,0.2250000000,0.2500000000,0.3000000000,3.5000000000,1.0000000000,101,113,100,112,100,113
1628,neighbor,False,MINIMUM_MAIN_STEEL,999999999.0000000000,8792.2378860000,0.2000000000,0.3000000000,0.5500000000,2.5000000000,0.9000000000,101,113,100,112,104,112
1629,neighbor,False,STEM_STRESS_OR_INTERVAL_BOUND,999999999.0000000000,8792.2378860000,0.2000000000,0.3000000000,0.3500000000,3.0000000000,1.0000000000,102,111,102,111,104,110
1630,neighbor,False,MINIMUM_MAIN_STEEL,999999999.0000000000,8792.2378860000,0.2000000000,0.4000000000,0.3000000000,2.5000000000,0.8000000000,103,112,102,111,100,113
1631,neighbor,True,PASS_IMPLEMENTED_PROJECT_CHECKS,9475.4843550000,8792.2378860000,0.2250000000,0.3500000000,0.3500000000,3.0000000000,1.0000000000,104,112,101,112,101,111
1632,neighbor,False,STEM_STRESS_OR_INTERVAL_BOUND,999999999.0000000000,8792.2378860000,0.2500000000,0.4500000000,0.3500000000,3.0000000000,1.0000000000,102,112,101,112,101,111
1633,neighbor,False,MINIMUM_MAIN_STEEL,999999999.0000000000,8792.2378860000,0.2250000000,0.3000000000,0.5000000000,3.0000000000,0.9000000000,104,110,100,111,102,110
1634,neighbor,False,ENVELOPE_BASE_CONTACT,999999999.0000000000,8792.2378860000,0.2000000000,0.3000000000,0.4500000000,2.5000000000,1.0000000000,100,110,103,113,101,111
1635,neighbor,False,MAXIMUM_MAIN_STEEL,999999999.0000000000,8792.2378860000,0.2000000000,0.3500000000,0.3000000000,3.0000000000,0.8000000000,102,110,104,111,102,111
1636,neighbor,False,MINIMUM_MAIN_STEEL,999999999.0000000000,8792.2378860000,0.2250000000,0.4500000000,0.3000000000,3.5000000000,0.8000000000,102,110,100,112,103,111
1637,neighbor,True,PASS_IMPLEMENTED_PROJECT_CHECKS,10158.1640050000,8792.2378860000,0.2250000000,0.3500000000,0.3500000000,3.0000000000,0.8000000000,103,112,104,112,104,111
1638,neighbor,False,MAXIMUM_MAIN_STEEL,999999999.0000000000,8792.2378860000,0.2250000000,0.3500000000,0.3500000000,3.0000000000,1.0000000000,104,111,101,112,101,111
1639,neighbor,False,MINIMUM_MAIN_STEEL,999999999.0000000000,8792.2378860000,0.2000000000,0.3500000000,0.3500000000,3.5000000000,0.8000000000,101,113,104,111,100,110
1640,neighbor,False,MINIMUM_MAIN_STEEL,999999999.0000000000,8792.2378860000,0.2000000000,0.3000000000,0.3000000000,2.5000000000,1.0000000000,100,110,103,111,100,113
1641,neighbor,False,MINIMUM_MAIN_STEEL,999999999.0000000000,8792.2378860000,0.2250000000,0.3500000000,0.3500000000,3.0000000000,1.0000000000,101,113,101,112,101,111
1642,neighbor,False,STEM_STRESS_OR_INTERVAL_BOUND,999999999.0000000000,8792.2378860000,0.2500000000,0.2500000000,0.5500000000,3.0000000000,1.0000000000,100,110,102,111,104,113
1643,neighbor,False,ENVELOPE_BASE_CONTACT,999999999.0000000000,8792.2378860000,0.2000000000,0.2500000000,0.3000000000,2.5000000000,0.8000000000,104,112,102,113,103,113
1644,neighbor,False,MINIMUM_MAIN_STEEL,999999999.0000000000,8792.2378860000,0.2250000000,0.2500000000,0.5500000000,2.5000000000,1.0000000000,104,110,103,113,101,112
1645,neighbor,True,PASS_IMPLEMENTED_PROJECT_CHECKS,12644.3045100000,8792.2378860000,0.2250000000,0.3500000000,0.6000000000,3.0000000000,0.8000000000,103,112,104,111,104,110
1646,neighbor,False,ENVELOPE_BASE_CONTACT,999999999.0000000000,8792.2378860000,0.2000000000,0.2500000000,0.5500000000,2.5000000000,0.8000000000,101,110,102,113,103,113
1647,neighbor,False,ENVELOPE_BASE_CONTACT,999999999.0000000000,8792.2378860000,0.2750000000,0.3000000000,0.3000000000,2.5000000000,1.0000000000,102,111,104,112,102,113
1648,neighbor,False,MEMBER_FLEXURE,999999999.0000000000,8792.2378860000,0.2250000000,0.3500000000,0.3500000000,3.0000000000,1.0000000000,103,112,101,112,102,113
1649,neighbor,False,STEM_STRESS_OR_INTERVAL_BOUND,999999999.0000000000,8792.2378860000,0.2000000000,0.2500000000,0.3000000000,3.5000000000,0.9000000000,104,112,101,111,103,111
1650,neighbor,False,STEM_STRESS_OR_INTERVAL_BOUND,999999999.0000000000,8792.2378860000,0.2000000000,0.3000000000,0.5000000000,3.0000000000,0.9000000000,103,112,101,110,101,110
1651,neighbor,False,MINIMUM_MAIN_STEEL,999999999.0000000000,8792.2378860000,0.2000000000,0.3500000000,0.4000000000,3.0000000000,1.0000000000,102,111,100,113,102,111
1652,neighbor,False,MINIMUM_MAIN_STEEL,999999999.0000000000,8792.2378860000,0.2750000000,0.4000000000,0.3000000000,3.5000000000,0.8000000000,101,113,102,110,101,110
1653,neighbor,False,MAXIMUM_MAIN_STEEL,999999999.0000000000,8792.2378860000,0.2250000000,0.4500000000,0.3500000000,3.0000000000,1.0000000000,103,110,101,112,101,111
1654,neighbor,False,ENVELOPE_BASE_CONTACT,999999999.0000000000,8792.2378860000,0.2000000000,0.4500000000,0.3000000000,2.5000000000,0.8000000000,102,111,103,110,100,111
1655,neighbor,False,STEM_STRESS_OR_INTERVAL_BOUND,999999999.0000000000,8792.2378860000,0.2500000000,0.3500000000,0.3000000000,3.5000000000,1.0000000000,103,113,104,110,103,112
1656,neighbor,True,PASS_IMPLEMENTED_PROJECT_CHECKS,12278.9497100000,8792.2378860000,0.2500000000,0.4500000000,0.4500000000,3.5000000000,0.9000000000,103,112,104,111,103,111
1657,neighbor,False,MINIMUM_MAIN_STEEL,999999999.0000000000,8792.2378860000,0.2750000000,0.4000000000,0.5500000000,3.5000000000,1.0000000000,101,111,101,113,101,110
1658,neighbor,True,PASS_IMPLEMENTED_PROJECT_CHECKS,10760.0583700000,8792.2378860000,0.2000000000,0.4000000000,0.3500000000,3.5000000000,1.0000000000,103,112,102,113,104,111
1659,neighbor,False,ENVELOPE_BASE_CONTACT,999999999.0000000000,8792.2378860000,0.2000000000,0.4000000000,0.3000000000,2.5000000000,1.0000000000,104,113,103,110,104,110
1660,neighbor,True,PASS_IMPLEMENTED_PROJECT_CHECKS,11539.0188100000,8792.2378860000,0.2500000000,0.3000000000,0.3500000000,3.5000000000,1.0000000000,103,111,100,110,103,110
1661,neighbor,True,PASS_IMPLEMENTED_PROJECT_CHECKS,10048.8835800000,8792.2378860000,0.2000000000,0.4500000000,0.3000000000,3.5000000000,0.8000000000,102,111,102,112,104,112
1662,neighbor,False,STEM_STRESS_OR_INTERVAL_BOUND,999999999.0000000000,8792.2378860000,0.2000000000,0.2500000000,0.3500000000,3.0000000000,1.0000000000,102,112,101,112,101,111
1663,neighbor,True,PASS_IMPLEMENTED_PROJECT_CHECKS,9104.0071650000,8792.2378860000,0.2250000000,0.3500000000,0.3500000000,3.0000000000,1.0000000000,103,112,103,113,101,111
1664,neighbor,False,STEM_STRESS_OR_INTERVAL_BOUND,999999999.0000000000,8792.2378860000,0.2250000000,0.3000000000,0.3000000000,3.5000000000,1.0000000000,101,113,101,112,100,111
1665,neighbor,False,MEMBER_FLEXURE,999999999.0000000000,8792.2378860000,0.2250000000,0.3500000000,0.3500000000,3.0000000000,1.0000000000,103,112,101,112,101,112
1666,neighbor,False,MINIMUM_MAIN_STEEL,999999999.0000000000,8792.2378860000,0.2000000000,0.2500000000,0.5500000000,2.5000000000,1.0000000000,103,111,100,111,104,110
1667,neighbor,False,MINIMUM_MAIN_STEEL,999999999.0000000000,8792.2378860000,0.2250000000,0.3500000000,0.3500000000,3.0000000000,1.0000000000,101,113,101,112,101,111
1668,neighbor,False,STEM_STRESS_OR_INTERVAL_BOUND,999999999.0000000000,8792.2378860000,0.2250000000,0.2500000000,0.3000000000,3.0000000000,1.0000000000,103,112,100,110,101,112
1669,neighbor,False,STEM_STRESS_OR_INTERVAL_BOUND,999999999.0000000000,8792.2378860000,0.2250000000,0.3500000000,0.3500000000,3.0000000000,1.0000000000,103,113,101,112,101,111
1670,neighbor,False,STEM_STRESS_OR_INTERVAL_BOUND,999999999.0000000000,8792.2378860000,0.2000000000,0.2500000000,0.3000000000,3.5000000000,1.0000000000,100,111,103,112,103,111
1671,neighbor,False,MAXIMUM_MAIN_STEEL,999999999.0000000000,8792.2378860000,0.2000000000,0.3500000000,0.3500000000,3.0000000000,1.0000000000,103,110,101,112,101,111
1672,neighbor,True,PASS_IMPLEMENTED_PROJECT_CHECKS,9529.6816350000,8792.2378860000,0.2250000000,0.3500000000,0.3500000000,3.0000000000,1.0000000000,102,110,101,112,101,111
1673,neighbor,True,PASS_IMPLEMENTED_PROJECT_CHECKS,12086.5043150000,8792.2378860000,0.2250000000,0.3500000000,0.5500000000,3.5000000000,1.0000000000,103,112,104,111,103,112
1674,neighbor,False,MINIMUM_MAIN_STEEL,999999999.0000000000,8792.2378860000,0.2000000000,0.2500000000,0.6000000000,2.5000000000,0.9000000000,103,110,100,113,104,113
1675,neighbor,False,MINIMUM_MAIN_STEEL,999999999.0000000000,8792.2378860000,0.2000000000,0.4500000000,0.4000000000,3.0000000000,0.9000000000,100,112,100,111,101,111
1676,neighbor,False,MEMBER_FLEXURE,999999999.0000000000,8792.2378860000,0.2250000000,0.3500000000,0.3500000000,3.0000000000,0.8000000000,103,112,100,111,100,111
1677,neighbor,False,MINIMUM_MAIN_STEEL,999999999.0000000000,8792.2378860000,0.2000000000,0.3500000000,0.5500000000,3.0000000000,1.0000000000,101,113,100,111,102,111
1678,neighbor,True,PASS_IMPLEMENTED_PROJECT_CHECKS,9189.6159150000,8792.2378860000,0.2250000000,0.3500000000,0.3500000000,3.0000000000,1.0000000000,103,112,103,112,101,111
1679,neighbor,False,MINIMUM_MAIN_STEEL,999999999.0000000000,8792.2378860000,0.2000000000,0.4500000000,0.6000000000,2.5000000000,0.8000000000,100,113,100,111,102,111
1680,neighbor,True,PASS_IMPLEMENTED_PROJECT_CHECKS,9332.2971650000,8792.2378860000,0.2250000000,0.3500000000,0.3500000000,3.0000000000,1.0000000000,103,112,103,111,101,111
1681,neighbor,False,STEM_STRESS_OR_INTERVAL_BOUND,999999999.0000000000,8792.2378860000,0.2500000000,0.4000000000,0.3500000000,3.0000000000,1.0000000000,102,113,101,112,101,111
1682,neighbor,True,PASS_IMPLEMENTED_PROJECT_CHECKS,8936.8988850000,8792.2378860000,0.2250000000,0.3500000000,0.3500000000,3.0000000000,1.0000000000,103,112,101,112,101,111
1683,neighbor,True,PASS_IMPLEMENTED_PROJECT_CHECKS,8936.8988850000,8792.2378860000,0.2250000000,0.3500000000,0.3500000000,3.0000000000,1.0000000000,103,112,101,112,101,111
1684,neighbor,False,ENVELOPE_BASE_CONTACT,999999999.0000000000,8792.2378860000,0.2000000000,0.4500000000,0.3000000000,2.5000000000,0.9000000000,103,110,103,111,102,111
1685,neighbor,False,MEMBER_FLEXURE,999999999.0000000000,8792.2378860000,0.2250000000,0.3500000000,0.3500000000,3.0000000000,1.0000000000,103,112,100,111,101,111
1686,neighbor,False,MINIMUM_MAIN_STEEL,999999999.0000000000,8792.2378860000,0.2750000000,0.3500000000,0.3000000000,2.5000000000,1.0000000000,102,113,103,111,100,113
1687,neighbor,True,PASS_IMPLEMENTED_PROJECT_CHECKS,9996.5223450000,8792.2378860000,0.2250000000,0.3500000000,0.3500000000,3.0000000000,1.0000000000,103,112,101,112,103,110
1688,neighbor,False,ENVELOPE_BASE_CONTACT,999999999.0000000000,8792.2378860000,0.2000000000,0.4500000000,0.4500000000,2.5000000000,1.0000000000,103,111,103,113,103,113
1689,neighbor,False,ENVELOPE_BASE_CONTACT,999999999.0000000000,8792.2378860000,0.2500000000,0.4000000000,0.3000000000,2.5000000000,1.0000000000,102,110,104,111,104,110
1690,neighbor,False,STEM_STRESS_OR_INTERVAL_BOUND,999999999.0000000000,8792.2378860000,0.2250000000,0.2500000000,0.3000000000,3.0000000000,0.9000000000,101,111,104,112,102,110
1691,neighbor,True,PASS_IMPLEMENTED_PROJECT_CHECKS,9617.6596650000,8792.2378860000,0.2250000000,0.3500000000,0.3500000000,3.0000000000,1.0000000000,103,112,103,110,101,111
1692,neighbor,False,STEM_STRESS_OR_INTERVAL_BOUND,999999999.0000000000,8792.2378860000,0.2250000000,0.3000000000,0.4000000000,3.0000000000,0.9000000000,100,110,102,110,104,113
1693,neighbor,True,PASS_IMPLEMENTED_PROJECT_CHECKS,9772.1409240000,8792.2378860000,0.2000000000,0.3500000000,0.5000000000,3.0000000000,0.9000000000,104,113,101,112,102,113
1694,neighbor,True,PASS_IMPLEMENTED_PROJECT_CHECKS,9510.6348450000,8792.2378860000,0.2250000000,0.3500000000,0.3500000000,3.0000000000,1.0000000000,103,112,101,112,103,111
1695,neighbor,False,MAXIMUM_MAIN_STEEL,999999999.0000000000,8792.2378860000,0.2250000000,0.3500000000,0.3000000000,3.0000000000,1.0000000000,103,112,104,110,104,112
1696,neighbor,True,PASS_IMPLEMENTED_PROJECT_CHECKS,9996.5223450000,8792.2378860000,0.2250000000,0.3500000000,0.3500000000,3.0000000000,1.0000000000,103,112,101,112,103,110
1697,neighbor,False,MAXIMUM_MAIN_STEEL,999999999.0000000000,8792.2378860000,0.2250000000,0.3500000000,0.3500000000,3.0000000000,1.0000000000,104,111,101,112,101,111
1698,neighbor,False,MINIMUM_MAIN_STEEL,999999999.0000000000,8792.2378860000,0.2750000000,0.3000000000,0.3000000000,2.5000000000,1.0000000000,103,111,103,113,100,113
1699,neighbor,False,STEM_STRESS_OR_INTERVAL_BOUND,999999999.0000000000,8792.2378860000,0.2500000000,0.3500000000,0.3500000000,3.0000000000,1.0000000000,102,112,101,112,101,111
1700,neighbor,False,STEM_STRESS_OR_INTERVAL_BOUND,999999999.0000000000,8792.2378860000,0.2000000000,0.4000000000,0.3000000000,3.5000000000,0.8000000000,103,113,104,112,103,111
1701,neighbor,False,MINIMUM_MAIN_STEEL,999999999.0000000000,8792.2378860000,0.2250000000,0.3500000000,0.4000000000,3.5000000000,0.8000000000,103,112,100,111,100,110
1702,neighbor,True,PASS_IMPLEMENTED_PROJECT_CHECKS,9297.8240000000,8792.2378860000,0.2250000000,0.3500000000,0.3000000000,3.0000000000,0.8000000000,103,112,102,112,102,110
1703,neighbor,False,MINIMUM_MAIN_STEEL,999999999.0000000000,8792.2378860000,0.2250000000,0.4000000000,0.3000000000,2.5000000000,0.8000000000,101,112,102,110,101,112
1704,neighbor,False,STEM_STRESS_OR_INTERVAL_BOUND,999999999.0000000000,8792.2378860000,0.2000000000,0.4000000000,0.5000000000,3.5000000000,1.0000000000,102,113,100,110,103,111
1705,neighbor,False,MINIMUM_MAIN_STEEL,999999999.0000000000,8792.2378860000,0.2500000000,0.4000000000,0.3000000000,3.5000000000,0.8000000000,100,110,101,111,103,110
1706,neighbor,False,STEM_STRESS_OR_INTERVAL_BOUND,999999999.0000000000,8792.2378860000,0.2000000000,0.3000000000,0.4500000000,3.0000000000,1.0000000000,101,112,102,111,103,110
1707,neighbor,False,MINIMUM_MAIN_STEEL,999999999.0000000000,8792.2378860000,0.2250000000,0.3500000000,0.5500000000,3.0000000000,1.0000000000,103,112,100,111,100,112
1708,neighbor,False,MINIMUM_MAIN_STEEL,999999999.0000000000,8792.2378860000,0.2250000000,0.3000000000,0.4000000000,2.5000000000,1.0000000000,101,113,103,112,100,111
1709,neighbor,False,MINIMUM_MAIN_STEEL,999999999.0000000000,8792.2378860000,0.2000000000,0.4000000000,0.4000000000,2.5000000000,0.9000000000,101,110,100,113,102,113
1710,neighbor,False,MEMBER_FLEXURE,999999999.0000000000,8792.2378860000,0.2500000000,0.4500000000,0.3000000000,3.0000000000,0.9000000000,103,113,101,112,102,113
1711,neighbor,False,ENVELOPE_BASE_CONTACT,999999999.0000000000,8792.2378860000,0.2250000000,0.2500000000,0.3000000000,2.5000000000,1.0000000000,102,113,103,112,103,111
1712,neighbor,False,MAXIMUM_MAIN_STEEL,999999999.0000000000,8792.2378860000,0.2250000000,0.4500000000,0.3000000000,3.0000000000,0.8000000000,104,110,102,113,100,110
1713,neighbor,False,STEM_STRESS_OR_INTERVAL_BOUND,999999999.0000000000,8792.2378860000,0.2000000000,0.4500000000,0.4500000000,3.0000000000,1.0000000000,102,112,101,111,101,111
1714,neighbor,False,MINIMUM_MAIN_STEEL,999999999.0000000000,8792.2378860000,0.2500000000,0.3000000000,0.5000000000,3.5000000000,1.0000000000,100,112,100,113,104,113
1715,neighbor,False,MEMBER_FLEXURE,999999999.0000000000,8792.2378860000,0.2250000000,0.3500000000,0.3000000000,3.0000000000,1.0000000000,103,112,101,112,101,110
1716,neighbor,False,ENVELOPE_BASE_CONTACT,999999999.0000000000,8792.2378860000,0.2750000000,0.3500000000,0.3000000000,2.5000000000,1.0000000000,103,113,102,113,102,111
1717,neighbor,False,STEM_STRESS_OR_INTERVAL_BOUND,999999999.0000000000,8792.2378860000,0.2750000000,0.3000000000,0.3000000000,3.0000000000,1.0000000000,101,111,103,113,101,112
1718,neighbor,False,MINIMUM_MAIN_STEEL,999999999.0000000000,8792.2378860000,0.2750000000,0.3500000000,0.5500000000,3.5000000000,1.0000000000,102,110,103,111,101,113
1719,neighbor,False,STEM_STRESS_OR_INTERVAL_BOUND,999999999.0000000000,8792.2378860000,0.2250000000,0.3500000000,0.3500000000,3.0000000000,1.0000000000,101,110,101,112,101,111
1720,neighbor,False,MEMBER_FLEXURE,999999999.0000000000,8792.2378860000,0.2250000000,0.3500000000,0.3500000000,3.0000000000,1.0000000000,103,112,100,111,101,111
1721,neighbor,False,STEM_STRESS_OR_INTERVAL_BOUND,999999999.0000000000,8792.2378860000,0.2000000000,0.2500000000,0.3500000000,3.0000000000,0.8000000000,101,113,102,111,102,113
1722,neighbor,False,MINIMUM_MAIN_STEEL,999999999.0000000000,8792.2378860000,0.2750000000,0.3500000000,0.3500000000,3.0000000000,1.0000000000,100,111,101,112,101,111
1723,neighbor,False,ENVELOPE_BASE_CONTACT,999999999.0000000000,8792.2378860000,0.2000000000,0.4500000000,0.3000000000,2.5000000000,1.0000000000,104,113,101,113,104,110
1724,neighbor,False,STEM_STRESS_OR_INTERVAL_BOUND,999999999.0000000000,8792.2378860000,0.2250000000,0.2500000000,0.3500000000,3.0000000000,1.0000000000,104,110,101,112,101,111
1725,neighbor,False,ENVELOPE_BASE_CONTACT,999999999.0000000000,8792.2378860000,0.2500000000,0.4000000000,0.3000000000,2.5000000000,0.8000000000,104,110,100,110,102,112
1726,neighbor,False,MINIMUM_MAIN_STEEL,999999999.0000000000,8792.2378860000,0.2250000000,0.2500000000,0.5000000000,2.5000000000,1.0000000000,104,110,100,111,100,112
1727,neighbor,False,ENVELOPE_BASE_CONTACT,999999999.0000000000,8792.2378860000,0.2750000000,0.4000000000,0.3000000000,2.5000000000,1.0000000000,102,110,101,112,102,111
1728,neighbor,False,ENVELOPE_BASE_CONTACT,999999999.0000000000,8792.2378860000,0.2250000000,0.3000000000,0.4000000000,2.5000000000,1.0000000000,104,111,102,111,101,112
1729,neighbor,True,PASS_IMPLEMENTED_PROJECT_CHECKS,9835.4483250000,8792.2378860000,0.2250000000,0.3500000000,0.3500000000,3.0000000000,1.0000000000,103,112,104,110,101,111
1730,neighbor,True,PASS_IMPLEMENTED_PROJECT_CHECKS,9475.4843550000,8792.2378860000,0.2250000000,0.3500000000,0.3500000000,3.0000000000,1.0000000000,104,112,101,112,101,111
1731,neighbor,True,PASS_IMPLEMENTED_PROJECT_CHECKS,9471.7638450000,8792.2378860000,0.2250000000,0.3500000000,0.3500000000,3.0000000000,1.0000000000,103,112,101,112,102,110
1732,neighbor,True,PASS_IMPLEMENTED_PROJECT_CHECKS,8995.3411250000,8792.2378860000,0.2250000000,0.3500000000,0.3500000000,3.0000000000,1.0000000000,103,112,101,111,101,111
1733,neighbor,False,MINIMUM_MAIN_STEEL,999999999.0000000000,8792.2378860000,0.2500000000,0.2500000000,0.5000000000,3.5000000000,1.0000000000,102,113,100,112,103,110
1734,neighbor,False,MAXIMUM_MAIN_STEEL,999999999.0000000000,8792.2378860000,0.2250000000,0.3500000000,0.3000000000,3.5000000000,1.0000000000,103,110,100,111,102,112
1735,neighbor,False,STEM_STRESS_OR_INTERVAL_BOUND,999999999.0000000000,8792.2378860000,0.2250000000,0.3500000000,0.3500000000,3.0000000000,1.0000000000,100,110,101,112,101,111
1736,neighbor,False,STEM_STRESS_OR_INTERVAL_BOUND,999999999.0000000000,8792.2378860000,0.2000000000,0.3000000000,0.3500000000,3.0000000000,1.0000000000,100,110,101,112,101,111
1737,neighbor,False,MINIMUM_MAIN_STEEL,999999999.0000000000,8792.2378860000,0.2250000000,0.4000000000,0.3500000000,3.0000000000,1.0000000000,100,112,101,112,101,111
1738,neighbor,False,STEM_STRESS_OR_INTERVAL_BOUND,999999999.0000000000,8792.2378860000,0.2000000000,0.3000000000,0.3500000000,3.0000000000,1.0000000000,102,112,101,112,101,111
1739,neighbor,False,STEM_STRESS_OR_INTERVAL_BOUND,999999999.0000000000,8792.2378860000,0.2750000000,0.4000000000,0.3000000000,3.0000000000,1.0000000000,103,113,103,110,104,112
1740,neighbor,False,ENVELOPE_BASE_CONTACT,999999999.0000000000,8792.2378860000,0.2750000000,0.3500000000,0.3000000000,2.5000000000,0.9000000000,102,113,102,110,102,111
1741,neighbor,False,STEM_STRESS_OR_INTERVAL_BOUND,999999999.0000000000,8792.2378860000,0.2500000000,0.4000000000,0.3000000000,3.0000000000,0.9000000000,102,113,104,112,104,110
1742,neighbor,False,MAXIMUM_MAIN_STEEL,999999999.0000000000,8792.2378860000,0.2250000000,0.4000000000,0.3000000000,3.5000000000,0.9000000000,103,110,102,110,102,111
1743,neighbor,False,STEM_STRESS_OR_INTERVAL_BOUND,999999999.0000000000,8792.2378860000,0.2250000000,0.3500000000,0.3500000000,3.0000000000,1.0000000000,102,112,101,112,101,111
1744,neighbor,False,MINIMUM_MAIN_STEEL,999999999.0000000000,8792.2378860000,0.2500000000,0.4000000000,0.3000000000,3.0000000000,1.0000000000,102,110,101,113,100,113
1745,neighbor,False,STEM_STRESS_OR_INTERVAL_BOUND,999999999.0000000000,8792.2378860000,0.2000000000,0.4000000000,0.5500000000,3.0000000000,1.0000000000,102,113,103,111,103,113
1746,neighbor,False,MAXIMUM_MAIN_STEEL,999999999.0000000000,8792.2378860000,0.2000000000,0.3500000000,0.6000000000,3.5000000000,1.0000000000,104,111,104,110,102,111
1747,neighbor,False,MEMBER_FLEXURE,999999999.0000000000,8792.2378860000,0.2250000000,0.3500000000,0.3000000000,3.0000000000,1.0000000000,103,111,101,113,100,110
1748,neighbor,False,MEMBER_FLEXURE,999999999.0000000000,8792.2378860000,0.2000000000,0.3500000000,0.3000000000,3.5000000000,0.8000000000,103,112,100,111,101,113
1749,neighbor,False,MINIMUM_MAIN_STEEL,999999999.0000000000,8792.2378860000,0.2500000000,0.3500000000,0.3500000000,3.5000000000,1.0000000000,101,113,103,111,100,113
1750,neighbor,False,ENVELOPE_BASE_CONTACT,999999999.0000000000,8792.2378860000,0.2750000000,0.4000000000,0.3000000000,2.5000000000,1.0000000000,103,113,103,112,103,110
1751,neighbor,False,MINIMUM_MAIN_STEEL,999999999.0000000000,8792.2378860000,0.2250000000,0.3500000000,0.3500000000,3.0000000000,1.0000000000,103,112,100,112,101,111
1752,neighbor,False,MINIMUM_MAIN_STEEL,999999999.0000000000,8792.2378860000,0.2750000000,0.3000000000,0.6000000000,3.5000000000,0.8000000000,100,110,104,112,101,113
1753,neighbor,True,PASS_IMPLEMENTED_PROJECT_CHECKS,11164.0079760000,8792.2378860000,0.2000000000,0.3500000000,0.6000000000,3.0000000000,0.8000000000,104,113,101,111,103,111
1754,neighbor,False,STEM_STRESS_OR_INTERVAL_BOUND,999999999.0000000000,8792.2378860000,0.2750000000,0.4500000000,0.3000000000,3.5000000000,0.9000000000,102,112,103,110,103,111
1755,neighbor,False,ENVELOPE_BASE_CONTACT,999999999.0000000000,8792.2378860000,0.2250000000,0.3500000000,0.3000000000,2.5000000000,1.0000000000,103,112,101,111,104,110
1756,neighbor,False,MAXIMUM_MAIN_STEEL,999999999.0000000000,8792.2378860000,0.2250000000,0.3500000000,0.3500000000,3.0000000000,1.0000000000,104,111,101,112,101,111
1757,neighbor,False,ENVELOPE_BASE_CONTACT,999999999.0000000000,8792.2378860000,0.2250000000,0.2500000000,0.4500000000,2.5000000000,1.0000000000,100,110,102,110,104,112
1758,neighbor,True,PASS_IMPLEMENTED_PROJECT_CHECKS,8936.8988850000,8792.2378860000,0.2250000000,0.3500000000,0.3500000000,3.0000000000,1.0000000000,103,112,101,112,101,111
1759,neighbor,False,MINIMUM_MAIN_STEEL,999999999.0000000000,8792.2378860000,0.2250000000,0.3500000000,0.3000000000,2.5000000000,1.0000000000,103,112,104,112,100,112
1760,neighbor,False,ENVELOPE_BASE_CONTACT,999999999.0000000000,8792.2378860000,0.2750000000,0.4500000000,0.3000000000,2.5000000000,0.9000000000,103,112,102,113,100,110
1761,neighbor,False,MINIMUM_MAIN_STEEL,999999999.0000000000,8792.2378860000,0.2000000000,0.2500000000,0.5500000000,2.5000000000,1.0000000000,102,110,101,113,102,110
1762,neighbor,False,STEM_STRESS_OR_INTERVAL_BOUND,999999999.0000000000,8792.2378860000,0.2000000000,0.3500000000,0.6000000000,3.0000000000,1.0000000000,102,112,104,113,102,110
1763,neighbor,True,PASS_IMPLEMENTED_PROJECT_CHECKS,8995.3411250000,8792.2378860000,0.2250000000,0.3500000000,0.3500000000,3.0000000000,1.0000000000,103,112,101,111,101,111
1764,neighbor,True,PASS_IMPLEMENTED_PROJECT_CHECKS,11314.7406800000,8792.2378860000,0.2500000000,0.3000000000,0.4000000000,3.0000000000,1.0000000000,104,112,101,110,104,110
1765,neighbor,False,ENVELOPE_BASE_CONTACT,999999999.0000000000,8792.2378860000,0.2750000000,0.3000000000,0.3000000000,2.5000000000,0.8000000000,101,111,102,113,101,111
1766,neighbor,True,PASS_IMPLEMENTED_PROJECT_CHECKS,12986.8292000000,8792.2378860000,0.2750000000,0.4000000000,0.6000000000,3.5000000000,1.0000000000,101,110,104,111,103,111
1767,neighbor,False,STEM_STRESS_OR_INTERVAL_BOUND,999999999.0000000000,8792.2378860000,0.2250000000,0.3500000000,0.3500000000,3.0000000000,1.0000000000,101,112,101,112,101,111
1768,neighbor,False,MINIMUM_MAIN_STEEL,999999999.0000000000,8792.2378860000,0.2000000000,0.4500000000,0.3000000000,3.0000000000,1.0000000000,100,113,100,113,102,111
1769,neighbor,False,MINIMUM_MAIN_STEEL,999999999.0000000000,8792.2378860000,0.2000000000,0.4500000000,0.6000000000,2.5000000000,1.0000000000,103,110,100,112,103,112
1770,neighbor,False,MAXIMUM_MAIN_STEEL,999999999.0000000000,8792.2378860000,0.2750000000,0.3500000000,0.6000000000,3.0000000000,1.0000000000,103,110,103,110,101,110
1771,neighbor,False,MINIMUM_MAIN_STEEL,999999999.0000000000,8792.2378860000,0.2500000000,0.3500000000,0.3000000000,2.5000000000,1.0000000000,100,111,103,112,104,111
1772,neighbor,False,MINIMUM_MAIN_STEEL,999999999.0000000000,8792.2378860000,0.2000000000,0.3500000000,0.3000000000,3.0000000000,0.8000000000,104,110,101,111,100,112
1773,neighbor,True,PASS_IMPLEMENTED_PROJECT_CHECKS,9270.2565810000,8792.2378860000,0.2250000000,0.3500000000,0.3500000000,3.0000000000,1.0000000000,103,112,101,112,104,113
1774,neighbor,False,MINIMUM_MAIN_STEEL,999999999.0000000000,8792.2378860000,0.2250000000,0.3500000000,0.3500000000,3.0000000000,1.0000000000,103,112,101,112,100,113
1775,neighbor,False,STEM_STRESS_OR_INTERVAL_BOUND,999999999.0000000000,8792.2378860000,0.2250000000,0.3500000000,0.3500000000,3.0000000000,1.0000000000,102,113,101,112,101,111
1776,neighbor,False,MINIMUM_MAIN_STEEL,999999999.0000000000,8792.2378860000,0.2750000000,0.3500000000,0.5000000000,3.0000000000,0.8000000000,100,111,100,110,100,111
1777,neighbor,False,MINIMUM_MAIN_STEEL,999999999.0000000000,8792.2378860000,0.2000000000,0.2500000000,0.4500000000,2.5000000000,1.0000000000,103,112,103,112,100,112
1778,neighbor,False,MINIMUM_MAIN_STEEL,999999999.0000000000,8792.2378860000,0.2500000000,0.3500000000,0.3000000000,3.5000000000,1.0000000000,104,113,100,112,101,111
1779,neighbor,False,STEM_STRESS_OR_INTERVAL_BOUND,999999999.0000000000,8792.2378860000,0.2000000000,0.4000000000,0.3000000000,3.0000000000,1.0000000000,102,112,102,110,102,111
1780,neighbor,False,MINIMUM_MAIN_STEEL,999999999.0000000000,8792.2378860000,0.2250000000,0.3500000000,0.3500000000,3.0000000000,1.0000000000,101,113,101,112,101,111
1781,neighbor,False,MINIMUM_MAIN_STEEL,999999999.0000000000,8792.2378860000,0.2250000000,0.2500000000,0.6000000000,3.5000000000,0.8000000000,101,112,100,113,104,110
1782,neighbor,False,ENVELOPE_BASE_CONTACT,999999999.0000000000,8792.2378860000,0.2250000000,0.3500000000,0.5000000000,2.5000000000,1.0000000000,103,112,103,112,100,110
1783,neighbor,False,MINIMUM_MAIN_STEEL,999999999.0000000000,8792.2378860000,0.2500000000,0.3500000000,0.3000000000,3.5000000000,1.0000000000,101,113,101,113,101,110
1784,neighbor,False,MINIMUM_MAIN_STEEL,999999999.0000000000,8792.2378860000,0.2250000000,0.4000000000,0.3000000000,3.0000000000,0.8000000000,103,111,104,112,100,112
1785,neighbor,False,MINIMUM_MAIN_STEEL,999999999.0000000000,8792.2378860000,0.2500000000,0.4500000000,0.3500000000,3.0000000000,1.0000000000,100,111,101,112,101,111
1786,neighbor,True,PASS_IMPLEMENTED_PROJECT_CHECKS,11190.6614200000,8792.2378860000,0.2500000000,0.3000000000,0.5000000000,3.5000000000,1.0000000000,104,112,101,110,100,110
1787,neighbor,False,STEM_STRESS_OR_INTERVAL_BOUND,999999999.0000000000,8792.2378860000,0.2000000000,0.2500000000,0.3000000000,3.0000000000,0.9000000000,100,111,103,110,101,113
1788,neighbor,False,MINIMUM_MAIN_STEEL,999999999.0000000000,8792.2378860000,0.2750000000,0.4000000000,0.3500000000,3.0000000000,1.0000000000,100,113,101,112,101,111
1789,neighbor,False,ENVELOPE_BASE_CONTACT,999999999.0000000000,8792.2378860000,0.2500000000,0.3000000000,0.6000000000,2.5000000000,0.8000000000,104,113,104,112,104,111
1790,neighbor,False,MINIMUM_MAIN_STEEL,999999999.0000000000,8792.2378860000,0.2750000000,0.3500000000,0.3500000000,3.0000000000,1.0000000000,104,110,100,113,104,113
1791,neighbor,False,MAXIMUM_MAIN_STEEL,999999999.0000000000,8792.2378860000,0.2250000000,0.3500000000,0.3500000000,3.0000000000,1.0000000000,104,110,101,112,101,111
1792,neighbor,False,STEM_STRESS_OR_INTERVAL_BOUND,999999999.0000000000,8792.2378860000,0.2000000000,0.2500000000,0.6000000000,3.0000000000,0.9000000000,102,113,102,112,103,111
1793,neighbor,False,MINIMUM_MAIN_STEEL,999999999.0000000000,8792.2378860000,0.2500000000,0.3500000000,0.3000000000,2.5000000000,1.0000000000,100,113,101,113,101,112
1794,neighbor,False,ENVELOPE_BASE_CONTACT,999999999.0000000000,8792.2378860000,0.2250000000,0.3000000000,0.3500000000,2.5000000000,1.0000000000,103,111,101,110,104,113
1795,neighbor,False,STEM_STRESS_OR_INTERVAL_BOUND,999999999.0000000000,8792.2378860000,0.2000000000,0.3500000000,0.4000000000,3.5000000000,1.0000000000,101,112,102,113,103,110
1796,neighbor,False,ENVELOPE_BASE_CONTACT,999999999.0000000000,8792.2378860000,0.2250000000,0.3000000000,0.4000000000,2.5000000000,0.9000000000,100,110,100,110,103,112
1797,neighbor,True,PASS_IMPLEMENTED_PROJECT_CHECKS,9757.8544050000,8792.2378860000,0.2250000000,0.3500000000,0.3500000000,3.0000000000,1.0000000000,103,112,101,112,104,111
1798,neighbor,False,ENVELOPE_BASE_CONTACT,999999999.0000000000,8792.2378860000,0.2000000000,0.2500000000,0.3500000000,2.5000000000,1.0000000000,104,113,103,110,104,112
1799,neighbor,False,MINIMUM_MAIN_STEEL,999999999.0000000000,8792.2378860000,0.2500000000,0.4500000000,0.3000000000,2.5000000000,1.0000000000,103,110,103,113,100,113
1800,neighbor,False,ENVELOPE_BASE_CONTACT,999999999.0000000000,8792.2378860000,0.2500000000,0.4000000000,0.3000000000,2.5000000000,0.9000000000,102,110,100,110,103,111
1801,neighbor,False,MAXIMUM_MAIN_STEEL,999999999.0000000000,8792.2378860000,0.2000000000,0.3000000000,0.6000000000,3.5000000000,0.8000000000,104,112,103,113,103,112
1802,neighbor,True,PASS_IMPLEMENTED_PROJECT_CHECKS,10476.3959140000,8792.2378860000,0.2000000000,0.4500000000,0.3500000000,3.5000000000,1.0000000000,104,113,102,112,104,113
1803,neighbor,False,STEM_STRESS_OR_INTERVAL_BOUND,999999999.0000000000,8792.2378860000,0.2250000000,0.3500000000,0.3500000000,3.0000000000,1.0000000000,102,112,101,112,101,111
1804,neighbor,False,MINIMUM_MAIN_STEEL,999999999.0000000000,8792.2378860000,0.2750000000,0.3500000000,0.4000000000,3.5000000000,1.0000000000,101,111,102,110,100,113
1805,neighbor,True,PASS_IMPLEMENTED_PROJECT_CHECKS,9471.7638450000,8792.2378860000,0.2250000000,0.3500000000,0.3500000000,3.0000000000,1.0000000000,103,112,101,112,102,110
1806,neighbor,False,STEM_STRESS_OR_INTERVAL_BOUND,999999999.0000000000,8792.2378860000,0.2250000000,0.3500000000,0.3500000000,3.0000000000,1.0000000000,103,113,101,112,101,111
1807,neighbor,False,STEM_STRESS_OR_INTERVAL_BOUND,999999999.0000000000,8792.2378860000,0.2500000000,0.3000000000,0.3500000000,3.0000000000,1.0000000000,101,112,102,112,104,111
1808,neighbor,False,MINIMUM_MAIN_STEEL,999999999.0000000000,8792.2378860000,0.2750000000,0.4000000000,0.3500000000,3.0000000000,1.0000000000,103,111,103,112,100,113
1809,neighbor,False,MINIMUM_MAIN_STEEL,999999999.0000000000,8792.2378860000,0.2500000000,0.2500000000,0.3000000000,3.5000000000,1.0000000000,100,112,101,113,103,113
1810,neighbor,False,MINIMUM_MAIN_STEEL,999999999.0000000000,8792.2378860000,0.2250000000,0.4500000000,0.4000000000,3.0000000000,1.0000000000,101,112,101,110,103,111
1811,neighbor,False,ENVELOPE_BASE_CONTACT,999999999.0000000000,8792.2378860000,0.2000000000,0.3500000000,0.3000000000,2.5000000000,0.8000000000,104,113,101,111,102,113
1812,neighbor,False,MAXIMUM_MAIN_STEEL,999999999.0000000000,8792.2378860000,0.2000000000,0.4500000000,0.4000000000,3.0000000000,0.9000000000,102,110,104,111,102,113
1813,neighbor,True,PASS_IMPLEMENTED_PROJECT_CHECKS,9332.2971650000,8792.2378860000,0.2250000000,0.3500000000,0.3500000000,3.0000000000,1.0000000000,103,112,103,111,101,111
1814,neighbor,True,PASS_IMPLEMENTED_PROJECT_CHECKS,12999.9971900000,8792.2378860000,0.2250000000,0.3500000000,0.6000000000,3.5000000000,0.9000000000,103,112,103,111,104,111
1815,neighbor,False,MINIMUM_MAIN_STEEL,999999999.0000000000,8792.2378860000,0.2250000000,0.3500000000,0.3500000000,3.0000000000,1.0000000000,103,112,100,113,101,111
1816,neighbor,True,PASS_IMPLEMENTED_PROJECT_CHECKS,9642.5926350000,8792.2378860000,0.2250000000,0.3500000000,0.3500000000,3.0000000000,1.0000000000,103,111,101,112,101,111
1817,neighbor,True,PASS_IMPLEMENTED_PROJECT_CHECKS,10151.9575650000,8792.2378860000,0.2250000000,0.3500000000,0.3500000000,3.5000000000,1.0000000000,103,112,104,111,102,112
1818,neighbor,False,MINIMUM_MAIN_STEEL,999999999.0000000000,8792.2378860000,0.2250000000,0.4500000000,0.5000000000,3.5000000000,0.8000000000,100,113,103,112,102,112
1819,neighbor,True,PASS_IMPLEMENTED_PROJECT_CHECKS,8872.8344000000,8792.2378860000,0.2250000000,0.3500000000,0.3000000000,3.0000000000,1.0000000000,103,112,102,113,102,111
1820,neighbor,False,MINIMUM_MAIN_STEEL,999999999.0000000000,8792.2378860000,0.2000000000,0.3500000000,0.4000000000,2.5000000000,0.8000000000,102,112,100,113,102,111
1821,neighbor,False,MINIMUM_MAIN_STEEL,999999999.0000000000,8792.2378860000,0.2000000000,0.3000000000,0.3000000000,3.0000000000,1.0000000000,104,111,100,112,101,113
1822,neighbor,True,PASS_IMPLEMENTED_PROJECT_CHECKS,8847.9569600000,8792.2378860000,0.2250000000,0.3500000000,0.3000000000,3.0000000000,1.0000000000,103,112,102,113,101,110
1823,neighbor,True,PASS_IMPLEMENTED_PROJECT_CHECKS,10372.7019600000,8792.2378860000,0.2250000000,0.3500000000,0.3000000000,3.5000000000,1.0000000000,103,112,103,113,104,111
1824,neighbor,False,STEM_STRESS_OR_INTERVAL_BOUND,999999999.0000000000,8792.2378860000,0.2250000000,0.2500000000,0.3000000000,3.5000000000,1.0000000000,101,111,101,112,102,112
1825,neighbor,False,STEM_STRESS_OR_INTERVAL_BOUND,999999999.0000000000,8792.2378860000,0.2250000000,0.3500000000,0.3000000000,3.0000000000,1.0000000000,103,113,102,113,101,110
1826,neighbor,False,MINIMUM_MAIN_STEEL,999999999.0000000000,8792.2378860000,0.2000000000,0.4500000000,0.3000000000,3.0000000000,1.0000000000,100,110,100,112,103,111
1827,neighbor,False,ENVELOPE_BASE_CONTACT,999999999.0000000000,8792.2378860000,0.2500000000,0.4500000000,0.5000000000,2.5000000000,1.0000000000,103,110,103,112,103,111
1828,neighbor,False,MINIMUM_MAIN_STEEL,999999999.0000000000,8792.2378860000,0.2750000000,0.3500000000,0.4000000000,3.0000000000,0.9000000000,100,112,101,113,101,113
1829,neighbor,False,ENVELOPE_BASE_CONTACT,999999999.0000000000,8792.2378860000,0.2500000000,0.4000000000,0.4000000000,2.5000000000,0.9000000000,103,112,101,111,101,111
1830,neighbor,False,MAXIMUM_MAIN_STEEL,999999999.0000000000,8792.2378860000,0.2250000000,0.4500000000,0.3000000000,3.0000000000,1.0000000000,103,110,102,113,101,110
1831,neighbor,False,STEM_STRESS_OR_INTERVAL_BOUND,999999999.0000000000,8792.2378860000,0.2750000000,0.3000000000,0.3000000000,3.0000000000,1.0000000000,102,113,102,113,101,110
1832,neighbor,False,STEM_STRESS_OR_INTERVAL_BOUND,999999999.0000000000,8792.2378860000,0.2250000000,0.4000000000,0.3000000000,3.0000000000,1.0000000000,102,113,102,113,101,110
1833,neighbor,False,MAXIMUM_MAIN_STEEL,999999999.0000000000,8792.2378860000,0.2000000000,0.4000000000,0.3000000000,3.0000000000,0.9000000000,104,110,101,110,102,111
1834,reset,False,ENVELOPE_BASE_CONTACT,999999999.0000000000,8792.2378860000,0.2250000000,0.2500000000,0.3000000000,2.5000000000,1.0000000000,103,112,102,113,101,110
1835,neighbor,False,ENVELOPE_BASE_CONTACT,999999999.0000000000,8792.2378860000,0.2000000000,0.2000000000,0.3000000000,2.5000000000,0.9000000000,103,110,104,113,102,110
1836,neighbor,False,MINIMUM_MAIN_STEEL,999999999.0000000000,8792.2378860000,0.2000000000,0.2000000000,0.3000000000,3.0000000000,0.8000000000,104,112,104,111,100,112
1837,neighbor,False,ENVELOPE_BASE_CONTACT,999999999.0000000000,8792.2378860000,0.2500000000,0.2500000000,0.3000000000,2.5000000000,1.0000000000,101,110,103,112,101,110
1838,neighbor,False,ENVELOPE_BASE_CONTACT,999999999.0000000000,8792.2378860000,0.2000000000,0.2000000000,0.3000000000,2.5000000000,1.0000000000,100,113,102,112,102,113
1839,neighbor,False,STEM_STRESS_OR_INTERVAL_BOUND,999999999.0000000000,8792.2378860000,0.2250000000,0.2500000000,0.3000000000,3.0000000000,1.0000000000,103,112,101,111,102,112
1840,neighbor,False,STEM_STRESS_OR_INTERVAL_BOUND,999999999.0000000000,8792.2378860000,0.2500000000,0.2500000000,0.3000000000,3.0000000000,0.9000000000,103,110,104,110,101,113
1841,neighbor,False,MINIMUM_MAIN_STEEL,999999999.0000000000,8792.2378860000,0.2750000000,0.3000000000,0.3000000000,2.5000000000,1.0000000000,100,111,100,112,100,111
1842,neighbor,False,ENVELOPE_BASE_CONTACT,999999999.0000000000,8792.2378860000,0.2000000000,0.3500000000,0.3000000000,2.5000000000,1.0000000000,103,111,102,113,101,110
1843,neighbor,False,ENVELOPE_BASE_CONTACT,999999999.0000000000,8792.2378860000,0.2500000000,0.3500000000,0.3000000000,2.5000000000,1.0000000000,101,110,104,113,102,113
1844,neighbor,False,MEMBER_FLEXURE,999999999.0000000000,8792.2378860000,0.2250000000,0.3500000000,0.3000000000,3.0000000000,0.8000000000,104,112,101,113,100,111
1845,neighbor,False,ENVELOPE_BASE_CONTACT,999999999.0000000000,8792.2378860000,0.2000000000,0.2000000000,0.3000000000,2.5000000000,1.0000000000,103,110,101,110,103,110
1846,neighbor,False,ENVELOPE_BASE_CONTACT,999999999.0000000000,8792.2378860000,0.2500000000,0.2500000000,0.3000000000,2.5000000000,1.0000000000,101,113,102,113,101,110
1847,neighbor,False,STEM_STRESS_OR_INTERVAL_BOUND,999999999.0000000000,8792.2378860000,0.2000000000,0.2000000000,0.3000000000,3.0000000000,0.9000000000,100,112,104,111,103,110
1848,neighbor,False,ENVELOPE_BASE_CONTACT,999999999.0000000000,8792.2378860000,0.2250000000,0.2500000000,0.3000000000,2.5000000000,1.0000000000,101,113,102,113,101,110
1849,neighbor,False,MINIMUM_MAIN_STEEL,999999999.0000000000,8792.2378860000,0.2000000000,0.2000000000,0.3000000000,2.5000000000,1.0000000000,100,112,101,110,100,112
1850,neighbor,False,ENVELOPE_BASE_CONTACT,999999999.0000000000,8792.2378860000,0.2500000000,0.2500000000,0.3000000000,2.5000000000,0.9000000000,102,113,104,112,104,112
1851,neighbor,False,ENVELOPE_BASE_CONTACT,999999999.0000000000,8792.2378860000,0.2500000000,0.2500000000,0.3000000000,2.5000000000,1.0000000000,101,111,104,113,103,112
1852,neighbor,False,ENVELOPE_BASE_CONTACT,999999999.0000000000,8792.2378860000,0.2000000000,0.2500000000,0.3000000000,2.5000000000,0.9000000000,103,110,104,110,100,111
1853,neighbor,False,MINIMUM_MAIN_STEEL,999999999.0000000000,8792.2378860000,0.2000000000,0.2000000000,0.3000000000,2.5000000000,1.0000000000,101,113,100,113,100,112
1854,neighbor,False,STEM_STRESS_OR_INTERVAL_BOUND,999999999.0000000000,8792.2378860000,0.2000000000,0.2000000000,0.3000000000,3.0000000000,0.9000000000,102,111,100,110,101,112
1855,neighbor,False,MINIMUM_MAIN_STEEL,999999999.0000000000,8792.2378860000,0.2250000000,0.2500000000,0.3000000000,2.5000000000,0.8000000000,103,112,100,113,102,110
1856,neighbor,False,MINIMUM_MAIN_STEEL,999999999.0000000000,8792.2378860000,0.2500000000,0.2500000000,0.3000000000,3.0000000000,1.0000000000,102,112,104,110,100,113
1857,neighbor,False,MINIMUM_MAIN_STEEL,999999999.0000000000,8792.2378860000,0.2500000000,0.3000000000,0.3000000000,3.0000000000,1.0000000000,100,112,104,113,102,112
1858,neighbor,False,MINIMUM_MAIN_STEEL,999999999.0000000000,8792.2378860000,0.2000000000,0.2000000000,0.3000000000,2.5000000000,1.0000000000,103,112,100,112,103,113
1859,neighbor,False,STEM_STRESS_OR_INTERVAL_BOUND,999999999.0000000000,8792.2378860000,0.2250000000,0.3500000000,0.3000000000,3.0000000000,0.8000000000,103,113,100,110,104,112
1860,neighbor,False,ENVELOPE_BASE_CONTACT,999999999.0000000000,8792.2378860000,0.2250000000,0.3000000000,0.3000000000,2.5000000000,1.0000000000,103,112,102,113,101,110
1861,neighbor,False,ENVELOPE_BASE_CONTACT,999999999.0000000000,8792.2378860000,0.2000000000,0.2500000000,0.3000000000,2.5000000000,0.9000000000,104,112,101,113,103,113
1862,neighbor,False,ENVELOPE_BASE_CONTACT,999999999.0000000000,8792.2378860000,0.2250000000,0.2500000000,0.3000000000,2.5000000000,1.0000000000,103,112,103,113,101,110
1863,neighbor,False,ENVELOPE_BASE_CONTACT,999999999.0000000000,8792.2378860000,0.2250000000,0.2500000000,0.3000000000,2.5000000000,1.0000000000,102,113,102,113,101,110
1864,neighbor,False,ENVELOPE_BASE_CONTACT,999999999.0000000000,8792.2378860000,0.2000000000,0.3000000000,0.3000000000,2.5000000000,0.8000000000,103,113,101,111,104,111
1865,neighbor,False,ENVELOPE_BASE_CONTACT,999999999.0000000000,8792.2378860000,0.2250000000,0.2500000000,0.3000000000,2.5000000000,1.0000000000,104,110,102,113,101,110
1866,neighbor,False,MINIMUM_MAIN_STEEL,999999999.0000000000,8792.2378860000,0.2000000000,0.2000000000,0.3000000000,3.0000000000,1.0000000000,102,111,100,113,100,113
1867,neighbor,False,MINIMUM_MAIN_STEEL,999999999.0000000000,8792.2378860000,0.2250000000,0.2500000000,0.3000000000,2.5000000000,1.0000000000,103,112,100,112,101,110
1868,neighbor,False,ENVELOPE_BASE_CONTACT,999999999.0000000000,8792.2378860000,0.2000000000,0.2000000000,0.3000000000,2.5000000000,1.0000000000,102,112,101,112,101,110
1869,neighbor,False,ENVELOPE_BASE_CONTACT,999999999.0000000000,8792.2378860000,0.2000000000,0.2000000000,0.3000000000,2.5000000000,1.0000000000,101,110,104,112,104,112
1870,neighbor,False,MINIMUM_MAIN_STEEL,999999999.0000000000,8792.2378860000,0.2000000000,0.3500000000,0.3000000000,3.0000000000,0.8000000000,100,112,103,112,104,111
1871,neighbor,False,MINIMUM_MAIN_STEEL,999999999.0000000000,8792.2378860000,0.2250000000,0.2500000000,0.3000000000,3.0000000000,1.0000000000,103,112,102,112,100,113
1872,neighbor,False,ENVELOPE_BASE_CONTACT,999999999.0000000000,8792.2378860000,0.2500000000,0.2500000000,0.3000000000,2.5000000000,1.0000000000,100,111,102,111,103,113
1873,neighbor,False,ENVELOPE_BASE_CONTACT,999999999.0000000000,8792.2378860000,0.2250000000,0.2500000000,0.3000000000,2.5000000000,1.0000000000,103,112,102,113,101,110
1874,neighbor,False,ENVELOPE_BASE_CONTACT,999999999.0000000000,8792.2378860000,0.2000000000,0.2000000000,0.3000000000,2.5000000000,0.9000000000,102,111,100,111,104,113
1875,neighbor,False,ENVELOPE_BASE_CONTACT,999999999.0000000000,8792.2378860000,0.2250000000,0.2500000000,0.3000000000,2.5000000000,0.8000000000,103,112,104,113,102,110
1876,neighbor,False,ENVELOPE_BASE_CONTACT,999999999.0000000000,8792.2378860000,0.2250000000,0.2500000000,0.3000000000,2.5000000000,1.0000000000,101,113,102,113,101,110
1877,neighbor,False,ENVELOPE_BASE_CONTACT,999999999.0000000000,8792.2378860000,0.2000000000,0.3500000000,0.3000000000,2.5000000000,1.0000000000,102,113,101,113,104,113
1878,neighbor,False,MINIMUM_MAIN_STEEL,999999999.0000000000,8792.2378860000,0.2000000000,0.2000000000,0.3000000000,2.5000000000,0.9000000000,100,110,100,112,101,111
1879,neighbor,False,ENVELOPE_BASE_CONTACT,999999999.0000000000,8792.2378860000,0.2250000000,0.3500000000,0.3000000000,2.5000000000,1.0000000000,103,110,102,113,101,110
1880,neighbor,False,MINIMUM_MAIN_STEEL,999999999.0000000000,8792.2378860000,0.2250000000,0.3500000000,0.3000000000,2.5000000000,0.8000000000,101,113,100,113,100,111
1881,neighbor,False,ENVELOPE_BASE_CONTACT,999999999.0000000000,8792.2378860000,0.2500000000,0.2500000000,0.3000000000,2.5000000000,1.0000000000,100,111,103,112,101,111
1882,neighbor,False,ENVELOPE_BASE_CONTACT,999999999.0000000000,8792.2378860000,0.2250000000,0.2500000000,0.3000000000,2.5000000000,1.0000000000,103,112,104,111,101,110
1883,neighbor,False,ENVELOPE_BASE_CONTACT,999999999.0000000000,8792.2378860000,0.2000000000,0.2000000000,0.3000000000,2.5000000000,1.0000000000,101,112,103,113,104,113
1884,neighbor,False,STEM_STRESS_OR_INTERVAL_BOUND,999999999.0000000000,8792.2378860000,0.2250000000,0.2500000000,0.3000000000,3.0000000000,1.0000000000,103,112,103,113,103,110
1885,neighbor,False,MINIMUM_MAIN_STEEL,999999999.0000000000,8792.2378860000,0.2500000000,0.3000000000,0.3000000000,3.0000000000,1.0000000000,100,110,100,111,100,113
1886,neighbor,False,STEM_STRESS_OR_INTERVAL_BOUND,999999999.0000000000,8792.2378860000,0.2250000000,0.3500000000,0.3000000000,3.0000000000,0.9000000000,102,111,104,110,103,113
1887,neighbor,False,ENVELOPE_BASE_CONTACT,999999999.0000000000,8792.2378860000,0.2000000000,0.2000000000,0.3000000000,2.5000000000,1.0000000000,102,113,101,110,101,111
1888,neighbor,False,ENVELOPE_BASE_CONTACT,999999999.0000000000,8792.2378860000,0.2250000000,0.2500000000,0.3000000000,2.5000000000,1.0000000000,103,112,101,112,101,110
1889,neighbor,False,ENVELOPE_BASE_CONTACT,999999999.0000000000,8792.2378860000,0.2250000000,0.2500000000,0.3000000000,2.5000000000,1.0000000000,103,112,102,111,101,110
1890,neighbor,False,STEM_STRESS_OR_INTERVAL_BOUND,999999999.0000000000,8792.2378860000,0.2250000000,0.3000000000,0.3000000000,3.0000000000,0.9000000000,103,112,104,112,101,111
1891,neighbor,False,ENVELOPE_BASE_CONTACT,999999999.0000000000,8792.2378860000,0.2500000000,0.2500000000,0.3000000000,2.5000000000,0.9000000000,104,112,101,113,102,111
1892,neighbor,False,MINIMUM_MAIN_STEEL,999999999.0000000000,8792.2378860000,0.2000000000,0.3500000000,0.3000000000,2.5000000000,1.0000000000,101,113,102,113,101,110
1893,neighbor,False,ENVELOPE_BASE_CONTACT,999999999.0000000000,8792.2378860000,0.2750000000,0.3000000000,0.3000000000,2.5000000000,1.0000000000,101,112,102,113,101,110
1894,neighbor,False,STEM_STRESS_OR_INTERVAL_BOUND,999999999.0000000000,8792.2378860000,0.2750000000,0.3000000000,0.3000000000,3.0000000000,1.0000000000,104,113,102,110,101,113
1895,neighbor,False,MINIMUM_MAIN_STEEL,999999999.0000000000,8792.2378860000,0.2250000000,0.2500000000,0.3000000000,2.5000000000,0.8000000000,102,112,101,113,100,112
1896,neighbor,False,MINIMUM_MAIN_STEEL,999999999.0000000000,8792.2378860000,0.2500000000,0.2500000000,0.3000000000,2.5000000000,0.8000000000,100,113,101,111,101,110
1897,neighbor,False,ENVELOPE_BASE_CONTACT,999999999.0000000000,8792.2378860000,0.2000000000,0.2000000000,0.3000000000,2.5000000000,0.8000000000,104,110,103,112,103,111
1898,neighbor,False,ENVELOPE_BASE_CONTACT,999999999.0000000000,8792.2378860000,0.2000000000,0.2000000000,0.3000000000,2.5000000000,0.8000000000,104,113,104,111,102,110
1899,neighbor,False,STEM_STRESS_OR_INTERVAL_BOUND,999999999.0000000000,8792.2378860000,0.2250000000,0.2500000000,0.3000000000,3.0000000000,1.0000000000,103,112,101,110,102,113
1900,neighbor,False,MINIMUM_MAIN_STEEL,999999999.0000000000,8792.2378860000,0.2000000000,0.2000000000,0.3000000000,2.5000000000,1.0000000000,100,111,100,112,103,112
1901,neighbor,False,STEM_STRESS_OR_INTERVAL_BOUND,999999999.0000000000,8792.2378860000,0.2000000000,0.2000000000,0.3000000000,3.0000000000,1.0000000000,102,111,102,113,103,110
1902,neighbor,False,ENVELOPE_BASE_CONTACT,999999999.0000000000,8792.2378860000,0.2000000000,0.2000000000,0.3000000000,2.5000000000,1.0000000000,102,110,103,110,104,110
1903,neighbor,False,ENVELOPE_BASE_CONTACT,999999999.0000000000,8792.2378860000,0.2250000000,0.2500000000,0.3000000000,2.5000000000,1.0000000000,102,110,102,113,101,110
1904,neighbor,False,MINIMUM_MAIN_STEEL,999999999.0000000000,8792.2378860000,0.2000000000,0.2000000000,0.3000000000,2.5000000000,0.9000000000,101,113,100,113,104,110
1905,neighbor,False,ENVELOPE_BASE_CONTACT,999999999.0000000000,8792.2378860000,0.2250000000,0.2500000000,0.3000000000,2.5000000000,1.0000000000,103,112,102,113,102,112
1906,neighbor,False,ENVELOPE_BASE_CONTACT,999999999.0000000000,8792.2378860000,0.2000000000,0.2000000000,0.3000000000,2.5000000000,1.0000000000,101,110,102,113,101,110
1907,neighbor,False,STEM_STRESS_OR_INTERVAL_BOUND,999999999.0000000000,8792.2378860000,0.2000000000,0.3000000000,0.3000000000,3.0000000000,1.0000000000,104,113,100,110,100,110
1908,neighbor,False,ENVELOPE_BASE_CONTACT,999999999.0000000000,8792.2378860000,0.2250000000,0.2500000000,0.3000000000,2.5000000000,1.0000000000,101,111,102,113,101,110
1909,neighbor,False,MINIMUM_MAIN_STEEL,999999999.0000000000,8792.2378860000,0.2000000000,0.2000000000,0.3000000000,2.5000000000,1.0000000000,100,111,100,112,103,112
1910,neighbor,False,STEM_STRESS_OR_INTERVAL_BOUND,999999999.0000000000,8792.2378860000,0.2250000000,0.2500000000,0.3000000000,3.0000000000,1.0000000000,103,112,103,110,104,112
1911,neighbor,False,ENVELOPE_BASE_CONTACT,999999999.0000000000,8792.2378860000,0.2500000000,0.3000000000,0.3000000000,2.5000000000,1.0000000000,102,110,100,110,104,110
1912,neighbor,False,MINIMUM_MAIN_STEEL,999999999.0000000000,8792.2378860000,0.2250000000,0.2500000000,0.3000000000,3.0000000000,0.9000000000,102,110,100,112,102,111
1913,neighbor,False,ENVELOPE_BASE_CONTACT,999999999.0000000000,8792.2378860000,0.2250000000,0.2500000000,0.3000000000,2.5000000000,1.0000000000,103,112,102,113,101,110
1914,neighbor,False,ENVELOPE_BASE_CONTACT,999999999.0000000000,8792.2378860000,0.2250000000,0.2500000000,0.3000000000,2.5000000000,1.0000000000,103,112,102,113,104,112
1915,neighbor,False,ENVELOPE_BASE_CONTACT,999999999.0000000000,8792.2378860000,0.2000000000,0.3500000000,0.3000000000,2.5000000000,0.8000000000,100,110,102,112,100,111
1916,neighbor,False,ENVELOPE_BASE_CONTACT,999999999.0000000000,8792.2378860000,0.2000000000,0.3000000000,0.3000000000,2.5000000000,1.0000000000,101,110,104,111,101,111
1917,neighbor,False,ENVELOPE_BASE_CONTACT,999999999.0000000000,8792.2378860000,0.2000000000,0.2000000000,0.3000000000,2.5000000000,1.0000000000,101,113,102,111,101,110
1918,neighbor,False,ENVELOPE_BASE_CONTACT,999999999.0000000000,8792.2378860000,0.2000000000,0.3000000000,0.3000000000,2.5000000000,1.0000000000,104,113,103,112,103,113
1919,neighbor,False,MINIMUM_MAIN_STEEL,999999999.0000000000,8792.2378860000,0.2000000000,0.2000000000,0.3000000000,2.5000000000,0.8000000000,100,111,100,113,103,111
1920,neighbor,False,ENVELOPE_BASE_CONTACT,999999999.0000000000,8792.2378860000,0.2500000000,0.2500000000,0.3000000000,2.5000000000,1.0000000000,101,111,104,112,104,110
1921,neighbor,False,ENVELOPE_BASE_CONTACT,999999999.0000000000,8792.2378860000,0.2250000000,0.2500000000,0.3000000000,2.5000000000,1.0000000000,103,112,102,113,101,111
1922,neighbor,False,MINIMUM_MAIN_STEEL,999999999.0000000000,8792.2378860000,0.2500000000,0.3000000000,0.3000000000,2.5000000000,1.0000000000,104,110,100,112,100,111
1923,neighbor,False,ENVELOPE_BASE_CONTACT,999999999.0000000000,8792.2378860000,0.2500000000,0.3000000000,0.3000000000,2.5000000000,1.0000000000,101,110,102,113,101,110
1924,neighbor,False,ENVELOPE_BASE_CONTACT,999999999.0000000000,8792.2378860000,0.2750000000,0.3000000000,0.3000000000,2.5000000000,0.9000000000,101,110,100,111,103,110
1925,neighbor,False,STEM_STRESS_OR_INTERVAL_BOUND,999999999.0000000000,8792.2378860000,0.2000000000,0.2000000000,0.3000000000,3.0000000000,1.0000000000,102,111,101,110,104,111
1926,neighbor,False,ENVELOPE_BASE_CONTACT,999999999.0000000000,8792.2378860000,0.2250000000,0.3500000000,0.3000000000,2.5000000000,1.0000000000,101,111,102,111,104,113
1927,neighbor,False,ENVELOPE_BASE_CONTACT,999999999.0000000000,8792.2378860000,0.2250000000,0.2500000000,0.3000000000,2.5000000000,1.0000000000,103,112,100,111,101,110
1928,neighbor,False,ENVELOPE_BASE_CONTACT,999999999.0000000000,8792.2378860000,0.2250000000,0.2500000000,0.3000000000,2.5000000000,1.0000000000,103,113,102,113,101,110
1929,neighbor,False,MINIMUM_MAIN_STEEL,999999999.0000000000,8792.2378860000,0.2000000000,0.2000000000,0.3000000000,3.0000000000,0.8000000000,101,111,101,110,100,112
1930,neighbor,False,STEM_STRESS_OR_INTERVAL_BOUND,999999999.0000000000,8792.2378860000,0.2250000000,0.2500000000,0.3000000000,3.0000000000,1.0000000000,103,112,104,112,102,110
1931,neighbor,False,ENVELOPE_BASE_CONTACT,999999999.0000000000,8792.2378860000,0.2250000000,0.2500000000,0.3000000000,2.5000000000,1.0000000000,103,112,102,113,103,112
1932,neighbor,False,ENVELOPE_BASE_CONTACT,999999999.0000000000,8792.2378860000,0.2250000000,0.2500000000,0.3000000000,2.5000000000,1.0000000000,103,112,101,110,101,110
1933,neighbor,False,ENVELOPE_BASE_CONTACT,999999999.0000000000,8792.2378860000,0.2000000000,0.3500000000,0.3000000000,2.5000000000,1.0000000000,100,110,100,110,103,113
1934,neighbor,False,ENVELOPE_BASE_CONTACT,999999999.0000000000,8792.2378860000,0.2750000000,0.3000000000,0.3000000000,2.5000000000,0.8000000000,102,111,102,110,101,112
1935,neighbor,False,ENVELOPE_BASE_CONTACT,999999999.0000000000,8792.2378860000,0.2250000000,0.2500000000,0.3000000000,2.5000000000,1.0000000000,103,112,102,113,102,111
1936,neighbor,False,MINIMUM_MAIN_STEEL,999999999.0000000000,8792.2378860000,0.2750000000,0.3000000000,0.3000000000,3.0000000000,1.0000000000,100,110,100,112,104,113
1937,neighbor,False,ENVELOPE_BASE_CONTACT,999999999.0000000000,8792.2378860000,0.2000000000,0.3500000000,0.3000000000,2.5000000000,0.8000000000,103,110,104,111,103,111
1938,neighbor,False,MINIMUM_MAIN_STEEL,999999999.0000000000,8792.2378860000,0.2000000000,0.3000000000,0.3000000000,2.5000000000,1.0000000000,102,110,100,110,100,113
1939,neighbor,False,ENVELOPE_BASE_CONTACT,999999999.0000000000,8792.2378860000,0.2000000000,0.2500000000,0.3000000000,2.5000000000,0.9000000000,104,110,102,111,101,113
1940,neighbor,False,MAXIMUM_MAIN_STEEL,999999999.0000000000,8792.2378860000,0.2750000000,0.3500000000,0.3000000000,3.0000000000,0.9000000000,104,110,103,111,103,110
1941,neighbor,False,ENVELOPE_BASE_CONTACT,999999999.0000000000,8792.2378860000,0.2250000000,0.2500000000,0.3000000000,2.5000000000,1.0000000000,101,113,102,113,101,110
1942,neighbor,False,ENVELOPE_BASE_CONTACT,999999999.0000000000,8792.2378860000,0.2250000000,0.3500000000,0.3000000000,2.5000000000,0.9000000000,102,112,103,112,103,110
1943,neighbor,False,ENVELOPE_BASE_CONTACT,999999999.0000000000,8792.2378860000,0.2250000000,0.2500000000,0.3000000000,2.5000000000,1.0000000000,101,110,102,113,101,110
1944,neighbor,False,ENVELOPE_BASE_CONTACT,999999999.0000000000,8792.2378860000,0.2000000000,0.2000000000,0.3000000000,2.5000000000,1.0000000000,100,112,103,111,101,110
1945,neighbor,False,ENVELOPE_BASE_CONTACT,999999999.0000000000,8792.2378860000,0.2000000000,0.2000000000,0.3000000000,2.5000000000,0.9000000000,101,113,102,110,103,112
1946,neighbor,False,MINIMUM_MAIN_STEEL,999999999.0000000000,8792.2378860000,0.2500000000,0.2500000000,0.3000000000,2.5000000000,1.0000000000,100,112,102,113,101,110
1947,neighbor,False,MINIMUM_MAIN_STEEL,999999999.0000000000,8792.2378860000,0.2000000000,0.3000000000,0.3000000000,2.5000000000,0.9000000000,103,113,104,113,100,113
1948,neighbor,False,ENVELOPE_BASE_CONTACT,999999999.0000000000,8792.2378860000,0.2250000000,0.2500000000,0.3000000000,2.5000000000,1.0000000000,101,110,102,113,101,110
1949,neighbor,False,ENVELOPE_BASE_CONTACT,999999999.0000000000,8792.2378860000,0.2750000000,0.3000000000,0.3000000000,2.5000000000,1.0000000000,103,113,102,113,101,110
1950,neighbor,False,MINIMUM_MAIN_STEEL,999999999.0000000000,8792.2378860000,0.2000000000,0.2000000000,0.3000000000,2.5000000000,0.8000000000,103,110,100,112,100,111
1951,neighbor,False,STEM_STRESS_OR_INTERVAL_BOUND,999999999.0000000000,8792.2378860000,0.2000000000,0.3000000000,0.3000000000,3.0000000000,1.0000000000,102,112,102,110,103,111
1952,neighbor,False,ENVELOPE_BASE_CONTACT,999999999.0000000000,8792.2378860000,0.2000000000,0.3000000000,0.3000000000,2.5000000000,0.9000000000,104,113,103,113,103,112
1953,neighbor,False,ENVELOPE_BASE_CONTACT,999999999.0000000000,8792.2378860000,0.2750000000,0.3000000000,0.3000000000,2.5000000000,1.0000000000,101,110,102,112,101,113
1954,neighbor,False,MINIMUM_MAIN_STEEL,999999999.0000000000,8792.2378860000,0.2500000000,0.2500000000,0.3000000000,2.5000000000,0.8000000000,102,111,100,113,100,111
1955,neighbor,False,ENVELOPE_BASE_CONTACT,999999999.0000000000,8792.2378860000,0.2500000000,0.2500000000,0.3000000000,2.5000000000,1.0000000000,100,111,103,110,100,111
1956,neighbor,False,MINIMUM_MAIN_STEEL,999999999.0000000000,8792.2378860000,0.2000000000,0.2000000000,0.3000000000,2.5000000000,1.0000000000,104,113,100,112,101,113
1957,neighbor,False,ENVELOPE_BASE_CONTACT,999999999.0000000000,8792.2378860000,0.2250000000,0.2500000000,0.3000000000,2.5000000000,1.0000000000,103,112,102,113,103,110
1958,neighbor,False,ENVELOPE_BASE_CONTACT,999999999.0000000000,8792.2378860000,0.2000000000,0.2000000000,0.3000000000,2.5000000000,1.0000000000,103,110,104,112,101,110
1959,neighbor,False,ENVELOPE_BASE_CONTACT,999999999.0000000000,8792.2378860000,0.2250000000,0.2500000000,0.3000000000,2.5000000000,1.0000000000,103,112,102,113,101,110
1960,neighbor,False,STEM_STRESS_OR_INTERVAL_BOUND,999999999.0000000000,8792.2378860000,0.2000000000,0.3000000000,0.3000000000,3.0000000000,0.8000000000,103,113,101,110,101,110
1961,neighbor,False,ENVELOPE_BASE_CONTACT,999999999.0000000000,8792.2378860000,0.2250000000,0.3500000000,0.3000000000,2.5000000000,1.0000000000,101,111,102,111,104,111
1962,neighbor,False,ENVELOPE_BASE_CONTACT,999999999.0000000000,8792.2378860000,0.2000000000,0.3500000000,0.3000000000,2.5000000000,1.0000000000,102,112,104,112,101,110
1963,neighbor,False,MINIMUM_MAIN_STEEL,999999999.0000000000,8792.2378860000,0.2000000000,0.2000000000,0.3000000000,2.5000000000,1.0000000000,100,110,103,111,100,112
1964,neighbor,False,ENVELOPE_BASE_CONTACT,999999999.0000000000,8792.2378860000,0.2250000000,0.2500000000,0.3000000000,2.5000000000,0.8000000000,103,112,104,111,104,110
1965,neighbor,False,ENVELOPE_BASE_CONTACT,999999999.0000000000,8792.2378860000,0.2250000000,0.2500000000,0.3000000000,2.5000000000,1.0000000000,103,112,103,112,101,110
1966,neighbor,False,MINIMUM_MAIN_STEEL,999999999.0000000000,8792.2378860000,0.2750000000,0.3500000000,0.3000000000,3.0000000000,0.8000000000,103,111,101,112,100,112
1967,neighbor,False,MINIMUM_MAIN_STEEL,999999999.0000000000,8792.2378860000,0.2250000000,0.3500000000,0.3000000000,2.5000000000,1.0000000000,103,111,102,110,100,112
1968,neighbor,False,ENVELOPE_BASE_CONTACT,999999999.0000000000,8792.2378860000,0.2250000000,0.2500000000,0.3000000000,2.5000000000,1.0000000000,103,112,102,113,104,110
1969,neighbor,False,MINIMUM_MAIN_STEEL,999999999.0000000000,8792.2378860000,0.2000000000,0.3000000000,0.3000000000,2.5000000000,0.9000000000,100,111,100,111,104,110
1970,neighbor,False,ENVELOPE_BASE_CONTACT,999999999.0000000000,8792.2378860000,0.2500000000,0.3500000000,0.3000000000,2.5000000000,1.0000000000,103,112,103,112,104,111
1971,neighbor,False,MINIMUM_MAIN_STEEL,999999999.0000000000,8792.2378860000,0.2500000000,0.3000000000,0.3000000000,2.5000000000,1.0000000000,100,110,100,113,103,111
1972,neighbor,False,ENVELOPE_BASE_CONTACT,999999999.0000000000,8792.2378860000,0.2000000000,0.2000000000,0.3000000000,2.5000000000,1.0000000000,100,111,102,111,104,111
1973,neighbor,False,MINIMUM_MAIN_STEEL,999999999.0000000000,8792.2378860000,0.2500000000,0.3500000000,0.3000000000,2.5000000000,1.0000000000,101,113,101,112,103,111
1974,neighbor,False,MINIMUM_MAIN_STEEL,999999999.0000000000,8792.2378860000,0.2250000000,0.3000000000,0.3000000000,2.5000000000,1.0000000000,100,112,100,110,102,113
1975,neighbor,False,ENVELOPE_BASE_CONTACT,999999999.0000000000,8792.2378860000,0.2250000000,0.2500000000,0.3000000000,2.5000000000,1.0000000000,103,112,101,111,104,113
1976,neighbor,False,MINIMUM_MAIN_STEEL,999999999.0000000000,8792.2378860000,0.2000000000,0.2500000000,0.3000000000,2.5000000000,0.8000000000,100,113,100,113,101,113
1977,neighbor,False,ENVELOPE_BASE_CONTACT,999999999.0000000000,8792.2378860000,0.2500000000,0.3000000000,0.3000000000,2.5000000000,1.0000000000,104,110,102,113,101,110
1978,neighbor,False,MINIMUM_MAIN_STEEL,999999999.0000000000,8792.2378860000,0.2250000000,0.2500000000,0.3000000000,2.5000000000,1.0000000000,103,112,102,113,100,113
1979,neighbor,False,MINIMUM_MAIN_STEEL,999999999.0000000000,8792.2378860000,0.2500000000,0.2500000000,0.3000000000,2.5000000000,1.0000000000,101,110,100,113,100,112
1980,neighbor,False,ENVELOPE_BASE_CONTACT,999999999.0000000000,8792.2378860000,0.2000000000,0.2000000000,0.3000000000,2.5000000000,0.8000000000,100,112,104,111,100,110
1981,neighbor,False,ENVELOPE_BASE_CONTACT,999999999.0000000000,8792.2378860000,0.2250000000,0.2500000000,0.3000000000,2.5000000000,1.0000000000,101,110,102,113,101,110
1982,neighbor,False,MINIMUM_MAIN_STEEL,999999999.0000000000,8792.2378860000,0.2500000000,0.3000000000,0.3000000000,3.0000000000,1.0000000000,100,111,102,110,100,110
1983,neighbor,False,ENVELOPE_BASE_CONTACT,999999999.0000000000,8792.2378860000,0.2000000000,0.2000000000,0.3000000000,2.5000000000,1.0000000000,102,111,101,112,102,111
1984,neighbor,False,ENVELOPE_BASE_CONTACT,999999999.0000000000,8792.2378860000,0.2250000000,0.2500000000,0.3000000000,2.5000000000,1.0000000000,101,112,102,113,101,110
1985,neighbor,False,STEM_STRESS_OR_INTERVAL_BOUND,999999999.0000000000,8792.2378860000,0.2000000000,0.2000000000,0.3000000000,3.0000000000,1.0000000000,100,112,103,111,101,111
1986,neighbor,False,MINIMUM_MAIN_STEEL,999999999.0000000000,8792.2378860000,0.2000000000,0.3000000000,0.3000000000,3.0000000000,1.0000000000,100,113,102,111,101,113
1987,neighbor,False,MINIMUM_MAIN_STEEL,999999999.0000000000,8792.2378860000,0.2750000000,0.3500000000,0.3000000000,3.0000000000,0.8000000000,101,113,103,111,104,112
1988,neighbor,False,ENVELOPE_BASE_CONTACT,999999999.0000000000,8792.2378860000,0.2000000000,0.3500000000,0.3000000000,2.5000000000,1.0000000000,100,110,102,113,101,110
1989,neighbor,False,ENVELOPE_BASE_CONTACT,999999999.0000000000,8792.2378860000,0.2250000000,0.2500000000,0.3000000000,2.5000000000,1.0000000000,103,112,102,113,101,111
1990,neighbor,False,ENVELOPE_BASE_CONTACT,999999999.0000000000,8792.2378860000,0.2000000000,0.2000000000,0.3000000000,2.5000000000,1.0000000000,100,110,103,110,104,112
1991,neighbor,False,ENVELOPE_BASE_CONTACT,999999999.0000000000,8792.2378860000,0.2000000000,0.3000000000,0.3000000000,2.5000000000,1.0000000000,104,111,104,110,103,112
1992,neighbor,False,STEM_STRESS_OR_INTERVAL_BOUND,999999999.0000000000,8792.2378860000,0.2000000000,0.2000000000,0.3000000000,3.0000000000,1.0000000000,104,110,101,113,104,112
1993,neighbor,False,STEM_STRESS_OR_INTERVAL_BOUND,999999999.0000000000,8792.2378860000,0.2500000000,0.3500000000,0.3000000000,3.0000000000,1.0000000000,103,113,104,112,102,111
1994,neighbor,False,ENVELOPE_BASE_CONTACT,999999999.0000000000,8792.2378860000,0.2250000000,0.2500000000,0.3000000000,2.5000000000,1.0000000000,103,112,104,111,101,110
1995,neighbor,False,ENVELOPE_BASE_CONTACT,999999999.0000000000,8792.2378860000,0.2000000000,0.3000000000,0.3000000000,2.5000000000,0.9000000000,101,111,104,110,101,113
1996,neighbor,False,ENVELOPE_BASE_CONTACT,999999999.0000000000,8792.2378860000,0.2750000000,0.3000000000,0.3000000000,2.5000000000,1.0000000000,100,110,100,110,102,111
1997,neighbor,False,STEM_STRESS_OR_INTERVAL_BOUND,999999999.0000000000,8792.2378860000,0.2000000000,0.2000000000,0.3000000000,3.0000000000,0.8000000000,104,110,103,113,104,111
1998,neighbor,False,ENVELOPE_BASE_CONTACT,999999999.0000000000,8792.2378860000,0.2000000000,0.2000000000,0.3000000000,2.5000000000,0.8000000000,102,113,103,112,102,110
1999,neighbor,False,ENVELOPE_BASE_CONTACT,999999999.0000000000,8792.2378860000,0.2750000000,0.3500000000,0.3000000000,2.5000000000,1.0000000000,103,113,104,111,102,113
2000,neighbor,False,ENVELOPE_BASE_CONTACT,999999999.0000000000,8792.2378860000,0.2000000000,0.2000000000,0.3000000000,2.5000000000,1.0000000000,102,111,103,112,103,112
2001,neighbor,False,MINIMUM_MAIN_STEEL,999999999.0000000000,8792.2378860000,0.2000000000,0.2000000000,0.3000000000,2.5000000000,1.0000000000,103,112,100,113,101,113
2002,neighbor,False,MINIMUM_MAIN_STEEL,999999999.0000000000,8792.2378860000,0.2000000000,0.3000000000,0.3000000000,3.0000000000,0.8000000000,100,112,103,112,100,110
2003,neighbor,False,MINIMUM_MAIN_STEEL,999999999.0000000000,8792.2378860000,0.2000000000,0.2500000000,0.3000000000,2.5000000000,1.0000000000,103,110,100,112,102,112
2004,neighbor,False,ENVELOPE_BASE_CONTACT,999999999.0000000000,8792.2378860000,0.2250000000,0.2500000000,0.3000000000,2.5000000000,1.0000000000,103,113,102,113,101,110
2005,neighbor,False,MINIMUM_MAIN_STEEL,999999999.0000000000,8792.2378860000,0.2500000000,0.2500000000,0.3000000000,2.5000000000,1.0000000000,100,113,104,112,100,112
2006,neighbor,False,ENVELOPE_BASE_CONTACT,999999999.0000000000,8792.2378860000,0.2000000000,0.2000000000,0.3000000000,2.5000000000,1.0000000000,102,113,102,113,101,110
2007,neighbor,False,ENVELOPE_BASE_CONTACT,999999999.0000000000,8792.2378860000,0.2000000000,0.2000000000,0.3000000000,2.5000000000,0.9000000000,102,112,102,110,102,110
2008,neighbor,False,MINIMUM_MAIN_STEEL,999999999.0000000000,8792.2378860000,0.2000000000,0.3500000000,0.3000000000,2.5000000000,1.0000000000,100,111,101,111,103,111
2009,neighbor,False,ENVELOPE_BASE_CONTACT,999999999.0000000000,8792.2378860000,0.2250000000,0.2500000000,0.3000000000,2.5000000000,1.0000000000,103,112,102,113,100,110
2010,neighbor,False,MINIMUM_MAIN_STEEL,999999999.0000000000,8792.2378860000,0.2250000000,0.2500000000,0.3000000000,2.5000000000,1.0000000000,103,112,102,113,100,112
2011,neighbor,False,MINIMUM_MAIN_STEEL,999999999.0000000000,8792.2378860000,0.2000000000,0.2500000000,0.3000000000,3.0000000000,1.0000000000,103,113,100,112,100,113
2012,neighbor,False,ENVELOPE_BASE_CONTACT,999999999.0000000000,8792.2378860000,0.2250000000,0.2500000000,0.3000000000,2.5000000000,1.0000000000,103,112,102,113,100,111
2013,neighbor,False,MINIMUM_MAIN_STEEL,999999999.0000000000,8792.2378860000,0.2500000000,0.2500000000,0.3000000000,2.5000000000,1.0000000000,101,112,100,113,104,113
2014,neighbor,False,ENVELOPE_BASE_CONTACT,999999999.0000000000,8792.2378860000,0.2000000000,0.3500000000,0.3000000000,2.5000000000,1.0000000000,103,110,103,110,102,113
2015,neighbor,False,ENVELOPE_BASE_CONTACT,999999999.0000000000,8792.2378860000,0.2250000000,0.2500000000,0.3000000000,2.5000000000,0.9000000000,100,110,103,112,104,111
2016,neighbor,False,ENVELOPE_BASE_CONTACT,999999999.0000000000,8792.2378860000,0.2000000000,0.2000000000,0.3000000000,2.5000000000,0.9000000000,102,110,104,112,103,111
2017,neighbor,False,ENVELOPE_BASE_CONTACT,999999999.0000000000,8792.2378860000,0.2250000000,0.2500000000,0.3000000000,2.5000000000,1.0000000000,103,112,102,113,102,112
2018,neighbor,False,ENVELOPE_BASE_CONTACT,999999999.0000000000,8792.2378860000,0.2500000000,0.3000000000,0.3000000000,2.5000000000,1.0000000000,104,112,102,113,101,110
2019,neighbor,False,ENVELOPE_BASE_CONTACT,999999999.0000000000,8792.2378860000,0.2250000000,0.3000000000,0.3000000000,2.5000000000,0.9000000000,104,110,100,110,101,111
2020,neighbor,False,ENVELOPE_BASE_CONTACT,999999999.0000000000,8792.2378860000,0.2250000000,0.2500000000,0.3000000000,2.5000000000,0.8000000000,103,112,104,111,100,110
2021,neighbor,False,ENVELOPE_BASE_CONTACT,999999999.0000000000,8792.2378860000,0.2000000000,0.2000000000,0.3000000000,2.5000000000,0.9000000000,101,110,104,112,103,110
2022,neighbor,False,ENVELOPE_BASE_CONTACT,999999999.0000000000,8792.2378860000,0.2000000000,0.2000000000,0.3000000000,2.5000000000,0.8000000000,101,110,103,111,101,113
2023,neighbor,False,ENVELOPE_BASE_CONTACT,999999999.0000000000,8792.2378860000,0.2500000000,0.2500000000,0.3000000000,2.5000000000,1.0000000000,101,111,104,112,101,111
2024,neighbor,False,ENVELOPE_BASE_CONTACT,999999999.0000000000,8792.2378860000,0.2000000000,0.3500000000,0.3000000000,2.5000000000,1.0000000000,102,112,104,112,103,113
2025,neighbor,False,STEM_STRESS_OR_INTERVAL_BOUND,999999999.0000000000,8792.2378860000,0.2000000000,0.3500000000,0.3000000000,3.0000000000,1.0000000000,103,113,103,111,102,113
2026,neighbor,False,ENVELOPE_BASE_CONTACT,999999999.0000000000,8792.2378860000,0.2250000000,0.2500000000,0.3000000000,2.5000000000,1.0000000000,103,112,102,113,100,110
2027,neighbor,False,STEM_STRESS_OR_INTERVAL_BOUND,999999999.0000000000,8792.2378860000,0.2250000000,0.2500000000,0.3000000000,3.0000000000,1.0000000000,101,113,100,111,102,111
2028,neighbor,False,ENVELOPE_BASE_CONTACT,999999999.0000000000,8792.2378860000,0.2500000000,0.3000000000,0.3000000000,2.5000000000,1.0000000000,104,110,103,112,102,110
2029,neighbor,False,ENVELOPE_BASE_CONTACT,999999999.0000000000,8792.2378860000,0.2250000000,0.2500000000,0.3000000000,2.5000000000,1.0000000000,103,112,102,113,100,111
2030,neighbor,False,ENVELOPE_BASE_CONTACT,999999999.0000000000,8792.2378860000,0.2000000000,0.2000000000,0.3000000000,2.5000000000,1.0000000000,102,111,100,110,102,110
2031,neighbor,False,ENVELOPE_BASE_CONTACT,999999999.0000000000,8792.2378860000,0.2250000000,0.2500000000,0.3000000000,2.5000000000,1.0000000000,103,112,102,113,102,110
2032,neighbor,False,MEMBER_FLEXURE,999999999.0000000000,8792.2378860000,0.2500000000,0.3500000000,0.3000000000,3.0000000000,0.8000000000,104,112,101,112,101,112
2033,neighbor,False,ENVELOPE_BASE_CONTACT,999999999.0000000000,8792.2378860000,0.2250000000,0.2500000000,0.3000000000,2.5000000000,1.0000000000,103,112,102,113,103,110
2034,neighbor,False,ENVELOPE_BASE_CONTACT,999999999.0000000000,8792.2378860000,0.2000000000,0.2000000000,0.3000000000,2.5000000000,1.0000000000,103,110,101,113,102,111
2035,neighbor,False,ENVELOPE_BASE_CONTACT,999999999.0000000000,8792.2378860000,0.2000000000,0.2000000000,0.3000000000,2.5000000000,0.8000000000,103,110,102,112,104,112
2036,neighbor,False,ENVELOPE_BASE_CONTACT,999999999.0000000000,8792.2378860000,0.2250000000,0.2500000000,0.3000000000,2.5000000000,1.0000000000,103,112,104,113,101,110
2037,neighbor,False,MINIMUM_MAIN_STEEL,999999999.0000000000,8792.2378860000,0.2000000000,0.2500000000,0.3000000000,3.0000000000,1.0000000000,102,112,101,112,100,112
2038,neighbor,False,STEM_STRESS_OR_INTERVAL_BOUND,999999999.0000000000,8792.2378860000,0.2250000000,0.2500000000,0.3000000000,3.0000000000,0.8000000000,103,112,103,111,104,113
2039,neighbor,False,ENVELOPE_BASE_CONTACT,999999999.0000000000,8792.2378860000,0.2000000000,0.2000000000,0.3000000000,2.5000000000,0.8000000000,103,111,103,112,102,112
2040,neighbor,False,MINIMUM_MAIN_STEEL,999999999.0000000000,8792.2378860000,0.2000000000,0.2500000000,0.3000000000,3.0000000000,1.0000000000,103,110,100,112,102,113
2041,neighbor,False,MINIMUM_MAIN_STEEL,999999999.0000000000,8792.2378860000,0.2000000000,0.3000000000,0.3000000000,3.0000000000,1.0000000000,100,113,100,111,101,111
2042,neighbor,False,ENVELOPE_BASE_CONTACT,999999999.0000000000,8792.2378860000,0.2250000000,0.3500000000,0.3000000000,2.5000000000,1.0000000000,104,111,101,111,100,110
2043,neighbor,False,ENVELOPE_BASE_CONTACT,999999999.0000000000,8792.2378860000,0.2250000000,0.2500000000,0.3000000000,2.5000000000,1.0000000000,103,112,103,113,101,110
2044,neighbor,False,ENVELOPE_BASE_CONTACT,999999999.0000000000,8792.2378860000,0.2000000000,0.2000000000,0.3000000000,2.5000000000,1.0000000000,101,112,102,113,101,110
2045,neighbor,False,ENVELOPE_BASE_CONTACT,999999999.0000000000,8792.2378860000,0.2000000000,0.3000000000,0.3000000000,2.5000000000,1.0000000000,102,111,100,110,101,112
2046,neighbor,False,ENVELOPE_BASE_CONTACT,999999999.0000000000,8792.2378860000,0.2000000000,0.2000000000,0.3000000000,2.5000000000,0.9000000000,104,112,103,112,101,113
2047,neighbor,False,ENVELOPE_BASE_CONTACT,999999999.0000000000,8792.2378860000,0.2250000000,0.2500000000,0.3000000000,2.5000000000,1.0000000000,103,112,103,110,100,110
2048,neighbor,False,ENVELOPE_BASE_CONTACT,999999999.0000000000,8792.2378860000,0.2000000000,0.3000000000,0.3000000000,2.5000000000,1.0000000000,102,111,102,113,101,110
2049,neighbor,False,ENVELOPE_BASE_CONTACT,999999999.0000000000,8792.2378860000,0.2250000000,0.2500000000,0.3000000000,2.5000000000,1.0000000000,103,112,104,111,101,110
2050,neighbor,False,ENVELOPE_BASE_CONTACT,999999999.0000000000,8792.2378860000,0.2000000000,0.2000000000,0.3000000000,2.5000000000,1.0000000000,103,110,101,111,103,111
2051,neighbor,False,MINIMUM_MAIN_STEEL,999999999.0000000000,8792.2378860000,0.2000000000,0.2000000000,0.3000000000,2.5000000000,1.0000000000,104,110,103,113,100,113
2052,neighbor,False,ENVELOPE_BASE_CONTACT,999999999.0000000000,8792.2378860000,0.2000000000,0.2000000000,0.3000000000,2.5000000000,1.0000000000,100,110,104,110,102,111
2053,neighbor,False,STEM_STRESS_OR_INTERVAL_BOUND,999999999.0000000000,8792.2378860000,0.2500000000,0.2500000000,0.3000000000,3.0000000000,1.0000000000,102,113,103,110,104,112
2054,neighbor,False,MINIMUM_MAIN_STEEL,999999999.0000000000,8792.2378860000,0.2750000000,0.3500000000,0.3000000000,3.0000000000,1.0000000000,102,112,100,112,103,110
2055,neighbor,False,ENVELOPE_BASE_CONTACT,999999999.0000000000,8792.2378860000,0.2500000000,0.2500000000,0.3000000000,2.5000000000,1.0000000000,104,111,104,113,104,111
2056,neighbor,False,ENVELOPE_BASE_CONTACT,999999999.0000000000,8792.2378860000,0.2250000000,0.2500000000,0.3000000000,2.5000000000,1.0000000000,103,112,101,110,101,110
2057,neighbor,False,MINIMUM_MAIN_STEEL,999999999.0000000000,8792.2378860000,0.2000000000,0.2000000000,0.3000000000,2.5000000000,0.8000000000,104,111,104,110,100,112
2058,neighbor,False,ENVELOPE_BASE_CONTACT,999999999.0000000000,8792.2378860000,0.2250000000,0.3000000000,0.3000000000,2.5000000000,1.0000000000,102,111,102,113,101,110
2059,neighbor,False,ENVELOPE_BASE_CONTACT,999999999.0000000000,8792.2378860000,0.2000000000,0.2000000000,0.3000000000,2.5000000000,1.0000000000,101,110,104,111,102,113
2060,neighbor,False,ENVELOPE_BASE_CONTACT,999999999.0000000000,8792.2378860000,0.2000000000,0.2500000000,0.3000000000,2.5000000000,1.0000000000,104,111,103,112,101,113
2061,neighbor,False,ENVELOPE_BASE_CONTACT,999999999.0000000000,8792.2378860000,0.2000000000,0.2000000000,0.3000000000,2.5000000000,1.0000000000,103,111,102,113,101,110
2062,neighbor,False,MINIMUM_MAIN_STEEL,999999999.0000000000,8792.2378860000,0.2750000000,0.3500000000,0.3000000000,3.0000000000,0.9000000000,100,111,101,110,104,112
2063,neighbor,False,MINIMUM_MAIN_STEEL,999999999.0000000000,8792.2378860000,0.2000000000,0.3000000000,0.3000000000,2.5000000000,1.0000000000,102,110,100,112,101,111
2064,neighbor,False,MINIMUM_MAIN_STEEL,999999999.0000000000,8792.2378860000,0.2000000000,0.2000000000,0.3000000000,2.5000000000,0.8000000000,104,110,100,113,104,110
2065,neighbor,False,MINIMUM_MAIN_STEEL,999999999.0000000000,8792.2378860000,0.2000000000,0.2000000000,0.3000000000,2.5000000000,1.0000000000,102,111,103,113,100,112
2066,neighbor,False,MINIMUM_MAIN_STEEL,999999999.0000000000,8792.2378860000,0.2250000000,0.2500000000,0.3000000000,2.5000000000,1.0000000000,103,112,102,111,100,112
2067,neighbor,False,ENVELOPE_BASE_CONTACT,999999999.0000000000,8792.2378860000,0.2000000000,0.2000000000,0.3000000000,2.5000000000,1.0000000000,100,110,102,113,101,110
2068,neighbor,False,ENVELOPE_BASE_CONTACT,999999999.0000000000,8792.2378860000,0.2000000000,0.2000000000,0.3000000000,2.5000000000,1.0000000000,104,113,102,110,103,113
2069,neighbor,False,MINIMUM_MAIN_STEEL,999999999.0000000000,8792.2378860000,0.2250000000,0.3500000000,0.3000000000,2.5000000000,0.8000000000,104,110,100,113,104,110
2070,neighbor,False,ENVELOPE_BASE_CONTACT,999999999.0000000000,8792.2378860000,0.2250000000,0.2500000000,0.3000000000,2.5000000000,1.0000000000,103,112,104,113,102,112
2071,neighbor,False,ENVELOPE_BASE_CONTACT,999999999.0000000000,8792.2378860000,0.2750000000,0.3000000000,0.3000000000,2.5000000000,0.9000000000,104,113,104,110,102,113
2072,neighbor,False,ENVELOPE_BASE_CONTACT,999999999.0000000000,8792.2378860000,0.2250000000,0.2500000000,0.3000000000,2.5000000000,1.0000000000,102,113,102,113,101,110
2073,neighbor,False,MAXIMUM_MAIN_STEEL,999999999.0000000000,8792.2378860000,0.2250000000,0.3500000000,0.3000000000,3.0000000000,0.8000000000,104,113,103,112,104,110
2074,neighbor,False,ENVELOPE_BASE_CONTACT,999999999.0000000000,8792.2378860000,0.2250000000,0.2500000000,0.3000000000,2.5000000000,1.0000000000,103,112,104,113,101,110
2075,neighbor,False,ENVELOPE_BASE_CONTACT,999999999.0000000000,8792.2378860000,0.2250000000,0.2500000000,0.3000000000,2.5000000000,1.0000000000,103,112,101,110,101,110
2076,neighbor,False,ENVELOPE_BASE_CONTACT,999999999.0000000000,8792.2378860000,0.2000000000,0.2000000000,0.3000000000,2.5000000000,1.0000000000,101,113,100,111,102,110
2077,neighbor,False,MINIMUM_MAIN_STEEL,999999999.0000000000,8792.2378860000,0.2000000000,0.3500000000,0.3000000000,2.5000000000,1.0000000000,103,112,100,113,100,111
2078,neighbor,False,STEM_STRESS_OR_INTERVAL_BOUND,999999999.0000000000,8792.2378860000,0.2000000000,0.2000000000,0.3000000000,3.0000000000,1.0000000000,101,113,102,112,103,111
2079,neighbor,False,ENVELOPE_BASE_CONTACT,999999999.0000000000,8792.2378860000,0.2750000000,0.3000000000,0.3000000000,2.5000000000,1.0000000000,100,110,100,110,104,110
2080,neighbor,False,MINIMUM_MAIN_STEEL,999999999.0000000000,8792.2378860000,0.2250000000,0.2500000000,0.3000000000,2.5000000000,1.0000000000,103,112,100,113,101,112
2081,neighbor,False,ENVELOPE_BASE_CONTACT,999999999.0000000000,8792.2378860000,0.2000000000,0.2000000000,0.3000000000,2.5000000000,0.9000000000,100,111,104,113,104,112
2082,neighbor,False,ENVELOPE_BASE_CONTACT,999999999.0000000000,8792.2378860000,0.2250000000,0.2500000000,0.3000000000,2.5000000000,1.0000000000,104,110,102,113,101,110
2083,neighbor,False,ENVELOPE_BASE_CONTACT,999999999.0000000000,8792.2378860000,0.2250000000,0.2500000000,0.3000000000,2.5000000000,1.0000000000,103,112,102,113,101,110
2084,neighbor,False,ENVELOPE_BASE_CONTACT,999999999.0000000000,8792.2378860000,0.2500000000,0.2500000000,0.3000000000,2.5000000000,1.0000000000,104,111,103,113,102,110
2085,neighbor,False,ENVELOPE_BASE_CONTACT,999999999.0000000000,8792.2378860000,0.2500000000,0.2500000000,0.3000000000,2.5000000000,0.9000000000,101,112,101,112,104,112
2086,neighbor,False,MINIMUM_MAIN_STEEL,999999999.0000000000,8792.2378860000,0.2250000000,0.2500000000,0.3000000000,2.5000000000,1.0000000000,103,112,102,113,100,112
2087,neighbor,False,ENVELOPE_BASE_CONTACT,999999999.0000000000,8792.2378860000,0.2250000000,0.3000000000,0.3000000000,2.5000000000,1.0000000000,102,113,104,110,104,113
2088,neighbor,False,ENVELOPE_BASE_CONTACT,999999999.0000000000,8792.2378860000,0.2000000000,0.2000000000,0.3000000000,2.5000000000,1.0000000000,102,112,102,113,101,110
2089,neighbor,False,MEMBER_FLEXURE,999999999.0000000000,8792.2378860000,0.2250000000,0.3500000000,0.3000000000,3.0000000000,0.9000000000,104,112,102,112,101,113
2090,neighbor,False,ENVELOPE_BASE_CONTACT,999999999.0000000000,8792.2378860000,0.2250000000,0.2500000000,0.3000000000,2.5000000000,1.0000000000,103,112,102,113,103,111
2091,neighbor,False,ENVELOPE_BASE_CONTACT,999999999.0000000000,8792.2378860000,0.2250000000,0.2500000000,0.3000000000,2.5000000000,1.0000000000,103,112,102,113,102,113
2092,neighbor,False,ENVELOPE_BASE_CONTACT,999999999.0000000000,8792.2378860000,0.2000000000,0.2500000000,0.3000000000,2.5000000000,1.0000000000,103,110,101,111,102,110
2093,neighbor,False,MINIMUM_MAIN_STEEL,999999999.0000000000,8792.2378860000,0.2250000000,0.2500000000,0.3000000000,2.5000000000,1.0000000000,103,112,102,113,100,112
2094,neighbor,False,MINIMUM_MAIN_STEEL,999999999.0000000000,8792.2378860000,0.2000000000,0.3000000000,0.3000000000,2.5000000000,0.9000000000,100,111,101,112,103,112
2095,neighbor,False,ENVELOPE_BASE_CONTACT,999999999.0000000000,8792.2378860000,0.2000000000,0.2000000000,0.3000000000,2.5000000000,0.8000000000,101,110,100,110,103,111
2096,neighbor,False,MINIMUM_MAIN_STEEL,999999999.0000000000,8792.2378860000,0.2000000000,0.3000000000,0.3000000000,2.5000000000,1.0000000000,104,111,100,113,101,113
2097,neighbor,False,ENVELOPE_BASE_CONTACT,999999999.0000000000,8792.2378860000,0.2000000000,0.3500000000,0.3000000000,2.5000000000,0.9000000000,104,112,101,111,102,112
2098,neighbor,False,STEM_STRESS_OR_INTERVAL_BOUND,999999999.0000000000,8792.2378860000,0.2000000000,0.3500000000,0.3000000000,3.0000000000,0.8000000000,102,111,101,113,104,111
2099,neighbor,False,STEM_STRESS_OR_INTERVAL_BOUND,999999999.0000000000,8792.2378860000,0.2000000000,0.2500000000,0.3000000000,3.0000000000,1.0000000000,104,113,103,113,103,112
2100,neighbor,False,MINIMUM_MAIN_STEEL,999999999.0000000000,8792.2378860000,0.2750000000,0.3000000000,0.3000000000,2.5000000000,1.0000000000,100,111,100,112,101,112
2101,neighbor,False,ENVELOPE_BASE_CONTACT,999999999.0000000000,8792.2378860000,0.2250000000,0.2500000000,0.3000000000,2.5000000000,1.0000000000,103,112,102,113,103,110
2102,neighbor,False,ENVELOPE_BASE_CONTACT,999999999.0000000000,8792.2378860000,0.2000000000,0.2000000000,0.3000000000,2.5000000000,1.0000000000,103,110,102,113,101,110
2103,neighbor,False,ENVELOPE_BASE_CONTACT,999999999.0000000000,8792.2378860000,0.2250000000,0.2500000000,0.3000000000,2.5000000000,1.0000000000,102,110,101,111,103,111
2104,neighbor,False,ENVELOPE_BASE_CONTACT,999999999.0000000000,8792.2378860000,0.2250000000,0.2500000000,0.3000000000,2.5000000000,1.0000000000,103,112,104,113,101,110
2105,neighbor,False,STEM_STRESS_OR_INTERVAL_BOUND,999999999.0000000000,8792.2378860000,0.2000000000,0.2000000000,0.3000000000,3.0000000000,1.0000000000,101,111,104,113,100,110
2106,neighbor,False,ENVELOPE_BASE_CONTACT,999999999.0000000000,8792.2378860000,0.2250000000,0.2500000000,0.3000000000,2.5000000000,1.0000000000,101,111,102,113,101,110
2107,neighbor,False,MINIMUM_MAIN_STEEL,999999999.0000000000,8792.2378860000,0.2250000000,0.3000000000,0.3000000000,2.5000000000,0.9000000000,100,112,102,113,102,111
2108,neighbor,False,MINIMUM_MAIN_STEEL,999999999.0000000000,8792.2378860000,0.2250000000,0.2500000000,0.3000000000,2.5000000000,1.0000000000,103,112,100,112,101,110
2109,neighbor,False,ENVELOPE_BASE_CONTACT,999999999.0000000000,8792.2378860000,0.2000000000,0.2000000000,0.3000000000,2.5000000000,1.0000000000,101,110,101,111,100,111
2110,neighbor,False,ENVELOPE_BASE_CONTACT,999999999.0000000000,8792.2378860000,0.2250000000,0.2500000000,0.3000000000,2.5000000000,1.0000000000,103,112,100,110,101,110
2111,neighbor,False,ENVELOPE_BASE_CONTACT,999999999.0000000000,8792.2378860000,0.2000000000,0.2500000000,0.3000000000,2.5000000000,0.8000000000,102,110,104,111,102,113
2112,neighbor,False,ENVELOPE_BASE_CONTACT,999999999.0000000000,8792.2378860000,0.2750000000,0.3000000000,0.3000000000,2.5000000000,1.0000000000,104,111,104,110,102,111
2113,neighbor,False,STEM_STRESS_OR_INTERVAL_BOUND,999999999.0000000000,8792.2378860000,0.2500000000,0.2500000000,0.3000000000,3.0000000000,1.0000000000,104,110,103,113,100,111
2114,neighbor,False,STEM_STRESS_OR_INTERVAL_BOUND,999999999.0000000000,8792.2378860000,0.2000000000,0.2000000000,0.3000000000,3.0000000000,1.0000000000,101,111,101,110,104,110
2115,reset,False,ENVELOPE_BASE_CONTACT,999999999.0000000000,8792.2378860000,0.2250000000,0.2500000000,0.3000000000,2.5000000000,1.0000000000,103,112,102,113,101,110
2116,neighbor,False,MAXIMUM_MAIN_STEEL,999999999.0000000000,8792.2378860000,0.2000000000,0.3500000000,0.3000000000,3.0000000000,1.0000000000,104,111,104,113,104,110
2117,neighbor,False,ENVELOPE_BASE_CONTACT,999999999.0000000000,8792.2378860000,0.2250000000,0.2500000000,0.3000000000,2.5000000000,1.0000000000,103,112,102,112,101,110
2118,neighbor,False,ENVELOPE_BASE_CONTACT,999999999.0000000000,8792.2378860000,0.2250000000,0.2500000000,0.3000000000,2.5000000000,1.0000000000,103,112,102,113,103,111
2119,neighbor,False,ENVELOPE_BASE_CONTACT,999999999.0000000000,8792.2378860000,0.2000000000,0.2000000000,0.3500000000,2.5000000000,1.0000000000,102,113,104,111,103,110
2120,neighbor,False,ENVELOPE_BASE_CONTACT,999999999.0000000000,8792.2378860000,0.2000000000,0.2500000000,0.4000000000,2.5000000000,1.0000000000,101,110,104,110,104,113
2121,neighbor,False,MINIMUM_MAIN_STEEL,999999999.0000000000,8792.2378860000,0.2250000000,0.3500000000,0.5500000000,2.5000000000,0.8000000000,100,110,101,112,102,111
2122,neighbor,False,ENVELOPE_BASE_CONTACT,999999999.0000000000,8792.2378860000,0.2000000000,0.3000000000,0.3000000000,2.5000000000,0.9000000000,101,110,102,110,100,110
2123,neighbor,False,ENVELOPE_BASE_CONTACT,999999999.0000000000,8792.2378860000,0.2250000000,0.2500000000,0.3000000000,2.5000000000,1.0000000000,103,112,102,113,101,110
2124,neighbor,False,STEM_STRESS_OR_INTERVAL_BOUND,999999999.0000000000,8792.2378860000,0.2000000000,0.2000000000,0.3000000000,3.0000000000,0.8000000000,104,111,100,111,101,113
2125,neighbor,False,MINIMUM_MAIN_STEEL,999999999.0000000000,8792.2378860000,0.2000000000,0.2000000000,0.5500000000,2.5000000000,0.9000000000,103,113,101,112,103,113
2126,neighbor,False,ENVELOPE_BASE_CONTACT,999999999.0000000000,8792.2378860000,0.2000000000,0.2000000000,0.3000000000,2.5000000000,1.0000000000,101,112,103,111,104,112
2127,neighbor,False,MINIMUM_MAIN_STEEL,999999999.0000000000,8792.2378860000,0.2000000000,0.2000000000,0.4000000000,2.5000000000,1.0000000000,102,113,100,113,100,111
2128,neighbor,False,ENVELOPE_BASE_CONTACT,999999999.0000000000,8792.2378860000,0.2250000000,0.2500000000,0.3000000000,2.5000000000,1.0000000000,103,112,102,113,103,112
2129,neighbor,False,ENVELOPE_BASE_CONTACT,999999999.0000000000,8792.2378860000,0.2750000000,0.3000000000,0.3000000000,2.5000000000,1.0000000000,103,111,102,113,101,110
2130,neighbor,False,MINIMUM_MAIN_STEEL,999999999.0000000000,8792.2378860000,0.2000000000,0.2000000000,0.3000000000,2.5000000000,0.8000000000,102,110,104,110,100,112
2131,neighbor,False,STEM_STRESS_OR_INTERVAL_BOUND,999999999.0000000000,8792.2378860000,0.2250000000,0.2500000000,0.3000000000,3.0000000000,1.0000000000,103,112,103,113,100,110
2132,neighbor,False,ENVELOPE_BASE_CONTACT,999999999.0000000000,8792.2378860000,0.2000000000,0.3000000000,0.3000000000,2.5000000000,0.9000000000,104,111,103,111,101,112
2133,neighbor,False,ENVELOPE_BASE_CONTACT,999999999.0000000000,8792.2378860000,0.2500000000,0.2500000000,0.3000000000,2.5000000000,0.8000000000,100,111,103,111,102,112
2134,neighbor,False,ENVELOPE_BASE_CONTACT,999999999.0000000000,8792.2378860000,0.2000000000,0.2000000000,0.3000000000,2.5000000000,1.0000000000,102,111,102,113,101,110
2135,neighbor,False,ENVELOPE_BASE_CONTACT,999999999.0000000000,8792.2378860000,0.2250000000,0.3500000000,0.5000000000,2.5000000000,1.0000000000,104,111,102,110,104,113
2136,neighbor,False,ENVELOPE_BASE_CONTACT,999999999.0000000000,8792.2378860000,0.2000000000,0.2500000000,0.5000000000,2.5000000000,0.8000000000,104,113,102,113,101,111
2137,neighbor,False,MINIMUM_MAIN_STEEL,999999999.0000000000,8792.2378860000,0.2250000000,0.3500000000,0.3000000000,3.0000000000,1.0000000000,104,112,104,112,100,113
2138,neighbor,False,ENVELOPE_BASE_CONTACT,999999999.0000000000,8792.2378860000,0.2500000000,0.3500000000,0.3000000000,2.5000000000,1.0000000000,101,112,102,113,101,110
2139,neighbor,False,MINIMUM_MAIN_STEEL,999999999.0000000000,8792.2378860000,0.2000000000,0.2000000000,0.4500000000,2.5000000000,0.9000000000,104,113,100,113,100,112
2140,neighbor,False,MINIMUM_MAIN_STEEL,999999999.0000000000,8792.2378860000,0.2250000000,0.2500000000,0.3000000000,2.5000000000,1.0000000000,100,113,102,113,101,110
2141,neighbor,False,ENVELOPE_BASE_CONTACT,999999999.0000000000,8792.2378860000,0.2000000000,0.2000000000,0.3000000000,2.5000000000,1.0000000000,103,113,102,113,101,110
2142,neighbor,False,ENVELOPE_BASE_CONTACT,999999999.0000000000,8792.2378860000,0.2250000000,0.2500000000,0.3000000000,2.5000000000,1.0000000000,103,112,102,113,102,111
2143,neighbor,False,ENVELOPE_BASE_CONTACT,999999999.0000000000,8792.2378860000,0.2250000000,0.2500000000,0.3000000000,2.5000000000,1.0000000000,103,111,102,113,101,110
2144,neighbor,False,ENVELOPE_BASE_CONTACT,999999999.0000000000,8792.2378860000,0.2250000000,0.2500000000,0.3000000000,2.5000000000,1.0000000000,103,112,102,110,101,110
2145,neighbor,False,ENVELOPE_BASE_CONTACT,999999999.0000000000,8792.2378860000,0.2000000000,0.2000000000,0.3000000000,2.5000000000,0.8000000000,101,110,104,112,101,112
2146,neighbor,False,ENVELOPE_BASE_CONTACT,999999999.0000000000,8792.2378860000,0.2000000000,0.2000000000,0.3000000000,2.5000000000,1.0000000000,102,113,102,113,102,110
2147,neighbor,False,ENVELOPE_BASE_CONTACT,999999999.0000000000,8792.2378860000,0.2500000000,0.2500000000,0.3000000000,2.5000000000,1.0000000000,103,111,103,110,101,110
2148,neighbor,False,ENVELOPE_BASE_CONTACT,999999999.0000000000,8792.2378860000,0.2250000000,0.2500000000,0.3000000000,2.5000000000,1.0000000000,103,112,101,111,101,110
2149,neighbor,False,MINIMUM_MAIN_STEEL,999999999.0000000000,8792.2378860000,0.2000000000,0.3000000000,0.3000000000,3.0000000000,1.0000000000,100,112,101,112,101,112
2150,neighbor,False,ENVELOPE_BASE_CONTACT,999999999.0000000000,8792.2378860000,0.2250000000,0.2500000000,0.3000000000,2.5000000000,1.0000000000,103,112,102,113,101,112
2151,neighbor,False,STEM_STRESS_OR_INTERVAL_BOUND,999999999.0000000000,8792.2378860000,0.2500000000,0.3500000000,0.3000000000,3.0000000000,0.8000000000,102,113,101,112,100,111
2152,neighbor,False,MINIMUM_MAIN_STEEL,999999999.0000000000,8792.2378860000,0.2000000000,0.2500000000,0.3000000000,2.5000000000,0.8000000000,100,113,104,111,101,112
2153,neighbor,False,ENVELOPE_BASE_CONTACT,999999999.0000000000,8792.2378860000,0.2250000000,0.2500000000,0.3000000000,2.5000000000,1.0000000000,104,113,102,113,101,110
2154,neighbor,False,ENVELOPE_BASE_CONTACT,999999999.0000000000,8792.2378860000,0.2250000000,0.2500000000,0.3000000000,2.5000000000,1.0000000000,103,112,104,111,101,110
2155,neighbor,False,ENVELOPE_BASE_CONTACT,999999999.0000000000,8792.2378860000,0.2000000000,0.2500000000,0.3000000000,2.5000000000,1.0000000000,103,113,102,113,101,110
2156,neighbor,False,ENVELOPE_BASE_CONTACT,999999999.0000000000,8792.2378860000,0.2250000000,0.2500000000,0.3500000000,2.5000000000,1.0000000000,103,112,101,111,101,110
2157,neighbor,False,ENVELOPE_BASE_CONTACT,999999999.0000000000,8792.2378860000,0.2000000000,0.2000000000,0.4000000000,2.5000000000,0.8000000000,103,112,103,112,104,112
2158,neighbor,False,ENVELOPE_BASE_CONTACT,999999999.0000000000,8792.2378860000,0.2250000000,0.2500000000,0.3000000000,2.5000000000,1.0000000000,103,110,102,113,101,110
2159,neighbor,False,ENVELOPE_BASE_CONTACT,999999999.0000000000,8792.2378860000,0.2000000000,0.3500000000,0.3000000000,2.5000000000,0.8000000000,102,110,103,111,104,112
2160,neighbor,False,ENVELOPE_BASE_CONTACT,999999999.0000000000,8792.2378860000,0.2750000000,0.3500000000,0.3500000000,2.5000000000,1.0000000000,104,111,102,110,102,112
2161,neighbor,False,ENVELOPE_BASE_CONTACT,999999999.0000000000,8792.2378860000,0.2250000000,0.2500000000,0.3000000000,2.5000000000,1.0000000000,103,112,103,111,101,110
2162,neighbor,False,ENVELOPE_BASE_CONTACT,999999999.0000000000,8792.2378860000,0.2000000000,0.2000000000,0.3000000000,2.5000000000,0.9000000000,104,112,101,110,103,111
2163,neighbor,False,STEM_STRESS_OR_INTERVAL_BOUND,999999999.0000000000,8792.2378860000,0.2000000000,0.2000000000,0.3000000000,3.0000000000,1.0000000000,100,112,102,110,101,111
2164,neighbor,False,ENVELOPE_BASE_CONTACT,999999999.0000000000,8792.2378860000,0.2250000000,0.2500000000,0.5500000000,2.5000000000,1.0000000000,102,110,100,110,101,111
2165,neighbor,False,ENVELOPE_BASE_CONTACT,999999999.0000000000,8792.2378860000,0.2000000000,0.3500000000,0.3000000000,2.5000000000,0.8000000000,102,112,100,110,101,113
2166,neighbor,False,ENVELOPE_BASE_CONTACT,999999999.0000000000,8792.2378860000,0.2000000000,0.3500000000,0.3500000000,2.5000000000,0.9000000000,104,110,103,112,101,110
2167,neighbor,False,STEM_STRESS_OR_INTERVAL_BOUND,999999999.0000000000,8792.2378860000,0.2000000000,0.2000000000,0.3000000000,3.0000000000,1.0000000000,100,112,104,112,103,112
2168,neighbor,False,STEM_STRESS_OR_INTERVAL_BOUND,999999999.0000000000,8792.2378860000,0.2250000000,0.2500000000,0.3000000000,3.0000000000,1.0000000000,103,112,103,110,104,113
2169,neighbor,False,ENVELOPE_BASE_CONTACT,999999999.0000000000,8792.2378860000,0.2250000000,0.2500000000,0.3000000000,2.5000000000,1.0000000000,103,112,102,112,101,110
2170,neighbor,False,MINIMUM_MAIN_STEEL,999999999.0000000000,8792.2378860000,0.2250000000,0.2500000000,0.3500000000,2.5000000000,1.0000000000,103,112,100,113,100,111
2171,neighbor,False,STEM_STRESS_OR_INTERVAL_BOUND,999999999.0000000000,8792.2378860000,0.2000000000,0.2000000000,0.3000000000,3.0000000000,0.8000000000,100,110,104,112,104,111
2172,neighbor,False,ENVELOPE_BASE_CONTACT,999999999.0000000000,8792.2378860000,0.2250000000,0.2500000000,0.5500000000,2.5000000000,1.0000000000,103,112,102,111,102,111
2173,neighbor,False,STEM_STRESS_OR_INTERVAL_BOUND,999999999.0000000000,8792.2378860000,0.2000000000,0.2000000000,0.5000000000,3.0000000000,0.8000000000,100,112,102,110,100,110
2174,neighbor,False,MINIMUM_MAIN_STEEL,999999999.0000000000,8792.2378860000,0.2000000000,0.2000000000,0.3500000000,2.5000000000,0.9000000000,101,112,104,113,100,112
2175,neighbor,False,ENVELOPE_BASE_CONTACT,999999999.0000000000,8792.2378860000,0.2500000000,0.3000000000,0.4000000000,2.5000000000,0.9000000000,102,113,104,112,104,111
2176,neighbor,False,ENVELOPE_BASE_CONTACT,999999999.0000000000,8792.2378860000,0.2000000000,0.2000000000,0.5500000000,2.5000000000,0.9000000000,100,110,101,111,102,112
2177,neighbor,False,STEM_STRESS_OR_INTERVAL_BOUND,999999999.0000000000,8792.2378860000,0.2500000000,0.3000000000,0.3000000000,3.0000000000,0.9000000000,102,112,101,112,100,110
2178,neighbor,False,MINIMUM_MAIN_STEEL,999999999.0000000000,8792.2378860000,0.2500000000,0.3500000000,0.5000000000,2.5000000000,1.0000000000,100,112,100,111,103,112
2179,neighbor,False,ENVELOPE_BASE_CONTACT,999999999.0000000000,8792.2378860000,0.2500000000,0.2500000000,0.4000000000,2.5000000000,0.8000000000,102,112,103,110,104,110
2180,neighbor,False,ENVELOPE_BASE_CONTACT,999999999.0000000000,8792.2378860000,0.2000000000,0.3000000000,0.4500000000,2.5000000000,1.0000000000,101,113,104,113,101,111
2181,neighbor,False,MINIMUM_MAIN_STEEL,999999999.0000000000,8792.2378860000,0.2250000000,0.2500000000,0.3000000000,2.5000000000,1.0000000000,103,112,104,113,100,112
2182,neighbor,False,STEM_STRESS_OR_INTERVAL_BOUND,999999999.0000000000,8792.2378860000,0.2000000000,0.3500000000,0.3000000000,3.0000000000,1.0000000000,101,110,102,110,104,111
2183,neighbor,False,ENVELOPE_BASE_CONTACT,999999999.0000000000,8792.2378860000,0.2000000000,0.2000000000,0.3000000000,2.5000000000,1.0000000000,101,111,100,110,102,113
2184,neighbor,False,MINIMUM_MAIN_STEEL,999999999.0000000000,8792.2378860000,0.2000000000,0.3000000000,0.3000000000,2.5000000000,0.9000000000,100,112,104,111,103,112
2185,neighbor,False,MINIMUM_MAIN_STEEL,999999999.0000000000,8792.2378860000,0.2750000000,0.3000000000,0.3000000000,2.5000000000,0.9000000000,104,112,100,112,102,110
2186,neighbor,False,ENVELOPE_BASE_CONTACT,999999999.0000000000,8792.2378860000,0.2250000000,0.2500000000,0.3000000000,2.5000000000,1.0000000000,103,112,103,111,100,110
2187,neighbor,False,ENVELOPE_BASE_CONTACT,999999999.0000000000,8792.2378860000,0.2250000000,0.2500000000,0.3000000000,2.5000000000,1.0000000000,103,112,100,110,101,110
2188,neighbor,False,STEM_STRESS_OR_INTERVAL_BOUND,999999999.0000000000,8792.2378860000,0.2000000000,0.2000000000,0.3000000000,3.0000000000,0.9000000000,104,111,100,110,104,113
2189,neighbor,False,STEM_STRESS_OR_INTERVAL_BOUND,999999999.0000000000,8792.2378860000,0.2000000000,0.2000000000,0.3000000000,3.0000000000,1.0000000000,103,110,103,111,101,112
2190,neighbor,False,MINIMUM_MAIN_STEEL,999999999.0000000000,8792.2378860000,0.2750000000,0.3000000000,0.3000000000,2.5000000000,1.0000000000,100,110,100,113,103,112
2191,neighbor,False,STEM_STRESS_OR_INTERVAL_BOUND,999999999.0000000000,8792.2378860000,0.2000000000,0.2000000000,0.4000000000,3.0000000000,1.0000000000,103,110,101,111,101,110
2192,neighbor,False,ENVELOPE_BASE_CONTACT,999999999.0000000000,8792.2378860000,0.2000000000,0.2000000000,0.3000000000,2.5000000000,0.9000000000,103,113,104,113,104,112
2193,neighbor,False,ENVELOPE_BASE_CONTACT,999999999.0000000000,8792.2378860000,0.2250000000,0.2500000000,0.3000000000,2.5000000000,1.0000000000,103,112,101,111,101,110
2194,neighbor,False,ENVELOPE_BASE_CONTACT,999999999.0000000000,8792.2378860000,0.2750000000,0.3000000000,0.4000000000,2.5000000000,1.0000000000,101,110,103,112,101,110
2195,neighbor,False,MINIMUM_MAIN_STEEL,999999999.0000000000,8792.2378860000,0.2500000000,0.3500000000,0.3500000000,3.0000000000,0.8000000000,102,111,100,112,104,113
2196,neighbor,False,STEM_STRESS_OR_INTERVAL_BOUND,999999999.0000000000,8792.2378860000,0.2750000000,0.3000000000,0.3000000000,3.0000000000,1.0000000000,101,112,103,113,103,113
2197,neighbor,False,ENVELOPE_BASE_CONTACT,999999999.0000000000,8792.2378860000,0.2250000000,0.2500000000,0.3000000000,2.5000000000,1.0000000000,103,112,102,113,103,110
2198,neighbor,False,ENVELOPE_BASE_CONTACT,999999999.0000000000,8792.2378860000,0.2000000000,0.2000000000,0.3000000000,2.5000000000,1.0000000000,100,113,102,113,101,110
2199,neighbor,False,MINIMUM_MAIN_STEEL,999999999.0000000000,8792.2378860000,0.2500000000,0.3000000000,0.3000000000,2.5000000000,1.0000000000,100,111,102,113,101,110
2200,neighbor,False,ENVELOPE_BASE_CONTACT,999999999.0000000000,8792.2378860000,0.2250000000,0.2500000000,0.3000000000,2.5000000000,1.0000000000,102,111,102,113,101,110
2201,neighbor,False,ENVELOPE_BASE_CONTACT,999999999.0000000000,8792.2378860000,0.2250000000,0.2500000000,0.3000000000,2.5000000000,1.0000000000,103,113,102,113,101,110
2202,neighbor,False,STEM_STRESS_OR_INTERVAL_BOUND,999999999.0000000000,8792.2378860000,0.2250000000,0.2500000000,0.3000000000,3.0000000000,0.9000000000,103,112,102,111,104,111
2203,neighbor,False,MINIMUM_MAIN_STEEL,999999999.0000000000,8792.2378860000,0.2000000000,0.3000000000,0.3000000000,2.5000000000,0.9000000000,100,112,103,110,102,113
2204,neighbor,False,MINIMUM_MAIN_STEEL,999999999.0000000000,8792.2378860000,0.2500000000,0.2500000000,0.3000000000,2.5000000000,1.0000000000,101,113,100,111,100,113
2205,neighbor,False,ENVELOPE_BASE_CONTACT,999999999.0000000000,8792.2378860000,0.2000000000,0.3000000000,0.3000000000,2.5000000000,0.9000000000,101,111,104,110,103,111
2206,neighbor,False,MINIMUM_MAIN_STEEL,999999999.0000000000,8792.2378860000,0.2000000000,0.2000000000,0.3000000000,2.5000000000,0.9000000000,103,113,102,113,100,113
2207,neighbor,False,MINIMUM_MAIN_STEEL,999999999.0000000000,8792.2378860000,0.2250000000,0.2500000000,0.3000000000,2.5000000000,1.0000000000,103,112,100,113,101,110
2208,neighbor,False,ENVELOPE_BASE_CONTACT,999999999.0000000000,8792.2378860000,0.2000000000,0.2500000000,0.3000000000,2.5000000000,1.0000000000,101,113,104,110,104,111
2209,neighbor,False,ENVELOPE_BASE_CONTACT,999999999.0000000000,8792.2378860000,0.2000000000,0.3500000000,0.3000000000,2.5000000000,1.0000000000,102,112,102,113,101,110
2210,neighbor,False,MINIMUM_MAIN_STEEL,999999999.0000000000,8792.2378860000,0.2000000000,0.2000000000,0.3500000000,2.5000000000,1.0000000000,103,111,103,110,100,113
2211,neighbor,False,STEM_STRESS_OR_INTERVAL_BOUND,999999999.0000000000,8792.2378860000,0.2250000000,0.2500000000,0.4000000000,3.0000000000,1.0000000000,103,112,101,111,104,112
2212,neighbor,False,ENVELOPE_BASE_CONTACT,999999999.0000000000,8792.2378860000,0.2000000000,0.2000000000,0.3500000000,2.5000000000,0.9000000000,100,112,104,112,101,111
2213,neighbor,False,ENVELOPE_BASE_CONTACT,999999999.0000000000,8792.2378860000,0.2250000000,0.2500000000,0.3000000000,2.5000000000,1.0000000000,103,111,102,113,101,110
2214,neighbor,False,MINIMUM_MAIN_STEEL,999999999.0000000000,8792.2378860000,0.2500000000,0.2500000000,0.3000000000,2.5000000000,1.0000000000,100,113,102,113,101,110
2215,neighbor,False,MINIMUM_MAIN_STEEL,999999999.0000000000,8792.2378860000,0.2000000000,0.2500000000,0.3000000000,2.5000000000,1.0000000000,100,112,102,113,101,110
2216,neighbor,False,MINIMUM_MAIN_STEEL,999999999.0000000000,8792.2378860000,0.2000000000,0.2000000000,0.4500000000,2.5000000000,1.0000000000,101,112,104,111,101,113
2217,neighbor,False,MINIMUM_MAIN_STEEL,999999999.0000000000,8792.2378860000,0.2750000000,0.3500000000,0.3000000000,2.5000000000,1.0000000000,101,112,100,112,103,113
2218,neighbor,False,ENVELOPE_BASE_CONTACT,999999999.0000000000,8792.2378860000,0.2000000000,0.2000000000,0.5500000000,2.5000000000,0.8000000000,101,110,104,110,102,112
2219,neighbor,False,ENVELOPE_BASE_CONTACT,999999999.0000000000,8792.2378860000,0.2250000000,0.2500000000,0.3000000000,2.5000000000,1.0000000000,100,110,102,113,101,110
2220,neighbor,False,MINIMUM_MAIN_STEEL,999999999.0000000000,8792.2378860000,0.2250000000,0.2500000000,0.3000000000,2.5000000000,1.0000000000,100,112,102,113,101,110
2221,neighbor,False,ENVELOPE_BASE_CONTACT,999999999.0000000000,8792.2378860000,0.2250000000,0.2500000000,0.3000000000,2.5000000000,1.0000000000,103,112,102,113,104,112
2222,neighbor,False,MAXIMUM_MAIN_STEEL,999999999.0000000000,8792.2378860000,0.2750000000,0.3500000000,0.5500000000,3.0000000000,1.0000000000,103,110,100,110,103,110
2223,neighbor,False,ENVELOPE_BASE_CONTACT,999999999.0000000000,8792.2378860000,0.2500000000,0.2500000000,0.3000000000,2.5000000000,1.0000000000,102,113,102,113,100,111
2224,neighbor,False,MINIMUM_MAIN_STEEL,999999999.0000000000,8792.2378860000,0.2750000000,0.3500000000,0.3000000000,3.0000000000,1.0000000000,104,111,104,110,100,112
2225,neighbor,False,ENVELOPE_BASE_CONTACT,999999999.0000000000,8792.2378860000,0.2000000000,0.2000000000,0.3000000000,2.5000000000,1.0000000000,103,111,102,113,101,110
2226,neighbor,False,MINIMUM_MAIN_STEEL,999999999.0000000000,8792.2378860000,0.2750000000,0.3500000000,0.3000000000,2.5000000000,1.0000000000,103,112,104,110,100,112
2227,neighbor,False,MINIMUM_MAIN_STEEL,999999999.0000000000,8792.2378860000,0.2000000000,0.2000000000,0.4000000000,3.0000000000,1.0000000000,101,112,100,111,103,112
2228,neighbor,False,ENVELOPE_BASE_CONTACT,999999999.0000000000,8792.2378860000,0.2250000000,0.2500000000,0.3000000000,2.5000000000,1.0000000000,103,112,102,110,101,110
2229,neighbor,False,ENVELOPE_BASE_CONTACT,999999999.0000000000,8792.2378860000,0.2000000000,0.2000000000,0.5500000000,2.5000000000,1.0000000000,100,110,104,110,103,112
2230,neighbor,False,ENVELOPE_BASE_CONTACT,999999999.0000000000,8792.2378860000,0.2250000000,0.2500000000,0.3000000000,2.5000000000,1.0000000000,103,112,102,112,101,110
2231,neighbor,False,ENVELOPE_BASE_CONTACT,999999999.0000000000,8792.2378860000,0.2250000000,0.2500000000,0.3000000000,2.5000000000,1.0000000000,100,110,102,113,104,110
2232,neighbor,False,ENVELOPE_BASE_CONTACT,999999999.0000000000,8792.2378860000,0.2000000000,0.2500000000,0.3000000000,2.5000000000,0.8000000000,101,110,101,112,102,111
2233,neighbor,False,ENVELOPE_BASE_CONTACT,999999999.0000000000,8792.2378860000,0.2250000000,0.2500000000,0.3000000000,2.5000000000,1.0000000000,103,112,104,112,101,110
2234,neighbor,False,MINIMUM_MAIN_STEEL,999999999.0000000000,8792.2378860000,0.2250000000,0.2500000000,0.3000000000,2.5000000000,1.0000000000,103,112,100,113,101,113
2235,neighbor,False,ENVELOPE_BASE_CONTACT,999999999.0000000000,8792.2378860000,0.2250000000,0.2500000000,0.3000000000,2.5000000000,1.0000000000,103,112,103,111,101,110
2236,neighbor,False,ENVELOPE_BASE_CONTACT,999999999.0000000000,8792.2378860000,0.2000000000,0.3500000000,0.3000000000,2.5000000000,1.0000000000,103,111,102,113,101,110
2237,neighbor,False,ENVELOPE_BASE_CONTACT,999999999.0000000000,8792.2378860000,0.2250000000,0.2500000000,0.5000000000,2.5000000000,1.0000000000,103,112,103,113,102,111
2238,neighbor,False,ENVELOPE_BASE_CONTACT,999999999.0000000000,8792.2378860000,0.2000000000,0.2000000000,0.3000000000,2.5000000000,1.0000000000,100,111,101,112,101,110
2239,neighbor,False,MINIMUM_MAIN_STEEL,999999999.0000000000,8792.2378860000,0.2750000000,0.3000000000,0.5000000000,3.0000000000,1.0000000000,102,112,100,111,104,110
2240,neighbor,False,ENVELOPE_BASE_CONTACT,999999999.0000000000,8792.2378860000,0.2250000000,0.2500000000,0.3000000000,2.5000000000,1.0000000000,103,112,104,111,100,110
2241,neighbor,False,ENVELOPE_BASE_CONTACT,999999999.0000000000,8792.2378860000,0.2000000000,0.3500000000,0.5000000000,2.5000000000,0.9000000000,101,111,102,113,101,112
2242,neighbor,False,ENVELOPE_BASE_CONTACT,999999999.0000000000,8792.2378860000,0.2250000000,0.2500000000,0.3000000000,2.5000000000,1.0000000000,103,112,102,113,103,110
2243,neighbor,False,ENVELOPE_BASE_CONTACT,999999999.0000000000,8792.2378860000,0.2000000000,0.2500000000,0.3000000000,2.5000000000,0.9000000000,101,113,102,113,100,110
2244,neighbor,False,MINIMUM_MAIN_STEEL,999999999.0000000000,8792.2378860000,0.2000000000,0.3500000000,0.3000000000,2.5000000000,0.8000000000,100,111,100,111,102,111
2245,neighbor,False,ENVELOPE_BASE_CONTACT,999999999.0000000000,8792.2378860000,0.2000000000,0.3500000000,0.3000000000,2.5000000000,1.0000000000,101,110,101,111,102,113
2246,neighbor,False,MINIMUM_MAIN_STEEL,999999999.0000000000,8792.2378860000,0.2000000000,0.3000000000,0.3500000000,2.5000000000,0.9000000000,103,111,101,112,100,113
2247,neighbor,False,ENVELOPE_BASE_CONTACT,999999999.0000000000,8792.2378860000,0.2250000000,0.2500000000,0.3000000000,2.5000000000,1.0000000000,104,111,102,113,101,110
2248,neighbor,False,MINIMUM_MAIN_STEEL,999999999.0000000000,8792.2378860000,0.2000000000,0.2000000000,0.3000000000,2.5000000000,1.0000000000,102,112,100,110,100,113
2249,neighbor,False,MINIMUM_MAIN_STEEL,999999999.0000000000,8792.2378860000,0.2000000000,0.2500000000,0.3000000000,2.5000000000,0.8000000000,100,112,104,111,100,112
2250,neighbor,False,ENVELOPE_BASE_CONTACT,999999999.0000000000,8792.2378860000,0.2250000000,0.3000000000,0.3000000000,2.5000000000,0.9000000000,102,110,102,112,101,112
2251,neighbor,False,MAXIMUM_MAIN_STEEL,999999999.0000000000,8792.2378860000,0.2500000000,0.3000000000,0.5500000000,3.0000000000,1.0000000000,104,111,102,110,102,110
2252,neighbor,False,ENVELOPE_BASE_CONTACT,999999999.0000000000,8792.2378860000,0.2500000000,0.2500000000,0.3000000000,2.5000000000,0.9000000000,101,110,102,113,101,112
2253,neighbor,False,ENVELOPE_BASE_CONTACT,999999999.0000000000,8792.2378860000,0.2250000000,0.2500000000,0.3000000000,2.5000000000,1.0000000000,103,112,102,113,102,110
2254,neighbor,False,MINIMUM_MAIN_STEEL,999999999.0000000000,8792.2378860000,0.2000000000,0.2000000000,0.3000000000,3.0000000000,0.8000000000,103,112,100,112,104,112
2255,neighbor,False,STEM_STRESS_OR_INTERVAL_BOUND,999999999.0000000000,8792.2378860000,0.2750000000,0.3000000000,0.3000000000,3.0000000000,0.9000000000,102,111,103,113,102,110
2256,neighbor,False,ENVELOPE_BASE_CONTACT,999999999.0000000000,8792.2378860000,0.2250000000,0.2500000000,0.3000000000,2.5000000000,1.0000000000,104,113,102,112,104,112
2257,neighbor,False,ENVELOPE_BASE_CONTACT,999999999.0000000000,8792.2378860000,0.2000000000,0.2000000000,0.3000000000,2.5000000000,0.8000000000,103,112,101,111,100,110
2258,neighbor,False,ENVELOPE_BASE_CONTACT,999999999.0000000000,8792.2378860000,0.2750000000,0.3500000000,0.3000000000,2.5000000000,1.0000000000,104,111,100,111,103,110
2259,neighbor,False,STEM_STRESS_OR_INTERVAL_BOUND,999999999.0000000000,8792.2378860000,0.2000000000,0.2000000000,0.3000000000,3.0000000000,1.0000000000,100,111,104,111,103,113
2260,neighbor,False,ENVELOPE_BASE_CONTACT,999999999.0000000000,8792.2378860000,0.2750000000,0.3500000000,0.4500000000,2.5000000000,0.9000000000,104,111,103,111,104,110
2261,neighbor,False,ENVELOPE_BASE_CONTACT,999999999.0000000000,8792.2378860000,0.2250000000,0.2500000000,0.3000000000,2.5000000000,1.0000000000,100,111,102,113,101,110
2262,neighbor,False,ENVELOPE_BASE_CONTACT,999999999.0000000000,8792.2378860000,0.2000000000,0.3500000000,0.5000000000,2.5000000000,0.9000000000,103,111,101,110,104,112
2263,neighbor,False,ENVELOPE_BASE_CONTACT,999999999.0000000000,8792.2378860000,0.2000000000,0.3500000000,0.3000000000,2.5000000000,1.0000000000,100,110,104,112,102,110
2264,neighbor,False,ENVELOPE_BASE_CONTACT,999999999.0000000000,8792.2378860000,0.2000000000,0.3500000000,0.3000000000,2.5000000000,1.0000000000,101,112,102,113,101,110
2265,neighbor,False,STEM_STRESS_OR_INTERVAL_BOUND,999999999.0000000000,8792.2378860000,0.2000000000,0.2000000000,0.3000000000,3.0000000000,1.0000000000,102,111,103,110,102,110
2266,neighbor,False,ENVELOPE_BASE_CONTACT,999999999.0000000000,8792.2378860000,0.2000000000,0.2000000000,0.3000000000,2.5000000000,1.0000000000,102,111,102,113,101,110
2267,neighbor,False,STEM_STRESS_OR_INTERVAL_BOUND,999999999.0000000000,8792.2378860000,0.2000000000,0.2500000000,0.3000000000,3.0000000000,1.0000000000,100,110,103,111,104,111
2268,neighbor,False,STEM_STRESS_OR_INTERVAL_BOUND,999999999.0000000000,8792.2378860000,0.2500000000,0.2500000000,0.3000000000,3.0000000000,1.0000000000,100,111,102,110,104,111
2269,neighbor,False,ENVELOPE_BASE_CONTACT,999999999.0000000000,8792.2378860000,0.2000000000,0.2000000000,0.3000000000,2.5000000000,1.0000000000,100,110,104,111,102,113
2270,neighbor,False,ENVELOPE_BASE_CONTACT,999999999.0000000000,8792.2378860000,0.2000000000,0.2000000000,0.3000000000,2.5000000000,1.0000000000,104,111,102,113,101,110
2271,neighbor,False,STEM_STRESS_OR_INTERVAL_BOUND,999999999.0000000000,8792.2378860000,0.2000000000,0.2000000000,0.5000000000,3.0000000000,0.8000000000,102,111,104,111,101,110
2272,neighbor,False,MINIMUM_MAIN_STEEL,999999999.0000000000,8792.2378860000,0.2000000000,0.2500000000,0.3000000000,2.5000000000,1.0000000000,103,113,102,113,100,113
2273,neighbor,False,ENVELOPE_BASE_CONTACT,999999999.0000000000,8792.2378860000,0.2000000000,0.2500000000,0.3000000000,2.5000000000,0.9000000000,104,112,101,113,103,111
2274,neighbor,False,MINIMUM_MAIN_STEEL,999999999.0000000000,8792.2378860000,0.2250000000,0.3000000000,0.4000000000,2.5000000000,1.0000000000,100,113,101,113,100,110
2275,neighbor,False,MINIMUM_MAIN_STEEL,999999999.0000000000,8792.2378860000,0.2250000000,0.2500000000,0.4000000000,2.5000000000,0.8000000000,102,112,100,113,102,110
2276,neighbor,False,ENVELOPE_BASE_CONTACT,999999999.0000000000,8792.2378860000,0.2250000000,0.2500000000,0.3000000000,2.5000000000,1.0000000000,103,113,102,113,101,110
2277,neighbor,False,ENVELOPE_BASE_CONTACT,999999999.0000000000,8792.2378860000,0.2250000000,0.2500000000,0.3000000000,2.5000000000,0.8000000000,103,112,104,113,101,111
2278,neighbor,False,ENVELOPE_BASE_CONTACT,999999999.0000000000,8792.2378860000,0.2000000000,0.2000000000,0.3000000000,2.5000000000,1.0000000000,100,113,103,111,104,111
2279,neighbor,False,ENVELOPE_BASE_CONTACT,999999999.0000000000,8792.2378860000,0.2250000000,0.2500000000,0.3000000000,2.5000000000,1.0000000000,103,112,101,110,101,110
2280,neighbor,False,ENVELOPE_BASE_CONTACT,999999999.0000000000,8792.2378860000,0.2250000000,0.2500000000,0.3000000000,2.5000000000,0.8000000000,103,110,100,110,100,111
2281,neighbor,False,MINIMUM_MAIN_STEEL,999999999.0000000000,8792.2378860000,0.2000000000,0.2000000000,0.3000000000,2.5000000000,1.0000000000,100,113,100,113,104,111
2282,neighbor,False,ENVELOPE_BASE_CONTACT,999999999.0000000000,8792.2378860000,0.2250000000,0.2500000000,0.3000000000,2.5000000000,1.0000000000,101,111,102,113,101,110
2283,neighbor,False,ENVELOPE_BASE_CONTACT,999999999.0000000000,8792.2378860000,0.2000000000,0.3500000000,0.3000000000,2.5000000000,1.0000000000,101,111,102,113,101,110
2284,neighbor,False,ENVELOPE_BASE_CONTACT,999999999.0000000000,8792.2378860000,0.2000000000,0.3000000000,0.5500000000,2.5000000000,1.0000000000,101,110,103,112,104,112
2285,neighbor,False,MINIMUM_MAIN_STEEL,999999999.0000000000,8792.2378860000,0.2000000000,0.2000000000,0.5500000000,2.5000000000,1.0000000000,100,111,100,113,101,111
2286,neighbor,False,ENVELOPE_BASE_CONTACT,999999999.0000000000,8792.2378860000,0.2250000000,0.2500000000,0.3000000000,2.5000000000,1.0000000000,103,112,101,110,101,110
2287,neighbor,False,MINIMUM_MAIN_STEEL,999999999.0000000000,8792.2378860000,0.2250000000,0.3000000000,0.3000000000,3.0000000000,1.0000000000,100,111,103,111,101,111
2288,neighbor,False,STEM_STRESS_OR_INTERVAL_BOUND,999999999.0000000000,8792.2378860000,0.2000000000,0.2000000000,0.3000000000,3.0000000000,0.8000000000,101,113,102,112,101,112
2289,neighbor,False,ENVELOPE_BASE_CONTACT,999999999.0000000000,8792.2378860000,0.2000000000,0.2000000000,0.3000000000,2.5000000000,1.0000000000,102,111,102,111,103,111
2290,neighbor,False,ENVELOPE_BASE_CONTACT,999999999.0000000000,8792.2378860000,0.2250000000,0.2500000000,0.3000000000,2.5000000000,1.0000000000,103,112,102,113,102,110
2291,neighbor,False,MINIMUM_MAIN_STEEL,999999999.0000000000,8792.2378860000,0.2250000000,0.2500000000,0.3000000000,2.5000000000,1.0000000000,100,112,102,113,101,110
2292,neighbor,False,ENVELOPE_BASE_CONTACT,999999999.0000000000,8792.2378860000,0.2250000000,0.2500000000,0.3000000000,2.5000000000,1.0000000000,104,112,102,113,101,110
2293,neighbor,False,ENVELOPE_BASE_CONTACT,999999999.0000000000,8792.2378860000,0.2000000000,0.2000000000,0.3000000000,2.5000000000,1.0000000000,103,110,103,112,102,110
2294,neighbor,False,STEM_STRESS_OR_INTERVAL_BOUND,999999999.0000000000,8792.2378860000,0.2000000000,0.2000000000,0.3000000000,3.0000000000,0.9000000000,101,111,103,112,102,110
2295,neighbor,False,MINIMUM_MAIN_STEEL,999999999.0000000000,8792.2378860000,0.2250000000,0.2500000000,0.3000000000,2.5000000000,1.0000000000,103,112,102,110,100,113
2296,neighbor,False,MINIMUM_MAIN_STEEL,999999999.0000000000,8792.2378860000,0.2500000000,0.2500000000,0.3000000000,3.0000000000,1.0000000000,102,112,100,113,100,112
2297,neighbor,False,MINIMUM_MAIN_STEEL,999999999.0000000000,8792.2378860000,0.2500000000,0.3000000000,0.4500000000,2.5000000000,1.0000000000,101,112,100,112,100,113
2298,neighbor,False,ENVELOPE_BASE_CONTACT,999999999.0000000000,8792.2378860000,0.2000000000,0.3500000000,0.3000000000,2.5000000000,1.0000000000,104,111,102,111,103,112
2299,neighbor,False,MINIMUM_MAIN_STEEL,999999999.0000000000,8792.2378860000,0.2250000000,0.2500000000,0.3000000000,2.5000000000,1.0000000000,100,112,102,113,101,110
2300,neighbor,False,ENVELOPE_BASE_CONTACT,999999999.0000000000,8792.2378860000,0.2250000000,0.2500000000,0.3000000000,2.5000000000,1.0000000000,103,112,102,110,101,110
2301,neighbor,True,PASS_IMPLEMENTED_PROJECT_CHECKS,9970.8937500000,8792.2378860000,0.2250000000,0.3000000000,0.3000000000,3.0000000000,1.0000000000,103,111,103,111,102,110
2302,neighbor,False,MAXIMUM_MAIN_STEEL,999999999.0000000000,8792.2378860000,0.2250000000,0.3000000000,0.3000000000,3.0000000000,1.0000000000,104,111,103,111,102,110
2303,neighbor,False,MINIMUM_MAIN_STEEL,999999999.0000000000,8792.2378860000,0.2250000000,0.2500000000,0.4500000000,2.5000000000,1.0000000000,100,112,103,113,100,111
2304,neighbor,False,STEM_STRESS_OR_INTERVAL_BOUND,999999999.0000000000,8792.2378860000,0.2000000000,0.2000000000,0.3000000000,3.5000000000,1.0000000000,103,113,102,113,102,112
2305,neighbor,True,PASS_IMPLEMENTED_PROJECT_CHECKS,9746.1823500000,8792.2378860000,0.2250000000,0.3000000000,0.3000000000,3.0000000000,1.0000000000,103,111,102,111,104,112
2306,neighbor,False,STEM_STRESS_OR_INTERVAL_BOUND,999999999.0000000000,8792.2378860000,0.2500000000,0.4000000000,0.3000000000,3.0000000000,1.0000000000,103,113,102,111,104,112
2307,neighbor,False,ENVELOPE_BASE_CONTACT,999999999.0000000000,8792.2378860000,0.2000000000,0.2000000000,0.3500000000,2.5000000000,1.0000000000,104,113,102,113,100,111
2308,neighbor,False,STEM_STRESS_OR_INTERVAL_BOUND,999999999.0000000000,8792.2378860000,0.2500000000,0.2500000000,0.4000000000,3.0000000000,0.9000000000,102,111,102,113,102,110
2309,neighbor,False,ENVELOPE_BASE_CONTACT,999999999.0000000000,8792.2378860000,0.2000000000,0.2000000000,0.3500000000,2.5000000000,1.0000000000,100,110,102,112,102,110
2310,neighbor,False,STEM_STRESS_OR_INTERVAL_BOUND,999999999.0000000000,8792.2378860000,0.2000000000,0.2000000000,0.5000000000,3.5000000000,1.0000000000,100,113,103,111,102,112
2311,neighbor,False,MINIMUM_MAIN_STEEL,999999999.0000000000,8792.2378860000,0.2250000000,0.3000000000,0.3000000000,3.0000000000,1.0000000000,100,111,102,111,104,112
2312,neighbor,False,MINIMUM_MAIN_STEEL,999999999.0000000000,8792.2378860000,0.2250000000,0.4000000000,0.3500000000,2.5000000000,0.8000000000,100,110,101,113,101,110
2313,neighbor,True,PASS_IMPLEMENTED_PROJECT_CHECKS,9557.5284300000,8792.2378860000,0.2250000000,0.3000000000,0.3000000000,3.0000000000,1.0000000000,103,111,102,111,104,113
2314,neighbor,False,ENVELOPE_BASE_CONTACT,999999999.0000000000,8792.2378860000,0.2500000000,0.2500000000,0.3000000000,2.5000000000,0.9000000000,103,110,104,111,104,110
2315,neighbor,False,MINIMUM_MAIN_STEEL,999999999.0000000000,8792.2378860000,0.2000000000,0.2500000000,0.5500000000,3.0000000000,0.8000000000,102,111,100,113,102,111
2316,neighbor,False,STEM_STRESS_OR_INTERVAL_BOUND,999999999.0000000000,8792.2378860000,0.2000000000,0.2000000000,0.3000000000,3.5000000000,0.8000000000,100,111,103,110,101,110
2317,neighbor,False,STEM_STRESS_OR_INTERVAL_BOUND,999999999.0000000000,8792.2378860000,0.2250000000,0.4000000000,0.5000000000,3.0000000000,1.0000000000,101,111,103,113,100,110
2318,neighbor,False,STEM_STRESS_OR_INTERVAL_BOUND,999999999.0000000000,8792.2378860000,0.2500000000,0.2500000000,0.4000000000,3.0000000000,0.9000000000,101,111,103,113,100,110
2319,neighbor,False,MINIMUM_MAIN_STEEL,999999999.0000000000,8792.2378860000,0.2250000000,0.3000000000,0.3000000000,3.5000000000,1.0000000000,100,111,102,111,102,111
2320,neighbor,False,STEM_STRESS_OR_INTERVAL_BOUND,999999999.0000000000,8792.2378860000,0.2500000000,0.2500000000,0.3000000000,3.0000000000,0.9000000000,102,113,100,110,102,112
2321,neighbor,False,MINIMUM_MAIN_STEEL,999999999.0000000000,8792.2378860000,0.2250000000,0.3500000000,0.3000000000,3.0000000000,1.0000000000,104,113,104,112,100,113
2322,neighbor,True,PASS_IMPLEMENTED_PROJECT_CHECKS,9444.5927500000,8792.2378860000,0.2250000000,0.3000000000,0.3000000000,3.0000000000,1.0000000000,103,111,102,111,102,111
2323,neighbor,False,STEM_STRESS_OR_INTERVAL_BOUND,999999999.0000000000,8792.2378860000,0.2000000000,0.3500000000,0.5000000000,3.0000000000,1.0000000000,101,111,104,113,102,113
2324,neighbor,False,MINIMUM_MAIN_STEEL,999999999.0000000000,8792.2378860000,0.2000000000,0.2500000000,0.3000000000,3.5000000000,1.0000000000,100,112,103,111,103,111
2325,neighbor,False,ENVELOPE_BASE_CONTACT,999999999.0000000000,8792.2378860000,0.2250000000,0.3000000000,0.3000000000,2.5000000000,0.9000000000,103,111,104,110,101,110
2326,neighbor,True,PASS_IMPLEMENTED_PROJECT_CHECKS,9554.8815000000,8792.2378860000,0.2250000000,0.3000000000,0.3000000000,3.0000000000,1.0000000000,103,111,102,111,103,112
2327,neighbor,True,PASS_IMPLEMENTED_PROJECT_CHECKS,9353.2767500000,8792.2378860000,0.2250000000,0.3000000000,0.3000000000,3.0000000000,1.0000000000,103,111,102,112,102,111
2328,neighbor,True,PASS_IMPLEMENTED_PROJECT_CHECKS,10447.4746500000,8792.2378860000,0.2250000000,0.3000000000,0.5000000000,3.0000000000,1.0000000000,103,111,102,113,102,112
2329,neighbor,False,STEM_STRESS_OR_INTERVAL_BOUND,999999999.0000000000,8792.2378860000,0.2750000000,0.3500000000,0.3000000000,3.5000000000,1.0000000000,102,111,101,112,101,112
2330,neighbor,False,STEM_STRESS_OR_INTERVAL_BOUND,999999999.0000000000,8792.2378860000,0.2750000000,0.3000000000,0.4000000000,3.0000000000,1.0000000000,103,112,101,110,104,110
2331,neighbor,False,MINIMUM_MAIN_STEEL,999999999.0000000000,8792.2378860000,0.2250000000,0.3500000000,0.4500000000,2.5000000000,1.0000000000,104,113,100,111,100,113
2332,neighbor,False,MINIMUM_MAIN_STEEL,999999999.0000000000,8792.2378860000,0.2000000000,0.3000000000,0.3000000000,3.5000000000,1.0000000000,101,112,100,112,101,112
2333,neighbor,False,MINIMUM_MAIN_STEEL,999999999.0000000000,8792.2378860000,0.2750000000,0.3000000000,0.4500000000,3.0000000000,1.0000000000,100,111,104,110,103,110
2334,neighbor,False,ENVELOPE_BASE_CONTACT,999999999.0000000000,8792.2378860000,0.2250000000,0.3000000000,0.3000000000,2.5000000000,0.9000000000,103,111,102,110,104,112
2335,neighbor,False,MINIMUM_MAIN_STEEL,999999999.0000000000,8792.2378860000,0.2250000000,0.3000000000,0.3000000000,3.0000000000,0.9000000000,103,111,100,113,101,110
2336,neighbor,False,MINIMUM_MAIN_STEEL,999999999.0000000000,8792.2378860000,0.2250000000,0.3000000000,0.4000000000,3.0000000000,1.0000000000,102,111,100,111,103,111
2337,neighbor,True,PASS_IMPLEMENTED_PROJECT_CHECKS,9935.4162500000,8792.2378860000,0.2250000000,0.3000000000,0.3000000000,3.0000000000,1.0000000000,103,111,103,110,102,111
2338,neighbor,False,MEMBER_FLEXURE,999999999.0000000000,8792.2378860000,0.2250000000,0.3000000000,0.3500000000,3.5000000000,1.0000000000,103,111,103,112,101,113
2339,neighbor,False,MINIMUM_MAIN_STEEL,999999999.0000000000,8792.2378860000,0.2250000000,0.3000000000,0.3000000000,3.0000000000,1.0000000000,103,111,102,112,100,113
2340,neighbor,True,PASS_IMPLEMENTED_PROJECT_CHECKS,11201.5305700000,8792.2378860000,0.2250000000,0.3000000000,0.5000000000,3.5000000000,0.9000000000,103,111,102,111,100,110
2341,neighbor,False,STEM_STRESS_OR_INTERVAL_BOUND,999999999.0000000000,8792.2378860000,0.2250000000,0.3000000000,0.3000000000,3.0000000000,1.0000000000,101,113,102,112,102,111
2342,neighbor,False,ENVELOPE_BASE_CONTACT,999999999.0000000000,8792.2378860000,0.2500000000,0.3000000000,0.3000000000,2.5000000000,1.0000000000,104,113,101,111,104,112
2343,neighbor,False,STEM_STRESS_OR_INTERVAL_BOUND,999999999.0000000000,8792.2378860000,0.2500000000,0.2500000000,0.3000000000,3.0000000000,1.0000000000,102,113,102,112,102,111
2344,neighbor,False,ENVELOPE_BASE_CONTACT,999999999.0000000000,8792.2378860000,0.2500000000,0.4000000000,0.3500000000,2.5000000000,1.0000000000,103,110,101,112,102,112
2345,neighbor,False,MINIMUM_MAIN_STEEL,999999999.0000000000,8792.2378860000,0.2250000000,0.3000000000,0.3000000000,3.0000000000,1.0000000000,103,111,100,113,102,111
2346,neighbor,False,STEM_STRESS_OR_INTERVAL_BOUND,999999999.0000000000,8792.2378860000,0.2250000000,0.2500000000,0.5500000000,3.0000000000,0.8000000000,102,111,103,111,102,110
2347,neighbor,False,MINIMUM_MAIN_STEEL,999999999.0000000000,8792.2378860000,0.2250000000,0.3000000000,0.3000000000,3.0000000000,1.0000000000,103,111,102,112,100,112
2348,neighbor,True,PASS_IMPLEMENTED_PROJECT_CHECKS,9444.5927500000,8792.2378860000,0.2250000000,0.3000000000,0.3000000000,3.0000000000,1.0000000000,103,111,102,111,102,111
2349,neighbor,False,MINIMUM_MAIN_STEEL,999999999.0000000000,8792.2378860000,0.2000000000,0.4000000000,0.4500000000,3.0000000000,0.8000000000,103,113,104,112,100,112
2350,neighbor,False,ENVELOPE_BASE_CONTACT,999999999.0000000000,8792.2378860000,0.2000000000,0.2000000000,0.3000000000,2.5000000000,1.0000000000,104,112,100,111,100,110
2351,neighbor,False,STEM_STRESS_OR_INTERVAL_BOUND,999999999.0000000000,8792.2378860000,0.2500000000,0.2500000000,0.3000000000,3.5000000000,1.0000000000,102,113,100,110,101,112
2352,neighbor,False,ENVELOPE_BASE_CONTACT,999999999.0000000000,8792.2378860000,0.2250000000,0.3000000000,0.3000000000,2.5000000000,1.0000000000,103,111,100,110,101,112
2353,neighbor,False,MINIMUM_MAIN_STEEL,999999999.0000000000,8792.2378860000,0.2250000000,0.4000000000,0.3500000000,3.5000000000,1.0000000000,101,113,102,112,102,110
2354,neighbor,False,STEM_STRESS_OR_INTERVAL_BOUND,999999999.0000000000,8792.2378860000,0.2000000000,0.2000000000,0.4000000000,3.0000000000,0.9000000000,100,110,103,110,101,110
2355,neighbor,True,PASS_IMPLEMENTED_PROJECT_CHECKS,9353.2767500000,8792.2378860000,0.2250000000,0.3000000000,0.3000000000,3.0000000000,1.0000000000,103,111,102,112,102,111
2356,neighbor,False,STEM_STRESS_OR_INTERVAL_BOUND,999999999.0000000000,8792.2378860000,0.2000000000,0.3000000000,0.3000000000,3.0000000000,0.9000000000,103,113,103,110,101,112
2357,neighbor,True,PASS_IMPLEMENTED_PROJECT_CHECKS,10215.5342500000,8792.2378860000,0.2250000000,0.3000000000,0.3000000000,3.0000000000,1.0000000000,103,111,102,112,103,110
2358,neighbor,False,ENVELOPE_BASE_CONTACT,999999999.0000000000,8792.2378860000,0.2000000000,0.3500000000,0.5500000000,2.5000000000,0.8000000000,101,112,102,110,103,111
2359,neighbor,True,PASS_IMPLEMENTED_PROJECT_CHECKS,9650.0537500000,8792.2378860000,0.2250000000,0.3000000000,0.3000000000,3.0000000000,1.0000000000,103,111,103,111,102,111
2360,neighbor,False,MINIMUM_MAIN_STEEL,999999999.0000000000,8792.2378860000,0.2250000000,0.3000000000,0.3000000000,3.5000000000,1.0000000000,103,111,104,113,100,113
2361,neighbor,False,MINIMUM_MAIN_STEEL,999999999.0000000000,8792.2378860000,0.2000000000,0.4000000000,0.3500000000,3.5000000000,0.8000000000,100,113,101,113,103,111
2362,neighbor,False,MINIMUM_MAIN_STEEL,999999999.0000000000,8792.2378860000,0.2000000000,0.3000000000,0.5000000000,2.5000000000,1.0000000000,104,111,102,113,101,113
2363,neighbor,False,STEM_STRESS_OR_INTERVAL_BOUND,999999999.0000000000,8792.2378860000,0.2000000000,0.3000000000,0.3000000000,3.5000000000,1.0000000000,101,110,101,112,102,110
2364,neighbor,False,ENVELOPE_BASE_CONTACT,999999999.0000000000,8792.2378860000,0.2000000000,0.2500000000,0.3000000000,2.5000000000,0.8000000000,101,113,102,110,101,110
2365,neighbor,True,PASS_IMPLEMENTED_PROJECT_CHECKS,9444.5927500000,8792.2378860000,0.2250000000,0.3000000000,0.3000000000,3.0000000000,1.0000000000,103,111,102,111,102,111
2366,neighbor,False,ENVELOPE_BASE_CONTACT,999999999.0000000000,8792.2378860000,0.2750000000,0.3000000000,0.3500000000,2.5000000000,0.9000000000,103,111,103,110,101,111
2367,neighbor,False,MINIMUM_MAIN_STEEL,999999999.0000000000,8792.2378860000,0.2500000000,0.2500000000,0.3000000000,3.5000000000,0.9000000000,101,111,102,111,100,112
2368,neighbor,False,STEM_STRESS_OR_INTERVAL_BOUND,999999999.0000000000,8792.2378860000,0.2250000000,0.4000000000,0.3000000000,3.5000000000,0.9000000000,103,113,100,110,103,113
2369,neighbor,True,PASS_IMPLEMENTED_PROJECT_CHECKS,9313.0977100000,8792.2378860000,0.2250000000,0.3000000000,0.3000000000,3.0000000000,1.0000000000,103,111,101,111,102,111
2370,neighbor,False,STEM_STRESS_OR_INTERVAL_BOUND,999999999.0000000000,8792.2378860000,0.2500000000,0.3000000000,0.3000000000,3.5000000000,0.8000000000,104,112,103,113,100,111
2371,neighbor,True,PASS_IMPLEMENTED_PROJECT_CHECKS,9508.8792140000,8792.2378860000,0.2250000000,0.3000000000,0.3000000000,3.0000000000,1.0000000000,103,111,104,113,102,111
2372,neighbor,True,PASS_IMPLEMENTED_PROJECT_CHECKS,9508.8792140000,8792.2378860000,0.2250000000,0.3000000000,0.3000000000,3.0000000000,1.0000000000,103,111,104,113,102,111
2373,neighbor,False,STEM_STRESS_OR_INTERVAL_BOUND,999999999.0000000000,8792.2378860000,0.2000000000,0.2500000000,0.4500000000,3.5000000000,1.0000000000,100,110,101,110,104,113
2374,neighbor,True,PASS_IMPLEMENTED_PROJECT_CHECKS,9650.0537500000,8792.2378860000,0.2250000000,0.3000000000,0.3000000000,3.0000000000,1.0000000000,103,111,103,111,102,111
2375,neighbor,False,ENVELOPE_BASE_CONTACT,999999999.0000000000,8792.2378860000,0.2000000000,0.3500000000,0.3000000000,2.5000000000,0.8000000000,104,111,101,110,103,112
2376,neighbor,False,STEM_STRESS_OR_INTERVAL_BOUND,999999999.0000000000,8792.2378860000,0.2250000000,0.3000000000,0.3000000000,3.0000000000,1.0000000000,101,112,101,111,102,111
2377,neighbor,False,MEMBER_FLEXURE,999999999.0000000000,8792.2378860000,0.2250000000,0.3000000000,0.3000000000,3.0000000000,1.0000000000,103,111,101,111,101,112
2378,neighbor,False,ENVELOPE_BASE_CONTACT,999999999.0000000000,8792.2378860000,0.2500000000,0.3500000000,0.3000000000,2.5000000000,1.0000000000,103,111,104,111,102,111
2379,neighbor,False,MEMBER_FLEXURE,999999999.0000000000,8792.2378860000,0.2750000000,0.3000000000,0.3500000000,3.5000000000,0.9000000000,103,111,101,113,102,113
2380,neighbor,False,MINIMUM_MAIN_STEEL,999999999.0000000000,8792.2378860000,0.2250000000,0.3000000000,0.5500000000,3.0000000000,1.0000000000,103,111,100,111,104,112
2381,neighbor,False,MINIMUM_MAIN_STEEL,999999999.0000000000,8792.2378860000,0.2500000000,0.4000000000,0.4000000000,2.5000000000,0.8000000000,100,112,102,113,101,113
2382,neighbor,True,PASS_IMPLEMENTED_PROJECT_CHECKS,9795.2461900000,8792.2378860000,0.2250000000,0.3000000000,0.3000000000,3.0000000000,1.0000000000,103,111,104,111,102,111
2383,neighbor,False,STEM_STRESS_OR_INTERVAL_BOUND,999999999.0000000000,8792.2378860000,0.2250000000,0.4000000000,0.3000000000,3.0000000000,0.9000000000,101,111,103,110,102,112
2384,neighbor,False,ENVELOPE_BASE_CONTACT,999999999.0000000000,8792.2378860000,0.2000000000,0.3000000000,0.3000000000,2.5000000000,1.0000000000,103,111,103,111,103,111
2385,neighbor,False,ENVELOPE_BASE_CONTACT,999999999.0000000000,8792.2378860000,0.2000000000,0.2000000000,0.3500000000,2.5000000000,0.9000000000,102,112,102,112,102,112
2386,neighbor,False,MINIMUM_MAIN_STEEL,999999999.0000000000,8792.2378860000,0.2000000000,0.4000000000,0.3000000000,3.0000000000,1.0000000000,101,113,102,112,101,113
2387,neighbor,False,STEM_STRESS_OR_INTERVAL_BOUND,999999999.0000000000,8792.2378860000,0.2000000000,0.3500000000,0.3000000000,3.0000000000,1.0000000000,101,111,101,111,102,111
2388,neighbor,False,MEMBER_FLEXURE,999999999.0000000000,8792.2378860000,0.2250000000,0.3000000000,0.3000000000,3.0000000000,1.0000000000,103,111,101,111,101,111
2389,neighbor,True,PASS_IMPLEMENTED_PROJECT_CHECKS,10401.6018200000,8792.2378860000,0.2250000000,0.3000000000,0.4000000000,3.0000000000,0.8000000000,103,111,101,111,103,111
2390,neighbor,False,MAXIMUM_MAIN_STEEL,999999999.0000000000,8792.2378860000,0.2000000000,0.3000000000,0.3000000000,3.5000000000,0.9000000000,104,110,103,113,103,113
2391,neighbor,False,MEMBER_FLEXURE,999999999.0000000000,8792.2378860000,0.2250000000,0.3000000000,0.3000000000,3.0000000000,1.0000000000,103,111,101,113,102,111
2392,neighbor,False,MINIMUM_MAIN_STEEL,999999999.0000000000,8792.2378860000,0.2500000000,0.2500000000,0.5500000000,3.5000000000,1.0000000000,102,113,101,112,100,113
2393,neighbor,True,PASS_IMPLEMENTED_PROJECT_CHECKS,11441.7163300000,8792.2378860000,0.2250000000,0.3000000000,0.5000000000,3.5000000000,1.0000000000,103,111,104,112,102,113
2394,neighbor,True,PASS_IMPLEMENTED_PROJECT_CHECKS,9633.9377100000,8792.2378860000,0.2250000000,0.3000000000,0.3000000000,3.0000000000,1.0000000000,103,111,101,111,102,110
2395,neighbor,False,STEM_STRESS_OR_INTERVAL_BOUND,999999999.0000000000,8792.2378860000,0.2000000000,0.3000000000,0.3000000000,3.0000000000,0.8000000000,101,110,103,112,102,111
2396,neighbor,False,ENVELOPE_BASE_CONTACT,999999999.0000000000,8792.2378860000,0.2250000000,0.3000000000,0.3000000000,2.5000000000,0.9000000000,103,111,104,110,101,113
2397,neighbor,False,ENVELOPE_BASE_CONTACT,999999999.0000000000,8792.2378860000,0.2250000000,0.3000000000,0.3000000000,2.5000000000,1.0000000000,103,111,103,111,102,110
2398,neighbor,False,STEM_STRESS_OR_INTERVAL_BOUND,999999999.0000000000,8792.2378860000,0.2000000000,0.2000000000,0.3000000000,3.0000000000,1.0000000000,102,111,101,111,102,111
2399,neighbor,False,STEM_STRESS_OR_INTERVAL_BOUND,999999999.0000000000,8792.2378860000,0.2000000000,0.2000000000,0.5000000000,3.5000000000,1.0000000000,100,112,103,112,101,112
2400,neighbor,False,MEMBER_FLEXURE,999999999.0000000000,8792.2378860000,0.2750000000,0.4000000000,0.3500000000,3.5000000000,0.8000000000,103,112,103,112,101,112
2401,neighbor,False,MINIMUM_MAIN_STEEL,999999999.0000000000,8792.2378860000,0.2000000000,0.3500000000,0.3000000000,3.0000000000,1.0000000000,101,113,101,111,102,111
2402,neighbor,False,ENVELOPE_BASE_CONTACT,999999999.0000000000,8792.2378860000,0.2500000000,0.4000000000,0.3000000000,2.5000000000,1.0000000000,102,112,103,112,103,113
2403,neighbor,False,MEMBER_FLEXURE,999999999.0000000000,8792.2378860000,0.2250000000,0.3000000000,0.3000000000,3.0000000000,1.0000000000,103,111,101,111,102,113
2404,neighbor,True,PASS_IMPLEMENTED_PROJECT_CHECKS,9313.0977100000,8792.2378860000,0.2250000000,0.3000000000,0.3000000000,3.0000000000,1.0000000000,103,111,101,111,102,111
2405,neighbor,False,MINIMUM_MAIN_STEEL,999999999.0000000000,8792.2378860000,0.2250000000,0.3000000000,0.4500000000,2.5000000000,0.8000000000,103,111,103,110,100,113
2406,neighbor,False,MINIMUM_MAIN_STEEL,999999999.0000000000,8792.2378860000,0.2000000000,0.3500000000,0.3000000000,2.5000000000,1.0000000000,102,113,102,111,100,113
2407,neighbor,False,STEM_STRESS_OR_INTERVAL_BOUND,999999999.0000000000,8792.2378860000,0.2500000000,0.3000000000,0.4500000000,3.0000000000,1.0000000000,101,111,102,112,104,111
2408,neighbor,False,MINIMUM_MAIN_STEEL,999999999.0000000000,8792.2378860000,0.2250000000,0.3000000000,0.3000000000,3.0000000000,1.0000000000,100,112,101,111,102,111
2409,neighbor,False,ENVELOPE_BASE_CONTACT,999999999.0000000000,8792.2378860000,0.2000000000,0.4000000000,0.3000000000,2.5000000000,1.0000000000,104,110,103,111,103,113
2410,neighbor,False,MINIMUM_MAIN_STEEL,999999999.0000000000,8792.2378860000,0.2000000000,0.2000000000,0.3000000000,3.0000000000,0.8000000000,102,113,101,110,100,113
2411,neighbor,False,MEMBER_FLEXURE,999999999.0000000000,8792.2378860000,0.2250000000,0.3000000000,0.3000000000,3.0000000000,1.0000000000,103,111,101,112,102,111
2412,neighbor,False,MEMBER_FLEXURE,999999999.0000000000,8792.2378860000,0.2250000000,0.3000000000,0.3000000000,3.0000000000,1.0000000000,103,111,101,111,101,113
2413,neighbor,False,STEM_STRESS_OR_INTERVAL_BOUND,999999999.0000000000,8792.2378860000,0.2000000000,0.4000000000,0.4000000000,3.5000000000,1.0000000000,102,113,103,113,102,113
2414,neighbor,False,MAXIMUM_MAIN_STEEL,999999999.0000000000,8792.2378860000,0.2750000000,0.4000000000,0.4000000000,3.0000000000,0.9000000000,104,110,103,113,100,110
2415,neighbor,True,PASS_IMPLEMENTED_PROJECT_CHECKS,9616.2668300000,8792.2378860000,0.2250000000,0.3000000000,0.3000000000,3.0000000000,1.0000000000,103,111,104,112,102,111
2416,reset,False,ENVELOPE_BASE_CONTACT,999999999.0000000000,8792.2378860000,0.2250000000,0.2500000000,0.3000000000,2.5000000000,1.0000000000,103,111,101,111,102,111
2417,neighbor,False,ENVELOPE_BASE_CONTACT,999999999.0000000000,8792.2378860000,0.2000000000,0.2000000000,0.3000000000,2.5000000000,1.0000000000,103,113,104,110,104,111
2418,neighbor,False,STEM_STRESS_OR_INTERVAL_BOUND,999999999.0000000000,8792.2378860000,0.2750000000,0.3000000000,0.3000000000,3.0000000000,0.9000000000,102,113,102,110,102,111
2419,neighbor,False,ENVELOPE_BASE_CONTACT,999999999.0000000000,8792.2378860000,0.2250000000,0.2500000000,0.3000000000,2.5000000000,1.0000000000,103,111,100,110,102,111
2420,neighbor,False,MINIMUM_MAIN_STEEL,999999999.0000000000,8792.2378860000,0.2000000000,0.3000000000,0.3000000000,2.5000000000,0.9000000000,100,111,100,113,103,111
2421,neighbor,False,ENVELOPE_BASE_CONTACT,999999999.0000000000,8792.2378860000,0.2250000000,0.2500000000,0.3000000000,2.5000000000,1.0000000000,103,111,101,111,103,113
2422,neighbor,False,MAXIMUM_MAIN_STEEL,999999999.0000000000,8792.2378860000,0.2000000000,0.3000000000,0.3000000000,3.0000000000,0.9000000000,104,110,102,111,102,113
2423,neighbor,False,ENVELOPE_BASE_CONTACT,999999999.0000000000,8792.2378860000,0.2250000000,0.2500000000,0.3000000000,2.5000000000,1.0000000000,103,111,101,111,101,113
2424,neighbor,False,ENVELOPE_BASE_CONTACT,999999999.0000000000,8792.2378860000,0.2250000000,0.2500000000,0.3000000000,2.5000000000,1.0000000000,103,111,101,112,102,112
2425,neighbor,False,ENVELOPE_BASE_CONTACT,999999999.0000000000,8792.2378860000,0.2000000000,0.2000000000,0.3000000000,2.5000000000,1.0000000000,100,112,103,112,100,110
2426,neighbor,False,MINIMUM_MAIN_STEEL,999999999.0000000000,8792.2378860000,0.2500000000,0.3000000000,0.3000000000,2.5000000000,0.8000000000,104,111,100,112,103,111
2427,neighbor,False,ENVELOPE_BASE_CONTACT,999999999.0000000000,8792.2378860000,0.2750000000,0.3000000000,0.3000000000,2.5000000000,1.0000000000,104,113,101,111,102,111
2428,neighbor,False,MAXIMUM_MAIN_STEEL,999999999.0000000000,8792.2378860000,0.2000000000,0.3000000000,0.3000000000,3.0000000000,0.8000000000,104,111,100,111,100,111
2429,neighbor,False,ENVELOPE_BASE_CONTACT,999999999.0000000000,8792.2378860000,0.2000000000,0.3000000000,0.3000000000,2.5000000000,1.0000000000,103,112,103,112,101,113
2430,neighbor,False,STEM_STRESS_OR_INTERVAL_BOUND,999999999.0000000000,8792.2378860000,0.2500000000,0.2500000000,0.3000000000,3.0000000000,1.0000000000,100,111,101,113,104,113
2431,neighbor,False,ENVELOPE_BASE_CONTACT,999999999.0000000000,8792.2378860000,0.2000000000,0.3000000000,0.3000000000,2.5000000000,1.0000000000,102,112,101,111,102,111
2432,neighbor,False,MINIMUM_MAIN_STEEL,999999999.0000000000,8792.2378860000,0.2000000000,0.3000000000,0.3000000000,3.0000000000,0.9000000000,101,113,102,110,100,113
2433,neighbor,False,ENVELOPE_BASE_CONTACT,999999999.0000000000,8792.2378860000,0.2750000000,0.3000000000,0.3000000000,2.5000000000,1.0000000000,101,111,101,111,102,111
2434,neighbor,False,STEM_STRESS_OR_INTERVAL_BOUND,999999999.0000000000,8792.2378860000,0.2000000000,0.2000000000,0.3000000000,3.0000000000,1.0000000000,104,110,104,110,102,112
2435,neighbor,False,ENVELOPE_BASE_CONTACT,999999999.0000000000,8792.2378860000,0.2000000000,0.2000000000,0.3000000000,2.5000000000,0.8000000000,104,112,102,112,102,110
2436,neighbor,False,STEM_STRESS_OR_INTERVAL_BOUND,999999999.0000000000,8792.2378860000,0.2000000000,0.2500000000,0.3000000000,3.0000000000,1.0000000000,100,111,102,113,100,110
2437,neighbor,False,ENVELOPE_BASE_CONTACT,999999999.0000000000,8792.2378860000,0.2250000000,0.2500000000,0.3000000000,2.5000000000,1.0000000000,103,111,101,113,102,111
2438,neighbor,False,ENVELOPE_BASE_CONTACT,999999999.0000000000,8792.2378860000,0.2000000000,0.3000000000,0.3000000000,2.5000000000,1.0000000000,101,112,100,111,103,110
2439,neighbor,False,MINIMUM_MAIN_STEEL,999999999.0000000000,8792.2378860000,0.2250000000,0.2500000000,0.3000000000,3.0000000000,1.0000000000,102,110,100,112,104,112
2440,neighbor,False,ENVELOPE_BASE_CONTACT,999999999.0000000000,8792.2378860000,0.2750000000,0.3000000000,0.3000000000,2.5000000000,1.0000000000,102,111,104,113,101,110
2441,neighbor,False,STEM_STRESS_OR_INTERVAL_BOUND,999999999.0000000000,8792.2378860000,0.2000000000,0.2000000000,0.3000000000,3.0000000000,0.9000000000,100,111,104,111,102,112
2442,neighbor,False,ENVELOPE_BASE_CONTACT,999999999.0000000000,8792.2378860000,0.2250000000,0.2500000000,0.3000000000,2.5000000000,1.0000000000,103,111,101,111,101,113
2443,neighbor,False,ENVELOPE_BASE_CONTACT,999999999.0000000000,8792.2378860000,0.2000000000,0.3000000000,0.3000000000,2.5000000000,1.0000000000,103,113,101,112,102,113
2444,neighbor,False,STEM_STRESS_OR_INTERVAL_BOUND,999999999.0000000000,8792.2378860000,0.2000000000,0.2000000000,0.3000000000,3.0000000000,1.0000000000,102,111,102,113,102,111
2445,neighbor,False,MINIMUM_MAIN_STEEL,999999999.0000000000,8792.2378860000,0.2750000000,0.3000000000,0.3000000000,2.5000000000,0.8000000000,100,113,102,110,102,110
2446,neighbor,False,ENVELOPE_BASE_CONTACT,999999999.0000000000,8792.2378860000,0.2750000000,0.3000000000,0.3000000000,2.5000000000,1.0000000000,104,110,101,112,103,111
2447,neighbor,False,ENVELOPE_BASE_CONTACT,999999999.0000000000,8792.2378860000,0.2000000000,0.3000000000,0.3000000000,2.5000000000,1.0000000000,101,110,102,113,100,111
2448,neighbor,False,ENVELOPE_BASE_CONTACT,999999999.0000000000,8792.2378860000,0.2250000000,0.2500000000,0.3000000000,2.5000000000,1.0000000000,101,110,101,111,102,111
2449,neighbor,False,ENVELOPE_BASE_CONTACT,999999999.0000000000,8792.2378860000,0.2250000000,0.2500000000,0.3000000000,2.5000000000,1.0000000000,103,111,102,111,102,111
2450,neighbor,False,ENVELOPE_BASE_CONTACT,999999999.0000000000,8792.2378860000,0.2000000000,0.2000000000,0.3000000000,2.5000000000,1.0000000000,100,112,101,111,102,111
2451,neighbor,False,MINIMUM_MAIN_STEEL,999999999.0000000000,8792.2378860000,0.2250000000,0.2500000000,0.3000000000,2.5000000000,1.0000000000,100,112,101,111,102,111
2452,neighbor,False,ENVELOPE_BASE_CONTACT,999999999.0000000000,8792.2378860000,0.2250000000,0.2500000000,0.3000000000,2.5000000000,1.0000000000,104,110,101,111,100,110
2453,neighbor,False,MINIMUM_MAIN_STEEL,999999999.0000000000,8792.2378860000,0.2000000000,0.2000000000,0.3000000000,3.0000000000,1.0000000000,104,111,100,113,102,111
2454,neighbor,False,ENVELOPE_BASE_CONTACT,999999999.0000000000,8792.2378860000,0.2250000000,0.2500000000,0.3000000000,2.5000000000,1.0000000000,103,111,102,111,102,111
2455,neighbor,False,ENVELOPE_BASE_CONTACT,999999999.0000000000,8792.2378860000,0.2000000000,0.2500000000,0.3000000000,2.5000000000,1.0000000000,101,110,101,111,102,111
2456,neighbor,False,MINIMUM_MAIN_STEEL,999999999.0000000000,8792.2378860000,0.2000000000,0.3000000000,0.3000000000,3.0000000000,0.9000000000,100,111,103,110,100,113
2457,neighbor,False,ENVELOPE_BASE_CONTACT,999999999.0000000000,8792.2378860000,0.2000000000,0.2500000000,0.3000000000,2.5000000000,1.0000000000,103,110,100,111,101,113
2458,neighbor,False,MINIMUM_MAIN_STEEL,999999999.0000000000,8792.2378860000,0.2750000000,0.3000000000,0.3000000000,2.5000000000,1.0000000000,101,111,100,111,100,112
2459,neighbor,False,ENVELOPE_BASE_CONTACT,999999999.0000000000,8792.2378860000,0.2000000000,0.2500000000,0.3000000000,2.5000000000,0.9000000000,103,111,102,110,102,111
2460,neighbor,False,ENVELOPE_BASE_CONTACT,999999999.0000000000,8792.2378860000,0.2500000000,0.3000000000,0.3000000000,2.5000000000,1.0000000000,101,112,102,113,103,110
2461,neighbor,False,MINIMUM_MAIN_STEEL,999999999.0000000000,8792.2378860000,0.2000000000,0.3000000000,0.3000000000,2.5000000000,1.0000000000,100,113,102,110,101,110
2462,neighbor,False,STEM_STRESS_OR_INTERVAL_BOUND,999999999.0000000000,8792.2378860000,0.2000000000,0.2000000000,0.3000000000,3.0000000000,0.8000000000,103,113,101,110,102,112
2463,neighbor,False,ENVELOPE_BASE_CONTACT,999999999.0000000000,8792.2378860000,0.2000000000,0.2000000000,0.3000000000,2.5000000000,1.0000000000,103,111,102,111,102,110
2464,neighbor,False,ENVELOPE_BASE_CONTACT,999999999.0000000000,8792.2378860000,0.2250000000,0.2500000000,0.3000000000,2.5000000000,1.0000000000,103,111,101,111,101,113
2465,neighbor,False,ENVELOPE_BASE_CONTACT,999999999.0000000000,8792.2378860000,0.2250000000,0.2500000000,0.3000000000,2.5000000000,1.0000000000,103,111,101,111,101,112
2466,neighbor,False,MINIMUM_MAIN_STEEL,999999999.0000000000,8792.2378860000,0.2000000000,0.2000000000,0.3000000000,2.5000000000,1.0000000000,101,113,104,111,100,113
2467,neighbor,False,MINIMUM_MAIN_STEEL,999999999.0000000000,8792.2378860000,0.2000000000,0.3000000000,0.3000000000,3.0000000000,0.9000000000,102,113,100,113,101,110
2468,neighbor,False,MINIMUM_MAIN_STEEL,999999999.0000000000,8792.2378860000,0.2000000000,0.2000000000,0.3000000000,2.5000000000,1.0000000000,101,113,103,110,100,113
2469,neighbor,False,STEM_STRESS_OR_INTERVAL_BOUND,999999999.0000000000,8792.2378860000,0.2500000000,0.3000000000,0.3000000000,3.0000000000,1.0000000000,100,110,102,110,103,112
2470,neighbor,False,ENVELOPE_BASE_CONTACT,999999999.0000000000,8792.2378860000,0.2250000000,0.2500000000,0.3000000000,2.5000000000,1.0000000000,103,110,101,111,102,111
2471,neighbor,False,ENVELOPE_BASE_CONTACT,999999999.0000000000,8792.2378860000,0.2250000000,0.3000000000,0.3000000000,2.5000000000,1.0000000000,101,111,101,113,102,113
2472,neighbor,False,ENVELOPE_BASE_CONTACT,999999999.0000000000,8792.2378860000,0.2250000000,0.2500000000,0.3000000000,2.5000000000,1.0000000000,103,111,101,111,102,110
2473,neighbor,False,ENVELOPE_BASE_CONTACT,999999999.0000000000,8792.2378860000,0.2250000000,0.2500000000,0.3000000000,2.5000000000,1.0000000000,103,111,100,110,103,113
2474,neighbor,False,ENVELOPE_BASE_CONTACT,999999999.0000000000,8792.2378860000,0.2250000000,0.2500000000,0.3000000000,2.5000000000,1.0000000000,103,111,101,111,100,110
2475,neighbor,False,ENVELOPE_BASE_CONTACT,999999999.0000000000,8792.2378860000,0.2250000000,0.2500000000,0.3000000000,2.5000000000,1.0000000000,103,111,103,113,102,111
2476,neighbor,False,MINIMUM_MAIN_STEEL,999999999.0000000000,8792.2378860000,0.2000000000,0.2000000000,0.3000000000,2.5000000000,0.9000000000,100,110,104,110,100,113
2477,neighbor,False,STEM_STRESS_OR_INTERVAL_BOUND,999999999.0000000000,8792.2378860000,0.2000000000,0.3000000000,0.3000000000,3.0000000000,1.0000000000,101,111,102,110,102,112
2478,neighbor,False,ENVELOPE_BASE_CONTACT,999999999.0000000000,8792.2378860000,0.2000000000,0.3000000000,0.3000000000,2.5000000000,0.9000000000,101,110,101,113,100,111
2479,neighbor,False,STEM_STRESS_OR_INTERVAL_BOUND,999999999.0000000000,8792.2378860000,0.2250000000,0.2500000000,0.3000000000,3.0000000000,0.8000000000,104,112,103,112,101,112
2480,neighbor,False,STEM_STRESS_OR_INTERVAL_BOUND,999999999.0000000000,8792.2378860000,0.2000000000,0.2000000000,0.3000000000,3.0000000000,0.9000000000,101,112,100,111,101,112
2481,neighbor,False,STEM_STRESS_OR_INTERVAL_BOUND,999999999.0000000000,8792.2378860000,0.2000000000,0.2000000000,0.3000000000,3.0000000000,1.0000000000,102,111,103,110,101,113
2482,neighbor,False,MAXIMUM_MAIN_STEEL,999999999.0000000000,8792.2378860000,0.2000000000,0.3000000000,0.3000000000,3.0000000000,1.0000000000,103,110,101,111,101,112
2483,neighbor,False,ENVELOPE_BASE_CONTACT,999999999.0000000000,8792.2378860000,0.2500000000,0.2500000000,0.3000000000,2.5000000000,0.9000000000,101,111,104,111,101,111
2484,neighbor,False,ENVELOPE_BASE_CONTACT,999999999.0000000000,8792.2378860000,0.2250000000,0.2500000000,0.3000000000,2.5000000000,1.0000000000,103,111,104,110,103,110
2485,neighbor,False,ENVELOPE_BASE_CONTACT,999999999.0000000000,8792.2378860000,0.2000000000,0.2500000000,0.3000000000,2.5000000000,1.0000000000,104,110,101,111,102,111
2486,neighbor,False,STEM_STRESS_OR_INTERVAL_BOUND,999999999.0000000000,8792.2378860000,0.2000000000,0.2000000000,0.3000000000,3.0000000000,1.0000000000,101,110,103,111,103,111
2487,neighbor,False,MINIMUM_MAIN_STEEL,999999999.0000000000,8792.2378860000,0.2000000000,0.3000000000,0.3000000000,2.5000000000,1.0000000000,100,112,101,111,102,111
2488,neighbor,False,ENVELOPE_BASE_CONTACT,999999999.0000000000,8792.2378860000,0.2750000000,0.3000000000,0.3000000000,2.5000000000,1.0000000000,102,113,101,113,102,113
2489,neighbor,False,ENVELOPE_BASE_CONTACT,999999999.0000000000,8792.2378860000,0.2000000000,0.2000000000,0.3000000000,2.5000000000,1.0000000000,102,110,103,110,102,110
2490,neighbor,False,ENVELOPE_BASE_CONTACT,999999999.0000000000,8792.2378860000,0.2250000000,0.2500000000,0.3000000000,2.5000000000,1.0000000000,103,111,104,113,102,111
2491,neighbor,False,ENVELOPE_BASE_CONTACT,999999999.0000000000,8792.2378860000,0.2250000000,0.2500000000,0.3000000000,2.5000000000,1.0000000000,103,111,101,111,101,112
2492,neighbor,False,STEM_STRESS_OR_INTERVAL_BOUND,999999999.0000000000,8792.2378860000,0.2000000000,0.2000000000,0.3000000000,3.0000000000,1.0000000000,102,112,100,110,104,113
2493,neighbor,False,MINIMUM_MAIN_STEEL,999999999.0000000000,8792.2378860000,0.2250000000,0.3000000000,0.3000000000,2.5000000000,0.9000000000,102,113,100,110,100,112
2494,neighbor,False,ENVELOPE_BASE_CONTACT,999999999.0000000000,8792.2378860000,0.2000000000,0.3000000000,0.3000000000,2.5000000000,0.9000000000,102,110,103,113,101,112
2495,neighbor,False,ENVELOPE_BASE_CONTACT,999999999.0000000000,8792.2378860000,0.2250000000,0.2500000000,0.3000000000,2.5000000000,1.0000000000,103,111,102,112,100,110
2496,neighbor,False,MINIMUM_MAIN_STEEL,999999999.0000000000,8792.2378860000,0.2000000000,0.3000000000,0.3000000000,2.5000000000,0.8000000000,100,111,100,112,100,111
2497,neighbor,False,STEM_STRESS_OR_INTERVAL_BOUND,999999999.0000000000,8792.2378860000,0.2000000000,0.2000000000,0.3000000000,3.0000000000,1.0000000000,100,111,103,110,104,111
2498,neighbor,False,ENVELOPE_BASE_CONTACT,999999999.0000000000,8792.2378860000,0.2000000000,0.2000000000,0.3000000000,2.5000000000,0.9000000000,102,111,101,110,102,112
2499,neighbor,False,ENVELOPE_BASE_CONTACT,999999999.0000000000,8792.2378860000,0.2250000000,0.2500000000,0.3000000000,2.5000000000,1.0000000000,103,111,103,112,100,110
2500,neighbor,False,MINIMUM_MAIN_STEEL,999999999.0000000000,8792.2378860000,0.2250000000,0.2500000000,0.3000000000,2.5000000000,0.9000000000,103,110,102,113,100,113
2501,neighbor,False,ENVELOPE_BASE_CONTACT,999999999.0000000000,8792.2378860000,0.2000000000,0.2000000000,0.3000000000,2.5000000000,1.0000000000,100,110,104,112,102,110
2502,neighbor,False,ENVELOPE_BASE_CONTACT,999999999.0000000000,8792.2378860000,0.2000000000,0.3000000000,0.3000000000,2.5000000000,1.0000000000,103,112,101,111,102,111
2503,neighbor,False,ENVELOPE_BASE_CONTACT,999999999.0000000000,8792.2378860000,0.2250000000,0.2500000000,0.3000000000,2.5000000000,1.0000000000,103,110,101,111,102,111
2504,neighbor,False,ENVELOPE_BASE_CONTACT,999999999.0000000000,8792.2378860000,0.2000000000,0.2000000000,0.3000000000,2.5000000000,1.0000000000,104,110,102,112,104,113
2505,neighbor,False,STEM_STRESS_OR_INTERVAL_BOUND,999999999.0000000000,8792.2378860000,0.2250000000,0.3000000000,0.3000000000,3.0000000000,0.8000000000,100,110,101,111,104,112
2506,neighbor,False,STEM_STRESS_OR_INTERVAL_BOUND,999999999.0000000000,8792.2378860000,0.2000000000,0.3000000000,0.3000000000,3.0000000000,1.0000000000,101,111,103,110,102,113
2507,neighbor,False,ENVELOPE_BASE_CONTACT,999999999.0000000000,8792.2378860000,0.2500000000,0.3000000000,0.3000000000,2.5000000000,1.0000000000,103,111,102,110,102,113
2508,neighbor,False,STEM_STRESS_OR_INTERVAL_BOUND,999999999.0000000000,8792.2378860000,0.2500000000,0.2500000000,0.3000000000,3.0000000000,0.9000000000,101,110,101,113,102,113
2509,neighbor,False,MINIMUM_MAIN_STEEL,999999999.0000000000,8792.2378860000,0.2000000000,0.2000000000,0.3000000000,2.5000000000,0.9000000000,102,110,100,113,102,111
2510,neighbor,False,ENVELOPE_BASE_CONTACT,999999999.0000000000,8792.2378860000,0.2250000000,0.2500000000,0.3000000000,2.5000000000,1.0000000000,103,111,103,112,103,110
2511,neighbor,False,STEM_STRESS_OR_INTERVAL_BOUND,999999999.0000000000,8792.2378860000,0.2250000000,0.2500000000,0.3000000000,3.0000000000,1.0000000000,103,111,104,113,104,110
2512,neighbor,False,ENVELOPE_BASE_CONTACT,999999999.0000000000,8792.2378860000,0.2250000000,0.2500000000,0.3000000000,2.5000000000,1.0000000000,103,111,104,111,102,111
2513,neighbor,False,ENVELOPE_BASE_CONTACT,999999999.0000000000,8792.2378860000,0.2250000000,0.2500000000,0.3000000000,2.5000000000,1.0000000000,101,111,101,111,102,112
2514,neighbor,False,ENVELOPE_BASE_CONTACT,999999999.0000000000,8792.2378860000,0.2500000000,0.3000000000,0.3000000000,2.5000000000,1.0000000000,100,110,104,110,104,112
2515,neighbor,False,ENVELOPE_BASE_CONTACT,999999999.0000000000,8792.2378860000,0.2250000000,0.2500000000,0.3000000000,2.5000000000,1.0000000000,103,111,101,113,102,111
2516,neighbor,False,STEM_STRESS_OR_INTERVAL_BOUND,999999999.0000000000,8792.2378860000,0.2250000000,0.3000000000,0.3000000000,3.0000000000,0.8000000000,101,112,101,110,103,112
2517,neighbor,False,ENVELOPE_BASE_CONTACT,999999999.0000000000,8792.2378860000,0.2250000000,0.2500000000,0.3000000000,2.5000000000,1.0000000000,101,112,101,111,102,111
2518,neighbor,False,ENVELOPE_BASE_CONTACT,999999999.0000000000,8792.2378860000,0.2000000000,0.2000000000,0.3000000000,2.5000000000,1.0000000000,103,111,103,112,100,110
2519,neighbor,False,MINIMUM_MAIN_STEEL,999999999.0000000000,8792.2378860000,0.2250000000,0.2500000000,0.3000000000,2.5000000000,1.0000000000,103,111,103,113,100,112
2520,neighbor,False,MINIMUM_MAIN_STEEL,999999999.0000000000,8792.2378860000,0.2250000000,0.3000000000,0.3000000000,3.0000000000,0.8000000000,103,112,101,111,100,113
2521,neighbor,False,MINIMUM_MAIN_STEEL,999999999.0000000000,8792.2378860000,0.2250000000,0.3000000000,0.3000000000,3.0000000000,0.9000000000,102,113,100,113,100,113
2522,neighbor,False,STEM_STRESS_OR_INTERVAL_BOUND,999999999.0000000000,8792.2378860000,0.2500000000,0.2500000000,0.3000000000,3.0000000000,0.9000000000,100,111,101,111,101,110
2523,neighbor,False,ENVELOPE_BASE_CONTACT,999999999.0000000000,8792.2378860000,0.2000000000,0.2000000000,0.3000000000,2.5000000000,1.0000000000,103,113,102,113,103,110
2524,neighbor,False,MINIMUM_MAIN_STEEL,999999999.0000000000,8792.2378860000,0.2250000000,0.3000000000,0.3000000000,2.5000000000,0.8000000000,100,113,104,110,103,110
2525,neighbor,False,MAXIMUM_MAIN_STEEL,999999999.0000000000,8792.2378860000,0.2750000000,0.3000000000,0.3000000000,3.0000000000,1.0000000000,103,110,101,113,103,110
2526,neighbor,False,MINIMUM_MAIN_STEEL,999999999.0000000000,8792.2378860000,0.2500000000,0.3000000000,0.3000000000,3.0000000000,1.0000000000,101,110,103,111,100,112
2527,neighbor,False,ENVELOPE_BASE_CONTACT,999999999.0000000000,8792.2378860000,0.2250000000,0.2500000000,0.3000000000,2.5000000000,1.0000000000,103,111,102,111,102,111
2528,neighbor,False,ENVELOPE_BASE_CONTACT,999999999.0000000000,8792.2378860000,0.2250000000,0.2500000000,0.3000000000,2.5000000000,1.0000000000,103,111,102,113,102,111
2529,neighbor,False,ENVELOPE_BASE_CONTACT,999999999.0000000000,8792.2378860000,0.2250000000,0.2500000000,0.3000000000,2.5000000000,0.8000000000,103,111,101,110,101,113
2530,neighbor,False,ENVELOPE_BASE_CONTACT,999999999.0000000000,8792.2378860000,0.2000000000,0.3000000000,0.3000000000,2.5000000000,1.0000000000,102,112,104,111,104,112
2531,neighbor,False,MINIMUM_MAIN_STEEL,999999999.0000000000,8792.2378860000,0.2000000000,0.2000000000,0.3000000000,2.5000000000,1.0000000000,102,110,100,112,100,113
2532,neighbor,False,ENVELOPE_BASE_CONTACT,999999999.0000000000,8792.2378860000,0.2500000000,0.2500000000,0.3000000000,2.5000000000,1.0000000000,101,112,101,111,102,111
2533,neighbor,False,ENVELOPE_BASE_CONTACT,999999999.0000000000,8792.2378860000,0.2000000000,0.2000000000,0.3000000000,2.5000000000,1.0000000000,102,113,102,110,103,112
2534,neighbor,False,ENVELOPE_BASE_CONTACT,999999999.0000000000,8792.2378860000,0.2250000000,0.2500000000,0.3000000000,2.5000000000,1.0000000000,103,111,101,111,103,113
2535,neighbor,False,ENVELOPE_BASE_CONTACT,999999999.0000000000,8792.2378860000,0.2250000000,0.2500000000,0.3000000000,2.5000000000,1.0000000000,104,112,103,112,101,110
2536,neighbor,False,MINIMUM_MAIN_STEEL,999999999.0000000000,8792.2378860000,0.2000000000,0.2000000000,0.3000000000,2.5000000000,1.0000000000,104,113,104,110,100,113
2537,neighbor,False,ENVELOPE_BASE_CONTACT,999999999.0000000000,8792.2378860000,0.2250000000,0.2500000000,0.3000000000,2.5000000000,1.0000000000,103,111,101,111,101,112
2538,neighbor,False,ENVELOPE_BASE_CONTACT,999999999.0000000000,8792.2378860000,0.2500000000,0.3000000000,0.3000000000,2.5000000000,1.0000000000,103,111,101,111,102,111
2539,neighbor,False,ENVELOPE_BASE_CONTACT,999999999.0000000000,8792.2378860000,0.2000000000,0.2000000000,0.3000000000,2.5000000000,1.0000000000,102,113,101,111,102,111
2540,neighbor,False,MINIMUM_MAIN_STEEL,999999999.0000000000,8792.2378860000,0.2750000000,0.3000000000,0.3000000000,2.5000000000,1.0000000000,100,113,103,112,102,113
2541,neighbor,False,ENVELOPE_BASE_CONTACT,999999999.0000000000,8792.2378860000,0.2000000000,0.2000000000,0.3000000000,2.5000000000,0.9000000000,101,111,102,110,102,111
2542,neighbor,False,ENVELOPE_BASE_CONTACT,999999999.0000000000,8792.2378860000,0.2250000000,0.2500000000,0.3000000000,2.5000000000,1.0000000000,103,111,103,110,102,111
2543,neighbor,False,ENVELOPE_BASE_CONTACT,999999999.0000000000,8792.2378860000,0.2250000000,0.2500000000,0.3000000000,2.5000000000,1.0000000000,103,111,101,111,103,112
2544,neighbor,False,ENVELOPE_BASE_CONTACT,999999999.0000000000,8792.2378860000,0.2250000000,0.2500000000,0.3000000000,2.5000000000,1.0000000000,103,111,101,111,101,110
2545,neighbor,False,ENVELOPE_BASE_CONTACT,999999999.0000000000,8792.2378860000,0.2250000000,0.2500000000,0.3000000000,2.5000000000,1.0000000000,103,111,102,113,102,111
2546,neighbor,False,ENVELOPE_BASE_CONTACT,999999999.0000000000,8792.2378860000,0.2250000000,0.2500000000,0.3000000000,2.5000000000,1.0000000000,103,111,104,110,101,110
2547,neighbor,False,ENVELOPE_BASE_CONTACT,999999999.0000000000,8792.2378860000,0.2000000000,0.2000000000,0.3000000000,2.5000000000,0.9000000000,104,110,101,112,103,111
2548,neighbor,False,ENVELOPE_BASE_CONTACT,999999999.0000000000,8792.2378860000,0.2000000000,0.2000000000,0.3000000000,2.5000000000,1.0000000000,103,112,101,111,104,110
2549,neighbor,False,ENVELOPE_BASE_CONTACT,999999999.0000000000,8792.2378860000,0.2250000000,0.2500000000,0.3000000000,2.5000000000,1.0000000000,100,111,101,111,102,111
2550,neighbor,False,ENVELOPE_BASE_CONTACT,999999999.0000000000,8792.2378860000,0.2000000000,0.2500000000,0.3000000000,2.5000000000,0.9000000000,103,112,103,113,101,111
2551,neighbor,False,STEM_STRESS_OR_INTERVAL_BOUND,999999999.0000000000,8792.2378860000,0.2000000000,0.2500000000,0.3000000000,3.0000000000,1.0000000000,100,111,101,113,100,110
2552,neighbor,False,ENVELOPE_BASE_CONTACT,999999999.0000000000,8792.2378860000,0.2250000000,0.2500000000,0.3000000000,2.5000000000,1.0000000000,103,111,101,111,103,110
2553,neighbor,False,ENVELOPE_BASE_CONTACT,999999999.0000000000,8792.2378860000,0.2000000000,0.2000000000,0.3000000000,2.5000000000,1.0000000000,102,110,101,111,102,111
2554,neighbor,False,ENVELOPE_BASE_CONTACT,999999999.0000000000,8792.2378860000,0.2000000000,0.2000000000,0.3000000000,2.5000000000,1.0000000000,101,112,102,112,104,110
2555,neighbor,False,MINIMUM_MAIN_STEEL,999999999.0000000000,8792.2378860000,0.2000000000,0.2000000000,0.3000000000,2.5000000000,1.0000000000,104,110,100,112,102,110
2556,neighbor,False,ENVELOPE_BASE_CONTACT,999999999.0000000000,8792.2378860000,0.2000000000,0.2000000000,0.3000000000,2.5000000000,0.8000000000,103,113,103,113,102,111
2557,neighbor,False,STEM_STRESS_OR_INTERVAL_BOUND,999999999.0000000000,8792.2378860000,0.2750000000,0.3000000000,0.3000000000,3.0000000000,1.0000000000,104,113,102,111,102,110
2558,neighbor,False,STEM_STRESS_OR_INTERVAL_BOUND,999999999.0000000000,8792.2378860000,0.2500000000,0.2500000000,0.3000000000,3.0000000000,1.0000000000,101,110,100,111,100,110
2559,neighbor,False,ENVELOPE_BASE_CONTACT,999999999.0000000000,8792.2378860000,0.2250000000,0.2500000000,0.3000000000,2.5000000000,0.9000000000,103,111,103,112,102,112
2560,neighbor,False,ENVELOPE_BASE_CONTACT,999999999.0000000000,8792.2378860000,0.2250000000,0.2500000000,0.3000000000,2.5000000000,1.0000000000,103,111,101,111,100,110
2561,neighbor,False,ENVELOPE_BASE_CONTACT,999999999.0000000000,8792.2378860000,0.2250000000,0.3000000000,0.3000000000,2.5000000000,1.0000000000,102,111,102,113,101,111
2562,neighbor,False,ENVELOPE_BASE_CONTACT,999999999.0000000000,8792.2378860000,0.2250000000,0.2500000000,0.3000000000,2.5000000000,1.0000000000,103,111,101,111,104,110
2563,neighbor,False,MINIMUM_MAIN_STEEL,999999999.0000000000,8792.2378860000,0.2250000000,0.2500000000,0.3000000000,3.0000000000,1.0000000000,103,111,102,113,100,112
2564,neighbor,False,MINIMUM_MAIN_STEEL,999999999.0000000000,8792.2378860000,0.2000000000,0.2000000000,0.3000000000,2.5000000000,0.8000000000,100,112,104,113,100,112
2565,neighbor,False,ENVELOPE_BASE_CONTACT,999999999.0000000000,8792.2378860000,0.2000000000,0.3000000000,0.3000000000,2.5000000000,1.0000000000,101,112,101,111,102,111
2566,neighbor,False,ENVELOPE_BASE_CONTACT,999999999.0000000000,8792.2378860000,0.2250000000,0.2500000000,0.3000000000,2.5000000000,1.0000000000,103,111,101,111,102,111
2567,neighbor,False,ENVELOPE_BASE_CONTACT,999999999.0000000000,8792.2378860000,0.2250000000,0.2500000000,0.3000000000,2.5000000000,1.0000000000,103,111,101,111,101,110
2568,neighbor,False,ENVELOPE_BASE_CONTACT,999999999.0000000000,8792.2378860000,0.2500000000,0.3000000000,0.3000000000,2.5000000000,1.0000000000,104,112,101,111,102,111
2569,neighbor,False,ENVELOPE_BASE_CONTACT,999999999.0000000000,8792.2378860000,0.2250000000,0.2500000000,0.3000000000,2.5000000000,1.0000000000,103,111,104,110,102,111
2570,neighbor,False,STEM_STRESS_OR_INTERVAL_BOUND,999999999.0000000000,8792.2378860000,0.2000000000,0.3000000000,0.3000000000,3.0000000000,1.0000000000,102,111,102,110,101,112
2571,neighbor,False,MINIMUM_MAIN_STEEL,999999999.0000000000,8792.2378860000,0.2250000000,0.2500000000,0.3000000000,2.5000000000,1.0000000000,103,111,100,113,102,111
2572,neighbor,False,ENVELOPE_BASE_CONTACT,999999999.0000000000,8792.2378860000,0.2000000000,0.2000000000,0.3000000000,2.5000000000,1.0000000000,102,112,101,113,101,112
2573,neighbor,False,ENVELOPE_BASE_CONTACT,999999999.0000000000,8792.2378860000,0.2250000000,0.2500000000,0.3000000000,2.5000000000,1.0000000000,103,111,103,111,102,111
2574,neighbor,False,MINIMUM_MAIN_STEEL,999999999.0000000000,8792.2378860000,0.2750000000,0.3000000000,0.3000000000,3.0000000000,1.0000000000,101,112,100,111,100,113
2575,neighbor,False,ENVELOPE_BASE_CONTACT,999999999.0000000000,8792.2378860000,0.2250000000,0.2500000000,0.3000000000,2.5000000000,1.0000000000,103,111,103,110,102,111
2576,neighbor,False,MINIMUM_MAIN_STEEL,999999999.0000000000,8792.2378860000,0.2000000000,0.2500000000,0.3000000000,3.0000000000,1.0000000000,101,111,100,113,102,111
2577,neighbor,False,ENVELOPE_BASE_CONTACT,999999999.0000000000,8792.2378860000,0.2000000000,0.2000000000,0.3000000000,2.5000000000,1.0000000000,103,113,101,111,102,111
2578,neighbor,False,ENVELOPE_BASE_CONTACT,999999999.0000000000,8792.2378860000,0.2250000000,0.2500000000,0.3000000000,2.5000000000,1.0000000000,103,111,101,111,103,110
2579,neighbor,False,ENVELOPE_BASE_CONTACT,999999999.0000000000,8792.2378860000,0.2250000000,0.2500000000,0.3000000000,2.5000000000,1.0000000000,100,110,101,111,102,111
2580,neighbor,False,ENVELOPE_BASE_CONTACT,999999999.0000000000,8792.2378860000,0.2000000000,0.2000000000,0.3000000000,2.5000000000,0.9000000000,101,110,103,113,101,110
2581,neighbor,False,MINIMUM_MAIN_STEEL,999999999.0000000000,8792.2378860000,0.2250000000,0.2500000000,0.3000000000,3.0000000000,1.0000000000,103,111,103,111,100,113
2582,neighbor,False,MINIMUM_MAIN_STEEL,999999999.0000000000,8792.2378860000,0.2000000000,0.2000000000,0.3000000000,2.5000000000,0.9000000000,101,111,102,111,100,112
2583,neighbor,False,MINIMUM_MAIN_STEEL,999999999.0000000000,8792.2378860000,0.2250000000,0.3000000000,0.3000000000,2.5000000000,1.0000000000,100,112,101,111,102,111
2584,neighbor,False,MINIMUM_MAIN_STEEL,999999999.0000000000,8792.2378860000,0.2250000000,0.3000000000,0.3000000000,3.0000000000,1.0000000000,100,110,100,112,100,111
2585,neighbor,False,ENVELOPE_BASE_CONTACT,999999999.0000000000,8792.2378860000,0.2000000000,0.2500000000,0.3000000000,2.5000000000,1.0000000000,103,110,101,111,102,111
2586,neighbor,False,STEM_STRESS_OR_INTERVAL_BOUND,999999999.0000000000,8792.2378860000,0.2000000000,0.2000000000,0.3000000000,3.0000000000,1.0000000000,104,113,101,113,104,110
2587,neighbor,False,ENVELOPE_BASE_CONTACT,999999999.0000000000,8792.2378860000,0.2500000000,0.2500000000,0.3000000000,2.5000000000,1.0000000000,102,112,101,111,102,111
2588,neighbor,False,ENVELOPE_BASE_CONTACT,999999999.0000000000,8792.2378860000,0.2250000000,0.2500000000,0.3000000000,2.5000000000,1.0000000000,103,111,102,111,102,111
2589,neighbor,False,ENVELOPE_BASE_CONTACT,999999999.0000000000,8792.2378860000,0.2750000000,0.3000000000,0.3000000000,2.5000000000,0.9000000000,104,113,101,112,100,110
2590,neighbor,False,ENVELOPE_BASE_CONTACT,999999999.0000000000,8792.2378860000,0.2000000000,0.2000000000,0.3000000000,2.5000000000,1.0000000000,100,113,100,110,101,111
2591,neighbor,False,MINIMUM_MAIN_STEEL,999999999.0000000000,8792.2378860000,0.2750000000,0.3000000000,0.3000000000,2.5000000000,0.9000000000,100,111,104,112,104,110
2592,neighbor,False,ENVELOPE_BASE_CONTACT,999999999.0000000000,8792.2378860000,0.2000000000,0.3000000000,0.3000000000,2.5000000000,0.8000000000,104,112,100,111,101,111
2593,neighbor,False,ENVELOPE_BASE_CONTACT,999999999.0000000000,8792.2378860000,0.2250000000,0.2500000000,0.3000000000,2.5000000000,1.0000000000,103,111,101,112,102,111
2594,neighbor,False,ENVELOPE_BASE_CONTACT,999999999.0000000000,8792.2378860000,0.2750000000,0.3000000000,0.3000000000,2.5000000000,1.0000000000,104,111,103,112,104,110
2595,neighbor,False,ENVELOPE_BASE_CONTACT,999999999.0000000000,8792.2378860000,0.2500000000,0.3000000000,0.3000000000,2.5000000000,1.0000000000,103,111,104,111,100,110
2596,neighbor,False,ENVELOPE_BASE_CONTACT,999999999.0000000000,8792.2378860000,0.2000000000,0.2000000000,0.3000000000,2.5000000000,1.0000000000,100,110,102,110,104,111
2597,neighbor,False,ENVELOPE_BASE_CONTACT,999999999.0000000000,8792.2378860000,0.2250000000,0.2500000000,0.3000000000,2.5000000000,1.0000000000,103,111,103,110,101,112
2598,neighbor,False,ENVELOPE_BASE_CONTACT,999999999.0000000000,8792.2378860000,0.2250000000,0.3000000000,0.3000000000,2.5000000000,1.0000000000,104,112,101,110,103,113
2599,neighbor,False,ENVELOPE_BASE_CONTACT,999999999.0000000000,8792.2378860000,0.2250000000,0.2500000000,0.3000000000,2.5000000000,1.0000000000,103,111,103,111,102,111
2600,neighbor,False,ENVELOPE_BASE_CONTACT,999999999.0000000000,8792.2378860000,0.2000000000,0.3000000000,0.3000000000,2.5000000000,1.0000000000,103,113,101,111,102,111
2601,neighbor,False,ENVELOPE_BASE_CONTACT,999999999.0000000000,8792.2378860000,0.2000000000,0.2000000000,0.3000000000,2.5000000000,1.0000000000,100,111,100,111,102,112
2602,neighbor,False,ENVELOPE_BASE_CONTACT,999999999.0000000000,8792.2378860000,0.2000000000,0.2000000000,0.3000000000,2.5000000000,1.0000000000,102,111,104,112,103,111
2603,neighbor,False,MINIMUM_MAIN_STEEL,999999999.0000000000,8792.2378860000,0.2000000000,0.2000000000,0.3000000000,2.5000000000,0.9000000000,101,112,100,112,103,112
2604,neighbor,False,MAXIMUM_MAIN_STEEL,999999999.0000000000,8792.2378860000,0.2000000000,0.3000000000,0.3000000000,3.0000000000,1.0000000000,103,111,104,110,104,111
2605,neighbor,False,ENVELOPE_BASE_CONTACT,999999999.0000000000,8792.2378860000,0.2500000000,0.3000000000,0.3000000000,2.5000000000,1.0000000000,103,110,103,110,100,110
2606,neighbor,False,MINIMUM_MAIN_STEEL,999999999.0000000000,8792.2378860000,0.2250000000,0.3000000000,0.3000000000,2.5000000000,1.0000000000,104,113,104,110,100,112
2607,neighbor,False,ENVELOPE_BASE_CONTACT,999999999.0000000000,8792.2378860000,0.2250000000,0.3000000000,0.3000000000,2.5000000000,0.8000000000,102,110,101,113,101,113
2608,neighbor,False,MINIMUM_MAIN_STEEL,999999999.0000000000,8792.2378860000,0.2000000000,0.2000000000,0.3000000000,2.5000000000,1.0000000000,100,113,101,112,100,113
2609,neighbor,False,MINIMUM_MAIN_STEEL,999999999.0000000000,8792.2378860000,0.2000000000,0.3000000000,0.3000000000,2.5000000000,0.9000000000,102,111,102,111,100,113
2610,neighbor,False,ENVELOPE_BASE_CONTACT,999999999.0000000000,8792.2378860000,0.2250000000,0.2500000000,0.3000000000,2.5000000000,1.0000000000,103,111,101,111,104,112
2611,neighbor,False,ENVELOPE_BASE_CONTACT,999999999.0000000000,8792.2378860000,0.2250000000,0.2500000000,0.3000000000,2.5000000000,1.0000000000,103,111,101,111,101,110
2612,neighbor,False,ENVELOPE_BASE_CONTACT,999999999.0000000000,8792.2378860000,0.2250000000,0.2500000000,0.3000000000,2.5000000000,1.0000000000,103,111,104,112,102,111
2613,neighbor,False,MINIMUM_MAIN_STEEL,999999999.0000000000,8792.2378860000,0.2000000000,0.3000000000,0.3000000000,2.5000000000,0.9000000000,104,110,104,113,100,112
2614,neighbor,False,ENVELOPE_BASE_CONTACT,999999999.0000000000,8792.2378860000,0.2000000000,0.3000000000,0.3000000000,2.5000000000,1.0000000000,102,112,101,111,102,111
2615,neighbor,False,MINIMUM_MAIN_STEEL,999999999.0000000000,8792.2378860000,0.2000000000,0.3000000000,0.3000000000,2.5000000000,0.8000000000,104,111,101,111,100,113
2616,neighbor,False,STEM_STRESS_OR_INTERVAL_BOUND,999999999.0000000000,8792.2378860000,0.2000000000,0.2000000000,0.3000000000,3.0000000000,1.0000000000,101,112,100,111,103,112
2617,neighbor,False,STEM_STRESS_OR_INTERVAL_BOUND,999999999.0000000000,8792.2378860000,0.2000000000,0.2000000000,0.3000000000,3.0000000000,1.0000000000,104,113,103,111,103,113
2618,neighbor,False,ENVELOPE_BASE_CONTACT,999999999.0000000000,8792.2378860000,0.2250000000,0.2500000000,0.3000000000,2.5000000000,1.0000000000,104,111,101,111,102,111
2619,neighbor,False,ENVELOPE_BASE_CONTACT,999999999.0000000000,8792.2378860000,0.2000000000,0.3000000000,0.3000000000,2.5000000000,0.8000000000,103,113,102,111,104,113
2620,neighbor,False,MINIMUM_MAIN_STEEL,999999999.0000000000,8792.2378860000,0.2000000000,0.3000000000,0.3000000000,3.0000000000,1.0000000000,102,113,101,112,100,113
2621,neighbor,False,ENVELOPE_BASE_CONTACT,999999999.0000000000,8792.2378860000,0.2250000000,0.2500000000,0.3000000000,2.5000000000,1.0000000000,103,111,104,111,102,111
2622,neighbor,False,MINIMUM_MAIN_STEEL,999999999.0000000000,8792.2378860000,0.2250000000,0.3000000000,0.3000000000,2.5000000000,1.0000000000,100,112,101,111,102,111
2623,neighbor,False,ENVELOPE_BASE_CONTACT,999999999.0000000000,8792.2378860000,0.2500000000,0.3000000000,0.3000000000,2.5000000000,1.0000000000,102,110,102,110,104,112
2624,neighbor,False,ENVELOPE_BASE_CONTACT,999999999.0000000000,8792.2378860000,0.2750000000,0.3000000000,0.3000000000,2.5000000000,0.9000000000,103,110,104,110,104,113
2625,neighbor,False,ENVELOPE_BASE_CONTACT,999999999.0000000000,8792.2378860000,0.2500000000,0.3000000000,0.3000000000,2.5000000000,1.0000000000,102,112,102,110,100,110
2626,neighbor,False,STEM_STRESS_OR_INTERVAL_BOUND,999999999.0000000000,8792.2378860000,0.2000000000,0.3000000000,0.3000000000,3.0000000000,1.0000000000,101,111,103,113,104,111
2627,neighbor,False,MINIMUM_MAIN_STEEL,999999999.0000000000,8792.2378860000,0.2000000000,0.3000000000,0.3000000000,2.5000000000,1.0000000000,100,112,104,111,100,112
2628,neighbor,False,ENVELOPE_BASE_CONTACT,999999999.0000000000,8792.2378860000,0.2000000000,0.2000000000,0.3000000000,2.5000000000,1.0000000000,100,110,103,113,104,112
2629,neighbor,False,STEM_STRESS_OR_INTERVAL_BOUND,999999999.0000000000,8792.2378860000,0.2000000000,0.2000000000,0.3000000000,3.0000000000,0.8000000000,104,113,100,111,103,110
2630,neighbor,False,MINIMUM_MAIN_STEEL,999999999.0000000000,8792.2378860000,0.2000000000,0.2500000000,0.3000000000,2.5000000000,1.0000000000,100,113,102,113,100,110
2631,neighbor,False,MINIMUM_MAIN_STEEL,999999999.0000000000,8792.2378860000,0.2000000000,0.2000000000,0.3000000000,2.5000000000,0.9000000000,104,111,100,113,103,113
2632,neighbor,False,ENVELOPE_BASE_CONTACT,999999999.0000000000,8792.2378860000,0.2000000000,0.2000000000,0.3000000000,2.5000000000,0.8000000000,102,110,100,110,104,112
2633,neighbor,False,ENVELOPE_BASE_CONTACT,999999999.0000000000,8792.2378860000,0.2750000000,0.3000000000,0.3000000000,2.5000000000,1.0000000000,103,110,101,111,102,111
2634,neighbor,False,ENVELOPE_BASE_CONTACT,999999999.0000000000,8792.2378860000,0.2000000000,0.3000000000,0.3000000000,2.5000000000,1.0000000000,103,112,101,111,102,111
2635,neighbor,False,ENVELOPE_BASE_CONTACT,999999999.0000000000,8792.2378860000,0.2250000000,0.3000000000,0.3000000000,2.5000000000,1.0000000000,102,113,101,113,101,113
2636,neighbor,False,MINIMUM_MAIN_STEEL,999999999.0000000000,8792.2378860000,0.2000000000,0.2500000000,0.3000000000,2.5000000000,1.0000000000,103,110,103,113,100,112
2637,neighbor,False,ENVELOPE_BASE_CONTACT,999999999.0000000000,8792.2378860000,0.2000000000,0.3000000000,0.3000000000,2.5000000000,1.0000000000,101,112,102,111,104,112
2638,neighbor,False,MINIMUM_MAIN_STEEL,999999999.0000000000,8792.2378860000,0.2750000000,0.3000000000,0.3000000000,2.5000000000,0.8000000000,103,111,100,112,100,110
2639,neighbor,False,MINIMUM_MAIN_STEEL,999999999.0000000000,8792.2378860000,0.2250000000,0.2500000000,0.3000000000,2.5000000000,1.0000000000,103,111,101,111,100,112
2640,neighbor,False,ENVELOPE_BASE_CONTACT,999999999.0000000000,8792.2378860000,0.2250000000,0.2500000000,0.3000000000,2.5000000000,0.9000000000,103,111,102,112,101,110
2641,neighbor,False,ENVELOPE_BASE_CONTACT,999999999.0000000000,8792.2378860000,0.2250000000,0.2500000000,0.3000000000,2.5000000000,1.0000000000,103,113,101,110,104,112
2642,neighbor,False,STEM_STRESS_OR_INTERVAL_BOUND,999999999.0000000000,8792.2378860000,0.2250000000,0.2500000000,0.3000000000,3.0000000000,1.0000000000,103,111,104,112,104,111
2643,neighbor,False,ENVELOPE_BASE_CONTACT,999999999.0000000000,8792.2378860000,0.2000000000,0.2000000000,0.3000000000,2.5000000000,1.0000000000,103,110,101,111,102,111
2644,neighbor,False,MINIMUM_MAIN_STEEL,999999999.0000000000,8792.2378860000,0.2250000000,0.2500000000,0.3000000000,2.5000000000,1.0000000000,100,112,101,111,102,111
2645,neighbor,False,ENVELOPE_BASE_CONTACT,999999999.0000000000,8792.2378860000,0.2250000000,0.2500000000,0.3000000000,2.5000000000,1.0000000000,103,111,101,111,102,111
2646,neighbor,False,STEM_STRESS_OR_INTERVAL_BOUND,999999999.0000000000,8792.2378860000,0.2750000000,0.3000000000,0.3000000000,3.0000000000,1.0000000000,101,110,101,112,101,112
2647,neighbor,False,ENVELOPE_BASE_CONTACT,999999999.0000000000,8792.2378860000,0.2000000000,0.2000000000,0.3000000000,2.5000000000,1.0000000000,102,113,104,113,102,110
2648,neighbor,False,MINIMUM_MAIN_STEEL,999999999.0000000000,8792.2378860000,0.2000000000,0.2000000000,0.3000000000,2.5000000000,1.0000000000,101,111,102,110,100,113
2649,neighbor,False,STEM_STRESS_OR_INTERVAL_BOUND,999999999.0000000000,8792.2378860000,0.2000000000,0.2500000000,0.3000000000,3.0000000000,0.9000000000,101,110,101,113,100,111
2650,neighbor,False,STEM_STRESS_OR_INTERVAL_BOUND,999999999.0000000000,8792.2378860000,0.2250000000,0.3000000000,0.3000000000,3.0000000000,1.0000000000,104,113,100,110,104,113
2651,neighbor,False,ENVELOPE_BASE_CONTACT,999999999.0000000000,8792.2378860000,0.2000000000,0.3000000000,0.3000000000,2.5000000000,1.0000000000,101,112,101,111,102,113
2652,neighbor,False,ENVELOPE_BASE_CONTACT,999999999.0000000000,8792.2378860000,0.2000000000,0.2000000000,0.3000000000,2.5000000000,0.9000000000,104,113,101,112,104,111
2653,neighbor,False,ENVELOPE_BASE_CONTACT,999999999.0000000000,8792.2378860000,0.2250000000,0.2500000000,0.3000000000,2.5000000000,1.0000000000,101,111,101,111,102,111
2654,neighbor,False,ENVELOPE_BASE_CONTACT,999999999.0000000000,8792.2378860000,0.2500000000,0.2500000000,0.3000000000,2.5000000000,1.0000000000,100,110,100,111,103,113
2655,neighbor,False,STEM_STRESS_OR_INTERVAL_BOUND,999999999.0000000000,8792.2378860000,0.2000000000,0.2000000000,0.3000000000,3.0000000000,0.8000000000,100,111,100,110,104,110
2656,neighbor,False,ENVELOPE_BASE_CONTACT,999999999.0000000000,8792.2378860000,0.2750000000,0.3000000000,0.3000000000,2.5000000000,1.0000000000,104,111,104,110,100,110
2657,neighbor,False,MINIMUM_MAIN_STEEL,999999999.0000000000,8792.2378860000,0.2000000000,0.2000000000,0.3000000000,2.5000000000,0.9000000000,101,112,101,110,100,112
2658,neighbor,False,MINIMUM_MAIN_STEEL,999999999.0000000000,8792.2378860000,0.2000000000,0.2000000000,0.3000000000,2.5000000000,1.0000000000,102,112,100,112,103,110
2659,neighbor,False,MINIMUM_MAIN_STEEL,999999999.0000000000,8792.2378860000,0.2250000000,0.3000000000,0.3000000000,3.0000000000,1.0000000000,102,113,100,112,101,113
2660,neighbor,False,MINIMUM_MAIN_STEEL,999999999.0000000000,8792.2378860000,0.2250000000,0.2500000000,0.3000000000,2.5000000000,1.0000000000,103,111,101,112,100,113
2661,neighbor,False,ENVELOPE_BASE_CONTACT,999999999.0000000000,8792.2378860000,0.2000000000,0.3000000000,0.3000000000,2.5000000000,0.8000000000,103,110,104,112,102,111
2662,neighbor,False,ENVELOPE_BASE_CONTACT,999999999.0000000000,8792.2378860000,0.2000000000,0.3000000000,0.3000000000,2.5000000000,1.0000000000,104,110,101,111,102,111
2663,neighbor,False,MINIMUM_MAIN_STEEL,999999999.0000000000,8792.2378860000,0.2000000000,0.2000000000,0.3000000000,2.5000000000,1.0000000000,100,110,101,112,100,112
2664,neighbor,False,MINIMUM_MAIN_STEEL,999999999.0000000000,8792.2378860000,0.2000000000,0.2000000000,0.3000000000,2.5000000000,0.8000000000,101,113,104,112,100,112
2665,neighbor,False,ENVELOPE_BASE_CONTACT,999999999.0000000000,8792.2378860000,0.2500000000,0.3000000000,0.3000000000,2.5000000000,0.8000000000,102,112,104,113,102,110
2666,neighbor,False,STEM_STRESS_OR_INTERVAL_BOUND,999999999.0000000000,8792.2378860000,0.2500000000,0.3000000000,0.3000000000,3.0000000000,0.8000000000,101,113,104,110,103,112
2667,neighbor,False,MINIMUM_MAIN_STEEL,999999999.0000000000,8792.2378860000,0.2250000000,0.3000000000,0.3000000000,2.5000000000,1.0000000000,100,112,100,110,101,110
2668,neighbor,False,STEM_STRESS_OR_INTERVAL_BOUND,999999999.0000000000,8792.2378860000,0.2000000000,0.2000000000,0.3000000000,3.0000000000,0.8000000000,100,113,102,112,101,113
2669,neighbor,False,MAXIMUM_MAIN_STEEL,999999999.0000000000,8792.2378860000,0.2000000000,0.3000000000,0.3000000000,3.0000000000,0.9000000000,103,111,104,112,102,112
2670,neighbor,False,STEM_STRESS_OR_INTERVAL_BOUND,999999999.0000000000,8792.2378860000,0.2250000000,0.2500000000,0.3000000000,3.0000000000,0.8000000000,103,111,104,112,100,110
2671,neighbor,False,MINIMUM_MAIN_STEEL,999999999.0000000000,8792.2378860000,0.2250000000,0.2500000000,0.3000000000,2.5000000000,1.0000000000,103,111,101,111,100,112
2672,neighbor,False,MINIMUM_MAIN_STEEL,999999999.0000000000,8792.2378860000,0.2000000000,0.2500000000,0.3000000000,2.5000000000,0.9000000000,100,113,102,110,104,113
2673,neighbor,False,ENVELOPE_BASE_CONTACT,999999999.0000000000,8792.2378860000,0.2250000000,0.3000000000,0.3000000000,2.5000000000,1.0000000000,103,112,101,111,102,111
2674,neighbor,False,STEM_STRESS_OR_INTERVAL_BOUND,999999999.0000000000,8792.2378860000,0.2000000000,0.2500000000,0.3000000000,3.0000000000,1.0000000000,104,110,102,111,104,112
2675,neighbor,False,MINIMUM_MAIN_STEEL,999999999.0000000000,8792.2378860000,0.2250000000,0.2500000000,0.3000000000,3.0000000000,0.9000000000,103,111,100,111,100,113
2676,neighbor,False,ENVELOPE_BASE_CONTACT,999999999.0000000000,8792.2378860000,0.2250000000,0.2500000000,0.3000000000,2.5000000000,1.0000000000,103,111,103,113,102,111
2677,neighbor,False,STEM_STRESS_OR_INTERVAL_BOUND,999999999.0000000000,8792.2378860000,0.2500000000,0.2500000000,0.3000000000,3.0000000000,0.8000000000,100,111,104,110,101,112
2678,neighbor,False,MINIMUM_MAIN_STEEL,999999999.0000000000,8792.2378860000,0.2000000000,0.2000000000,0.3000000000,3.0000000000,1.0000000000,102,113,100,112,104,110
2679,neighbor,False,STEM_STRESS_OR_INTERVAL_BOUND,999999999.0000000000,8792.2378860000,0.2000000000,0.2000000000,0.3000000000,3.0000000000,1.0000000000,103,111,100,110,102,110
2680,neighbor,False,MINIMUM_MAIN_STEEL,999999999.0000000000,8792.2378860000,0.2000000000,0.2000000000,0.3000000000,3.0000000000,1.0000000000,101,111,100,112,102,110
2681,neighbor,False,ENVELOPE_BASE_CONTACT,999999999.0000000000,8792.2378860000,0.2250000000,0.3000000000,0.3000000000,2.5000000000,0.9000000000,103,110,104,111,102,111
2682,neighbor,False,MINIMUM_MAIN_STEEL,999999999.0000000000,8792.2378860000,0.2000000000,0.3000000000,0.3000000000,3.0000000000,0.8000000000,102,111,100,113,100,112
2683,neighbor,False,ENVELOPE_BASE_CONTACT,999999999.0000000000,8792.2378860000,0.2250000000,0.2500000000,0.3000000000,2.5000000000,1.0000000000,103,111,102,110,102,111
2684,neighbor,False,STEM_STRESS_OR_INTERVAL_BOUND,999999999.0000000000,8792.2378860000,0.2000000000,0.2000000000,0.3000000000,3.0000000000,1.0000000000,100,113,102,111,103,112
2685,neighbor,False,ENVELOPE_BASE_CONTACT,999999999.0000000000,8792.2378860000,0.2000000000,0.3000000000,0.3000000000,2.5000000000,0.8000000000,104,112,101,110,101,112
2686,neighbor,False,STEM_STRESS_OR_INTERVAL_BOUND,999999999.0000000000,8792.2378860000,0.2000000000,0.2000000000,0.3000000000,3.0000000000,0.9000000000,101,111,101,113,100,110
2687,neighbor,False,ENVELOPE_BASE_CONTACT,999999999.0000000000,8792.2378860000,0.2000000000,0.2000000000,0.3000000000,2.5000000000,1.0000000000,104,110,104,112,102,113
2688,neighbor,False,ENVELOPE_BASE_CONTACT,999999999.0000000000,8792.2378860000,0.2000000000,0.2000000000,0.3000000000,2.5000000000,1.0000000000,102,110,102,112,103,113
2689,neighbor,False,ENVELOPE_BASE_CONTACT,999999999.0000000000,8792.2378860000,0.2000000000,0.3000000000,0.3000000000,2.5000000000,1.0000000000,103,112,102,111,103,113
2690,neighbor,False,ENVELOPE_BASE_CONTACT,999999999.0000000000,8792.2378860000,0.2000000000,0.3000000000,0.3000000000,2.5000000000,1.0000000000,102,113,103,112,101,111
2691,neighbor,False,ENVELOPE_BASE_CONTACT,999999999.0000000000,8792.2378860000,0.2500000000,0.2500000000,0.3000000000,2.5000000000,0.8000000000,100,110,104,110,102,113
2692,neighbor,False,ENVELOPE_BASE_CONTACT,999999999.0000000000,8792.2378860000,0.2750000000,0.3000000000,0.3000000000,2.5000000000,1.0000000000,104,111,103,113,103,112
2693,neighbor,False,ENVELOPE_BASE_CONTACT,999999999.0000000000,8792.2378860000,0.2250000000,0.2500000000,0.3000000000,2.5000000000,1.0000000000,104,112,101,111,102,111
2694,neighbor,False,MINIMUM_MAIN_STEEL,999999999.0000000000,8792.2378860000,0.2750000000,0.3000000000,0.3000000000,2.5000000000,1.0000000000,100,113,103,110,103,110
2695,neighbor,False,ENVELOPE_BASE_CONTACT,999999999.0000000000,8792.2378860000,0.2250000000,0.2500000000,0.3000000000,2.5000000000,1.0000000000,103,111,100,111,102,111
2696,neighbor,False,ENVELOPE_BASE_CONTACT,999999999.0000000000,8792.2378860000,0.2250000000,0.2500000000,0.3000000000,2.5000000000,1.0000000000,103,111,101,111,101,112
2697,neighbor,False,ENVELOPE_BASE_CONTACT,999999999.0000000000,8792.2378860000,0.2000000000,0.2000000000,0.3000000000,2.5000000000,1.0000000000,100,112,101,111,102,111
2698,neighbor,False,MINIMUM_MAIN_STEEL,999999999.0000000000,8792.2378860000,0.2250000000,0.2500000000,0.3000000000,2.5000000000,1.0000000000,103,111,101,111,100,113
2699,neighbor,False,ENVELOPE_BASE_CONTACT,999999999.0000000000,8792.2378860000,0.2000000000,0.2000000000,0.3000000000,2.5000000000,1.0000000000,101,113,101,110,104,113
2700,neighbor,False,STEM_STRESS_OR_INTERVAL_BOUND,999999999.0000000000,8792.2378860000,0.2000000000,0.2000000000,0.3000000000,3.0000000000,0.9000000000,101,112,101,113,104,112
2701,neighbor,False,MINIMUM_MAIN_STEEL,999999999.0000000000,8792.2378860000,0.2000000000,0.2000000000,0.3000000000,2.5000000000,0.8000000000,104,112,101,111,100,112
2702,neighbor,False,ENVELOPE_BASE_CONTACT,999999999.0000000000,8792.2378860000,0.2250000000,0.2500000000,0.3000000000,2.5000000000,1.0000000000,103,111,101,111,101,110
2703,neighbor,False,ENVELOPE_BASE_CONTACT,999999999.0000000000,8792.2378860000,0.2250000000,0.2500000000,0.3000000000,2.5000000000,1.0000000000,103,112,101,111,102,111
2704,neighbor,False,MINIMUM_MAIN_STEEL,999999999.0000000000,8792.2378860000,0.2000000000,0.3000000000,0.3000000000,3.0000000000,0.9000000000,100,111,101,111,100,110
2705,neighbor,False,ENVELOPE_BASE_CONTACT,999999999.0000000000,8792.2378860000,0.2250000000,0.2500000000,0.3000000000,2.5000000000,0.9000000000,103,111,101,111,103,113
2706,neighbor,False,ENVELOPE_BASE_CONTACT,999999999.0000000000,8792.2378860000,0.2000000000,0.2000000000,0.3000000000,2.5000000000,1.0000000000,100,112,101,111,102,111
2707,neighbor,False,STEM_STRESS_OR_INTERVAL_BOUND,999999999.0000000000,8792.2378860000,0.2250000000,0.3000000000,0.3000000000,3.0000000000,0.8000000000,100,110,103,113,102,110
2708,neighbor,False,ENVELOPE_BASE_CONTACT,999999999.0000000000,8792.2378860000,0.2000000000,0.2000000000,0.3000000000,2.5000000000,1.0000000000,102,113,103,111,102,112
2709,neighbor,False,ENVELOPE_BASE_CONTACT,999999999.0000000000,8792.2378860000,0.2000000000,0.3000000000,0.3000000000,2.5000000000,1.0000000000,103,112,103,110,103,113
2710,neighbor,False,ENVELOPE_BASE_CONTACT,999999999.0000000000,8792.2378860000,0.2250000000,0.2500000000,0.3000000000,2.5000000000,1.0000000000,103,111,101,111,100,110
2711,neighbor,False,ENVELOPE_BASE_CONTACT,999999999.0000000000,8792.2378860000,0.2250000000,0.2500000000,0.3000000000,2.5000000000,1.0000000000,103,111,101,111,101,111
2712,neighbor,False,MINIMUM_MAIN_STEEL,999999999.0000000000,8792.2378860000,0.2500000000,0.3000000000,0.3000000000,3.0000000000,1.0000000000,100,111,104,111,100,111
2713,neighbor,False,MINIMUM_MAIN_STEEL,999999999.0000000000,8792.2378860000,0.2000000000,0.3000000000,0.3000000000,2.5000000000,1.0000000000,101,113,102,112,100,113
2714,neighbor,False,ENVELOPE_BASE_CONTACT,999999999.0000000000,8792.2378860000,0.2000000000,0.3000000000,0.3000000000,2.5000000000,1.0000000000,101,110,101,111,102,111
2715,neighbor,False,MINIMUM_MAIN_STEEL,999999999.0000000000,8792.2378860000,0.2500000000,0.2500000000,0.3000000000,2.5000000000,1.0000000000,100,112,100,113,101,113
2716,neighbor,False,MINIMUM_MAIN_STEEL,999999999.0000000000,8792.2378860000,0.2250000000,0.2500000000,0.3000000000,2.5000000000,0.8000000000,103,111,103,113,100,112
2717,neighbor,False,STEM_STRESS_OR_INTERVAL_BOUND,999999999.0000000000,8792.2378860000,0.2250000000,0.2500000000,0.3000000000,3.0000000000,0.9000000000,103,111,101,110,103,112
2718,neighbor,False,ENVELOPE_BASE_CONTACT,999999999.0000000000,8792.2378860000,0.2000000000,0.2000000000,0.3000000000,2.5000000000,1.0000000000,102,112,100,110,103,113
2719,neighbor,False,ENVELOPE_BASE_CONTACT,999999999.0000000000,8792.2378860000,0.2000000000,0.2000000000,0.3000000000,2.5000000000,0.9000000000,100,113,103,113,101,112
2720,neighbor,False,STEM_STRESS_OR_INTERVAL_BOUND,999999999.0000000000,8792.2378860000,0.2000000000,0.2000000000,0.3000000000,3.0000000000,1.0000000000,102,113,104,113,104,110
2721,neighbor,False,ENVELOPE_BASE_CONTACT,999999999.0000000000,8792.2378860000,0.2000000000,0.3000000000,0.3000000000,2.5000000000,0.9000000000,103,110,101,110,100,111
2722,neighbor,False,ENVELOPE_BASE_CONTACT,999999999.0000000000,8792.2378860000,0.2000000000,0.2000000000,0.3000000000,2.5000000000,1.0000000000,101,111,102,110,103,113
2723,neighbor,False,ENVELOPE_BASE_CONTACT,999999999.0000000000,8792.2378860000,0.2000000000,0.3000000000,0.3000000000,2.5000000000,1.0000000000,102,112,101,111,102,111
2724,neighbor,False,STEM_STRESS_OR_INTERVAL_BOUND,999999999.0000000000,8792.2378860000,0.2500000000,0.2500000000,0.3000000000,3.0000000000,1.0000000000,103,112,102,110,101,112
2725,neighbor,False,ENVELOPE_BASE_CONTACT,999999999.0000000000,8792.2378860000,0.2000000000,0.3000000000,0.3000000000,2.5000000000,1.0000000000,102,113,101,110,102,110
2726,neighbor,False,ENVELOPE_BASE_CONTACT,999999999.0000000000,8792.2378860000,0.2000000000,0.2000000000,0.3000000000,2.5000000000,1.0000000000,104,113,103,112,104,113
2727,neighbor,False,ENVELOPE_BASE_CONTACT,999999999.0000000000,8792.2378860000,0.2000000000,0.2000000000,0.3000000000,2.5000000000,1.0000000000,103,113,101,111,102,111
2728,neighbor,False,STEM_STRESS_OR_INTERVAL_BOUND,999999999.0000000000,8792.2378860000,0.2000000000,0.3000000000,0.3000000000,3.0000000000,0.9000000000,102,112,101,111,102,113
2729,neighbor,False,MINIMUM_MAIN_STEEL,999999999.0000000000,8792.2378860000,0.2000000000,0.3000000000,0.3000000000,3.0000000000,0.9000000000,100,111,102,113,100,113
2730,neighbor,False,ENVELOPE_BASE_CONTACT,999999999.0000000000,8792.2378860000,0.2000000000,0.2000000000,0.3000000000,2.5000000000,0.8000000000,102,112,103,110,104,111
2731,neighbor,False,ENVELOPE_BASE_CONTACT,999999999.0000000000,8792.2378860000,0.2500000000,0.2500000000,0.3000000000,2.5000000000,1.0000000000,104,112,101,111,102,111
2732,neighbor,False,STEM_STRESS_OR_INTERVAL_BOUND,999999999.0000000000,8792.2378860000,0.2000000000,0.2000000000,0.3000000000,3.0000000000,1.0000000000,101,111,101,110,102,111
2733,neighbor,False,STEM_STRESS_OR_INTERVAL_BOUND,999999999.0000000000,8792.2378860000,0.2000000000,0.2000000000,0.3000000000,3.0000000000,0.9000000000,104,111,101,113,103,110
2734,neighbor,False,ENVELOPE_BASE_CONTACT,999999999.0000000000,8792.2378860000,0.2000000000,0.2500000000,0.3000000000,2.5000000000,1.0000000000,101,111,103,111,103,111
2735,neighbor,False,ENVELOPE_BASE_CONTACT,999999999.0000000000,8792.2378860000,0.2000000000,0.2500000000,0.3000000000,2.5000000000,0.8000000000,100,111,101,111,101,112
2736,neighbor,False,ENVELOPE_BASE_CONTACT,999999999.0000000000,8792.2378860000,0.2000000000,0.2000000000,0.3000000000,2.5000000000,1.0000000000,103,112,104,113,103,113
2737,reset,False,ENVELOPE_BASE_CONTACT,999999999.0000000000,8792.2378860000,0.2250000000,0.2500000000,0.3000000000,2.5000000000,1.0000000000,103,111,101,111,102,111
2738,neighbor,False,ENVELOPE_BASE_CONTACT,999999999.0000000000,8792.2378860000,0.2250000000,0.2500000000,0.3000000000,2.5000000000,1.0000000000,103,111,101,111,103,111
2739,neighbor,False,STEM_STRESS_OR_INTERVAL_BOUND,999999999.0000000000,8792.2378860000,0.2250000000,0.2500000000,0.5000000000,3.0000000000,0.9000000000,103,111,103,112,101,110
2740,neighbor,False,ENVELOPE_BASE_CONTACT,999999999.0000000000,8792.2378860000,0.2000000000,0.2000000000,0.3000000000,2.5000000000,0.8000000000,101,110,101,112,104,111
2741,neighbor,False,MINIMUM_MAIN_STEEL,999999999.0000000000,8792.2378860000,0.2500000000,0.2500000000,0.4000000000,2.5000000000,1.0000000000,100,112,100,110,100,113
2742,neighbor,False,ENVELOPE_BASE_CONTACT,999999999.0000000000,8792.2378860000,0.2500000000,0.3000000000,0.3000000000,2.5000000000,1.0000000000,103,111,104,110,101,112
2743,neighbor,False,STEM_STRESS_OR_INTERVAL_BOUND,999999999.0000000000,8792.2378860000,0.2500000000,0.2500000000,0.3500000000,3.0000000000,0.8000000000,103,112,102,112,104,110
2744,neighbor,False,MINIMUM_MAIN_STEEL,999999999.0000000000,8792.2378860000,0.2000000000,0.2000000000,0.4500000000,2.5000000000,1.0000000000,102,112,101,110,100,112
2745,neighbor,False,ENVELOPE_BASE_CONTACT,999999999.0000000000,8792.2378860000,0.2000000000,0.3500000000,0.3000000000,2.5000000000,0.9000000000,104,113,101,110,102,113
2746,neighbor,False,MINIMUM_MAIN_STEEL,999999999.0000000000,8792.2378860000,0.2500000000,0.3000000000,0.3000000000,2.5000000000,1.0000000000,100,110,100,113,104,110
2747,neighbor,False,MINIMUM_MAIN_STEEL,999999999.0000000000,8792.2378860000,0.2250000000,0.3500000000,0.3000000000,2.5000000000,1.0000000000,101,113,100,111,101,113
2748,neighbor,False,ENVELOPE_BASE_CONTACT,999999999.0000000000,8792.2378860000,0.2750000000,0.3000000000,0.3000000000,2.5000000000,1.0000000000,101,113,104,111,102,113
2749,neighbor,False,MINIMUM_MAIN_STEEL,999999999.0000000000,8792.2378860000,0.2250000000,0.3500000000,0.4000000000,3.0000000000,0.9000000000,101,113,104,110,100,112
2750,neighbor,False,ENVELOPE_BASE_CONTACT,999999999.0000000000,8792.2378860000,0.2000000000,0.2500000000,0.3000000000,2.5000000000,1.0000000000,102,112,101,111,102,111
2751,neighbor,False,MINIMUM_MAIN_STEEL,999999999.0000000000,8792.2378860000,0.2000000000,0.3500000000,0.3500000000,2.5000000000,0.9000000000,102,112,100,113,101,111
2752,neighbor,False,ENVELOPE_BASE_CONTACT,999999999.0000000000,8792.2378860000,0.2000000000,0.2000000000,0.3000000000,2.5000000000,1.0000000000,102,113,101,111,102,111
2753,neighbor,False,ENVELOPE_BASE_CONTACT,999999999.0000000000,8792.2378860000,0.2000000000,0.2500000000,0.3000000000,2.5000000000,1.0000000000,100,111,101,111,102,111
2754,neighbor,False,MINIMUM_MAIN_STEEL,999999999.0000000000,8792.2378860000,0.2000000000,0.2000000000,0.3000000000,2.5000000000,1.0000000000,102,111,103,111,100,112
2755,neighbor,False,ENVELOPE_BASE_CONTACT,999999999.0000000000,8792.2378860000,0.2250000000,0.2500000000,0.3000000000,2.5000000000,1.0000000000,104,112,101,111,102,111
2756,neighbor,False,ENVELOPE_BASE_CONTACT,999999999.0000000000,8792.2378860000,0.2000000000,0.3000000000,0.3000000000,2.5000000000,1.0000000000,104,113,101,111,102,111
2757,neighbor,False,STEM_STRESS_OR_INTERVAL_BOUND,999999999.0000000000,8792.2378860000,0.2750000000,0.3500000000,0.3500000000,3.0000000000,1.0000000000,102,112,104,113,101,113
2758,neighbor,False,ENVELOPE_BASE_CONTACT,999999999.0000000000,8792.2378860000,0.2500000000,0.3000000000,0.3500000000,2.5000000000,1.0000000000,101,110,103,110,103,111
2759,neighbor,False,STEM_STRESS_OR_INTERVAL_BOUND,999999999.0000000000,8792.2378860000,0.2000000000,0.2000000000,0.3000000000,3.0000000000,1.0000000000,101,111,102,113,103,113
2760,neighbor,False,STEM_STRESS_OR_INTERVAL_BOUND,999999999.0000000000,8792.2378860000,0.2250000000,0.2500000000,0.4000000000,3.0000000000,1.0000000000,104,110,102,113,101,112
2761,neighbor,False,MINIMUM_MAIN_STEEL,999999999.0000000000,8792.2378860000,0.2000000000,0.3500000000,0.3000000000,3.0000000000,1.0000000000,100,113,104,113,103,113
2762,neighbor,False,MINIMUM_MAIN_STEEL,999999999.0000000000,8792.2378860000,0.2000000000,0.3500000000,0.3000000000,2.5000000000,1.0000000000,100,113,104,113,103,111
2763,neighbor,False,MAXIMUM_MAIN_STEEL,999999999.0000000000,8792.2378860000,0.2250000000,0.3000000000,0.3000000000,3.0000000000,1.0000000000,104,111,103,113,101,112
2764,neighbor,False,ENVELOPE_BASE_CONTACT,999999999.0000000000,8792.2378860000,0.2000000000,0.2000000000,0.3000000000,2.5000000000,1.0000000000,100,113,101,111,102,111
2765,neighbor,False,MINIMUM_MAIN_STEEL,999999999.0000000000,8792.2378860000,0.2500000000,0.2500000000,0.5000000000,2.5000000000,0.8000000000,104,113,101,113,103,113
2766,neighbor,False,MINIMUM_MAIN_STEEL,999999999.0000000000,8792.2378860000,0.2250000000,0.2500000000,0.3000000000,2.5000000000,1.0000000000,103,111,101,111,100,112
2767,neighbor,False,ENVELOPE_BASE_CONTACT,999999999.0000000000,8792.2378860000,0.2500000000,0.2500000000,0.3000000000,2.5000000000,1.0000000000,100,110,101,111,102,111
2768,neighbor,False,MINIMUM_MAIN_STEEL,999999999.0000000000,8792.2378860000,0.2000000000,0.3000000000,0.3000000000,2.5000000000,0.8000000000,104,111,103,110,100,113
2769,neighbor,False,ENVELOPE_BASE_CONTACT,999999999.0000000000,8792.2378860000,0.2250000000,0.2500000000,0.3000000000,2.5000000000,1.0000000000,103,111,102,110,102,111
2770,neighbor,False,MINIMUM_MAIN_STEEL,999999999.0000000000,8792.2378860000,0.2250000000,0.2500000000,0.5000000000,2.5000000000,1.0000000000,104,113,102,110,101,113
2771,neighbor,False,ENVELOPE_BASE_CONTACT,999999999.0000000000,8792.2378860000,0.2500000000,0.2500000000,0.3000000000,2.5000000000,1.0000000000,103,112,104,111,103,112
2772,neighbor,False,ENVELOPE_BASE_CONTACT,999999999.0000000000,8792.2378860000,0.2000000000,0.2000000000,0.3000000000,2.5000000000,1.0000000000,102,111,101,111,102,111
2773,neighbor,False,ENVELOPE_BASE_CONTACT,999999999.0000000000,8792.2378860000,0.2250000000,0.2500000000,0.3000000000,2.5000000000,1.0000000000,103,111,100,110,102,111
2774,neighbor,False,ENVELOPE_BASE_CONTACT,999999999.0000000000,8792.2378860000,0.2000000000,0.2000000000,0.3500000000,2.5000000000,1.0000000000,100,111,102,111,101,110
2775,neighbor,False,ENVELOPE_BASE_CONTACT,999999999.0000000000,8792.2378860000,0.2250000000,0.2500000000,0.3000000000,2.5000000000,1.0000000000,102,111,101,113,101,111
2776,neighbor,False,STEM_STRESS_OR_INTERVAL_BOUND,999999999.0000000000,8792.2378860000,0.2000000000,0.2000000000,0.4500000000,3.0000000000,1.0000000000,104,111,102,113,102,110
2777,neighbor,False,ENVELOPE_BASE_CONTACT,999999999.0000000000,8792.2378860000,0.2250000000,0.2500000000,0.3000000000,2.5000000000,1.0000000000,103,111,104,112,102,111
2778,neighbor,False,ENVELOPE_BASE_CONTACT,999999999.0000000000,8792.2378860000,0.2250000000,0.2500000000,0.3000000000,2.5000000000,1.0000000000,103,111,101,111,103,112
2779,neighbor,False,ENVELOPE_BASE_CONTACT,999999999.0000000000,8792.2378860000,0.2250000000,0.2500000000,0.3000000000,2.5000000000,1.0000000000,103,113,101,111,102,111
2780,neighbor,False,ENVELOPE_BASE_CONTACT,999999999.0000000000,8792.2378860000,0.2250000000,0.2500000000,0.3000000000,2.5000000000,1.0000000000,104,112,101,111,102,111
2781,neighbor,False,ENVELOPE_BASE_CONTACT,999999999.0000000000,8792.2378860000,0.2250000000,0.2500000000,0.3000000000,2.5000000000,1.0000000000,103,111,101,111,104,110
2782,neighbor,False,ENVELOPE_BASE_CONTACT,999999999.0000000000,8792.2378860000,0.2250000000,0.2500000000,0.3000000000,2.5000000000,1.0000000000,103,111,101,110,102,111
2783,neighbor,False,MINIMUM_MAIN_STEEL,999999999.0000000000,8792.2378860000,0.2250000000,0.2500000000,0.4500000000,2.5000000000,1.0000000000,104,111,103,111,100,112
2784,neighbor,False,ENVELOPE_BASE_CONTACT,999999999.0000000000,8792.2378860000,0.2000000000,0.2000000000,0.4000000000,2.5000000000,1.0000000000,100,111,104,113,103,112
2785,neighbor,False,MAXIMUM_MAIN_STEEL,999999999.0000000000,8792.2378860000,0.2250000000,0.3500000000,0.3000000000,3.0000000000,0.9000000000,104,111,101,112,103,111
2786,neighbor,False,MAXIMUM_MAIN_STEEL,999999999.0000000000,8792.2378860000,0.2500000000,0.3500000000,0.3000000000,3.0000000000,1.0000000000,103,110,102,113,103,113
2787,neighbor,False,ENVELOPE_BASE_CONTACT,999999999.0000000000,8792.2378860000,0.2250000000,0.2500000000,0.3000000000,2.5000000000,1.0000000000,101,112,101,111,102,111
2788,neighbor,False,ENVELOPE_BASE_CONTACT,999999999.0000000000,8792.2378860000,0.2000000000,0.2000000000,0.3000000000,2.5000000000,0.9000000000,101,111,101,112,101,110
2789,neighbor,False,ENVELOPE_BASE_CONTACT,999999999.0000000000,8792.2378860000,0.2000000000,0.3500000000,0.3000000000,2.5000000000,1.0000000000,102,113,104,113,103,111
2790,neighbor,False,ENVELOPE_BASE_CONTACT,999999999.0000000000,8792.2378860000,0.2000000000,0.2000000000,0.3000000000,2.5000000000,1.0000000000,103,110,103,110,101,112
2791,neighbor,False,STEM_STRESS_OR_INTERVAL_BOUND,999999999.0000000000,8792.2378860000,0.2500000000,0.3000000000,0.3500000000,3.0000000000,1.0000000000,101,110,102,112,101,113
2792,neighbor,False,MINIMUM_MAIN_STEEL,999999999.0000000000,8792.2378860000,0.2250000000,0.2500000000,0.5000000000,3.0000000000,0.9000000000,103,111,100,113,104,113
2793,neighbor,False,ENVELOPE_BASE_CONTACT,999999999.0000000000,8792.2378860000,0.2000000000,0.2000000000,0.3000000000,2.5000000000,1.0000000000,102,111,104,111,104,110
2794,neighbor,False,ENVELOPE_BASE_CONTACT,999999999.0000000000,8792.2378860000,0.2000000000,0.2000000000,0.3000000000,2.5000000000,0.9000000000,101,113,101,113,102,111
2795,neighbor,False,STEM_STRESS_OR_INTERVAL_BOUND,999999999.0000000000,8792.2378860000,0.2500000000,0.2500000000,0.3000000000,3.0000000000,1.0000000000,103,113,102,112,104,112
2796,neighbor,False,ENVELOPE_BASE_CONTACT,999999999.0000000000,8792.2378860000,0.2500000000,0.3500000000,0.3000000000,2.5000000000,1.0000000000,103,113,101,111,102,111
2797,neighbor,False,STEM_STRESS_OR_INTERVAL_BOUND,999999999.0000000000,8792.2378860000,0.2250000000,0.2500000000,0.5000000000,3.0000000000,1.0000000000,103,111,102,112,103,110
2798,neighbor,False,ENVELOPE_BASE_CONTACT,999999999.0000000000,8792.2378860000,0.2500000000,0.3500000000,0.5500000000,2.5000000000,0.9000000000,103,110,103,110,101,111
2799,neighbor,False,ENVELOPE_BASE_CONTACT,999999999.0000000000,8792.2378860000,0.2250000000,0.2500000000,0.3000000000,2.5000000000,1.0000000000,103,111,101,111,103,111
2800,neighbor,False,MAXIMUM_MAIN_STEEL,999999999.0000000000,8792.2378860000,0.2000000000,0.3500000000,0.3000000000,3.0000000000,1.0000000000,104,112,101,112,102,110
2801,neighbor,False,ENVELOPE_BASE_CONTACT,999999999.0000000000,8792.2378860000,0.2250000000,0.3000000000,0.5500000000,2.5000000000,0.9000000000,104,111,103,112,102,110
2802,neighbor,False,ENVELOPE_BASE_CONTACT,999999999.0000000000,8792.2378860000,0.2000000000,0.2000000000,0.3000000000,2.5000000000,1.0000000000,101,111,101,111,102,111
2803,neighbor,False,ENVELOPE_BASE_CONTACT,999999999.0000000000,8792.2378860000,0.2000000000,0.2000000000,0.3000000000,2.5000000000,1.0000000000,101,110,102,111,100,111
2804,neighbor,False,MINIMUM_MAIN_STEEL,999999999.0000000000,8792.2378860000,0.2750000000,0.3500000000,0.3000000000,2.5000000000,1.0000000000,103,112,104,110,100,113
2805,neighbor,False,MINIMUM_MAIN_STEEL,999999999.0000000000,8792.2378860000,0.2000000000,0.2000000000,0.5000000000,2.5000000000,0.8000000000,102,113,103,111,100,112
2806,neighbor,False,MINIMUM_MAIN_STEEL,999999999.0000000000,8792.2378860000,0.2000000000,0.2000000000,0.3000000000,2.5000000000,0.9000000000,103,110,100,113,104,111
2807,neighbor,False,ENVELOPE_BASE_CONTACT,999999999.0000000000,8792.2378860000,0.2250000000,0.2500000000,0.3000000000,2.5000000000,1.0000000000,103,111,101,111,101,112
2808,neighbor,False,MINIMUM_MAIN_STEEL,999999999.0000000000,8792.2378860000,0.2750000000,0.3000000000,0.4000000000,2.5000000000,1.0000000000,100,113,100,112,104,111
2809,neighbor,False,ENVELOPE_BASE_CONTACT,999999999.0000000000,8792.2378860000,0.2000000000,0.2000000000,0.3000000000,2.5000000000,1.0000000000,101,111,104,111,101,112
2810,neighbor,True,PASS_IMPLEMENTED_PROJECT_CHECKS,9652.4153800000,8792.2378860000,0.2000000000,0.3500000000,0.3000000000,3.0000000000,1.0000000000,104,113,102,110,104,111
2811,neighbor,False,STEM_STRESS_OR_INTERVAL_BOUND,999999999.0000000000,8792.2378860000,0.2000000000,0.3500000000,0.3000000000,3.0000000000,1.0000000000,102,112,102,110,104,111
2812,neighbor,False,MEMBER_FLEXURE,999999999.0000000000,8792.2378860000,0.2000000000,0.3500000000,0.3000000000,3.0000000000,1.0000000000,104,113,102,110,102,113
2813,neighbor,False,MINIMUM_MAIN_STEEL,999999999.0000000000,8792.2378860000,0.2000000000,0.4500000000,0.3000000000,3.0000000000,0.8000000000,101,112,103,113,102,112
2814,neighbor,False,MINIMUM_MAIN_STEEL,999999999.0000000000,8792.2378860000,0.2000000000,0.4000000000,0.3000000000,3.0000000000,1.0000000000,103,110,103,110,100,113
2815,neighbor,False,STEM_STRESS_OR_INTERVAL_BOUND,999999999.0000000000,8792.2378860000,0.2250000000,0.3000000000,0.5500000000,3.5000000000,0.8000000000,100,110,104,112,104,111
2816,neighbor,False,MEMBER_FLEXURE,999999999.0000000000,8792.2378860000,0.2000000000,0.3500000000,0.3000000000,3.0000000000,1.0000000000,104,113,101,113,104,111
2817,neighbor,False,MEMBER_FLEXURE,999999999.0000000000,8792.2378860000,0.2000000000,0.3500000000,0.3000000000,3.5000000000,0.8000000000,104,113,101,110,101,110
2818,neighbor,False,ENVELOPE_BASE_CONTACT,999999999.0000000000,8792.2378860000,0.2000000000,0.4000000000,0.5500000000,2.5000000000,0.8000000000,103,113,104,113,100,110
2819,neighbor,False,MINIMUM_MAIN_STEEL,999999999.0000000000,8792.2378860000,0.2250000000,0.3000000000,0.3000000000,3.5000000000,1.0000000000,102,113,100,112,101,113
2820,neighbor,True,PASS_IMPLEMENTED_PROJECT_CHECKS,9162.2520700000,8792.2378860000,0.2000000000,0.3500000000,0.3000000000,3.0000000000,1.0000000000,104,113,102,110,103,112
2821,neighbor,False,MEMBER_FLEXURE,999999999.0000000000,8792.2378860000,0.2000000000,0.3500000000,0.3000000000,3.0000000000,1.0000000000,104,113,102,110,100,110
2822,neighbor,False,MINIMUM_MAIN_STEEL,999999999.0000000000,8792.2378860000,0.2250000000,0.3000000000,0.5000000000,3.5000000000,1.0000000000,101,110,103,112,100,111
2823,neighbor,False,MAXIMUM_MAIN_STEEL,999999999.0000000000,8792.2378860000,0.2000000000,0.4000000000,0.3000000000,3.0000000000,1.0000000000,103,111,101,110,101,113
2824,neighbor,False,STEM_STRESS_OR_INTERVAL_BOUND,999999999.0000000000,8792.2378860000,0.2250000000,0.2500000000,0.3000000000,3.0000000000,1.0000000000,104,112,101,112,101,112
2825,neighbor,False,MAXIMUM_MAIN_STEEL,999999999.0000000000,8792.2378860000,0.2000000000,0.4500000000,0.3000000000,3.0000000000,1.0000000000,104,110,102,110,103,112
2826,neighbor,True,PASS_IMPLEMENTED_PROJECT_CHECKS,10394.0610880000,8792.2378860000,0.2000000000,0.3500000000,0.4500000000,3.5000000000,1.0000000000,104,113,103,112,102,113
2827,neighbor,True,PASS_IMPLEMENTED_PROJECT_CHECKS,9016.4858200000,8792.2378860000,0.2000000000,0.3500000000,0.3000000000,3.0000000000,1.0000000000,104,113,102,110,103,113
2828,neighbor,False,ENVELOPE_BASE_CONTACT,999999999.0000000000,8792.2378860000,0.2500000000,0.4500000000,0.3000000000,2.5000000000,1.0000000000,103,110,103,112,104,110
2829,neighbor,True,PASS_IMPLEMENTED_PROJECT_CHECKS,9324.6773200000,8792.2378860000,0.2000000000,0.3500000000,0.3000000000,3.0000000000,1.0000000000,104,113,103,110,103,113
2830,neighbor,False,STEM_STRESS_OR_INTERVAL_BOUND,999999999.0000000000,8792.2378860000,0.2500000000,0.3000000000,0.3000000000,3.0000000000,1.0000000000,101,113,102,110,103,113
2831,neighbor,False,ENVELOPE_BASE_CONTACT,999999999.0000000000,8792.2378860000,0.2250000000,0.3500000000,0.5500000000,2.5000000000,1.0000000000,101,110,102,110,102,113
2832,neighbor,False,MINIMUM_MAIN_STEEL,999999999.0000000000,8792.2378860000,0.2000000000,0.3500000000,0.3000000000,3.0000000000,1.0000000000,104,113,102,110,100,112
2833,neighbor,True,PASS_IMPLEMENTED_PROJECT_CHECKS,9005.5279000000,8792.2378860000,0.2000000000,0.3500000000,0.3000000000,3.0000000000,1.0000000000,104,113,104,112,103,113
2834,neighbor,False,MINIMUM_MAIN_STEEL,999999999.0000000000,8792.2378860000,0.2000000000,0.3500000000,0.4000000000,3.5000000000,1.0000000000,101,113,103,113,102,113
2835,neighbor,False,STEM_STRESS_OR_INTERVAL_BOUND,999999999.0000000000,8792.2378860000,0.2000000000,0.2500000000,0.3000000000,3.0000000000,1.0000000000,103,110,101,113,101,112
2836,neighbor,True,PASS_IMPLEMENTED_PROJECT_CHECKS,9151.2941500000,8792.2378860000,0.2000000000,0.3500000000,0.3000000000,3.0000000000,1.0000000000,104,113,104,112,103,112
2837,neighbor,False,ENVELOPE_BASE_CONTACT,999999999.0000000000,8792.2378860000,0.2000000000,0.3000000000,0.3000000000,2.5000000000,1.0000000000,102,110,103,113,101,112
2838,neighbor,True,PASS_IMPLEMENTED_PROJECT_CHECKS,9583.5029000000,8792.2378860000,0.2000000000,0.4500000000,0.3000000000,3.0000000000,1.0000000000,104,113,104,112,103,113
2839,neighbor,False,MINIMUM_MAIN_STEEL,999999999.0000000000,8792.2378860000,0.2000000000,0.4500000000,0.4000000000,2.5000000000,1.0000000000,100,110,102,113,100,111
2840,neighbor,False,MINIMUM_MAIN_STEEL,999999999.0000000000,8792.2378860000,0.2000000000,0.4000000000,0.3500000000,3.5000000000,0.8000000000,100,110,102,111,104,111
2841,neighbor,True,PASS_IMPLEMENTED_PROJECT_CHECKS,8665.8323800000,8665.8323800000,0.2000000000,0.3500000000,0.3000000000,3.0000000000,1.0000000000,104,113,100,110,103,113
2842,neighbor,False,MINIMUM_MAIN_STEEL,999999999.0000000000,8665.8323800000,0.2000000000,0.3500000000,0.4500000000,3.0000000000,1.0000000000,104,113,100,111,100,113
2843,neighbor,False,ENVELOPE_BASE_CONTACT,999999999.0000000000,8665.8323800000,0.2250000000,0.2500000000,0.3500000000,2.5000000000,1.0000000000,102,113,102,111,104,113
2844,neighbor,False,STEM_STRESS_OR_INTERVAL_BOUND,999999999.0000000000,8665.8323800000,0.2000000000,0.4000000000,0.3000000000,3.0000000000,1.0000000000,103,113,101,113,101,113
2845,neighbor,False,MAXIMUM_MAIN_STEEL,999999999.0000000000,8665.8323800000,0.2000000000,0.3500000000,0.3000000000,3.0000000000,1.0000000000,103,111,100,110,103,113
2846,neighbor,False,MINIMUM_MAIN_STEEL,999999999.0000000000,8665.8323800000,0.2250000000,0.3000000000,0.3000000000,3.0000000000,1.0000000000,102,111,102,112,100,112
2847,neighbor,False,STEM_STRESS_OR_INTERVAL_BOUND,999999999.0000000000,8665.8323800000,0.2500000000,0.2500000000,0.3000000000,3.5000000000,0.9000000000,102,113,101,111,104,113
2848,neighbor,False,MINIMUM_MAIN_STEEL,999999999.0000000000,8665.8323800000,0.2000000000,0.4500000000,0.3000000000,3.5000000000,1.0000000000,100,113,104,111,101,113
2849,neighbor,False,MINIMUM_MAIN_STEEL,999999999.0000000000,8665.8323800000,0.2250000000,0.3000000000,0.5000000000,3.0000000000,0.8000000000,100,113,100,110,101,112
2850,neighbor,False,MINIMUM_MAIN_STEEL,999999999.0000000000,8665.8323800000,0.2000000000,0.3000000000,0.3000000000,3.0000000000,1.0000000000,100,112,100,110,103,113
2851,neighbor,False,ENVELOPE_BASE_CONTACT,999999999.0000000000,8665.8323800000,0.2500000000,0.3500000000,0.4500000000,2.5000000000,1.0000000000,102,110,103,111,101,110
2852,neighbor,False,MINIMUM_MAIN_STEEL,999999999.0000000000,8665.8323800000,0.2000000000,0.4000000000,0.3000000000,3.5000000000,0.8000000000,101,110,100,112,100,113
2853,neighbor,False,MINIMUM_MAIN_STEEL,999999999.0000000000,8665.8323800000,0.2500000000,0.4000000000,0.3000000000,2.5000000000,1.0000000000,100,113,104,111,103,110
2854,neighbor,True,PASS_IMPLEMENTED_PROJECT_CHECKS,9540.4298800000,8665.8323800000,0.2000000000,0.3500000000,0.3000000000,3.0000000000,1.0000000000,104,113,100,110,103,110
2855,neighbor,False,MINIMUM_MAIN_STEEL,999999999.0000000000,8665.8323800000,0.2000000000,0.2500000000,0.5500000000,2.5000000000,1.0000000000,103,113,100,110,100,111
2856,neighbor,True,PASS_IMPLEMENTED_PROJECT_CHECKS,9411.3088100000,8665.8323800000,0.2250000000,0.3500000000,0.3000000000,3.0000000000,1.0000000000,102,110,100,110,103,113
2857,neighbor,False,STEM_STRESS_OR_INTERVAL_BOUND,999999999.0000000000,8665.8323800000,0.2000000000,0.3500000000,0.3000000000,3.0000000000,1.0000000000,101,110,100,110,103,113
2858,neighbor,True,PASS_IMPLEMENTED_PROJECT_CHECKS,8811.5986300000,8665.8323800000,0.2000000000,0.3500000000,0.3000000000,3.0000000000,1.0000000000,104,113,100,110,103,112
2859,neighbor,False,MINIMUM_MAIN_STEEL,999999999.0000000000,8665.8323800000,0.2000000000,0.2500000000,0.3000000000,3.5000000000,0.8000000000,101,112,104,112,100,113
2860,neighbor,False,STEM_STRESS_OR_INTERVAL_BOUND,999999999.0000000000,8665.8323800000,0.2000000000,0.2500000000,0.3000000000,3.0000000000,1.0000000000,101,110,103,113,101,112
2861,neighbor,False,MINIMUM_MAIN_STEEL,999999999.0000000000,8665.8323800000,0.2000000000,0.4500000000,0.3000000000,3.0000000000,1.0000000000,102,113,100,110,103,113
2862,neighbor,False,MINIMUM_MAIN_STEEL,999999999.0000000000,8665.8323800000,0.2500000000,0.4000000000,0.5000000000,2.5000000000,0.9000000000,104,111,100,113,104,112
2863,neighbor,False,STEM_STRESS_OR_INTERVAL_BOUND,999999999.0000000000,8665.8323800000,0.2000000000,0.3500000000,0.3000000000,3.0000000000,1.0000000000,101,111,100,110,103,113
2864,neighbor,False,ENVELOPE_BASE_CONTACT,999999999.0000000000,8665.8323800000,0.2500000000,0.4500000000,0.5000000000,2.5000000000,1.0000000000,102,110,103,113,104,110
2865,neighbor,False,MEMBER_FLEXURE,999999999.0000000000,8665.8323800000,0.2000000000,0.3500000000,0.3000000000,3.0000000000,1.0000000000,104,113,100,110,101,111
2866,neighbor,False,MINIMUM_MAIN_STEEL,999999999.0000000000,8665.8323800000,0.2000000000,0.3500000000,0.3500000000,3.5000000000,0.8000000000,104,113,100,112,100,111
2867,neighbor,False,ENVELOPE_BASE_CONTACT,999999999.0000000000,8665.8323800000,0.2000000000,0.3500000000,0.3000000000,2.5000000000,0.8000000000,104,113,101,113,102,111
2868,neighbor,True,PASS_IMPLEMENTED_PROJECT_CHECKS,9046.8274120000,8665.8323800000,0.2000000000,0.3500000000,0.3000000000,3.0000000000,0.8000000000,104,113,101,113,102,110
2869,neighbor,False,STEM_STRESS_OR_INTERVAL_BOUND,999999999.0000000000,8665.8323800000,0.2000000000,0.2500000000,0.4500000000,3.5000000000,1.0000000000,103,113,102,112,104,110
2870,neighbor,True,PASS_IMPLEMENTED_PROJECT_CHECKS,8679.8259400000,8665.8323800000,0.2000000000,0.3500000000,0.3000000000,3.0000000000,1.0000000000,104,113,100,110,101,110
2871,neighbor,False,MAXIMUM_MAIN_STEEL,999999999.0000000000,8665.8323800000,0.2000000000,0.3000000000,0.3000000000,3.0000000000,1.0000000000,103,110,100,110,103,113
2872,neighbor,False,MAXIMUM_MAIN_STEEL,999999999.0000000000,8665.8323800000,0.2000000000,0.3000000000,0.3000000000,3.5000000000,0.9000000000,104,111,102,110,103,112
2873,neighbor,False,MINIMUM_MAIN_STEEL,999999999.0000000000,8665.8323800000,0.2500000000,0.4000000000,0.5000000000,3.0000000000,1.0000000000,102,112,103,112,100,112
2874,neighbor,False,STEM_STRESS_OR_INTERVAL_BOUND,999999999.0000000000,8665.8323800000,0.2000000000,0.2500000000,0.5500000000,3.5000000000,0.9000000000,100,110,104,111,103,113
2875,neighbor,False,STEM_STRESS_OR_INTERVAL_BOUND,999999999.0000000000,8665.8323800000,0.2500000000,0.3000000000,0.3000000000,3.0000000000,1.0000000000,104,113,100,110,103,113
2876,neighbor,False,ENVELOPE_BASE_CONTACT,999999999.0000000000,8665.8323800000,0.2000000000,0.4000000000,0.3000000000,2.5000000000,1.0000000000,103,111,103,113,103,110
2877,neighbor,False,ENVELOPE_BASE_CONTACT,999999999.0000000000,8665.8323800000,0.2250000000,0.4000000000,0.3000000000,2.5000000000,0.8000000000,104,110,103,113,104,113
2878,neighbor,False,STEM_STRESS_OR_INTERVAL_BOUND,999999999.0000000000,8665.8323800000,0.2500000000,0.2500000000,0.3000000000,3.0000000000,1.0000000000,101,110,100,110,103,113
2879,neighbor,False,MAXIMUM_MAIN_STEEL,999999999.0000000000,8665.8323800000,0.2500000000,0.4500000000,0.3000000000,3.5000000000,0.9000000000,104,110,101,112,100,110
2880,neighbor,True,PASS_IMPLEMENTED_PROJECT_CHECKS,12045.7692500000,8665.8323800000,0.2500000000,0.4000000000,0.5500000000,3.5000000000,1.0000000000,101,110,102,111,102,110
2881,neighbor,False,ENVELOPE_BASE_CONTACT,999999999.0000000000,8665.8323800000,0.2000000000,0.3500000000,0.3000000000,2.5000000000,1.0000000000,101,110,103,113,104,112
2882,neighbor,True,PASS_IMPLEMENTED_PROJECT_CHECKS,8997.0133000000,8665.8323800000,0.2000000000,0.3500000000,0.3000000000,3.0000000000,1.0000000000,104,113,100,110,104,112
2883,neighbor,False,ENVELOPE_BASE_CONTACT,999999999.0000000000,8665.8323800000,0.2500000000,0.3500000000,0.3000000000,2.5000000000,1.0000000000,101,112,102,112,104,112
2884,neighbor,False,ENVELOPE_BASE_CONTACT,999999999.0000000000,8665.8323800000,0.2500000000,0.3500000000,0.3000000000,2.5000000000,1.0000000000,103,113,102,110,102,113
2885,neighbor,False,ENVELOPE_BASE_CONTACT,999999999.0000000000,8665.8323800000,0.2000000000,0.4000000000,0.3000000000,2.5000000000,1.0000000000,102,112,103,113,103,112
2886,neighbor,False,STEM_STRESS_OR_INTERVAL_BOUND,999999999.0000000000,8665.8323800000,0.2500000000,0.2500000000,0.3000000000,3.5000000000,0.8000000000,103,113,103,113,102,111
2887,neighbor,False,MINIMUM_MAIN_STEEL,999999999.0000000000,8665.8323800000,0.2000000000,0.2500000000,0.5000000000,3.0000000000,1.0000000000,101,112,104,110,101,113
2888,neighbor,False,ENVELOPE_BASE_CONTACT,999999999.0000000000,8665.8323800000,0.2000000000,0.3500000000,0.3000000000,2.5000000000,1.0000000000,104,111,104,113,102,110
2889,neighbor,False,MINIMUM_MAIN_STEEL,999999999.0000000000,8665.8323800000,0.2000000000,0.3500000000,0.3000000000,3.0000000000,1.0000000000,104,113,100,112,103,113
2890,neighbor,False,ENVELOPE_BASE_CONTACT,999999999.0000000000,8665.8323800000,0.2000000000,0.3500000000,0.3500000000,2.5000000000,0.9000000000,104,113,103,111,104,110
2891,neighbor,False,MAXIMUM_MAIN_STEEL,999999999.0000000000,8665.8323800000,0.2000000000,0.4000000000,0.3000000000,3.5000000000,1.0000000000,104,112,103,113,104,112
2892,neighbor,False,MINIMUM_MAIN_STEEL,999999999.0000000000,8665.8323800000,0.2000000000,0.3000000000,0.3000000000,2.5000000000,1.0000000000,102,112,100,113,101,111
2893,neighbor,False,MINIMUM_MAIN_STEEL,999999999.0000000000,8665.8323800000,0.2000000000,0.4000000000,0.4000000000,3.5000000000,1.0000000000,104,111,101,110,100,113
2894,neighbor,False,STEM_STRESS_OR_INTERVAL_BOUND,999999999.0000000000,8665.8323800000,0.2250000000,0.2500000000,0.3000000000,3.0000000000,1.0000000000,101,110,100,110,103,113
2895,neighbor,False,MINIMUM_MAIN_STEEL,999999999.0000000000,8665.8323800000,0.2000000000,0.3500000000,0.5500000000,3.5000000000,0.9000000000,102,111,104,111,100,112
2896,neighbor,False,MINIMUM_MAIN_STEEL,999999999.0000000000,8665.8323800000,0.2000000000,0.4500000000,0.3000000000,2.5000000000,1.0000000000,101,110,103,110,100,112
2897,neighbor,False,STEM_STRESS_OR_INTERVAL_BOUND,999999999.0000000000,8665.8323800000,0.2500000000,0.2500000000,0.3500000000,3.5000000000,1.0000000000,102,113,103,111,101,113
2898,neighbor,False,MINIMUM_MAIN_STEEL,999999999.0000000000,8665.8323800000,0.2000000000,0.4000000000,0.5000000000,3.5000000000,1.0000000000,100,112,104,110,101,113
2899,neighbor,True,PASS_IMPLEMENTED_PROJECT_CHECKS,9388.7041260000,8665.8323800000,0.2000000000,0.3500000000,0.3500000000,3.0000000000,1.0000000000,104,113,102,110,102,111
2900,neighbor,False,MINIMUM_MAIN_STEEL,999999999.0000000000,8665.8323800000,0.2250000000,0.3500000000,0.3000000000,3.0000000000,1.0000000000,100,111,101,110,101,111
2901,neighbor,False,STEM_STRESS_OR_INTERVAL_BOUND,999999999.0000000000,8665.8323800000,0.2000000000,0.3500000000,0.4000000000,3.0000000000,0.9000000000,100,110,104,113,103,113
2902,neighbor,False,MINIMUM_MAIN_STEEL,999999999.0000000000,8665.8323800000,0.2000000000,0.4000000000,0.4500000000,3.0000000000,0.9000000000,100,110,104,112,100,112
2903,neighbor,False,MINIMUM_MAIN_STEEL,999999999.0000000000,8665.8323800000,0.2000000000,0.3500000000,0.3000000000,3.0000000000,1.0000000000,104,113,102,111,100,113
2904,neighbor,False,STEM_STRESS_OR_INTERVAL_BOUND,999999999.0000000000,8665.8323800000,0.2000000000,0.2500000000,0.3000000000,3.0000000000,1.0000000000,101,110,100,110,103,113
2905,neighbor,False,MAXIMUM_MAIN_STEEL,999999999.0000000000,8665.8323800000,0.2500000000,0.3500000000,0.4000000000,3.5000000000,0.8000000000,104,110,103,111,102,110
2906,neighbor,True,PASS_IMPLEMENTED_PROJECT_CHECKS,8833.8538200000,8665.8323800000,0.2000000000,0.3500000000,0.3000000000,3.0000000000,1.0000000000,104,113,102,111,103,113
2907,neighbor,False,ENVELOPE_BASE_CONTACT,999999999.0000000000,8665.8323800000,0.2000000000,0.4000000000,0.3000000000,2.5000000000,1.0000000000,102,111,103,112,103,110
2908,neighbor,False,STEM_STRESS_OR_INTERVAL_BOUND,999999999.0000000000,8665.8323800000,0.2000000000,0.4500000000,0.3500000000,3.0000000000,1.0000000000,101,111,103,111,103,113
2909,neighbor,False,MEMBER_FLEXURE,999999999.0000000000,8665.8323800000,0.2250000000,0.4000000000,0.3000000000,3.5000000000,1.0000000000,104,113,101,113,103,112
2910,neighbor,False,ENVELOPE_BASE_CONTACT,999999999.0000000000,8665.8323800000,0.2250000000,0.4500000000,0.4000000000,2.5000000000,1.0000000000,104,111,104,110,104,110
2911,neighbor,False,ENVELOPE_BASE_CONTACT,999999999.0000000000,8665.8323800000,0.2000000000,0.3500000000,0.4000000000,2.5000000000,0.9000000000,104,113,103,112,101,113
2912,neighbor,False,MAXIMUM_MAIN_STEEL,999999999.0000000000,8665.8323800000,0.2000000000,0.3500000000,0.3000000000,3.0000000000,1.0000000000,104,112,100,110,103,113
2913,neighbor,False,MAXIMUM_MAIN_STEEL,999999999.0000000000,8665.8323800000,0.2000000000,0.3500000000,0.3000000000,3.0000000000,1.0000000000,104,110,100,110,103,113
2914,neighbor,False,MINIMUM_MAIN_STEEL,999999999.0000000000,8665.8323800000,0.2000000000,0.4000000000,0.3000000000,2.5000000000,1.0000000000,100,110,100,113,101,113
2915,neighbor,False,STEM_STRESS_OR_INTERVAL_BOUND,999999999.0000000000,8665.8323800000,0.2000000000,0.3000000000,0.3000000000,3.0000000000,1.0000000000,104,113,103,111,103,113
2916,neighbor,False,MINIMUM_MAIN_STEEL,999999999.0000000000,8665.8323800000,0.2250000000,0.4500000000,0.3000000000,3.0000000000,0.9000000000,100,111,103,113,100,113
2917,neighbor,False,ENVELOPE_BASE_CONTACT,999999999.0000000000,8665.8323800000,0.2000000000,0.3500000000,0.3500000000,2.5000000000,1.0000000000,104,113,104,113,104,110
2918,neighbor,False,STEM_STRESS_OR_INTERVAL_BOUND,999999999.0000000000,8665.8323800000,0.2000000000,0.3500000000,0.3000000000,3.0000000000,1.0000000000,102,112,100,110,103,113
2919,neighbor,False,STEM_STRESS_OR_INTERVAL_BOUND,999999999.0000000000,8665.8323800000,0.2000000000,0.3500000000,0.3000000000,3.0000000000,1.0000000000,102,113,100,110,103,113
2920,neighbor,False,ENVELOPE_BASE_CONTACT,999999999.0000000000,8665.8323800000,0.2500000000,0.4500000000,0.3000000000,2.5000000000,1.0000000000,104,111,101,110,101,112
2921,neighbor,True,PASS_IMPLEMENTED_PROJECT_CHECKS,8658.2988100000,8658.2988100000,0.2000000000,0.3500000000,0.3000000000,3.0000000000,1.0000000000,103,112,100,110,103,113
2922,neighbor,False,MINIMUM_MAIN_STEEL,999999999.0000000000,8658.2988100000,0.2000000000,0.3500000000,0.5000000000,3.5000000000,1.0000000000,104,113,100,113,102,113
2923,neighbor,False,ENVELOPE_BASE_CONTACT,999999999.0000000000,8658.2988100000,0.2000000000,0.3500000000,0.4500000000,2.5000000000,1.0000000000,104,112,101,110,104,111
2924,neighbor,False,MINIMUM_MAIN_STEEL,999999999.0000000000,8658.2988100000,0.2500000000,0.4500000000,0.5000000000,3.0000000000,0.9000000000,100,112,100,112,103,112
2925,neighbor,False,STEM_STRESS_OR_INTERVAL_BOUND,999999999.0000000000,8658.2988100000,0.2500000000,0.3500000000,0.3000000000,3.0000000000,1.0000000000,103,113,103,112,104,110
2926,neighbor,False,MINIMUM_MAIN_STEEL,999999999.0000000000,8658.2988100000,0.2000000000,0.4000000000,0.3000000000,3.5000000000,1.0000000000,102,110,103,112,100,112
2927,neighbor,False,MINIMUM_MAIN_STEEL,999999999.0000000000,8658.2988100000,0.2500000000,0.4000000000,0.3000000000,3.5000000000,1.0000000000,103,111,101,111,100,113
2928,neighbor,True,PASS_IMPLEMENTED_PROJECT_CHECKS,8697.1698100000,8658.2988100000,0.2000000000,0.3500000000,0.3000000000,3.0000000000,1.0000000000,103,112,100,110,102,111
2929,neighbor,True,PASS_IMPLEMENTED_PROJECT_CHECKS,11040.6781070000,8658.2988100000,0.2250000000,0.4000000000,0.5500000000,3.0000000000,1.0000000000,103,112,101,110,104,113
2930,neighbor,False,MEMBER_FLEXURE,999999999.0000000000,8658.2988100000,0.2250000000,0.3500000000,0.3000000000,3.5000000000,1.0000000000,104,112,101,110,101,111
2931,neighbor,False,MINIMUM_MAIN_STEEL,999999999.0000000000,8658.2988100000,0.2000000000,0.3000000000,0.5500000000,3.5000000000,1.0000000000,103,112,104,112,101,113
2932,neighbor,False,MINIMUM_MAIN_STEEL,999999999.0000000000,8658.2988100000,0.2000000000,0.3500000000,0.3000000000,3.0000000000,1.0000000000,100,112,100,110,103,113
2933,neighbor,False,ENVELOPE_BASE_CONTACT,999999999.0000000000,8658.2988100000,0.2000000000,0.3500000000,0.3000000000,2.5000000000,0.9000000000,103,113,103,110,104,110
2934,neighbor,False,ENVELOPE_BASE_CONTACT,999999999.0000000000,8658.2988100000,0.2500000000,0.2500000000,0.3000000000,2.5000000000,1.0000000000,101,111,103,113,101,113
2935,neighbor,False,MINIMUM_MAIN_STEEL,999999999.0000000000,8658.2988100000,0.2500000000,0.4000000000,0.3500000000,3.5000000000,0.9000000000,101,113,104,110,103,113
2936,neighbor,False,ENVELOPE_BASE_CONTACT,999999999.0000000000,8658.2988100000,0.2250000000,0.3500000000,0.3000000000,2.5000000000,0.9000000000,102,113,102,113,104,111
2937,neighbor,False,MINIMUM_MAIN_STEEL,999999999.0000000000,8658.2988100000,0.2250000000,0.4500000000,0.3000000000,3.0000000000,1.0000000000,101,113,100,110,103,113
2938,neighbor,False,MAXIMUM_MAIN_STEEL,999999999.0000000000,8658.2988100000,0.2000000000,0.4500000000,0.5000000000,3.0000000000,1.0000000000,103,110,101,110,100,110
2939,neighbor,False,STEM_STRESS_OR_INTERVAL_BOUND,999999999.0000000000,8658.2988100000,0.2500000000,0.3500000000,0.3000000000,3.5000000000,1.0000000000,101,112,101,111,103,110
2940,neighbor,False,MINIMUM_MAIN_STEEL,999999999.0000000000,8658.2988100000,0.2500000000,0.3000000000,0.4500000000,3.0000000000,1.0000000000,101,113,100,113,101,110
2941,neighbor,False,MINIMUM_MAIN_STEEL,999999999.0000000000,8658.2988100000,0.2000000000,0.3500000000,0.3000000000,3.0000000000,1.0000000000,103,112,100,112,103,113
2942,neighbor,False,MINIMUM_MAIN_STEEL,999999999.0000000000,8658.2988100000,0.2000000000,0.4000000000,0.4000000000,3.5000000000,1.0000000000,101,110,100,113,102,112
2943,neighbor,True,PASS_IMPLEMENTED_PROJECT_CHECKS,9031.7812500000,8658.2988100000,0.2000000000,0.3500000000,0.3000000000,3.0000000000,1.0000000000,103,112,103,111,103,113
2944,neighbor,False,MINIMUM_MAIN_STEEL,999999999.0000000000,8658.2988100000,0.2000000000,0.3500000000,0.3000000000,3.0000000000,1.0000000000,103,112,100,110,100,113
2945,neighbor,False,STEM_STRESS_OR_INTERVAL_BOUND,999999999.0000000000,8658.2988100000,0.2000000000,0.2500000000,0.3000000000,3.5000000000,1.0000000000,104,113,102,112,102,110
2946,neighbor,True,PASS_IMPLEMENTED_PROJECT_CHECKS,8672.2923700000,8658.2988100000,0.2000000000,0.3500000000,0.3000000000,3.0000000000,1.0000000000,103,112,100,110,101,110
2947,neighbor,False,STEM_STRESS_OR_INTERVAL_BOUND,999999999.0000000000,8658.2988100000,0.2000000000,0.4000000000,0.3000000000,3.5000000000,0.8000000000,102,112,104,111,100,110
2948,neighbor,False,STEM_STRESS_OR_INTERVAL_BOUND,999999999.0000000000,8658.2988100000,0.2000000000,0.2500000000,0.5500000000,3.5000000000,0.9000000000,101,113,104,113,103,113
2949,neighbor,False,MINIMUM_MAIN_STEEL,999999999.0000000000,8658.2988100000,0.2250000000,0.3000000000,0.4500000000,2.5000000000,1.0000000000,100,112,104,110,101,110
2950,neighbor,False,ENVELOPE_BASE_CONTACT,999999999.0000000000,8658.2988100000,0.2000000000,0.2500000000,0.3500000000,2.5000000000,1.0000000000,102,111,103,113,101,110
2951,neighbor,True,PASS_IMPLEMENTED_PROJECT_CHECKS,8694.8252100000,8658.2988100000,0.2000000000,0.3500000000,0.3000000000,3.0000000000,1.0000000000,103,112,101,111,103,113
2952,neighbor,False,MAXIMUM_MAIN_STEEL,999999999.0000000000,8658.2988100000,0.2500000000,0.4000000000,0.3000000000,3.0000000000,1.0000000000,103,110,100,110,103,113
2953,neighbor,False,MAXIMUM_MAIN_STEEL,999999999.0000000000,8658.2988100000,0.2000000000,0.3000000000,0.3000000000,3.0000000000,1.0000000000,103,110,100,110,103,113
2954,neighbor,False,MINIMUM_MAIN_STEEL,999999999.0000000000,8658.2988100000,0.2000000000,0.3500000000,0.5500000000,3.5000000000,1.0000000000,102,110,103,112,100,111
2955,neighbor,False,MINIMUM_MAIN_STEEL,999999999.0000000000,8658.2988100000,0.2000000000,0.4000000000,0.3000000000,2.5000000000,1.0000000000,101,113,102,111,101,110
2956,neighbor,True,PASS_IMPLEMENTED_PROJECT_CHECKS,8811.7096900000,8658.2988100000,0.2000000000,0.3500000000,0.3000000000,3.0000000000,1.0000000000,103,112,101,110,103,113
2957,neighbor,True,PASS_IMPLEMENTED_PROJECT_CHECKS,9047.0088100000,8658.2988100000,0.2000000000,0.3500000000,0.3000000000,3.0000000000,1.0000000000,103,112,100,110,103,111
2958,neighbor,False,MINIMUM_MAIN_STEEL,999999999.0000000000,8658.2988100000,0.2000000000,0.3500000000,0.3000000000,3.0000000000,1.0000000000,103,112,100,110,100,112
2959,neighbor,True,PASS_IMPLEMENTED_PROJECT_CHECKS,8811.7096900000,8658.2988100000,0.2000000000,0.3500000000,0.3000000000,3.0000000000,1.0000000000,103,112,101,110,103,113
2960,neighbor,False,MINIMUM_MAIN_STEEL,999999999.0000000000,8658.2988100000,0.2000000000,0.4000000000,0.5500000000,2.5000000000,0.9000000000,101,111,100,113,101,110
2961,neighbor,False,MINIMUM_MAIN_STEEL,999999999.0000000000,8658.2988100000,0.2500000000,0.3000000000,0.3000000000,3.0000000000,1.0000000000,100,113,103,110,104,111
2962,neighbor,False,MINIMUM_MAIN_STEEL,999999999.0000000000,8658.2988100000,0.2000000000,0.3500000000,0.3000000000,3.0000000000,1.0000000000,101,113,100,110,103,113
2963,neighbor,True,PASS_IMPLEMENTED_PROJECT_CHECKS,8735.0042500000,8658.2988100000,0.2000000000,0.3500000000,0.3000000000,3.0000000000,1.0000000000,103,112,102,112,103,113
2964,neighbor,True,PASS_IMPLEMENTED_PROJECT_CHECKS,8989.4797300000,8658.2988100000,0.2000000000,0.3500000000,0.3000000000,3.0000000000,1.0000000000,103,112,100,110,104,112
2965,neighbor,False,MINIMUM_MAIN_STEEL,999999999.0000000000,8658.2988100000,0.2000000000,0.3500000000,0.3000000000,3.0000000000,1.0000000000,101,113,100,110,103,113
2966,neighbor,True,PASS_IMPLEMENTED_PROJECT_CHECKS,10081.1921300000,8658.2988100000,0.2250000000,0.4500000000,0.3000000000,3.0000000000,1.0000000000,104,113,103,111,104,112
2967,neighbor,False,ENVELOPE_BASE_CONTACT,999999999.0000000000,8658.2988100000,0.2000000000,0.4000000000,0.3500000000,2.5000000000,0.8000000000,103,113,101,110,103,113
2968,neighbor,False,STEM_STRESS_OR_INTERVAL_BOUND,999999999.0000000000,8658.2988100000,0.2500000000,0.3000000000,0.3000000000,3.0000000000,1.0000000000,101,111,102,113,101,112
2969,neighbor,False,STEM_STRESS_OR_INTERVAL_BOUND,999999999.0000000000,8658.2988100000,0.2000000000,0.3500000000,0.3000000000,3.0000000000,1.0000000000,102,113,100,110,103,113
2970,neighbor,False,MINIMUM_MAIN_STEEL,999999999.0000000000,8658.2988100000,0.2000000000,0.2500000000,0.4000000000,3.0000000000,1.0000000000,101,110,100,110,100,111
2971,neighbor,True,PASS_IMPLEMENTED_PROJECT_CHECKS,9031.7812500000,8658.2988100000,0.2000000000,0.3500000000,0.3000000000,3.0000000000,1.0000000000,103,112,103,111,103,113
2972,neighbor,True,PASS_IMPLEMENTED_PROJECT_CHECKS,11032.7452520000,8658.2988100000,0.2000000000,0.4500000000,0.4000000000,3.5000000000,1.0000000000,104,113,103,110,101,111
2973,neighbor,False,ENVELOPE_BASE_CONTACT,999999999.0000000000,8658.2988100000,0.2250000000,0.2500000000,0.3500000000,2.5000000000,1.0000000000,102,111,104,110,103,112
2974,neighbor,False,MAXIMUM_MAIN_STEEL,999999999.0000000000,8658.2988100000,0.2500000000,0.4000000000,0.3000000000,3.0000000000,1.0000000000,103,110,101,111,101,111
2975,neighbor,False,MINIMUM_MAIN_STEEL,999999999.0000000000,8658.2988100000,0.2000000000,0.2500000000,0.3000000000,2.5000000000,1.0000000000,101,112,104,112,100,112
2976,neighbor,False,ENVELOPE_BASE_CONTACT,999999999.0000000000,8658.2988100000,0.2250000000,0.4000000000,0.3500000000,2.5000000000,0.8000000000,103,112,101,112,100,111
2977,neighbor,False,STEM_STRESS_OR_INTERVAL_BOUND,999999999.0000000000,8658.2988100000,0.2000000000,0.3500000000,0.3000000000,3.0000000000,1.0000000000,101,111,100,110,103,113
2978,neighbor,False,MINIMUM_MAIN_STEEL,999999999.0000000000,8658.2988100000,0.2500000000,0.3500000000,0.3000000000,2.5000000000,1.0000000000,101,113,102,113,100,110
2979,neighbor,False,MEMBER_FLEXURE,999999999.0000000000,8658.2988100000,0.2000000000,0.3500000000,0.3000000000,3.0000000000,1.0000000000,103,112,101,113,103,113
2980,neighbor,False,MINIMUM_MAIN_STEEL,999999999.0000000000,8658.2988100000,0.2500000000,0.4500000000,0.5500000000,2.5000000000,1.0000000000,103,112,104,111,101,112
2981,neighbor,True,PASS_IMPLEMENTED_PROJECT_CHECKS,8826.3202500000,8658.2988100000,0.2000000000,0.3500000000,0.3000000000,3.0000000000,1.0000000000,103,112,102,111,103,113
2982,neighbor,False,STEM_STRESS_OR_INTERVAL_BOUND,999999999.0000000000,8658.2988100000,0.2500000000,0.2500000000,0.4500000000,3.0000000000,1.0000000000,104,113,101,110,102,112
2983,neighbor,True,PASS_IMPLEMENTED_PROJECT_CHECKS,12518.3930350000,8658.2988100000,0.2250000000,0.4500000000,0.5500000000,3.0000000000,1.0000000000,102,110,104,112,104,111
2984,neighbor,False,MEMBER_FLEXURE,999999999.0000000000,8658.2988100000,0.2000000000,0.3500000000,0.3000000000,3.0000000000,1.0000000000,103,112,100,110,102,112
2985,neighbor,False,MINIMUM_MAIN_STEEL,999999999.0000000000,8658.2988100000,0.2000000000,0.4500000000,0.5000000000,2.5000000000,1.0000000000,103,113,100,113,103,113
2986,neighbor,True,PASS_IMPLEMENTED_PROJECT_CHECKS,9700.2963100000,8658.2988100000,0.2250000000,0.4000000000,0.3000000000,3.0000000000,1.0000000000,102,110,100,110,103,113
2987,neighbor,False,MINIMUM_MAIN_STEEL,999999999.0000000000,8658.2988100000,0.2500000000,0.2500000000,0.3000000000,3.5000000000,0.9000000000,104,110,102,110,100,113
2988,neighbor,False,MAXIMUM_MAIN_STEEL,999999999.0000000000,8658.2988100000,0.2000000000,0.3500000000,0.3000000000,3.0000000000,1.0000000000,103,110,100,110,103,113
2989,neighbor,False,STEM_STRESS_OR_INTERVAL_BOUND,999999999.0000000000,8658.2988100000,0.2500000000,0.4000000000,0.3000000000,3.0000000000,1.0000000000,103,113,104,111,100,111
2990,neighbor,False,STEM_STRESS_OR_INTERVAL_BOUND,999999999.0000000000,8658.2988100000,0.2250000000,0.2500000000,0.4500000000,3.5000000000,0.9000000000,103,112,101,110,104,112
2991,neighbor,False,MINIMUM_MAIN_STEEL,999999999.0000000000,8658.2988100000,0.2000000000,0.4000000000,0.4500000000,3.0000000000,1.0000000000,101,112,102,111,102,113
2992,neighbor,False,MINIMUM_MAIN_STEEL,999999999.0000000000,8658.2988100000,0.2000000000,0.3500000000,0.5500000000,3.5000000000,0.9000000000,103,111,102,112,101,113
2993,neighbor,False,MINIMUM_MAIN_STEEL,999999999.0000000000,8658.2988100000,0.2000000000,0.4000000000,0.3000000000,3.0000000000,1.0000000000,100,113,100,113,102,111
2994,neighbor,True,PASS_IMPLEMENTED_PROJECT_CHECKS,10331.4235600000,8658.2988100000,0.2000000000,0.3500000000,0.4500000000,3.0000000000,1.0000000000,103,112,103,110,101,110
2995,neighbor,False,ENVELOPE_BASE_CONTACT,999999999.0000000000,8658.2988100000,0.2500000000,0.3000000000,0.5000000000,2.5000000000,0.9000000000,102,113,101,110,102,113
2996,neighbor,False,STEM_STRESS_OR_INTERVAL_BOUND,999999999.0000000000,8658.2988100000,0.2500000000,0.2500000000,0.3000000000,3.0000000000,1.0000000000,102,111,100,110,103,113
2997,neighbor,False,STEM_STRESS_OR_INTERVAL_BOUND,999999999.0000000000,8658.2988100000,0.2000000000,0.3500000000,0.3000000000,3.0000000000,1.0000000000,101,112,101,111,103,113
2998,neighbor,False,MAXIMUM_MAIN_STEEL,999999999.0000000000,8658.2988100000,0.2000000000,0.3500000000,0.3000000000,3.5000000000,1.0000000000,103,112,100,110,104,110
2999,neighbor,False,ENVELOPE_BASE_CONTACT,999999999.0000000000,8658.2988100000,0.2000000000,0.2500000000,0.3000000000,2.5000000000,0.8000000000,101,110,103,111,102,111
3000,neighbor,False,MINIMUM_MAIN_STEEL,999999999.0000000000,8658.2988100000,0.2000000000,0.3500000000,0.3000000000,3.0000000000,1.0000000000,100,112,100,110,103,113
3001,neighbor,False,MAXIMUM_MAIN_STEEL,999999999.0000000000,8658.2988100000,0.2000000000,0.3500000000,0.3000000000,3.0000000000,1.0000000000,104,110,100,110,103,113
3002,neighbor,True,PASS_IMPLEMENTED_PROJECT_CHECKS,8890.6067140000,8658.2988100000,0.2000000000,0.3500000000,0.3000000000,3.0000000000,1.0000000000,103,112,104,113,103,113
3003,neighbor,False,MINIMUM_MAIN_STEEL,999999999.0000000000,8658.2988100000,0.2000000000,0.4500000000,0.3000000000,3.0000000000,1.0000000000,100,112,103,113,104,113
3004,neighbor,False,MAXIMUM_MAIN_STEEL,999999999.0000000000,8658.2988100000,0.2500000000,0.4000000000,0.3000000000,3.0000000000,0.8000000000,104,112,104,110,104,110
3005,neighbor,False,ENVELOPE_BASE_CONTACT,999999999.0000000000,8658.2988100000,0.2000000000,0.4000000000,0.3000000000,2.5000000000,0.8000000000,102,110,104,111,103,112
3006,neighbor,True,PASS_IMPLEMENTED_PROJECT_CHECKS,9294.2283700000,8658.2988100000,0.2000000000,0.3500000000,0.3000000000,3.0000000000,1.0000000000,103,112,100,110,104,111
3007,neighbor,False,MAXIMUM_MAIN_STEEL,999999999.0000000000,8658.2988100000,0.2000000000,0.4500000000,0.4500000000,3.0000000000,1.0000000000,104,111,103,111,102,111
3008,neighbor,False,ENVELOPE_BASE_CONTACT,999999999.0000000000,8658.2988100000,0.2000000000,0.3500000000,0.3000000000,2.5000000000,1.0000000000,103,112,102,113,103,110
3009,neighbor,False,MINIMUM_MAIN_STEEL,999999999.0000000000,8658.2988100000,0.2000000000,0.3000000000,0.3000000000,3.0000000000,1.0000000000,101,111,103,111,100,112
3010,neighbor,False,STEM_STRESS_OR_INTERVAL_BOUND,999999999.0000000000,8658.2988100000,0.2250000000,0.2500000000,0.3000000000,3.0000000000,1.0000000000,104,112,104,112,102,111
3011,neighbor,False,MAXIMUM_MAIN_STEEL,999999999.0000000000,8658.2988100000,0.2000000000,0.4500000000,0.3000000000,3.0000000000,0.8000000000,103,110,104,112,103,111
3012,neighbor,True,PASS_IMPLEMENTED_PROJECT_CHECKS,8803.4912500000,8658.2988100000,0.2000000000,0.3500000000,0.3000000000,3.0000000000,1.0000000000,103,112,103,113,103,113
3013,neighbor,True,PASS_IMPLEMENTED_PROJECT_CHECKS,9782.0234260000,8658.2988100000,0.2000000000,0.3500000000,0.3000000000,3.5000000000,1.0000000000,103,112,102,110,104,113
3014,neighbor,True,PASS_IMPLEMENTED_PROJECT_CHECKS,8997.9943300000,8658.2988100000,0.2000000000,0.3500000000,0.3000000000,3.0000000000,1.0000000000,103,112,104,112,103,113
3015,neighbor,False,STEM_STRESS_OR_INTERVAL_BOUND,999999999.0000000000,8658.2988100000,0.2000000000,0.4500000000,0.3000000000,3.0000000000,1.0000000000,101,111,100,110,103,113
3016,neighbor,False,MAXIMUM_MAIN_STEEL,999999999.0000000000,8658.2988100000,0.2000000000,0.4000000000,0.3000000000,3.0000000000,1.0000000000,102,110,100,110,103,113
3017,neighbor,False,MAXIMUM_MAIN_STEEL,999999999.0000000000,8658.2988100000,0.2000000000,0.4500000000,0.3000000000,3.0000000000,1.0000000000,103,110,102,111,104,111
3018,neighbor,False,ENVELOPE_BASE_CONTACT,999999999.0000000000,8658.2988100000,0.2000000000,0.3500000000,0.3500000000,2.5000000000,1.0000000000,103,112,103,112,104,111
3019,neighbor,False,MEMBER_FLEXURE,999999999.0000000000,8658.2988100000,0.2000000000,0.3500000000,0.3000000000,3.0000000000,1.0000000000,103,112,100,110,100,111
3020,neighbor,False,MINIMUM_MAIN_STEEL,999999999.0000000000,8658.2988100000,0.2250000000,0.4000000000,0.5500000000,2.5000000000,1.0000000000,103,113,100,113,102,110
3021,neighbor,False,MAXIMUM_MAIN_STEEL,999999999.0000000000,8658.2988100000,0.2000000000,0.4500000000,0.3000000000,3.5000000000,0.8000000000,103,110,102,111,100,110
3022,neighbor,True,PASS_IMPLEMENTED_PROJECT_CHECKS,9989.2838100000,8658.2988100000,0.2250000000,0.4500000000,0.3000000000,3.0000000000,1.0000000000,102,110,100,110,103,113
3023,neighbor,False,MAXIMUM_MAIN_STEEL,999999999.0000000000,8658.2988100000,0.2000000000,0.3500000000,0.3000000000,3.0000000000,1.0000000000,103,110,100,110,103,113
3024,neighbor,False,ENVELOPE_BASE_CONTACT,999999999.0000000000,8658.2988100000,0.2000000000,0.3000000000,0.3000000000,2.5000000000,1.0000000000,101,112,104,113,103,113
3025,neighbor,False,MINIMUM_MAIN_STEEL,999999999.0000000000,8658.2988100000,0.2000000000,0.4500000000,0.3500000000,3.5000000000,0.9000000000,102,112,100,113,102,110
3026,neighbor,False,MEMBER_FLEXURE,999999999.0000000000,8658.2988100000,0.2000000000,0.3500000000,0.3000000000,3.5000000000,1.0000000000,103,112,103,111,101,111
3027,neighbor,False,MEMBER_FLEXURE,999999999.0000000000,8658.2988100000,0.2000000000,0.3500000000,0.3000000000,3.5000000000,1.0000000000,103,112,101,113,104,112
3028,neighbor,True,PASS_IMPLEMENTED_PROJECT_CHECKS,10366.2804700000,8658.2988100000,0.2000000000,0.3500000000,0.3000000000,3.5000000000,1.0000000000,103,112,101,112,103,110
3029,neighbor,True,PASS_IMPLEMENTED_PROJECT_CHECKS,9176.9736900000,8658.2988100000,0.2000000000,0.3500000000,0.3000000000,3.0000000000,1.0000000000,103,112,104,111,103,113
3030,neighbor,False,MAXIMUM_MAIN_STEEL,999999999.0000000000,8658.2988100000,0.2000000000,0.3000000000,0.3000000000,3.5000000000,0.9000000000,104,111,103,113,102,112
3031,neighbor,False,MINIMUM_MAIN_STEEL,999999999.0000000000,8658.2988100000,0.2000000000,0.2500000000,0.3000000000,3.5000000000,1.0000000000,103,113,100,112,103,113
3032,neighbor,False,STEM_STRESS_OR_INTERVAL_BOUND,999999999.0000000000,8658.2988100000,0.2000000000,0.3000000000,0.3500000000,3.0000000000,0.8000000000,102,112,101,110,101,113
3033,neighbor,False,MAXIMUM_MAIN_STEEL,999999999.0000000000,8658.2988100000,0.2250000000,0.4500000000,0.3000000000,3.0000000000,1.0000000000,104,112,104,110,104,112
3034,neighbor,False,STEM_STRESS_OR_INTERVAL_BOUND,999999999.0000000000,8658.2988100000,0.2000000000,0.4000000000,0.4000000000,3.5000000000,0.9000000000,102,113,103,112,103,111
3035,neighbor,False,MAXIMUM_MAIN_STEEL,999999999.0000000000,8658.2988100000,0.2000000000,0.3000000000,0.3000000000,3.0000000000,1.0000000000,104,111,102,111,104,112
3036,neighbor,False,MINIMUM_MAIN_STEEL,999999999.0000000000,8658.2988100000,0.2000000000,0.3500000000,0.4000000000,3.5000000000,1.0000000000,102,112,101,110,100,111
3037,neighbor,True,PASS_IMPLEMENTED_PROJECT_CHECKS,8665.8323800000,8658.2988100000,0.2000000000,0.3500000000,0.3000000000,3.0000000000,1.0000000000,104,113,100,110,103,113
3038,neighbor,True,PASS_IMPLEMENTED_PROJECT_CHECKS,9031.7812500000,8658.2988100000,0.2000000000,0.3500000000,0.3000000000,3.0000000000,1.0000000000,103,112,103,111,103,113
3039,neighbor,False,ENVELOPE_BASE_CONTACT,999999999.0000000000,8658.2988100000,0.2000000000,0.4000000000,0.3000000000,2.5000000000,0.9000000000,102,110,104,113,101,113
3040,neighbor,False,STEM_STRESS_OR_INTERVAL_BOUND,999999999.0000000000,8658.2988100000,0.2250000000,0.4000000000,0.5500000000,3.5000000000,1.0000000000,102,112,103,113,102,113
3041,neighbor,False,MEMBER_FLEXURE,999999999.0000000000,8658.2988100000,0.2000000000,0.4500000000,0.3000000000,3.5000000000,0.9000000000,102,111,102,111,100,111
3042,neighbor,True,PASS_IMPLEMENTED_PROJECT_CHECKS,8697.1698100000,8658.2988100000,0.2000000000,0.3500000000,0.3000000000,3.0000000000,1.0000000000,103,112,100,110,102,111
3043,neighbor,False,ENVELOPE_BASE_CONTACT,999999999.0000000000,8658.2988100000,0.2250000000,0.4000000000,0.4500000000,2.5000000000,1.0000000000,102,113,104,113,104,113
3044,neighbor,True,PASS_IMPLEMENTED_PROJECT_CHECKS,9047.0088100000,8658.2988100000,0.2000000000,0.3500000000,0.3000000000,3.0000000000,1.0000000000,103,112,100,110,103,111
3045,neighbor,False,MAXIMUM_MAIN_STEEL,999999999.0000000000,8658.2988100000,0.2250000000,0.3500000000,0.3000000000,3.0000000000,1.0000000000,104,111,100,110,103,113
3046,neighbor,False,MINIMUM_MAIN_STEEL,999999999.0000000000,8658.2988100000,0.2000000000,0.3500000000,0.3000000000,2.5000000000,0.9000000000,100,112,104,111,100,113
3047,neighbor,False,MINIMUM_MAIN_STEEL,999999999.0000000000,8658.2988100000,0.2000000000,0.3000000000,0.4000000000,3.5000000000,1.0000000000,102,113,100,112,100,113
3048,neighbor,True,PASS_IMPLEMENTED_PROJECT_CHECKS,9576.7772500000,8658.2988100000,0.2000000000,0.4500000000,0.3500000000,3.0000000000,0.8000000000,102,111,103,111,103,113
3049,neighbor,False,MINIMUM_MAIN_STEEL,999999999.0000000000,8658.2988100000,0.2500000000,0.3000000000,0.3000000000,3.0000000000,1.0000000000,102,111,100,112,104,112
3050,neighbor,False,ENVELOPE_BASE_CONTACT,999999999.0000000000,8658.2988100000,0.2000000000,0.4500000000,0.3000000000,2.5000000000,1.0000000000,101,111,101,110,100,110
3051,neighbor,True,PASS_IMPLEMENTED_PROJECT_CHECKS,10467.7531000000,8658.2988100000,0.2000000000,0.3500000000,0.4500000000,3.5000000000,0.9000000000,103,112,102,113,103,113
3052,neighbor,True,PASS_IMPLEMENTED_PROJECT_CHECKS,8680.2146500000,8658.2988100000,0.2000000000,0.3500000000,0.3000000000,3.0000000000,1.0000000000,103,112,102,113,103,113
3053,neighbor,False,MINIMUM_MAIN_STEEL,999999999.0000000000,8658.2988100000,0.2000000000,0.3000000000,0.3000000000,3.0000000000,1.0000000000,101,112,101,113,100,112
3054,neighbor,False,MINIMUM_MAIN_STEEL,999999999.0000000000,8658.2988100000,0.2000000000,0.4000000000,0.5000000000,3.0000000000,1.0000000000,101,113,100,110,102,112
3055,neighbor,False,MINIMUM_MAIN_STEEL,999999999.0000000000,8658.2988100000,0.2000000000,0.4000000000,0.3000000000,3.0000000000,0.8000000000,100,112,102,113,101,110
3056,neighbor,False,MEMBER_FLEXURE,999999999.0000000000,8658.2988100000,0.2000000000,0.3500000000,0.3000000000,3.0000000000,1.0000000000,103,112,100,110,102,113
3057,neighbor,True,PASS_IMPLEMENTED_PROJECT_CHECKS,9156.8197600000,8658.2988100000,0.2500000000,0.4500000000,0.3000000000,3.0000000000,1.0000000000,101,110,100,110,103,113
3058,neighbor,True,PASS_IMPLEMENTED_PROJECT_CHECKS,8812.1983540000,8658.2988100000,0.2000000000,0.3500000000,0.3000000000,3.0000000000,0.8000000000,103,112,101,113,104,113
3059,neighbor,True,PASS_IMPLEMENTED_PROJECT_CHECKS,8680.2146500000,8658.2988100000,0.2000000000,0.3500000000,0.3000000000,3.0000000000,1.0000000000,103,112,102,113,103,113
3060,neighbor,False,MAXIMUM_MAIN_STEEL,999999999.0000000000,8658.2988100000,0.2000000000,0.4500000000,0.4500000000,3.5000000000,1.0000000000,103,110,104,112,103,112
3061,neighbor,False,ENVELOPE_BASE_CONTACT,999999999.0000000000,8658.2988100000,0.2000000000,0.3500000000,0.3000000000,2.5000000000,1.0000000000,103,112,101,113,102,110
3062,neighbor,True,PASS_IMPLEMENTED_PROJECT_CHECKS,10103.4288100000,8658.2988100000,0.2250000000,0.4500000000,0.3000000000,3.0000000000,1.0000000000,103,111,100,110,103,113
3063,neighbor,True,PASS_IMPLEMENTED_PROJECT_CHECKS,8811.7096900000,8658.2988100000,0.2000000000,0.3500000000,0.3000000000,3.0000000000,1.0000000000,103,112,101,110,103,113
3064,neighbor,True,PASS_IMPLEMENTED_PROJECT_CHECKS,8694.8252100000,8658.2988100000,0.2000000000,0.3500000000,0.3000000000,3.0000000000,1.0000000000,103,112,101,111,103,113
3065,neighbor,False,MINIMUM_MAIN_STEEL,999999999.0000000000,8658.2988100000,0.2500000000,0.4000000000,0.3000000000,2.5000000000,1.0000000000,100,110,102,113,101,111
3066,neighbor,False,STEM_STRESS_OR_INTERVAL_BOUND,999999999.0000000000,8658.2988100000,0.2000000000,0.3500000000,0.3000000000,3.0000000000,1.0000000000,102,113,100,110,103,113
3067,neighbor,False,ENVELOPE_BASE_CONTACT,999999999.0000000000,8658.2988100000,0.2000000000,0.2500000000,0.5000000000,2.5000000000,0.9000000000,104,110,104,113,101,111
3068,neighbor,True,PASS_IMPLEMENTED_PROJECT_CHECKS,9760.9665950000,8658.2988100000,0.2250000000,0.4000000000,0.4500000000,3.0000000000,1.0000000000,102,111,101,112,103,113
3069,neighbor,False,ENVELOPE_BASE_CONTACT,999999999.0000000000,8658.2988100000,0.2000000000,0.4500000000,0.3000000000,2.5000000000,0.9000000000,101,111,104,111,104,111
3070,neighbor,False,MINIMUM_MAIN_STEEL,999999999.0000000000,8658.2988100000,0.2000000000,0.4500000000,0.3500000000,2.5000000000,1.0000000000,103,112,100,113,104,113
3071,neighbor,False,STEM_STRESS_OR_INTERVAL_BOUND,999999999.0000000000,8658.2988100000,0.2000000000,0.3500000000,0.3000000000,3.0000000000,1.0000000000,101,112,100,110,103,113
3072,neighbor,False,STEM_STRESS_OR_INTERVAL_BOUND,999999999.0000000000,8658.2988100000,0.2000000000,0.2500000000,0.3000000000,3.0000000000,1.0000000000,101,112,101,110,102,113
3073,neighbor,True,PASS_IMPLEMENTED_PROJECT_CHECKS,10649.5027900000,8658.2988100000,0.2000000000,0.3500000000,0.4500000000,3.5000000000,0.9000000000,103,112,100,110,103,112
3074,neighbor,False,MAXIMUM_MAIN_STEEL,999999999.0000000000,8658.2988100000,0.2000000000,0.3500000000,0.3000000000,3.0000000000,1.0000000000,104,112,100,110,103,113
3075,neighbor,False,STEM_STRESS_OR_INTERVAL_BOUND,999999999.0000000000,8658.2988100000,0.2000000000,0.3000000000,0.5000000000,3.0000000000,1.0000000000,100,110,104,111,104,113
3076,neighbor,False,ENVELOPE_BASE_CONTACT,999999999.0000000000,8658.2988100000,0.2000000000,0.3500000000,0.3000000000,2.5000000000,1.0000000000,103,112,100,111,102,112
3077,neighbor,False,MAXIMUM_MAIN_STEEL,999999999.0000000000,8658.2988100000,0.2000000000,0.3500000000,0.3000000000,3.0000000000,1.0000000000,102,110,100,110,103,113
3078,reset,False,ENVELOPE_BASE_CONTACT,999999999.0000000000,8658.2988100000,0.2000000000,0.2500000000,0.3000000000,2.5000000000,1.0000000000,103,112,100,110,103,113
3079,neighbor,False,STEM_STRESS_OR_INTERVAL_BOUND,999999999.0000000000,8658.2988100000,0.2000000000,0.2000000000,0.3000000000,3.0000000000,1.0000000000,102,113,100,111,102,112
3080,neighbor,False,ENVELOPE_BASE_CONTACT,999999999.0000000000,8658.2988100000,0.2000000000,0.2000000000,0.3000000000,2.5000000000,1.0000000000,102,113,103,111,100,111
3081,neighbor,False,MINIMUM_MAIN_STEEL,999999999.0000000000,8658.2988100000,0.2000000000,0.2500000000,0.3000000000,2.5000000000,0.9000000000,101,111,100,113,102,112
3082,neighbor,False,ENVELOPE_BASE_CONTACT,999999999.0000000000,8658.2988100000,0.2000000000,0.2500000000,0.3000000000,2.5000000000,1.0000000000,103,112,100,110,104,110
3083,neighbor,False,ENVELOPE_BASE_CONTACT,999999999.0000000000,8658.2988100000,0.2000000000,0.2500000000,0.3000000000,2.5000000000,1.0000000000,102,111,100,110,103,113
3084,neighbor,False,ENVELOPE_BASE_CONTACT,999999999.0000000000,8658.2988100000,0.2000000000,0.2500000000,0.3000000000,2.5000000000,1.0000000000,102,112,100,110,103,113
3085,neighbor,False,ENVELOPE_BASE_CONTACT,999999999.0000000000,8658.2988100000,0.2000000000,0.2500000000,0.3000000000,2.5000000000,1.0000000000,101,112,101,112,102,111
3086,neighbor,False,ENVELOPE_BASE_CONTACT,999999999.0000000000,8658.2988100000,0.2000000000,0.3000000000,0.3000000000,2.5000000000,0.9000000000,102,113,101,111,103,110
3087,neighbor,False,ENVELOPE_BASE_CONTACT,999999999.0000000000,8658.2988100000,0.2500000000,0.3000000000,0.3000000000,2.5000000000,1.0000000000,104,110,100,110,103,113
3088,neighbor,False,ENVELOPE_BASE_CONTACT,999999999.0000000000,8658.2988100000,0.2000000000,0.2500000000,0.3000000000,2.5000000000,1.0000000000,102,112,100,110,103,113
3089,neighbor,False,STEM_STRESS_OR_INTERVAL_BOUND,999999999.0000000000,8658.2988100000,0.2250000000,0.3000000000,0.3000000000,3.0000000000,1.0000000000,101,110,102,110,101,110
3090,neighbor,False,MINIMUM_MAIN_STEEL,999999999.0000000000,8658.2988100000,0.2000000000,0.3500000000,0.3000000000,3.0000000000,1.0000000000,102,111,104,112,100,113
3091,neighbor,False,ENVELOPE_BASE_CONTACT,999999999.0000000000,8658.2988100000,0.2000000000,0.2500000000,0.3000000000,2.5000000000,1.0000000000,103,112,101,113,103,113
3092,neighbor,False,ENVELOPE_BASE_CONTACT,999999999.0000000000,8658.2988100000,0.2000000000,0.2000000000,0.3000000000,2.5000000000,1.0000000000,102,112,104,111,101,111
3093,neighbor,False,ENVELOPE_BASE_CONTACT,999999999.0000000000,8658.2988100000,0.2000000000,0.3500000000,0.3000000000,2.5000000000,1.0000000000,103,112,101,113,104,110
3094,neighbor,False,ENVELOPE_BASE_CONTACT,999999999.0000000000,8658.2988100000,0.2000000000,0.2000000000,0.3000000000,2.5000000000,1.0000000000,100,111,100,110,103,113
3095,neighbor,False,ENVELOPE_BASE_CONTACT,999999999.0000000000,8658.2988100000,0.2000000000,0.2500000000,0.3000000000,2.5000000000,1.0000000000,102,111,100,110,103,113
3096,neighbor,False,ENVELOPE_BASE_CONTACT,999999999.0000000000,8658.2988100000,0.2000000000,0.2500000000,0.3000000000,2.5000000000,1.0000000000,104,110,103,112,101,110
3097,neighbor,False,ENVELOPE_BASE_CONTACT,999999999.0000000000,8658.2988100000,0.2000000000,0.2500000000,0.3000000000,2.5000000000,1.0000000000,102,110,100,110,103,113
3098,neighbor,False,MINIMUM_MAIN_STEEL,999999999.0000000000,8658.2988100000,0.2000000000,0.2500000000,0.3000000000,2.5000000000,1.0000000000,100,113,100,110,103,113
3099,neighbor,False,STEM_STRESS_OR_INTERVAL_BOUND,999999999.0000000000,8658.2988100000,0.2000000000,0.2500000000,0.3000000000,3.0000000000,1.0000000000,101,111,101,113,104,111
3100,neighbor,False,MINIMUM_MAIN_STEEL,999999999.0000000000,8658.2988100000,0.2000000000,0.2000000000,0.3000000000,2.5000000000,1.0000000000,101,113,100,110,100,113
3101,neighbor,False,ENVELOPE_BASE_CONTACT,999999999.0000000000,8658.2988100000,0.2000000000,0.2500000000,0.3000000000,2.5000000000,1.0000000000,103,112,102,111,103,113
3102,neighbor,False,MINIMUM_MAIN_STEEL,999999999.0000000000,8658.2988100000,0.2000000000,0.2500000000,0.3000000000,2.5000000000,1.0000000000,103,112,100,110,100,113
3103,neighbor,False,ENVELOPE_BASE_CONTACT,999999999.0000000000,8658.2988100000,0.2000000000,0.2500000000,0.3000000000,2.5000000000,1.0000000000,103,112,100,110,101,112
3104,neighbor,False,STEM_STRESS_OR_INTERVAL_BOUND,999999999.0000000000,8658.2988100000,0.2000000000,0.2000000000,0.3000000000,3.0000000000,0.8000000000,104,113,104,113,104,113
3105,neighbor,False,ENVELOPE_BASE_CONTACT,999999999.0000000000,8658.2988100000,0.2000000000,0.2500000000,0.3000000000,2.5000000000,1.0000000000,101,113,104,110,104,112
3106,neighbor,False,STEM_STRESS_OR_INTERVAL_BOUND,999999999.0000000000,8658.2988100000,0.2000000000,0.2000000000,0.3000000000,3.0000000000,1.0000000000,102,111,102,111,103,110
3107,neighbor,False,STEM_STRESS_OR_INTERVAL_BOUND,999999999.0000000000,8658.2988100000,0.2000000000,0.2500000000,0.3000000000,3.0000000000,1.0000000000,103,112,102,111,103,111
3108,neighbor,False,ENVELOPE_BASE_CONTACT,999999999.0000000000,8658.2988100000,0.2000000000,0.2500000000,0.3000000000,2.5000000000,1.0000000000,102,113,100,111,103,111
3109,neighbor,False,ENVELOPE_BASE_CONTACT,999999999.0000000000,8658.2988100000,0.2000000000,0.2000000000,0.3000000000,2.5000000000,1.0000000000,100,111,103,113,101,113
3110,neighbor,False,STEM_STRESS_OR_INTERVAL_BOUND,999999999.0000000000,8658.2988100000,0.2000000000,0.2500000000,0.3000000000,3.0000000000,1.0000000000,100,110,102,112,100,110
3111,neighbor,False,ENVELOPE_BASE_CONTACT,999999999.0000000000,8658.2988100000,0.2000000000,0.2000000000,0.3000000000,2.5000000000,1.0000000000,102,110,103,111,101,113
3112,neighbor,False,ENVELOPE_BASE_CONTACT,999999999.0000000000,8658.2988100000,0.2500000000,0.3000000000,0.3000000000,2.5000000000,1.0000000000,104,110,100,111,103,113
3113,neighbor,False,ENVELOPE_BASE_CONTACT,999999999.0000000000,8658.2988100000,0.2000000000,0.2500000000,0.3000000000,2.5000000000,1.0000000000,103,110,100,110,103,113
3114,neighbor,False,MINIMUM_MAIN_STEEL,999999999.0000000000,8658.2988100000,0.2000000000,0.2000000000,0.3000000000,3.0000000000,0.9000000000,104,112,102,112,100,112
3115,neighbor,False,ENVELOPE_BASE_CONTACT,999999999.0000000000,8658.2988100000,0.2000000000,0.2500000000,0.3000000000,2.5000000000,1.0000000000,103,113,100,110,103,113
3116,neighbor,False,STEM_STRESS_OR_INTERVAL_BOUND,999999999.0000000000,8658.2988100000,0.2000000000,0.2000000000,0.3000000000,3.0000000000,1.0000000000,101,110,101,113,103,111
3117,neighbor,False,STEM_STRESS_OR_INTERVAL_BOUND,999999999.0000000000,8658.2988100000,0.2000000000,0.2000000000,0.3000000000,3.0000000000,0.9000000000,103,113,102,111,101,112
3118,neighbor,False,MINIMUM_MAIN_STEEL,999999999.0000000000,8658.2988100000,0.2000000000,0.2000000000,0.3000000000,2.5000000000,0.8000000000,102,111,100,112,100,110
3119,neighbor,False,ENVELOPE_BASE_CONTACT,999999999.0000000000,8658.2988100000,0.2000000000,0.3000000000,0.3000000000,2.5000000000,1.0000000000,101,112,104,110,104,111
3120,neighbor,False,MINIMUM_MAIN_STEEL,999999999.0000000000,8658.2988100000,0.2500000000,0.3000000000,0.3000000000,2.5000000000,0.9000000000,100,113,101,113,103,111
3121,neighbor,False,STEM_STRESS_OR_INTERVAL_BOUND,999999999.0000000000,8658.2988100000,0.2000000000,0.2000000000,0.3000000000,3.0000000000,0.9000000000,103,110,101,110,103,111
3122,neighbor,False,MINIMUM_MAIN_STEEL,999999999.0000000000,8658.2988100000,0.2000000000,0.3500000000,0.3000000000,2.5000000000,1.0000000000,100,111,100,110,103,113
3123,neighbor,False,ENVELOPE_BASE_CONTACT,999999999.0000000000,8658.2988100000,0.2000000000,0.3000000000,0.3000000000,2.5000000000,0.9000000000,102,111,104,111,101,111
3124,neighbor,False,MINIMUM_MAIN_STEEL,999999999.0000000000,8658.2988100000,0.2000000000,0.2500000000,0.3000000000,2.5000000000,1.0000000000,100,113,100,110,103,113
3125,neighbor,False,ENVELOPE_BASE_CONTACT,999999999.0000000000,8658.2988100000,0.2000000000,0.2500000000,0.3000000000,2.5000000000,1.0000000000,103,112,102,111,104,111
3126,neighbor,False,STEM_STRESS_OR_INTERVAL_BOUND,999999999.0000000000,8658.2988100000,0.2000000000,0.2500000000,0.3000000000,3.0000000000,1.0000000000,103,112,102,110,100,111
3127,neighbor,False,ENVELOPE_BASE_CONTACT,999999999.0000000000,8658.2988100000,0.2000000000,0.2500000000,0.3000000000,2.5000000000,1.0000000000,104,111,100,110,103,113
3128,neighbor,False,ENVELOPE_BASE_CONTACT,999999999.0000000000,8658.2988100000,0.2000000000,0.2500000000,0.3000000000,2.5000000000,1.0000000000,104,113,100,110,103,113
3129,neighbor,False,MINIMUM_MAIN_STEEL,999999999.0000000000,8658.2988100000,0.2000000000,0.2500000000,0.3000000000,2.5000000000,1.0000000000,103,112,100,113,103,113
3130,neighbor,False,ENVELOPE_BASE_CONTACT,999999999.0000000000,8658.2988100000,0.2000000000,0.2000000000,0.3000000000,2.5000000000,1.0000000000,104,110,103,110,104,113
3131,neighbor,False,ENVELOPE_BASE_CONTACT,999999999.0000000000,8658.2988100000,0.2000000000,0.2000000000,0.3000000000,2.5000000000,1.0000000000,102,112,100,111,104,110
3132,neighbor,False,ENVELOPE_BASE_CONTACT,999999999.0000000000,8658.2988100000,0.2000000000,0.2500000000,0.3000000000,2.5000000000,1.0000000000,103,112,104,111,101,111
3133,neighbor,False,STEM_STRESS_OR_INTERVAL_BOUND,999999999.0000000000,8658.2988100000,0.2000000000,0.2500000000,0.3000000000,3.0000000000,1.0000000000,103,112,101,112,104,112
3134,neighbor,False,ENVELOPE_BASE_CONTACT,999999999.0000000000,8658.2988100000,0.2000000000,0.3000000000,0.3000000000,2.5000000000,1.0000000000,103,112,101,110,100,110
3135,neighbor,False,ENVELOPE_BASE_CONTACT,999999999.0000000000,8658.2988100000,0.2000000000,0.2000000000,0.3000000000,2.5000000000,1.0000000000,100,111,100,110,103,113
3136,neighbor,False,ENVELOPE_BASE_CONTACT,999999999.0000000000,8658.2988100000,0.2000000000,0.2000000000,0.3000000000,2.5000000000,0.9000000000,103,110,102,110,104,110
3137,neighbor,False,ENVELOPE_BASE_CONTACT,999999999.0000000000,8658.2988100000,0.2000000000,0.2500000000,0.3000000000,2.5000000000,1.0000000000,102,111,100,110,103,113
3138,neighbor,False,STEM_STRESS_OR_INTERVAL_BOUND,999999999.0000000000,8658.2988100000,0.2000000000,0.2500000000,0.3000000000,3.0000000000,1.0000000000,103,112,104,113,101,111
3139,neighbor,False,MINIMUM_MAIN_STEEL,999999999.0000000000,8658.2988100000,0.2000000000,0.2500000000,0.3000000000,2.5000000000,1.0000000000,103,112,100,113,104,111
3140,neighbor,False,STEM_STRESS_OR_INTERVAL_BOUND,999999999.0000000000,8658.2988100000,0.2000000000,0.2500000000,0.3000000000,3.0000000000,1.0000000000,103,111,103,113,101,111
3141,neighbor,False,ENVELOPE_BASE_CONTACT,999999999.0000000000,8658.2988100000,0.2000000000,0.2500000000,0.3000000000,2.5000000000,1.0000000000,103,112,101,113,103,113
3142,neighbor,False,ENVELOPE_BASE_CONTACT,999999999.0000000000,8658.2988100000,0.2000000000,0.2000000000,0.3000000000,2.5000000000,1.0000000000,100,112,104,111,104,113
3143,neighbor,False,ENVELOPE_BASE_CONTACT,999999999.0000000000,8658.2988100000,0.2000000000,0.3500000000,0.3000000000,2.5000000000,1.0000000000,103,111,100,110,103,113
3144,neighbor,False,ENVELOPE_BASE_CONTACT,999999999.0000000000,8658.2988100000,0.2000000000,0.3000000000,0.3000000000,2.5000000000,1.0000000000,104,112,102,111,104,112
3145,neighbor,True,PASS_IMPLEMENTED_PROJECT_CHECKS,9977.5371140000,8658.2988100000,0.2250000000,0.3500000000,0.3000000000,3.0000000000,1.0000000000,104,112,104,113,103,111
3146,neighbor,False,MAXIMUM_MAIN_STEEL,999999999.0000000000,8658.2988100000,0.2000000000,0.3500000000,0.3000000000,3.0000000000,1.0000000000,103,111,101,110,100,111
3147,neighbor,False,MINIMUM_MAIN_STEEL,999999999.0000000000,8658.2988100000,0.2250000000,0.3000000000,0.3000000000,2.5000000000,1.0000000000,100,111,100,110,104,111
3148,neighbor,False,MINIMUM_MAIN_STEEL,999999999.0000000000,8658.2988100000,0.2000000000,0.3500000000,0.3000000000,3.0000000000,1.0000000000,101,113,104,113,103,111
3149,neighbor,False,STEM_STRESS_OR_INTERVAL_BOUND,999999999.0000000000,8658.2988100000,0.2500000000,0.2500000000,0.3000000000,3.0000000000,1.0000000000,103,112,101,113,102,111
3150,neighbor,False,MINIMUM_MAIN_STEEL,999999999.0000000000,8658.2988100000,0.2000000000,0.2500000000,0.3000000000,2.5000000000,1.0000000000,101,112,100,112,100,110
3151,neighbor,False,MEMBER_FLEXURE,999999999.0000000000,8658.2988100000,0.2250000000,0.3500000000,0.3000000000,3.0000000000,1.0000000000,104,112,104,113,101,112
3152,neighbor,True,PASS_IMPLEMENTED_PROJECT_CHECKS,9433.0654640000,8658.2988100000,0.2250000000,0.3500000000,0.3000000000,3.0000000000,1.0000000000,103,112,104,113,103,111
3153,neighbor,False,STEM_STRESS_OR_INTERVAL_BOUND,999999999.0000000000,8658.2988100000,0.2250000000,0.3500000000,0.3000000000,3.0000000000,1.0000000000,101,112,104,113,103,111
3154,neighbor,False,MINIMUM_MAIN_STEEL,999999999.0000000000,8658.2988100000,0.2750000000,0.3500000000,0.3000000000,3.0000000000,0.8000000000,100,110,100,112,102,113
3155,neighbor,False,MINIMUM_MAIN_STEEL,999999999.0000000000,8658.2988100000,0.2000000000,0.2500000000,0.3000000000,2.5000000000,1.0000000000,103,112,104,111,100,112
3156,neighbor,False,MEMBER_FLEXURE,999999999.0000000000,8658.2988100000,0.2250000000,0.3500000000,0.3000000000,3.0000000000,1.0000000000,103,112,101,112,103,111
3157,neighbor,False,MEMBER_FLEXURE,999999999.0000000000,8658.2988100000,0.2250000000,0.3500000000,0.3000000000,3.0000000000,0.9000000000,103,112,103,111,100,111
3158,neighbor,True,PASS_IMPLEMENTED_PROJECT_CHECKS,9551.4110000000,8658.2988100000,0.2250000000,0.3500000000,0.3000000000,3.0000000000,1.0000000000,103,112,102,110,103,111
3159,neighbor,False,MAXIMUM_MAIN_STEEL,999999999.0000000000,8658.2988100000,0.2000000000,0.3500000000,0.3000000000,3.0000000000,1.0000000000,103,110,104,113,103,111
3160,neighbor,False,STEM_STRESS_OR_INTERVAL_BOUND,999999999.0000000000,8658.2988100000,0.2000000000,0.3500000000,0.3000000000,3.0000000000,1.0000000000,102,113,104,110,100,111
3161,neighbor,False,STEM_STRESS_OR_INTERVAL_BOUND,999999999.0000000000,8658.2988100000,0.2000000000,0.3000000000,0.3000000000,3.0000000000,1.0000000000,101,112,104,111,103,112
3162,neighbor,False,ENVELOPE_BASE_CONTACT,999999999.0000000000,8658.2988100000,0.2250000000,0.3500000000,0.3000000000,2.5000000000,1.0000000000,103,112,101,113,101,112
3163,neighbor,False,MINIMUM_MAIN_STEEL,999999999.0000000000,8658.2988100000,0.2750000000,0.3500000000,0.3000000000,2.5000000000,1.0000000000,103,112,100,113,104,111
3164,neighbor,True,PASS_IMPLEMENTED_PROJECT_CHECKS,9135.3506240000,8658.2988100000,0.2250000000,0.3500000000,0.3000000000,3.0000000000,0.9000000000,103,112,102,111,104,113
3165,neighbor,False,ENVELOPE_BASE_CONTACT,999999999.0000000000,8658.2988100000,0.2750000000,0.3000000000,0.3000000000,2.5000000000,0.8000000000,102,111,101,112,100,110
3166,neighbor,False,ENVELOPE_BASE_CONTACT,999999999.0000000000,8658.2988100000,0.2250000000,0.3500000000,0.3000000000,2.5000000000,0.9000000000,103,112,103,111,104,110
3167,neighbor,True,PASS_IMPLEMENTED_PROJECT_CHECKS,9191.3433740000,8658.2988100000,0.2250000000,0.3500000000,0.3000000000,3.0000000000,0.9000000000,103,112,103,112,104,113
3168,neighbor,False,MAXIMUM_MAIN_STEEL,999999999.0000000000,8658.2988100000,0.2500000000,0.3500000000,0.3000000000,3.0000000000,0.9000000000,103,110,102,111,104,113
3169,neighbor,False,ENVELOPE_BASE_CONTACT,999999999.0000000000,8658.2988100000,0.2000000000,0.3500000000,0.3000000000,2.5000000000,0.9000000000,104,111,103,113,102,113
3170,neighbor,False,ENVELOPE_BASE_CONTACT,999999999.0000000000,8658.2988100000,0.2500000000,0.3000000000,0.3000000000,2.5000000000,1.0000000000,100,110,104,110,100,110
3171,neighbor,False,MINIMUM_MAIN_STEEL,999999999.0000000000,8658.2988100000,0.2250000000,0.3500000000,0.3000000000,3.0000000000,0.9000000000,100,112,102,111,104,113
3172,neighbor,True,PASS_IMPLEMENTED_PROJECT_CHECKS,9179.7548800000,8658.2988100000,0.2250000000,0.3500000000,0.3000000000,3.0000000000,1.0000000000,103,112,101,111,104,112
3173,neighbor,False,STEM_STRESS_OR_INTERVAL_BOUND,999999999.0000000000,8658.2988100000,0.2250000000,0.3500000000,0.3000000000,3.0000000000,0.9000000000,103,113,102,111,104,113
3174,neighbor,True,PASS_IMPLEMENTED_PROJECT_CHECKS,9135.3506240000,8658.2988100000,0.2250000000,0.3500000000,0.3000000000,3.0000000000,0.9000000000,103,112,102,111,104,113
3175,neighbor,False,STEM_STRESS_OR_INTERVAL_BOUND,999999999.0000000000,8658.2988100000,0.2000000000,0.3000000000,0.3000000000,3.0000000000,0.9000000000,102,111,102,111,104,113
3176,neighbor,False,STEM_STRESS_OR_INTERVAL_BOUND,999999999.0000000000,8658.2988100000,0.2000000000,0.3000000000,0.3000000000,3.0000000000,0.8000000000,102,112,104,111,104,112
3177,neighbor,True,PASS_IMPLEMENTED_PROJECT_CHECKS,9020.9144000000,8658.2988100000,0.2250000000,0.3500000000,0.3000000000,3.0000000000,0.7000000000,103,112,101,112,104,113
3178,neighbor,False,MINIMUM_MAIN_STEEL,999999999.0000000000,8658.2988100000,0.2000000000,0.3000000000,0.3000000000,3.0000000000,0.7000000000,100,112,101,112,104,113
3179,neighbor,False,MAXIMUM_MAIN_STEEL,999999999.0000000000,8658.2988100000,0.2000000000,0.3500000000,0.3000000000,3.0000000000,0.5000000000,103,111,103,111,103,113
3180,neighbor,False,ENVELOPE_BASE_CONTACT,999999999.0000000000,8658.2988100000,0.2500000000,0.3500000000,0.3000000000,2.5000000000,0.5000000000,104,113,104,111,101,112
3181,neighbor,False,MINIMUM_MAIN_STEEL,999999999.0000000000,8658.2988100000,0.2250000000,0.2500000000,0.3000000000,3.0000000000,0.5000000000,100,113,101,110,102,110
3182,neighbor,False,STEM_STRESS_OR_INTERVAL_BOUND,999999999.0000000000,8658.2988100000,0.2500000000,0.2500000000,0.3000000000,3.0000000000,0.6000000000,103,113,101,110,104,113
3183,neighbor,False,ENVELOPE_BASE_CONTACT,999999999.0000000000,8658.2988100000,0.2000000000,0.3500000000,0.3000000000,2.5000000000,0.9000000000,104,110,103,113,104,110
3184,neighbor,False,ENVELOPE_BASE_CONTACT,999999999.0000000000,8658.2988100000,0.2250000000,0.3500000000,0.3000000000,2.5000000000,0.5000000000,101,111,100,111,101,113
3185,neighbor,False,ENVELOPE_BASE_CONTACT,999999999.0000000000,8658.2988100000,0.2500000000,0.2500000000,0.3000000000,2.5000000000,0.9000000000,100,111,103,113,100,110
3186,neighbor,False,STEM_STRESS_OR_INTERVAL_BOUND,999999999.0000000000,8658.2988100000,0.2500000000,0.3000000000,0.3000000000,3.0000000000,0.6000000000,102,111,101,110,104,110
3187,neighbor,False,MEMBER_FLEXURE,999999999.0000000000,8658.2988100000,0.2250000000,0.3500000000,0.3000000000,3.0000000000,0.7000000000,103,112,102,113,102,113
3188,neighbor,False,MEMBER_FLEXURE,999999999.0000000000,8658.2988100000,0.2250000000,0.3500000000,0.3000000000,3.0000000000,0.6000000000,103,112,101,110,100,111
3189,neighbor,False,STEM_STRESS_OR_INTERVAL_BOUND,999999999.0000000000,8658.2988100000,0.2000000000,0.2500000000,0.3000000000,3.0000000000,0.5000000000,104,111,103,112,101,111
3190,neighbor,False,STEM_STRESS_OR_INTERVAL_BOUND,999999999.0000000000,8658.2988100000,0.2500000000,0.3500000000,0.3000000000,3.0000000000,0.7000000000,101,111,104,112,104,112
3191,neighbor,False,STEM_STRESS_OR_INTERVAL_BOUND,999999999.0000000000,8658.2988100000,0.2000000000,0.3500000000,0.3000000000,3.0000000000,0.7000000000,103,113,103,110,101,110
3192,neighbor,True,PASS_IMPLEMENTED_PROJECT_CHECKS,9620.1756500000,8658.2988100000,0.2250000000,0.3500000000,0.3000000000,3.0000000000,0.7000000000,102,110,101,112,104,113
3193,neighbor,False,STEM_STRESS_OR_INTERVAL_BOUND,999999999.0000000000,8658.2988100000,0.2000000000,0.3000000000,0.3000000000,3.0000000000,0.7000000000,102,112,101,112,104,113
3194,neighbor,False,MEMBER_FLEXURE,999999999.0000000000,8658.2988100000,0.2250000000,0.3500000000,0.3000000000,3.0000000000,0.7000000000,103,112,101,112,102,112
3195,neighbor,False,MAXIMUM_MAIN_STEEL,999999999.0000000000,8658.2988100000,0.2000000000,0.3500000000,0.3000000000,3.0000000000,0.7000000000,104,110,101,112,104,113
3196,neighbor,True,PASS_IMPLEMENTED_PROJECT_CHECKS,9885.5165000000,8658.2988100000,0.2250000000,0.3500000000,0.3000000000,3.0000000000,0.7000000000,103,112,101,112,103,110
3197,neighbor,False,STEM_STRESS_OR_INTERVAL_BOUND,999999999.0000000000,8658.2988100000,0.2000000000,0.3000000000,0.3000000000,3.0000000000,0.9000000000,102,111,103,112,100,110
3198,neighbor,False,MEMBER_FLEXURE,999999999.0000000000,8658.2988100000,0.2750000000,0.3500000000,0.3000000000,3.0000000000,0.9000000000,104,112,100,110,101,113
3199,neighbor,False,MINIMUM_MAIN_STEEL,999999999.0000000000,8658.2988100000,0.2500000000,0.2500000000,0.3000000000,3.0000000000,0.6000000000,104,112,101,113,100,113
3200,neighbor,False,MEMBER_FLEXURE,999999999.0000000000,8658.2988100000,0.2250000000,0.3500000000,0.3000000000,3.0000000000,0.7000000000,103,112,101,112,101,110
3201,neighbor,False,STEM_STRESS_OR_INTERVAL_BOUND,999999999.0000000000,8658.2988100000,0.2000000000,0.2500000000,0.3000000000,3.0000000000,0.7000000000,103,111,103,112,104,110
3202,neighbor,False,STEM_STRESS_OR_INTERVAL_BOUND,999999999.0000000000,8658.2988100000,0.2500000000,0.2500000000,0.3000000000,3.0000000000,0.8000000000,102,112,104,112,103,112
3203,neighbor,False,MEMBER_FLEXURE,999999999.0000000000,8658.2988100000,0.2250000000,0.3500000000,0.3000000000,3.0000000000,0.7000000000,103,112,101,112,100,111
3204,neighbor,False,MEMBER_FLEXURE,999999999.0000000000,8658.2988100000,0.2250000000,0.3500000000,0.3000000000,3.0000000000,0.8000000000,103,112,101,112,101,111
3205,neighbor,False,MEMBER_FLEXURE,999999999.0000000000,8658.2988100000,0.2000000000,0.3500000000,0.3000000000,3.0000000000,0.8000000000,104,113,104,113,100,110
3206,neighbor,False,STEM_STRESS_OR_INTERVAL_BOUND,999999999.0000000000,8658.2988100000,0.2500000000,0.2500000000,0.3000000000,3.0000000000,0.7000000000,102,110,101,112,104,113
3207,neighbor,False,STEM_STRESS_OR_INTERVAL_BOUND,999999999.0000000000,8658.2988100000,0.2500000000,0.2500000000,0.3000000000,3.0000000000,0.5000000000,102,110,104,112,101,111
3208,neighbor,False,STEM_STRESS_OR_INTERVAL_BOUND,999999999.0000000000,8658.2988100000,0.2500000000,0.3000000000,0.3000000000,3.0000000000,0.6000000000,102,113,101,112,101,113
3209,neighbor,False,MAXIMUM_MAIN_STEEL,999999999.0000000000,8658.2988100000,0.2750000000,0.3000000000,0.3000000000,3.0000000000,0.7000000000,103,110,102,111,104,113
3210,neighbor,False,MINIMUM_MAIN_STEEL,999999999.0000000000,8658.2988100000,0.2000000000,0.3500000000,0.3000000000,2.5000000000,0.5000000000,103,113,103,110,100,112
3211,neighbor,True,PASS_IMPLEMENTED_PROJECT_CHECKS,9889.2185000000,8658.2988100000,0.2250000000,0.3500000000,0.3000000000,3.0000000000,0.8000000000,103,112,102,112,103,110
3212,neighbor,False,STEM_STRESS_OR_INTERVAL_BOUND,999999999.0000000000,8658.2988100000,0.2000000000,0.3500000000,0.3000000000,3.0000000000,0.7000000000,102,112,101,112,104,113
3213,neighbor,False,MINIMUM_MAIN_STEEL,999999999.0000000000,8658.2988100000,0.2750000000,0.3500000000,0.3000000000,3.0000000000,0.7000000000,100,112,103,110,104,112
3214,neighbor,False,ENVELOPE_BASE_CONTACT,999999999.0000000000,8658.2988100000,0.2500000000,0.2500000000,0.3000000000,2.5000000000,0.9000000000,103,110,102,112,102,111
3215,neighbor,False,STEM_STRESS_OR_INTERVAL_BOUND,999999999.0000000000,8658.2988100000,0.2000000000,0.2500000000,0.3000000000,3.0000000000,0.7000000000,104,110,101,112,104,113
3216,neighbor,False,MEMBER_FLEXURE,999999999.0000000000,8658.2988100000,0.2250000000,0.3500000000,0.3000000000,3.0000000000,0.7000000000,103,112,101,112,102,111
3217,neighbor,False,MINIMUM_MAIN_STEEL,999999999.0000000000,8658.2988100000,0.2000000000,0.3500000000,0.3000000000,3.0000000000,0.5000000000,101,111,100,112,101,112
3218,neighbor,False,ENVELOPE_BASE_CONTACT,999999999.0000000000,8658.2988100000,0.2250000000,0.3500000000,0.3000000000,2.5000000000,0.8000000000,103,112,102,111,104,113
3219,neighbor,False,MAXIMUM_MAIN_STEEL,999999999.0000000000,8658.2988100000,0.2000000000,0.3500000000,0.3000000000,3.0000000000,0.7000000000,103,111,103,112,102,113
3220,neighbor,False,STEM_STRESS_OR_INTERVAL_BOUND,999999999.0000000000,8658.2988100000,0.2000000000,0.2500000000,0.3000000000,3.0000000000,0.7000000000,102,112,103,110,103,111
3221,neighbor,True,PASS_IMPLEMENTED_PROJECT_CHECKS,9260.8040000000,8658.2988100000,0.2250000000,0.3500000000,0.3000000000,3.0000000000,0.7000000000,103,112,101,112,102,110
3222,neighbor,False,STEM_STRESS_OR_INTERVAL_BOUND,999999999.0000000000,8658.2988100000,0.2250000000,0.3500000000,0.3000000000,3.0000000000,0.7000000000,102,111,101,112,104,113
3223,neighbor,False,MAXIMUM_MAIN_STEEL,999999999.0000000000,8658.2988100000,0.2250000000,0.3500000000,0.3000000000,3.0000000000,0.7000000000,103,112,104,110,104,113
3224,neighbor,False,MINIMUM_MAIN_STEEL,999999999.0000000000,8658.2988100000,0.2250000000,0.3500000000,0.3000000000,2.5000000000,0.5000000000,100,113,100,110,102,110
3225,neighbor,False,STEM_STRESS_OR_INTERVAL_BOUND,999999999.0000000000,8658.2988100000,0.2500000000,0.3500000000,0.3000000000,3.0000000000,0.6000000000,101,111,102,111,101,113
3226,neighbor,False,STEM_STRESS_OR_INTERVAL_BOUND,999999999.0000000000,8658.2988100000,0.2500000000,0.3000000000,0.3000000000,3.0000000000,0.5000000000,101,112,102,111,104,111
3227,neighbor,False,ENVELOPE_BASE_CONTACT,999999999.0000000000,8658.2988100000,0.2500000000,0.3500000000,0.3000000000,2.5000000000,0.7000000000,101,111,104,112,102,110
3228,neighbor,False,MAXIMUM_MAIN_STEEL,999999999.0000000000,8658.2988100000,0.2500000000,0.3500000000,0.3000000000,3.0000000000,0.7000000000,104,111,103,110,104,111
3229,neighbor,False,ENVELOPE_BASE_CONTACT,999999999.0000000000,8658.2988100000,0.2250000000,0.3500000000,0.3000000000,2.5000000000,0.6000000000,103,112,103,111,102,111
3230,neighbor,False,MEMBER_FLEXURE,999999999.0000000000,8658.2988100000,0.2250000000,0.3500000000,0.3000000000,3.0000000000,0.7000000000,103,112,101,112,102,112
3231,neighbor,False,MINIMUM_MAIN_STEEL,999999999.0000000000,8658.2988100000,0.2750000000,0.3500000000,0.3000000000,3.0000000000,0.9000000000,101,113,102,113,100,111
3232,neighbor,False,ENVELOPE_BASE_CONTACT,999999999.0000000000,8658.2988100000,0.2750000000,0.3500000000,0.3000000000,2.5000000000,0.6000000000,102,113,100,110,103,112
3233,neighbor,False,MEMBER_FLEXURE,999999999.0000000000,8658.2988100000,0.2250000000,0.3500000000,0.3000000000,3.0000000000,0.6000000000,103,112,104,113,101,112
3234,neighbor,False,MINIMUM_MAIN_STEEL,999999999.0000000000,8658.2988100000,0.2250000000,0.3500000000,0.3000000000,3.0000000000,0.5000000000,101,113,103,113,103,111
3235,neighbor,False,STEM_STRESS_OR_INTERVAL_BOUND,999999999.0000000000,8658.2988100000,0.2750000000,0.3000000000,0.3000000000,3.0000000000,0.9000000000,100,110,104,113,101,111
3236,neighbor,False,STEM_STRESS_OR_INTERVAL_BOUND,999999999.0000000000,8658.2988100000,0.2000000000,0.2500000000,0.3000000000,3.0000000000,0.9000000000,101,110,101,110,103,111
3237,neighbor,False,MINIMUM_MAIN_STEEL,999999999.0000000000,8658.2988100000,0.2000000000,0.3000000000,0.3000000000,2.5000000000,0.8000000000,101,113,100,113,101,112
3238,neighbor,False,MINIMUM_MAIN_STEEL,999999999.0000000000,8658.2988100000,0.2500000000,0.3500000000,0.3000000000,3.0000000000,0.7000000000,100,113,103,110,104,112
3239,neighbor,False,MAXIMUM_MAIN_STEEL,999999999.0000000000,8658.2988100000,0.2750000000,0.3500000000,0.3000000000,3.0000000000,0.5000000000,103,110,102,112,103,112
3240,neighbor,False,MINIMUM_MAIN_STEEL,999999999.0000000000,8658.2988100000,0.2500000000,0.3500000000,0.3000000000,3.0000000000,0.7000000000,100,112,102,110,101,110
3241,neighbor,False,MINIMUM_MAIN_STEEL,999999999.0000000000,8658.2988100000,0.2000000000,0.2500000000,0.3000000000,3.0000000000,0.7000000000,100,113,101,112,104,113
3242,neighbor,False,MINIMUM_MAIN_STEEL,999999999.0000000000,8658.2988100000,0.2000000000,0.3000000000,0.3000000000,3.0000000000,0.9000000000,100,112,101,111,100,110
3243,neighbor,False,MINIMUM_MAIN_STEEL,999999999.0000000000,8658.2988100000,0.2250000000,0.3500000000,0.3000000000,3.0000000000,0.7000000000,103,112,101,112,100,112
3244,neighbor,False,STEM_STRESS_OR_INTERVAL_BOUND,999999999.0000000000,8658.2988100000,0.2500000000,0.3000000000,0.3000000000,3.0000000000,0.8000000000,102,113,101,112,101,112
3245,neighbor,False,STEM_STRESS_OR_INTERVAL_BOUND,999999999.0000000000,8658.2988100000,0.2250000000,0.3500000000,0.3000000000,3.0000000000,0.7000000000,102,113,101,112,104,113
3246,neighbor,True,PASS_IMPLEMENTED_PROJECT_CHECKS,9330.4756400000,8658.2988100000,0.2250000000,0.3500000000,0.3000000000,3.0000000000,0.8000000000,103,112,103,113,104,112
3247,neighbor,False,MEMBER_FLEXURE,999999999.0000000000,8658.2988100000,0.2500000000,0.3000000000,0.3000000000,3.0000000000,0.8000000000,103,111,103,111,102,112
3248,neighbor,False,MEMBER_FLEXURE,999999999.0000000000,8658.2988100000,0.2750000000,0.3500000000,0.3000000000,3.0000000000,0.7000000000,103,111,102,112,102,111
3249,neighbor,False,STEM_STRESS_OR_INTERVAL_BOUND,999999999.0000000000,8658.2988100000,0.2250000000,0.3500000000,0.3000000000,3.0000000000,0.8000000000,102,112,103,113,103,111
3250,neighbor,False,STEM_STRESS_OR_INTERVAL_BOUND,999999999.0000000000,8658.2988100000,0.2000000000,0.2500000000,0.3000000000,3.0000000000,0.7000000000,104,111,102,110,101,111
3251,neighbor,False,ENVELOPE_BASE_CONTACT,999999999.0000000000,8658.2988100000,0.2250000000,0.3500000000,0.3000000000,2.5000000000,0.7000000000,103,112,101,113,100,110
3252,neighbor,False,STEM_STRESS_OR_INTERVAL_BOUND,999999999.0000000000,8658.2988100000,0.2250000000,0.3500000000,0.3000000000,3.0000000000,0.7000000000,101,111,101,112,104,113
3253,neighbor,False,STEM_STRESS_OR_INTERVAL_BOUND,999999999.0000000000,8658.2988100000,0.2500000000,0.3000000000,0.3000000000,3.0000000000,0.8000000000,104,112,102,113,104,113
3254,neighbor,False,MEMBER_FLEXURE,999999999.0000000000,8658.2988100000,0.2500000000,0.3500000000,0.3000000000,3.0000000000,0.7000000000,104,112,104,113,102,111
3255,neighbor,False,STEM_STRESS_OR_INTERVAL_BOUND,999999999.0000000000,8658.2988100000,0.2500000000,0.2500000000,0.3000000000,3.0000000000,0.9000000000,104,113,102,110,104,110
3256,neighbor,False,MINIMUM_MAIN_STEEL,999999999.0000000000,8658.2988100000,0.2250000000,0.3500000000,0.3000000000,3.0000000000,0.7000000000,101,113,101,112,104,113
3257,neighbor,False,STEM_STRESS_OR_INTERVAL_BOUND,999999999.0000000000,8658.2988100000,0.2750000000,0.3000000000,0.3000000000,3.0000000000,0.7000000000,104,113,101,113,104,112
3258,neighbor,False,STEM_STRESS_OR_INTERVAL_BOUND,999999999.0000000000,8658.2988100000,0.2000000000,0.3000000000,0.3000000000,3.0000000000,0.5000000000,104,112,100,110,100,111
3259,neighbor,False,MINIMUM_MAIN_STEEL,999999999.0000000000,8658.2988100000,0.2000000000,0.3500000000,0.3000000000,3.0000000000,0.8000000000,104,111,104,110,100,112
3260,neighbor,False,STEM_STRESS_OR_INTERVAL_BOUND,999999999.0000000000,8658.2988100000,0.2500000000,0.2500000000,0.3000000000,3.0000000000,0.8000000000,104,112,102,113,102,111
3261,neighbor,False,ENVELOPE_BASE_CONTACT,999999999.0000000000,8658.2988100000,0.2000000000,0.3500000000,0.3000000000,2.5000000000,0.7000000000,104,111,104,110,102,113
3262,neighbor,True,PASS_IMPLEMENTED_PROJECT_CHECKS,10165.4896300000,8658.2988100000,0.2750000000,0.3500000000,0.3000000000,3.0000000000,0.6000000000,104,112,100,110,102,110
3263,neighbor,False,STEM_STRESS_OR_INTERVAL_BOUND,999999999.0000000000,8658.2988100000,0.2250000000,0.2500000000,0.3000000000,3.0000000000,0.9000000000,101,112,102,112,100,110
3264,neighbor,False,STEM_STRESS_OR_INTERVAL_BOUND,999999999.0000000000,8658.2988100000,0.2750000000,0.3000000000,0.3000000000,3.0000000000,0.7000000000,102,111,101,112,104,113
3265,neighbor,False,ENVELOPE_BASE_CONTACT,999999999.0000000000,8658.2988100000,0.2500000000,0.3000000000,0.3000000000,2.5000000000,0.7000000000,103,111,101,112,101,113
3266,neighbor,False,MINIMUM_MAIN_STEEL,999999999.0000000000,8658.2988100000,0.2000000000,0.3500000000,0.3000000000,3.0000000000,0.8000000000,103,113,101,112,100,112
3267,neighbor,False,MAXIMUM_MAIN_STEEL,999999999.0000000000,8658.2988100000,0.2000000000,0.3500000000,0.3000000000,3.0000000000,0.8000000000,103,110,102,110,100,110
3268,neighbor,False,STEM_STRESS_OR_INTERVAL_BOUND,999999999.0000000000,8658.2988100000,0.2750000000,0.3000000000,0.3000000000,3.0000000000,0.9000000000,103,113,103,113,103,113
3269,neighbor,False,STEM_STRESS_OR_INTERVAL_BOUND,999999999.0000000000,8658.2988100000,0.2750000000,0.3000000000,0.3000000000,3.0000000000,0.5000000000,102,112,100,110,101,113
3270,neighbor,True,PASS_IMPLEMENTED_PROJECT_CHECKS,9932.1385000000,8658.2988100000,0.2500000000,0.3000000000,0.3000000000,3.0000000000,0.8000000000,103,111,102,112,103,111
3271,neighbor,True,PASS_IMPLEMENTED_PROJECT_CHECKS,8990.5394900000,8658.2988100000,0.2250000000,0.3500000000,0.3000000000,3.0000000000,0.8000000000,103,112,101,112,103,112
3272,neighbor,False,ENVELOPE_BASE_CONTACT,999999999.0000000000,8658.2988100000,0.2000000000,0.3500000000,0.3000000000,2.5000000000,0.7000000000,101,112,104,112,104,112
3273,neighbor,True,PASS_IMPLEMENTED_PROJECT_CHECKS,9282.5532500000,8658.2988100000,0.2250000000,0.3500000000,0.3000000000,3.0000000000,0.8000000000,103,112,102,110,103,112
3274,neighbor,False,MINIMUM_MAIN_STEEL,999999999.0000000000,8658.2988100000,0.2500000000,0.3000000000,0.3000000000,2.5000000000,0.8000000000,102,111,101,113,100,113
3275,neighbor,False,ENVELOPE_BASE_CONTACT,999999999.0000000000,8658.2988100000,0.2250000000,0.3500000000,0.3000000000,2.5000000000,0.8000000000,103,112,104,112,102,112
3276,neighbor,True,PASS_IMPLEMENTED_PROJECT_CHECKS,9224.4010000000,8658.2988100000,0.2250000000,0.3500000000,0.3000000000,3.0000000000,1.0000000000,103,112,103,111,102,111
3277,neighbor,False,STEM_STRESS_OR_INTERVAL_BOUND,999999999.0000000000,8658.2988100000,0.2250000000,0.3500000000,0.3000000000,3.0000000000,0.7000000000,102,113,103,113,102,110
3278,neighbor,False,MINIMUM_MAIN_STEEL,999999999.0000000000,8658.2988100000,0.2250000000,0.3500000000,0.3000000000,3.0000000000,0.8000000000,103,112,100,113,103,112
3279,neighbor,False,ENVELOPE_BASE_CONTACT,999999999.0000000000,8658.2988100000,0.2000000000,0.3500000000,0.3000000000,2.5000000000,0.7000000000,102,113,103,112,104,112
3280,neighbor,False,ENVELOPE_BASE_CONTACT,999999999.0000000000,8658.2988100000,0.2000000000,0.2500000000,0.3000000000,2.5000000000,0.8000000000,102,112,104,111,104,110
3281,neighbor,False,STEM_STRESS_OR_INTERVAL_BOUND,999999999.0000000000,8658.2988100000,0.2000000000,0.3000000000,0.3000000000,3.0000000000,0.8000000000,100,110,101,112,103,112
3282,neighbor,False,MEMBER_FLEXURE,999999999.0000000000,8658.2988100000,0.2250000000,0.3500000000,0.3000000000,3.0000000000,0.7000000000,103,112,100,110,101,110
3283,neighbor,False,MINIMUM_MAIN_STEEL,999999999.0000000000,8658.2988100000,0.2250000000,0.3500000000,0.3000000000,3.0000000000,0.7000000000,100,113,101,112,102,110
3284,neighbor,True,PASS_IMPLEMENTED_PROJECT_CHECKS,8842.0337600000,8658.2988100000,0.2250000000,0.3500000000,0.3000000000,3.0000000000,0.8000000000,103,112,101,112,101,110
3285,neighbor,False,MEMBER_FLEXURE,999999999.0000000000,8658.2988100000,0.2250000000,0.3500000000,0.3000000000,3.0000000000,0.8000000000,103,112,101,112,101,111
3286,neighbor,False,STEM_STRESS_OR_INTERVAL_BOUND,999999999.0000000000,8658.2988100000,0.2750000000,0.3500000000,0.3000000000,3.0000000000,0.9000000000,101,112,100,110,100,111
3287,neighbor,False,MINIMUM_MAIN_STEEL,999999999.0000000000,8658.2988100000,0.2250000000,0.3500000000,0.3000000000,3.0000000000,0.6000000000,100,111,100,112,104,110
3288,neighbor,False,MINIMUM_MAIN_STEEL,999999999.0000000000,8658.2988100000,0.2750000000,0.3500000000,0.3000000000,3.0000000000,0.6000000000,100,111,100,112,102,111
3289,neighbor,False,MINIMUM_MAIN_STEEL,999999999.0000000000,8658.2988100000,0.2750000000,0.3500000000,0.3000000000,3.0000000000,1.0000000000,100,110,103,112,100,113
3290,neighbor,False,ENVELOPE_BASE_CONTACT,999999999.0000000000,8658.2988100000,0.2250000000,0.3500000000,0.3000000000,2.5000000000,1.0000000000,102,113,104,113,101,111
3291,neighbor,False,STEM_STRESS_OR_INTERVAL_BOUND,999999999.0000000000,8658.2988100000,0.2250000000,0.3000000000,0.3000000000,3.0000000000,0.7000000000,102,113,103,111,104,112
3292,neighbor,False,ENVELOPE_BASE_CONTACT,999999999.0000000000,8658.2988100000,0.2000000000,0.3500000000,0.3000000000,2.5000000000,0.6000000000,100,110,104,111,102,111
3293,neighbor,True,PASS_IMPLEMENTED_PROJECT_CHECKS,8990.9035200000,8658.2988100000,0.2250000000,0.3500000000,0.3000000000,3.0000000000,0.8000000000,103,112,102,111,101,110
3294,neighbor,True,PASS_IMPLEMENTED_PROJECT_CHECKS,9375.6030200000,8658.2988100000,0.2250000000,0.3500000000,0.3000000000,3.0000000000,0.8000000000,103,112,103,110,101,110
3295,neighbor,False,MINIMUM_MAIN_STEEL,999999999.0000000000,8658.2988100000,0.2000000000,0.3500000000,0.3000000000,2.5000000000,1.0000000000,101,113,101,113,100,110
3296,neighbor,False,STEM_STRESS_OR_INTERVAL_BOUND,999999999.0000000000,8658.2988100000,0.2500000000,0.2500000000,0.3000000000,3.0000000000,1.0000000000,102,113,102,112,103,111
3297,neighbor,False,MINIMUM_MAIN_STEEL,999999999.0000000000,8658.2988100000,0.2000000000,0.3000000000,0.3000000000,3.0000000000,0.7000000000,100,111,103,113,102,112
3298,neighbor,False,STEM_STRESS_OR_INTERVAL_BOUND,999999999.0000000000,8658.2988100000,0.2500000000,0.3500000000,0.3000000000,3.0000000000,0.8000000000,101,112,103,112,104,112
3299,neighbor,True,PASS_IMPLEMENTED_PROJECT_CHECKS,8973.0105200000,8658.2988100000,0.2250000000,0.3500000000,0.3000000000,3.0000000000,0.8000000000,103,112,103,113,101,110
3300,neighbor,False,STEM_STRESS_OR_INTERVAL_BOUND,999999999.0000000000,8658.2988100000,0.2000000000,0.2500000000,0.3000000000,3.0000000000,0.8000000000,104,111,100,110,103,113
3301,neighbor,False,MINIMUM_MAIN_STEEL,999999999.0000000000,8658.2988100000,0.2500000000,0.2500000000,0.3000000000,3.0000000000,1.0000000000,103,112,100,112,102,110
3302,neighbor,False,ENVELOPE_BASE_CONTACT,999999999.0000000000,8658.2988100000,0.2500000000,0.3000000000,0.3000000000,2.5000000000,0.6000000000,102,110,104,112,103,111
3303,neighbor,False,STEM_STRESS_OR_INTERVAL_BOUND,999999999.0000000000,8658.2988100000,0.2500000000,0.2500000000,0.3000000000,3.0000000000,1.0000000000,103,111,102,113,100,111
3304,neighbor,False,MINIMUM_MAIN_STEEL,999999999.0000000000,8658.2988100000,0.2000000000,0.3000000000,0.3000000000,2.5000000000,0.8000000000,100,113,100,110,101,110
3305,neighbor,False,STEM_STRESS_OR_INTERVAL_BOUND,999999999.0000000000,8658.2988100000,0.2250000000,0.3500000000,0.3000000000,3.0000000000,0.7000000000,100,110,102,110,104,111
3306,neighbor,False,MINIMUM_MAIN_STEEL,999999999.0000000000,8658.2988100000,0.2250000000,0.3500000000,0.3000000000,3.0000000000,0.8000000000,103,112,101,112,100,112
3307,neighbor,False,ENVELOPE_BASE_CONTACT,999999999.0000000000,8658.2988100000,0.2500000000,0.3500000000,0.3000000000,2.5000000000,0.8000000000,103,113,102,112,100,110
3308,neighbor,True,PASS_IMPLEMENTED_PROJECT_CHECKS,9748.7925100000,8658.2988100000,0.2750000000,0.3500000000,0.3000000000,3.0000000000,0.8000000000,102,110,101,112,101,110
3309,neighbor,False,ENVELOPE_BASE_CONTACT,999999999.0000000000,8658.2988100000,0.2000000000,0.3000000000,0.3000000000,2.5000000000,0.6000000000,104,111,101,112,102,111
3310,neighbor,False,STEM_STRESS_OR_INTERVAL_BOUND,999999999.0000000000,8658.2988100000,0.2250000000,0.3500000000,0.3000000000,3.0000000000,0.8000000000,103,113,101,112,101,110
3311,neighbor,False,ENVELOPE_BASE_CONTACT,999999999.0000000000,8658.2988100000,0.2000000000,0.3500000000,0.3000000000,2.5000000000,0.7000000000,100,110,103,112,104,110
3312,neighbor,False,MINIMUM_MAIN_STEEL,999999999.0000000000,8658.2988100000,0.2250000000,0.3500000000,0.3000000000,3.0000000000,0.8000000000,101,113,101,112,101,110
3313,neighbor,True,PASS_IMPLEMENTED_PROJECT_CHECKS,8849.5673300000,8658.2988100000,0.2250000000,0.3500000000,0.3000000000,3.0000000000,0.8000000000,104,113,101,112,101,110
3314,neighbor,True,PASS_IMPLEMENTED_PROJECT_CHECKS,9903.3650760000,8658.2988100000,0.2250000000,0.3500000000,0.3000000000,3.0000000000,0.9000000000,103,111,104,113,103,112
3315,neighbor,False,MINIMUM_MAIN_STEEL,999999999.0000000000,8658.2988100000,0.2250000000,0.2500000000,0.3000000000,3.0000000000,0.7000000000,101,113,100,113,103,111
3316,neighbor,True,PASS_IMPLEMENTED_PROJECT_CHECKS,9040.1092700000,8658.2988100000,0.2250000000,0.3500000000,0.3000000000,3.0000000000,0.8000000000,103,112,103,112,101,110
3317,neighbor,False,ENVELOPE_BASE_CONTACT,999999999.0000000000,8658.2988100000,0.2750000000,0.3000000000,0.3000000000,2.5000000000,0.9000000000,104,110,104,111,103,112
3318,neighbor,False,MINIMUM_MAIN_STEEL,999999999.0000000000,8658.2988100000,0.2000000000,0.3500000000,0.3000000000,3.0000000000,0.9000000000,104,113,100,111,100,113
3319,neighbor,False,MINIMUM_MAIN_STEEL,999999999.0000000000,8658.2988100000,0.2500000000,0.3500000000,0.3000000000,3.0000000000,1.0000000000,103,113,100,110,100,113
3320,neighbor,False,MEMBER_FLEXURE,999999999.0000000000,8658.2988100000,0.2250000000,0.3500000000,0.3000000000,3.0000000000,0.8000000000,103,112,101,112,101,111
3321,neighbor,False,STEM_STRESS_OR_INTERVAL_BOUND,999999999.0000000000,8658.2988100000,0.2250000000,0.2500000000,0.3000000000,3.0000000000,0.8000000000,100,111,101,112,101,110
3322,neighbor,False,ENVELOPE_BASE_CONTACT,999999999.0000000000,8658.2988100000,0.2500000000,0.3500000000,0.3000000000,2.5000000000,0.7000000000,104,110,101,112,102,111
3323,neighbor,False,STEM_STRESS_OR_INTERVAL_BOUND,999999999.0000000000,8658.2988100000,0.2250000000,0.3500000000,0.3000000000,3.0000000000,0.8000000000,101,110,101,112,101,110
3324,neighbor,False,STEM_STRESS_OR_INTERVAL_BOUND,999999999.0000000000,8658.2988100000,0.2500000000,0.3000000000,0.3000000000,3.0000000000,0.8000000000,103,112,101,112,101,110
3325,neighbor,False,MINIMUM_MAIN_STEEL,999999999.0000000000,8658.2988100000,0.2500000000,0.3500000000,0.3000000000,2.5000000000,0.8000000000,101,113,103,112,101,113
3326,neighbor,False,STEM_STRESS_OR_INTERVAL_BOUND,999999999.0000000000,8658.2988100000,0.2000000000,0.3500000000,0.3000000000,3.0000000000,1.0000000000,102,112,102,113,102,110
3327,neighbor,False,MINIMUM_MAIN_STEEL,999999999.0000000000,8658.2988100000,0.2000000000,0.3000000000,0.3000000000,2.5000000000,0.6000000000,100,111,103,110,100,111
3328,neighbor,False,ENVELOPE_BASE_CONTACT,999999999.0000000000,8658.2988100000,0.2750000000,0.3500000000,0.3000000000,2.5000000000,0.8000000000,102,110,104,112,101,112
3329,neighbor,False,STEM_STRESS_OR_INTERVAL_BOUND,999999999.0000000000,8658.2988100000,0.2750000000,0.3000000000,0.3000000000,3.0000000000,0.9000000000,104,112,102,113,104,110
3330,neighbor,True,PASS_IMPLEMENTED_PROJECT_CHECKS,9220.5262400000,8658.2988100000,0.2250000000,0.3500000000,0.3000000000,3.0000000000,0.8000000000,103,112,101,112,102,110
3331,neighbor,False,STEM_STRESS_OR_INTERVAL_BOUND,999999999.0000000000,8658.2988100000,0.2250000000,0.3000000000,0.3000000000,3.0000000000,1.0000000000,102,112,101,110,103,113
3332,neighbor,False,MAXIMUM_MAIN_STEEL,999999999.0000000000,8658.2988100000,0.2500000000,0.3500000000,0.3000000000,3.0000000000,1.0000000000,104,111,104,112,103,111
3333,neighbor,False,ENVELOPE_BASE_CONTACT,999999999.0000000000,8658.2988100000,0.2250000000,0.3500000000,0.3000000000,2.5000000000,1.0000000000,104,112,104,111,103,110
3334,neighbor,False,STEM_STRESS_OR_INTERVAL_BOUND,999999999.0000000000,8658.2988100000,0.2250000000,0.3500000000,0.3000000000,3.0000000000,0.8000000000,102,112,101,112,101,110
3335,neighbor,False,ENVELOPE_BASE_CONTACT,999999999.0000000000,8658.2988100000,0.2500000000,0.2500000000,0.3000000000,2.5000000000,1.0000000000,100,110,104,111,104,113
3336,neighbor,False,MINIMUM_MAIN_STEEL,999999999.0000000000,8658.2988100000,0.2250000000,0.3500000000,0.3000000000,3.0000000000,1.0000000000,103,112,101,113,100,113
3337,neighbor,False,MINIMUM_MAIN_STEEL,999999999.0000000000,8658.2988100000,0.2500000000,0.2500000000,0.3000000000,2.5000000000,0.6000000000,104,111,100,110,100,112
3338,neighbor,False,ENVELOPE_BASE_CONTACT,999999999.0000000000,8658.2988100000,0.2500000000,0.3000000000,0.3000000000,2.5000000000,1.0000000000,104,112,101,113,100,111
3339,neighbor,False,MAXIMUM_MAIN_STEEL,999999999.0000000000,8658.2988100000,0.2250000000,0.3500000000,0.3000000000,3.0000000000,0.6000000000,103,110,101,112,104,111
3340,neighbor,True,PASS_IMPLEMENTED_PROJECT_CHECKS,8876.3883200000,8658.2988100000,0.2250000000,0.3500000000,0.3000000000,3.0000000000,0.8000000000,103,112,102,113,101,110
3341,neighbor,False,ENVELOPE_BASE_CONTACT,999999999.0000000000,8658.2988100000,0.2250000000,0.3500000000,0.3000000000,2.5000000000,0.9000000000,103,112,101,113,100,110
3342,neighbor,False,ENVELOPE_BASE_CONTACT,999999999.0000000000,8658.2988100000,0.2500000000,0.3000000000,0.3000000000,2.5000000000,0.9000000000,102,110,100,110,101,110
3343,neighbor,True,PASS_IMPLEMENTED_PROJECT_CHECKS,8979.4520000000,8658.2988100000,0.2250000000,0.3500000000,0.3000000000,3.0000000000,0.8000000000,103,112,101,110,101,110
3344,neighbor,False,MINIMUM_MAIN_STEEL,999999999.0000000000,8658.2988100000,0.2500000000,0.2500000000,0.3000000000,3.0000000000,0.6000000000,100,112,101,111,103,111
3345,neighbor,False,MINIMUM_MAIN_STEEL,999999999.0000000000,8658.2988100000,0.2250000000,0.3500000000,0.3000000000,3.0000000000,0.8000000000,103,112,100,110,100,113
3346,neighbor,False,STEM_STRESS_OR_INTERVAL_BOUND,999999999.0000000000,8658.2988100000,0.2000000000,0.3500000000,0.3000000000,3.0000000000,0.6000000000,101,111,101,110,103,112
3347,neighbor,False,STEM_STRESS_OR_INTERVAL_BOUND,999999999.0000000000,8658.2988100000,0.2250000000,0.3500000000,0.3000000000,3.0000000000,0.8000000000,100,110,101,112,101,110
3348,neighbor,False,MAXIMUM_MAIN_STEEL,999999999.0000000000,8658.2988100000,0.2000000000,0.3000000000,0.3000000000,3.0000000000,0.8000000000,102,110,101,112,101,110
3349,neighbor,True,PASS_IMPLEMENTED_PROJECT_CHECKS,8990.9035200000,8658.2988100000,0.2250000000,0.3500000000,0.3000000000,3.0000000000,0.8000000000,103,112,102,111,101,110
3350,neighbor,False,STEM_STRESS_OR_INTERVAL_BOUND,999999999.0000000000,8658.2988100000,0.2500000000,0.3500000000,0.3000000000,3.0000000000,0.9000000000,103,113,102,113,101,112
3351,neighbor,True,PASS_IMPLEMENTED_PROJECT_CHECKS,9862.1383700000,8658.2988100000,0.2750000000,0.3000000000,0.3000000000,3.0000000000,0.8000000000,102,110,102,113,104,112
3352,neighbor,False,MINIMUM_MAIN_STEEL,999999999.0000000000,8658.2988100000,0.2000000000,0.3500000000,0.3000000000,2.5000000000,0.9000000000,100,111,100,112,103,111
3353,neighbor,False,MAXIMUM_MAIN_STEEL,999999999.0000000000,8658.2988100000,0.2500000000,0.3000000000,0.3000000000,3.0000000000,1.0000000000,104,110,101,110,100,110
3354,neighbor,True,PASS_IMPLEMENTED_PROJECT_CHECKS,9265.7400000000,8658.2988100000,0.2250000000,0.3500000000,0.3000000000,3.0000000000,0.8000000000,103,112,104,111,101,110
3355,neighbor,False,MAXIMUM_MAIN_STEEL,999999999.0000000000,8658.2988100000,0.2250000000,0.3500000000,0.3000000000,3.0000000000,0.9000000000,103,112,103,112,104,110
3356,neighbor,False,ENVELOPE_BASE_CONTACT,999999999.0000000000,8658.2988100000,0.2250000000,0.3500000000,0.3000000000,2.5000000000,0.7000000000,102,111,103,110,103,110
3357,neighbor,False,MINIMUM_MAIN_STEEL,999999999.0000000000,8658.2988100000,0.2250000000,0.3500000000,0.3000000000,3.0000000000,0.8000000000,103,112,100,113,101,110
3358,neighbor,False,STEM_STRESS_OR_INTERVAL_BOUND,999999999.0000000000,8658.2988100000,0.2750000000,0.3500000000,0.3000000000,3.0000000000,1.0000000000,103,113,101,112,103,113
3359,neighbor,False,MINIMUM_MAIN_STEEL,999999999.0000000000,8658.2988100000,0.2250000000,0.2500000000,0.3000000000,3.0000000000,0.9000000000,103,111,100,113,104,112
3360,neighbor,True,PASS_IMPLEMENTED_PROJECT_CHECKS,9555.4400100000,8658.2988100000,0.2250000000,0.3500000000,0.3000000000,3.0000000000,0.8000000000,103,111,101,112,101,110
3361,neighbor,False,STEM_STRESS_OR_INTERVAL_BOUND,999999999.0000000000,8658.2988100000,0.2500000000,0.2500000000,0.3000000000,3.0000000000,0.9000000000,103,110,101,111,103,113
3362,neighbor,True,PASS_IMPLEMENTED_PROJECT_CHECKS,8842.0337600000,8658.2988100000,0.2250000000,0.3500000000,0.3000000000,3.0000000000,0.8000000000,103,112,101,112,101,110
3363,neighbor,False,MEMBER_FLEXURE,999999999.0000000000,8658.2988100000,0.2250000000,0.3500000000,0.3000000000,3.0000000000,0.8000000000,103,112,101,112,102,112
3364,neighbor,False,STEM_STRESS_OR_INTERVAL_BOUND,999999999.0000000000,8658.2988100000,0.2500000000,0.3500000000,0.3000000000,3.0000000000,0.9000000000,103,113,103,112,101,110
3365,neighbor,True,PASS_IMPLEMENTED_PROJECT_CHECKS,9040.1092700000,8658.2988100000,0.2250000000,0.3500000000,0.3000000000,3.0000000000,0.8000000000,103,112,103,112,101,110
3366,neighbor,True,PASS_IMPLEMENTED_PROJECT_CHECKS,9634.8108900000,8658.2988100000,0.2750000000,0.3000000000,0.3000000000,3.0000000000,0.9000000000,103,111,101,111,102,111
3367,neighbor,False,MINIMUM_MAIN_STEEL,999999999.0000000000,8658.2988100000,0.2000000000,0.3500000000,0.3000000000,3.0000000000,0.9000000000,104,112,103,113,100,113
3368,neighbor,False,STEM_STRESS_OR_INTERVAL_BOUND,999999999.0000000000,8658.2988100000,0.2250000000,0.3500000000,0.3000000000,3.0000000000,1.0000000000,101,112,101,113,103,113
3369,neighbor,True,PASS_IMPLEMENTED_PROJECT_CHECKS,8979.4520000000,8658.2988100000,0.2250000000,0.3500000000,0.3000000000,3.0000000000,0.8000000000,103,112,101,110,101,110
3370,neighbor,False,MEMBER_FLEXURE,999999999.0000000000,8658.2988100000,0.2250000000,0.3500000000,0.3000000000,3.0000000000,0.8000000000,103,112,101,112,100,110
3371,neighbor,False,ENVELOPE_BASE_CONTACT,999999999.0000000000,8658.2988100000,0.2000000000,0.3500000000,0.3000000000,2.5000000000,0.6000000000,104,110,100,111,103,112
3372,neighbor,False,STEM_STRESS_OR_INTERVAL_BOUND,999999999.0000000000,8658.2988100000,0.2750000000,0.3500000000,0.3000000000,3.0000000000,1.0000000000,102,113,104,111,103,111
3373,neighbor,True,PASS_IMPLEMENTED_PROJECT_CHECKS,9375.6030200000,8658.2988100000,0.2250000000,0.3500000000,0.3000000000,3.0000000000,0.8000000000,103,112,103,110,101,110
3374,neighbor,False,ENVELOPE_BASE_CONTACT,999999999.0000000000,8658.2988100000,0.2500000000,0.2500000000,0.3000000000,2.5000000000,1.0000000000,104,110,103,110,102,112
3375,neighbor,False,MINIMUM_MAIN_STEEL,999999999.0000000000,8658.2988100000,0.2750000000,0.3500000000,0.3000000000,2.5000000000,0.9000000000,100,111,103,112,100,111
3376,neighbor,False,MINIMUM_MAIN_STEEL,999999999.0000000000,8658.2988100000,0.2750000000,0.3000000000,0.3000000000,2.5000000000,1.0000000000,100,112,100,110,101,113
3377,neighbor,False,MINIMUM_MAIN_STEEL,999999999.0000000000,8658.2988100000,0.2000000000,0.3500000000,0.3000000000,3.0000000000,0.8000000000,100,111,101,112,103,113
3378,neighbor,False,STEM_STRESS_OR_INTERVAL_BOUND,999999999.0000000000,8658.2988100000,0.2750000000,0.3500000000,0.3000000000,3.0000000000,0.8000000000,101,110,101,112,101,110
3379,neighbor,False,STEM_STRESS_OR_INTERVAL_BOUND,999999999.0000000000,8658.2988100000,0.2000000000,0.3500000000,0.3000000000,3.0000000000,0.8000000000,102,111,101,112,101,110
3380,neighbor,False,ENVELOPE_BASE_CONTACT,999999999.0000000000,8658.2988100000,0.2750000000,0.3500000000,0.3000000000,2.5000000000,0.8000000000,102,111,104,110,102,111
3381,neighbor,False,STEM_STRESS_OR_INTERVAL_BOUND,999999999.0000000000,8658.2988100000,0.2750000000,0.3500000000,0.3000000000,3.0000000000,1.0000000000,103,113,104,111,103,113
3382,neighbor,False,MAXIMUM_MAIN_STEEL,999999999.0000000000,8658.2988100000,0.2000000000,0.3500000000,0.3000000000,3.0000000000,1.0000000000,103,110,103,113,102,112
3383,neighbor,False,MINIMUM_MAIN_STEEL,999999999.0000000000,8658.2988100000,0.2250000000,0.3500000000,0.3000000000,3.0000000000,0.8000000000,103,112,100,113,101,110
3384,neighbor,False,STEM_STRESS_OR_INTERVAL_BOUND,999999999.0000000000,8658.2988100000,0.2000000000,0.3500000000,0.3000000000,3.0000000000,0.8000000000,102,112,104,111,104,112
3385,neighbor,False,MAXIMUM_MAIN_STEEL,999999999.0000000000,8658.2988100000,0.2250000000,0.3500000000,0.3000000000,3.0000000000,0.8000000000,103,112,101,112,104,110
3386,neighbor,False,STEM_STRESS_OR_INTERVAL_BOUND,999999999.0000000000,8658.2988100000,0.2750000000,0.3000000000,0.3000000000,3.0000000000,0.9000000000,103,112,103,110,100,111
3387,neighbor,False,MINIMUM_MAIN_STEEL,999999999.0000000000,8658.2988100000,0.2000000000,0.3500000000,0.3000000000,3.0000000000,0.9000000000,100,111,103,113,100,112
3388,neighbor,False,MEMBER_FLEXURE,999999999.0000000000,8658.2988100000,0.2250000000,0.3500000000,0.3000000000,3.0000000000,0.6000000000,102,110,101,111,103,113
3389,neighbor,False,STEM_STRESS_OR_INTERVAL_BOUND,999999999.0000000000,8658.2988100000,0.2750000000,0.3500000000,0.3000000000,3.0000000000,1.0000000000,102,111,104,112,100,111
3390,neighbor,False,MINIMUM_MAIN_STEEL,999999999.0000000000,8658.2988100000,0.2000000000,0.3500000000,0.3000000000,3.0000000000,0.7000000000,103,111,100,113,102,112
3391,neighbor,True,PASS_IMPLEMENTED_PROJECT_CHECKS,8859.2110400000,8658.2988100000,0.2250000000,0.3500000000,0.3000000000,3.0000000000,0.8000000000,103,112,100,110,101,110
3392,neighbor,False,MINIMUM_MAIN_STEEL,999999999.0000000000,8658.2988100000,0.2500000000,0.3500000000,0.3000000000,2.5000000000,0.8000000000,104,111,104,113,100,112
3393,neighbor,True,PASS_IMPLEMENTED_PROJECT_CHECKS,8849.5673300000,8658.2988100000,0.2250000000,0.3500000000,0.3000000000,3.0000000000,0.8000000000,104,113,101,112,101,110
3394,neighbor,False,MINIMUM_MAIN_STEEL,999999999.0000000000,8658.2988100000,0.2500000000,0.3500000000,0.3000000000,2.5000000000,0.9000000000,100,113,100,110,103,112
3395,neighbor,False,STEM_STRESS_OR_INTERVAL_BOUND,999999999.0000000000,8658.2988100000,0.2000000000,0.3000000000,0.3000000000,3.0000000000,0.8000000000,103,112,101,112,101,110
3396,neighbor,False,MAXIMUM_MAIN_STEEL,999999999.0000000000,8658.2988100000,0.2250000000,0.3500000000,0.3000000000,3.0000000000,0.8000000000,103,112,104,110,101,110
3397,neighbor,False,MINIMUM_MAIN_STEEL,999999999.0000000000,8658.2988100000,0.2250000000,0.3500000000,0.3000000000,3.0000000000,0.8000000000,103,112,101,112,100,112
3398,neighbor,False,MEMBER_FLEXURE,999999999.0000000000,8658.2988100000,0.2250000000,0.3500000000,0.3000000000,3.0000000000,0.6000000000,103,112,101,110,101,111
3399,neighbor,False,MINIMUM_MAIN_STEEL,999999999.0000000000,8658.2988100000,0.2250000000,0.2500000000,0.3000000000,2.5000000000,0.6000000000,100,113,102,112,103,113
3400,neighbor,True,PASS_IMPLEMENTED_PROJECT_CHECKS,8993.4307520000,8658.2988100000,0.2250000000,0.3500000000,0.3000000000,3.0000000000,0.8000000000,103,112,101,112,104,113
3401,neighbor,False,MAXIMUM_MAIN_STEEL,999999999.0000000000,8658.2988100000,0.2250000000,0.3500000000,0.3000000000,3.0000000000,0.8000000000,103,112,101,112,104,110
3402,neighbor,False,MINIMUM_MAIN_STEEL,999999999.0000000000,8658.2988100000,0.2000000000,0.3500000000,0.3000000000,3.0000000000,0.8000000000,100,113,103,113,100,113
3403,neighbor,False,ENVELOPE_BASE_CONTACT,999999999.0000000000,8658.2988100000,0.2250000000,0.3500000000,0.3000000000,2.5000000000,0.8000000000,103,112,104,111,104,112
3404,neighbor,False,MINIMUM_MAIN_STEEL,999999999.0000000000,8658.2988100000,0.2500000000,0.2500000000,0.3000000000,3.0000000000,0.9000000000,100,112,104,113,101,113
3405,neighbor,False,MINIMUM_MAIN_STEEL,999999999.0000000000,8658.2988100000,0.2000000000,0.2500000000,0.3000000000,2.5000000000,0.7000000000,100,112,102,110,100,111
3406,neighbor,False,MAXIMUM_MAIN_STEEL,999999999.0000000000,8658.2988100000,0.2500000000,0.3500000000,0.3000000000,3.0000000000,0.7000000000,104,110,101,110,102,112
3407,neighbor,False,STEM_STRESS_OR_INTERVAL_BOUND,999999999.0000000000,8658.2988100000,0.2250000000,0.3500000000,0.3000000000,3.0000000000,0.7000000000,101,112,104,112,100,111
3408,neighbor,True,PASS_IMPLEMENTED_PROJECT_CHECKS,8842.0337600000,8658.2988100000,0.2250000000,0.3500000000,0.3000000000,3.0000000000,0.8000000000,103,112,101,112,101,110
3409,neighbor,False,MAXIMUM_MAIN_STEEL,999999999.0000000000,8658.2988100000,0.2750000000,0.3500000000,0.3000000000,3.0000000000,0.8000000000,103,110,101,112,101,110
3410,neighbor,False,STEM_STRESS_OR_INTERVAL_BOUND,999999999.0000000000,8658.2988100000,0.2000000000,0.3000000000,0.3000000000,3.0000000000,1.0000000000,104,112,103,113,104,110
3411,neighbor,False,STEM_STRESS_OR_INTERVAL_BOUND,999999999.0000000000,8658.2988100000,0.2250000000,0.3500000000,0.3000000000,3.0000000000,0.8000000000,102,113,101,112,101,110
3412,neighbor,False,STEM_STRESS_OR_INTERVAL_BOUND,999999999.0000000000,8658.2988100000,0.2000000000,0.3500000000,0.3000000000,3.0000000000,0.9000000000,100,110,102,111,101,110
3413,neighbor,True,PASS_IMPLEMENTED_PROJECT_CHECKS,8688.2850100000,8658.2988100000,0.2000000000,0.3500000000,0.3000000000,3.0000000000,0.8000000000,103,112,101,112,101,110
3414,neighbor,True,PASS_IMPLEMENTED_PROJECT_CHECKS,8695.8185800000,8658.2988100000,0.2000000000,0.3500000000,0.3000000000,3.0000000000,0.8000000000,104,113,101,112,101,110
3415,neighbor,False,ENVELOPE_BASE_CONTACT,999999999.0000000000,8658.2988100000,0.2000000000,0.3000000000,0.3000000000,2.5000000000,1.0000000000,102,111,104,110,103,113
3416,neighbor,False,STEM_STRESS_OR_INTERVAL_BOUND,999999999.0000000000,8658.2988100000,0.2000000000,0.3500000000,0.3000000000,3.0000000000,0.8000000000,102,112,101,112,101,110
3417,neighbor,True,PASS_IMPLEMENTED_PROJECT_CHECKS,8819.2617700000,8658.2988100000,0.2000000000,0.3500000000,0.3000000000,3.0000000000,0.8000000000,103,112,103,113,101,110
3418,neighbor,False,MINIMUM_MAIN_STEEL,999999999.0000000000,8658.2988100000,0.2250000000,0.3000000000,0.3000000000,2.5000000000,0.8000000000,104,112,100,113,101,112
3419,neighbor,False,MINIMUM_MAIN_STEEL,999999999.0000000000,8658.2988100000,0.2500000000,0.3000000000,0.3000000000,3.0000000000,0.6000000000,100,112,104,113,103,112
3420,neighbor,False,MINIMUM_MAIN_STEEL,999999999.0000000000,8658.2988100000,0.2250000000,0.3000000000,0.3000000000,3.0000000000,0.6000000000,104,113,102,111,100,112
3421,neighbor,True,PASS_IMPLEMENTED_PROJECT_CHECKS,8837.5496500000,8658.2988100000,0.2000000000,0.3500000000,0.3000000000,3.0000000000,0.7000000000,103,112,100,111,104,113
3422,neighbor,False,MINIMUM_MAIN_STEEL,999999999.0000000000,8658.2988100000,0.2000000000,0.3500000000,0.3000000000,3.0000000000,0.8000000000,101,112,100,113,100,113
3423,neighbor,False,MAXIMUM_MAIN_STEEL,999999999.0000000000,8658.2988100000,0.2000000000,0.3500000000,0.3000000000,3.0000000000,0.8000000000,103,111,101,112,101,110
3424,neighbor,False,MINIMUM_MAIN_STEEL,999999999.0000000000,8658.2988100000,0.2000000000,0.3500000000,0.3000000000,3.0000000000,0.9000000000,103,112,103,110,100,113
3425,neighbor,False,MINIMUM_MAIN_STEEL,999999999.0000000000,8658.2988100000,0.2000000000,0.3500000000,0.3000000000,2.5000000000,0.8000000000,103,112,101,110,100,112
3426,neighbor,True,PASS_IMPLEMENTED_PROJECT_CHECKS,8836.7907400000,8658.2988100000,0.2000000000,0.3500000000,0.3000000000,3.0000000000,0.8000000000,103,112,101,112,103,112
3427,neighbor,False,STEM_STRESS_OR_INTERVAL_BOUND,999999999.0000000000,8658.2988100000,0.2000000000,0.3500000000,0.3000000000,3.0000000000,0.8000000000,101,112,102,110,101,110
3428,neighbor,False,ENVELOPE_BASE_CONTACT,999999999.0000000000,8658.2988100000,0.2500000000,0.3500000000,0.3000000000,2.5000000000,0.8000000000,103,113,101,113,102,113
3429,neighbor,False,STEM_STRESS_OR_INTERVAL_BOUND,999999999.0000000000,8658.2988100000,0.2000000000,0.3500000000,0.3000000000,3.0000000000,1.0000000000,103,113,103,113,102,110
3430,neighbor,False,STEM_STRESS_OR_INTERVAL_BOUND,999999999.0000000000,8658.2988100000,0.2250000000,0.3500000000,0.3000000000,3.0000000000,0.8000000000,102,111,100,110,101,112
3431,neighbor,True,PASS_IMPLEMENTED_PROJECT_CHECKS,9618.3940000000,8658.2988100000,0.2000000000,0.3500000000,0.3000000000,3.0000000000,0.7000000000,103,112,103,112,104,111
3432,neighbor,True,PASS_IMPLEMENTED_PROJECT_CHECKS,8722.6395700000,8658.2988100000,0.2000000000,0.3500000000,0.3000000000,3.0000000000,0.8000000000,103,112,102,113,101,110
3433,neighbor,False,STEM_STRESS_OR_INTERVAL_BOUND,999999999.0000000000,8658.2988100000,0.2000000000,0.2500000000,0.3000000000,3.0000000000,0.9000000000,101,113,104,112,103,111
3434,neighbor,True,PASS_IMPLEMENTED_PROJECT_CHECKS,8695.8185800000,8658.2988100000,0.2000000000,0.3500000000,0.3000000000,3.0000000000,0.8000000000,104,113,101,112,101,110
3435,neighbor,False,STEM_STRESS_OR_INTERVAL_BOUND,999999999.0000000000,8658.2988100000,0.2000000000,0.3500000000,0.3000000000,3.0000000000,0.8000000000,103,113,103,110,100,110
3436,neighbor,False,ENVELOPE_BASE_CONTACT,999999999.0000000000,8658.2988100000,0.2500000000,0.2500000000,0.3000000000,2.5000000000,0.8000000000,104,110,103,110,100,110
3437,neighbor,False,STEM_STRESS_OR_INTERVAL_BOUND,999999999.0000000000,8658.2988100000,0.2000000000,0.3500000000,0.3000000000,3.0000000000,0.7000000000,102,111,103,113,101,110
3438,neighbor,False,MINIMUM_MAIN_STEEL,999999999.0000000000,8658.2988100000,0.2000000000,0.3500000000,0.3000000000,3.0000000000,0.8000000000,103,111,100,113,101,112
3439,reset,True,PASS_IMPLEMENTED_PROJECT_CHECKS,8688.2850100000,8658.2988100000,0.2000000000,0.3500000000,0.3000000000,3.0000000000,0.8000000000,103,112,101,112,101,110
3440,neighbor,False,STEM_STRESS_OR_INTERVAL_BOUND,999999999.0000000000,8658.2988100000,0.2500000000,0.3500000000,0.3000000000,3.0000000000,1.0000000000,101,111,104,111,104,112
3441,neighbor,False,MINIMUM_MAIN_STEEL,999999999.0000000000,8658.2988100000,0.2000000000,0.3500000000,0.3000000000,3.0000000000,0.8000000000,100,112,101,112,101,110
3442,neighbor,True,PASS_IMPLEMENTED_PROJECT_CHECKS,9812.9032500000,8658.2988100000,0.2000000000,0.3500000000,0.3000000000,3.0000000000,0.7000000000,103,112,104,111,104,111
3443,neighbor,True,PASS_IMPLEMENTED_PROJECT_CHECKS,8995.7825100000,8658.2988100000,0.2500000000,0.3500000000,0.3000000000,3.0000000000,0.8000000000,103,112,101,112,101,110
3444,neighbor,False,MINIMUM_MAIN_STEEL,999999999.0000000000,8658.2988100000,0.2250000000,0.3500000000,0.3000000000,3.0000000000,0.8000000000,100,111,101,112,101,110
3445,neighbor,False,MAXIMUM_MAIN_STEEL,999999999.0000000000,8658.2988100000,0.2000000000,0.3500000000,0.3000000000,3.0000000000,0.8000000000,103,111,100,110,104,110
3446,neighbor,False,MAXIMUM_MAIN_STEEL,999999999.0000000000,8658.2988100000,0.2000000000,0.3500000000,0.3000000000,3.0000000000,0.8000000000,103,111,101,112,101,110
3447,neighbor,False,MINIMUM_MAIN_STEEL,999999999.0000000000,8658.2988100000,0.2250000000,0.3500000000,0.3000000000,3.0000000000,0.6000000000,101,110,102,111,100,112
3448,neighbor,True,PASS_IMPLEMENTED_PROJECT_CHECKS,9291.6184600000,8658.2988100000,0.2000000000,0.3500000000,0.3000000000,3.0000000000,0.9000000000,103,112,104,111,103,112
3449,neighbor,False,MAXIMUM_MAIN_STEEL,999999999.0000000000,8658.2988100000,0.2000000000,0.3500000000,0.3000000000,3.0000000000,0.7000000000,104,112,102,110,103,112
3450,neighbor,False,MEMBER_FLEXURE,999999999.0000000000,8658.2988100000,0.2250000000,0.3500000000,0.3000000000,3.0000000000,0.6000000000,103,112,101,113,103,113
3451,neighbor,False,STEM_STRESS_OR_INTERVAL_BOUND,999999999.0000000000,8658.2988100000,0.2000000000,0.3500000000,0.3000000000,3.0000000000,1.0000000000,100,110,103,112,101,112
3452,neighbor,False,STEM_STRESS_OR_INTERVAL_BOUND,999999999.0000000000,8658.2988100000,0.2000000000,0.3500000000,0.3000000000,3.0000000000,0.6000000000,101,111,104,113,101,110
3453,neighbor,False,STEM_STRESS_OR_INTERVAL_BOUND,999999999.0000000000,8658.2988100000,0.2000000000,0.3500000000,0.3000000000,3.0000000000,0.7000000000,103,113,102,111,104,110
3454,neighbor,False,MEMBER_FLEXURE,999999999.0000000000,8658.2988100000,0.2500000000,0.3500000000,0.3000000000,3.0000000000,0.8000000000,104,113,104,113,101,111
3455,neighbor,False,MINIMUM_MAIN_STEEL,999999999.0000000000,8658.2988100000,0.2000000000,0.3500000000,0.3000000000,3.0000000000,0.6000000000,103,113,100,113,102,113
3456,neighbor,True,PASS_IMPLEMENTED_PROJECT_CHECKS,9389.1970100000,8658.2988100000,0.2000000000,0.3500000000,0.3000000000,3.0000000000,0.8000000000,103,112,101,112,104,111
3457,neighbor,False,MINIMUM_MAIN_STEEL,999999999.0000000000,8658.2988100000,0.2250000000,0.3500000000,0.3000000000,3.0000000000,1.0000000000,102,113,104,112,100,113
3458,neighbor,False,MAXIMUM_MAIN_STEEL,999999999.0000000000,8658.2988100000,0.2000000000,0.3500000000,0.3000000000,3.0000000000,0.7000000000,104,111,102,111,104,112
3459,neighbor,False,MINIMUM_MAIN_STEEL,999999999.0000000000,8658.2988100000,0.2000000000,0.3500000000,0.3000000000,3.0000000000,0.9000000000,101,113,102,110,104,110
3460,neighbor,False,MINIMUM_MAIN_STEEL,999999999.0000000000,8658.2988100000,0.2500000000,0.3500000000,0.3000000000,3.0000000000,1.0000000000,102,111,101,113,100,113
3461,neighbor,False,MAXIMUM_MAIN_STEEL,999999999.0000000000,8658.2988100000,0.2000000000,0.3500000000,0.3000000000,3.0000000000,0.7000000000,104,111,104,113,103,113
3462,neighbor,False,MAXIMUM_MAIN_STEEL,999999999.0000000000,8658.2988100000,0.2500000000,0.3500000000,0.3000000000,3.0000000000,0.7000000000,103,110,100,110,104,112
3463,neighbor,False,STEM_STRESS_OR_INTERVAL_BOUND,999999999.0000000000,8658.2988100000,0.2000000000,0.3500000000,0.3000000000,3.0000000000,1.0000000000,101,112,101,111,102,110
3464,neighbor,False,STEM_STRESS_OR_INTERVAL_BOUND,999999999.0000000000,8658.2988100000,0.2000000000,0.3500000000,0.3000000000,3.0000000000,0.6000000000,102,111,101,113,101,113
3465,neighbor,False,MINIMUM_MAIN_STEEL,999999999.0000000000,8658.2988100000,0.2000000000,0.3500000000,0.3000000000,3.0000000000,1.0000000000,100,113,102,110,104,112
3466,neighbor,False,MAXIMUM_MAIN_STEEL,999999999.0000000000,8658.2988100000,0.2000000000,0.3500000000,0.3000000000,3.0000000000,0.8000000000,104,110,101,112,101,110
3467,neighbor,False,MAXIMUM_MAIN_STEEL,999999999.0000000000,8658.2988100000,0.2000000000,0.3500000000,0.3000000000,3.0000000000,0.8000000000,104,110,101,112,101,110
3468,neighbor,True,PASS_IMPLEMENTED_PROJECT_CHECKS,9672.5357500000,8658.2988100000,0.2000000000,0.3500000000,0.3000000000,3.0000000000,0.9000000000,103,112,102,112,103,110
3469,neighbor,False,MINIMUM_MAIN_STEEL,999999999.0000000000,8658.2988100000,0.2000000000,0.3500000000,0.3000000000,3.0000000000,0.7000000000,100,113,101,110,101,111
3470,neighbor,False,STEM_STRESS_OR_INTERVAL_BOUND,999999999.0000000000,8658.2988100000,0.2000000000,0.3500000000,0.3000000000,3.0000000000,0.7000000000,102,111,101,112,101,110
3471,neighbor,False,MINIMUM_MAIN_STEEL,999999999.0000000000,8658.2988100000,0.2000000000,0.3500000000,0.3000000000,3.0000000000,0.8000000000,100,111,101,112,101,110
3472,neighbor,False,STEM_STRESS_OR_INTERVAL_BOUND,999999999.0000000000,8658.2988100000,0.2000000000,0.3500000000,0.3000000000,3.0000000000,1.0000000000,101,112,103,112,103,110
3473,neighbor,False,MINIMUM_MAIN_STEEL,999999999.0000000000,8658.2988100000,0.2000000000,0.3500000000,0.3000000000,3.0000000000,0.7000000000,100,110,100,112,104,113
3474,neighbor,False,STEM_STRESS_OR_INTERVAL_BOUND,999999999.0000000000,8658.2988100000,0.2000000000,0.3500000000,0.3000000000,3.0000000000,0.6000000000,101,111,102,112,102,112
3475,neighbor,False,MINIMUM_MAIN_STEEL,999999999.0000000000,8658.2988100000,0.2500000000,0.3500000000,0.3000000000,3.0000000000,1.0000000000,100,112,101,112,101,113
3476,neighbor,False,STEM_STRESS_OR_INTERVAL_BOUND,999999999.0000000000,8658.2988100000,0.2000000000,0.3500000000,0.3000000000,3.0000000000,0.8000000000,101,111,101,112,101,110
3477,neighbor,False,MINIMUM_MAIN_STEEL,999999999.0000000000,8658.2988100000,0.2000000000,0.3500000000,0.3000000000,3.0000000000,1.0000000000,100,111,100,110,102,112
3478,neighbor,True,PASS_IMPLEMENTED_PROJECT_CHECKS,10144.9650000000,8658.2988100000,0.2250000000,0.3500000000,0.3000000000,3.0000000000,0.7000000000,103,111,103,112,102,110
3479,neighbor,False,MINIMUM_MAIN_STEEL,999999999.0000000000,8658.2988100000,0.2000000000,0.3500000000,0.3000000000,3.0000000000,0.8000000000,103,112,101,112,100,112
3480,neighbor,True,PASS_IMPLEMENTED_PROJECT_CHECKS,8660.8013620000,8658.2988100000,0.2000000000,0.3500000000,0.3000000000,3.0000000000,0.8000000000,103,112,101,113,101,110
3481,neighbor,True,PASS_IMPLEMENTED_PROJECT_CHECKS,9083.1008420000,8658.2988100000,0.2000000000,0.3500000000,0.3000000000,3.0000000000,0.8000000000,103,112,101,113,103,111
3482,neighbor,False,STEM_STRESS_OR_INTERVAL_BOUND,999999999.0000000000,8658.2988100000,0.2250000000,0.3500000000,0.3000000000,3.0000000000,1.0000000000,102,112,103,110,103,112
3483,neighbor,False,MEMBER_FLEXURE,999999999.0000000000,8658.2988100000,0.2000000000,0.3500000000,0.3000000000,3.0000000000,0.8000000000,103,112,101,113,102,113
3484,neighbor,False,MINIMUM_MAIN_STEEL,999999999.0000000000,8658.2988100000,0.2000000000,0.3500000000,0.3000000000,3.0000000000,0.7000000000,103,113,104,112,100,113
3485,neighbor,False,MINIMUM_MAIN_STEEL,999999999.0000000000,8658.2988100000,0.2500000000,0.3500000000,0.3000000000,3.0000000000,0.8000000000,103,113,100,110,100,112
3486,neighbor,False,MINIMUM_MAIN_STEEL,999999999.0000000000,8658.2988100000,0.2000000000,0.3500000000,0.3000000000,3.0000000000,0.8000000000,100,112,104,110,100,111
3487,neighbor,False,MEMBER_FLEXURE,999999999.0000000000,8658.2988100000,0.2250000000,0.3500000000,0.3000000000,3.0000000000,0.6000000000,103,111,101,111,103,113
3488,neighbor,False,STEM_STRESS_OR_INTERVAL_BOUND,999999999.0000000000,8658.2988100000,0.2500000000,0.3500000000,0.3000000000,3.0000000000,0.9000000000,100,110,104,112,101,112
3489,neighbor,False,MEMBER_FLEXURE,999999999.0000000000,8658.2988100000,0.2000000000,0.3500000000,0.3000000000,3.0000000000,1.0000000000,103,112,102,113,102,112
3490,neighbor,False,MAXIMUM_MAIN_STEEL,999999999.0000000000,8658.2988100000,0.2000000000,0.3500000000,0.3000000000,3.0000000000,0.8000000000,103,112,104,110,104,113
3491,neighbor,False,STEM_STRESS_OR_INTERVAL_BOUND,999999999.0000000000,8658.2988100000,0.2000000000,0.3500000000,0.3000000000,3.0000000000,0.8000000000,103,113,101,113,101,110
3492,neighbor,False,STEM_STRESS_OR_INTERVAL_BOUND,999999999.0000000000,8658.2988100000,0.2000000000,0.3500000000,0.3000000000,3.0000000000,0.7000000000,101,112,102,111,103,112
3493,neighbor,False,MINIMUM_MAIN_STEEL,999999999.0000000000,8658.2988100000,0.2000000000,0.3500000000,0.3000000000,3.0000000000,1.0000000000,100,111,102,111,104,110
3494,neighbor,False,MAXIMUM_MAIN_STEEL,999999999.0000000000,8658.2988100000,0.2000000000,0.3500000000,0.3000000000,3.0000000000,0.6000000000,104,110,102,112,101,113
3495,neighbor,False,MINIMUM_MAIN_STEEL,999999999.0000000000,8658.2988100000,0.2000000000,0.3500000000,0.3000000000,3.0000000000,0.7000000000,100,111,100,113,104,113
3496,neighbor,False,MAXIMUM_MAIN_STEEL,999999999.0000000000,8658.2988100000,0.2000000000,0.3500000000,0.3000000000,3.0000000000,0.8000000000,104,112,100,110,101,113
3497,neighbor,False,MINIMUM_MAIN_STEEL,999999999.0000000000,8658.2988100000,0.2500000000,0.3500000000,0.3000000000,3.0000000000,0.8000000000,100,111,102,112,104,110
3498,neighbor,False,MINIMUM_MAIN_STEEL,999999999.0000000000,8658.2988100000,0.2250000000,0.3500000000,0.3000000000,3.0000000000,0.6000000000,100,111,104,110,101,111
3499,neighbor,False,MAXIMUM_MAIN_STEEL,999999999.0000000000,8658.2988100000,0.2000000000,0.3500000000,0.3000000000,3.0000000000,0.8000000000,103,111,101,113,101,110
3500,neighbor,False,MAXIMUM_MAIN_STEEL,999999999.0000000000,8658.2988100000,0.2000000000,0.3500000000,0.3000000000,3.0000000000,0.8000000000,103,111,101,111,101,111
3501,neighbor,True,PASS_IMPLEMENTED_PROJECT_CHECKS,9018.2664820000,8658.2988100000,0.2000000000,0.3500000000,0.3000000000,3.0000000000,0.8000000000,103,112,101,113,104,112
3502,neighbor,False,MAXIMUM_MAIN_STEEL,999999999.0000000000,8658.2988100000,0.2000000000,0.3500000000,0.3000000000,3.0000000000,1.0000000000,104,110,101,110,103,112
3503,neighbor,False,STEM_STRESS_OR_INTERVAL_BOUND,999999999.0000000000,8658.2988100000,0.2250000000,0.3500000000,0.3000000000,3.0000000000,0.6000000000,101,111,104,112,104,110
3504,neighbor,False,MEMBER_FLEXURE,999999999.0000000000,8658.2988100000,0.2000000000,0.3500000000,0.3000000000,3.0000000000,0.8000000000,103,112,101,113,102,112
3505,neighbor,False,STEM_STRESS_OR_INTERVAL_BOUND,999999999.0000000000,8658.2988100000,0.2250000000,0.3500000000,0.3000000000,3.0000000000,0.8000000000,101,111,104,113,104,110
3506,neighbor,True,PASS_IMPLEMENTED_PROJECT_CHECKS,8734.0910900000,8658.2988100000,0.2000000000,0.3500000000,0.3000000000,3.0000000000,0.8000000000,103,112,101,111,101,110
3507,neighbor,False,MAXIMUM_MAIN_STEEL,999999999.0000000000,8658.2988100000,0.2000000000,0.3500000000,0.3000000000,3.0000000000,0.9000000000,103,110,104,111,102,111
3508,neighbor,False,MEMBER_FLEXURE,999999999.0000000000,8658.2988100000,0.2000000000,0.3500000000,0.3000000000,3.0000000000,0.8000000000,103,112,101,113,101,111
3509,neighbor,False,MINIMUM_MAIN_STEEL,999999999.0000000000,8658.2988100000,0.2000000000,0.3500000000,0.3000000000,3.0000000000,1.0000000000,103,112,100,112,104,111
3510,neighbor,False,STEM_STRESS_OR_INTERVAL_BOUND,999999999.0000000000,8658.2988100000,0.2500000000,0.3500000000,0.3000000000,3.0000000000,0.7000000000,102,111,103,113,101,112
3511,neighbor,False,MAXIMUM_MAIN_STEEL,999999999.0000000000,8658.2988100000,0.2000000000,0.3500000000,0.3000000000,3.0000000000,0.8000000000,102,110,101,113,101,110
3512,neighbor,True,PASS_IMPLEMENTED_PROJECT_CHECKS,8971.7101300000,8658.2988100000,0.2000000000,0.3500000000,0.3000000000,3.0000000000,0.8000000000,103,112,104,112,101,110
3513,neighbor,True,PASS_IMPLEMENTED_PROJECT_CHECKS,9111.9912500000,8658.2988100000,0.2000000000,0.3500000000,0.3000000000,3.0000000000,0.8000000000,103,112,104,111,101,110
3514,neighbor,True,PASS_IMPLEMENTED_PROJECT_CHECKS,9630.6883420000,8658.2988100000,0.2000000000,0.3500000000,0.3000000000,3.0000000000,0.8000000000,103,112,101,113,103,110
3515,neighbor,False,MINIMUM_MAIN_STEEL,999999999.0000000000,8658.2988100000,0.2000000000,0.3500000000,0.3000000000,3.0000000000,0.8000000000,100,111,103,110,103,110
3516,neighbor,False,MINIMUM_MAIN_STEEL,999999999.0000000000,8658.2988100000,0.2000000000,0.3500000000,0.3000000000,3.0000000000,0.6000000000,100,110,100,112,100,111
3517,neighbor,False,STEM_STRESS_OR_INTERVAL_BOUND,999999999.0000000000,8658.2988100000,0.2500000000,0.3500000000,0.3000000000,3.0000000000,1.0000000000,100,110,102,113,102,110
3518,neighbor,False,MINIMUM_MAIN_STEEL,999999999.0000000000,8658.2988100000,0.2000000000,0.3500000000,0.3000000000,3.0000000000,0.8000000000,100,112,101,113,101,110
3519,neighbor,False,STEM_STRESS_OR_INTERVAL_BOUND,999999999.0000000000,8658.2988100000,0.2000000000,0.3500000000,0.3000000000,3.0000000000,0.9000000000,102,112,102,113,102,112
3520,neighbor,False,MINIMUM_MAIN_STEEL,999999999.0000000000,8658.2988100000,0.2000000000,0.3500000000,0.3000000000,3.0000000000,0.6000000000,100,110,100,113,103,110
3521,neighbor,False,STEM_STRESS_OR_INTERVAL_BOUND,999999999.0000000000,8658.2988100000,0.2000000000,0.3500000000,0.3000000000,3.0000000000,1.0000000000,101,112,103,113,104,110
3522,neighbor,False,MEMBER_FLEXURE,999999999.0000000000,8658.2988100000,0.2000000000,0.3500000000,0.3000000000,3.0000000000,0.8000000000,103,112,101,111,100,110
3523,neighbor,False,STEM_STRESS_OR_INTERVAL_BOUND,999999999.0000000000,8658.2988100000,0.2500000000,0.3500000000,0.3000000000,3.0000000000,1.0000000000,101,112,101,113,101,113
3524,neighbor,False,STEM_STRESS_OR_INTERVAL_BOUND,999999999.0000000000,8658.2988100000,0.2500000000,0.3500000000,0.3000000000,3.0000000000,0.8000000000,103,113,101,110,104,111
3525,neighbor,True,PASS_IMPLEMENTED_PROJECT_CHECKS,8812.1983540000,8658.2988100000,0.2000000000,0.3500000000,0.3000000000,3.0000000000,0.8000000000,103,112,101,113,104,113
3526,neighbor,True,PASS_IMPLEMENTED_PROJECT_CHECKS,8812.1983540000,8658.2988100000,0.2000000000,0.3500000000,0.3000000000,3.0000000000,0.8000000000,103,112,101,113,104,113
3527,neighbor,False,MINIMUM_MAIN_STEEL,999999999.0000000000,8658.2988100000,0.2500000000,0.3500000000,0.3000000000,3.0000000000,0.9000000000,100,112,102,112,103,113
3528,neighbor,False,MINIMUM_MAIN_STEEL,999999999.0000000000,8658.2988100000,0.2000000000,0.3500000000,0.3000000000,3.0000000000,1.0000000000,103,112,100,113,103,112
3529,neighbor,False,MEMBER_FLEXURE,999999999.0000000000,8658.2988100000,0.2000000000,0.3500000000,0.3000000000,3.0000000000,0.7000000000,103,112,101,110,102,113
3530,neighbor,False,STEM_STRESS_OR_INTERVAL_BOUND,999999999.0000000000,8658.2988100000,0.2000000000,0.3500000000,0.3000000000,3.0000000000,0.7000000000,101,111,101,112,101,111
3531,neighbor,True,PASS_IMPLEMENTED_PROJECT_CHECKS,9011.3955700000,8658.2988100000,0.2000000000,0.3500000000,0.3000000000,3.0000000000,1.0000000000,103,112,102,113,104,112
3532,neighbor,False,MEMBER_FLEXURE,999999999.0000000000,8658.2988100000,0.2000000000,0.3500000000,0.3000000000,3.0000000000,0.8000000000,103,112,101,113,100,111
3533,neighbor,True,PASS_IMPLEMENTED_PROJECT_CHECKS,9338.9485300000,8658.2988100000,0.2000000000,0.3500000000,0.3000000000,3.0000000000,0.9000000000,103,112,102,110,104,112
3534,neighbor,False,MAXIMUM_MAIN_STEEL,999999999.0000000000,8658.2988100000,0.2250000000,0.3500000000,0.3000000000,3.0000000000,0.8000000000,103,110,103,111,102,111
3535,neighbor,True,PASS_IMPLEMENTED_PROJECT_CHECKS,9653.2730100000,8658.2988100000,0.2000000000,0.3500000000,0.3000000000,3.0000000000,0.9000000000,103,112,104,112,104,111
3536,neighbor,False,MAXIMUM_MAIN_STEEL,999999999.0000000000,8658.2988100000,0.2000000000,0.3500000000,0.3000000000,3.0000000000,0.8000000000,103,110,101,113,101,110
3537,neighbor,True,PASS_IMPLEMENTED_PROJECT_CHECKS,8887.5414580000,8658.2988100000,0.2000000000,0.3500000000,0.3000000000,3.0000000000,0.8000000000,103,112,104,113,101,110
3538,neighbor,False,MINIMUM_MAIN_STEEL,999999999.0000000000,8658.2988100000,0.2000000000,0.3500000000,0.3000000000,3.0000000000,0.8000000000,100,113,100,113,103,112
3539,neighbor,False,MAXIMUM_MAIN_STEEL,999999999.0000000000,8658.2988100000,0.2000000000,0.3500000000,0.3000000000,3.0000000000,0.9000000000,104,112,102,112,102,112
3540,neighbor,False,STEM_STRESS_OR_INTERVAL_BOUND,999999999.0000000000,8658.2988100000,0.2000000000,0.3500000000,0.3000000000,3.0000000000,0.6000000000,102,111,101,111,100,110
3541,neighbor,False,MINIMUM_MAIN_STEEL,999999999.0000000000,8658.2988100000,0.2000000000,0.3500000000,0.3000000000,3.0000000000,0.9000000000,101,110,102,111,100,112
3542,neighbor,False,STEM_STRESS_OR_INTERVAL_BOUND,999999999.0000000000,8658.2988100000,0.2500000000,0.3500000000,0.3000000000,3.0000000000,1.0000000000,102,111,102,112,104,113
3543,neighbor,False,STEM_STRESS_OR_INTERVAL_BOUND,999999999.0000000000,8658.2988100000,0.2000000000,0.3500000000,0.3000000000,3.0000000000,0.8000000000,102,113,101,113,101,110
3544,neighbor,True,PASS_IMPLEMENTED_PROJECT_CHECKS,9352.5718900000,8658.2988100000,0.2000000000,0.3500000000,0.3000000000,3.0000000000,0.6000000000,103,112,104,112,102,110
3545,neighbor,False,MAXIMUM_MAIN_STEEL,999999999.0000000000,8658.2988100000,0.2500000000,0.3500000000,0.3000000000,3.0000000000,0.9000000000,103,110,102,113,101,111
3546,neighbor,False,MEMBER_FLEXURE,999999999.0000000000,8658.2988100000,0.2000000000,0.3500000000,0.3000000000,3.0000000000,1.0000000000,103,112,100,111,101,110
3547,neighbor,False,MINIMUM_MAIN_STEEL,999999999.0000000000,8658.2988100000,0.2250000000,0.3500000000,0.3000000000,3.0000000000,0.7000000000,100,111,101,113,104,111
3548,neighbor,True,PASS_IMPLEMENTED_PROJECT_CHECKS,8653.9304500000,8653.9304500000,0.2000000000,0.3500000000,0.3000000000,3.0000000000,0.8000000000,103,112,100,111,101,110
3549,neighbor,False,MAXIMUM_MAIN_STEEL,999999999.0000000000,8653.9304500000,0.2000000000,0.3500000000,0.3000000000,3.0000000000,0.8000000000,103,111,102,112,102,111
3550,neighbor,True,PASS_IMPLEMENTED_PROJECT_CHECKS,8705.4622900000,8653.9304500000,0.2000000000,0.3500000000,0.3000000000,3.0000000000,0.8000000000,103,112,100,110,101,110
3551,neighbor,False,MEMBER_FLEXURE,999999999.0000000000,8653.9304500000,0.2250000000,0.3500000000,0.3000000000,3.0000000000,1.0000000000,103,112,104,113,100,110
3552,neighbor,False,MINIMUM_MAIN_STEEL,999999999.0000000000,8653.9304500000,0.2000000000,0.3500000000,0.3000000000,3.0000000000,1.0000000000,103,112,100,113,100,113
3553,neighbor,False,STEM_STRESS_OR_INTERVAL_BOUND,999999999.0000000000,8653.9304500000,0.2000000000,0.3500000000,0.3000000000,3.0000000000,0.8000000000,103,113,100,111,101,110
3554,neighbor,False,MINIMUM_MAIN_STEEL,999999999.0000000000,8653.9304500000,0.2250000000,0.3500000000,0.3000000000,3.0000000000,1.0000000000,100,111,100,111,103,111
3555,neighbor,False,MAXIMUM_MAIN_STEEL,999999999.0000000000,8653.9304500000,0.2000000000,0.3500000000,0.3000000000,3.0000000000,0.8000000000,102,110,100,111,101,110
3556,neighbor,False,MAXIMUM_MAIN_STEEL,999999999.0000000000,8653.9304500000,0.2000000000,0.3500000000,0.3000000000,3.0000000000,1.0000000000,103,111,102,111,104,113
3557,neighbor,False,MAXIMUM_MAIN_STEEL,999999999.0000000000,8653.9304500000,0.2000000000,0.3500000000,0.3000000000,3.0000000000,0.9000000000,102,110,103,112,104,110
3558,neighbor,False,STEM_STRESS_OR_INTERVAL_BOUND,999999999.0000000000,8653.9304500000,0.2000000000,0.3500000000,0.3000000000,3.0000000000,0.8000000000,101,112,104,111,101,113
3559,neighbor,False,STEM_STRESS_OR_INTERVAL_BOUND,999999999.0000000000,8653.9304500000,0.2250000000,0.3500000000,0.3000000000,3.0000000000,0.8000000000,101,111,100,111,101,110
3560,neighbor,True,PASS_IMPLEMENTED_PROJECT_CHECKS,8650.3765300000,8650.3765300000,0.2000000000,0.3500000000,0.3000000000,3.0000000000,1.0000000000,103,112,101,112,101,110
3561,neighbor,False,MAXIMUM_MAIN_STEEL,999999999.0000000000,8650.3765300000,0.2000000000,0.3500000000,0.3000000000,3.0000000000,1.0000000000,104,110,101,112,101,110
3562,neighbor,False,MINIMUM_MAIN_STEEL,999999999.0000000000,8650.3765300000,0.2500000000,0.3500000000,0.3000000000,3.0000000000,1.0000000000,100,110,102,110,100,113
3563,neighbor,False,MINIMUM_MAIN_STEEL,999999999.0000000000,8650.3765300000,0.2500000000,0.3500000000,0.3000000000,3.0000000000,0.9000000000,100,113,102,111,103,112
3564,neighbor,False,MINIMUM_MAIN_STEEL,999999999.0000000000,8650.3765300000,0.2000000000,0.3500000000,0.3000000000,3.0000000000,1.0000000000,103,112,101,112,100,112
3565,neighbor,False,MINIMUM_MAIN_STEEL,999999999.0000000000,8650.3765300000,0.2000000000,0.3500000000,0.3000000000,3.0000000000,1.0000000000,100,112,101,112,101,110
3566,neighbor,False,MEMBER_FLEXURE,999999999.0000000000,8650.3765300000,0.2250000000,0.3500000000,0.3000000000,3.0000000000,1.0000000000,104,113,101,111,100,111
3567,neighbor,False,STEM_STRESS_OR_INTERVAL_BOUND,999999999.0000000000,8650.3765300000,0.2500000000,0.3500000000,0.3000000000,3.0000000000,1.0000000000,102,111,101,112,101,110
3568,neighbor,True,PASS_IMPLEMENTED_PROJECT_CHECKS,9022.9458100000,8650.3765300000,0.2000000000,0.3500000000,0.3000000000,3.0000000000,1.0000000000,103,112,102,110,101,110
3569,neighbor,False,MAXIMUM_MAIN_STEEL,999999999.0000000000,8650.3765300000,0.2500000000,0.3500000000,0.3000000000,3.0000000000,1.0000000000,103,110,101,112,101,110
3570,neighbor,False,MINIMUM_MAIN_STEEL,999999999.0000000000,8650.3765300000,0.2000000000,0.3500000000,0.3000000000,3.0000000000,1.0000000000,103,112,100,113,101,110
3571,neighbor,False,STEM_STRESS_OR_INTERVAL_BOUND,999999999.0000000000,8650.3765300000,0.2000000000,0.3500000000,0.3000000000,3.0000000000,0.8000000000,102,112,103,111,103,111
3572,neighbor,False,MINIMUM_MAIN_STEEL,999999999.0000000000,8650.3765300000,0.2250000000,0.3500000000,0.3000000000,3.0000000000,1.0000000000,103,112,100,113,103,110
3573,neighbor,False,MINIMUM_MAIN_STEEL,999999999.0000000000,8650.3765300000,0.2000000000,0.3500000000,0.3000000000,3.0000000000,0.8000000000,100,113,100,112,100,111
3574,neighbor,False,STEM_STRESS_OR_INTERVAL_BOUND,999999999.0000000000,8650.3765300000,0.2500000000,0.3500000000,0.3000000000,3.0000000000,1.0000000000,101,111,101,112,104,113
3575,neighbor,True,PASS_IMPLEMENTED_PROJECT_CHECKS,8672.2923700000,8650.3765300000,0.2000000000,0.3500000000,0.3000000000,3.0000000000,1.0000000000,103,112,100,110,101,110
3576,neighbor,False,MINIMUM_MAIN_STEEL,999999999.0000000000,8650.3765300000,0.2500000000,0.3500000000,0.3000000000,3.0000000000,1.0000000000,100,111,100,112,100,112
3577,neighbor,False,MINIMUM_MAIN_STEEL,999999999.0000000000,8650.3765300000,0.2250000000,0.3500000000,0.3000000000,3.0000000000,1.0000000000,101,113,100,110,100,112
3578,neighbor,True,PASS_IMPLEMENTED_PROJECT_CHECKS,8836.7907400000,8650.3765300000,0.2000000000,0.3500000000,0.3000000000,3.0000000000,0.8000000000,103,112,101,112,103,112
3579,neighbor,False,MINIMUM_MAIN_STEEL,999999999.0000000000,8650.3765300000,0.2500000000,0.3500000000,0.3000000000,3.0000000000,1.0000000000,100,111,101,112,100,112
3580,neighbor,True,PASS_IMPLEMENTED_PROJECT_CHECKS,8675.2539700000,8650.3765300000,0.2000000000,0.3500000000,0.3000000000,3.0000000000,1.0000000000,103,112,101,112,102,111
3581,neighbor,True,PASS_IMPLEMENTED_PROJECT_CHECKS,8825.7032500000,8650.3765300000,0.2000000000,0.3500000000,0.3000000000,3.0000000000,1.0000000000,103,112,101,110,101,110
3582,neighbor,False,STEM_STRESS_OR_INTERVAL_BOUND,999999999.0000000000,8650.3765300000,0.2500000000,0.3500000000,0.3000000000,3.0000000000,1.0000000000,101,112,101,113,100,111
3583,neighbor,True,PASS_IMPLEMENTED_PROJECT_CHECKS,8657.9101000000,8650.3765300000,0.2000000000,0.3500000000,0.3000000000,3.0000000000,1.0000000000,104,113,101,112,101,110
3584,neighbor,False,MEMBER_FLEXURE,999999999.0000000000,8650.3765300000,0.2250000000,0.3500000000,0.3000000000,3.0000000000,1.0000000000,103,111,103,111,101,113
3585,neighbor,False,MINIMUM_MAIN_STEEL,999999999.0000000000,8650.3765300000,0.2000000000,0.3500000000,0.3000000000,3.0000000000,1.0000000000,101,113,101,112,104,112
3586,neighbor,False,MEMBER_FLEXURE,999999999.0000000000,8650.3765300000,0.2000000000,0.3500000000,0.3000000000,3.0000000000,1.0000000000,103,112,101,112,102,113
3587,neighbor,False,MAXIMUM_MAIN_STEEL,999999999.0000000000,8650.3765300000,0.2000000000,0.3500000000,0.3000000000,3.0000000000,0.9000000000,104,110,101,113,101,113
3588,neighbor,False,MINIMUM_MAIN_STEEL,999999999.0000000000,8650.3765300000,0.2000000000,0.3500000000,0.3000000000,3.0000000000,0.8000000000,101,113,102,113,101,112
3589,neighbor,False,MEMBER_FLEXURE,999999999.0000000000,8650.3765300000,0.2000000000,0.3500000000,0.3000000000,3.0000000000,0.8000000000,103,112,100,110,103,113
3590,neighbor,False,MAXIMUM_MAIN_STEEL,999999999.0000000000,8650.3765300000,0.2000000000,0.3500000000,0.3000000000,3.0000000000,0.8000000000,102,110,104,113,104,112
3591,neighbor,False,MINIMUM_MAIN_STEEL,999999999.0000000000,8650.3765300000,0.2250000000,0.3500000000,0.3000000000,3.0000000000,1.0000000000,103,111,100,113,103,113
3592,neighbor,False,MAXIMUM_MAIN_STEEL,999999999.0000000000,8650.3765300000,0.2000000000,0.3500000000,0.3000000000,3.0000000000,1.0000000000,104,111,104,112,102,111
3593,neighbor,False,MINIMUM_MAIN_STEEL,999999999.0000000000,8650.3765300000,0.2000000000,0.3500000000,0.3000000000,3.0000000000,0.9000000000,103,112,100,112,102,112
3594,neighbor,True,PASS_IMPLEMENTED_PROJECT_CHECKS,8650.3765300000,8650.3765300000,0.2000000000,0.3500000000,0.3000000000,3.0000000000,1.0000000000,103,112,101,112,101,110
3595,neighbor,False,STEM_STRESS_OR_INTERVAL_BOUND,999999999.0000000000,8650.3765300000,0.2000000000,0.3500000000,0.3000000000,3.0000000000,1.0000000000,103,113,103,113,103,112
3596,neighbor,False,STEM_STRESS_OR_INTERVAL_BOUND,999999999.0000000000,8650.3765300000,0.2000000000,0.3500000000,0.3000000000,3.0000000000,1.0000000000,101,110,101,112,101,110
3597,neighbor,False,STEM_STRESS_OR_INTERVAL_BOUND,999999999.0000000000,8650.3765300000,0.2000000000,0.3500000000,0.3000000000,3.0000000000,1.0000000000,102,113,102,112,104,112
3598,neighbor,False,MINIMUM_MAIN_STEEL,999999999.0000000000,8650.3765300000,0.2000000000,0.3500000000,0.3000000000,3.0000000000,0.8000000000,104,110,102,111,100,113
3599,neighbor,False,MINIMUM_MAIN_STEEL,999999999.0000000000,8650.3765300000,0.2000000000,0.3500000000,0.3000000000,3.0000000000,1.0000000000,103,111,100,113,100,111
3600,neighbor,False,MAXIMUM_MAIN_STEEL,999999999.0000000000,8650.3765300000,0.2250000000,0.3500000000,0.3000000000,3.0000000000,1.0000000000,103,110,101,111,100,110
3601,neighbor,True,PASS_IMPLEMENTED_PROJECT_CHECKS,8687.7482200000,8650.3765300000,0.2000000000,0.3500000000,0.3000000000,3.0000000000,1.0000000000,104,113,102,113,103,113
3602,neighbor,True,PASS_IMPLEMENTED_PROJECT_CHECKS,9826.2311920000,8650.3765300000,0.2500000000,0.3500000000,0.3000000000,3.0000000000,0.8000000000,103,111,100,111,104,113
3603,neighbor,False,STEM_STRESS_OR_INTERVAL_BOUND,999999999.0000000000,8650.3765300000,0.2250000000,0.3500000000,0.3000000000,3.0000000000,1.0000000000,102,111,104,112,102,112
3604,neighbor,False,MINIMUM_MAIN_STEEL,999999999.0000000000,8650.3765300000,0.2250000000,0.3500000000,0.3000000000,3.0000000000,0.8000000000,101,113,101,110,103,113
3605,neighbor,False,MEMBER_FLEXURE,999999999.0000000000,8650.3765300000,0.2000000000,0.3500000000,0.3000000000,3.0000000000,1.0000000000,103,112,101,112,100,111
3606,neighbor,False,MINIMUM_MAIN_STEEL,999999999.0000000000,8650.3765300000,0.2000000000,0.3500000000,0.3000000000,3.0000000000,1.0000000000,103,112,100,113,103,113
3607,neighbor,False,MAXIMUM_MAIN_STEEL,999999999.0000000000,8650.3765300000,0.2000000000,0.3500000000,0.3000000000,3.0000000000,0.8000000000,103,112,101,113,104,110
3608,neighbor,True,PASS_IMPLEMENTED_PROJECT_CHECKS,8694.2082100000,8650.3765300000,0.2000000000,0.3500000000,0.3000000000,3.0000000000,1.0000000000,103,112,102,113,101,110
3609,neighbor,True,PASS_IMPLEMENTED_PROJECT_CHECKS,8817.4848100000,8650.3765300000,0.2000000000,0.3500000000,0.3000000000,3.0000000000,1.0000000000,103,112,103,113,101,110
3610,neighbor,False,MINIMUM_MAIN_STEEL,999999999.0000000000,8650.3765300000,0.2000000000,0.3500000000,0.3000000000,3.0000000000,1.0000000000,103,112,100,113,101,110
3611,neighbor,False,MINIMUM_MAIN_STEEL,999999999.0000000000,8650.3765300000,0.2500000000,0.3500000000,0.3000000000,3.0000000000,0.9000000000,104,113,102,111,100,113
3612,neighbor,False,MINIMUM_MAIN_STEEL,999999999.0000000000,8650.3765300000,0.2500000000,0.3500000000,0.3000000000,3.0000000000,1.0000000000,100,112,101,112,101,110
3613,neighbor,False,MAXIMUM_MAIN_STEEL,999999999.0000000000,8650.3765300000,0.2000000000,0.3500000000,0.3000000000,3.0000000000,1.0000000000,103,110,101,112,101,110
3614,neighbor,False,MINIMUM_MAIN_STEEL,999999999.0000000000,8650.3765300000,0.2250000000,0.3500000000,0.3000000000,3.0000000000,0.8000000000,102,111,104,112,100,113
3615,neighbor,True,PASS_IMPLEMENTED_PROJECT_CHECKS,8675.2539700000,8650.3765300000,0.2000000000,0.3500000000,0.3000000000,3.0000000000,1.0000000000,103,112,101,112,102,111
3616,neighbor,False,MINIMUM_MAIN_STEEL,999999999.0000000000,8650.3765300000,0.2000000000,0.3500000000,0.3000000000,3.0000000000,1.0000000000,101,112,100,112,103,110
3617,neighbor,True,PASS_IMPLEMENTED_PROJECT_CHECKS,8903.0935600000,8650.3765300000,0.2000000000,0.3500000000,0.3000000000,3.0000000000,1.0000000000,103,112,103,112,101,110
3618,neighbor,False,STEM_STRESS_OR_INTERVAL_BOUND,999999999.0000000000,8650.3765300000,0.2000000000,0.3500000000,0.3000000000,3.0000000000,1.0000000000,102,112,104,113,103,111
3619,neighbor,False,MAXIMUM_MAIN_STEEL,999999999.0000000000,8650.3765300000,0.2000000000,0.3500000000,0.3000000000,3.0000000000,1.0000000000,104,110,101,112,101,110
3620,neighbor,False,STEM_STRESS_OR_INTERVAL_BOUND,999999999.0000000000,8650.3765300000,0.2000000000,0.3500000000,0.3000000000,3.0000000000,0.9000000000,102,112,103,110,103,110
3621,neighbor,False,MEMBER_FLEXURE,999999999.0000000000,8650.3765300000,0.2000000000,0.3500000000,0.3000000000,3.0000000000,0.9000000000,103,112,103,110,101,113
3622,neighbor,False,STEM_STRESS_OR_INTERVAL_BOUND,999999999.0000000000,8650.3765300000,0.2000000000,0.3500000000,0.3000000000,3.0000000000,0.8000000000,102,111,103,112,103,111
3623,neighbor,False,STEM_STRESS_OR_INTERVAL_BOUND,999999999.0000000000,8650.3765300000,0.2500000000,0.3500000000,0.3000000000,3.0000000000,1.0000000000,101,110,101,112,101,110
3624,neighbor,False,MAXIMUM_MAIN_STEEL,999999999.0000000000,8650.3765300000,0.2500000000,0.3500000000,0.3000000000,3.0000000000,1.0000000000,103,110,103,112,101,111
3625,neighbor,False,MAXIMUM_MAIN_STEEL,999999999.0000000000,8650.3765300000,0.2000000000,0.3500000000,0.3000000000,3.0000000000,1.0000000000,104,112,104,112,104,113
3626,neighbor,False,MEMBER_FLEXURE,999999999.0000000000,8650.3765300000,0.2500000000,0.3500000000,0.3000000000,3.0000000000,1.0000000000,104,113,103,111,101,112
3627,neighbor,False,MEMBER_FLEXURE,999999999.0000000000,8650.3765300000,0.2000000000,0.3500000000,0.3000000000,3.0000000000,1.0000000000,103,112,101,112,102,113
3628,neighbor,False,STEM_STRESS_OR_INTERVAL_BOUND,999999999.0000000000,8650.3765300000,0.2000000000,0.3500000000,0.3000000000,3.0000000000,1.0000000000,101,111,101,112,101,110
3629,neighbor,False,STEM_STRESS_OR_INTERVAL_BOUND,999999999.0000000000,8650.3765300000,0.2000000000,0.3500000000,0.3000000000,3.0000000000,1.0000000000,100,110,101,112,101,110
3630,neighbor,True,PASS_IMPLEMENTED_PROJECT_CHECKS,8782.1492200000,8650.3765300000,0.2000000000,0.3500000000,0.3000000000,3.0000000000,1.0000000000,103,112,101,112,103,112
3631,neighbor,False,MAXIMUM_MAIN_STEEL,999999999.0000000000,8650.3765300000,0.2000000000,0.3500000000,0.3000000000,3.0000000000,1.0000000000,102,110,101,112,101,110
3632,neighbor,False,MAXIMUM_MAIN_STEEL,999999999.0000000000,8650.3765300000,0.2500000000,0.3500000000,0.3000000000,3.0000000000,1.0000000000,104,111,104,110,102,112
3633,neighbor,False,STEM_STRESS_OR_INTERVAL_BOUND,999999999.0000000000,8650.3765300000,0.2000000000,0.3500000000,0.3000000000,3.0000000000,1.0000000000,101,112,104,112,101,113
3634,neighbor,True,PASS_IMPLEMENTED_PROJECT_CHECKS,8974.6519860000,8650.3765300000,0.2000000000,0.3500000000,0.3000000000,3.0000000000,1.0000000000,103,112,102,111,104,113
3635,neighbor,True,PASS_IMPLEMENTED_PROJECT_CHECKS,9331.1373100000,8650.3765300000,0.2000000000,0.3500000000,0.3000000000,3.0000000000,1.0000000000,103,112,103,110,101,110
3636,neighbor,True,PASS_IMPLEMENTED_PROJECT_CHECKS,8636.3829700000,8636.3829700000,0.2000000000,0.3500000000,0.3000000000,3.0000000000,1.0000000000,103,112,101,112,103,113
3637,neighbor,False,STEM_STRESS_OR_INTERVAL_BOUND,999999999.0000000000,8636.3829700000,0.2000000000,0.3500000000,0.3000000000,3.0000000000,1.0000000000,100,110,101,112,103,113
3638,neighbor,False,MINIMUM_MAIN_STEEL,999999999.0000000000,8636.3829700000,0.2000000000,0.3500000000,0.3000000000,3.0000000000,0.8000000000,100,112,103,112,103,113
3639,neighbor,False,MINIMUM_MAIN_STEEL,999999999.0000000000,8636.3829700000,0.2250000000,0.3500000000,0.3000000000,3.0000000000,0.9000000000,100,112,100,112,101,111
3640,neighbor,False,MINIMUM_MAIN_STEEL,999999999.0000000000,8636.3829700000,0.2250000000,0.3500000000,0.3000000000,3.0000000000,1.0000000000,100,111,101,111,104,110
3641,neighbor,False,MINIMUM_MAIN_STEEL,999999999.0000000000,8636.3829700000,0.2000000000,0.3500000000,0.3000000000,3.0000000000,1.0000000000,103,112,100,112,103,113
3642,neighbor,False,MINIMUM_MAIN_STEEL,999999999.0000000000,8636.3829700000,0.2250000000,0.3500000000,0.3000000000,3.0000000000,1.0000000000,100,112,103,111,100,112
3643,neighbor,False,STEM_STRESS_OR_INTERVAL_BOUND,999999999.0000000000,8636.3829700000,0.2250000000,0.3500000000,0.3000000000,3.0000000000,1.0000000000,102,112,100,110,101,110
3644,neighbor,True,PASS_IMPLEMENTED_PROJECT_CHECKS,9031.7812500000,8636.3829700000,0.2000000000,0.3500000000,0.3000000000,3.0000000000,1.0000000000,103,112,103,111,103,113
3645,neighbor,False,STEM_STRESS_OR_INTERVAL_BOUND,999999999.0000000000,8636.3829700000,0.2000000000,0.3500000000,0.3000000000,3.0000000000,1.0000000000,101,112,101,112,103,113
3646,neighbor,False,STEM_STRESS_OR_INTERVAL_BOUND,999999999.0000000000,8636.3829700000,0.2500000000,0.3500000000,0.3000000000,3.0000000000,0.9000000000,101,112,104,113,103,111
3647,neighbor,False,MEMBER_FLEXURE,999999999.0000000000,8636.3829700000,0.2000000000,0.3500000000,0.3000000000,3.0000000000,1.0000000000,103,112,101,113,103,113
3648,neighbor,False,MAXIMUM_MAIN_STEEL,999999999.0000000000,8636.3829700000,0.2000000000,0.3500000000,0.3000000000,3.0000000000,0.9000000000,103,110,101,112,103,111
3649,neighbor,False,STEM_STRESS_OR_INTERVAL_BOUND,999999999.0000000000,8636.3829700000,0.2000000000,0.3500000000,0.3000000000,3.0000000000,1.0000000000,101,112,103,113,102,110
3650,neighbor,False,STEM_STRESS_OR_INTERVAL_BOUND,999999999.0000000000,8636.3829700000,0.2250000000,0.3500000000,0.3000000000,3.0000000000,1.0000000000,102,112,104,111,101,113
3651,neighbor,False,MINIMUM_MAIN_STEEL,999999999.0000000000,8636.3829700000,0.2500000000,0.3500000000,0.3000000000,3.0000000000,1.0000000000,101,113,103,113,102,113
3652,neighbor,False,STEM_STRESS_OR_INTERVAL_BOUND,999999999.0000000000,8636.3829700000,0.2000000000,0.3500000000,0.3000000000,3.0000000000,1.0000000000,101,112,101,112,103,113
3653,neighbor,False,MINIMUM_MAIN_STEEL,999999999.0000000000,8636.3829700000,0.2000000000,0.3500000000,0.3000000000,3.0000000000,1.0000000000,100,111,102,112,104,111
3654,neighbor,False,MEMBER_FLEXURE,999999999.0000000000,8636.3829700000,0.2000000000,0.3500000000,0.3000000000,3.0000000000,1.0000000000,103,112,102,112,101,113
3655,neighbor,False,STEM_STRESS_OR_INTERVAL_BOUND,999999999.0000000000,8636.3829700000,0.2000000000,0.3500000000,0.3000000000,3.0000000000,1.0000000000,100,110,100,110,104,110
3656,neighbor,False,MEMBER_FLEXURE,999999999.0000000000,8636.3829700000,0.2000000000,0.3500000000,0.3000000000,3.0000000000,1.0000000000,103,112,104,113,101,113
3657,neighbor,True,PASS_IMPLEMENTED_PROJECT_CHECKS,9370.9338100000,8636.3829700000,0.2000000000,0.3500000000,0.3000000000,3.0000000000,1.0000000000,103,112,102,112,104,111
3658,neighbor,False,MAXIMUM_MAIN_STEEL,999999999.0000000000,8636.3829700000,0.2250000000,0.3500000000,0.3000000000,3.0000000000,0.8000000000,104,110,103,113,102,110
3659,neighbor,False,MEMBER_FLEXURE,999999999.0000000000,8636.3829700000,0.2000000000,0.3500000000,0.3000000000,3.0000000000,1.0000000000,103,112,102,113,101,113
3660,neighbor,False,STEM_STRESS_OR_INTERVAL_BOUND,999999999.0000000000,8636.3829700000,0.2000000000,0.3500000000,0.3000000000,3.0000000000,1.0000000000,102,111,103,112,101,111
3661,neighbor,True,PASS_IMPLEMENTED_PROJECT_CHECKS,8765.5827700000,8636.3829700000,0.2000000000,0.3500000000,0.3000000000,3.0000000000,0.8000000000,103,112,102,112,101,110
3662,neighbor,False,MAXIMUM_MAIN_STEEL,999999999.0000000000,8636.3829700000,0.2000000000,0.3500000000,0.3000000000,3.0000000000,1.0000000000,104,110,101,112,103,113
3663,neighbor,False,MINIMUM_MAIN_STEEL,999999999.0000000000,8636.3829700000,0.2000000000,0.3500000000,0.3000000000,3.0000000000,1.0000000000,104,110,103,110,100,112
3664,neighbor,False,MINIMUM_MAIN_STEEL,999999999.0000000000,8636.3829700000,0.2500000000,0.3500000000,0.3000000000,3.0000000000,0.8000000000,100,113,101,112,104,111
3665,neighbor,False,STEM_STRESS_OR_INTERVAL_BOUND,999999999.0000000000,8636.3829700000,0.2000000000,0.3500000000,0.3000000000,3.0000000000,1.0000000000,103,113,104,110,104,111
3666,neighbor,False,MAXIMUM_MAIN_STEEL,999999999.0000000000,8636.3829700000,0.2000000000,0.3500000000,0.3000000000,3.0000000000,0.8000000000,103,112,104,110,101,112
3667,neighbor,True,PASS_IMPLEMENTED_PROJECT_CHECKS,8826.3202500000,8636.3829700000,0.2000000000,0.3500000000,0.3000000000,3.0000000000,1.0000000000,103,112,102,111,103,113
3668,neighbor,False,MINIMUM_MAIN_STEEL,999999999.0000000000,8636.3829700000,0.2000000000,0.3500000000,0.3000000000,3.0000000000,1.0000000000,102,111,103,112,100,112
3669,neighbor,False,STEM_STRESS_OR_INTERVAL_BOUND,999999999.0000000000,8636.3829700000,0.2500000000,0.3500000000,0.3000000000,3.0000000000,1.0000000000,101,112,104,111,103,113
3670,neighbor,False,MAXIMUM_MAIN_STEEL,999999999.0000000000,8636.3829700000,0.2000000000,0.3500000000,0.3000000000,3.0000000000,1.0000000000,104,112,101,112,103,113
3671,neighbor,True,PASS_IMPLEMENTED_PROJECT_CHECKS,8784.7147060000,8636.3829700000,0.2000000000,0.3500000000,0.3000000000,3.0000000000,1.0000000000,103,112,101,112,104,113
3672,neighbor,False,STEM_STRESS_OR_INTERVAL_BOUND,999999999.0000000000,8636.3829700000,0.2500000000,0.3500000000,0.3000000000,3.0000000000,1.0000000000,102,113,101,110,104,113
3673,neighbor,False,MEMBER_FLEXURE,999999999.0000000000,8636.3829700000,0.2000000000,0.3500000000,0.3000000000,3.0000000000,0.8000000000,103,112,103,111,100,110
3674,neighbor,True,PASS_IMPLEMENTED_PROJECT_CHECKS,8890.6067140000,8636.3829700000,0.2000000000,0.3500000000,0.3000000000,3.0000000000,1.0000000000,103,112,104,113,103,113
3675,neighbor,False,STEM_STRESS_OR_INTERVAL_BOUND,999999999.0000000000,8636.3829700000,0.2000000000,0.3500000000,0.3000000000,3.0000000000,1.0000000000,101,111,101,112,103,113
3676,neighbor,False,MEMBER_FLEXURE,999999999.0000000000,8636.3829700000,0.2500000000,0.3500000000,0.3000000000,3.0000000000,1.0000000000,104,113,101,112,103,113
3677,neighbor,True,PASS_IMPLEMENTED_PROJECT_CHECKS,8997.9943300000,8636.3829700000,0.2000000000,0.3500000000,0.3000000000,3.0000000000,1.0000000000,103,112,104,112,103,113
3678,neighbor,True,PASS_IMPLEMENTED_PROJECT_CHECKS,10030.1844900000,8636.3829700000,0.2250000000,0.3500000000,0.3000000000,3.0000000000,0.9000000000,103,111,101,110,104,112
3679,neighbor,False,MINIMUM_MAIN_STEEL,999999999.0000000000,8636.3829700000,0.2000000000,0.3500000000,0.3000000000,3.0000000000,1.0000000000,100,111,104,113,103,113
3680,neighbor,True,PASS_IMPLEMENTED_PROJECT_CHECKS,8694.8252100000,8636.3829700000,0.2000000000,0.3500000000,0.3000000000,3.0000000000,1.0000000000,103,112,101,111,103,113
3681,neighbor,False,MINIMUM_MAIN_STEEL,999999999.0000000000,8636.3829700000,0.2500000000,0.3500000000,0.3000000000,3.0000000000,0.9000000000,100,111,100,110,101,113
3682,neighbor,False,MAXIMUM_MAIN_STEEL,999999999.0000000000,8636.3829700000,0.2000000000,0.3500000000,0.3000000000,3.0000000000,1.0000000000,104,110,101,112,103,113
3683,neighbor,False,MEMBER_FLEXURE,999999999.0000000000,8636.3829700000,0.2000000000,0.3500000000,0.3000000000,3.0000000000,1.0000000000,103,112,101,112,101,111
3684,neighbor,False,MINIMUM_MAIN_STEEL,999999999.0000000000,8636.3829700000,0.2500000000,0.3500000000,0.3000000000,3.0000000000,1.0000000000,104,112,100,112,100,110
3685,neighbor,False,MEMBER_FLEXURE,999999999.0000000000,8636.3829700000,0.2000000000,0.3500000000,0.3000000000,3.0000000000,1.0000000000,103,112,101,112,100,110
3686,neighbor,False,MINIMUM_MAIN_STEEL,999999999.0000000000,8636.3829700000,0.2000000000,0.3500000000,0.3000000000,3.0000000000,0.9000000000,103,110,100,113,100,110
3687,neighbor,False,MINIMUM_MAIN_STEEL,999999999.0000000000,8636.3829700000,0.2000000000,0.3500000000,0.3000000000,3.0000000000,0.8000000000,100,112,102,110,103,112
3688,neighbor,False,MINIMUM_MAIN_STEEL,999999999.0000000000,8636.3829700000,0.2000000000,0.3500000000,0.3000000000,3.0000000000,1.0000000000,100,111,101,112,103,111
3689,neighbor,False,STEM_STRESS_OR_INTERVAL_BOUND,999999999.0000000000,8636.3829700000,0.2000000000,0.3500000000,0.3000000000,3.0000000000,1.0000000000,100,110,101,112,103,113
3690,neighbor,False,STEM_STRESS_OR_INTERVAL_BOUND,999999999.0000000000,8636.3829700000,0.2000000000,0.3500000000,0.3000000000,3.0000000000,1.0000000000,103,113,102,112,103,113
3691,neighbor,True,PASS_IMPLEMENTED_PROJECT_CHECKS,9031.7812500000,8636.3829700000,0.2000000000,0.3500000000,0.3000000000,3.0000000000,1.0000000000,103,112,103,111,103,113
3692,neighbor,True,PASS_IMPLEMENTED_PROJECT_CHECKS,8803.4912500000,8636.3829700000,0.2000000000,0.3500000000,0.3000000000,3.0000000000,1.0000000000,103,112,103,113,103,113
3693,neighbor,True,PASS_IMPLEMENTED_PROJECT_CHECKS,8890.6067140000,8636.3829700000,0.2000000000,0.3500000000,0.3000000000,3.0000000000,1.0000000000,103,112,104,113,103,113
3694,neighbor,False,STEM_STRESS_OR_INTERVAL_BOUND,999999999.0000000000,8636.3829700000,0.2250000000,0.3500000000,0.3000000000,3.0000000000,1.0000000000,101,110,101,110,102,111
3695,neighbor,False,MINIMUM_MAIN_STEEL,999999999.0000000000,8636.3829700000,0.2000000000,0.3500000000,0.3000000000,3.0000000000,1.0000000000,100,113,101,113,103,113
3696,neighbor,False,MINIMUM_MAIN_STEEL,999999999.0000000000,8636.3829700000,0.2000000000,0.3500000000,0.3000000000,3.0000000000,1.0000000000,100,113,101,112,103,113
3697,neighbor,False,MINIMUM_MAIN_STEEL,999999999.0000000000,8636.3829700000,0.2000000000,0.3500000000,0.3000000000,3.0000000000,0.8000000000,100,111,101,111,102,112
3698,neighbor,False,MINIMUM_MAIN_STEEL,999999999.0000000000,8636.3829700000,0.2000000000,0.3500000000,0.3000000000,3.0000000000,1.0000000000,104,111,102,110,100,112
3699,neighbor,False,STEM_STRESS_OR_INTERVAL_BOUND,999999999.0000000000,8636.3829700000,0.2000000000,0.3500000000,0.3000000000,3.0000000000,1.0000000000,100,110,100,110,104,112
3700,neighbor,False,STEM_STRESS_OR_INTERVAL_BOUND,999999999.0000000000,8636.3829700000,0.2000000000,0.3500000000,0.3000000000,3.0000000000,1.0000000000,100,110,101,112,103,113
3701,neighbor,False,MINIMUM_MAIN_STEEL,999999999.0000000000,8636.3829700000,0.2500000000,0.3500000000,0.3000000000,3.0000000000,1.0000000000,101,113,100,110,100,110
3702,neighbor,False,MEMBER_FLEXURE,999999999.0000000000,8636.3829700000,0.2000000000,0.3500000000,0.3000000000,3.0000000000,0.8000000000,104,113,102,112,102,113
3703,neighbor,False,MEMBER_FLEXURE,999999999.0000000000,8636.3829700000,0.2500000000,0.3500000000,0.3000000000,3.0000000000,1.0000000000,102,110,101,112,103,113
3704,neighbor,True,PASS_IMPLEMENTED_PROJECT_CHECKS,9503.6860500000,8636.3829700000,0.2250000000,0.3500000000,0.3000000000,3.0000000000,0.8000000000,102,110,102,113,102,111
3705,neighbor,False,STEM_STRESS_OR_INTERVAL_BOUND,999999999.0000000000,8636.3829700000,0.2500000000,0.3500000000,0.3000000000,3.0000000000,1.0000000000,102,111,100,111,101,113
3706,neighbor,False,MINIMUM_MAIN_STEEL,999999999.0000000000,8636.3829700000,0.2000000000,0.3500000000,0.3000000000,3.0000000000,1.0000000000,100,113,101,112,103,113
3707,neighbor,False,MAXIMUM_MAIN_STEEL,999999999.0000000000,8636.3829700000,0.2000000000,0.3500000000,0.3000000000,3.0000000000,0.8000000000,104,111,101,112,102,110
3708,neighbor,False,STEM_STRESS_OR_INTERVAL_BOUND,999999999.0000000000,8636.3829700000,0.2000000000,0.3500000000,0.3000000000,3.0000000000,1.0000000000,100,110,100,111,103,111
3709,neighbor,False,MINIMUM_MAIN_STEEL,999999999.0000000000,8636.3829700000,0.2250000000,0.3500000000,0.3000000000,3.0000000000,1.0000000000,101,113,102,112,101,112
3710,neighbor,False,STEM_STRESS_OR_INTERVAL_BOUND,999999999.0000000000,8636.3829700000,0.2250000000,0.3500000000,0.3000000000,3.0000000000,0.8000000000,102,113,100,110,102,113
3711,neighbor,False,MAXIMUM_MAIN_STEEL,999999999.0000000000,8636.3829700000,0.2000000000,0.3500000000,0.3000000000,3.0000000000,0.9000000000,103,111,102,113,100,111
3712,neighbor,False,MINIMUM_MAIN_STEEL,999999999.0000000000,8636.3829700000,0.2000000000,0.3500000000,0.3000000000,3.0000000000,1.0000000000,100,112,101,112,103,113
3713,neighbor,True,PASS_IMPLEMENTED_PROJECT_CHECKS,8904.6002740000,8636.3829700000,0.2000000000,0.3500000000,0.3000000000,3.0000000000,1.0000000000,103,112,104,113,101,110
3714,neighbor,True,PASS_IMPLEMENTED_PROJECT_CHECKS,8826.3202500000,8636.3829700000,0.2000000000,0.3500000000,0.3000000000,3.0000000000,1.0000000000,103,112,102,111,103,113
3715,neighbor,False,MAXIMUM_MAIN_STEEL,999999999.0000000000,8636.3829700000,0.2000000000,0.3500000000,0.3000000000,3.0000000000,1.0000000000,102,110,101,112,102,110
3716,neighbor,False,MAXIMUM_MAIN_STEEL,999999999.0000000000,8636.3829700000,0.2000000000,0.3500000000,0.3000000000,3.0000000000,1.0000000000,103,112,104,110,102,112
3717,neighbor,False,MAXIMUM_MAIN_STEEL,999999999.0000000000,8636.3829700000,0.2250000000,0.3500000000,0.3000000000,3.0000000000,0.9000000000,103,110,103,111,102,111
3718,neighbor,False,MAXIMUM_MAIN_STEEL,999999999.0000000000,8636.3829700000,0.2000000000,0.3500000000,0.3000000000,3.0000000000,0.9000000000,104,112,103,112,104,111
3719,neighbor,False,MINIMUM_MAIN_STEEL,999999999.0000000000,8636.3829700000,0.2000000000,0.3500000000,0.3000000000,3.0000000000,1.0000000000,100,112,101,111,104,111
3720,neighbor,False,MINIMUM_MAIN_STEEL,999999999.0000000000,8636.3829700000,0.2000000000,0.3500000000,0.3000000000,3.0000000000,0.9000000000,100,113,104,110,103,111
3721,neighbor,False,MAXIMUM_MAIN_STEEL,999999999.0000000000,8636.3829700000,0.2250000000,0.3500000000,0.3000000000,3.0000000000,1.0000000000,104,110,104,110,104,111
3722,neighbor,False,STEM_STRESS_OR_INTERVAL_BOUND,999999999.0000000000,8636.3829700000,0.2250000000,0.3500000000,0.3000000000,3.0000000000,1.0000000000,101,112,104,112,102,112
3723,neighbor,False,STEM_STRESS_OR_INTERVAL_BOUND,999999999.0000000000,8636.3829700000,0.2000000000,0.3500000000,0.3000000000,3.0000000000,1.0000000000,101,111,102,110,100,111
3724,neighbor,True,PASS_IMPLEMENTED_PROJECT_CHECKS,9317.1437500000,8636.3829700000,0.2000000000,0.3500000000,0.3000000000,3.0000000000,1.0000000000,103,112,103,110,103,113
3725,neighbor,False,MAXIMUM_MAIN_STEEL,999999999.0000000000,8636.3829700000,0.2250000000,0.3500000000,0.3000000000,3.0000000000,0.8000000000,104,111,100,110,101,111
3726,neighbor,False,MAXIMUM_MAIN_STEEL,999999999.0000000000,8636.3829700000,0.2250000000,0.3500000000,0.3000000000,3.0000000000,0.9000000000,104,111,100,110,103,110
3727,neighbor,False,MINIMUM_MAIN_STEEL,999999999.0000000000,8636.3829700000,0.2000000000,0.3500000000,0.3000000000,3.0000000000,1.0000000000,104,113,103,111,100,113
3728,neighbor,False,MAXIMUM_MAIN_STEEL,999999999.0000000000,8636.3829700000,0.2000000000,0.3500000000,0.3000000000,3.0000000000,1.0000000000,104,111,101,112,103,113
3729,neighbor,False,MEMBER_FLEXURE,999999999.0000000000,8636.3829700000,0.2000000000,0.3500000000,0.3000000000,3.0000000000,1.0000000000,103,112,101,112,102,112
3730,neighbor,True,PASS_IMPLEMENTED_PROJECT_CHECKS,8643.9165400000,8636.3829700000,0.2000000000,0.3500000000,0.3000000000,3.0000000000,1.0000000000,104,113,101,112,103,113
3731,neighbor,True,PASS_IMPLEMENTED_PROJECT_CHECKS,8826.3202500000,8636.3829700000,0.2000000000,0.3500000000,0.3000000000,3.0000000000,1.0000000000,103,112,102,111,103,113
3732,neighbor,False,MINIMUM_MAIN_STEEL,999999999.0000000000,8636.3829700000,0.2250000000,0.3500000000,0.3000000000,3.0000000000,1.0000000000,100,111,101,112,103,113
3733,neighbor,False,MINIMUM_MAIN_STEEL,999999999.0000000000,8636.3829700000,0.2000000000,0.3500000000,0.3000000000,3.0000000000,1.0000000000,100,111,103,110,103,113
3734,neighbor,False,MAXIMUM_MAIN_STEEL,999999999.0000000000,8636.3829700000,0.2250000000,0.3500000000,0.3000000000,3.0000000000,1.0000000000,103,110,101,112,103,113
3735,neighbor,False,STEM_STRESS_OR_INTERVAL_BOUND,999999999.0000000000,8636.3829700000,0.2250000000,0.3500000000,0.3000000000,3.0000000000,0.9000000000,102,112,103,113,102,110
3736,neighbor,False,MAXIMUM_MAIN_STEEL,999999999.0000000000,8636.3829700000,0.2000000000,0.3500000000,0.3000000000,3.0000000000,0.8000000000,103,111,100,110,101,112
3737,neighbor,False,MEMBER_FLEXURE,999999999.0000000000,8636.3829700000,0.2000000000,0.3500000000,0.3000000000,3.0000000000,0.8000000000,104,113,102,112,100,110
3738,neighbor,False,MINIMUM_MAIN_STEEL,999999999.0000000000,8636.3829700000,0.2000000000,0.3500000000,0.3000000000,3.0000000000,1.0000000000,103,112,100,113,101,112
3739,neighbor,True,PASS_IMPLEMENTED_PROJECT_CHECKS,8675.2539700000,8636.3829700000,0.2000000000,0.3500000000,0.3000000000,3.0000000000,1.0000000000,103,112,101,112,102,111
3740,neighbor,False,MINIMUM_MAIN_STEEL,999999999.0000000000,8636.3829700000,0.2000000000,0.3500000000,0.3000000000,3.0000000000,1.0000000000,101,113,101,113,104,110
3741,neighbor,True,PASS_IMPLEMENTED_PROJECT_CHECKS,8927.9710000000,8636.3829700000,0.2000000000,0.3500000000,0.3000000000,3.0000000000,1.0000000000,103,112,103,112,102,111
3742,neighbor,True,PASS_IMPLEMENTED_PROJECT_CHECKS,9142.8906100000,8636.3829700000,0.2000000000,0.3500000000,0.3000000000,3.0000000000,1.0000000000,103,112,101,110,104,112
3743,neighbor,False,MINIMUM_MAIN_STEEL,999999999.0000000000,8636.3829700000,0.2000000000,0.3500000000,0.3000000000,3.0000000000,1.0000000000,100,112,101,111,100,111
3744,neighbor,False,MINIMUM_MAIN_STEEL,999999999.0000000000,8636.3829700000,0.2000000000,0.3500000000,0.3000000000,3.0000000000,1.0000000000,100,112,103,112,103,110
3745,neighbor,True,PASS_IMPLEMENTED_PROJECT_CHECKS,9914.5586900000,8636.3829700000,0.2250000000,0.3500000000,0.3000000000,3.0000000000,1.0000000000,102,110,101,110,102,110
3746,neighbor,False,MINIMUM_MAIN_STEEL,999999999.0000000000,8636.3829700000,0.2000000000,0.3500000000,0.3000000000,3.0000000000,1.0000000000,103,112,100,112,103,113
3747,neighbor,True,PASS_IMPLEMENTED_PROJECT_CHECKS,8680.2146500000,8636.3829700000,0.2000000000,0.3500000000,0.3000000000,3.0000000000,1.0000000000,103,112,102,113,103,113
3748,neighbor,False,STEM_STRESS_OR_INTERVAL_BOUND,999999999.0000000000,8636.3829700000,0.2000000000,0.3500000000,0.3000000000,3.0000000000,1.0000000000,102,111,101,113,101,110
3749,neighbor,False,MINIMUM_MAIN_STEEL,999999999.0000000000,8636.3829700000,0.2000000000,0.3500000000,0.3000000000,3.0000000000,1.0000000000,100,113,100,110,102,110
3750,neighbor,True,PASS_IMPLEMENTED_PROJECT_CHECKS,9032.6265400000,8636.3829700000,0.2000000000,0.3500000000,0.3000000000,3.0000000000,1.0000000000,104,113,101,112,103,111
3751,neighbor,False,STEM_STRESS_OR_INTERVAL_BOUND,999999999.0000000000,8636.3829700000,0.2250000000,0.3500000000,0.3000000000,3.0000000000,0.9000000000,101,110,104,113,101,112
3752,neighbor,False,MINIMUM_MAIN_STEEL,999999999.0000000000,8636.3829700000,0.2000000000,0.3500000000,0.3000000000,3.0000000000,1.0000000000,100,111,103,110,100,111
3753,neighbor,False,STEM_STRESS_OR_INTERVAL_BOUND,999999999.0000000000,8636.3829700000,0.2000000000,0.3500000000,0.3000000000,3.0000000000,1.0000000000,102,111,102,112,103,111
3754,neighbor,False,MEMBER_FLEXURE,999999999.0000000000,8636.3829700000,0.2250000000,0.3500000000,0.3000000000,3.0000000000,1.0000000000,102,110,101,112,103,113
3755,neighbor,False,STEM_STRESS_OR_INTERVAL_BOUND,999999999.0000000000,8636.3829700000,0.2500000000,0.3500000000,0.3000000000,3.0000000000,1.0000000000,102,112,102,112,104,111
3756,neighbor,False,MAXIMUM_MAIN_STEEL,999999999.0000000000,8636.3829700000,0.2000000000,0.3500000000,0.3000000000,3.0000000000,1.0000000000,104,110,103,111,104,111
3757,neighbor,False,STEM_STRESS_OR_INTERVAL_BOUND,999999999.0000000000,8636.3829700000,0.2000000000,0.3500000000,0.3000000000,3.0000000000,0.9000000000,103,113,100,110,103,113
3758,neighbor,True,PASS_IMPLEMENTED_PROJECT_CHECKS,8675.2539700000,8636.3829700000,0.2000000000,0.3500000000,0.3000000000,3.0000000000,1.0000000000,103,112,101,112,102,111
3759,neighbor,False,STEM_STRESS_OR_INTERVAL_BOUND,999999999.0000000000,8636.3829700000,0.2000000000,0.3500000000,0.3000000000,3.0000000000,1.0000000000,102,112,101,112,101,112
3760,neighbor,True,PASS_IMPLEMENTED_PROJECT_CHECKS,9347.8333300000,8636.3829700000,0.2000000000,0.3500000000,0.3000000000,3.0000000000,1.0000000000,103,112,104,112,102,110
3761,neighbor,True,PASS_IMPLEMENTED_PROJECT_CHECKS,8636.3829700000,8636.3829700000,0.2000000000,0.3500000000,0.3000000000,3.0000000000,1.0000000000,103,112,101,112,103,113
3762,neighbor,True,PASS_IMPLEMENTED_PROJECT_CHECKS,8650.3765300000,8636.3829700000,0.2000000000,0.3500000000,0.3000000000,3.0000000000,1.0000000000,103,112,101,112,101,110
3763,neighbor,False,MINIMUM_MAIN_STEEL,999999999.0000000000,8636.3829700000,0.2000000000,0.3500000000,0.3000000000,3.0000000000,1.0000000000,103,112,101,112,100,113
3764,neighbor,False,MAXIMUM_MAIN_STEEL,999999999.0000000000,8636.3829700000,0.2000000000,0.3500000000,0.3000000000,3.0000000000,1.0000000000,104,112,104,111,103,113
3765,neighbor,True,PASS_IMPLEMENTED_PROJECT_CHECKS,8735.0042500000,8636.3829700000,0.2000000000,0.3500000000,0.3000000000,3.0000000000,1.0000000000,103,112,102,112,103,113
3766,neighbor,False,MAXIMUM_MAIN_STEEL,999999999.0000000000,8636.3829700000,0.2000000000,0.3500000000,0.3000000000,3.0000000000,0.9000000000,102,110,104,110,103,112
3767,neighbor,False,STEM_STRESS_OR_INTERVAL_BOUND,999999999.0000000000,8636.3829700000,0.2000000000,0.3500000000,0.3000000000,3.0000000000,1.0000000000,102,112,103,113,104,112
3768,neighbor,True,PASS_IMPLEMENTED_PROJECT_CHECKS,9176.9736900000,8636.3829700000,0.2000000000,0.3500000000,0.3000000000,3.0000000000,1.0000000000,103,112,104,111,103,113
3769,neighbor,False,MAXIMUM_MAIN_STEEL,999999999.0000000000,8636.3829700000,0.2000000000,0.3500000000,0.3000000000,3.0000000000,1.0000000000,104,111,104,113,102,110
3770,neighbor,False,MINIMUM_MAIN_STEEL,999999999.0000000000,8636.3829700000,0.2000000000,0.3500000000,0.3000000000,3.0000000000,1.0000000000,103,112,100,112,103,113
3771,neighbor,False,MAXIMUM_MAIN_STEEL,999999999.0000000000,8636.3829700000,0.2500000000,0.3500000000,0.3000000000,3.0000000000,1.0000000000,103,111,104,110,103,113
3772,neighbor,False,MAXIMUM_MAIN_STEEL,999999999.0000000000,8636.3829700000,0.2000000000,0.3500000000,0.3000000000,3.0000000000,1.0000000000,103,111,102,110,101,110
3773,neighbor,False,STEM_STRESS_OR_INTERVAL_BOUND,999999999.0000000000,8636.3829700000,0.2000000000,0.3500000000,0.3000000000,3.0000000000,1.0000000000,102,112,103,111,104,113
3774,neighbor,False,MAXIMUM_MAIN_STEEL,999999999.0000000000,8636.3829700000,0.2000000000,0.3500000000,0.3000000000,3.0000000000,1.0000000000,102,110,104,112,103,113
3775,neighbor,False,MEMBER_FLEXURE,999999999.0000000000,8636.3829700000,0.2000000000,0.3500000000,0.3000000000,3.0000000000,1.0000000000,103,112,101,113,103,111
3776,neighbor,False,MINIMUM_MAIN_STEEL,999999999.0000000000,8636.3829700000,0.2250000000,0.3500000000,0.3000000000,3.0000000000,1.0000000000,100,113,104,111,102,111
3777,neighbor,False,STEM_STRESS_OR_INTERVAL_BOUND,999999999.0000000000,8636.3829700000,0.2000000000,0.3500000000,0.3000000000,3.0000000000,1.0000000000,101,110,100,110,104,112
3778,neighbor,False,MINIMUM_MAIN_STEEL,999999999.0000000000,8636.3829700000,0.2000000000,0.3500000000,0.3000000000,3.0000000000,1.0000000000,100,113,101,112,103,113
3779,neighbor,True,PASS_IMPLEMENTED_PROJECT_CHECKS,9025.0929700000,8636.3829700000,0.2000000000,0.3500000000,0.3000000000,3.0000000000,1.0000000000,103,112,101,112,103,111
3780,neighbor,True,PASS_IMPLEMENTED_PROJECT_CHECKS,8811.7096900000,8636.3829700000,0.2000000000,0.3500000000,0.3000000000,3.0000000000,1.0000000000,103,112,101,110,103,113
3781,neighbor,False,STEM_STRESS_OR_INTERVAL_BOUND,999999999.0000000000,8636.3829700000,0.2000000000,0.3500000000,0.3000000000,3.0000000000,0.9000000000,101,110,103,113,102,110
3782,neighbor,True,PASS_IMPLEMENTED_PROJECT_CHECKS,9025.0929700000,8636.3829700000,0.2000000000,0.3500000000,0.3000000000,3.0000000000,1.0000000000,103,112,101,112,103,111
3783,neighbor,False,MAXIMUM_MAIN_STEEL,999999999.0000000000,8636.3829700000,0.2000000000,0.3500000000,0.3000000000,3.0000000000,1.0000000000,104,110,101,112,103,113
3784,neighbor,True,PASS_IMPLEMENTED_PROJECT_CHECKS,8636.3829700000,8636.3829700000,0.2000000000,0.3500000000,0.3000000000,3.0000000000,1.0000000000,103,112,101,112,103,113
3785,neighbor,False,STEM_STRESS_OR_INTERVAL_BOUND,999999999.0000000000,8636.3829700000,0.2250000000,0.3500000000,0.3000000000,3.0000000000,1.0000000000,102,113,100,110,100,111
3786,neighbor,False,STEM_STRESS_OR_INTERVAL_BOUND,999999999.0000000000,8636.3829700000,0.2000000000,0.3500000000,0.3000000000,3.0000000000,0.9000000000,102,111,102,111,102,111
3787,neighbor,False,STEM_STRESS_OR_INTERVAL_BOUND,999999999.0000000000,8636.3829700000,0.2000000000,0.3500000000,0.3000000000,3.0000000000,1.0000000000,103,113,103,110,103,112
3788,neighbor,False,STEM_STRESS_OR_INTERVAL_BOUND,999999999.0000000000,8636.3829700000,0.2250000000,0.3500000000,0.3000000000,3.0000000000,0.9000000000,102,112,103,111,100,110
3789,neighbor,True,PASS_IMPLEMENTED_PROJECT_CHECKS,9663.5122500000,8636.3829700000,0.2500000000,0.3500000000,0.3000000000,3.0000000000,1.0000000000,103,112,103,110,102,111
3790,neighbor,False,MINIMUM_MAIN_STEEL,999999999.0000000000,8636.3829700000,0.2000000000,0.3500000000,0.3000000000,3.0000000000,1.0000000000,100,113,101,112,103,113
3791,neighbor,False,MEMBER_FLEXURE,999999999.0000000000,8636.3829700000,0.2000000000,0.3500000000,0.3000000000,3.0000000000,1.0000000000,103,112,104,112,100,111
3792,neighbor,False,MINIMUM_MAIN_STEEL,999999999.0000000000,8636.3829700000,0.2250000000,0.3500000000,0.3000000000,3.0000000000,1.0000000000,100,111,102,113,102,113
3793,neighbor,False,MAXIMUM_MAIN_STEEL,999999999.0000000000,8636.3829700000,0.2000000000,0.3500000000,0.3000000000,3.0000000000,1.0000000000,103,110,101,112,103,113
3794,neighbor,True,PASS_IMPLEMENTED_PROJECT_CHECKS,9294.2283700000,8636.3829700000,0.2000000000,0.3500000000,0.3000000000,3.0000000000,1.0000000000,103,112,100,110,104,111
3795,neighbor,False,STEM_STRESS_OR_INTERVAL_BOUND,999999999.0000000000,8636.3829700000,0.2000000000,0.3500000000,0.3000000000,3.0000000000,1.0000000000,102,111,104,111,103,111
3796,neighbor,False,MINIMUM_MAIN_STEEL,999999999.0000000000,8636.3829700000,0.2000000000,0.3500000000,0.3000000000,3.0000000000,0.8000000000,101,113,101,110,104,111
3797,neighbor,False,MINIMUM_MAIN_STEEL,999999999.0000000000,8636.3829700000,0.2000000000,0.3500000000,0.3000000000,3.0000000000,1.0000000000,100,112,102,112,100,112
3798,neighbor,False,STEM_STRESS_OR_INTERVAL_BOUND,999999999.0000000000,8636.3829700000,0.2250000000,0.3500000000,0.3000000000,3.0000000000,0.9000000000,101,112,104,111,104,112
3799,neighbor,False,MAXIMUM_MAIN_STEEL,999999999.0000000000,8636.3829700000,0.2250000000,0.3500000000,0.3000000000,3.0000000000,1.0000000000,104,110,101,113,101,111
3800,neighbor,False,STEM_STRESS_OR_INTERVAL_BOUND,999999999.0000000000,8636.3829700000,0.2000000000,0.3500000000,0.3000000000,3.0000000000,1.0000000000,101,111,104,112,101,110
3801,neighbor,False,STEM_STRESS_OR_INTERVAL_BOUND,999999999.0000000000,8636.3829700000,0.2000000000,0.3500000000,0.3000000000,3.0000000000,1.0000000000,102,111,101,112,103,113
3802,neighbor,False,STEM_STRESS_OR_INTERVAL_BOUND,999999999.0000000000,8636.3829700000,0.2250000000,0.3500000000,0.3000000000,3.0000000000,0.8000000000,101,110,104,111,103,111
3803,neighbor,False,STEM_STRESS_OR_INTERVAL_BOUND,999999999.0000000000,8636.3829700000,0.2000000000,0.3500000000,0.3000000000,3.0000000000,1.0000000000,100,110,101,112,103,113
3804,neighbor,True,PASS_IMPLEMENTED_PROJECT_CHECKS,9146.3260660000,8636.3829700000,0.2000000000,0.3500000000,0.3000000000,3.0000000000,1.0000000000,103,112,104,112,104,113
3805,neighbor,True,PASS_IMPLEMENTED_PROJECT_CHECKS,8871.1453000000,8636.3829700000,0.2000000000,0.3500000000,0.3000000000,3.0000000000,0.8000000000,103,112,102,113,103,112
3806,neighbor,False,MAXIMUM_MAIN_STEEL,999999999.0000000000,8636.3829700000,0.2250000000,0.3500000000,0.3000000000,3.0000000000,1.0000000000,103,110,104,110,100,111
3807,neighbor,False,MINIMUM_MAIN_STEEL,999999999.0000000000,8636.3829700000,0.2000000000,0.3500000000,0.3000000000,3.0000000000,1.0000000000,100,112,101,112,103,113
3808,neighbor,False,MINIMUM_MAIN_STEEL,999999999.0000000000,8636.3829700000,0.2000000000,0.3500000000,0.3000000000,3.0000000000,0.8000000000,104,111,100,113,101,113
3809,neighbor,False,STEM_STRESS_OR_INTERVAL_BOUND,999999999.0000000000,8636.3829700000,0.2000000000,0.3500000000,0.3000000000,3.0000000000,1.0000000000,100,110,101,112,103,113
3810,neighbor,False,STEM_STRESS_OR_INTERVAL_BOUND,999999999.0000000000,8636.3829700000,0.2250000000,0.3500000000,0.3000000000,3.0000000000,1.0000000000,101,111,102,110,101,112
3811,neighbor,False,MINIMUM_MAIN_STEEL,999999999.0000000000,8636.3829700000,0.2250000000,0.3500000000,0.3000000000,3.0000000000,1.0000000000,103,112,100,113,101,113
3812,neighbor,True,PASS_IMPLEMENTED_PROJECT_CHECKS,8636.3829700000,8636.3829700000,0.2000000000,0.3500000000,0.3000000000,3.0000000000,1.0000000000,103,112,101,112,103,113
3813,neighbor,True,PASS_IMPLEMENTED_PROJECT_CHECKS,9008.9522500000,8636.3829700000,0.2000000000,0.3500000000,0.3000000000,3.0000000000,1.0000000000,103,112,102,110,103,113
3814,neighbor,False,STEM_STRESS_OR_INTERVAL_BOUND,999999999.0000000000,8636.3829700000,0.2000000000,0.3500000000,0.3000000000,3.0000000000,0.9000000000,100,110,104,111,102,110
3815,neighbor,False,STEM_STRESS_OR_INTERVAL_BOUND,999999999.0000000000,8636.3829700000,0.2000000000,0.3500000000,0.3000000000,3.0000000000,1.0000000000,102,112,103,112,103,112
3816,neighbor,False,STEM_STRESS_OR_INTERVAL_BOUND,999999999.0000000000,8636.3829700000,0.2000000000,0.3500000000,0.3000000000,3.0000000000,1.0000000000,103,113,101,112,103,113
3817,neighbor,False,MAXIMUM_MAIN_STEEL,999999999.0000000000,8636.3829700000,0.2000000000,0.3500000000,0.3000000000,3.0000000000,0.8000000000,104,112,103,113,101,111
3818,neighbor,True,PASS_IMPLEMENTED_PROJECT_CHECKS,8967.5638900000,8636.3829700000,0.2000000000,0.3500000000,0.3000000000,3.0000000000,1.0000000000,103,112,101,112,104,112
3819,neighbor,True,PASS_IMPLEMENTED_PROJECT_CHECKS,10164.9790000000,8636.3829700000,0.2500000000,0.3500000000,0.3000000000,3.0000000000,0.8000000000,103,111,102,112,102,110
3820,reset,True,PASS_IMPLEMENTED_PROJECT_CHECKS,8636.3829700000,8636.3829700000,0.2000000000,0.3500000000,0.3000000000,3.0000000000,1.0000000000,103,112,101,112,103,113
3821,neighbor,False,MINIMUM_MAIN_STEEL,999999999.0000000000,8636.3829700000,0.2000000000,0.4000000000,0.3000000000,3.5000000000,1.0000000000,101,112,103,111,102,110
3822,neighbor,False,STEM_STRESS_OR_INTERVAL_BOUND,999999999.0000000000,8636.3829700000,0.2500000000,0.2500000000,0.4500000000,3.0000000000,0.9000000000,100,111,104,113,103,112
3823,neighbor,False,MINIMUM_MAIN_STEEL,999999999.0000000000,8636.3829700000,0.2000000000,0.4500000000,0.3000000000,2.5000000000,1.0000000000,101,113,103,112,104,113
3824,neighbor,False,MAXIMUM_MAIN_STEEL,999999999.0000000000,8636.3829700000,0.2000000000,0.3500000000,0.3000000000,3.0000000000,1.0000000000,102,110,101,112,103,113
3825,neighbor,False,STEM_STRESS_OR_INTERVAL_BOUND,999999999.0000000000,8636.3829700000,0.2250000000,0.2500000000,0.5500000000,3.5000000000,0.8000000000,103,113,103,113,102,112
3826,neighbor,True,PASS_IMPLEMENTED_PROJECT_CHECKS,9200.4196900000,8636.3829700000,0.2000000000,0.3500000000,0.3000000000,3.0000000000,1.0000000000,103,112,101,110,103,111
3827,neighbor,False,MINIMUM_MAIN_STEEL,999999999.0000000000,8636.3829700000,0.2000000000,0.2500000000,0.3000000000,3.5000000000,0.8000000000,104,111,100,112,104,113
3828,neighbor,False,MINIMUM_MAIN_STEEL,999999999.0000000000,8636.3829700000,0.2000000000,0.3500000000,0.5500000000,3.5000000000,1.0000000000,102,111,104,110,100,111
3829,neighbor,False,STEM_STRESS_OR_INTERVAL_BOUND,999999999.0000000000,8636.3829700000,0.2000000000,0.2500000000,0.3000000000,3.5000000000,0.9000000000,101,111,101,111,104,110
3830,neighbor,False,MINIMUM_MAIN_STEEL,999999999.0000000000,8636.3829700000,0.2000000000,0.4500000000,0.3000000000,2.5000000000,0.8000000000,100,111,103,112,100,111
3831,neighbor,False,MINIMUM_MAIN_STEEL,999999999.0000000000,8636.3829700000,0.2000000000,0.3500000000,0.3000000000,3.0000000000,1.0000000000,100,113,101,112,103,113
3832,neighbor,False,STEM_STRESS_OR_INTERVAL_BOUND,999999999.0000000000,8636.3829700000,0.2000000000,0.3500000000,0.3000000000,3.0000000000,1.0000000000,101,110,101,112,103,113
3833,neighbor,False,STEM_STRESS_OR_INTERVAL_BOUND,999999999.0000000000,8636.3829700000,0.2000000000,0.2500000000,0.3000000000,3.0000000000,1.0000000000,103,111,101,112,103,113
3834,neighbor,False,MINIMUM_MAIN_STEEL,999999999.0000000000,8636.3829700000,0.2000000000,0.3500000000,0.3000000000,3.0000000000,1.0000000000,103,112,101,112,100,113
3835,neighbor,True,PASS_IMPLEMENTED_PROJECT_CHECKS,8636.3829700000,8636.3829700000,0.2000000000,0.3500000000,0.3000000000,3.0000000000,1.0000000000,103,112,101,112,103,113
3836,neighbor,False,MAXIMUM_MAIN_STEEL,999999999.0000000000,8636.3829700000,0.2000000000,0.3500000000,0.3000000000,3.0000000000,1.0000000000,102,110,101,112,103,113
3837,neighbor,False,MINIMUM_MAIN_STEEL,999999999.0000000000,8636.3829700000,0.2000000000,0.3500000000,0.3000000000,3.0000000000,0.8000000000,103,110,100,113,103,113
3838,neighbor,True,PASS_IMPLEMENTED_PROJECT_CHECKS,11198.4007300000,8636.3829700000,0.2000000000,0.4000000000,0.3000000000,3.5000000000,0.8000000000,103,112,104,111,103,110
3839,neighbor,False,MEMBER_FLEXURE,999999999.0000000000,8636.3829700000,0.2000000000,0.3500000000,0.3000000000,3.0000000000,1.0000000000,103,112,100,111,103,113
3840,neighbor,False,ENVELOPE_BASE_CONTACT,999999999.0000000000,8636.3829700000,0.2000000000,0.4500000000,0.3500000000,2.5000000000,1.0000000000,102,112,101,113,102,113
3841,neighbor,False,STEM_STRESS_OR_INTERVAL_BOUND,999999999.0000000000,8636.3829700000,0.2000000000,0.4500000000,0.3000000000,3.0000000000,1.0000000000,102,112,101,112,103,113
3842,neighbor,False,ENVELOPE_BASE_CONTACT,999999999.0000000000,8636.3829700000,0.2000000000,0.3500000000,0.3500000000,2.5000000000,1.0000000000,100,110,104,113,103,110
3843,neighbor,False,ENVELOPE_BASE_CONTACT,999999999.0000000000,8636.3829700000,0.2000000000,0.3500000000,0.5500000000,2.5000000000,1.0000000000,103,110,102,110,102,113
3844,neighbor,False,STEM_STRESS_OR_INTERVAL_BOUND,999999999.0000000000,8636.3829700000,0.2000000000,0.3000000000,0.3000000000,3.5000000000,0.8000000000,103,112,103,112,102,113
3845,neighbor,False,STEM_STRESS_OR_INTERVAL_BOUND,999999999.0000000000,8636.3829700000,0.2250000000,0.4000000000,0.3000000000,3.5000000000,1.0000000000,101,111,103,110,101,111
3846,neighbor,False,MINIMUM_MAIN_STEEL,999999999.0000000000,8636.3829700000,0.2000000000,0.4500000000,0.3000000000,3.5000000000,1.0000000000,101,112,102,113,104,112
3847,neighbor,False,MINIMUM_MAIN_STEEL,999999999.0000000000,8636.3829700000,0.2000000000,0.3000000000,0.3000000000,2.5000000000,1.0000000000,100,112,100,111,102,112
3848,neighbor,False,STEM_STRESS_OR_INTERVAL_BOUND,999999999.0000000000,8636.3829700000,0.2000000000,0.3500000000,0.3000000000,3.0000000000,1.0000000000,101,112,101,112,103,113
3849,neighbor,False,MINIMUM_MAIN_STEEL,999999999.0000000000,8636.3829700000,0.2500000000,0.2500000000,0.3000000000,3.0000000000,0.9000000000,104,113,100,113,102,110
3850,neighbor,False,MINIMUM_MAIN_STEEL,999999999.0000000000,8636.3829700000,0.2000000000,0.3500000000,0.3000000000,3.0000000000,1.0000000000,103,112,100,112,103,113
3851,neighbor,True,PASS_IMPLEMENTED_PROJECT_CHECKS,8967.5638900000,8636.3829700000,0.2000000000,0.3500000000,0.3000000000,3.0000000000,1.0000000000,103,112,101,112,104,112
3852,neighbor,False,MAXIMUM_MAIN_STEEL,999999999.0000000000,8636.3829700000,0.2000000000,0.4500000000,0.3000000000,3.5000000000,1.0000000000,103,111,102,110,101,111
3853,neighbor,False,MINIMUM_MAIN_STEEL,999999999.0000000000,8636.3829700000,0.2500000000,0.3500000000,0.5500000000,3.5000000000,1.0000000000,100,112,103,111,100,113
3854,neighbor,False,MAXIMUM_MAIN_STEEL,999999999.0000000000,8636.3829700000,0.2000000000,0.3500000000,0.3000000000,3.0000000000,1.0000000000,104,111,101,112,103,113
3855,neighbor,False,MAXIMUM_MAIN_STEEL,999999999.0000000000,8636.3829700000,0.2000000000,0.3500000000,0.3000000000,3.0000000000,1.0000000000,104,111,101,112,103,113
3856,neighbor,True,PASS_IMPLEMENTED_PROJECT_CHECKS,8643.9165400000,8636.3829700000,0.2000000000,0.3500000000,0.3000000000,3.0000000000,1.0000000000,104,113,101,112,103,113
3857,neighbor,False,ENVELOPE_BASE_CONTACT,999999999.0000000000,8636.3829700000,0.2000000000,0.4000000000,0.4500000000,2.5000000000,1.0000000000,104,110,102,112,102,113
3858,neighbor,True,PASS_IMPLEMENTED_PROJECT_CHECKS,9146.3260660000,8636.3829700000,0.2000000000,0.3500000000,0.3000000000,3.0000000000,1.0000000000,103,112,104,112,104,113
3859,neighbor,False,STEM_STRESS_OR_INTERVAL_BOUND,999999999.0000000000,8636.3829700000,0.2500000000,0.3000000000,0.3000000000,3.0000000000,1.0000000000,103,113,102,112,100,111
3860,neighbor,True,PASS_IMPLEMENTED_PROJECT_CHECKS,10805.9925000000,8636.3829700000,0.2000000000,0.3500000000,0.4500000000,3.5000000000,1.0000000000,103,112,103,111,103,113
3861,neighbor,False,MAXIMUM_MAIN_STEEL,999999999.0000000000,8636.3829700000,0.2000000000,0.4000000000,0.4000000000,3.0000000000,0.9000000000,104,110,104,110,102,113
3862,neighbor,False,MINIMUM_MAIN_STEEL,999999999.0000000000,8636.3829700000,0.2000000000,0.4000000000,0.3000000000,3.0000000000,1.0000000000,100,111,101,112,103,113
3863,neighbor,False,MAXIMUM_MAIN_STEEL,999999999.0000000000,8636.3829700000,0.2000000000,0.3500000000,0.3000000000,3.0000000000,1.0000000000,104,110,101,112,103,113
3864,neighbor,False,MINIMUM_MAIN_STEEL,999999999.0000000000,8636.3829700000,0.2500000000,0.3000000000,0.4500000000,2.5000000000,1.0000000000,100,112,101,110,100,112
3865,neighbor,False,STEM_STRESS_OR_INTERVAL_BOUND,999999999.0000000000,8636.3829700000,0.2000000000,0.3500000000,0.3000000000,3.0000000000,1.0000000000,101,110,101,112,103,113
3866,neighbor,False,STEM_STRESS_OR_INTERVAL_BOUND,999999999.0000000000,8636.3829700000,0.2000000000,0.2500000000,0.3000000000,3.0000000000,1.0000000000,101,111,101,112,103,113
3867,neighbor,False,MAXIMUM_MAIN_STEEL,999999999.0000000000,8636.3829700000,0.2000000000,0.3500000000,0.3000000000,3.0000000000,1.0000000000,103,110,101,112,103,113
3868,neighbor,True,PASS_IMPLEMENTED_PROJECT_CHECKS,8735.0042500000,8636.3829700000,0.2000000000,0.3500000000,0.3000000000,3.0000000000,1.0000000000,103,112,102,112,103,113
3869,neighbor,False,ENVELOPE_BASE_CONTACT,999999999.0000000000,8636.3829700000,0.2000000000,0.3500000000,0.3500000000,2.5000000000,1.0000000000,103,112,102,110,102,111
3870,neighbor,False,MINIMUM_MAIN_STEEL,999999999.0000000000,8636.3829700000,0.2000000000,0.4000000000,0.4000000000,3.0000000000,0.8000000000,101,113,104,113,101,111
3871,neighbor,True,PASS_IMPLEMENTED_PROJECT_CHECKS,10350.4888600000,8636.3829700000,0.2000000000,0.3500000000,0.4500000000,3.0000000000,0.8000000000,103,112,104,112,102,110
3872,neighbor,True,PASS_IMPLEMENTED_PROJECT_CHECKS,8636.3829700000,8636.3829700000,0.2000000000,0.3500000000,0.3000000000,3.0000000000,1.0000000000,103,112,101,112,103,113
3873,neighbor,False,MAXIMUM_MAIN_STEEL,999999999.0000000000,8636.3829700000,0.2000000000,0.4000000000,0.3000000000,3.0000000000,1.0000000000,104,110,102,113,103,112
3874,neighbor,False,MINIMUM_MAIN_STEEL,999999999.0000000000,8636.3829700000,0.2500000000,0.3000000000,0.5500000000,2.5000000000,1.0000000000,100,113,100,113,101,112
3875,neighbor,False,MEMBER_FLEXURE,999999999.0000000000,8636.3829700000,0.2000000000,0.3500000000,0.3000000000,3.0000000000,1.0000000000,103,112,101,112,100,110
3876,neighbor,False,MINIMUM_MAIN_STEEL,999999999.0000000000,8636.3829700000,0.2500000000,0.3500000000,0.3500000000,2.5000000000,1.0000000000,100,111,101,113,101,111
3877,neighbor,False,STEM_STRESS_OR_INTERVAL_BOUND,999999999.0000000000,8636.3829700000,0.2000000000,0.3500000000,0.3500000000,3.0000000000,1.0000000000,102,111,101,113,104,113
3878,neighbor,False,ENVELOPE_BASE_CONTACT,999999999.0000000000,8636.3829700000,0.2000000000,0.3000000000,0.3000000000,2.5000000000,0.8000000000,104,113,104,113,102,113
3879,neighbor,False,MINIMUM_MAIN_STEEL,999999999.0000000000,8636.3829700000,0.2000000000,0.3500000000,0.3000000000,3.0000000000,0.9000000000,100,110,100,112,103,110
3880,neighbor,False,MINIMUM_MAIN_STEEL,999999999.0000000000,8636.3829700000,0.2000000000,0.4500000000,0.3000000000,3.0000000000,1.0000000000,101,113,103,111,100,112
3881,neighbor,False,MINIMUM_MAIN_STEEL,999999999.0000000000,8636.3829700000,0.2500000000,0.4500000000,0.3000000000,2.5000000000,0.9000000000,102,113,100,112,103,113
3882,neighbor,False,STEM_STRESS_OR_INTERVAL_BOUND,999999999.0000000000,8636.3829700000,0.2000000000,0.3000000000,0.5500000000,3.5000000000,0.8000000000,103,112,102,112,101,111
3883,neighbor,False,MAXIMUM_MAIN_STEEL,999999999.0000000000,8636.3829700000,0.2000000000,0.3500000000,0.4500000000,3.0000000000,1.0000000000,104,112,101,112,103,110
3884,neighbor,False,MINIMUM_MAIN_STEEL,999999999.0000000000,8636.3829700000,0.2000000000,0.2500000000,0.4000000000,3.5000000000,1.0000000000,103,111,103,112,100,112
3885,neighbor,False,ENVELOPE_BASE_CONTACT,999999999.0000000000,8636.3829700000,0.2000000000,0.3500000000,0.3500000000,2.5000000000,1.0000000000,100,110,104,111,104,113
3886,neighbor,False,MAXIMUM_MAIN_STEEL,999999999.0000000000,8636.3829700000,0.2000000000,0.4500000000,0.3000000000,3.5000000000,1.0000000000,104,111,103,110,101,113
3887,neighbor,False,STEM_STRESS_OR_INTERVAL_BOUND,999999999.0000000000,8636.3829700000,0.2000000000,0.3000000000,0.3000000000,3.0000000000,1.0000000000,101,111,103,111,101,112
3888,neighbor,False,MINIMUM_MAIN_STEEL,999999999.0000000000,8636.3829700000,0.2000000000,0.2500000000,0.3000000000,3.5000000000,1.0000000000,101,112,102,111,100,113
3889,neighbor,False,STEM_STRESS_OR_INTERVAL_BOUND,999999999.0000000000,8636.3829700000,0.2000000000,0.2500000000,0.3000000000,3.0000000000,1.0000000000,100,111,101,112,103,113
3890,neighbor,False,MINIMUM_MAIN_STEEL,999999999.0000000000,8636.3829700000,0.2000000000,0.3500000000,0.4500000000,3.5000000000,1.0000000000,103,112,100,111,101,110
3891,neighbor,False,MEMBER_FLEXURE,999999999.0000000000,8636.3829700000,0.2500000000,0.3500000000,0.3000000000,3.0000000000,0.9000000000,104,113,104,111,102,113
3892,neighbor,False,MAXIMUM_MAIN_STEEL,999999999.0000000000,8636.3829700000,0.2000000000,0.4000000000,0.3000000000,3.0000000000,1.0000000000,104,110,101,110,104,113
3893,neighbor,False,MINIMUM_MAIN_STEEL,999999999.0000000000,8636.3829700000,0.2000000000,0.4500000000,0.3000000000,3.0000000000,1.0000000000,100,110,101,112,103,113
3894,neighbor,False,ENVELOPE_BASE_CONTACT,999999999.0000000000,8636.3829700000,0.2000000000,0.3000000000,0.3000000000,2.5000000000,1.0000000000,104,110,103,111,103,112
3895,neighbor,False,STEM_STRESS_OR_INTERVAL_BOUND,999999999.0000000000,8636.3829700000,0.2000000000,0.3000000000,0.4500000000,3.0000000000,1.0000000000,103,112,102,113,104,113
3896,neighbor,False,ENVELOPE_BASE_CONTACT,999999999.0000000000,8636.3829700000,0.2000000000,0.3500000000,0.3000000000,2.5000000000,0.8000000000,103,112,103,113,101,111
3897,neighbor,False,MINIMUM_MAIN_STEEL,999999999.0000000000,8636.3829700000,0.2000000000,0.3500000000,0.3000000000,3.0000000000,1.0000000000,101,113,101,112,103,113
3898,neighbor,False,STEM_STRESS_OR_INTERVAL_BOUND,999999999.0000000000,8636.3829700000,0.2000000000,0.3500000000,0.3000000000,3.0000000000,1.0000000000,102,111,101,112,103,113
3899,neighbor,True,PASS_IMPLEMENTED_PROJECT_CHECKS,8890.6067140000,8636.3829700000,0.2000000000,0.3500000000,0.3000000000,3.0000000000,1.0000000000,103,112,104,113,103,113
3900,neighbor,True,PASS_IMPLEMENTED_PROJECT_CHECKS,9031.7812500000,8636.3829700000,0.2000000000,0.3500000000,0.3000000000,3.0000000000,1.0000000000,103,112,103,111,103,113
3901,neighbor,False,MINIMUM_MAIN_STEEL,999999999.0000000000,8636.3829700000,0.2500000000,0.2500000000,0.3000000000,3.0000000000,1.0000000000,100,112,101,112,103,113
3902,neighbor,False,MINIMUM_MAIN_STEEL,999999999.0000000000,8636.3829700000,0.2500000000,0.2500000000,0.3000000000,2.5000000000,0.8000000000,101,110,104,110,100,112
3903,neighbor,False,STEM_STRESS_OR_INTERVAL_BOUND,999999999.0000000000,8636.3829700000,0.2000000000,0.2500000000,0.3500000000,3.0000000000,1.0000000000,101,110,100,111,102,112
3904,neighbor,True,PASS_IMPLEMENTED_PROJECT_CHECKS,8680.2146500000,8636.3829700000,0.2000000000,0.3500000000,0.3000000000,3.0000000000,1.0000000000,103,112,102,113,103,113
3905,neighbor,False,MINIMUM_MAIN_STEEL,999999999.0000000000,8636.3829700000,0.2500000000,0.4000000000,0.3000000000,2.5000000000,1.0000000000,101,113,104,111,100,113
3906,neighbor,False,MINIMUM_MAIN_STEEL,999999999.0000000000,8636.3829700000,0.2000000000,0.3500000000,0.3000000000,3.0000000000,1.0000000000,103,112,101,112,100,113
3907,neighbor,False,MINIMUM_MAIN_STEEL,999999999.0000000000,8636.3829700000,0.2500000000,0.3000000000,0.5000000000,3.0000000000,1.0000000000,102,112,104,112,100,111
3908,neighbor,False,ENVELOPE_BASE_CONTACT,999999999.0000000000,8636.3829700000,0.2000000000,0.4000000000,0.5500000000,2.5000000000,1.0000000000,104,113,102,112,102,112
3909,neighbor,False,MINIMUM_MAIN_STEEL,999999999.0000000000,8636.3829700000,0.2500000000,0.4500000000,0.3000000000,3.0000000000,0.9000000000,101,112,101,113,101,110
3910,neighbor,False,STEM_STRESS_OR_INTERVAL_BOUND,999999999.0000000000,8636.3829700000,0.2500000000,0.3000000000,0.4000000000,3.0000000000,1.0000000000,101,112,101,111,104,112
3911,neighbor,True,PASS_IMPLEMENTED_PROJECT_CHECKS,8658.2988100000,8636.3829700000,0.2000000000,0.3500000000,0.3000000000,3.0000000000,1.0000000000,103,112,100,110,103,113
3912,neighbor,False,MINIMUM_MAIN_STEEL,999999999.0000000000,8636.3829700000,0.2000000000,0.4500000000,0.3000000000,3.0000000000,1.0000000000,102,113,100,110,103,110
3913,neighbor,False,STEM_STRESS_OR_INTERVAL_BOUND,999999999.0000000000,8636.3829700000,0.2000000000,0.2500000000,0.3000000000,3.0000000000,1.0000000000,102,113,101,112,103,113
3914,neighbor,False,MEMBER_FLEXURE,999999999.0000000000,8636.3829700000,0.2000000000,0.3500000000,0.3000000000,3.0000000000,1.0000000000,103,112,104,112,101,113
3915,neighbor,False,MAXIMUM_MAIN_STEEL,999999999.0000000000,8636.3829700000,0.2250000000,0.4000000000,0.3000000000,3.5000000000,1.0000000000,104,110,102,113,101,110
3916,neighbor,False,STEM_STRESS_OR_INTERVAL_BOUND,999999999.0000000000,8636.3829700000,0.2000000000,0.3500000000,0.3000000000,3.0000000000,1.0000000000,102,112,101,112,103,113
3917,neighbor,False,MINIMUM_MAIN_STEEL,999999999.0000000000,8636.3829700000,0.2000000000,0.4500000000,0.3000000000,3.0000000000,1.0000000000,100,111,101,112,103,113
3918,neighbor,False,STEM_STRESS_OR_INTERVAL_BOUND,999999999.0000000000,8636.3829700000,0.2000000000,0.3500000000,0.3000000000,3.0000000000,1.0000000000,101,111,101,112,103,113
3919,neighbor,True,PASS_IMPLEMENTED_PROJECT_CHECKS,8643.9165400000,8636.3829700000,0.2000000000,0.3500000000,0.3000000000,3.0000000000,1.0000000000,104,113,101,112,103,113
3920,neighbor,False,MINIMUM_MAIN_STEEL,999999999.0000000000,8636.3829700000,0.2000000000,0.4500000000,0.5500000000,3.0000000000,1.0000000000,100,110,102,111,104,112
3921,neighbor,False,MINIMUM_MAIN_STEEL,999999999.0000000000,8636.3829700000,0.2000000000,0.4500000000,0.3000000000,3.0000000000,0.8000000000,100,111,104,110,100,112
3922,neighbor,True,PASS_IMPLEMENTED_PROJECT_CHECKS,8951.8229860000,8636.3829700000,0.2000000000,0.3500000000,0.3000000000,3.0000000000,1.0000000000,103,112,103,113,104,113
3923,neighbor,False,MINIMUM_MAIN_STEEL,999999999.0000000000,8636.3829700000,0.2000000000,0.4000000000,0.5500000000,3.5000000000,0.9000000000,100,110,102,112,101,112
3924,neighbor,False,STEM_STRESS_OR_INTERVAL_BOUND,999999999.0000000000,8636.3829700000,0.2250000000,0.3500000000,0.3000000000,3.5000000000,0.9000000000,100,110,103,110,103,111
3925,neighbor,True,PASS_IMPLEMENTED_PROJECT_CHECKS,8636.3829700000,8636.3829700000,0.2000000000,0.3500000000,0.3000000000,3.0000000000,1.0000000000,103,112,101,112,103,113
3926,neighbor,False,MEMBER_FLEXURE,999999999.0000000000,8636.3829700000,0.2000000000,0.3500000000,0.3000000000,3.0000000000,1.0000000000,103,112,101,112,101,113
3927,neighbor,False,STEM_STRESS_OR_INTERVAL_BOUND,999999999.0000000000,8636.3829700000,0.2250000000,0.3000000000,0.3000000000,3.0000000000,0.8000000000,102,113,100,111,100,111
3928,neighbor,True,PASS_IMPLEMENTED_PROJECT_CHECKS,12267.7066500000,8636.3829700000,0.2250000000,0.4500000000,0.3000000000,3.5000000000,1.0000000000,104,112,103,110,103,110
3929,neighbor,True,PASS_IMPLEMENTED_PROJECT_CHECKS,9912.5783700000,8636.3829700000,0.2250000000,0.4500000000,0.3000000000,3.0000000000,1.0000000000,104,112,101,112,103,113
3930,neighbor,False,MINIMUM_MAIN_STEEL,999999999.0000000000,8636.3829700000,0.2000000000,0.4000000000,0.4500000000,3.0000000000,1.0000000000,100,113,104,113,104,111
3931,neighbor,False,MINIMUM_MAIN_STEEL,999999999.0000000000,8636.3829700000,0.2000000000,0.3000000000,0.3500000000,2.5000000000,1.0000000000,100,111,100,113,100,112
3932,neighbor,True,PASS_IMPLEMENTED_PROJECT_CHECKS,8960.0414260000,8636.3829700000,0.2000000000,0.3500000000,0.3000000000,3.0000000000,1.0000000000,103,112,101,110,104,113
3933,neighbor,False,MINIMUM_MAIN_STEEL,999999999.0000000000,8636.3829700000,0.2000000000,0.4500000000,0.3000000000,3.5000000000,1.0000000000,100,111,100,111,104,110
3934,neighbor,True,PASS_IMPLEMENTED_PROJECT_CHECKS,8694.8252100000,8636.3829700000,0.2000000000,0.3500000000,0.3000000000,3.0000000000,1.0000000000,103,112,101,111,103,113
3935,neighbor,False,MINIMUM_MAIN_STEEL,999999999.0000000000,8636.3829700000,0.2000000000,0.3000000000,0.3000000000,3.5000000000,1.0000000000,102,111,103,110,100,112
3936,neighbor,False,STEM_STRESS_OR_INTERVAL_BOUND,999999999.0000000000,8636.3829700000,0.2000000000,0.2500000000,0.3000000000,3.5000000000,0.8000000000,104,111,104,110,102,110
3937,neighbor,False,MINIMUM_MAIN_STEEL,999999999.0000000000,8636.3829700000,0.2000000000,0.3500000000,0.4000000000,3.0000000000,1.0000000000,102,111,100,111,103,111
3938,neighbor,True,PASS_IMPLEMENTED_PROJECT_CHECKS,10970.8894520000,8636.3829700000,0.2000000000,0.3500000000,0.4500000000,3.5000000000,0.8000000000,103,112,103,111,104,113
3939,neighbor,False,MAXIMUM_MAIN_STEEL,999999999.0000000000,8636.3829700000,0.2000000000,0.3500000000,0.3000000000,3.0000000000,1.0000000000,103,111,101,112,103,113
3940,neighbor,False,MINIMUM_MAIN_STEEL,999999999.0000000000,8636.3829700000,0.2250000000,0.4000000000,0.3000000000,3.5000000000,1.0000000000,100,113,102,113,101,110
3941,neighbor,False,ENVELOPE_BASE_CONTACT,999999999.0000000000,8636.3829700000,0.2500000000,0.3000000000,0.5000000000,2.5000000000,0.8000000000,102,110,104,111,101,111
3942,neighbor,False,MINIMUM_MAIN_STEEL,999999999.0000000000,8636.3829700000,0.2000000000,0.3000000000,0.5500000000,3.5000000000,1.0000000000,102,110,104,110,101,113
3943,neighbor,False,MINIMUM_MAIN_STEEL,999999999.0000000000,8636.3829700000,0.2000000000,0.3500000000,0.3000000000,3.0000000000,1.0000000000,100,112,101,112,103,113
3944,neighbor,False,MINIMUM_MAIN_STEEL,999999999.0000000000,8636.3829700000,0.2000000000,0.3500000000,0.4000000000,3.0000000000,0.8000000000,103,110,100,111,102,113
3945,neighbor,False,ENVELOPE_BASE_CONTACT,999999999.0000000000,8636.3829700000,0.2500000000,0.2500000000,0.3000000000,2.5000000000,1.0000000000,104,113,104,112,104,111
3946,neighbor,True,PASS_IMPLEMENTED_PROJECT_CHECKS,8967.5638900000,8636.3829700000,0.2000000000,0.3500000000,0.3000000000,3.0000000000,1.0000000000,103,112,101,112,104,112
3947,neighbor,False,STEM_STRESS_OR_INTERVAL_BOUND,999999999.0000000000,8636.3829700000,0.2250000000,0.2500000000,0.3000000000,3.5000000000,1.0000000000,102,110,102,110,104,113
3948,neighbor,False,ENVELOPE_BASE_CONTACT,999999999.0000000000,8636.3829700000,0.2500000000,0.3500000000,0.3000000000,2.5000000000,1.0000000000,101,110,101,113,103,112
3949,neighbor,True,PASS_IMPLEMENTED_PROJECT_CHECKS,10073.7607700000,8636.3829700000,0.2000000000,0.3500000000,0.3000000000,3.5000000000,1.0000000000,103,112,100,110,104,111
3950,neighbor,False,MEMBER_FLEXURE,999999999.0000000000,8636.3829700000,0.2000000000,0.3500000000,0.3000000000,3.0000000000,1.0000000000,103,112,101,112,101,113
3951,neighbor,False,STEM_STRESS_OR_INTERVAL_BOUND,999999999.0000000000,8636.3829700000,0.2000000000,0.3500000000,0.3000000000,3.5000000000,1.0000000000,100,110,101,111,104,113
3952,neighbor,True,PASS_IMPLEMENTED_PROJECT_CHECKS,9008.9522500000,8636.3829700000,0.2000000000,0.3500000000,0.3000000000,3.0000000000,1.0000000000,103,112,102,110,103,113
3953,neighbor,False,MINIMUM_MAIN_STEEL,999999999.0000000000,8636.3829700000,0.2000000000,0.3500000000,0.3500000000,3.5000000000,0.8000000000,100,112,100,113,103,111
3954,neighbor,False,MAXIMUM_MAIN_STEEL,999999999.0000000000,8636.3829700000,0.2000000000,0.3500000000,0.3000000000,3.0000000000,1.0000000000,102,110,101,112,103,113
3955,neighbor,False,ENVELOPE_BASE_CONTACT,999999999.0000000000,8636.3829700000,0.2000000000,0.4000000000,0.3000000000,2.5000000000,1.0000000000,103,112,100,110,102,111
3956,neighbor,True,PASS_IMPLEMENTED_PROJECT_CHECKS,8967.5638900000,8636.3829700000,0.2000000000,0.3500000000,0.3000000000,3.0000000000,1.0000000000,103,112,101,112,104,112
3957,neighbor,False,MINIMUM_MAIN_STEEL,999999999.0000000000,8636.3829700000,0.2250000000,0.2500000000,0.5000000000,3.5000000000,1.0000000000,101,111,102,112,100,112
3958,neighbor,False,MAXIMUM_MAIN_STEEL,999999999.0000000000,8636.3829700000,0.2000000000,0.3500000000,0.3000000000,3.0000000000,1.0000000000,104,111,102,111,103,111
3959,neighbor,False,MINIMUM_MAIN_STEEL,999999999.0000000000,8636.3829700000,0.2500000000,0.4500000000,0.4000000000,3.5000000000,1.0000000000,100,111,103,110,103,112
3960,neighbor,False,MINIMUM_MAIN_STEEL,999999999.0000000000,8636.3829700000,0.2000000000,0.2500000000,0.5500000000,3.0000000000,1.0000000000,104,112,100,111,101,111
3961,neighbor,False,MINIMUM_MAIN_STEEL,999999999.0000000000,8636.3829700000,0.2250000000,0.3000000000,0.4500000000,2.5000000000,1.0000000000,103,110,101,113,101,111
3962,neighbor,False,ENVELOPE_BASE_CONTACT,999999999.0000000000,8636.3829700000,0.2000000000,0.3500000000,0.3000000000,2.5000000000,1.0000000000,103,112,104,113,104,112
3963,neighbor,False,ENVELOPE_BASE_CONTACT,999999999.0000000000,8636.3829700000,0.2000000000,0.4500000000,0.3500000000,2.5000000000,1.0000000000,104,110,100,110,101,111
3964,neighbor,False,MINIMUM_MAIN_STEEL,999999999.0000000000,8636.3829700000,0.2000000000,0.3000000000,0.4500000000,3.0000000000,1.0000000000,104,110,101,113,104,112
3965,neighbor,False,MINIMUM_MAIN_STEEL,999999999.0000000000,8636.3829700000,0.2500000000,0.4500000000,0.3000000000,3.0000000000,0.8000000000,100,113,102,111,102,110
3966,neighbor,False,MINIMUM_MAIN_STEEL,999999999.0000000000,8636.3829700000,0.2000000000,0.4000000000,0.3000000000,3.0000000000,1.0000000000,100,110,101,112,103,113
3967,neighbor,False,MINIMUM_MAIN_STEEL,999999999.0000000000,8636.3829700000,0.2000000000,0.3500000000,0.3000000000,3.0000000000,1.0000000000,101,113,101,112,103,113
3968,neighbor,True,PASS_IMPLEMENTED_PROJECT_CHECKS,8811.7096900000,8636.3829700000,0.2000000000,0.3500000000,0.3000000000,3.0000000000,1.0000000000,103,112,101,110,103,113
3969,neighbor,True,PASS_IMPLEMENTED_PROJECT_CHECKS,9176.9736900000,8636.3829700000,0.2000000000,0.3500000000,0.3000000000,3.0000000000,1.0000000000,103,112,104,111,103,113
3970,neighbor,False,MINIMUM_MAIN_STEEL,999999999.0000000000,8636.3829700000,0.2000000000,0.4500000000,0.3000000000,3.5000000000,1.0000000000,101,113,101,110,104,111
3971,neighbor,True,PASS_IMPLEMENTED_PROJECT_CHECKS,10553.6207200000,8636.3829700000,0.2000000000,0.3500000000,0.4000000000,3.5000000000,0.9000000000,103,112,104,112,103,112
3972,neighbor,False,STEM_STRESS_OR_INTERVAL_BOUND,999999999.0000000000,8636.3829700000,0.2250000000,0.4000000000,0.3000000000,3.0000000000,1.0000000000,103,113,101,112,103,113
3973,neighbor,False,STEM_STRESS_OR_INTERVAL_BOUND,999999999.0000000000,8636.3829700000,0.2000000000,0.3000000000,0.3000000000,3.0000000000,1.0000000000,102,112,104,111,104,113
3974,neighbor,False,MINIMUM_MAIN_STEEL,999999999.0000000000,8636.3829700000,0.2000000000,0.4500000000,0.3000000000,2.5000000000,1.0000000000,102,113,104,111,101,111
3975,neighbor,False,ENVELOPE_BASE_CONTACT,999999999.0000000000,8636.3829700000,0.2250000000,0.3000000000,0.3000000000,2.5000000000,1.0000000000,100,110,102,111,100,111
3976,neighbor,False,MINIMUM_MAIN_STEEL,999999999.0000000000,8636.3829700000,0.2500000000,0.4500000000,0.5500000000,3.0000000000,1.0000000000,101,113,103,112,103,110
3977,neighbor,False,MEMBER_FLEXURE,999999999.0000000000,8636.3829700000,0.2500000000,0.3500000000,0.3000000000,3.0000000000,1.0000000000,103,112,103,113,101,111
3978,neighbor,False,ENVELOPE_BASE_CONTACT,999999999.0000000000,8636.3829700000,0.2000000000,0.3500000000,0.5000000000,2.5000000000,0.9000000000,103,112,103,110,104,112
3979,neighbor,False,MEMBER_FLEXURE,999999999.0000000000,8636.3829700000,0.2000000000,0.3500000000,0.3000000000,3.0000000000,1.0000000000,103,112,101,112,100,111
3980,neighbor,True,PASS_IMPLEMENTED_PROJECT_CHECKS,9031.7812500000,8636.3829700000,0.2000000000,0.3500000000,0.3000000000,3.0000000000,1.0000000000,103,112,103,111,103,113
3981,neighbor,False,MINIMUM_MAIN_STEEL,999999999.0000000000,8636.3829700000,0.2250000000,0.3500000000,0.4000000000,2.5000000000,1.0000000000,103,112,100,113,101,113
3982,neighbor,False,MEMBER_FLEXURE,999999999.0000000000,8636.3829700000,0.2000000000,0.4500000000,0.3000000000,3.0000000000,0.8000000000,104,113,100,110,101,112
3983,neighbor,False,STEM_STRESS_OR_INTERVAL_BOUND,999999999.0000000000,8636.3829700000,0.2000000000,0.3000000000,0.3000000000,3.0000000000,1.0000000000,104,112,101,112,103,113
3984,neighbor,False,STEM_STRESS_OR_INTERVAL_BOUND,999999999.0000000000,8636.3829700000,0.2000000000,0.2500000000,0.3500000000,3.5000000000,0.8000000000,104,111,103,112,104,112
3985,neighbor,False,MEMBER_FLEXURE,999999999.0000000000,8636.3829700000,0.2000000000,0.3500000000,0.3000000000,3.0000000000,1.0000000000,103,112,101,112,101,111
3986,neighbor,False,STEM_STRESS_OR_INTERVAL_BOUND,999999999.0000000000,8636.3829700000,0.2000000000,0.3500000000,0.3000000000,3.0000000000,1.0000000000,101,110,101,112,103,113
3987,neighbor,False,MINIMUM_MAIN_STEEL,999999999.0000000000,8636.3829700000,0.2000000000,0.4000000000,0.4000000000,3.5000000000,1.0000000000,102,112,100,112,104,111
3988,neighbor,True,PASS_IMPLEMENTED_PROJECT_CHECKS,8658.2988100000,8636.3829700000,0.2000000000,0.3500000000,0.3000000000,3.0000000000,1.0000000000,103,112,100,110,103,113
3989,neighbor,False,ENVELOPE_BASE_CONTACT,999999999.0000000000,8636.3829700000,0.2000000000,0.3500000000,0.5500000000,2.5000000000,1.0000000000,103,112,104,110,102,110
3990,neighbor,False,MINIMUM_MAIN_STEEL,999999999.0000000000,8636.3829700000,0.2000000000,0.3000000000,0.3000000000,2.5000000000,0.9000000000,100,113,103,112,104,111
3991,neighbor,False,MINIMUM_MAIN_STEEL,999999999.0000000000,8636.3829700000,0.2500000000,0.3000000000,0.3000000000,2.5000000000,1.0000000000,104,113,100,111,100,112
3992,neighbor,False,MINIMUM_MAIN_STEEL,999999999.0000000000,8636.3829700000,0.2000000000,0.4500000000,0.3000000000,3.0000000000,1.0000000000,101,113,101,110,101,113
3993,neighbor,True,PASS_IMPLEMENTED_PROJECT_CHECKS,10964.4874600000,8636.3829700000,0.2000000000,0.3500000000,0.4500000000,3.5000000000,0.9000000000,103,112,104,111,102,111
3994,neighbor,False,STEM_STRESS_OR_INTERVAL_BOUND,999999999.0000000000,8636.3829700000,0.2000000000,0.3000000000,0.3500000000,3.0000000000,1.0000000000,101,112,104,110,103,113
3995,neighbor,False,MINIMUM_MAIN_STEEL,999999999.0000000000,8636.3829700000,0.2000000000,0.4000000000,0.3000000000,3.0000000000,0.8000000000,102,113,103,110,100,112
3996,neighbor,False,ENVELOPE_BASE_CONTACT,999999999.0000000000,8636.3829700000,0.2000000000,0.2500000000,0.3500000000,2.5000000000,0.9000000000,103,110,102,113,104,111
3997,neighbor,False,MINIMUM_MAIN_STEEL,999999999.0000000000,8636.3829700000,0.2000000000,0.3500000000,0.3000000000,3.0000000000,1.0000000000,100,113,101,112,103,113
3998,neighbor,False,MEMBER_FLEXURE,999999999.0000000000,8636.3829700000,0.2500000000,0.4000000000,0.3000000000,3.5000000000,1.0000000000,104,112,102,110,100,110
3999,neighbor,False,ENVELOPE_BASE_CONTACT,999999999.0000000000,8636.3829700000,0.2500000000,0.3500000000,0.3500000000,2.5000000000,1.0000000000,102,110,104,110,104,111
4000,neighbor,False,MAXIMUM_MAIN_STEEL,999999999.0000000000,8636.3829700000,0.2000000000,0.3500000000,0.3000000000,3.0000000000,1.0000000000,104,110,101,112,103,113
4001,neighbor,False,MEMBER_FLEXURE,999999999.0000000000,8636.3829700000,0.2000000000,0.3500000000,0.3000000000,3.5000000000,1.0000000000,103,112,103,113,101,113
4002,neighbor,False,ENVELOPE_BASE_CONTACT,999999999.0000000000,8636.3829700000,0.2500000000,0.4500000000,0.4000000000,2.5000000000,1.0000000000,101,110,101,111,104,112
4003,neighbor,False,ENVELOPE_BASE_CONTACT,999999999.0000000000,8636.3829700000,0.2000000000,0.4000000000,0.5000000000,2.5000000000,0.8000000000,103,111,102,112,102,111
4004,neighbor,False,MAXIMUM_MAIN_STEEL,999999999.0000000000,8636.3829700000,0.2500000000,0.3500000000,0.3500000000,3.0000000000,0.9000000000,104,111,101,113,100,110
4005,neighbor,False,STEM_STRESS_OR_INTERVAL_BOUND,999999999.0000000000,8636.3829700000,0.2000000000,0.3000000000,0.3000000000,3.0000000000,1.0000000000,100,110,101,112,103,113
4006,neighbor,True,PASS_IMPLEMENTED_PROJECT_CHECKS,10798.7417860000,8636.3829700000,0.2000000000,0.3500000000,0.5000000000,3.5000000000,0.9000000000,103,112,104,113,101,111
4007,neighbor,False,MEMBER_FLEXURE,999999999.0000000000,8636.3829700000,0.2000000000,0.3500000000,0.3000000000,3.0000000000,1.0000000000,103,112,101,113,103,113
4008,neighbor,False,MAXIMUM_MAIN_STEEL,999999999.0000000000,8636.3829700000,0.2000000000,0.4000000000,0.3000000000,3.0000000000,1.0000000000,104,110,101,112,103,113
4009,neighbor,False,MINIMUM_MAIN_STEEL,999999999.0000000000,8636.3829700000,0.2000000000,0.3500000000,0.4000000000,3.5000000000,1.0000000000,103,111,103,111,100,113
4010,neighbor,True,PASS_IMPLEMENTED_PROJECT_CHECKS,8636.3829700000,8636.3829700000,0.2000000000,0.3500000000,0.3000000000,3.0000000000,1.0000000000,103,112,101,112,103,113
4011,neighbor,False,MINIMUM_MAIN_STEEL,999999999.0000000000,8636.3829700000,0.2500000000,0.3500000000,0.3500000000,2.5000000000,1.0000000000,100,113,100,113,100,110
4012,neighbor,False,MINIMUM_MAIN_STEEL,999999999.0000000000,8636.3829700000,0.2000000000,0.4000000000,0.3000000000,3.5000000000,0.9000000000,103,113,101,113,100,112
4013,neighbor,False,MINIMUM_MAIN_STEEL,999999999.0000000000,8636.3829700000,0.2000000000,0.4500000000,0.4000000000,3.5000000000,1.0000000000,100,113,101,112,103,112
4014,neighbor,False,MINIMUM_MAIN_STEEL,999999999.0000000000,8636.3829700000,0.2250000000,0.3000000000,0.3000000000,2.5000000000,1.0000000000,100,111,103,110,103,111
4015,neighbor,True,PASS_IMPLEMENTED_PROJECT_CHECKS,9272.3125300000,8636.3829700000,0.2000000000,0.3500000000,0.3000000000,3.0000000000,1.0000000000,103,112,101,112,104,111
4016,neighbor,False,MAXIMUM_MAIN_STEEL,999999999.0000000000,8636.3829700000,0.2250000000,0.3000000000,0.4000000000,3.5000000000,1.0000000000,104,110,104,113,104,112
4017,neighbor,False,STEM_STRESS_OR_INTERVAL_BOUND,999999999.0000000000,8636.3829700000,0.2000000000,0.3500000000,0.3000000000,3.0000000000,1.0000000000,102,111,101,112,103,113
4018,neighbor,False,MEMBER_FLEXURE,999999999.0000000000,8636.3829700000,0.2000000000,0.3500000000,0.3000000000,3.0000000000,1.0000000000,103,112,100,111,103,113
4019,neighbor,False,MINIMUM_MAIN_STEEL,999999999.0000000000,8636.3829700000,0.2500000000,0.3500000000,0.4500000000,3.5000000000,1.0000000000,102,112,100,111,102,111
4020,neighbor,False,STEM_STRESS_OR_INTERVAL_BOUND,999999999.0000000000,8636.3829700000,0.2000000000,0.3000000000,0.3000000000,3.5000000000,1.0000000000,102,112,104,113,103,111
4021,neighbor,False,MINIMUM_MAIN_STEEL,999999999.0000000000,8636.3829700000,0.2000000000,0.3500000000,0.3000000000,3.5000000000,1.0000000000,104,110,100,113,101,112
4022,neighbor,False,MINIMUM_MAIN_STEEL,999999999.0000000000,8636.3829700000,0.2250000000,0.4000000000,0.3000000000,3.5000000000,1.0000000000,100,113,100,110,100,113
4023,neighbor,False,MEMBER_FLEXURE,999999999.0000000000,8636.3829700000,0.2250000000,0.3000000000,0.3000000000,3.0000000000,1.0000000000,103,111,101,112,103,113
4024,neighbor,False,ENVELOPE_BASE_CONTACT,999999999.0000000000,8636.3829700000,0.2500000000,0.3000000000,0.3000000000,2.5000000000,1.0000000000,104,112,100,110,101,112
4025,neighbor,False,ENVELOPE_BASE_CONTACT,999999999.0000000000,8636.3829700000,0.2250000000,0.4500000000,0.5000000000,2.5000000000,1.0000000000,101,110,104,110,101,110
4026,neighbor,False,STEM_STRESS_OR_INTERVAL_BOUND,999999999.0000000000,8636.3829700000,0.2000000000,0.3500000000,0.3000000000,3.0000000000,1.0000000000,103,113,101,112,103,113
4027,neighbor,False,STEM_STRESS_OR_INTERVAL_BOUND,999999999.0000000000,8636.3829700000,0.2500000000,0.2500000000,0.3000000000,3.5000000000,0.9000000000,103,110,104,111,104,112
4028,neighbor,False,MINIMUM_MAIN_STEEL,999999999.0000000000,8636.3829700000,0.2000000000,0.3500000000,0.5000000000,3.0000000000,1.0000000000,103,112,100,112,104,110
4029,neighbor,True,PASS_IMPLEMENTED_PROJECT_CHECKS,9272.3125300000,8636.3829700000,0.2000000000,0.3500000000,0.3000000000,3.0000000000,1.0000000000,103,112,101,112,104,111
4030,neighbor,False,MINIMUM_MAIN_STEEL,999999999.0000000000,8636.3829700000,0.2000000000,0.3500000000,0.3000000000,3.0000000000,1.0000000000,100,111,101,112,103,113
4031,neighbor,False,MEMBER_FLEXURE,999999999.0000000000,8636.3829700000,0.2000000000,0.3500000000,0.3000000000,3.0000000000,1.0000000000,103,112,101,112,100,110
4032,neighbor,False,STEM_STRESS_OR_INTERVAL_BOUND,999999999.0000000000,8636.3829700000,0.2000000000,0.3000000000,0.3000000000,3.0000000000,0.9000000000,102,113,100,110,101,112
4033,neighbor,True,PASS_IMPLEMENTED_PROJECT_CHECKS,8636.3829700000,8636.3829700000,0.2000000000,0.3500000000,0.3000000000,3.0000000000,1.0000000000,103,112,101,112,103,113
4034,neighbor,False,MINIMUM_MAIN_STEEL,999999999.0000000000,8636.3829700000,0.2000000000,0.4000000000,0.3000000000,3.0000000000,0.9000000000,102,113,103,111,100,112
4035,neighbor,False,MEMBER_FLEXURE,999999999.0000000000,8636.3829700000,0.2000000000,0.3500000000,0.3000000000,3.0000000000,0.9000000000,103,112,101,113,102,110
4036,neighbor,False,STEM_STRESS_OR_INTERVAL_BOUND,999999999.0000000000,8636.3829700000,0.2000000000,0.2500000000,0.3000000000,3.0000000000,1.0000000000,101,112,101,112,103,113
4037,neighbor,False,MEMBER_FLEXURE,999999999.0000000000,8636.3829700000,0.2000000000,0.3500000000,0.3000000000,3.0000000000,1.0000000000,103,112,101,112,101,111
4038,neighbor,False,MINIMUM_MAIN_STEEL,999999999.0000000000,8636.3829700000,0.2000000000,0.3500000000,0.3000000000,2.5000000000,1.0000000000,103,112,100,113,101,112
4039,neighbor,False,MINIMUM_MAIN_STEEL,999999999.0000000000,8636.3829700000,0.2000000000,0.4000000000,0.3000000000,2.5000000000,1.0000000000,100,113,103,112,103,113
4040,neighbor,False,STEM_STRESS_OR_INTERVAL_BOUND,999999999.0000000000,8636.3829700000,0.2000000000,0.3000000000,0.3500000000,3.0000000000,0.9000000000,104,113,102,113,102,110
4041,neighbor,False,MINIMUM_MAIN_STEEL,999999999.0000000000,8636.3829700000,0.2250000000,0.2500000000,0.3000000000,3.5000000000,0.8000000000,101,113,100,113,100,111
4042,neighbor,False,MEMBER_FLEXURE,999999999.0000000000,8636.3829700000,0.2000000000,0.3500000000,0.4500000000,3.5000000000,0.9000000000,103,112,100,110,100,110
4043,neighbor,False,MINIMUM_MAIN_STEEL,999999999.0000000000,8636.3829700000,0.2500000000,0.3000000000,0.4500000000,3.0000000000,0.9000000000,100,111,104,111,100,112
4044,neighbor,False,MAXIMUM_MAIN_STEEL,999999999.0000000000,8636.3829700000,0.2250000000,0.4000000000,0.3000000000,3.0000000000,0.9000000000,101,110,101,112,104,110
4045,neighbor,True,PASS_IMPLEMENTED_PROJECT_CHECKS,9335.0510400000,8636.3829700000,0.2000000000,0.3500000000,0.3500000000,3.0000000000,0.9000000000,103,112,102,110,101,110
4046,neighbor,False,ENVELOPE_BASE_CONTACT,999999999.0000000000,8636.3829700000,0.2000000000,0.2500000000,0.4000000000,2.5000000000,0.8000000000,102,113,104,110,102,110
4047,neighbor,False,MEMBER_FLEXURE,999999999.0000000000,8636.3829700000,0.2250000000,0.3500000000,0.3000000000,3.5000000000,1.0000000000,103,112,101,113,102,112
4048,neighbor,True,PASS_IMPLEMENTED_PROJECT_CHECKS,8782.1492200000,8636.3829700000,0.2000000000,0.3500000000,0.3000000000,3.0000000000,1.0000000000,103,112,101,112,103,112
4049,neighbor,True,PASS_IMPLEMENTED_PROJECT_CHECKS,9031.7812500000,8636.3829700000,0.2000000000,0.3500000000,0.3000000000,3.0000000000,1.0000000000,103,112,103,111,103,113
4050,neighbor,False,MEMBER_FLEXURE,999999999.0000000000,8636.3829700000,0.2000000000,0.3500000000,0.3000000000,3.0000000000,1.0000000000,103,112,101,112,100,110
4051,neighbor,False,MINIMUM_MAIN_STEEL,999999999.0000000000,8636.3829700000,0.2000000000,0.3500000000,0.3000000000,2.5000000000,1.0000000000,103,112,100,113,102,111
4052,neighbor,False,STEM_STRESS_OR_INTERVAL_BOUND,999999999.0000000000,8636.3829700000,0.2000000000,0.3500000000,0.3000000000,3.0000000000,1.0000000000,102,111,101,112,103,113
4053,neighbor,False,MINIMUM_MAIN_STEEL,999999999.0000000000,8636.3829700000,0.2000000000,0.3500000000,0.3000000000,3.0000000000,1.0000000000,101,113,101,112,103,113
4054,neighbor,True,PASS_IMPLEMENTED_PROJECT_CHECKS,8803.4912500000,8636.3829700000,0.2000000000,0.3500000000,0.3000000000,3.0000000000,1.0000000000,103,112,103,113,103,113
4055,neighbor,False,STEM_STRESS_OR_INTERVAL_BOUND,999999999.0000000000,8636.3829700000,0.2250000000,0.2500000000,0.4500000000,3.0000000000,0.8000000000,101,113,103,111,101,112
4056,neighbor,False,STEM_STRESS_OR_INTERVAL_BOUND,999999999.0000000000,8636.3829700000,0.2250000000,0.3000000000,0.3000000000,3.0000000000,1.0000000000,102,113,101,112,103,113
4057,neighbor,False,STEM_STRESS_OR_INTERVAL_BOUND,999999999.0000000000,8636.3829700000,0.2250000000,0.4500000000,0.3000000000,3.0000000000,1.0000000000,101,111,100,110,102,112
4058,neighbor,False,STEM_STRESS_OR_INTERVAL_BOUND,999999999.0000000000,8636.3829700000,0.2500000000,0.2500000000,0.3500000000,3.0000000000,1.0000000000,103,112,104,113,104,113
4059,neighbor,True,PASS_IMPLEMENTED_PROJECT_CHECKS,10609.9781600000,8636.3829700000,0.2500000000,0.4500000000,0.3000000000,3.0000000000,1.0000000000,103,111,104,112,101,110
4060,neighbor,True,PASS_IMPLEMENTED_PROJECT_CHECKS,9530.1299320000,8636.3829700000,0.2500000000,0.4000000000,0.3000000000,3.0000000000,1.0000000000,101,110,104,111,104,113
4061,neighbor,False,MAXIMUM_MAIN_STEEL,999999999.0000000000,8636.3829700000,0.2000000000,0.3500000000,0.3000000000,3.0000000000,1.0000000000,103,110,101,112,103,113
4062,neighbor,False,MINIMUM_MAIN_STEEL,999999999.0000000000,8636.3829700000,0.2250000000,0.4500000000,0.3000000000,3.5000000000,0.8000000000,102,110,103,112,100,113
4063,neighbor,False,STEM_STRESS_OR_INTERVAL_BOUND,999999999.0000000000,8636.3829700000,0.2500000000,0.3500000000,0.5000000000,3.0000000000,1.0000000000,101,110,104,111,104,111
4064,neighbor,False,STEM_STRESS_OR_INTERVAL_BOUND,999999999.0000000000,8636.3829700000,0.2000000000,0.2500000000,0.3000000000,3.0000000000,1.0000000000,102,112,101,112,103,113
4065,neighbor,False,MAXIMUM_MAIN_STEEL,999999999.0000000000,8636.3829700000,0.2000000000,0.4500000000,0.4000000000,3.5000000000,1.0000000000,104,112,101,110,103,110
4066,neighbor,True,PASS_IMPLEMENTED_PROJECT_CHECKS,10116.5493680000,8636.3829700000,0.2000000000,0.4000000000,0.4500000000,3.0000000000,1.0000000000,104,113,102,110,101,111
4067,neighbor,False,STEM_STRESS_OR_INTERVAL_BOUND,999999999.0000000000,8636.3829700000,0.2000000000,0.3500000000,0.3000000000,3.0000000000,1.0000000000,103,113,101,112,103,113
4068,neighbor,False,MINIMUM_MAIN_STEEL,999999999.0000000000,8636.3829700000,0.2000000000,0.4000000000,0.3500000000,3.0000000000,1.0000000000,101,112,101,113,104,113
4069,neighbor,False,MINIMUM_MAIN_STEEL,999999999.0000000000,8636.3829700000,0.2000000000,0.3500000000,0.3500000000,3.0000000000,1.0000000000,100,110,100,113,100,111
4070,neighbor,False,STEM_STRESS_OR_INTERVAL_BOUND,999999999.0000000000,8636.3829700000,0.2500000000,0.3000000000,0.5500000000,3.5000000000,1.0000000000,102,111,103,110,104,111
4071,neighbor,False,MINIMUM_MAIN_STEEL,999999999.0000000000,8636.3829700000,0.2000000000,0.3500000000,0.3000000000,3.0000000000,1.0000000000,103,112,100,113,103,113
4072,neighbor,False,MAXIMUM_MAIN_STEEL,999999999.0000000000,8636.3829700000,0.2250000000,0.3500000000,0.3000000000,3.0000000000,1.0000000000,104,110,101,112,103,113
4073,neighbor,False,MINIMUM_MAIN_STEEL,999999999.0000000000,8636.3829700000,0.2000000000,0.3500000000,0.3000000000,3.0000000000,1.0000000000,100,111,101,112,103,113
4074,neighbor,False,MINIMUM_MAIN_STEEL,999999999.0000000000,8636.3829700000,0.2000000000,0.3500000000,0.3000000000,3.0000000000,1.0000000000,103,112,101,112,100,112
4075,neighbor,False,MINIMUM_MAIN_STEEL,999999999.0000000000,8636.3829700000,0.2000000000,0.3500000000,0.5000000000,3.5000000000,0.8000000000,103,112,101,113,103,113
4076,neighbor,False,STEM_STRESS_OR_INTERVAL_BOUND,999999999.0000000000,8636.3829700000,0.2500000000,0.2500000000,0.3000000000,3.0000000000,1.0000000000,103,111,101,112,103,113
4077,neighbor,False,STEM_STRESS_OR_INTERVAL_BOUND,999999999.0000000000,8636.3829700000,0.2000000000,0.3500000000,0.3000000000,3.5000000000,0.9000000000,101,110,103,112,100,110
4078,neighbor,True,PASS_IMPLEMENTED_PROJECT_CHECKS,8782.1492200000,8636.3829700000,0.2000000000,0.3500000000,0.3000000000,3.0000000000,1.0000000000,103,112,101,112,103,112
4079,neighbor,False,STEM_STRESS_OR_INTERVAL_BOUND,999999999.0000000000,8636.3829700000,0.2000000000,0.2500000000,0.3000000000,3.0000000000,0.9000000000,103,113,101,110,104,111
4080,neighbor,False,STEM_STRESS_OR_INTERVAL_BOUND,999999999.0000000000,8636.3829700000,0.2000000000,0.2500000000,0.3000000000,3.5000000000,1.0000000000,103,110,103,113,100,111
4081,neighbor,False,ENVELOPE_BASE_CONTACT,999999999.0000000000,8636.3829700000,0.2000000000,0.2500000000,0.5000000000,2.5000000000,1.0000000000,101,113,104,110,103,113
4082,neighbor,False,MINIMUM_MAIN_STEEL,999999999.0000000000,8636.3829700000,0.2250000000,0.4000000000,0.3000000000,3.0000000000,1.0000000000,101,113,101,110,101,110
4083,neighbor,True,PASS_IMPLEMENTED_PROJECT_CHECKS,8680.2146500000,8636.3829700000,0.2000000000,0.3500000000,0.3000000000,3.0000000000,1.0000000000,103,112,102,113,103,113
4084,neighbor,True,PASS_IMPLEMENTED_PROJECT_CHECKS,8811.7096900000,8636.3829700000,0.2000000000,0.3500000000,0.3000000000,3.0000000000,1.0000000000,103,112,101,110,103,113
4085,neighbor,False,MINIMUM_MAIN_STEEL,999999999.0000000000,8636.3829700000,0.2000000000,0.2500000000,0.3000000000,2.5000000000,0.8000000000,100,112,104,110,101,111
4086,neighbor,False,MINIMUM_MAIN_STEEL,999999999.0000000000,8636.3829700000,0.2250000000,0.4500000000,0.4000000000,3.0000000000,0.9000000000,102,113,102,110,100,113
4087,neighbor,False,MINIMUM_MAIN_STEEL,999999999.0000000000,8636.3829700000,0.2000000000,0.3500000000,0.3000000000,3.5000000000,0.9000000000,100,111,104,112,104,110
4088,neighbor,False,MINIMUM_MAIN_STEEL,999999999.0000000000,8636.3829700000,0.2500000000,0.2500000000,0.3000000000,2.5000000000,1.0000000000,102,112,100,112,102,113
4089,neighbor,False,STEM_STRESS_OR_INTERVAL_BOUND,999999999.0000000000,8636.3829700000,0.2500000000,0.4000000000,0.3000000000,3.0000000000,1.0000000000,102,112,103,111,104,112
4090,neighbor,True,PASS_IMPLEMENTED_PROJECT_CHECKS,9176.9736900000,8636.3829700000,0.2000000000,0.3500000000,0.3000000000,3.0000000000,1.0000000000,103,112,104,111,103,113
4091,neighbor,False,STEM_STRESS_OR_INTERVAL_BOUND,999999999.0000000000,8636.3829700000,0.2500000000,0.2500000000,0.3000000000,3.0000000000,0.8000000000,102,111,101,113,103,111
4092,neighbor,False,MINIMUM_MAIN_STEEL,999999999.0000000000,8636.3829700000,0.2250000000,0.4000000000,0.3500000000,3.0000000000,1.0000000000,100,113,100,111,103,113
4093,neighbor,False,MINIMUM_MAIN_STEEL,999999999.0000000000,8636.3829700000,0.2000000000,0.3500000000,0.4000000000,3.5000000000,1.0000000000,101,110,100,113,104,112
4094,neighbor,False,MINIMUM_MAIN_STEEL,999999999.0000000000,8636.3829700000,0.2500000000,0.4000000000,0.5000000000,3.5000000000,0.8000000000,100,110,103,110,100,113
4095,neighbor,True,PASS_IMPLEMENTED_PROJECT_CHECKS,8650.3765300000,8636.3829700000,0.2000000000,0.3500000000,0.3000000000,3.0000000000,1.0000000000,103,112,101,112,101,110
4096,neighbor,True,PASS_IMPLEMENTED_PROJECT_CHECKS,10974.4725800000,8636.3829700000,0.2500000000,0.4500000000,0.4500000000,3.0000000000,1.0000000000,102,111,102,111,104,111
4097,neighbor,False,STEM_STRESS_OR_INTERVAL_BOUND,999999999.0000000000,8636.3829700000,0.2000000000,0.2500000000,0.3000000000,3.5000000000,1.0000000000,102,110,101,113,104,113
4098,neighbor,True,PASS_IMPLEMENTED_PROJECT_CHECKS,9176.9736900000,8636.3829700000,0.2000000000,0.3500000000,0.3000000000,3.0000000000,1.0000000000,103,112,104,111,103,113
4099,neighbor,False,MINIMUM_MAIN_STEEL,999999999.0000000000,8636.3829700000,0.2250000000,0.3500000000,0.3000000000,3.0000000000,1.0000000000,100,113,101,112,103,113
4100,neighbor,False,STEM_STRESS_OR_INTERVAL_BOUND,999999999.0000000000,8636.3829700000,0.2500000000,0.2500000000,0.3000000000,3.0000000000,0.9000000000,103,111,102,112,100,111
4101,neighbor,False,MAXIMUM_MAIN_STEEL,999999999.0000000000,8636.3829700000,0.2000000000,0.3500000000,0.3000000000,3.0000000000,1.0000000000,103,110,101,112,103,113
4102,neighbor,False,MEMBER_FLEXURE,999999999.0000000000,8636.3829700000,0.2500000000,0.4500000000,0.3000000000,3.0000000000,1.0000000000,103,113,101,113,102,112
4103,neighbor,False,STEM_STRESS_OR_INTERVAL_BOUND,999999999.0000000000,8636.3829700000,0.2000000000,0.2500000000,0.3000000000,3.5000000000,1.0000000000,100,111,102,111,102,112
4104,neighbor,False,MINIMUM_MAIN_STEEL,999999999.0000000000,8636.3829700000,0.2250000000,0.2500000000,0.4500000000,2.5000000000,1.0000000000,100,113,104,111,100,110
4105,neighbor,True,PASS_IMPLEMENTED_PROJECT_CHECKS,9510.9804700000,8636.3829700000,0.2000000000,0.3500000000,0.3000000000,3.0000000000,1.0000000000,103,112,101,112,103,110
4106,neighbor,False,MAXIMUM_MAIN_STEEL,999999999.0000000000,8636.3829700000,0.2000000000,0.3500000000,0.3000000000,3.0000000000,1.0000000000,104,112,101,112,103,113
4107,neighbor,False,MINIMUM_MAIN_STEEL,999999999.0000000000,8636.3829700000,0.2000000000,0.3000000000,0.5500000000,3.0000000000,1.0000000000,100,113,102,112,100,111
4108,neighbor,False,STEM_STRESS_OR_INTERVAL_BOUND,999999999.0000000000,8636.3829700000,0.2000000000,0.2500000000,0.3000000000,3.0000000000,1.0000000000,100,110,101,112,103,113
4109,neighbor,False,MINIMUM_MAIN_STEEL,999999999.0000000000,8636.3829700000,0.2000000000,0.4000000000,0.5500000000,3.0000000000,1.0000000000,100,110,104,111,100,111
4110,neighbor,False,MAXIMUM_MAIN_STEEL,999999999.0000000000,8636.3829700000,0.2000000000,0.3000000000,0.3000000000,3.0000000000,1.0000000000,102,110,101,112,103,113
4111,neighbor,False,ENVELOPE_BASE_CONTACT,999999999.0000000000,8636.3829700000,0.2000000000,0.3500000000,0.3000000000,2.5000000000,1.0000000000,103,112,103,110,103,111
4112,neighbor,False,MINIMUM_MAIN_STEEL,999999999.0000000000,8636.3829700000,0.2250000000,0.4500000000,0.5000000000,2.5000000000,1.0000000000,103,112,100,111,101,112
4113,neighbor,False,MINIMUM_MAIN_STEEL,999999999.0000000000,8636.3829700000,0.2000000000,0.2500000000,0.3000000000,3.0000000000,1.0000000000,102,110,100,111,100,113
4114,neighbor,False,ENVELOPE_BASE_CONTACT,999999999.0000000000,8636.3829700000,0.2250000000,0.4500000000,0.3000000000,2.5000000000,1.0000000000,101,110,103,111,102,110
4115,neighbor,False,MINIMUM_MAIN_STEEL,999999999.0000000000,8636.3829700000,0.2000000000,0.3500000000,0.3000000000,3.0000000000,1.0000000000,100,113,101,112,103,113
4116,neighbor,False,STEM_STRESS_OR_INTERVAL_BOUND,999999999.0000000000,8636.3829700000,0.2000000000,0.2500000000,0.4000000000,3.0000000000,1.0000000000,103,111,103,111,100,110
4117,neighbor,False,MINIMUM_MAIN_STEEL,999999999.0000000000,8636.3829700000,0.2250000000,0.2500000000,0.5000000000,2.5000000000,1.0000000000,102,112,102,110,101,113
4118,neighbor,True,PASS_IMPLEMENTED_PROJECT_CHECKS,9420.6795600000,8636.3829700000,0.2000000000,0.4000000000,0.3000000000,3.0000000000,1.0000000000,104,113,103,113,104,112
4119,neighbor,False,MAXIMUM_MAIN_STEEL,999999999.0000000000,8636.3829700000,0.2000000000,0.4000000000,0.5500000000,3.5000000000,1.0000000000,103,110,104,113,102,112
4120,neighbor,False,STEM_STRESS_OR_INTERVAL_BOUND,999999999.0000000000,8636.3829700000,0.2500000000,0.3500000000,0.3000000000,3.5000000000,1.0000000000,102,112,103,111,101,112
4121,neighbor,True,PASS_IMPLEMENTED_PROJECT_CHECKS,8967.5638900000,8636.3829700000,0.2000000000,0.3500000000,0.3000000000,3.0000000000,1.0000000000,103,112,101,112,104,112
4122,neighbor,False,MINIMUM_MAIN_STEEL,999999999.0000000000,8636.3829700000,0.2250000000,0.4000000000,0.3000000000,3.0000000000,1.0000000000,100,111,101,112,103,113
4123,neighbor,False,MAXIMUM_MAIN_STEEL,999999999.0000000000,8636.3829700000,0.2000000000,0.3500000000,0.3000000000,3.0000000000,1.0000000000,103,112,101,112,104,110
4124,neighbor,False,STEM_STRESS_OR_INTERVAL_BOUND,999999999.0000000000,8636.3829700000,0.2000000000,0.3500000000,0.3000000000,3.0000000000,1.0000000000,103,113,101,112,103,113
4125,neighbor,False,STEM_STRESS_OR_INTERVAL_BOUND,999999999.0000000000,8636.3829700000,0.2000000000,0.2500000000,0.5000000000,3.0000000000,1.0000000000,104,113,103,112,101,110
4126,neighbor,False,ENVELOPE_BASE_CONTACT,999999999.0000000000,8636.3829700000,0.2000000000,0.4500000000,0.3500000000,2.5000000000,0.9000000000,101,110,102,112,102,111
4127,neighbor,False,MINIMUM_MAIN_STEEL,999999999.0000000000,8636.3829700000,0.2500000000,0.3000000000,0.5500000000,3.5000000000,0.9000000000,100,110,101,113,100,113
4128,neighbor,False,ENVELOPE_BASE_CONTACT,999999999.0000000000,8636.3829700000,0.2000000000,0.4000000000,0.3000000000,2.5000000000,0.9000000000,104,110,101,113,103,110
4129,neighbor,False,ENVELOPE_BASE_CONTACT,999999999.0000000000,8636.3829700000,0.2000000000,0.3500000000,0.3000000000,2.5000000000,0.9000000000,104,113,100,110,104,112
4130,neighbor,False,STEM_STRESS_OR_INTERVAL_BOUND,999999999.0000000000,8636.3829700000,0.2000000000,0.3500000000,0.3000000000,3.0000000000,1.0000000000,102,113,101,112,103,113
4131,neighbor,False,MAXIMUM_MAIN_STEEL,999999999.0000000000,8636.3829700000,0.2500000000,0.4500000000,0.3000000000,3.5000000000,1.0000000000,103,110,103,112,103,110
4132,neighbor,True,PASS_IMPLEMENTED_PROJECT_CHECKS,9692.5265500000,8636.3829700000,0.2000000000,0.3500000000,0.3000000000,3.0000000000,0.8000000000,103,112,102,113,103,110
4133,neighbor,False,STEM_STRESS_OR_INTERVAL_BOUND,999999999.0000000000,8636.3829700000,0.2500000000,0.2500000000,0.3000000000,3.0000000000,1.0000000000,103,112,104,112,102,113
4134,neighbor,False,STEM_STRESS_OR_INTERVAL_BOUND,999999999.0000000000,8636.3829700000,0.2250000000,0.3000000000,0.3000000000,3.0000000000,0.8000000000,103,113,101,113,104,111
4135,neighbor,False,MINIMUM_MAIN_STEEL,999999999.0000000000,8636.3829700000,0.2000000000,0.4500000000,0.3000000000,3.0000000000,1.0000000000,100,111,101,112,103,113
4136,neighbor,False,MAXIMUM_MAIN_STEEL,999999999.0000000000,8636.3829700000,0.2000000000,0.3500000000,0.3000000000,3.5000000000,1.0000000000,102,110,101,113,102,112
4137,neighbor,False,MEMBER_FLEXURE,999999999.0000000000,8636.3829700000,0.2000000000,0.3500000000,0.3000000000,3.0000000000,1.0000000000,103,112,101,112,101,112
4138,neighbor,False,MINIMUM_MAIN_STEEL,999999999.0000000000,8636.3829700000,0.2250000000,0.2500000000,0.3500000000,2.5000000000,0.9000000000,104,113,102,113,100,113
4139,neighbor,False,MINIMUM_MAIN_STEEL,999999999.0000000000,8636.3829700000,0.2000000000,0.3500000000,0.3000000000,2.5000000000,1.0000000000,100,112,100,110,102,113
4140,neighbor,False,STEM_STRESS_OR_INTERVAL_BOUND,999999999.0000000000,8636.3829700000,0.2000000000,0.3000000000,0.3000000000,3.0000000000,1.0000000000,102,113,101,112,103,113
4141,neighbor,True,PASS_IMPLEMENTED_PROJECT_CHECKS,8650.3765300000,8636.3829700000,0.2000000000,0.3500000000,0.3000000000,3.0000000000,1.0000000000,103,112,101,112,101,110
4142,neighbor,False,MEMBER_FLEXURE,999999999.0000000000,8636.3829700000,0.2250000000,0.4500000000,0.3000000000,3.0000000000,1.0000000000,104,113,100,111,100,111
4143,neighbor,True,PASS_IMPLEMENTED_PROJECT_CHECKS,8803.4912500000,8636.3829700000,0.2000000000,0.3500000000,0.3000000000,3.0000000000,1.0000000000,103,112,103,113,103,113
4144,neighbor,False,STEM_STRESS_OR_INTERVAL_BOUND,999999999.0000000000,8636.3829700000,0.2000000000,0.3500000000,0.3000000000,3.0000000000,1.0000000000,101,110,101,112,103,113
4145,neighbor,False,STEM_STRESS_OR_INTERVAL_BOUND,999999999.0000000000,8636.3829700000,0.2000000000,0.3000000000,0.3000000000,3.0000000000,1.0000000000,102,113,100,110,101,113
4146,neighbor,False,ENVELOPE_BASE_CONTACT,999999999.0000000000,8636.3829700000,0.2250000000,0.2500000000,0.5500000000,2.5000000000,0.8000000000,102,111,102,111,104,112
4147,neighbor,False,MINIMUM_MAIN_STEEL,999999999.0000000000,8636.3829700000,0.2250000000,0.4000000000,0.5500000000,2.5000000000,0.8000000000,100,110,102,112,101,110
4148,neighbor,False,STEM_STRESS_OR_INTERVAL_BOUND,999999999.0000000000,8636.3829700000,0.2250000000,0.2500000000,0.3500000000,3.0000000000,0.9000000000,104,112,104,110,101,112
4149,neighbor,False,ENVELOPE_BASE_CONTACT,999999999.0000000000,8636.3829700000,0.2000000000,0.4500000000,0.4000000000,2.5000000000,1.0000000000,103,112,103,113,104,110
4150,neighbor,False,MINIMUM_MAIN_STEEL,999999999.0000000000,8636.3829700000,0.2250000000,0.3000000000,0.3000000000,3.0000000000,1.0000000000,100,111,104,113,102,112
4151,neighbor,False,ENVELOPE_BASE_CONTACT,999999999.0000000000,8636.3829700000,0.2250000000,0.3500000000,0.5000000000,2.5000000000,1.0000000000,102,113,103,112,101,110
4152,neighbor,False,ENVELOPE_BASE_CONTACT,999999999.0000000000,8636.3829700000,0.2000000000,0.3500000000,0.3000000000,2.5000000000,0.8000000000,103,111,103,111,101,111
4153,neighbor,False,MINIMUM_MAIN_STEEL,999999999.0000000000,8636.3829700000,0.2000000000,0.4000000000,0.3000000000,3.0000000000,1.0000000000,100,112,101,112,103,113
4154,neighbor,False,ENVELOPE_BASE_CONTACT,999999999.0000000000,8636.3829700000,0.2000000000,0.3000000000,0.3000000000,2.5000000000,1.0000000000,103,110,102,113,102,112
4155,neighbor,False,MINIMUM_MAIN_STEEL,999999999.0000000000,8636.3829700000,0.2000000000,0.3500000000,0.4500000000,2.5000000000,0.9000000000,103,112,101,113,103,111
4156,neighbor,True,PASS_IMPLEMENTED_PROJECT_CHECKS,8803.4912500000,8636.3829700000,0.2000000000,0.3500000000,0.3000000000,3.0000000000,1.0000000000,103,112,103,113,103,113
4157,neighbor,False,STEM_STRESS_OR_INTERVAL_BOUND,999999999.0000000000,8636.3829700000,0.2000000000,0.2500000000,0.3000000000,3.0000000000,1.0000000000,102,111,101,112,103,113
4158,neighbor,False,ENVELOPE_BASE_CONTACT,999999999.0000000000,8636.3829700000,0.2000000000,0.3000000000,0.3500000000,2.5000000000,1.0000000000,102,110,104,113,101,110
4159,neighbor,True,PASS_IMPLEMENTED_PROJECT_CHECKS,8826.3202500000,8636.3829700000,0.2000000000,0.3500000000,0.3000000000,3.0000000000,1.0000000000,103,112,102,111,103,113
4160,neighbor,False,MINIMUM_MAIN_STEEL,999999999.0000000000,8636.3829700000,0.2000000000,0.4500000000,0.4000000000,3.0000000000,0.9000000000,100,113,100,111,101,111
4161,neighbor,False,MINIMUM_MAIN_STEEL,999999999.0000000000,8636.3829700000,0.2000000000,0.4500000000,0.5500000000,2.5000000000,1.0000000000,100,110,103,110,104,112
4162,neighbor,True,PASS_IMPLEMENTED_PROJECT_CHECKS,10461.3853900000,8636.3829700000,0.2000000000,0.3500000000,0.4000000000,3.5000000000,0.9000000000,103,112,104,113,104,113
4163,neighbor,False,ENVELOPE_BASE_CONTACT,999999999.0000000000,8636.3829700000,0.2000000000,0.3000000000,0.3000000000,2.5000000000,1.0000000000,102,113,100,110,104,110
4164,neighbor,False,MAXIMUM_MAIN_STEEL,999999999.0000000000,8636.3829700000,0.2250000000,0.4000000000,0.5000000000,3.5000000000,0.8000000000,103,110,102,112,103,111
4165,neighbor,False,MEMBER_FLEXURE,999999999.0000000000,8636.3829700000,0.2000000000,0.3500000000,0.3000000000,3.0000000000,1.0000000000,103,112,101,112,101,113
4166,neighbor,False,ENVELOPE_BASE_CONTACT,999999999.0000000000,8636.3829700000,0.2000000000,0.3500000000,0.5500000000,2.5000000000,0.8000000000,103,111,101,111,101,111
4167,neighbor,True,PASS_IMPLEMENTED_PROJECT_CHECKS,11552.2540000000,8636.3829700000,0.2000000000,0.3500000000,0.4500000000,3.5000000000,1.0000000000,103,112,103,110,102,110
4168,neighbor,False,MINIMUM_MAIN_STEEL,999999999.0000000000,8636.3829700000,0.2250000000,0.4000000000,0.4000000000,3.0000000000,1.0000000000,100,112,101,112,104,111
4169,neighbor,False,MINIMUM_MAIN_STEEL,999999999.0000000000,8636.3829700000,0.2000000000,0.3500000000,0.4000000000,3.5000000000,1.0000000000,103,112,100,111,100,113
4170,neighbor,True,PASS_IMPLEMENTED_PROJECT_CHECKS,8784.7147060000,8636.3829700000,0.2000000000,0.3500000000,0.3000000000,3.0000000000,1.0000000000,103,112,101,112,104,113
4171,neighbor,False,STEM_STRESS_OR_INTERVAL_BOUND,999999999.0000000000,8636.3829700000,0.2500000000,0.2500000000,0.3000000000,3.0000000000,1.0000000000,104,111,102,113,102,112
4172,neighbor,True,PASS_IMPLEMENTED_PROJECT_CHECKS,10457.2770000000,8636.3829700000,0.2500000000,0.4500000000,0.5000000000,3.0000000000,0.9000000000,103,113,103,113,102,112
4173,neighbor,False,MINIMUM_MAIN_STEEL,999999999.0000000000,8636.3829700000,0.2000000000,0.3000000000,0.3500000000,3.5000000000,0.8000000000,100,111,101,110,103,112
4174,neighbor,True,PASS_IMPLEMENTED_PROJECT_CHECKS,8636.3829700000,8636.3829700000,0.2000000000,0.3500000000,0.3000000000,3.0000000000,1.0000000000,103,112,101,112,103,113
4175,neighbor,False,MINIMUM_MAIN_STEEL,999999999.0000000000,8636.3829700000,0.2000000000,0.3500000000,0.3000000000,3.0000000000,0.9000000000,100,113,104,112,100,111
4176,neighbor,False,STEM_STRESS_OR_INTERVAL_BOUND,999999999.0000000000,8636.3829700000,0.2000000000,0.3500000000,0.3000000000,3.5000000000,1.0000000000,102,112,101,113,100,110
4177,neighbor,True,PASS_IMPLEMENTED_PROJECT_CHECKS,9864.2522500000,8636.3829700000,0.2000000000,0.3500000000,0.3000000000,3.5000000000,0.9000000000,103,112,103,113,102,110
4178,neighbor,False,ENVELOPE_BASE_CONTACT,999999999.0000000000,8636.3829700000,0.2000000000,0.3000000000,0.5000000000,2.5000000000,0.8000000000,103,111,103,110,101,112
4179,neighbor,False,STEM_STRESS_OR_INTERVAL_BOUND,999999999.0000000000,8636.3829700000,0.2000000000,0.3000000000,0.3000000000,3.0000000000,1.0000000000,101,112,101,112,103,113
4180,neighbor,False,MEMBER_FLEXURE,999999999.0000000000,8636.3829700000,0.2250000000,0.4500000000,0.3000000000,3.0000000000,1.0000000000,102,111,100,111,104,111
4181,neighbor,False,MEMBER_FLEXURE,999999999.0000000000,8636.3829700000,0.2000000000,0.3500000000,0.3000000000,3.0000000000,1.0000000000,103,112,101,112,101,112
4182,neighbor,False,MINIMUM_MAIN_STEEL,999999999.0000000000,8636.3829700000,0.2250000000,0.3500000000,0.3000000000,3.5000000000,0.8000000000,100,111,101,110,100,110
4183,neighbor,False,MINIMUM_MAIN_STEEL,999999999.0000000000,8636.3829700000,0.2000000000,0.3500000000,0.3000000000,3.0000000000,1.0000000000,100,111,101,112,103,113
4184,neighbor,False,MINIMUM_MAIN_STEEL,999999999.0000000000,8636.3829700000,0.2000000000,0.2500000000,0.3000000000,3.0000000000,1.0000000000,100,112,101,112,103,112
4185,neighbor,False,MINIMUM_MAIN_STEEL,999999999.0000000000,8636.3829700000,0.2000000000,0.2500000000,0.5000000000,2.5000000000,1.0000000000,101,112,103,113,100,112
4186,neighbor,False,MEMBER_FLEXURE,999999999.0000000000,8636.3829700000,0.2000000000,0.3500000000,0.3000000000,3.0000000000,1.0000000000,103,112,101,113,103,113
4187,neighbor,False,MINIMUM_MAIN_STEEL,999999999.0000000000,8636.3829700000,0.2000000000,0.3500000000,0.3000000000,3.0000000000,1.0000000000,100,113,101,112,103,113
4188,neighbor,False,MEMBER_FLEXURE,999999999.0000000000,8636.3829700000,0.2000000000,0.3500000000,0.3000000000,3.0000000000,1.0000000000,103,112,101,112,102,112
4189,neighbor,False,STEM_STRESS_OR_INTERVAL_BOUND,999999999.0000000000,8636.3829700000,0.2000000000,0.3500000000,0.3000000000,3.0000000000,1.0000000000,101,111,101,112,103,113
4190,neighbor,False,MINIMUM_MAIN_STEEL,999999999.0000000000,8636.3829700000,0.2000000000,0.4500000000,0.5500000000,3.5000000000,1.0000000000,100,111,100,110,102,112
4191,neighbor,False,ENVELOPE_BASE_CONTACT,999999999.0000000000,8636.3829700000,0.2000000000,0.4500000000,0.3000000000,2.5000000000,0.9000000000,103,111,101,112,102,113
4192,neighbor,False,MINIMUM_MAIN_STEEL,999999999.0000000000,8636.3829700000,0.2500000000,0.2500000000,0.3000000000,3.5000000000,1.0000000000,100,112,100,112,103,112
4193,neighbor,True,PASS_IMPLEMENTED_PROJECT_CHECKS,8782.1492200000,8636.3829700000,0.2000000000,0.3500000000,0.3000000000,3.0000000000,1.0000000000,103,112,101,112,103,112
4194,neighbor,False,STEM_STRESS_OR_INTERVAL_BOUND,999999999.0000000000,8636.3829700000,0.2000000000,0.3000000000,0.3000000000,3.0000000000,1.0000000000,102,111,101,112,103,113
4195,neighbor,False,STEM_STRESS_OR_INTERVAL_BOUND,999999999.0000000000,8636.3829700000,0.2250000000,0.4000000000,0.3000000000,3.5000000000,0.8000000000,103,113,103,111,102,111
4196,neighbor,True,PASS_IMPLEMENTED_PROJECT_CHECKS,8538.4189200000,8538.4189200000,0.2000000000,0.4000000000,0.3000000000,3.0000000000,1.0000000000,101,110,101,112,103,113
4197,neighbor,True,PASS_IMPLEMENTED_PROJECT_CHECKS,11597.5459400000,8538.4189200000,0.2000000000,0.4000000000,0.5500000000,3.0000000000,1.0000000000,101,110,104,111,103,110
4198,neighbor,False,ENVELOPE_BASE_CONTACT,999999999.0000000000,8538.4189200000,0.2000000000,0.3500000000,0.3000000000,2.5000000000,1.0000000000,101,111,103,110,102,112
4199,neighbor,False,MAXIMUM_MAIN_STEEL,999999999.0000000000,8538.4189200000,0.2250000000,0.3500000000,0.3000000000,3.0000000000,1.0000000000,104,110,103,112,104,113
4200,neighbor,False,MINIMUM_MAIN_STEEL,999999999.0000000000,8538.4189200000,0.2500000000,0.3500000000,0.3500000000,2.5000000000,0.9000000000,103,113,100,112,103,112
4201,neighbor,False,MAXIMUM_MAIN_STEEL,999999999.0000000000,8538.4189200000,0.2000000000,0.4000000000,0.3000000000,3.0000000000,1.0000000000,104,111,104,113,101,113
4202,neighbor,False,MINIMUM_MAIN_STEEL,999999999.0000000000,8538.4189200000,0.2000000000,0.4500000000,0.5000000000,2.5000000000,0.8000000000,103,112,102,110,101,113
4203,neighbor,False,STEM_STRESS_OR_INTERVAL_BOUND,999999999.0000000000,8538.4189200000,0.2000000000,0.3000000000,0.3000000000,3.0000000000,1.0000000000,102,113,103,113,101,110
4204,neighbor,False,ENVELOPE_BASE_CONTACT,999999999.0000000000,8538.4189200000,0.2250000000,0.5000000000,0.3500000000,2.5000000000,0.8000000000,104,110,101,111,101,111
4205,neighbor,False,MINIMUM_MAIN_STEEL,999999999.0000000000,8538.4189200000,0.2000000000,0.4000000000,0.4500000000,3.0000000000,1.0000000000,101,110,103,111,100,111
4206,neighbor,False,ENVELOPE_BASE_CONTACT,999999999.0000000000,8538.4189200000,0.2000000000,0.4500000000,0.3000000000,2.5000000000,0.8000000000,103,112,104,111,104,110
4207,neighbor,False,ENVELOPE_BASE_CONTACT,999999999.0000000000,8538.4189200000,0.2250000000,0.4500000000,0.4000000000,2.5000000000,0.9000000000,101,111,102,113,103,111
4208,neighbor,False,MEMBER_FLEXURE,999999999.0000000000,8538.4189200000,0.2000000000,0.4000000000,0.3000000000,3.0000000000,1.0000000000,101,110,101,112,102,113
4209,neighbor,False,MINIMUM_MAIN_STEEL,999999999.0000000000,8538.4189200000,0.2250000000,0.4500000000,0.3500000000,3.0000000000,0.8000000000,101,112,100,110,102,113
4210,neighbor,True,PASS_IMPLEMENTED_PROJECT_CHECKS,11787.0584000000,8538.4189200000,0.2000000000,0.4000000000,0.5000000000,3.5000000000,0.8000000000,101,110,101,110,104,111
4211,neighbor,False,MAXIMUM_MAIN_STEEL,999999999.0000000000,8538.4189200000,0.2000000000,0.5000000000,0.3000000000,3.0000000000,1.0000000000,103,111,101,112,103,113
4212,neighbor,False,MINIMUM_MAIN_STEEL,999999999.0000000000,8538.4189200000,0.2000000000,0.4500000000,0.3000000000,3.5000000000,1.0000000000,103,113,104,110,100,113
4213,neighbor,False,MEMBER_FLEXURE,999999999.0000000000,8538.4189200000,0.2000000000,0.4000000000,0.3000000000,3.0000000000,1.0000000000,101,110,101,112,101,113
4214,neighbor,False,MAXIMUM_MAIN_STEEL,999999999.0000000000,8538.4189200000,0.2000000000,0.4000000000,0.3000000000,3.0000000000,1.0000000000,104,110,101,112,103,113
4215,neighbor,False,MEMBER_FLEXURE,999999999.0000000000,8538.4189200000,0.2000000000,0.4000000000,0.3000000000,3.0000000000,1.0000000000,101,110,101,113,103,113
4216,neighbor,False,MAXIMUM_MAIN_STEEL,999999999.0000000000,8538.4189200000,0.2000000000,0.3500000000,0.3000000000,3.5000000000,0.9000000000,103,110,102,113,101,110
4217,neighbor,False,MINIMUM_MAIN_STEEL,999999999.0000000000,8538.4189200000,0.2000000000,0.3000000000,0.3000000000,3.5000000000,1.0000000000,100,112,101,113,102,112
4218,neighbor,False,MINIMUM_MAIN_STEEL,999999999.0000000000,8538.4189200000,0.2500000000,0.3000000000,0.4500000000,3.0000000000,0.9000000000,102,113,100,113,104,111
4219,neighbor,True,PASS_IMPLEMENTED_PROJECT_CHECKS,9561.0048960000,8538.4189200000,0.2000000000,0.4000000000,0.3000000000,3.5000000000,1.0000000000,101,110,104,113,104,113
4220,neighbor,True,PASS_IMPLEMENTED_PROJECT_CHECKS,8637.0402000000,8538.4189200000,0.2000000000,0.4000000000,0.3000000000,3.0000000000,1.0000000000,101,110,102,112,103,113
4221,reset,False,ENVELOPE_BASE_CONTACT,999999999.0000000000,8538.4189200000,0.2000000000,0.3000000000,0.3000000000,2.5000000000,1.0000000000,101,110,101,112,103,113
4222,neighbor,False,STEM_STRESS_OR_INTERVAL_BOUND,999999999.0000000000,8538.4189200000,0.2000000000,0.2000000000,0.3000000000,3.0000000000,0.8000000000,101,113,100,111,101,113
4223,neighbor,False,ENVELOPE_BASE_CONTACT,999999999.0000000000,8538.4189200000,0.2000000000,0.3000000000,0.3000000000,2.5000000000,1.0000000000,101,110,101,112,104,113
4224,neighbor,False,MINIMUM_MAIN_STEEL,999999999.0000000000,8538.4189200000,0.2000000000,0.4000000000,0.3000000000,2.5000000000,1.0000000000,101,111,101,112,100,113
4225,neighbor,False,MINIMUM_MAIN_STEEL,999999999.0000000000,8538.4189200000,0.2000000000,0.2500000000,0.3000000000,3.0000000000,1.0000000000,103,111,100,112,103,112
4226,neighbor,False,MINIMUM_MAIN_STEEL,999999999.0000000000,8538.4189200000,0.2000000000,0.4000000000,0.3000000000,3.0000000000,1.0000000000,101,112,100,111,102,110
4227,neighbor,False,ENVELOPE_BASE_CONTACT,999999999.0000000000,8538.4189200000,0.2250000000,0.2500000000,0.3000000000,2.5000000000,1.0000000000,104,111,103,112,102,110
4228,neighbor,False,ENVELOPE_BASE_CONTACT,999999999.0000000000,8538.4189200000,0.2000000000,0.3000000000,0.3000000000,2.5000000000,1.0000000000,100,110,101,112,103,113
4229,neighbor,False,ENVELOPE_BASE_CONTACT,999999999.0000000000,8538.4189200000,0.2000000000,0.3500000000,0.3000000000,2.5000000000,0.9000000000,102,112,104,112,102,113
4230,neighbor,False,MINIMUM_MAIN_STEEL,999999999.0000000000,8538.4189200000,0.2500000000,0.3500000000,0.3000000000,2.5000000000,0.8000000000,102,111,100,113,103,110
4231,neighbor,False,ENVELOPE_BASE_CONTACT,999999999.0000000000,8538.4189200000,0.2000000000,0.3000000000,0.3000000000,2.5000000000,1.0000000000,101,110,100,111,103,113
4232,neighbor,False,STEM_STRESS_OR_INTERVAL_BOUND,999999999.0000000000,8538.4189200000,0.2000000000,0.2000000000,0.3000000000,3.0000000000,1.0000000000,103,110,103,111,102,112
4233,neighbor,False,STEM_STRESS_OR_INTERVAL_BOUND,999999999.0000000000,8538.4189200000,0.2000000000,0.3000000000,0.3000000000,3.0000000000,0.9000000000,101,110,101,110,102,113
4234,neighbor,False,ENVELOPE_BASE_CONTACT,999999999.0000000000,8538.4189200000,0.2000000000,0.3000000000,0.3000000000,2.5000000000,1.0000000000,101,110,104,112,103,113
4235,neighbor,True,PASS_IMPLEMENTED_PROJECT_CHECKS,8650.5895200000,8538.4189200000,0.2000000000,0.4000000000,0.3000000000,3.0000000000,1.0000000000,101,110,102,112,101,110
4236,neighbor,False,MEMBER_FLEXURE,999999999.0000000000,8538.4189200000,0.2000000000,0.4000000000,0.3000000000,3.0000000000,1.0000000000,101,110,102,112,100,110
4237,neighbor,False,MINIMUM_MAIN_STEEL,999999999.0000000000,8538.4189200000,0.2000000000,0.4000000000,0.3000000000,3.0000000000,1.0000000000,100,112,102,112,101,110
4238,neighbor,True,PASS_IMPLEMENTED_PROJECT_CHECKS,8957.7074400000,8538.4189200000,0.2000000000,0.4000000000,0.3000000000,3.0000000000,1.0000000000,101,110,102,112,104,112
4239,neighbor,False,MINIMUM_MAIN_STEEL,999999999.0000000000,8538.4189200000,0.2000000000,0.4000000000,0.3000000000,3.0000000000,1.0000000000,100,113,102,112,103,110
4240,neighbor,False,ENVELOPE_BASE_CONTACT,999999999.0000000000,8538.4189200000,0.2250000000,0.3000000000,0.3000000000,2.5000000000,0.9000000000,104,110,102,110,103,113
4241,neighbor,False,MINIMUM_MAIN_STEEL,999999999.0000000000,8538.4189200000,0.2000000000,0.4000000000,0.3000000000,3.0000000000,0.8000000000,100,111,104,110,103,111
4242,neighbor,False,MAXIMUM_MAIN_STEEL,999999999.0000000000,8538.4189200000,0.2000000000,0.4000000000,0.3000000000,3.0000000000,1.0000000000,104,112,102,112,101,110
4243,neighbor,True,PASS_IMPLEMENTED_PROJECT_CHECKS,8924.5375200000,8538.4189200000,0.2000000000,0.4000000000,0.3000000000,3.0000000000,1.0000000000,101,110,102,110,101,110
4244,neighbor,False,MINIMUM_MAIN_STEEL,999999999.0000000000,8538.4189200000,0.2000000000,0.4000000000,0.3000000000,3.0000000000,1.0000000000,101,112,100,111,104,113
4245,neighbor,False,STEM_STRESS_OR_INTERVAL_BOUND,999999999.0000000000,8538.4189200000,0.2500000000,0.3500000000,0.3000000000,3.0000000000,1.0000000000,101,110,103,111,102,113
4246,neighbor,False,ENVELOPE_BASE_CONTACT,999999999.0000000000,8538.4189200000,0.2000000000,0.3500000000,0.3000000000,2.5000000000,1.0000000000,103,110,101,111,104,110
4247,neighbor,False,MAXIMUM_MAIN_STEEL,999999999.0000000000,8538.4189200000,0.2000000000,0.4000000000,0.3000000000,3.0000000000,1.0000000000,101,110,104,110,101,110
4248,neighbor,False,STEM_STRESS_OR_INTERVAL_BOUND,999999999.0000000000,8538.4189200000,0.2000000000,0.3000000000,0.3000000000,3.0000000000,1.0000000000,102,113,104,112,103,111
4249,neighbor,False,MINIMUM_MAIN_STEEL,999999999.0000000000,8538.4189200000,0.2250000000,0.3000000000,0.3000000000,2.5000000000,1.0000000000,102,110,101,112,100,113
4250,neighbor,False,MINIMUM_MAIN_STEEL,999999999.0000000000,8538.4189200000,0.2500000000,0.4000000000,0.3000000000,3.0000000000,1.0000000000,100,111,100,110,100,111
4251,neighbor,False,STEM_STRESS_OR_INTERVAL_BOUND,999999999.0000000000,8538.4189200000,0.2000000000,0.3000000000,0.3000000000,3.0000000000,1.0000000000,104,112,103,110,102,113
4252,neighbor,False,MINIMUM_MAIN_STEEL,999999999.0000000000,8538.4189200000,0.2000000000,0.4000000000,0.3000000000,2.5000000000,1.0000000000,101,113,103,112,101,110
4253,neighbor,False,MEMBER_FLEXURE,999999999.0000000000,8538.4189200000,0.2000000000,0.4000000000,0.3000000000,3.0000000000,0.8000000000,101,110,101,111,101,112
4254,neighbor,False,STEM_STRESS_OR_INTERVAL_BOUND,999999999.0000000000,8538.4189200000,0.2000000000,0.4000000000,0.3000000000,3.0000000000,1.0000000000,101,111,102,112,101,110
4255,neighbor,False,MINIMUM_MAIN_STEEL,999999999.0000000000,8538.4189200000,0.2250000000,0.4000000000,0.3000000000,3.0000000000,0.9000000000,101,113,103,110,104,111
4256,neighbor,False,STEM_STRESS_OR_INTERVAL_BOUND,999999999.0000000000,8538.4189200000,0.2000000000,0.4000000000,0.3000000000,3.0000000000,1.0000000000,102,113,102,112,101,110
4257,neighbor,True,PASS_IMPLEMENTED_PROJECT_CHECKS,9336.4807800000,8538.4189200000,0.2500000000,0.4000000000,0.3000000000,3.0000000000,1.0000000000,104,113,101,111,102,111
4258,neighbor,False,MEMBER_FLEXURE,999999999.0000000000,8538.4189200000,0.2000000000,0.4000000000,0.3000000000,3.0000000000,0.8000000000,101,110,104,111,101,113
4259,neighbor,False,ENVELOPE_BASE_CONTACT,999999999.0000000000,8538.4189200000,0.2000000000,0.3000000000,0.3000000000,2.5000000000,0.9000000000,102,111,101,110,102,112
4260,neighbor,False,STEM_STRESS_OR_INTERVAL_BOUND,999999999.0000000000,8538.4189200000,0.2000000000,0.3500000000,0.3000000000,3.0000000000,0.8000000000,102,112,101,112,103,111
4261,neighbor,False,MINIMUM_MAIN_STEEL,999999999.0000000000,8538.4189200000,0.2000000000,0.4000000000,0.3000000000,3.0000000000,0.8000000000,104,110,101,113,100,112
4262,neighbor,False,MAXIMUM_MAIN_STEEL,999999999.0000000000,8538.4189200000,0.2000000000,0.3000000000,0.3000000000,3.0000000000,1.0000000000,104,111,104,113,102,110
4263,neighbor,False,ENVELOPE_BASE_CONTACT,999999999.0000000000,8538.4189200000,0.2500000000,0.4000000000,0.3000000000,2.5000000000,1.0000000000,104,112,104,113,102,113
4264,neighbor,False,MEMBER_FLEXURE,999999999.0000000000,8538.4189200000,0.2000000000,0.4000000000,0.3000000000,3.0000000000,1.0000000000,101,110,102,111,101,111
4265,neighbor,False,MINIMUM_MAIN_STEEL,999999999.0000000000,8538.4189200000,0.2000000000,0.4000000000,0.3000000000,2.5000000000,0.8000000000,103,111,100,112,103,112
4266,neighbor,False,MINIMUM_MAIN_STEEL,999999999.0000000000,8538.4189200000,0.2000000000,0.3000000000,0.3000000000,3.0000000000,1.0000000000,102,111,100,112,101,113
4267,neighbor,False,STEM_STRESS_OR_INTERVAL_BOUND,999999999.0000000000,8538.4189200000,0.2000000000,0.4000000000,0.3000000000,3.0000000000,1.0000000000,103,113,102,112,101,110
4268,neighbor,False,MAXIMUM_MAIN_STEEL,999999999.0000000000,8538.4189200000,0.2000000000,0.4000000000,0.3000000000,3.0000000000,1.0000000000,104,110,102,112,101,110
4269,neighbor,False,MINIMUM_MAIN_STEEL,999999999.0000000000,8538.4189200000,0.2250000000,0.4000000000,0.3000000000,2.5000000000,0.9000000000,100,111,102,112,102,113
4270,neighbor,False,STEM_STRESS_OR_INTERVAL_BOUND,999999999.0000000000,8538.4189200000,0.2000000000,0.4000000000,0.3000000000,3.0000000000,1.0000000000,103,113,102,112,101,110
4271,neighbor,False,STEM_STRESS_OR_INTERVAL_BOUND,999999999.0000000000,8538.4189200000,0.2000000000,0.4000000000,0.3000000000,3.0000000000,1.0000000000,103,113,103,112,100,110
4272,neighbor,False,MEMBER_FLEXURE,999999999.0000000000,8538.4189200000,0.2500000000,0.4000000000,0.3000000000,3.0000000000,1.0000000000,104,112,100,111,101,112
4273,neighbor,False,STEM_STRESS_OR_INTERVAL_BOUND,999999999.0000000000,8538.4189200000,0.2000000000,0.4000000000,0.3000000000,3.0000000000,1.0000000000,102,112,102,112,101,110
4274,neighbor,False,STEM_STRESS_OR_INTERVAL_BOUND,999999999.0000000000,8538.4189200000,0.2000000000,0.3500000000,0.3000000000,3.0000000000,0.8000000000,102,113,101,113,102,112
4275,neighbor,False,MINIMUM_MAIN_STEEL,999999999.0000000000,8538.4189200000,0.2000000000,0.4000000000,0.3000000000,3.0000000000,1.0000000000,102,111,100,112,101,110
4276,neighbor,False,MINIMUM_MAIN_STEEL,999999999.0000000000,8538.4189200000,0.2000000000,0.4000000000,0.3000000000,3.0000000000,1.0000000000,101,113,102,112,101,110
4277,neighbor,False,MINIMUM_MAIN_STEEL,999999999.0000000000,8538.4189200000,0.2500000000,0.4000000000,0.3000000000,2.5000000000,1.0000000000,100,110,101,110,103,111
4278,neighbor,False,MINIMUM_MAIN_STEEL,999999999.0000000000,8538.4189200000,0.2000000000,0.4000000000,0.3000000000,3.0000000000,0.9000000000,101,113,102,113,101,112
4279,neighbor,True,PASS_IMPLEMENTED_PROJECT_CHECKS,8913.5796000000,8538.4189200000,0.2000000000,0.4000000000,0.3000000000,3.0000000000,1.0000000000,101,110,104,112,101,110
4280,neighbor,False,MINIMUM_MAIN_STEEL,999999999.0000000000,8538.4189200000,0.2000000000,0.4000000000,0.3000000000,2.5000000000,1.0000000000,100,112,101,112,103,110
4281,neighbor,False,MINIMUM_MAIN_STEEL,999999999.0000000000,8538.4189200000,0.2000000000,0.4000000000,0.3000000000,3.0000000000,1.0000000000,101,112,102,112,100,113
4282,neighbor,False,STEM_STRESS_OR_INTERVAL_BOUND,999999999.0000000000,8538.4189200000,0.2500000000,0.4000000000,0.3000000000,3.0000000000,1.0000000000,102,113,101,111,101,113
4283,neighbor,False,ENVELOPE_BASE_CONTACT,999999999.0000000000,8538.4189200000,0.2250000000,0.4000000000,0.3000000000,2.5000000000,1.0000000000,103,113,102,111,103,112
4284,neighbor,False,STEM_STRESS_OR_INTERVAL_BOUND,999999999.0000000000,8538.4189200000,0.2500000000,0.4000000000,0.3000000000,3.0000000000,1.0000000000,102,112,104,111,101,112
4285,neighbor,False,STEM_STRESS_OR_INTERVAL_BOUND,999999999.0000000000,8538.4189200000,0.2250000000,0.3000000000,0.3000000000,3.0000000000,1.0000000000,103,113,102,111,101,112
4286,neighbor,False,STEM_STRESS_OR_INTERVAL_BOUND,999999999.0000000000,8538.4189200000,0.2500000000,0.3500000000,0.3000000000,3.0000000000,1.0000000000,102,111,102,112,101,110
4287,neighbor,False,MINIMUM_MAIN_STEEL,999999999.0000000000,8538.4189200000,0.2000000000,0.3500000000,0.3000000000,3.0000000000,0.8000000000,104,111,100,113,100,112
4288,neighbor,False,MINIMUM_MAIN_STEEL,999999999.0000000000,8538.4189200000,0.2000000000,0.4000000000,0.3000000000,3.0000000000,0.9000000000,100,113,103,111,104,113
4289,neighbor,False,MINIMUM_MAIN_STEEL,999999999.0000000000,8538.4189200000,0.2000000000,0.4000000000,0.3000000000,2.5000000000,1.0000000000,103,111,102,112,100,113
4290,neighbor,False,ENVELOPE_BASE_CONTACT,999999999.0000000000,8538.4189200000,0.2000000000,0.3000000000,0.3000000000,2.5000000000,1.0000000000,104,113,102,111,104,112
4291,neighbor,False,ENVELOPE_BASE_CONTACT,999999999.0000000000,8538.4189200000,0.2500000000,0.3000000000,0.3000000000,2.5000000000,1.0000000000,100,110,102,110,102,113
4292,neighbor,False,ENVELOPE_BASE_CONTACT,999999999.0000000000,8538.4189200000,0.2000000000,0.4000000000,0.3000000000,2.5000000000,0.8000000000,101,111,101,112,101,113
4293,neighbor,False,MAXIMUM_MAIN_STEEL,999999999.0000000000,8538.4189200000,0.2500000000,0.3000000000,0.3000000000,3.0000000000,1.0000000000,104,110,102,112,101,110
4294,neighbor,False,MINIMUM_MAIN_STEEL,999999999.0000000000,8538.4189200000,0.2000000000,0.3500000000,0.3000000000,2.5000000000,1.0000000000,100,112,100,110,104,110
4295,neighbor,False,MINIMUM_MAIN_STEEL,999999999.0000000000,8538.4189200000,0.2000000000,0.4000000000,0.3000000000,2.5000000000,1.0000000000,100,111,104,113,100,111
4296,neighbor,True,PASS_IMPLEMENTED_PROJECT_CHECKS,8877.3910700000,8538.4189200000,0.2250000000,0.4000000000,0.3000000000,3.0000000000,1.0000000000,102,111,102,112,101,110
4297,neighbor,False,MINIMUM_MAIN_STEEL,999999999.0000000000,8538.4189200000,0.2000000000,0.4000000000,0.3000000000,3.0000000000,1.0000000000,100,113,102,112,101,110
4298,neighbor,False,ENVELOPE_BASE_CONTACT,999999999.0000000000,8538.4189200000,0.2000000000,0.3000000000,0.3000000000,2.5000000000,0.8000000000,104,111,102,113,104,110
4299,neighbor,False,MAXIMUM_MAIN_STEEL,999999999.0000000000,8538.4189200000,0.2000000000,0.4000000000,0.3000000000,3.0000000000,1.0000000000,102,110,102,112,101,110
4300,neighbor,False,STEM_STRESS_OR_INTERVAL_BOUND,999999999.0000000000,8538.4189200000,0.2250000000,0.4000000000,0.3000000000,3.0000000000,1.0000000000,103,113,102,112,103,110
4301,neighbor,False,MINIMUM_MAIN_STEEL,999999999.0000000000,8538.4189200000,0.2000000000,0.4000000000,0.3000000000,3.0000000000,1.0000000000,101,110,100,110,100,112
4302,neighbor,False,MINIMUM_MAIN_STEEL,999999999.0000000000,8538.4189200000,0.2000000000,0.4000000000,0.3000000000,3.0000000000,0.9000000000,100,113,102,110,103,111
4303,neighbor,False,MAXIMUM_MAIN_STEEL,999999999.0000000000,8538.4189200000,0.2000000000,0.3500000000,0.3000000000,3.0000000000,1.0000000000,103,110,102,112,103,110
4304,neighbor,False,STEM_STRESS_OR_INTERVAL_BOUND,999999999.0000000000,8538.4189200000,0.2250000000,0.4000000000,0.3000000000,3.0000000000,1.0000000000,102,112,104,110,102,112
4305,neighbor,False,MAXIMUM_MAIN_STEEL,999999999.0000000000,8538.4189200000,0.2000000000,0.3500000000,0.3000000000,3.0000000000,1.0000000000,102,110,103,112,101,110
4306,neighbor,False,MEMBER_FLEXURE,999999999.0000000000,8538.4189200000,0.2000000000,0.4000000000,0.3000000000,3.0000000000,1.0000000000,101,110,100,111,101,110
4307,neighbor,False,MINIMUM_MAIN_STEEL,999999999.0000000000,8538.4189200000,0.2000000000,0.4000000000,0.3000000000,2.5000000000,0.9000000000,104,113,100,112,100,113
4308,neighbor,True,PASS_IMPLEMENTED_PROJECT_CHECKS,8804.6852700000,8538.4189200000,0.2000000000,0.4000000000,0.3000000000,3.0000000000,1.0000000000,101,110,103,112,101,110
4309,neighbor,False,ENVELOPE_BASE_CONTACT,999999999.0000000000,8538.4189200000,0.2000000000,0.3500000000,0.3000000000,2.5000000000,1.0000000000,102,113,103,111,101,111
4310,neighbor,False,MINIMUM_MAIN_STEEL,999999999.0000000000,8538.4189200000,0.2000000000,0.4000000000,0.3000000000,2.5000000000,1.0000000000,101,113,101,112,101,113
4311,neighbor,True,PASS_IMPLEMENTED_PROJECT_CHECKS,9532.4429400000,8538.4189200000,0.2000000000,0.4000000000,0.3000000000,3.0000000000,0.8000000000,101,110,101,112,103,110
4312,neighbor,True,PASS_IMPLEMENTED_PROJECT_CHECKS,9345.0385700000,8538.4189200000,0.2500000000,0.4000000000,0.3000000000,3.0000000000,1.0000000000,103,112,102,112,101,110
4313,neighbor,True,PASS_IMPLEMENTED_PROJECT_CHECKS,8595.7999200000,8538.4189200000,0.2000000000,0.4000000000,0.3000000000,3.0000000000,1.0000000000,101,110,102,113,101,110
4314,neighbor,False,ENVELOPE_BASE_CONTACT,999999999.0000000000,8538.4189200000,0.2000000000,0.3500000000,0.3000000000,2.5000000000,1.0000000000,101,112,103,113,103,110
4315,neighbor,False,MINIMUM_MAIN_STEEL,999999999.0000000000,8538.4189200000,0.2250000000,0.4000000000,0.3000000000,3.0000000000,0.8000000000,104,111,100,113,103,112
4316,neighbor,False,STEM_STRESS_OR_INTERVAL_BOUND,999999999.0000000000,8538.4189200000,0.2000000000,0.3500000000,0.3000000000,3.0000000000,1.0000000000,102,113,100,110,101,110
4317,neighbor,False,MINIMUM_MAIN_STEEL,999999999.0000000000,8538.4189200000,0.2250000000,0.4000000000,0.3000000000,2.5000000000,0.8000000000,104,111,100,110,100,112
4318,neighbor,False,ENVELOPE_BASE_CONTACT,999999999.0000000000,8538.4189200000,0.2500000000,0.4000000000,0.3000000000,2.5000000000,0.9000000000,103,110,104,113,104,113
4319,neighbor,False,MINIMUM_MAIN_STEEL,999999999.0000000000,8538.4189200000,0.2000000000,0.3000000000,0.3000000000,3.0000000000,0.9000000000,103,110,100,112,103,112
4320,neighbor,False,MINIMUM_MAIN_STEEL,999999999.0000000000,8538.4189200000,0.2000000000,0.3000000000,0.3000000000,3.0000000000,0.8000000000,100,111,100,113,100,113
4321,neighbor,True,PASS_IMPLEMENTED_PROJECT_CHECKS,8720.8534800000,8538.4189200000,0.2000000000,0.4000000000,0.3000000000,3.0000000000,0.8000000000,101,110,103,113,101,110
4322,neighbor,False,MEMBER_FLEXURE,999999999.0000000000,8538.4189200000,0.2000000000,0.4000000000,0.3000000000,3.0000000000,0.9000000000,101,110,104,113,102,113
4323,neighbor,False,MINIMUM_MAIN_STEEL,999999999.0000000000,8538.4189200000,0.2250000000,0.3000000000,0.3000000000,3.0000000000,0.8000000000,104,112,100,113,103,112
4324,neighbor,True,PASS_IMPLEMENTED_PROJECT_CHECKS,8727.2949600000,8538.4189200000,0.2000000000,0.4000000000,0.3000000000,3.0000000000,1.0000000000,101,110,101,110,101,110
4325,neighbor,False,MINIMUM_MAIN_STEEL,999999999.0000000000,8538.4189200000,0.2250000000,0.4000000000,0.3000000000,2.5000000000,1.0000000000,100,113,102,110,103,110
4326,neighbor,False,MEMBER_FLEXURE,999999999.0000000000,8538.4189200000,0.2500000000,0.4000000000,0.3000000000,3.0000000000,0.8000000000,104,113,104,113,100,110
4327,neighbor,False,ENVELOPE_BASE_CONTACT,999999999.0000000000,8538.4189200000,0.2000000000,0.4000000000,0.3000000000,2.5000000000,1.0000000000,104,113,104,111,104,111
4328,neighbor,True,PASS_IMPLEMENTED_PROJECT_CHECKS,8582.2506000000,8538.4189200000,0.2000000000,0.4000000000,0.3000000000,3.0000000000,1.0000000000,101,110,102,113,103,113
4329,neighbor,False,STEM_STRESS_OR_INTERVAL_BOUND,999999999.0000000000,8538.4189200000,0.2250000000,0.3500000000,0.3000000000,3.0000000000,1.0000000000,102,113,102,112,104,112
4330,neighbor,False,ENVELOPE_BASE_CONTACT,999999999.0000000000,8538.4189200000,0.2000000000,0.4000000000,0.3000000000,2.5000000000,1.0000000000,103,110,101,110,104,113
4331,neighbor,False,MAXIMUM_MAIN_STEEL,999999999.0000000000,8538.4189200000,0.2250000000,0.3500000000,0.3000000000,3.0000000000,1.0000000000,104,111,101,111,101,113
4332,neighbor,False,STEM_STRESS_OR_INTERVAL_BOUND,999999999.0000000000,8538.4189200000,0.2500000000,0.4000000000,0.3000000000,3.0000000000,1.0000000000,101,111,102,113,103,113
4333,neighbor,False,MINIMUM_MAIN_STEEL,999999999.0000000000,8538.4189200000,0.2000000000,0.4000000000,0.3000000000,2.5000000000,0.9000000000,104,112,100,113,104,111
4334,neighbor,False,MAXIMUM_MAIN_STEEL,999999999.0000000000,8538.4189200000,0.2500000000,0.4000000000,0.3000000000,3.0000000000,1.0000000000,103,112,104,111,104,110
4335,neighbor,False,MINIMUM_MAIN_STEEL,999999999.0000000000,8538.4189200000,0.2000000000,0.4000000000,0.3000000000,3.0000000000,1.0000000000,101,110,100,112,103,113
4336,neighbor,False,MINIMUM_MAIN_STEEL,999999999.0000000000,8538.4189200000,0.2500000000,0.4000000000,0.3000000000,3.0000000000,1.0000000000,102,111,100,113,100,110
4337,neighbor,True,PASS_IMPLEMENTED_PROJECT_CHECKS,9079.0096400000,8538.4189200000,0.2000000000,0.4000000000,0.3000000000,3.0000000000,1.0000000000,101,110,104,111,103,113
4338,neighbor,False,MEMBER_FLEXURE,999999999.0000000000,8538.4189200000,0.2000000000,0.4000000000,0.3000000000,3.0000000000,1.0000000000,101,110,102,113,100,111
4339,neighbor,False,MAXIMUM_MAIN_STEEL,999999999.0000000000,8538.4189200000,0.2000000000,0.3000000000,0.3000000000,3.0000000000,1.0000000000,102,110,102,113,103,113
4340,neighbor,False,MINIMUM_MAIN_STEEL,999999999.0000000000,8538.4189200000,0.2000000000,0.4000000000,0.3000000000,3.0000000000,1.0000000000,101,110,100,111,100,112
4341,neighbor,False,ENVELOPE_BASE_CONTACT,999999999.0000000000,8538.4189200000,0.2000000000,0.4000000000,0.3000000000,2.5000000000,0.9000000000,101,110,104,110,101,113
4342,neighbor,False,MINIMUM_MAIN_STEEL,999999999.0000000000,8538.4189200000,0.2000000000,0.4000000000,0.3000000000,2.5000000000,0.9000000000,101,110,102,113,100,113
4343,neighbor,False,MINIMUM_MAIN_STEEL,999999999.0000000000,8538.4189200000,0.2000000000,0.3500000000,0.3000000000,2.5000000000,1.0000000000,100,113,103,113,102,112
4344,neighbor,False,STEM_STRESS_OR_INTERVAL_BOUND,999999999.0000000000,8538.4189200000,0.2000000000,0.4000000000,0.3000000000,3.0000000000,1.0000000000,101,111,104,111,103,110
4345,neighbor,False,MINIMUM_MAIN_STEEL,999999999.0000000000,8538.4189200000,0.2000000000,0.4000000000,0.3000000000,3.0000000000,1.0000000000,103,110,100,111,100,112
4346,neighbor,True,PASS_IMPLEMENTED_PROJECT_CHECKS,9429.0831000000,8538.4189200000,0.2000000000,0.4000000000,0.3000000000,3.0000000000,1.0000000000,101,110,102,113,103,110
4347,neighbor,False,MINIMUM_MAIN_STEEL,999999999.0000000000,8538.4189200000,0.2000000000,0.4000000000,0.3000000000,3.0000000000,1.0000000000,101,110,102,113,100,112
4348,neighbor,False,MINIMUM_MAIN_STEEL,999999999.0000000000,8538.4189200000,0.2250000000,0.4000000000,0.3000000000,2.5000000000,1.0000000000,100,110,103,113,100,110
4349,neighbor,True,PASS_IMPLEMENTED_PROJECT_CHECKS,9302.4201580000,8538.4189200000,0.2250000000,0.4000000000,0.3000000000,3.0000000000,0.8000000000,104,113,100,110,104,113
4350,neighbor,False,MINIMUM_MAIN_STEEL,999999999.0000000000,8538.4189200000,0.2000000000,0.4000000000,0.3000000000,2.5000000000,1.0000000000,100,111,102,110,102,112
4351,neighbor,False,ENVELOPE_BASE_CONTACT,999999999.0000000000,8538.4189200000,0.2000000000,0.4000000000,0.3000000000,2.5000000000,0.9000000000,104,112,103,110,103,112
4352,neighbor,False,MAXIMUM_MAIN_STEEL,999999999.0000000000,8538.4189200000,0.2000000000,0.4000000000,0.3000000000,3.0000000000,1.0000000000,103,111,103,110,103,110
4353,neighbor,True,PASS_IMPLEMENTED_PROJECT_CHECKS,8969.2021500000,8538.4189200000,0.2000000000,0.4000000000,0.3000000000,3.0000000000,1.0000000000,103,112,102,113,103,113
4354,neighbor,False,MINIMUM_MAIN_STEEL,999999999.0000000000,8538.4189200000,0.2000000000,0.4000000000,0.3000000000,3.0000000000,0.8000000000,104,113,100,113,104,110
4355,neighbor,False,ENVELOPE_BASE_CONTACT,999999999.0000000000,8538.4189200000,0.2000000000,0.3000000000,0.3000000000,2.5000000000,0.9000000000,102,110,100,110,100,111
4356,neighbor,False,STEM_STRESS_OR_INTERVAL_BOUND,999999999.0000000000,8538.4189200000,0.2000000000,0.4000000000,0.3000000000,3.0000000000,1.0000000000,103,113,103,110,100,111
4357,neighbor,False,MAXIMUM_MAIN_STEEL,999999999.0000000000,8538.4189200000,0.2000000000,0.3500000000,0.3000000000,3.0000000000,1.0000000000,104,111,102,113,103,113
4358,neighbor,False,ENVELOPE_BASE_CONTACT,999999999.0000000000,8538.4189200000,0.2500000000,0.3500000000,0.3000000000,2.5000000000,0.9000000000,100,110,100,110,104,110
4359,neighbor,False,MAXIMUM_MAIN_STEEL,999999999.0000000000,8538.4189200000,0.2000000000,0.3000000000,0.3000000000,3.0000000000,1.0000000000,102,110,101,110,101,113
4360,neighbor,False,MINIMUM_MAIN_STEEL,999999999.0000000000,8538.4189200000,0.2000000000,0.4000000000,0.3000000000,3.0000000000,1.0000000000,101,112,102,113,103,113
4361,neighbor,False,MINIMUM_MAIN_STEEL,999999999.0000000000,8538.4189200000,0.2000000000,0.3000000000,0.3000000000,2.5000000000,1.0000000000,100,111,104,113,103,110
4362,neighbor,False,STEM_STRESS_OR_INTERVAL_BOUND,999999999.0000000000,8538.4189200000,0.2500000000,0.3000000000,0.3000000000,3.0000000000,1.0000000000,103,113,101,112,101,111
4363,neighbor,False,MEMBER_FLEXURE,999999999.0000000000,8538.4189200000,0.2500000000,0.3500000000,0.3000000000,3.0000000000,1.0000000000,103,111,100,111,104,112
4364,neighbor,True,PASS_IMPLEMENTED_PROJECT_CHECKS,8723.3893500000,8538.4189200000,0.2000000000,0.4000000000,0.3000000000,3.0000000000,1.0000000000,101,110,102,113,103,112
4365,neighbor,False,STEM_STRESS_OR_INTERVAL_BOUND,999999999.0000000000,8538.4189200000,0.2000000000,0.3500000000,0.3000000000,3.0000000000,0.8000000000,103,113,102,111,102,111
4366,neighbor,False,MEMBER_FLEXURE,999999999.0000000000,8538.4189200000,0.2000000000,0.4000000000,0.3000000000,3.0000000000,0.8000000000,101,110,101,111,101,111
4367,neighbor,False,MINIMUM_MAIN_STEEL,999999999.0000000000,8538.4189200000,0.2000000000,0.4000000000,0.3000000000,2.5000000000,1.0000000000,101,110,102,111,100,112
4368,neighbor,True,PASS_IMPLEMENTED_PROJECT_CHECKS,8933.8172000000,8538.4189200000,0.2000000000,0.4000000000,0.3000000000,3.0000000000,1.0000000000,101,110,103,111,103,113
4369,neighbor,False,STEM_STRESS_OR_INTERVAL_BOUND,999999999.0000000000,8538.4189200000,0.2000000000,0.4000000000,0.3000000000,3.0000000000,1.0000000000,102,112,104,110,104,113
4370,neighbor,False,MINIMUM_MAIN_STEEL,999999999.0000000000,8538.4189200000,0.2250000000,0.4000000000,0.3000000000,2.5000000000,1.0000000000,101,112,104,110,104,113
4371,neighbor,False,MEMBER_FLEXURE,999999999.0000000000,8538.4189200000,0.2000000000,0.4000000000,0.3000000000,3.0000000000,1.0000000000,101,110,102,113,101,111
4372,neighbor,False,MINIMUM_MAIN_STEEL,999999999.0000000000,8538.4189200000,0.2250000000,0.3000000000,0.3000000000,2.5000000000,1.0000000000,102,113,103,111,100,112
4373,neighbor,False,MINIMUM_MAIN_STEEL,999999999.0000000000,8538.4189200000,0.2000000000,0.4000000000,0.3000000000,3.0000000000,1.0000000000,102,111,100,112,104,113
4374,neighbor,True,PASS_IMPLEMENTED_PROJECT_CHECKS,8950.2047200000,8538.4189200000,0.2000000000,0.4000000000,0.3000000000,3.0000000000,1.0000000000,102,111,101,112,102,110
4375,neighbor,False,STEM_STRESS_OR_INTERVAL_BOUND,999999999.0000000000,8538.4189200000,0.2500000000,0.3000000000,0.3000000000,3.0000000000,1.0000000000,104,112,102,113,103,113
4376,neighbor,False,MAXIMUM_MAIN_STEEL,999999999.0000000000,8538.4189200000,0.2000000000,0.4000000000,0.3000000000,3.0000000000,1.0000000000,104,111,102,113,103,113
4377,neighbor,True,PASS_IMPLEMENTED_PROJECT_CHECKS,8881.0020000000,8538.4189200000,0.2000000000,0.4000000000,0.3000000000,3.0000000000,1.0000000000,101,110,100,110,104,112
4378,neighbor,False,MINIMUM_MAIN_STEEL,999999999.0000000000,8538.4189200000,0.2500000000,0.3500000000,0.3000000000,3.0000000000,1.0000000000,100,111,101,111,100,112
4379,neighbor,False,MINIMUM_MAIN_STEEL,999999999.0000000000,8538.4189200000,0.2000000000,0.4000000000,0.3000000000,3.0000000000,1.0000000000,101,110,102,113,100,113
4380,neighbor,False,MINIMUM_MAIN_STEEL,999999999.0000000000,8538.4189200000,0.2250000000,0.3500000000,0.3000000000,3.0000000000,1.0000000000,102,110,100,113,102,112
4381,neighbor,False,MEMBER_FLEXURE,999999999.0000000000,8538.4189200000,0.2000000000,0.4000000000,0.3000000000,3.0000000000,1.0000000000,101,110,101,113,103,113
4382,neighbor,False,ENVELOPE_BASE_CONTACT,999999999.0000000000,8538.4189200000,0.2000000000,0.4000000000,0.3000000000,2.5000000000,0.8000000000,101,110,100,111,101,113
4383,neighbor,False,MINIMUM_MAIN_STEEL,999999999.0000000000,8538.4189200000,0.2500000000,0.3000000000,0.3000000000,3.0000000000,1.0000000000,101,111,101,112,100,112
4384,neighbor,False,MINIMUM_MAIN_STEEL,999999999.0000000000,8538.4189200000,0.2000000000,0.4000000000,0.3000000000,3.0000000000,1.0000000000,103,113,104,111,100,113
4385,neighbor,False,MAXIMUM_MAIN_STEEL,999999999.0000000000,8538.4189200000,0.2000000000,0.4000000000,0.3000000000,3.0000000000,1.0000000000,102,110,102,112,100,110
4386,neighbor,False,MINIMUM_MAIN_STEEL,999999999.0000000000,8538.4189200000,0.2500000000,0.4000000000,0.3000000000,2.5000000000,0.9000000000,100,113,104,113,102,112
4387,neighbor,False,STEM_STRESS_OR_INTERVAL_BOUND,999999999.0000000000,8538.4189200000,0.2500000000,0.4000000000,0.3000000000,3.0000000000,1.0000000000,101,111,102,113,103,113
4388,neighbor,False,MINIMUM_MAIN_STEEL,999999999.0000000000,8538.4189200000,0.2000000000,0.4000000000,0.3000000000,3.0000000000,0.8000000000,101,111,100,112,102,110
4389,neighbor,False,MINIMUM_MAIN_STEEL,999999999.0000000000,8538.4189200000,0.2250000000,0.4000000000,0.3000000000,2.5000000000,1.0000000000,100,112,101,110,101,113
4390,neighbor,False,MINIMUM_MAIN_STEEL,999999999.0000000000,8538.4189200000,0.2000000000,0.3000000000,0.3000000000,3.0000000000,1.0000000000,100,113,102,113,103,113
4391,neighbor,False,MAXIMUM_MAIN_STEEL,999999999.0000000000,8538.4189200000,0.2000000000,0.4000000000,0.3000000000,3.0000000000,0.9000000000,104,113,104,110,103,113
4392,neighbor,False,MINIMUM_MAIN_STEEL,999999999.0000000000,8538.4189200000,0.2500000000,0.3500000000,0.3000000000,3.0000000000,1.0000000000,100,112,102,112,102,110
4393,neighbor,False,MAXIMUM_MAIN_STEEL,999999999.0000000000,8538.4189200000,0.2000000000,0.4000000000,0.3000000000,3.0000000000,1.0000000000,104,111,100,111,104,113
4394,neighbor,False,MINIMUM_MAIN_STEEL,999999999.0000000000,8538.4189200000,0.2000000000,0.4000000000,0.3000000000,3.0000000000,1.0000000000,101,110,103,111,100,112
4395,neighbor,False,STEM_STRESS_OR_INTERVAL_BOUND,999999999.0000000000,8538.4189200000,0.2000000000,0.3000000000,0.3000000000,3.0000000000,1.0000000000,101,111,103,111,104,113
4396,neighbor,False,ENVELOPE_BASE_CONTACT,999999999.0000000000,8538.4189200000,0.2000000000,0.4000000000,0.3000000000,2.5000000000,1.0000000000,102,113,101,110,101,112
4397,neighbor,False,STEM_STRESS_OR_INTERVAL_BOUND,999999999.0000000000,8538.4189200000,0.2000000000,0.4000000000,0.3000000000,3.0000000000,1.0000000000,102,112,100,110,100,111
4398,neighbor,True,PASS_IMPLEMENTED_PROJECT_CHECKS,8933.8172000000,8538.4189200000,0.2000000000,0.4000000000,0.3000000000,3.0000000000,1.0000000000,101,110,103,111,103,113
4399,neighbor,False,MINIMUM_MAIN_STEEL,999999999.0000000000,8538.4189200000,0.2000000000,0.4000000000,0.3000000000,3.0000000000,1.0000000000,101,112,102,113,103,113
4400,neighbor,True,PASS_IMPLEMENTED_PROJECT_CHECKS,8804.6852700000,8538.4189200000,0.2000000000,0.4000000000,0.3000000000,3.0000000000,1.0000000000,101,110,103,112,101,110
4401,neighbor,False,STEM_STRESS_OR_INTERVAL_BOUND,999999999.0000000000,8538.4189200000,0.2000000000,0.4000000000,0.3000000000,3.0000000000,1.0000000000,102,113,102,113,103,113
4402,neighbor,False,MINIMUM_MAIN_STEEL,999999999.0000000000,8538.4189200000,0.2000000000,0.4000000000,0.3000000000,2.5000000000,1.0000000000,101,112,104,112,102,113
4403,neighbor,False,MINIMUM_MAIN_STEEL,999999999.0000000000,8538.4189200000,0.2250000000,0.4000000000,0.3000000000,3.0000000000,1.0000000000,102,110,100,112,102,110
4404,neighbor,False,ENVELOPE_BASE_CONTACT,999999999.0000000000,8538.4189200000,0.2000000000,0.3500000000,0.3000000000,2.5000000000,0.9000000000,102,111,102,110,101,113
4405,neighbor,True,PASS_IMPLEMENTED_PROJECT_CHECKS,9399.6768800000,8538.4189200000,0.2000000000,0.4000000000,0.3000000000,3.0000000000,1.0000000000,101,110,104,111,104,112
4406,neighbor,False,STEM_STRESS_OR_INTERVAL_BOUND,999999999.0000000000,8538.4189200000,0.2500000000,0.3000000000,0.3000000000,3.0000000000,1.0000000000,102,112,102,113,103,113
4407,neighbor,True,PASS_IMPLEMENTED_PROJECT_CHECKS,8538.4189200000,8538.4189200000,0.2000000000,0.4000000000,0.3000000000,3.0000000000,1.0000000000,101,110,101,112,103,113
4408,neighbor,False,MEMBER_FLEXURE,999999999.0000000000,8538.4189200000,0.2000000000,0.4000000000,0.3000000000,3.0000000000,1.0000000000,102,111,100,111,104,112
4409,neighbor,False,MAXIMUM_MAIN_STEEL,999999999.0000000000,8538.4189200000,0.2000000000,0.4000000000,0.3000000000,3.0000000000,0.9000000000,104,112,104,110,104,113
4410,neighbor,False,ENVELOPE_BASE_CONTACT,999999999.0000000000,8538.4189200000,0.2000000000,0.4000000000,0.3000000000,2.5000000000,1.0000000000,101,110,102,112,104,110
4411,neighbor,False,STEM_STRESS_OR_INTERVAL_BOUND,999999999.0000000000,8538.4189200000,0.2500000000,0.3500000000,0.3000000000,3.0000000000,1.0000000000,101,110,103,113,104,110
4412,neighbor,False,STEM_STRESS_OR_INTERVAL_BOUND,999999999.0000000000,8538.4189200000,0.2000000000,0.4000000000,0.3000000000,3.0000000000,1.0000000000,103,113,101,112,103,113
4413,neighbor,False,ENVELOPE_BASE_CONTACT,999999999.0000000000,8538.4189200000,0.2500000000,0.4000000000,0.3000000000,2.5000000000,1.0000000000,104,112,103,112,103,110
4414,neighbor,False,MEMBER_FLEXURE,999999999.0000000000,8538.4189200000,0.2000000000,0.4000000000,0.3000000000,3.0000000000,1.0000000000,101,110,101,112,100,111
4415,neighbor,False,MEMBER_FLEXURE,999999999.0000000000,8538.4189200000,0.2000000000,0.4000000000,0.3000000000,3.0000000000,1.0000000000,101,110,101,113,103,113
4416,neighbor,False,STEM_STRESS_OR_INTERVAL_BOUND,999999999.0000000000,8538.4189200000,0.2250000000,0.3000000000,0.3000000000,3.0000000000,0.8000000000,101,110,101,111,104,110
4417,neighbor,False,MINIMUM_MAIN_STEEL,999999999.0000000000,8538.4189200000,0.2000000000,0.4000000000,0.3000000000,3.0000000000,1.0000000000,100,112,101,112,103,113
4418,neighbor,False,ENVELOPE_BASE_CONTACT,999999999.0000000000,8538.4189200000,0.2000000000,0.4000000000,0.3000000000,2.5000000000,1.0000000000,101,111,103,111,103,111
4419,neighbor,False,MINIMUM_MAIN_STEEL,999999999.0000000000,8538.4189200000,0.2000000000,0.4000000000,0.3000000000,3.0000000000,1.0000000000,100,111,101,112,103,113
4420,neighbor,False,ENVELOPE_BASE_CONTACT,999999999.0000000000,8538.4189200000,0.2250000000,0.4000000000,0.3000000000,2.5000000000,0.9000000000,104,111,103,113,101,110
4421,neighbor,False,ENVELOPE_BASE_CONTACT,999999999.0000000000,8538.4189200000,0.2250000000,0.4000000000,0.3000000000,2.5000000000,1.0000000000,103,112,104,113,101,112
4422,neighbor,True,PASS_IMPLEMENTED_PROJECT_CHECKS,8713.7456400000,8538.4189200000,0.2000000000,0.4000000000,0.3000000000,3.0000000000,1.0000000000,101,110,101,110,103,113
4423,neighbor,True,PASS_IMPLEMENTED_PROJECT_CHECKS,8538.4189200000,8538.4189200000,0.2000000000,0.4000000000,0.3000000000,3.0000000000,1.0000000000,101,110,101,112,103,113
4424,neighbor,True,PASS_IMPLEMENTED_PROJECT_CHECKS,8932.9040400000,8538.4189200000,0.2000000000,0.4000000000,0.3000000000,3.0000000000,1.0000000000,104,113,101,112,103,113
4425,neighbor,True,PASS_IMPLEMENTED_PROJECT_CHECKS,8932.9040400000,8538.4189200000,0.2000000000,0.4000000000,0.3000000000,3.0000000000,1.0000000000,104,113,101,112,103,113
4426,neighbor,False,MINIMUM_MAIN_STEEL,999999999.0000000000,8538.4189200000,0.2500000000,0.3500000000,0.3000000000,2.5000000000,0.8000000000,100,113,101,111,101,112
4427,neighbor,False,ENVELOPE_BASE_CONTACT,999999999.0000000000,8538.4189200000,0.2000000000,0.3000000000,0.3000000000,2.5000000000,1.0000000000,101,113,102,111,103,113
4428,neighbor,False,MINIMUM_MAIN_STEEL,999999999.0000000000,8538.4189200000,0.2000000000,0.4000000000,0.3000000000,3.0000000000,1.0000000000,101,113,104,111,104,111
4429,neighbor,False,MINIMUM_MAIN_STEEL,999999999.0000000000,8538.4189200000,0.2000000000,0.3500000000,0.3000000000,3.0000000000,1.0000000000,100,111,100,112,102,111
4430,neighbor,False,MINIMUM_MAIN_STEEL,999999999.0000000000,8538.4189200000,0.2000000000,0.4000000000,0.3000000000,3.0000000000,1.0000000000,100,113,101,112,103,113
4431,neighbor,False,MINIMUM_MAIN_STEEL,999999999.0000000000,8538.4189200000,0.2250000000,0.3000000000,0.3000000000,3.0000000000,1.0000000000,102,111,101,111,100,113
4432,neighbor,False,MINIMUM_MAIN_STEEL,999999999.0000000000,8538.4189200000,0.2500000000,0.4000000000,0.3000000000,2.5000000000,1.0000000000,103,110,100,113,103,112
4433,neighbor,False,STEM_STRESS_OR_INTERVAL_BOUND,999999999.0000000000,8538.4189200000,0.2000000000,0.3000000000,0.3000000000,3.0000000000,0.9000000000,101,110,102,111,102,112
4434,neighbor,False,MINIMUM_MAIN_STEEL,999999999.0000000000,8538.4189200000,0.2000000000,0.3000000000,0.3000000000,2.5000000000,1.0000000000,100,113,103,113,100,110
4435,neighbor,False,MINIMUM_MAIN_STEEL,999999999.0000000000,8538.4189200000,0.2000000000,0.4000000000,0.3000000000,2.5000000000,1.0000000000,100,113,104,111,104,112
4436,neighbor,False,MAXIMUM_MAIN_STEEL,999999999.0000000000,8538.4189200000,0.2000000000,0.4000000000,0.3000000000,3.0000000000,1.0000000000,102,110,101,111,104,110
4437,neighbor,False,MINIMUM_MAIN_STEEL,999999999.0000000000,8538.4189200000,0.2000000000,0.4000000000,0.3000000000,3.0000000000,1.0000000000,101,113,103,112,101,112
4438,neighbor,False,ENVELOPE_BASE_CONTACT,999999999.0000000000,8538.4189200000,0.2000000000,0.3500000000,0.3000000000,2.5000000000,1.0000000000,101,111,102,111,100,111
4439,neighbor,False,MAXIMUM_MAIN_STEEL,999999999.0000000000,8538.4189200000,0.2000000000,0.4000000000,0.3000000000,3.0000000000,1.0000000000,104,112,101,112,103,113
4440,neighbor,False,MINIMUM_MAIN_STEEL,999999999.0000000000,8538.4189200000,0.2000000000,0.4000000000,0.3000000000,3.0000000000,0.9000000000,101,110,100,110,100,112
4441,neighbor,False,MEMBER_FLEXURE,999999999.0000000000,8538.4189200000,0.2250000000,0.4000000000,0.3000000000,3.0000000000,0.8000000000,103,112,100,110,100,111
4442,neighbor,False,MINIMUM_MAIN_STEEL,999999999.0000000000,8538.4189200000,0.2000000000,0.4000000000,0.3000000000,3.0000000000,1.0000000000,100,113,101,112,103,113
4443,neighbor,False,MINIMUM_MAIN_STEEL,999999999.0000000000,8538.4189200000,0.2500000000,0.4000000000,0.3000000000,3.0000000000,0.9000000000,104,113,100,113,100,112
4444,neighbor,False,ENVELOPE_BASE_CONTACT,999999999.0000000000,8538.4189200000,0.2000000000,0.4000000000,0.3000000000,2.5000000000,0.9000000000,102,112,103,113,104,111
4445,neighbor,False,STEM_STRESS_OR_INTERVAL_BOUND,999999999.0000000000,8538.4189200000,0.2000000000,0.4000000000,0.3000000000,3.0000000000,0.8000000000,103,113,103,112,102,111
4446,neighbor,False,MEMBER_FLEXURE,999999999.0000000000,8538.4189200000,0.2000000000,0.4000000000,0.3000000000,3.0000000000,1.0000000000,101,110,102,113,101,111
4447,neighbor,False,MINIMUM_MAIN_STEEL,999999999.0000000000,8538.4189200000,0.2000000000,0.3500000000,0.3000000000,3.0000000000,1.0000000000,100,111,101,112,103,113
4448,neighbor,False,MINIMUM_MAIN_STEEL,999999999.0000000000,8538.4189200000,0.2000000000,0.4000000000,0.3000000000,3.0000000000,0.8000000000,101,113,100,110,101,111
4449,neighbor,False,ENVELOPE_BASE_CONTACT,999999999.0000000000,8538.4189200000,0.2000000000,0.4000000000,0.3000000000,2.5000000000,1.0000000000,101,110,102,111,104,111
4450,neighbor,False,MINIMUM_MAIN_STEEL,999999999.0000000000,8538.4189200000,0.2000000000,0.4000000000,0.3000000000,3.0000000000,1.0000000000,101,110,100,112,103,113
4451,neighbor,False,ENVELOPE_BASE_CONTACT,999999999.0000000000,8538.4189200000,0.2000000000,0.4000000000,0.3000000000,2.5000000000,1.0000000000,101,110,103,112,103,113
4452,neighbor,False,MAXIMUM_MAIN_STEEL,999999999.0000000000,8538.4189200000,0.2000000000,0.4000000000,0.3000000000,3.0000000000,1.0000000000,104,112,101,112,103,113
4453,neighbor,False,ENVELOPE_BASE_CONTACT,999999999.0000000000,8538.4189200000,0.2000000000,0.4000000000,0.3000000000,2.5000000000,1.0000000000,103,111,101,110,104,112
4454,neighbor,False,MINIMUM_MAIN_STEEL,999999999.0000000000,8538.4189200000,0.2000000000,0.4000000000,0.3000000000,3.0000000000,1.0000000000,104,112,100,112,101,113
4455,neighbor,True,PASS_IMPLEMENTED_PROJECT_CHECKS,8538.4189200000,8538.4189200000,0.2000000000,0.4000000000,0.3000000000,3.0000000000,1.0000000000,101,110,101,112,103,113
4456,neighbor,False,MAXIMUM_MAIN_STEEL,999999999.0000000000,8538.4189200000,0.2000000000,0.4000000000,0.3000000000,3.0000000000,1.0000000000,103,110,104,111,101,112
4457,neighbor,True,PASS_IMPLEMENTED_PROJECT_CHECKS,9154.1602400000,8538.4189200000,0.2000000000,0.4000000000,0.3000000000,3.0000000000,1.0000000000,101,110,101,112,104,111
4458,neighbor,False,MINIMUM_MAIN_STEEL,999999999.0000000000,8538.4189200000,0.2000000000,0.3000000000,0.3000000000,3.0000000000,1.0000000000,101,111,100,112,100,111
4459,neighbor,False,MINIMUM_MAIN_STEEL,999999999.0000000000,8538.4189200000,0.2500000000,0.4000000000,0.3000000000,3.0000000000,1.0000000000,104,113,100,112,100,111
4460,neighbor,False,MINIMUM_MAIN_STEEL,999999999.0000000000,8538.4189200000,0.2000000000,0.3500000000,0.3000000000,3.0000000000,0.8000000000,104,112,100,112,100,112
4461,neighbor,False,MEMBER_FLEXURE,999999999.0000000000,8538.4189200000,0.2250000000,0.3500000000,0.3000000000,3.0000000000,1.0000000000,103,111,101,111,100,110
4462,neighbor,True,PASS_IMPLEMENTED_PROJECT_CHECKS,8679.5576700000,8538.4189200000,0.2000000000,0.4000000000,0.3000000000,3.0000000000,1.0000000000,101,110,101,112,103,112
4463,neighbor,False,MAXIMUM_MAIN_STEEL,999999999.0000000000,8538.4189200000,0.2000000000,0.4000000000,0.3000000000,3.0000000000,1.0000000000,104,110,101,112,103,113
4464,neighbor,False,STEM_STRESS_OR_INTERVAL_BOUND,999999999.0000000000,8538.4189200000,0.2250000000,0.3000000000,0.3000000000,3.0000000000,1.0000000000,103,113,104,113,102,111
4465,neighbor,False,MAXIMUM_MAIN_STEEL,999999999.0000000000,8538.4189200000,0.2000000000,0.3000000000,0.3000000000,3.0000000000,0.8000000000,103,111,104,111,104,112
4466,neighbor,True,PASS_IMPLEMENTED_PROJECT_CHECKS,8596.5896800000,8538.4189200000,0.2000000000,0.4000000000,0.3000000000,3.0000000000,0.9000000000,101,110,101,112,102,111
4467,neighbor,True,PASS_IMPLEMENTED_PROJECT_CHECKS,8538.4189200000,8538.4189200000,0.2000000000,0.4000000000,0.3000000000,3.0000000000,1.0000000000,101,110,101,112,103,113
4468,neighbor,False,ENVELOPE_BASE_CONTACT,999999999.0000000000,8538.4189200000,0.2250000000,0.4000000000,0.3000000000,2.5000000000,0.9000000000,104,111,101,110,104,111
4469,neighbor,False,MAXIMUM_MAIN_STEEL,999999999.0000000000,8538.4189200000,0.2000000000,0.4000000000,0.3000000000,3.0000000000,1.0000000000,104,110,101,111,101,111
4470,neighbor,True,PASS_IMPLEMENTED_PROJECT_CHECKS,9079.0096400000,8538.4189200000,0.2000000000,0.4000000000,0.3000000000,3.0000000000,1.0000000000,101,110,104,111,103,113
4471,neighbor,False,MINIMUM_MAIN_STEEL,999999999.0000000000,8538.4189200000,0.2500000000,0.4000000000,0.3000000000,3.0000000000,1.0000000000,100,110,104,113,101,112
4472,neighbor,False,MAXIMUM_MAIN_STEEL,999999999.0000000000,8538.4189200000,0.2000000000,0.4000000000,0.3000000000,3.0000000000,0.9000000000,103,111,104,113,102,112
4473,neighbor,False,STEM_STRESS_OR_INTERVAL_BOUND,999999999.0000000000,8538.4189200000,0.2000000000,0.4000000000,0.3000000000,3.0000000000,1.0000000000,103,113,104,112,102,110
4474,neighbor,False,MAXIMUM_MAIN_STEEL,999999999.0000000000,8538.4189200000,0.2000000000,0.4000000000,0.3000000000,3.0000000000,1.0000000000,104,110,101,112,103,113
4475,neighbor,False,MEMBER_FLEXURE,999999999.0000000000,8538.4189200000,0.2000000000,0.4000000000,0.3000000000,3.0000000000,1.0000000000,101,110,101,112,100,111
4476,neighbor,False,MINIMUM_MAIN_STEEL,999999999.0000000000,8538.4189200000,0.2000000000,0.4000000000,0.3000000000,3.0000000000,1.0000000000,100,113,104,110,104,112
4477,neighbor,False,MEMBER_FLEXURE,999999999.0000000000,8538.4189200000,0.2250000000,0.3000000000,0.3000000000,3.0000000000,0.9000000000,102,110,104,111,101,112
4478,neighbor,False,MINIMUM_MAIN_STEEL,999999999.0000000000,8538.4189200000,0.2000000000,0.4000000000,0.3000000000,3.0000000000,0.9000000000,103,111,100,113,102,113
4479,neighbor,False,STEM_STRESS_OR_INTERVAL_BOUND,999999999.0000000000,8538.4189200000,0.2000000000,0.3500000000,0.3000000000,3.0000000000,1.0000000000,102,111,101,112,103,113
4480,neighbor,False,STEM_STRESS_OR_INTERVAL_BOUND,999999999.0000000000,8538.4189200000,0.2500000000,0.3000000000,0.3000000000,3.0000000000,1.0000000000,103,113,102,112,101,110
4481,neighbor,False,STEM_STRESS_OR_INTERVAL_BOUND,999999999.0000000000,8538.4189200000,0.2250000000,0.4000000000,0.3000000000,3.0000000000,1.0000000000,102,112,101,111,104,112
4482,neighbor,False,MEMBER_FLEXURE,999999999.0000000000,8538.4189200000,0.2000000000,0.4000000000,0.3000000000,3.0000000000,1.0000000000,101,110,101,112,101,112
4483,neighbor,True,PASS_IMPLEMENTED_PROJECT_CHECKS,8637.0402000000,8538.4189200000,0.2000000000,0.4000000000,0.3000000000,3.0000000000,1.0000000000,101,110,102,112,103,113
4484,neighbor,False,STEM_STRESS_OR_INTERVAL_BOUND,999999999.0000000000,8538.4189200000,0.2250000000,0.3500000000,0.3000000000,3.0000000000,1.0000000000,101,110,100,110,102,111
4485,neighbor,False,MINIMUM_MAIN_STEEL,999999999.0000000000,8538.4189200000,0.2250000000,0.4000000000,0.3000000000,2.5000000000,0.9000000000,101,113,102,110,104,111
4486,neighbor,True,PASS_IMPLEMENTED_PROJECT_CHECKS,8957.7074400000,8538.4189200000,0.2000000000,0.4000000000,0.3000000000,3.0000000000,1.0000000000,101,110,102,112,104,112
4487,neighbor,False,MINIMUM_MAIN_STEEL,999999999.0000000000,8538.4189200000,0.2000000000,0.4000000000,0.3000000000,3.0000000000,1.0000000000,100,112,101,112,103,113
4488,neighbor,False,STEM_STRESS_OR_INTERVAL_BOUND,999999999.0000000000,8538.4189200000,0.2000000000,0.3500000000,0.3000000000,3.0000000000,1.0000000000,102,111,101,112,103,113
4489,neighbor,False,MINIMUM_MAIN_STEEL,999999999.0000000000,8538.4189200000,0.2000000000,0.4000000000,0.3000000000,3.0000000000,1.0000000000,101,110,100,113,103,113
4490,neighbor,False,MINIMUM_MAIN_STEEL,999999999.0000000000,8538.4189200000,0.2000000000,0.4000000000,0.3000000000,2.5000000000,0.9000000000,103,112,100,113,101,113
4491,neighbor,False,MINIMUM_MAIN_STEEL,999999999.0000000000,8538.4189200000,0.2500000000,0.4000000000,0.3000000000,3.0000000000,1.0000000000,104,110,103,110,100,113
4492,neighbor,False,STEM_STRESS_OR_INTERVAL_BOUND,999999999.0000000000,8538.4189200000,0.2500000000,0.3500000000,0.3000000000,3.0000000000,1.0000000000,100,110,104,110,100,111
4493,neighbor,True,PASS_IMPLEMENTED_PROJECT_CHECKS,8914.7889200000,8538.4189200000,0.2000000000,0.4000000000,0.3000000000,3.0000000000,1.0000000000,101,110,101,112,103,111
4494,neighbor,True,PASS_IMPLEMENTED_PROJECT_CHECKS,8792.6426640000,8538.4189200000,0.2000000000,0.4000000000,0.3000000000,3.0000000000,1.0000000000,101,110,104,113,103,113
4495,neighbor,False,MAXIMUM_MAIN_STEEL,999999999.0000000000,8538.4189200000,0.2000000000,0.4000000000,0.3000000000,3.0000000000,1.0000000000,101,110,104,110,102,113
4496,neighbor,False,MINIMUM_MAIN_STEEL,999999999.0000000000,8538.4189200000,0.2000000000,0.4000000000,0.3000000000,3.0000000000,1.0000000000,101,110,101,112,100,112
4497,neighbor,False,MEMBER_FLEXURE,999999999.0000000000,8538.4189200000,0.2000000000,0.4000000000,0.3000000000,3.0000000000,1.0000000000,101,110,101,113,103,113
4498,neighbor,False,ENVELOPE_BASE_CONTACT,999999999.0000000000,8538.4189200000,0.2000000000,0.4000000000,0.3000000000,2.5000000000,1.0000000000,101,110,103,110,104,113
4499,neighbor,False,STEM_STRESS_OR_INTERVAL_BOUND,999999999.0000000000,8538.4189200000,0.2000000000,0.3000000000,0.3000000000,3.0000000000,1.0000000000,102,113,100,111,104,111
4500,neighbor,False,MINIMUM_MAIN_STEEL,999999999.0000000000,8538.4189200000,0.2000000000,0.4000000000,0.3000000000,3.0000000000,1.0000000000,102,112,102,111,100,113
4501,neighbor,False,MAXIMUM_MAIN_STEEL,999999999.0000000000,8538.4189200000,0.2000000000,0.3000000000,0.3000000000,3.0000000000,1.0000000000,103,110,103,113,104,112
4502,neighbor,False,STEM_STRESS_OR_INTERVAL_BOUND,999999999.0000000000,8538.4189200000,0.2000000000,0.3000000000,0.3000000000,3.0000000000,1.0000000000,101,113,101,112,103,113
4503,neighbor,False,MINIMUM_MAIN_STEEL,999999999.0000000000,8538.4189200000,0.2000000000,0.4000000000,0.3000000000,3.0000000000,1.0000000000,100,110,101,112,103,113
4504,neighbor,False,ENVELOPE_BASE_CONTACT,999999999.0000000000,8538.4189200000,0.2500000000,0.4000000000,0.3000000000,2.5000000000,1.0000000000,101,111,103,110,103,111
4505,neighbor,False,ENVELOPE_BASE_CONTACT,999999999.0000000000,8538.4189200000,0.2000000000,0.4000000000,0.3000000000,2.5000000000,1.0000000000,104,113,101,111,101,110
4506,neighbor,False,MAXIMUM_MAIN_STEEL,999999999.0000000000,8538.4189200000,0.2500000000,0.3000000000,0.3000000000,3.0000000000,1.0000000000,103,110,102,113,104,112
4507,neighbor,False,STEM_STRESS_OR_INTERVAL_BOUND,999999999.0000000000,8538.4189200000,0.2000000000,0.3000000000,0.3000000000,3.0000000000,0.9000000000,103,113,104,110,103,111
4508,neighbor,False,MAXIMUM_MAIN_STEEL,999999999.0000000000,8538.4189200000,0.2000000000,0.4000000000,0.3000000000,3.0000000000,0.9000000000,102,110,103,111,103,112
4509,neighbor,False,MINIMUM_MAIN_STEEL,999999999.0000000000,8538.4189200000,0.2500000000,0.4000000000,0.3000000000,3.0000000000,0.9000000000,101,113,102,111,100,113
4510,neighbor,False,ENVELOPE_BASE_CONTACT,999999999.0000000000,8538.4189200000,0.2000000000,0.4000000000,0.3000000000,2.5000000000,0.8000000000,103,113,103,113,104,110
4511,neighbor,True,PASS_IMPLEMENTED_PROJECT_CHECKS,8560.3347600000,8538.4189200000,0.2000000000,0.4000000000,0.3000000000,3.0000000000,1.0000000000,101,110,100,110,103,113
4512,neighbor,False,ENVELOPE_BASE_CONTACT,999999999.0000000000,8538.4189200000,0.2250000000,0.4000000000,0.3000000000,2.5000000000,1.0000000000,103,112,100,110,103,111
4513,neighbor,False,MINIMUM_MAIN_STEEL,999999999.0000000000,8538.4189200000,0.2000000000,0.3000000000,0.3000000000,3.0000000000,1.0000000000,100,113,101,112,103,113
4514,neighbor,True,PASS_IMPLEMENTED_PROJECT_CHECKS,8713.7456400000,8538.4189200000,0.2000000000,0.4000000000,0.3000000000,3.0000000000,1.0000000000,101,110,101,110,103,113
4515,neighbor,False,MEMBER_FLEXURE,999999999.0000000000,8538.4189200000,0.2000000000,0.4000000000,0.3000000000,3.0000000000,1.0000000000,101,110,101,112,101,113
4516,neighbor,False,MINIMUM_MAIN_STEEL,999999999.0000000000,8538.4189200000,0.2500000000,0.3000000000,0.3000000000,3.0000000000,1.0000000000,103,113,100,113,100,112
4517,neighbor,False,MINIMUM_MAIN_STEEL,999999999.0000000000,8538.4189200000,0.2500000000,0.4000000000,0.3000000000,3.0000000000,0.9000000000,100,113,102,111,101,112
4518,neighbor,False,MINIMUM_MAIN_STEEL,999999999.0000000000,8538.4189200000,0.2250000000,0.3000000000,0.3000000000,2.5000000000,1.0000000000,100,113,102,110,104,111
4519,neighbor,False,MAXIMUM_MAIN_STEEL,999999999.0000000000,8538.4189200000,0.2000000000,0.4000000000,0.3000000000,3.0000000000,1.0000000000,104,112,100,111,103,111
4520,neighbor,False,MINIMUM_MAIN_STEEL,999999999.0000000000,8538.4189200000,0.2000000000,0.4000000000,0.3000000000,3.0000000000,1.0000000000,101,112,101,112,103,113
4521,neighbor,True,PASS_IMPLEMENTED_PROJECT_CHECKS,9573.9616120000,8538.4189200000,0.2500000000,0.4000000000,0.3000000000,3.0000000000,1.0000000000,104,113,102,111,104,113
4522,neighbor,False,STEM_STRESS_OR_INTERVAL_BOUND,999999999.0000000000,8538.4189200000,0.2000000000,0.4000000000,0.3000000000,3.0000000000,1.0000000000,103,113,102,111,103,110
4523,neighbor,True,PASS_IMPLEMENTED_PROJECT_CHECKS,8925.3704700000,8538.4189200000,0.2000000000,0.4000000000,0.3000000000,3.0000000000,1.0000000000,103,112,101,112,103,113
4524,neighbor,False,MINIMUM_MAIN_STEEL,999999999.0000000000,8538.4189200000,0.2000000000,0.4000000000,0.3000000000,2.5000000000,1.0000000000,100,111,101,112,100,113
4525,neighbor,True,PASS_IMPLEMENTED_PROJECT_CHECKS,9792.5254700000,8538.4189200000,0.2250000000,0.4000000000,0.3000000000,3.0000000000,1.0000000000,103,111,101,112,103,113
4526,neighbor,False,ENVELOPE_BASE_CONTACT,999999999.0000000000,8538.4189200000,0.2000000000,0.3000000000,0.3000000000,2.5000000000,1.0000000000,102,110,101,112,100,110
4527,neighbor,True,PASS_IMPLEMENTED_PROJECT_CHECKS,9079.0096400000,8538.4189200000,0.2000000000,0.4000000000,0.3000000000,3.0000000000,1.0000000000,101,110,104,111,103,113
4528,neighbor,False,MINIMUM_MAIN_STEEL,999999999.0000000000,8538.4189200000,0.2250000000,0.3500000000,0.3000000000,3.0000000000,1.0000000000,100,113,101,112,103,113
4529,neighbor,False,STEM_STRESS_OR_INTERVAL_BOUND,999999999.0000000000,8538.4189200000,0.2000000000,0.4000000000,0.3000000000,3.0000000000,1.0000000000,102,112,104,111,103,111
4530,neighbor,True,PASS_IMPLEMENTED_PROJECT_CHECKS,9079.1192200000,8538.4189200000,0.2250000000,0.4000000000,0.3000000000,3.0000000000,1.0000000000,103,112,101,112,103,113
4531,neighbor,False,MINIMUM_MAIN_STEEL,999999999.0000000000,8538.4189200000,0.2500000000,0.3500000000,0.3000000000,3.0000000000,1.0000000000,100,111,101,112,103,113
4532,neighbor,False,STEM_STRESS_OR_INTERVAL_BOUND,999999999.0000000000,8538.4189200000,0.2250000000,0.4000000000,0.3000000000,3.0000000000,1.0000000000,101,111,104,111,102,111
4533,neighbor,False,MINIMUM_MAIN_STEEL,999999999.0000000000,8538.4189200000,0.2000000000,0.4000000000,0.3000000000,3.0000000000,0.8000000000,100,113,104,112,104,111
4534,neighbor,False,MAXIMUM_MAIN_STEEL,999999999.0000000000,8538.4189200000,0.2000000000,0.4000000000,0.3000000000,3.0000000000,0.9000000000,103,110,101,113,102,113
4535,neighbor,True,PASS_IMPLEMENTED_PROJECT_CHECKS,8932.9040400000,8538.4189200000,0.2000000000,0.4000000000,0.3000000000,3.0000000000,1.0000000000,104,113,101,112,103,113
4536,neighbor,False,MINIMUM_MAIN_STEEL,999999999.0000000000,8538.4189200000,0.2250000000,0.3000000000,0.3000000000,3.0000000000,1.0000000000,103,111,101,112,100,113
4537,neighbor,True,PASS_IMPLEMENTED_PROJECT_CHECKS,8596.8611600000,8538.4189200000,0.2000000000,0.4000000000,0.3000000000,3.0000000000,1.0000000000,101,110,101,111,103,113
4538,neighbor,False,MINIMUM_MAIN_STEEL,999999999.0000000000,8538.4189200000,0.2000000000,0.4000000000,0.3000000000,3.0000000000,0.9000000000,100,110,104,113,102,113
4539,neighbor,False,MEMBER_FLEXURE,999999999.0000000000,8538.4189200000,0.2500000000,0.4000000000,0.3000000000,3.0000000000,1.0000000000,104,113,101,112,103,113
4540,neighbor,False,MAXIMUM_MAIN_STEEL,999999999.0000000000,8538.4189200000,0.2000000000,0.4000000000,0.3000000000,3.0000000000,1.0000000000,102,110,101,112,100,110
4541,neighbor,False,STEM_STRESS_OR_INTERVAL_BOUND,999999999.0000000000,8538.4189200000,0.2500000000,0.3000000000,0.3000000000,3.0000000000,1.0000000000,104,112,101,110,104,111
4542,neighbor,False,ENVELOPE_BASE_CONTACT,999999999.0000000000,8538.4189200000,0.2500000000,0.4000000000,0.3000000000,2.5000000000,1.0000000000,103,111,102,113,103,111
4543,neighbor,False,MINIMUM_MAIN_STEEL,999999999.0000000000,8538.4189200000,0.2000000000,0.4000000000,0.3000000000,2.5000000000,1.0000000000,100,113,100,110,100,110
4544,neighbor,False,MINIMUM_MAIN_STEEL,999999999.0000000000,8538.4189200000,0.2500000000,0.4000000000,0.3000000000,2.5000000000,0.8000000000,100,113,100,111,103,112
4545,neighbor,False,ENVELOPE_BASE_CONTACT,999999999.0000000000,8538.4189200000,0.2500000000,0.4000000000,0.3000000000,2.5000000000,1.0000000000,102,111,104,112,100,111
4546,neighbor,False,MINIMUM_MAIN_STEEL,999999999.0000000000,8538.4189200000,0.2000000000,0.4000000000,0.3000000000,2.5000000000,1.0000000000,102,111,100,112,102,112
4547,neighbor,False,ENVELOPE_BASE_CONTACT,999999999.0000000000,8538.4189200000,0.2250000000,0.4000000000,0.3000000000,2.5000000000,1.0000000000,104,111,102,110,101,111
4548,neighbor,False,MEMBER_FLEXURE,999999999.0000000000,8538.4189200000,0.2000000000,0.4000000000,0.3000000000,3.0000000000,0.8000000000,101,110,101,111,100,110
4549,neighbor,False,STEM_STRESS_OR_INTERVAL_BOUND,999999999.0000000000,8538.4189200000,0.2000000000,0.4000000000,0.3000000000,3.0000000000,1.0000000000,102,113,101,112,103,113
4550,neighbor,False,MAXIMUM_MAIN_STEEL,999999999.0000000000,8538.4189200000,0.2000000000,0.4000000000,0.3000000000,3.0000000000,1.0000000000,101,110,104,110,103,113
4551,neighbor,False,ENVELOPE_BASE_CONTACT,999999999.0000000000,8538.4189200000,0.2000000000,0.3000000000,0.3000000000,2.5000000000,1.0000000000,101,111,103,111,102,111
4552,neighbor,False,MINIMUM_MAIN_STEEL,999999999.0000000000,8538.4189200000,0.2000000000,0.4000000000,0.3000000000,2.5000000000,1.0000000000,100,110,103,110,102,113
4553,neighbor,False,MAXIMUM_MAIN_STEEL,999999999.0000000000,8538.4189200000,0.2000000000,0.4000000000,0.3000000000,3.0000000000,1.0000000000,102,110,101,112,103,113
4554,neighbor,False,MAXIMUM_MAIN_STEEL,999999999.0000000000,8538.4189200000,0.2250000000,0.3500000000,0.3000000000,3.0000000000,0.9000000000,104,110,101,110,103,110
4555,neighbor,True,PASS_IMPLEMENTED_PROJECT_CHECKS,9694.7509600000,8538.4189200000,0.2000000000,0.4000000000,0.3000000000,3.0000000000,0.8000000000,101,110,104,111,104,111
4556,neighbor,True,PASS_IMPLEMENTED_PROJECT_CHECKS,10452.2697500000,8538.4189200000,0.2500000000,0.4000000000,0.3000000000,3.0000000000,1.0000000000,103,112,102,110,103,110
4557,neighbor,False,MINIMUM_MAIN_STEEL,999999999.0000000000,8538.4189200000,0.2500000000,0.4000000000,0.3000000000,3.0000000000,1.0000000000,100,113,101,110,104,111
4558,neighbor,False,MAXIMUM_MAIN_STEEL,999999999.0000000000,8538.4189200000,0.2250000000,0.4000000000,0.3000000000,3.0000000000,1.0000000000,104,111,104,111,102,110
4559,neighbor,False,MEMBER_FLEXURE,999999999.0000000000,8538.4189200000,0.2000000000,0.4000000000,0.3000000000,3.0000000000,1.0000000000,104,113,102,111,101,111
4560,neighbor,False,ENVELOPE_BASE_CONTACT,999999999.0000000000,8538.4189200000,0.2500000000,0.4000000000,0.3000000000,2.5000000000,1.0000000000,103,110,103,112,103,113
4561,neighbor,False,ENVELOPE_BASE_CONTACT,999999999.0000000000,8538.4189200000,0.2000000000,0.3000000000,0.3000000000,2.5000000000,0.9000000000,104,113,102,111,101,113
4562,neighbor,False,MINIMUM_MAIN_STEEL,999999999.0000000000,8538.4189200000,0.2000000000,0.4000000000,0.3000000000,2.5000000000,1.0000000000,100,113,103,111,102,113
4563,neighbor,False,MAXIMUM_MAIN_STEEL,999999999.0000000000,8538.4189200000,0.2250000000,0.4000000000,0.3000000000,3.0000000000,1.0000000000,104,111,100,110,101,113
4564,neighbor,False,ENVELOPE_BASE_CONTACT,999999999.0000000000,8538.4189200000,0.2000000000,0.4000000000,0.3000000000,2.5000000000,0.9000000000,102,111,101,113,101,110
4565,neighbor,False,ENVELOPE_BASE_CONTACT,999999999.0000000000,8538.4189200000,0.2000000000,0.3000000000,0.3000000000,2.5000000000,1.0000000000,104,111,104,113,101,112
4566,neighbor,False,ENVELOPE_BASE_CONTACT,999999999.0000000000,8538.4189200000,0.2000000000,0.3500000000,0.3000000000,2.5000000000,1.0000000000,104,110,100,111,104,113
4567,neighbor,False,MAXIMUM_MAIN_STEEL,999999999.0000000000,8538.4189200000,0.2000000000,0.4000000000,0.3000000000,3.0000000000,1.0000000000,102,110,101,112,103,113
4568,neighbor,False,STEM_STRESS_OR_INTERVAL_BOUND,999999999.0000000000,8538.4189200000,0.2000000000,0.4000000000,0.3000000000,3.0000000000,1.0000000000,101,111,104,111,102,110
4569,neighbor,False,STEM_STRESS_OR_INTERVAL_BOUND,999999999.0000000000,8538.4189200000,0.2500000000,0.3500000000,0.3000000000,3.0000000000,0.9000000000,103,113,104,112,102,113
4570,neighbor,True,PASS_IMPLEMENTED_PROJECT_CHECKS,8932.9040400000,8538.4189200000,0.2000000000,0.4000000000,0.3000000000,3.0000000000,1.0000000000,104,113,101,112,103,113
4571,neighbor,False,MEMBER_FLEXURE,999999999.0000000000,8538.4189200000,0.2000000000,0.4000000000,0.3000000000,3.0000000000,1.0000000000,101,110,101,113,102,111
4572,neighbor,True,PASS_IMPLEMENTED_PROJECT_CHECKS,8619.8876000000,8538.4189200000,0.2000000000,0.4000000000,0.3000000000,3.0000000000,1.0000000000,101,110,102,113,102,111
4573,neighbor,False,ENVELOPE_BASE_CONTACT,999999999.0000000000,8538.4189200000,0.2500000000,0.4000000000,0.3000000000,2.5000000000,1.0000000000,102,113,102,110,103,112
4574,neighbor,False,MAXIMUM_MAIN_STEEL,999999999.0000000000,8538.4189200000,0.2000000000,0.4000000000,0.3000000000,3.0000000000,1.0000000000,104,110,101,112,103,113
4575,neighbor,True,PASS_IMPLEMENTED_PROJECT_CHECKS,8846.6659500000,8538.4189200000,0.2000000000,0.4000000000,0.3000000000,3.0000000000,1.0000000000,101,110,103,113,103,112
4576,neighbor,False,MINIMUM_MAIN_STEEL,999999999.0000000000,8538.4189200000,0.2000000000,0.3000000000,0.3000000000,3.0000000000,1.0000000000,100,113,102,111,101,112
4577,neighbor,False,MINIMUM_MAIN_STEEL,999999999.0000000000,8538.4189200000,0.2250000000,0.4000000000,0.3000000000,2.5000000000,1.0000000000,101,112,104,113,101,110
4578,neighbor,False,MINIMUM_MAIN_STEEL,999999999.0000000000,8538.4189200000,0.2000000000,0.3000000000,0.3000000000,2.5000000000,0.9000000000,100,113,103,112,102,112
4579,neighbor,False,MINIMUM_MAIN_STEEL,999999999.0000000000,8538.4189200000,0.2000000000,0.4000000000,0.3000000000,2.5000000000,0.8000000000,100,112,103,112,101,111
4580,neighbor,False,ENVELOPE_BASE_CONTACT,999999999.0000000000,8538.4189200000,0.2500000000,0.4000000000,0.3000000000,2.5000000000,0.8000000000,101,111,103,111,101,111
4581,neighbor,False,MEMBER_FLEXURE,999999999.0000000000,8538.4189200000,0.2000000000,0.4000000000,0.3000000000,3.0000000000,0.9000000000,101,110,100,111,103,113
4582,neighbor,False,ENVELOPE_BASE_CONTACT,999999999.0000000000,8538.4189200000,0.2500000000,0.4000000000,0.3000000000,2.5000000000,1.0000000000,103,113,104,111,101,110
4583,neighbor,False,STEM_STRESS_OR_INTERVAL_BOUND,999999999.0000000000,8538.4189200000,0.2000000000,0.3000000000,0.3000000000,3.0000000000,0.8000000000,102,113,102,112,104,113
4584,neighbor,False,MAXIMUM_MAIN_STEEL,999999999.0000000000,8538.4189200000,0.2000000000,0.3500000000,0.3000000000,3.0000000000,1.0000000000,104,111,102,110,103,113
4585,neighbor,False,MINIMUM_MAIN_STEEL,999999999.0000000000,8538.4189200000,0.2500000000,0.3500000000,0.3000000000,3.0000000000,1.0000000000,101,113,101,112,103,113
4586,neighbor,False,MINIMUM_MAIN_STEEL,999999999.0000000000,8538.4189200000,0.2000000000,0.4000000000,0.3000000000,3.0000000000,1.0000000000,101,110,101,112,100,112
4587,neighbor,False,ENVELOPE_BASE_CONTACT,999999999.0000000000,8538.4189200000,0.2500000000,0.3500000000,0.3000000000,2.5000000000,0.8000000000,103,113,101,110,103,111
4588,neighbor,False,STEM_STRESS_OR_INTERVAL_BOUND,999999999.0000000000,8538.4189200000,0.2000000000,0.4000000000,0.3000000000,3.0000000000,1.0000000000,101,111,101,112,103,113
4589,neighbor,False,STEM_STRESS_OR_INTERVAL_BOUND,999999999.0000000000,8538.4189200000,0.2500000000,0.3000000000,0.3000000000,3.0000000000,1.0000000000,101,113,101,112,103,113
4590,neighbor,False,STEM_STRESS_OR_INTERVAL_BOUND,999999999.0000000000,8538.4189200000,0.2000000000,0.4000000000,0.3000000000,3.0000000000,1.0000000000,101,111,101,110,100,111
4591,neighbor,False,MINIMUM_MAIN_STEEL,999999999.0000000000,8538.4189200000,0.2500000000,0.4000000000,0.3000000000,3.0000000000,1.0000000000,103,110,103,110,100,112
4592,neighbor,False,STEM_STRESS_OR_INTERVAL_BOUND,999999999.0000000000,8538.4189200000,0.2000000000,0.4000000000,0.3000000000,3.0000000000,1.0000000000,102,113,101,112,103,113
4593,neighbor,True,PASS_IMPLEMENTED_PROJECT_CHECKS,8932.9040400000,8538.4189200000,0.2000000000,0.4000000000,0.3000000000,3.0000000000,1.0000000000,104,113,101,112,103,113
4594,neighbor,False,STEM_STRESS_OR_INTERVAL_BOUND,999999999.0000000000,8538.4189200000,0.2000000000,0.4000000000,0.3000000000,3.0000000000,1.0000000000,101,111,101,112,103,113
4595,neighbor,False,MAXIMUM_MAIN_STEEL,999999999.0000000000,8538.4189200000,0.2000000000,0.4000000000,0.3000000000,3.0000000000,0.9000000000,104,112,101,113,101,112
4596,neighbor,True,PASS_IMPLEMENTED_PROJECT_CHECKS,8792.6426640000,8538.4189200000,0.2000000000,0.4000000000,0.3000000000,3.0000000000,1.0000000000,101,110,104,113,103,113
4597,neighbor,False,MINIMUM_MAIN_STEEL,999999999.0000000000,8538.4189200000,0.2000000000,0.3500000000,0.3000000000,3.0000000000,1.0000000000,100,112,104,112,101,112
4598,neighbor,False,ENVELOPE_BASE_CONTACT,999999999.0000000000,8538.4189200000,0.2000000000,0.4000000000,0.3000000000,2.5000000000,1.0000000000,102,112,102,110,104,113
4599,neighbor,False,MINIMUM_MAIN_STEEL,999999999.0000000000,8538.4189200000,0.2000000000,0.4000000000,0.3000000000,2.5000000000,1.0000000000,104,110,100,113,100,111
4600,neighbor,False,MEMBER_FLEXURE,999999999.0000000000,8538.4189200000,0.2500000000,0.3500000000,0.3000000000,3.0000000000,1.0000000000,104,112,101,112,103,113
4601,neighbor,False,ENVELOPE_BASE_CONTACT,999999999.0000000000,8538.4189200000,0.2250000000,0.3000000000,0.3000000000,2.5000000000,0.8000000000,101,110,100,110,104,113
4602,neighbor,True,PASS_IMPLEMENTED_PROJECT_CHECKS,8679.5576700000,8538.4189200000,0.2000000000,0.4000000000,0.3000000000,3.0000000000,1.0000000000,101,110,101,112,103,112
4603,neighbor,True,PASS_IMPLEMENTED_PROJECT_CHECKS,9329.2438620000,8538.4189200000,0.2000000000,0.4000000000,0.3000000000,3.0000000000,1.0000000000,104,113,103,112,104,113
4604,neighbor,False,MAXIMUM_MAIN_STEEL,999999999.0000000000,8538.4189200000,0.2500000000,0.3000000000,0.3000000000,3.0000000000,0.9000000000,104,111,101,111,102,113
4605,neighbor,False,MINIMUM_MAIN_STEEL,999999999.0000000000,8538.4189200000,0.2000000000,0.4000000000,0.3000000000,3.0000000000,1.0000000000,101,110,100,113,102,110
4606,neighbor,False,MINIMUM_MAIN_STEEL,999999999.0000000000,8538.4189200000,0.2500000000,0.3500000000,0.3000000000,2.5000000000,1.0000000000,100,113,100,112,101,113
4607,neighbor,False,MAXIMUM_MAIN_STEEL,999999999.0000000000,8538.4189200000,0.2000000000,0.4000000000,0.3000000000,3.0000000000,1.0000000000,104,112,100,111,102,113
4608,neighbor,False,MEMBER_FLEXURE,999999999.0000000000,8538.4189200000,0.2000000000,0.4000000000,0.3000000000,3.0000000000,1.0000000000,101,110,101,112,102,112
4609,neighbor,False,STEM_STRESS_OR_INTERVAL_BOUND,999999999.0000000000,8538.4189200000,0.2000000000,0.3500000000,0.3000000000,3.0000000000,1.0000000000,100,110,104,113,101,111
4610,neighbor,False,MINIMUM_MAIN_STEEL,999999999.0000000000,8538.4189200000,0.2000000000,0.3500000000,0.3000000000,2.5000000000,1.0000000000,101,113,104,111,101,112
4611,neighbor,False,MINIMUM_MAIN_STEEL,999999999.0000000000,8538.4189200000,0.2250000000,0.4000000000,0.3000000000,2.5000000000,1.0000000000,100,113,102,110,103,111
4612,neighbor,False,STEM_STRESS_OR_INTERVAL_BOUND,999999999.0000000000,8538.4189200000,0.2250000000,0.3000000000,0.3000000000,3.0000000000,1.0000000000,102,113,100,110,103,110
4613,neighbor,False,STEM_STRESS_OR_INTERVAL_BOUND,999999999.0000000000,8538.4189200000,0.2000000000,0.4000000000,0.3000000000,3.0000000000,0.9000000000,102,112,103,111,103,112
4614,neighbor,False,MAXIMUM_MAIN_STEEL,999999999.0000000000,8538.4189200000,0.2000000000,0.4000000000,0.3000000000,3.0000000000,1.0000000000,104,112,101,110,102,113
4615,neighbor,False,STEM_STRESS_OR_INTERVAL_BOUND,999999999.0000000000,8538.4189200000,0.2000000000,0.4000000000,0.3000000000,3.0000000000,0.8000000000,102,112,102,112,101,112
4616,neighbor,False,STEM_STRESS_OR_INTERVAL_BOUND,999999999.0000000000,8538.4189200000,0.2000000000,0.4000000000,0.3000000000,3.0000000000,1.0000000000,103,113,101,112,103,113
4617,neighbor,True,PASS_IMPLEMENTED_PROJECT_CHECKS,8651.4780000000,8538.4189200000,0.2000000000,0.4000000000,0.3000000000,3.0000000000,0.8000000000,101,110,102,113,102,111
4618,neighbor,False,MAXIMUM_MAIN_STEEL,999999999.0000000000,8538.4189200000,0.2000000000,0.3500000000,0.3000000000,3.0000000000,0.8000000000,102,110,101,113,104,113
4619,neighbor,False,MINIMUM_MAIN_STEEL,999999999.0000000000,8538.4189200000,0.2250000000,0.4000000000,0.3000000000,3.0000000000,0.9000000000,104,111,104,110,100,112
4620,neighbor,True,PASS_IMPLEMENTED_PROJECT_CHECKS,8538.4189200000,8538.4189200000,0.2000000000,0.4000000000,0.3000000000,3.0000000000,1.0000000000,101,110,101,112,103,113
4621,neighbor,True,PASS_IMPLEMENTED_PROJECT_CHECKS,10136.4395400000,8538.4189200000,0.2500000000,0.3000000000,0.3000000000,3.0000000000,1.0000000000,102,110,104,111,104,112
4622,neighbor,False,MAXIMUM_MAIN_STEEL,999999999.0000000000,8538.4189200000,0.2000000000,0.3000000000,0.3000000000,3.0000000000,1.0000000000,104,110,104,112,104,111
4623,neighbor,False,STEM_STRESS_OR_INTERVAL_BOUND,999999999.0000000000,8538.4189200000,0.2250000000,0.3000000000,0.3000000000,3.0000000000,1.0000000000,102,111,103,113,102,112
4624,neighbor,False,MINIMUM_MAIN_STEEL,999999999.0000000000,8538.4189200000,0.2000000000,0.4000000000,0.3000000000,3.0000000000,1.0000000000,100,110,104,113,102,113
4625,neighbor,False,MINIMUM_MAIN_STEEL,999999999.0000000000,8538.4189200000,0.2500000000,0.3500000000,0.3000000000,3.0000000000,0.9000000000,103,113,100,113,103,110
4626,neighbor,True,PASS_IMPLEMENTED_PROJECT_CHECKS,9079.0096400000,8538.4189200000,0.2000000000,0.4000000000,0.3000000000,3.0000000000,1.0000000000,101,110,104,111,103,113
4627,neighbor,True,PASS_IMPLEMENTED_PROJECT_CHECKS,8551.9682400000,8538.4189200000,0.2000000000,0.4000000000,0.3000000000,3.0000000000,1.0000000000,101,110,101,112,101,110
4628,neighbor,False,STEM_STRESS_OR_INTERVAL_BOUND,999999999.0000000000,8538.4189200000,0.2000000000,0.3500000000,0.3000000000,3.0000000000,0.8000000000,101,110,103,112,104,112
4629,neighbor,False,MAXIMUM_MAIN_STEEL,999999999.0000000000,8538.4189200000,0.2000000000,0.4000000000,0.3000000000,3.0000000000,0.8000000000,103,111,102,110,103,113
4630,neighbor,False,ENVELOPE_BASE_CONTACT,999999999.0000000000,8538.4189200000,0.2500000000,0.4000000000,0.3000000000,2.5000000000,1.0000000000,104,110,102,111,103,113
4631,neighbor,True,PASS_IMPLEMENTED_PROJECT_CHECKS,8679.5576700000,8538.4189200000,0.2000000000,0.4000000000,0.3000000000,3.0000000000,1.0000000000,101,110,101,112,103,112
4632,neighbor,False,MINIMUM_MAIN_STEEL,999999999.0000000000,8538.4189200000,0.2000000000,0.4000000000,0.3000000000,3.0000000000,1.0000000000,101,113,101,112,103,113
4633,neighbor,False,MINIMUM_MAIN_STEEL,999999999.0000000000,8538.4189200000,0.2250000000,0.4000000000,0.3000000000,3.0000000000,1.0000000000,101,113,104,113,102,113
4634,neighbor,False,STEM_STRESS_OR_INTERVAL_BOUND,999999999.0000000000,8538.4189200000,0.2000000000,0.4000000000,0.3000000000,3.0000000000,1.0000000000,101,111,101,111,102,110
4635,neighbor,False,ENVELOPE_BASE_CONTACT,999999999.0000000000,8538.4189200000,0.2000000000,0.4000000000,0.3000000000,2.5000000000,1.0000000000,103,113,103,111,104,111
4636,neighbor,False,MINIMUM_MAIN_STEEL,999999999.0000000000,8538.4189200000,0.2000000000,0.4000000000,0.3000000000,2.5000000000,0.8000000000,101,112,104,112,102,111
4637,neighbor,False,STEM_STRESS_OR_INTERVAL_BOUND,999999999.0000000000,8538.4189200000,0.2000000000,0.3000000000,0.3000000000,3.0000000000,1.0000000000,102,112,104,113,101,111
4638,neighbor,False,MAXIMUM_MAIN_STEEL,999999999.0000000000,8538.4189200000,0.2000000000,0.4000000000,0.3000000000,3.0000000000,1.0000000000,102,110,101,112,103,113
4639,neighbor,False,MAXIMUM_MAIN_STEEL,999999999.0000000000,8538.4189200000,0.2000000000,0.4000000000,0.3000000000,3.0000000000,1.0000000000,103,110,101,112,103,113
4640,neighbor,False,ENVELOPE_BASE_CONTACT,999999999.0000000000,8538.4189200000,0.2000000000,0.4000000000,0.3000000000,2.5000000000,1.0000000000,101,110,103,110,100,110
4641,neighbor,False,ENVELOPE_BASE_CONTACT,999999999.0000000000,8538.4189200000,0.2000000000,0.3500000000,0.3000000000,2.5000000000,1.0000000000,102,111,104,112,104,112
4642,reset,True,PASS_IMPLEMENTED_PROJECT_CHECKS,8538.4189200000,8538.4189200000,0.2000000000,0.4000000000,0.3000000000,3.0000000000,1.0000000000,101,110,101,112,103,113
4643,neighbor,False,MEMBER_FLEXURE,999999999.0000000000,8538.4189200000,0.2000000000,0.4000000000,0.3000000000,3.0000000000,1.0000000000,101,110,101,112,100,110
4644,neighbor,False,MINIMUM_MAIN_STEEL,999999999.0000000000,8538.4189200000,0.2000000000,0.4000000000,0.3000000000,3.0000000000,1.0000000000,101,113,101,112,103,113
4645,neighbor,True,PASS_IMPLEMENTED_PROJECT_CHECKS,9662.2535700000,8538.4189200000,0.2000000000,0.4000000000,0.3000000000,3.0000000000,0.8000000000,104,113,103,110,103,112
4646,neighbor,False,MINIMUM_MAIN_STEEL,999999999.0000000000,8538.4189200000,0.2000000000,0.4000000000,0.3000000000,3.0000000000,1.0000000000,100,112,101,112,103,113
4647,neighbor,False,MAXIMUM_MAIN_STEEL,999999999.0000000000,8538.4189200000,0.2000000000,0.4000000000,0.3000000000,3.0000000000,0.9000000000,104,111,101,111,102,111
4648,neighbor,True,PASS_IMPLEMENTED_PROJECT_CHECKS,10225.9850000000,8538.4189200000,0.2500000000,0.4000000000,0.3000000000,3.0000000000,1.0000000000,102,110,103,112,103,112
4649,neighbor,True,PASS_IMPLEMENTED_PROJECT_CHECKS,8611.4717200000,8538.4189200000,0.2000000000,0.4000000000,0.3000000000,3.0000000000,1.0000000000,102,111,101,112,103,113
4650,neighbor,True,PASS_IMPLEMENTED_PROJECT_CHECKS,8596.8611600000,8538.4189200000,0.2000000000,0.4000000000,0.3000000000,3.0000000000,1.0000000000,101,110,101,111,103,113
4651,neighbor,True,PASS_IMPLEMENTED_PROJECT_CHECKS,9123.4459800000,8538.4189200000,0.2000000000,0.4000000000,0.3000000000,3.0000000000,0.8000000000,101,110,103,110,101,110
4652,neighbor,False,MINIMUM_MAIN_STEEL,999999999.0000000000,8538.4189200000,0.2000000000,0.4000000000,0.3000000000,3.0000000000,0.8000000000,104,111,101,110,100,113
4653,neighbor,False,MEMBER_FLEXURE,999999999.0000000000,8538.4189200000,0.2000000000,0.4000000000,0.3000000000,3.0000000000,1.0000000000,101,110,101,112,102,113
4654,neighbor,False,MEMBER_FLEXURE,999999999.0000000000,8538.4189200000,0.2250000000,0.4000000000,0.3000000000,3.0000000000,1.0000000000,103,112,100,110,101,113
4655,neighbor,True,PASS_IMPLEMENTED_PROJECT_CHECKS,9441.5625420000,8538.4189200000,0.2000000000,0.4000000000,0.3000000000,3.0000000000,1.0000000000,103,112,102,110,104,113
4656,neighbor,False,MINIMUM_MAIN_STEEL,999999999.0000000000,8538.4189200000,0.2500000000,0.4000000000,0.3000000000,3.0000000000,1.0000000000,104,112,101,112,100,112
4657,neighbor,False,MAXIMUM_MAIN_STEEL,999999999.0000000000,8538.4189200000,0.2000000000,0.4000000000,0.3000000000,3.0000000000,1.0000000000,104,110,101,112,103,113
4658,neighbor,False,MEMBER_FLEXURE,999999999.0000000000,8538.4189200000,0.2000000000,0.4000000000,0.3000000000,3.0000000000,1.0000000000,101,110,101,112,102,113
4659,neighbor,False,MINIMUM_MAIN_STEEL,999999999.0000000000,8538.4189200000,0.2000000000,0.4000000000,0.3000000000,3.0000000000,1.0000000000,100,111,100,111,104,110
4660,neighbor,False,MAXIMUM_MAIN_STEEL,999999999.0000000000,8538.4189200000,0.2000000000,0.4000000000,0.3000000000,3.0000000000,1.0000000000,103,110,100,110,102,110
4661,neighbor,True,PASS_IMPLEMENTED_PROJECT_CHECKS,8679.5576700000,8538.4189200000,0.2000000000,0.4000000000,0.3000000000,3.0000000000,1.0000000000,101,110,101,112,103,112
4662,neighbor,False,MINIMUM_MAIN_STEEL,999999999.0000000000,8538.4189200000,0.2250000000,0.4000000000,0.3000000000,3.0000000000,1.0000000000,104,110,100,113,103,113
4663,neighbor,False,STEM_STRESS_OR_INTERVAL_BOUND,999999999.0000000000,8538.4189200000,0.2500000000,0.4000000000,0.3000000000,3.0000000000,1.0000000000,103,113,100,110,101,112
4664,neighbor,False,MINIMUM_MAIN_STEEL,999999999.0000000000,8538.4189200000,0.2250000000,0.4000000000,0.3000000000,3.0000000000,1.0000000000,100,112,100,112,100,111
4665,neighbor,False,MAXIMUM_MAIN_STEEL,999999999.0000000000,8538.4189200000,0.2500000000,0.4000000000,0.3000000000,3.0000000000,1.0000000000,104,110,104,112,104,111
4666,neighbor,False,MEMBER_FLEXURE,999999999.0000000000,8538.4189200000,0.2250000000,0.4000000000,0.3000000000,3.0000000000,1.0000000000,101,110,101,113,102,111
4667,neighbor,False,MINIMUM_MAIN_STEEL,999999999.0000000000,8538.4189200000,0.2000000000,0.4000000000,0.3000000000,3.0000000000,1.0000000000,100,113,103,110,103,111
4668,neighbor,False,MINIMUM_MAIN_STEEL,999999999.0000000000,8538.4189200000,0.2250000000,0.4000000000,0.3000000000,3.0000000000,1.0000000000,100,111,104,110,102,113
4669,neighbor,False,MINIMUM_MAIN_STEEL,999999999.0000000000,8538.4189200000,0.2000000000,0.4000000000,0.3000000000,3.0000000000,1.0000000000,101,112,104,111,101,110
4670,neighbor,False,MINIMUM_MAIN_STEEL,999999999.0000000000,8538.4189200000,0.2000000000,0.4000000000,0.3000000000,3.0000000000,1.0000000000,101,110,100,113,104,113
4671,neighbor,False,MINIMUM_MAIN_STEEL,999999999.0000000000,8538.4189200000,0.2000000000,0.4000000000,0.3000000000,3.0000000000,1.0000000000,100,110,102,111,104,110
4672,neighbor,False,MEMBER_FLEXURE,999999999.0000000000,8538.4189200000,0.2000000000,0.4000000000,0.3000000000,3.0000000000,0.8000000000,104,113,100,110,101,111
4673,neighbor,False,MAXIMUM_MAIN_STEEL,999999999.0000000000,8538.4189200000,0.2250000000,0.4000000000,0.3000000000,3.0000000000,1.0000000000,104,111,101,112,102,110
4674,neighbor,False,STEM_STRESS_OR_INTERVAL_BOUND,999999999.0000000000,8538.4189200000,0.2000000000,0.4000000000,0.3000000000,3.0000000000,0.8000000000,102,112,100,110,101,112
4675,neighbor,False,STEM_STRESS_OR_INTERVAL_BOUND,999999999.0000000000,8538.4189200000,0.2000000000,0.4000000000,0.3000000000,3.0000000000,1.0000000000,103,113,101,112,103,113
4676,neighbor,False,MINIMUM_MAIN_STEEL,999999999.0000000000,8538.4189200000,0.2000000000,0.4000000000,0.3000000000,3.0000000000,1.0000000000,101,110,100,112,103,113
4677,neighbor,False,MAXIMUM_MAIN_STEEL,999999999.0000000000,8538.4189200000,0.2250000000,0.4000000000,0.3000000000,3.0000000000,0.8000000000,103,110,101,113,103,111
4678,neighbor,True,PASS_IMPLEMENTED_PROJECT_CHECKS,8596.8611600000,8538.4189200000,0.2000000000,0.4000000000,0.3000000000,3.0000000000,1.0000000000,101,110,101,111,103,113
4679,neighbor,False,STEM_STRESS_OR_INTERVAL_BOUND,999999999.0000000000,8538.4189200000,0.2000000000,0.4000000000,0.3000000000,3.0000000000,0.8000000000,101,111,103,110,104,110
4680,neighbor,False,MINIMUM_MAIN_STEEL,999999999.0000000000,8538.4189200000,0.2000000000,0.4000000000,0.3000000000,3.0000000000,0.8000000000,100,111,101,110,103,110
4681,neighbor,False,MINIMUM_MAIN_STEEL,999999999.0000000000,8538.4189200000,0.2000000000,0.4000000000,0.3000000000,3.0000000000,1.0000000000,101,113,100,113,102,110
4682,neighbor,False,MAXIMUM_MAIN_STEEL,999999999.0000000000,8538.4189200000,0.2000000000,0.4000000000,0.3000000000,3.0000000000,1.0000000000,104,110,103,111,104,113
4683,neighbor,False,STEM_STRESS_OR_INTERVAL_BOUND,999999999.0000000000,8538.4189200000,0.2000000000,0.4000000000,0.3000000000,3.0000000000,1.0000000000,103,113,101,112,103,113
4684,neighbor,False,MINIMUM_MAIN_STEEL,999999999.0000000000,8538.4189200000,0.2000000000,0.4000000000,0.3000000000,3.0000000000,0.8000000000,101,112,103,110,104,111
4685,neighbor,False,MAXIMUM_MAIN_STEEL,999999999.0000000000,8538.4189200000,0.2000000000,0.4000000000,0.3000000000,3.0000000000,1.0000000000,104,112,101,113,101,111
4686,neighbor,False,MAXIMUM_MAIN_STEEL,999999999.0000000000,8538.4189200000,0.2000000000,0.4000000000,0.3000000000,3.0000000000,1.0000000000,103,110,103,112,104,110
4687,neighbor,False,MINIMUM_MAIN_STEEL,999999999.0000000000,8538.4189200000,0.2000000000,0.4000000000,0.3000000000,3.0000000000,1.0000000000,102,112,100,112,100,112
4688,neighbor,True,PASS_IMPLEMENTED_PROJECT_CHECKS,9219.1797000000,8538.4189200000,0.2000000000,0.4000000000,0.3000000000,3.0000000000,1.0000000000,101,110,103,110,103,113
4689,neighbor,False,MINIMUM_MAIN_STEEL,999999999.0000000000,8538.4189200000,0.2000000000,0.4000000000,0.3000000000,3.0000000000,1.0000000000,101,112,103,111,101,113
4690,neighbor,False,MINIMUM_MAIN_STEEL,999999999.0000000000,8538.4189200000,0.2000000000,0.4000000000,0.3000000000,3.0000000000,1.0000000000,100,113,104,111,100,111
4691,neighbor,False,MINIMUM_MAIN_STEEL,999999999.0000000000,8538.4189200000,0.2250000000,0.4000000000,0.3000000000,3.0000000000,1.0000000000,104,110,100,113,104,110
4692,neighbor,True,PASS_IMPLEMENTED_PROJECT_CHECKS,8582.2506000000,8538.4189200000,0.2000000000,0.4000000000,0.3000000000,3.0000000000,1.0000000000,101,110,102,113,103,113
4693,neighbor,False,MINIMUM_MAIN_STEEL,999999999.0000000000,8538.4189200000,0.2000000000,0.4000000000,0.3000000000,3.0000000000,1.0000000000,100,110,103,111,103,112
4694,neighbor,False,MEMBER_FLEXURE,999999999.0000000000,8538.4189200000,0.2000000000,0.4000000000,0.3000000000,3.0000000000,1.0000000000,101,110,101,112,100,110
4695,neighbor,False,MEMBER_FLEXURE,999999999.0000000000,8538.4189200000,0.2000000000,0.4000000000,0.3000000000,3.0000000000,1.0000000000,101,110,100,110,101,112
4696,neighbor,False,MAXIMUM_MAIN_STEEL,999999999.0000000000,8538.4189200000,0.2250000000,0.4000000000,0.3000000000,3.0000000000,1.0000000000,104,110,104,110,101,111
4697,neighbor,True,PASS_IMPLEMENTED_PROJECT_CHECKS,8900.0302800000,8538.4189200000,0.2000000000,0.4000000000,0.3000000000,3.0000000000,1.0000000000,101,110,104,112,103,113
4698,neighbor,False,STEM_STRESS_OR_INTERVAL_BOUND,999999999.0000000000,8538.4189200000,0.2500000000,0.4000000000,0.3000000000,3.0000000000,1.0000000000,102,113,100,110,103,110
4699,neighbor,False,STEM_STRESS_OR_INTERVAL_BOUND,999999999.0000000000,8538.4189200000,0.2000000000,0.4000000000,0.3000000000,3.0000000000,1.0000000000,101,111,101,112,103,113
4700,neighbor,False,MINIMUM_MAIN_STEEL,999999999.0000000000,8538.4189200000,0.2000000000,0.4000000000,0.3000000000,3.0000000000,1.0000000000,100,113,100,110,103,113
4701,neighbor,False,MINIMUM_MAIN_STEEL,999999999.0000000000,8538.4189200000,0.2500000000,0.4000000000,0.3000000000,3.0000000000,1.0000000000,100,112,103,113,103,112
4702,neighbor,False,MINIMUM_MAIN_STEEL,999999999.0000000000,8538.4189200000,0.2000000000,0.4000000000,0.3000000000,3.0000000000,0.8000000000,100,111,103,112,103,111
4703,neighbor,True,PASS_IMPLEMENTED_PROJECT_CHECKS,8582.2506000000,8538.4189200000,0.2000000000,0.4000000000,0.3000000000,3.0000000000,1.0000000000,101,110,102,113,103,113
4704,neighbor,False,MINIMUM_MAIN_STEEL,999999999.0000000000,8538.4189200000,0.2000000000,0.4000000000,0.3000000000,3.0000000000,1.0000000000,101,112,102,111,101,111
4705,neighbor,False,MAXIMUM_MAIN_STEEL,999999999.0000000000,8538.4189200000,0.2000000000,0.4000000000,0.3000000000,3.0000000000,0.8000000000,104,111,101,113,101,110
4706,neighbor,True,PASS_IMPLEMENTED_PROJECT_CHECKS,8634.4981600000,8538.4189200000,0.2000000000,0.4000000000,0.3000000000,3.0000000000,1.0000000000,101,110,101,111,102,111
4707,neighbor,True,PASS_IMPLEMENTED_PROJECT_CHECKS,8914.7889200000,8538.4189200000,0.2000000000,0.4000000000,0.3000000000,3.0000000000,1.0000000000,101,110,101,112,103,111
4708,neighbor,False,MINIMUM_MAIN_STEEL,999999999.0000000000,8538.4189200000,0.2000000000,0.4000000000,0.3000000000,3.0000000000,1.0000000000,104,112,100,113,104,112
4709,neighbor,False,MEMBER_FLEXURE,999999999.0000000000,8538.4189200000,0.2000000000,0.4000000000,0.3000000000,3.0000000000,1.0000000000,101,110,101,110,100,111
4710,neighbor,False,STEM_STRESS_OR_INTERVAL_BOUND,999999999.0000000000,8538.4189200000,0.2000000000,0.4000000000,0.3000000000,3.0000000000,1.0000000000,102,113,102,113,102,111
4711,neighbor,False,MINIMUM_MAIN_STEEL,999999999.0000000000,8538.4189200000,0.2000000000,0.4000000000,0.3000000000,3.0000000000,1.0000000000,101,112,103,110,101,113
4712,neighbor,False,MAXIMUM_MAIN_STEEL,999999999.0000000000,8538.4189200000,0.2000000000,0.4000000000,0.3000000000,3.0000000000,1.0000000000,102,110,101,112,103,113
4713,neighbor,True,PASS_IMPLEMENTED_PROJECT_CHECKS,8859.0861600000,8538.4189200000,0.2000000000,0.4000000000,0.3000000000,3.0000000000,1.0000000000,101,110,101,112,104,112
4714,neighbor,True,PASS_IMPLEMENTED_PROJECT_CHECKS,8765.9932000000,8538.4189200000,0.2000000000,0.4000000000,0.3000000000,3.0000000000,1.0000000000,101,110,102,111,102,111
4715,neighbor,False,MEMBER_FLEXURE,999999999.0000000000,8538.4189200000,0.2000000000,0.4000000000,0.3000000000,3.0000000000,0.9000000000,101,110,102,111,100,111
4716,neighbor,False,MINIMUM_MAIN_STEEL,999999999.0000000000,8538.4189200000,0.2000000000,0.4000000000,0.3000000000,3.0000000000,1.0000000000,101,110,101,112,100,113
4717,neighbor,True,PASS_IMPLEMENTED_PROJECT_CHECKS,8705.5272000000,8538.4189200000,0.2000000000,0.4000000000,0.3000000000,3.0000000000,1.0000000000,101,110,103,113,103,113
4718,neighbor,False,STEM_STRESS_OR_INTERVAL_BOUND,999999999.0000000000,8538.4189200000,0.2500000000,0.4000000000,0.3000000000,3.0000000000,0.8000000000,103,113,103,111,101,111
4719,neighbor,True,PASS_IMPLEMENTED_PROJECT_CHECKS,8924.5375200000,8538.4189200000,0.2000000000,0.4000000000,0.3000000000,3.0000000000,1.0000000000,101,110,102,110,101,110
4720,neighbor,False,MINIMUM_MAIN_STEEL,999999999.0000000000,8538.4189200000,0.2000000000,0.4000000000,0.3000000000,3.0000000000,1.0000000000,101,112,101,112,103,113
4721,neighbor,True,PASS_IMPLEMENTED_PROJECT_CHECKS,8846.6659500000,8538.4189200000,0.2000000000,0.4000000000,0.3000000000,3.0000000000,1.0000000000,101,110,103,113,103,112
4722,neighbor,False,MEMBER_FLEXURE,999999999.0000000000,8538.4189200000,0.2000000000,0.4000000000,0.3000000000,3.0000000000,0.9000000000,101,110,104,111,101,113
4723,neighbor,False,MAXIMUM_MAIN_STEEL,999999999.0000000000,8538.4189200000,0.2000000000,0.4000000000,0.3000000000,3.0000000000,1.0000000000,102,111,104,111,104,110
4724,neighbor,False,MAXIMUM_MAIN_STEEL,999999999.0000000000,8538.4189200000,0.2000000000,0.4000000000,0.3000000000,3.0000000000,0.8000000000,103,110,102,110,100,110
4725,neighbor,True,PASS_IMPLEMENTED_PROJECT_CHECKS,8792.6426640000,8538.4189200000,0.2000000000,0.4000000000,0.3000000000,3.0000000000,1.0000000000,101,110,104,113,103,113
4726,neighbor,True,PASS_IMPLEMENTED_PROJECT_CHECKS,9219.1797000000,8538.4189200000,0.2000000000,0.4000000000,0.3000000000,3.0000000000,1.0000000000,101,110,103,110,103,113
4727,neighbor,False,MINIMUM_MAIN_STEEL,999999999.0000000000,8538.4189200000,0.2250000000,0.4000000000,0.3000000000,3.0000000000,1.0000000000,102,113,102,113,100,112
4728,neighbor,False,MEMBER_FLEXURE,999999999.0000000000,8538.4189200000,0.2000000000,0.4000000000,0.3000000000,3.0000000000,1.0000000000,102,111,104,113,102,112
4729,neighbor,False,MINIMUM_MAIN_STEEL,999999999.0000000000,8538.4189200000,0.2250000000,0.4000000000,0.3000000000,3.0000000000,1.0000000000,104,112,104,110,100,113
4730,neighbor,False,MAXIMUM_MAIN_STEEL,999999999.0000000000,8538.4189200000,0.2000000000,0.4000000000,0.3000000000,3.0000000000,1.0000000000,104,110,103,112,100,110
4731,neighbor,False,MINIMUM_MAIN_STEEL,999999999.0000000000,8538.4189200000,0.2000000000,0.4000000000,0.3000000000,3.0000000000,1.0000000000,103,113,100,113,102,113
4732,neighbor,False,MEMBER_FLEXURE,999999999.0000000000,8538.4189200000,0.2000000000,0.4000000000,0.3000000000,3.0000000000,1.0000000000,101,110,101,112,102,113
4733,neighbor,False,MAXIMUM_MAIN_STEEL,999999999.0000000000,8538.4189200000,0.2000000000,0.4000000000,0.3000000000,3.0000000000,1.0000000000,103,110,101,112,103,113
4734,neighbor,False,MINIMUM_MAIN_STEEL,999999999.0000000000,8538.4189200000,0.2000000000,0.4000000000,0.3000000000,3.0000000000,1.0000000000,101,112,102,112,102,113
4735,neighbor,True,PASS_IMPLEMENTED_PROJECT_CHECKS,9154.1602400000,8538.4189200000,0.2000000000,0.4000000000,0.3000000000,3.0000000000,1.0000000000,101,110,101,112,104,111
4736,neighbor,False,MINIMUM_MAIN_STEEL,999999999.0000000000,8538.4189200000,0.2000000000,0.4000000000,0.3000000000,3.0000000000,1.0000000000,100,111,103,112,103,111
4737,neighbor,False,MEMBER_FLEXURE,999999999.0000000000,8538.4189200000,0.2000000000,0.4000000000,0.3000000000,3.0000000000,1.0000000000,101,110,103,110,102,112
4738,neighbor,False,MEMBER_FLEXURE,999999999.0000000000,8538.4189200000,0.2250000000,0.4000000000,0.3000000000,3.0000000000,0.9000000000,102,110,103,111,101,113
4739,neighbor,False,MINIMUM_MAIN_STEEL,999999999.0000000000,8538.4189200000,0.2250000000,0.4000000000,0.3000000000,3.0000000000,0.8000000000,101,112,104,110,101,111
4740,neighbor,False,MINIMUM_MAIN_STEEL,999999999.0000000000,8538.4189200000,0.2250000000,0.4000000000,0.3000000000,3.0000000000,1.0000000000,100,110,102,112,103,110
4741,neighbor,False,MAXIMUM_MAIN_STEEL,999999999.0000000000,8538.4189200000,0.2000000000,0.4000000000,0.3000000000,3.0000000000,1.0000000000,103,111,101,112,103,113
4742,neighbor,True,PASS_IMPLEMENTED_PROJECT_CHECKS,8729.8046700000,8538.4189200000,0.2250000000,0.4000000000,0.3000000000,3.0000000000,1.0000000000,101,110,101,112,102,111
4743,neighbor,False,MINIMUM_MAIN_STEEL,999999999.0000000000,8538.4189200000,0.2500000000,0.4000000000,0.3000000000,3.0000000000,1.0000000000,100,110,101,112,100,111
4744,neighbor,False,MAXIMUM_MAIN_STEEL,999999999.0000000000,8538.4189200000,0.2500000000,0.4000000000,0.3000000000,3.0000000000,1.0000000000,104,111,103,111,103,112
4745,neighbor,False,STEM_STRESS_OR_INTERVAL_BOUND,999999999.0000000000,8538.4189200000,0.2250000000,0.4000000000,0.3000000000,3.0000000000,0.9000000000,103,113,102,110,101,113
4746,neighbor,False,MINIMUM_MAIN_STEEL,999999999.0000000000,8538.4189200000,0.2000000000,0.4000000000,0.3000000000,3.0000000000,1.0000000000,101,110,100,113,101,111
4747,neighbor,False,MINIMUM_MAIN_STEEL,999999999.0000000000,8538.4189200000,0.2000000000,0.4000000000,0.3000000000,3.0000000000,1.0000000000,100,110,103,110,102,112
4748,neighbor,False,MAXIMUM_MAIN_STEEL,999999999.0000000000,8538.4189200000,0.2000000000,0.4000000000,0.3000000000,3.0000000000,1.0000000000,104,110,101,113,104,113
4749,neighbor,False,MEMBER_FLEXURE,999999999.0000000000,8538.4189200000,0.2000000000,0.4000000000,0.3000000000,3.0000000000,1.0000000000,101,110,103,112,102,113
4750,neighbor,False,MAXIMUM_MAIN_STEEL,999999999.0000000000,8538.4189200000,0.2000000000,0.4000000000,0.3000000000,3.0000000000,0.8000000000,103,110,100,110,103,113
4751,neighbor,False,STEM_STRESS_OR_INTERVAL_BOUND,999999999.0000000000,8538.4189200000,0.2000000000,0.4000000000,0.3000000000,3.0000000000,1.0000000000,102,112,100,111,104,113
4752,neighbor,False,MEMBER_FLEXURE,999999999.0000000000,8538.4189200000,0.2000000000,0.4000000000,0.3000000000,3.0000000000,1.0000000000,101,110,103,113,101,113
4753,neighbor,False,MAXIMUM_MAIN_STEEL,999999999.0000000000,8538.4189200000,0.2000000000,0.4000000000,0.3000000000,3.0000000000,0.8000000000,103,110,100,110,102,112
4754,neighbor,False,STEM_STRESS_OR_INTERVAL_BOUND,999999999.0000000000,8538.4189200000,0.2000000000,0.4000000000,0.3000000000,3.0000000000,1.0000000000,102,113,101,112,103,113
4755,neighbor,True,PASS_IMPLEMENTED_PROJECT_CHECKS,8932.9040400000,8538.4189200000,0.2000000000,0.4000000000,0.3000000000,3.0000000000,1.0000000000,104,113,101,112,103,113
4756,neighbor,True,PASS_IMPLEMENTED_PROJECT_CHECKS,8560.3347600000,8538.4189200000,0.2000000000,0.4000000000,0.3000000000,3.0000000000,1.0000000000,101,110,100,110,103,113
4757,neighbor,False,MINIMUM_MAIN_STEEL,999999999.0000000000,8538.4189200000,0.2000000000,0.4000000000,0.3000000000,3.0000000000,1.0000000000,101,110,100,112,103,113
4758,neighbor,False,MEMBER_FLEXURE,999999999.0000000000,8538.4189200000,0.2000000000,0.4000000000,0.3000000000,3.0000000000,1.0000000000,102,111,104,111,102,112
4759,neighbor,False,MINIMUM_MAIN_STEEL,999999999.0000000000,8538.4189200000,0.2000000000,0.4000000000,0.3000000000,3.0000000000,1.0000000000,100,113,103,113,103,111
4760,neighbor,False,MINIMUM_MAIN_STEEL,999999999.0000000000,8538.4189200000,0.2250000000,0.4000000000,0.3000000000,3.0000000000,1.0000000000,100,111,101,112,103,113
4761,neighbor,True,PASS_IMPLEMENTED_PROJECT_CHECKS,9154.1602400000,8538.4189200000,0.2000000000,0.4000000000,0.3000000000,3.0000000000,1.0000000000,101,110,101,112,104,111
4762,neighbor,True,PASS_IMPLEMENTED_PROJECT_CHECKS,8679.5576700000,8538.4189200000,0.2000000000,0.4000000000,0.3000000000,3.0000000000,1.0000000000,101,110,101,112,103,112
4763,neighbor,True,PASS_IMPLEMENTED_PROJECT_CHECKS,8713.7456400000,8538.4189200000,0.2000000000,0.4000000000,0.3000000000,3.0000000000,1.0000000000,101,110,101,110,103,113
4764,neighbor,False,MINIMUM_MAIN_STEEL,999999999.0000000000,8538.4189200000,0.2500000000,0.4000000000,0.3000000000,3.0000000000,1.0000000000,103,111,100,111,100,113
4765,neighbor,False,MAXIMUM_MAIN_STEEL,999999999.0000000000,8538.4189200000,0.2000000000,0.4000000000,0.3000000000,3.0000000000,0.8000000000,104,112,100,110,101,112
4766,neighbor,False,MINIMUM_MAIN_STEEL,999999999.0000000000,8538.4189200000,0.2000000000,0.4000000000,0.3000000000,3.0000000000,1.0000000000,102,110,103,111,100,112
4767,neighbor,False,MINIMUM_MAIN_STEEL,999999999.0000000000,8538.4189200000,0.2000000000,0.4000000000,0.3000000000,3.0000000000,0.9000000000,101,113,100,110,104,110
4768,neighbor,False,MEMBER_FLEXURE,999999999.0000000000,8538.4189200000,0.2000000000,0.4000000000,0.3000000000,3.0000000000,1.0000000000,101,110,101,112,101,111
4769,neighbor,False,MINIMUM_MAIN_STEEL,999999999.0000000000,8538.4189200000,0.2500000000,0.4000000000,0.3000000000,3.0000000000,0.8000000000,101,113,102,110,102,112
4770,neighbor,True,PASS_IMPLEMENTED_PROJECT_CHECKS,8560.3347600000,8538.4189200000,0.2000000000,0.4000000000,0.3000000000,3.0000000000,1.0000000000,101,110,100,110,103,113
4771,neighbor,False,MINIMUM_MAIN_STEEL,999999999.0000000000,8538.4189200000,0.2000000000,0.4000000000,0.3000000000,3.0000000000,1.0000000000,100,112,100,110,104,112
4772,neighbor,False,STEM_STRESS_OR_INTERVAL_BOUND,999999999.0000000000,8538.4189200000,0.2000000000,0.4000000000,0.3000000000,3.0000000000,1.0000000000,102,112,101,112,103,113
4773,neighbor,False,MINIMUM_MAIN_STEEL,999999999.0000000000,8538.4189200000,0.2500000000,0.4000000000,0.3000000000,3.0000000000,0.8000000000,100,111,101,112,104,110
4774,neighbor,False,MAXIMUM_MAIN_STEEL,999999999.0000000000,8538.4189200000,0.2250000000,0.4000000000,0.3000000000,3.0000000000,1.0000000000,103,110,100,110,104,113
4775,neighbor,False,STEM_STRESS_OR_INTERVAL_BOUND,999999999.0000000000,8538.4189200000,0.2000000000,0.4000000000,0.3000000000,3.0000000000,0.8000000000,102,112,101,112,103,110
4776,neighbor,False,MAXIMUM_MAIN_STEEL,999999999.0000000000,8538.4189200000,0.2000000000,0.4000000000,0.3000000000,3.0000000000,0.8000000000,104,110,103,113,101,111
4777,neighbor,False,STEM_STRESS_OR_INTERVAL_BOUND,999999999.0000000000,8538.4189200000,0.2000000000,0.4000000000,0.3000000000,3.0000000000,0.9000000000,101,111,103,110,103,110
4778,neighbor,False,MINIMUM_MAIN_STEEL,999999999.0000000000,8538.4189200000,0.2000000000,0.4000000000,0.3000000000,3.0000000000,1.0000000000,100,112,101,111,101,112
4779,neighbor,False,MEMBER_FLEXURE,999999999.0000000000,8538.4189200000,0.2250000000,0.4000000000,0.3000000000,3.0000000000,0.9000000000,104,112,101,110,102,112
4780,neighbor,True,PASS_IMPLEMENTED_PROJECT_CHECKS,8637.0402000000,8538.4189200000,0.2000000000,0.4000000000,0.3000000000,3.0000000000,1.0000000000,101,110,102,112,103,113
4781,neighbor,False,MEMBER_FLEXURE,999999999.0000000000,8538.4189200000,0.2500000000,0.4000000000,0.3000000000,3.0000000000,1.0000000000,101,110,101,112,103,113
4782,neighbor,True,PASS_IMPLEMENTED_PROJECT_CHECKS,9031.4868200000,8538.4189200000,0.2250000000,0.4000000000,0.3000000000,3.0000000000,1.0000000000,102,111,103,112,101,110
4783,neighbor,False,STEM_STRESS_OR_INTERVAL_BOUND,999999999.0000000000,8538.4189200000,0.2000000000,0.4000000000,0.3000000000,3.0000000000,1.0000000000,102,112,104,112,102,110
4784,neighbor,False,MAXIMUM_MAIN_STEEL,999999999.0000000000,8538.4189200000,0.2000000000,0.4000000000,0.3000000000,3.0000000000,1.0000000000,104,110,101,110,102,111
4785,neighbor,False,MINIMUM_MAIN_STEEL,999999999.0000000000,8538.4189200000,0.2250000000,0.4000000000,0.3000000000,3.0000000000,0.8000000000,103,110,104,111,100,113
4786,neighbor,False,STEM_STRESS_OR_INTERVAL_BOUND,999999999.0000000000,8538.4189200000,0.2250000000,0.4000000000,0.3000000000,3.0000000000,1.0000000000,102,113,101,111,100,110
4787,neighbor,False,MINIMUM_MAIN_STEEL,999999999.0000000000,8538.4189200000,0.2000000000,0.4000000000,0.3000000000,3.0000000000,0.9000000000,101,113,103,110,102,110
4788,neighbor,False,MINIMUM_MAIN_STEEL,999999999.0000000000,8538.4189200000,0.2500000000,0.4000000000,0.3000000000,3.0000000000,0.9000000000,100,111,104,112,100,113
4789,neighbor,False,MAXIMUM_MAIN_STEEL,999999999.0000000000,8538.4189200000,0.2000000000,0.4000000000,0.3000000000,3.0000000000,1.0000000000,103,110,101,112,103,113
4790,neighbor,False,MEMBER_FLEXURE,999999999.0000000000,8538.4189200000,0.2000000000,0.4000000000,0.3000000000,3.0000000000,1.0000000000,101,110,101,112,101,112
4791,neighbor,True,PASS_IMPLEMENTED_PROJECT_CHECKS,8560.3347600000,8538.4189200000,0.2000000000,0.4000000000,0.3000000000,3.0000000000,1.0000000000,101,110,100,110,103,113
4792,neighbor,False,MEMBER_FLEXURE,999999999.0000000000,8538.4189200000,0.2000000000,0.4000000000,0.3000000000,3.0000000000,1.0000000000,101,110,101,112,102,113
4793,neighbor,False,MAXIMUM_MAIN_STEEL,999999999.0000000000,8538.4189200000,0.2000000000,0.4000000000,0.3000000000,3.0000000000,0.9000000000,103,110,103,113,103,112
4794,neighbor,False,MINIMUM_MAIN_STEEL,999999999.0000000000,8538.4189200000,0.2000000000,0.4000000000,0.3000000000,3.0000000000,1.0000000000,100,112,102,111,102,110
4795,neighbor,False,MAXIMUM_MAIN_STEEL,999999999.0000000000,8538.4189200000,0.2500000000,0.4000000000,0.3000000000,3.0000000000,0.8000000000,104,111,103,111,104,111
4796,neighbor,False,MEMBER_FLEXURE,999999999.0000000000,8538.4189200000,0.2000000000,0.4000000000,0.3000000000,3.0000000000,1.0000000000,101,110,101,112,100,110
4797,neighbor,False,MINIMUM_MAIN_STEEL,999999999.0000000000,8538.4189200000,0.2500000000,0.4000000000,0.3000000000,3.0000000000,1.0000000000,104,113,104,110,100,113
4798,neighbor,False,STEM_STRESS_OR_INTERVAL_BOUND,999999999.0000000000,8538.4189200000,0.2000000000,0.4000000000,0.3000000000,3.0000000000,1.0000000000,102,112,101,111,104,110
4799,neighbor,True,PASS_IMPLEMENTED_PROJECT_CHECKS,9535.1207200000,8538.4189200000,0.2000000000,0.4000000000,0.3000000000,3.0000000000,0.9000000000,101,110,104,112,104,111
4800,neighbor,True,PASS_IMPLEMENTED_PROJECT_CHECKS,8610.4104800000,8538.4189200000,0.2000000000,0.4000000000,0.3000000000,3.0000000000,1.0000000000,101,110,101,111,101,110
4801,neighbor,True,PASS_IMPLEMENTED_PROJECT_CHECKS,8705.5272000000,8538.4189200000,0.2000000000,0.4000000000,0.3000000000,3.0000000000,1.0000000000,101,110,103,113,103,113
4802,neighbor,False,MEMBER_FLEXURE,999999999.0000000000,8538.4189200000,0.2000000000,0.4000000000,0.3000000000,3.0000000000,1.0000000000,101,110,101,112,101,111
4803,neighbor,False,MAXIMUM_MAIN_STEEL,999999999.0000000000,8538.4189200000,0.2000000000,0.4000000000,0.3000000000,3.0000000000,1.0000000000,102,110,104,110,101,113
4804,neighbor,True,PASS_IMPLEMENTED_PROJECT_CHECKS,8551.9682400000,8538.4189200000,0.2000000000,0.4000000000,0.3000000000,3.0000000000,1.0000000000,101,110,101,112,101,110
4805,neighbor,False,STEM_STRESS_OR_INTERVAL_BOUND,999999999.0000000000,8538.4189200000,0.2250000000,0.4000000000,0.3000000000,3.0000000000,1.0000000000,103,113,101,112,103,113
4806,neighbor,False,STEM_STRESS_OR_INTERVAL_BOUND,999999999.0000000000,8538.4189200000,0.2000000000,0.4000000000,0.3000000000,3.0000000000,0.9000000000,102,112,102,113,103,113
4807,neighbor,False,MAXIMUM_MAIN_STEEL,999999999.0000000000,8538.4189200000,0.2000000000,0.4000000000,0.3000000000,3.0000000000,1.0000000000,101,110,104,110,104,112
4808,neighbor,False,MAXIMUM_MAIN_STEEL,999999999.0000000000,8538.4189200000,0.2000000000,0.4000000000,0.3000000000,3.0000000000,1.0000000000,101,110,104,110,104,112
4809,neighbor,False,MINIMUM_MAIN_STEEL,999999999.0000000000,8538.4189200000,0.2000000000,0.4000000000,0.3000000000,3.0000000000,1.0000000000,100,110,103,112,101,110
4810,neighbor,True,PASS_IMPLEMENTED_PROJECT_CHECKS,8877.1519200000,8538.4189200000,0.2000000000,0.4000000000,0.3000000000,3.0000000000,1.0000000000,101,110,101,112,102,110
4811,neighbor,False,MINIMUM_MAIN_STEEL,999999999.0000000000,8538.4189200000,0.2000000000,0.4000000000,0.3000000000,3.0000000000,1.0000000000,100,110,101,112,103,113
4812,neighbor,False,MEMBER_FLEXURE,999999999.0000000000,8538.4189200000,0.2250000000,0.4000000000,0.3000000000,3.0000000000,1.0000000000,102,110,103,110,102,113
4813,neighbor,True,PASS_IMPLEMENTED_PROJECT_CHECKS,8705.5272000000,8538.4189200000,0.2000000000,0.4000000000,0.3000000000,3.0000000000,1.0000000000,101,110,103,113,103,113
4814,neighbor,True,PASS_IMPLEMENTED_PROJECT_CHECKS,8679.5576700000,8538.4189200000,0.2000000000,0.4000000000,0.3000000000,3.0000000000,1.0000000000,101,110,101,112,103,112
4815,neighbor,True,PASS_IMPLEMENTED_PROJECT_CHECKS,8582.2506000000,8538.4189200000,0.2000000000,0.4000000000,0.3000000000,3.0000000000,1.0000000000,101,110,102,113,103,113
4816,neighbor,False,STEM_STRESS_OR_INTERVAL_BOUND,999999999.0000000000,8538.4189200000,0.2000000000,0.4000000000,0.3000000000,3.0000000000,1.0000000000,102,113,101,112,103,113
4817,neighbor,False,MAXIMUM_MAIN_STEEL,999999999.0000000000,8538.4189200000,0.2000000000,0.4000000000,0.3000000000,3.0000000000,1.0000000000,104,112,101,112,103,113
4818,neighbor,False,MINIMUM_MAIN_STEEL,999999999.0000000000,8538.4189200000,0.2000000000,0.4000000000,0.3000000000,3.0000000000,1.0000000000,101,112,103,111,103,113
4819,neighbor,False,MINIMUM_MAIN_STEEL,999999999.0000000000,8538.4189200000,0.2500000000,0.4000000000,0.3000000000,3.0000000000,1.0000000000,102,110,103,112,100,113
4820,neighbor,True,PASS_IMPLEMENTED_PROJECT_CHECKS,8914.7889200000,8538.4189200000,0.2000000000,0.4000000000,0.3000000000,3.0000000000,1.0000000000,101,110,101,112,103,111
4821,neighbor,True,PASS_IMPLEMENTED_PROJECT_CHECKS,9967.8521900000,8538.4189200000,0.2250000000,0.4000000000,0.3000000000,3.0000000000,1.0000000000,103,111,101,110,103,113
4822,neighbor,True,PASS_IMPLEMENTED_PROJECT_CHECKS,10153.3717500000,8538.4189200000,0.2250000000,0.4000000000,0.3000000000,3.0000000000,1.0000000000,102,110,102,112,103,111
4823,neighbor,False,STEM_STRESS_OR_INTERVAL_BOUND,999999999.0000000000,8538.4189200000,0.2000000000,0.4000000000,0.3000000000,3.0000000000,1.0000000000,102,113,101,110,103,110
4824,neighbor,False,MINIMUM_MAIN_STEEL,999999999.0000000000,8538.4189200000,0.2250000000,0.4000000000,0.3000000000,3.0000000000,1.0000000000,101,113,100,112,101,112
4825,neighbor,False,MEMBER_FLEXURE,999999999.0000000000,8538.4189200000,0.2000000000,0.4000000000,0.3000000000,3.0000000000,1.0000000000,101,110,101,112,102,113
4826,neighbor,False,MINIMUM_MAIN_STEEL,999999999.0000000000,8538.4189200000,0.2500000000,0.4000000000,0.3000000000,3.0000000000,1.0000000000,100,111,103,112,103,113
4827,neighbor,False,STEM_STRESS_OR_INTERVAL_BOUND,999999999.0000000000,8538.4189200000,0.2000000000,0.4000000000,0.3000000000,3.0000000000,0.8000000000,102,112,101,113,101,110
4828,neighbor,True,PASS_IMPLEMENTED_PROJECT_CHECKS,9293.2011900000,8538.4189200000,0.2000000000,0.4000000000,0.3000000000,3.0000000000,1.0000000000,102,111,104,111,103,112
4829,neighbor,False,STEM_STRESS_OR_INTERVAL_BOUND,999999999.0000000000,8538.4189200000,0.2000000000,0.4000000000,0.3000000000,3.0000000000,1.0000000000,102,113,101,113,104,112
4830,neighbor,False,STEM_STRESS_OR_INTERVAL_BOUND,999999999.0000000000,8538.4189200000,0.2000000000,0.4000000000,0.3000000000,3.0000000000,0.8000000000,102,112,100,111,102,113
4831,neighbor,False,MINIMUM_MAIN_STEEL,999999999.0000000000,8538.4189200000,0.2000000000,0.4000000000,0.3000000000,3.0000000000,1.0000000000,101,112,104,110,100,110
4832,neighbor,True,PASS_IMPLEMENTED_PROJECT_CHECKS,9163.6497000000,8538.4189200000,0.2000000000,0.4000000000,0.3000000000,3.0000000000,0.9000000000,101,110,103,110,103,113
4833,neighbor,False,STEM_STRESS_OR_INTERVAL_BOUND,999999999.0000000000,8538.4189200000,0.2000000000,0.4000000000,0.3000000000,3.0000000000,0.8000000000,102,112,101,111,104,111
4834,neighbor,True,PASS_IMPLEMENTED_PROJECT_CHECKS,8925.3704700000,8538.4189200000,0.2000000000,0.4000000000,0.3000000000,3.0000000000,1.0000000000,103,112,101,112,103,113
4835,neighbor,True,PASS_IMPLEMENTED_PROJECT_CHECKS,9326.7598200000,8538.4189200000,0.2000000000,0.4000000000,0.3000000000,3.0000000000,1.0000000000,104,113,103,112,103,112
4836,neighbor,False,STEM_STRESS_OR_INTERVAL_BOUND,999999999.0000000000,8538.4189200000,0.2500000000,0.4000000000,0.3000000000,3.0000000000,0.8000000000,102,113,103,113,101,111
4837,neighbor,True,PASS_IMPLEMENTED_PROJECT_CHECKS,8765.2204700000,8538.4189200000,0.2250000000,0.4000000000,0.3000000000,3.0000000000,1.0000000000,102,111,101,112,103,113
4838,neighbor,False,MINIMUM_MAIN_STEEL,999999999.0000000000,8538.4189200000,0.2250000000,0.4000000000,0.3000000000,3.0000000000,0.8000000000,102,110,104,110,100,112
4839,neighbor,False,MAXIMUM_MAIN_STEEL,999999999.0000000000,8538.4189200000,0.2000000000,0.4000000000,0.3000000000,3.0000000000,0.9000000000,104,110,104,110,104,110
4840,neighbor,False,MEMBER_FLEXURE,999999999.0000000000,8538.4189200000,0.2000000000,0.4000000000,0.3000000000,3.0000000000,1.0000000000,101,110,101,112,101,111
4841,neighbor,True,PASS_IMPLEMENTED_PROJECT_CHECKS,8682.0417120000,8538.4189200000,0.2000000000,0.4000000000,0.3000000000,3.0000000000,1.0000000000,101,110,101,112,104,113
4842,neighbor,True,PASS_IMPLEMENTED_PROJECT_CHECKS,8813.5367520000,8538.4189200000,0.2000000000,0.4000000000,0.3000000000,3.0000000000,1.0000000000,102,111,101,111,104,113
4843,neighbor,False,MEMBER_FLEXURE,999999999.0000000000,8538.4189200000,0.2000000000,0.4000000000,0.3000000000,3.0000000000,1.0000000000,101,110,101,113,103,113
4844,neighbor,True,PASS_IMPLEMENTED_PROJECT_CHECKS,9219.1797000000,8538.4189200000,0.2000000000,0.4000000000,0.3000000000,3.0000000000,1.0000000000,101,110,103,110,103,113
4845,neighbor,False,MINIMUM_MAIN_STEEL,999999999.0000000000,8538.4189200000,0.2000000000,0.4000000000,0.3000000000,3.0000000000,0.8000000000,101,112,102,113,103,112
4846,neighbor,False,MINIMUM_MAIN_STEEL,999999999.0000000000,8538.4189200000,0.2500000000,0.4000000000,0.3000000000,3.0000000000,1.0000000000,104,112,104,110,100,113
4847,neighbor,False,MINIMUM_MAIN_STEEL,999999999.0000000000,8538.4189200000,0.2000000000,0.4000000000,0.3000000000,3.0000000000,0.8000000000,101,112,100,110,102,110
4848,neighbor,False,STEM_STRESS_OR_INTERVAL_BOUND,999999999.0000000000,8538.4189200000,0.2500000000,0.4000000000,0.3000000000,3.0000000000,1.0000000000,103,113,102,110,103,111
4849,neighbor,True,PASS_IMPLEMENTED_PROJECT_CHECKS,8910.9882000000,8538.4189200000,0.2000000000,0.4000000000,0.3000000000,3.0000000000,1.0000000000,101,110,102,110,103,113
4850,neighbor,True,PASS_IMPLEMENTED_PROJECT_CHECKS,9154.1602400000,8538.4189200000,0.2000000000,0.4000000000,0.3000000000,3.0000000000,1.0000000000,101,110,101,112,104,111
4851,neighbor,True,PASS_IMPLEMENTED_PROJECT_CHECKS,8582.2506000000,8538.4189200000,0.2000000000,0.4000000000,0.3000000000,3.0000000000,1.0000000000,101,110,102,113,103,113
4852,neighbor,False,MAXIMUM_MAIN_STEEL,999999999.0000000000,8538.4189200000,0.2000000000,0.4000000000,0.3000000000,3.0000000000,0.8000000000,102,110,100,111,102,111
4853,neighbor,False,MINIMUM_MAIN_STEEL,999999999.0000000000,8538.4189200000,0.2500000000,0.4000000000,0.3000000000,3.0000000000,1.0000000000,104,113,100,113,101,111
4854,neighbor,False,MINIMUM_MAIN_STEEL,999999999.0000000000,8538.4189200000,0.2000000000,0.4000000000,0.3000000000,3.0000000000,1.0000000000,100,110,101,112,103,113
4855,neighbor,False,MINIMUM_MAIN_STEEL,999999999.0000000000,8538.4189200000,0.2500000000,0.4000000000,0.3000000000,3.0000000000,0.9000000000,100,112,104,111,101,113
4856,neighbor,True,PASS_IMPLEMENTED_PROJECT_CHECKS,8859.0861600000,8538.4189200000,0.2000000000,0.4000000000,0.3000000000,3.0000000000,1.0000000000,101,110,101,112,104,112
4857,neighbor,False,MAXIMUM_MAIN_STEEL,999999999.0000000000,8538.4189200000,0.2000000000,0.4000000000,0.3000000000,3.0000000000,0.8000000000,102,110,104,113,101,113
4858,neighbor,False,MINIMUM_MAIN_STEEL,999999999.0000000000,8538.4189200000,0.2000000000,0.4000000000,0.3000000000,3.0000000000,1.0000000000,100,111,102,111,100,110
4859,neighbor,False,MINIMUM_MAIN_STEEL,999999999.0000000000,8538.4189200000,0.2000000000,0.4000000000,0.3000000000,3.0000000000,0.8000000000,102,112,101,113,100,112
4860,neighbor,False,MEMBER_FLEXURE,999999999.0000000000,8538.4189200000,0.2000000000,0.4000000000,0.3000000000,3.0000000000,1.0000000000,101,110,101,112,100,111
4861,neighbor,False,MINIMUM_MAIN_STEEL,999999999.0000000000,8538.4189200000,0.2000000000,0.4000000000,0.3000000000,3.0000000000,0.8000000000,100,112,101,113,102,110
4862,neighbor,False,STEM_STRESS_OR_INTERVAL_BOUND,999999999.0000000000,8538.4189200000,0.2000000000,0.4000000000,0.3000000000,3.0000000000,1.0000000000,102,112,101,110,101,112
4863,neighbor,False,STEM_STRESS_OR_INTERVAL_BOUND,999999999.0000000000,8538.4189200000,0.2000000000,0.4000000000,0.3000000000,3.0000000000,1.0000000000,102,112,101,112,103,113
4864,neighbor,True,PASS_IMPLEMENTED_PROJECT_CHECKS,8576.0559200000,8538.4189200000,0.2000000000,0.4000000000,0.3000000000,3.0000000000,1.0000000000,101,110,101,112,102,111
4865,neighbor,False,MAXIMUM_MAIN_STEEL,999999999.0000000000,8538.4189200000,0.2000000000,0.4000000000,0.3000000000,3.0000000000,1.0000000000,104,110,101,112,103,113
4866,neighbor,False,MEMBER_FLEXURE,999999999.0000000000,8538.4189200000,0.2000000000,0.4000000000,0.3000000000,3.0000000000,1.0000000000,101,110,101,112,101,113
4867,neighbor,False,MINIMUM_MAIN_STEEL,999999999.0000000000,8538.4189200000,0.2000000000,0.4000000000,0.3000000000,3.0000000000,1.0000000000,101,110,100,113,103,113
4868,neighbor,False,MINIMUM_MAIN_STEEL,999999999.0000000000,8538.4189200000,0.2000000000,0.4000000000,0.3000000000,3.0000000000,1.0000000000,100,113,101,112,103,113
4869,neighbor,True,PASS_IMPLEMENTED_PROJECT_CHECKS,10627.0350000000,8538.4189200000,0.2500000000,0.4000000000,0.3000000000,3.0000000000,1.0000000000,103,111,103,110,103,113
4870,neighbor,False,MINIMUM_MAIN_STEEL,999999999.0000000000,8538.4189200000,0.2000000000,0.4000000000,0.3000000000,3.0000000000,1.0000000000,100,110,101,112,103,113
4871,neighbor,False,MINIMUM_MAIN_STEEL,999999999.0000000000,8538.4189200000,0.2000000000,0.4000000000,0.3000000000,3.0000000000,1.0000000000,100,110,102,111,102,112
4872,neighbor,True,PASS_IMPLEMENTED_PROJECT_CHECKS,8914.7889200000,8538.4189200000,0.2000000000,0.4000000000,0.3000000000,3.0000000000,1.0000000000,101,110,101,112,103,111
4873,neighbor,False,MEMBER_FLEXURE,999999999.0000000000,8538.4189200000,0.2500000000,0.4000000000,0.3000000000,3.0000000000,0.9000000000,102,111,101,111,102,112
4874,neighbor,False,MINIMUM_MAIN_STEEL,999999999.0000000000,8538.4189200000,0.2250000000,0.4000000000,0.3000000000,3.0000000000,1.0000000000,104,111,100,113,103,113
4875,neighbor,True,PASS_IMPLEMENTED_PROJECT_CHECKS,8682.0417120000,8538.4189200000,0.2000000000,0.4000000000,0.3000000000,3.0000000000,1.0000000000,101,110,101,112,104,113
4876,neighbor,False,STEM_STRESS_OR_INTERVAL_BOUND,999999999.0000000000,8538.4189200000,0.2500000000,0.4000000000,0.3000000000,3.0000000000,1.0000000000,102,112,104,113,103,112
4877,neighbor,True,PASS_IMPLEMENTED_PROJECT_CHECKS,8560.3347600000,8538.4189200000,0.2000000000,0.4000000000,0.3000000000,3.0000000000,1.0000000000,101,110,100,110,103,113
4878,neighbor,True,PASS_IMPLEMENTED_PROJECT_CHECKS,9215.3775000000,8538.4189200000,0.2250000000,0.4000000000,0.3000000000,3.0000000000,1.0000000000,103,112,102,112,102,111
4879,neighbor,True,PASS_IMPLEMENTED_PROJECT_CHECKS,9759.8800000000,8538.4189200000,0.2250000000,0.4000000000,0.3000000000,3.0000000000,1.0000000000,103,112,103,110,103,113
4880,neighbor,False,MEMBER_FLEXURE,999999999.0000000000,8538.4189200000,0.2500000000,0.4000000000,0.3000000000,3.0000000000,1.0000000000,104,113,101,112,103,113
4881,neighbor,False,STEM_STRESS_OR_INTERVAL_BOUND,999999999.0000000000,8538.4189200000,0.2000000000,0.4000000000,0.3000000000,3.0000000000,0.8000000000,101,111,102,112,103,113
4882,neighbor,False,MINIMUM_MAIN_STEEL,999999999.0000000000,8538.4189200000,0.2500000000,0.4000000000,0.3000000000,3.0000000000,0.9000000000,100,111,102,110,103,112
4883,neighbor,False,MEMBER_FLEXURE,999999999.0000000000,8538.4189200000,0.2500000000,0.4000000000,0.3000000000,3.0000000000,1.0000000000,102,110,101,112,103,113
4884,neighbor,False,MEMBER_FLEXURE,999999999.0000000000,8538.4189200000,0.2500000000,0.4000000000,0.3000000000,3.0000000000,1.0000000000,104,113,102,113,102,113
4885,neighbor,False,MINIMUM_MAIN_STEEL,999999999.0000000000,8538.4189200000,0.2000000000,0.4000000000,0.3000000000,3.0000000000,0.8000000000,101,112,104,113,100,110
4886,neighbor,False,MINIMUM_MAIN_STEEL,999999999.0000000000,8538.4189200000,0.2000000000,0.4000000000,0.3000000000,3.0000000000,0.8000000000,101,113,101,113,104,110
4887,neighbor,False,STEM_STRESS_OR_INTERVAL_BOUND,999999999.0000000000,8538.4189200000,0.2000000000,0.4000000000,0.3000000000,3.0000000000,1.0000000000,101,111,101,112,103,113
4888,neighbor,True,PASS_IMPLEMENTED_PROJECT_CHECKS,9079.1192200000,8538.4189200000,0.2250000000,0.4000000000,0.3000000000,3.0000000000,1.0000000000,103,112,101,112,103,113
4889,neighbor,False,MINIMUM_MAIN_STEEL,999999999.0000000000,8538.4189200000,0.2000000000,0.4000000000,0.3000000000,3.0000000000,1.0000000000,101,110,101,113,100,113
4890,neighbor,False,STEM_STRESS_OR_INTERVAL_BOUND,999999999.0000000000,8538.4189200000,0.2000000000,0.4000000000,0.3000000000,3.0000000000,1.0000000000,102,113,104,110,103,112
4891,neighbor,False,MEMBER_FLEXURE,999999999.0000000000,8538.4189200000,0.2000000000,0.4000000000,0.3000000000,3.0000000000,1.0000000000,101,110,101,112,101,113
4892,neighbor,False,STEM_STRESS_OR_INTERVAL_BOUND,999999999.0000000000,8538.4189200000,0.2000000000,0.4000000000,0.3000000000,3.0000000000,0.8000000000,102,112,103,112,104,110
4893,neighbor,True,PASS_IMPLEMENTED_PROJECT_CHECKS,9169.0126640000,8538.4189200000,0.2000000000,0.4000000000,0.3000000000,3.0000000000,1.0000000000,101,110,104,113,103,111
4894,neighbor,False,MAXIMUM_MAIN_STEEL,999999999.0000000000,8538.4189200000,0.2000000000,0.4000000000,0.3000000000,3.0000000000,1.0000000000,101,110,104,110,103,113
4895,neighbor,False,MAXIMUM_MAIN_STEEL,999999999.0000000000,8538.4189200000,0.2000000000,0.4000000000,0.3000000000,3.0000000000,1.0000000000,103,110,101,112,103,113
4896,neighbor,True,PASS_IMPLEMENTED_PROJECT_CHECKS,8879.6369500000,8538.4189200000,0.2250000000,0.4000000000,0.3000000000,3.0000000000,0.9000000000,101,110,102,111,103,113
4897,neighbor,False,MEMBER_FLEXURE,999999999.0000000000,8538.4189200000,0.2250000000,0.4000000000,0.3000000000,3.0000000000,1.0000000000,103,111,103,110,102,112
4898,neighbor,True,PASS_IMPLEMENTED_PROJECT_CHECKS,9154.1602400000,8538.4189200000,0.2000000000,0.4000000000,0.3000000000,3.0000000000,1.0000000000,101,110,101,112,104,111
4899,neighbor,False,MINIMUM_MAIN_STEEL,999999999.0000000000,8538.4189200000,0.2000000000,0.4000000000,0.3000000000,3.0000000000,0.8000000000,101,112,101,113,101,112
4900,neighbor,True,PASS_IMPLEMENTED_PROJECT_CHECKS,8914.7889200000,8538.4189200000,0.2000000000,0.4000000000,0.3000000000,3.0000000000,1.0000000000,101,110,101,112,103,111
4901,neighbor,True,PASS_IMPLEMENTED_PROJECT_CHECKS,8582.2506000000,8538.4189200000,0.2000000000,0.4000000000,0.3000000000,3.0000000000,1.0000000000,101,110,102,113,103,113
4902,neighbor,False,MEMBER_FLEXURE,999999999.0000000000,8538.4189200000,0.2000000000,0.4000000000,0.3000000000,3.0000000000,0.9000000000,101,110,101,111,101,111
4903,neighbor,True,PASS_IMPLEMENTED_PROJECT_CHECKS,9385.2514200000,8538.4189200000,0.2000000000,0.4000000000,0.3000000000,3.0000000000,1.0000000000,101,110,101,112,103,110
4904,neighbor,True,PASS_IMPLEMENTED_PROJECT_CHECKS,9399.6768800000,8538.4189200000,0.2000000000,0.4000000000,0.3000000000,3.0000000000,1.0000000000,101,110,104,111,104,112
4905,neighbor,False,MEMBER_FLEXURE,999999999.0000000000,8538.4189200000,0.2000000000,0.4000000000,0.3000000000,3.0000000000,1.0000000000,101,110,104,113,100,110
4906,neighbor,False,STEM_STRESS_OR_INTERVAL_BOUND,999999999.0000000000,8538.4189200000,0.2000000000,0.4000000000,0.3000000000,3.0000000000,1.0000000000,102,113,102,112,103,110
4907,neighbor,True,PASS_IMPLEMENTED_PROJECT_CHECKS,8679.5576700000,8538.4189200000,0.2000000000,0.4000000000,0.3000000000,3.0000000000,1.0000000000,101,110,101,112,103,112
4908,neighbor,True,PASS_IMPLEMENTED_PROJECT_CHECKS,8877.1519200000,8538.4189200000,0.2000000000,0.4000000000,0.3000000000,3.0000000000,1.0000000000,101,110,101,112,102,110
4909,neighbor,False,MAXIMUM_MAIN_STEEL,999999999.0000000000,8538.4189200000,0.2000000000,0.4000000000,0.3000000000,3.0000000000,1.0000000000,101,110,101,111,104,110
4910,neighbor,False,MINIMUM_MAIN_STEEL,999999999.0000000000,8538.4189200000,0.2000000000,0.4000000000,0.3000000000,3.0000000000,1.0000000000,100,112,102,111,104,113
4911,neighbor,False,MINIMUM_MAIN_STEEL,999999999.0000000000,8538.4189200000,0.2500000000,0.4000000000,0.3000000000,3.0000000000,1.0000000000,101,110,102,110,100,113
4912,neighbor,False,STEM_STRESS_OR_INTERVAL_BOUND,999999999.0000000000,8538.4189200000,0.2500000000,0.4000000000,0.3000000000,3.0000000000,1.0000000000,103,113,102,112,102,113
4913,neighbor,False,MINIMUM_MAIN_STEEL,999999999.0000000000,8538.4189200000,0.2000000000,0.4000000000,0.3000000000,3.0000000000,1.0000000000,100,112,103,110,101,112
4914,neighbor,False,MAXIMUM_MAIN_STEEL,999999999.0000000000,8538.4189200000,0.2250000000,0.4000000000,0.3000000000,3.0000000000,0.9000000000,104,111,104,111,102,112
4915,neighbor,True,PASS_IMPLEMENTED_PROJECT_CHECKS,9026.2129500000,8538.4189200000,0.2000000000,0.4000000000,0.3000000000,3.0000000000,0.8000000000,101,110,102,110,103,112
4916,neighbor,False,MINIMUM_MAIN_STEEL,999999999.0000000000,8538.4189200000,0.2000000000,0.4000000000,0.3000000000,3.0000000000,1.0000000000,100,111,101,112,103,113
4917,neighbor,False,MINIMUM_MAIN_STEEL,999999999.0000000000,8538.4189200000,0.2000000000,0.4000000000,0.3000000000,3.0000000000,1.0000000000,100,113,101,112,103,113
4918,neighbor,True,PASS_IMPLEMENTED_PROJECT_CHECKS,8637.0402000000,8538.4189200000,0.2000000000,0.4000000000,0.3000000000,3.0000000000,1.0000000000,101,110,102,112,103,113
4919,neighbor,False,MINIMUM_MAIN_STEEL,999999999.0000000000,8538.4189200000,0.2000000000,0.4000000000,0.3000000000,3.0000000000,1.0000000000,100,111,101,112,103,113
4920,neighbor,False,MINIMUM_MAIN_STEEL,999999999.0000000000,8538.4189200000,0.2250000000,0.4000000000,0.3000000000,3.0000000000,1.0000000000,100,112,100,113,103,113
4921,neighbor,False,MAXIMUM_MAIN_STEEL,999999999.0000000000,8538.4189200000,0.2000000000,0.4000000000,0.3000000000,3.0000000000,1.0000000000,102,110,101,112,103,113
4922,neighbor,False,MAXIMUM_MAIN_STEEL,999999999.0000000000,8538.4189200000,0.2000000000,0.4000000000,0.3000000000,3.0000000000,1.0000000000,104,113,104,110,102,111
4923,neighbor,True,PASS_IMPLEMENTED_PROJECT_CHECKS,8611.4717200000,8538.4189200000,0.2000000000,0.4000000000,0.3000000000,3.0000000000,1.0000000000,102,111,101,112,103,113
4924,neighbor,False,MINIMUM_MAIN_STEEL,999999999.0000000000,8538.4189200000,0.2250000000,0.4000000000,0.3000000000,3.0000000000,1.0000000000,101,112,102,112,102,113
4925,neighbor,False,MINIMUM_MAIN_STEEL,999999999.0000000000,8538.4189200000,0.2000000000,0.4000000000,0.3000000000,3.0000000000,0.8000000000,101,110,100,113,104,113
4926,neighbor,False,MINIMUM_MAIN_STEEL,999999999.0000000000,8538.4189200000,0.2500000000,0.4000000000,0.3000000000,3.0000000000,1.0000000000,100,112,103,110,102,113
4927,neighbor,False,MINIMUM_MAIN_STEEL,999999999.0000000000,8538.4189200000,0.2000000000,0.4000000000,0.3000000000,3.0000000000,0.8000000000,100,111,103,110,103,110
4928,neighbor,False,MAXIMUM_MAIN_STEEL,999999999.0000000000,8538.4189200000,0.2000000000,0.4000000000,0.3000000000,3.0000000000,0.8000000000,104,111,104,112,101,111
4929,neighbor,False,MINIMUM_MAIN_STEEL,999999999.0000000000,8538.4189200000,0.2000000000,0.4000000000,0.3000000000,3.0000000000,1.0000000000,100,113,101,112,103,113
4930,neighbor,True,PASS_IMPLEMENTED_PROJECT_CHECKS,9086.6527900000,8538.4189200000,0.2250000000,0.4000000000,0.3000000000,3.0000000000,1.0000000000,104,113,101,112,103,113
4931,neighbor,False,MINIMUM_MAIN_STEEL,999999999.0000000000,8538.4189200000,0.2500000000,0.4000000000,0.3000000000,3.0000000000,1.0000000000,101,112,102,111,101,113
4932,neighbor,False,MINIMUM_MAIN_STEEL,999999999.0000000000,8538.4189200000,0.2000000000,0.4000000000,0.3000000000,3.0000000000,1.0000000000,101,111,100,113,100,112
4933,neighbor,False,MEMBER_FLEXURE,999999999.0000000000,8538.4189200000,0.2250000000,0.4000000000,0.3000000000,3.0000000000,1.0000000000,102,110,101,110,102,113
4934,neighbor,False,MINIMUM_MAIN_STEEL,999999999.0000000000,8538.4189200000,0.2000000000,0.4000000000,0.3000000000,3.0000000000,1.0000000000,101,110,101,112,100,112
4935,neighbor,False,MINIMUM_MAIN_STEEL,999999999.0000000000,8538.4189200000,0.2250000000,0.4000000000,0.3000000000,3.0000000000,1.0000000000,100,112,101,111,103,112
4936,neighbor,False,MINIMUM_MAIN_STEEL,999999999.0000000000,8538.4189200000,0.2000000000,0.4000000000,0.3000000000,3.0000000000,0.8000000000,101,112,100,113,104,112
4937,neighbor,True,PASS_IMPLEMENTED_PROJECT_CHECKS,9067.5828000000,8538.4189200000,0.2000000000,0.4000000000,0.3000000000,3.0000000000,0.9000000000,101,110,102,111,104,112
4938,neighbor,False,MINIMUM_MAIN_STEEL,999999999.0000000000,8538.4189200000,0.2000000000,0.4000000000,0.3000000000,3.0000000000,0.9000000000,101,113,103,111,104,113
4939,neighbor,True,PASS_IMPLEMENTED_PROJECT_CHECKS,9407.1672600000,8538.4189200000,0.2000000000,0.4000000000,0.3000000000,3.0000000000,1.0000000000,101,110,100,110,103,110
4940,neighbor,False,MINIMUM_MAIN_STEEL,999999999.0000000000,8538.4189200000,0.2000000000,0.4000000000,0.3000000000,3.0000000000,0.8000000000,102,111,104,111,100,113
4941,neighbor,False,MINIMUM_MAIN_STEEL,999999999.0000000000,8538.4189200000,0.2000000000,0.4000000000,0.3000000000,3.0000000000,0.9000000000,101,110,100,113,101,111
4942,neighbor,False,MAXIMUM_MAIN_STEEL,999999999.0000000000,8538.4189200000,0.2000000000,0.4000000000,0.3000000000,3.0000000000,1.0000000000,103,110,101,112,103,113
4943,neighbor,False,MINIMUM_MAIN_STEEL,999999999.0000000000,8538.4189200000,0.2000000000,0.4000000000,0.3000000000,3.0000000000,1.0000000000,100,111,101,112,103,113
4944,neighbor,True,PASS_IMPLEMENTED_PROJECT_CHECKS,9249.7212000000,8538.4189200000,0.2000000000,0.4000000000,0.3000000000,3.0000000000,0.8000000000,101,110,102,110,102,110
4945,neighbor,False,STEM_STRESS_OR_INTERVAL_BOUND,999999999.0000000000,8538.4189200000,0.2250000000,0.4000000000,0.3000000000,3.0000000000,1.0000000000,101,111,102,110,102,112
4946,neighbor,True,PASS_IMPLEMENTED_PROJECT_CHECKS,9419.3006900000,8538.4189200000,0.2500000000,0.4000000000,0.3000000000,3.0000000000,1.0000000000,101,110,103,112,104,112
4947,neighbor,False,MAXIMUM_MAIN_STEEL,999999999.0000000000,8538.4189200000,0.2000000000,0.4000000000,0.3000000000,3.0000000000,1.0000000000,104,112,103,111,100,111
4948,neighbor,False,STEM_STRESS_OR_INTERVAL_BOUND,999999999.0000000000,8538.4189200000,0.2000000000,0.4000000000,0.3000000000,3.0000000000,0.8000000000,102,112,101,112,103,111
4949,neighbor,False,MINIMUM_MAIN_STEEL,999999999.0000000000,8538.4189200000,0.2000000000,0.4000000000,0.3000000000,3.0000000000,1.0000000000,101,110,100,113,103,113
4950,neighbor,True,PASS_IMPLEMENTED_PROJECT_CHECKS,8611.4717200000,8538.4189200000,0.2000000000,0.4000000000,0.3000000000,3.0000000000,1.0000000000,102,111,101,112,103,113
4951,neighbor,False,STEM_STRESS_OR_INTERVAL_BOUND,999999999.0000000000,8538.4189200000,0.2000000000,0.4000000000,0.3000000000,3.0000000000,1.0000000000,102,112,103,110,104,110
4952,neighbor,False,MINIMUM_MAIN_STEEL,999999999.0000000000,8538.4189200000,0.2000000000,0.4000000000,0.3000000000,3.0000000000,1.0000000000,101,113,102,111,104,111
4953,neighbor,False,MINIMUM_MAIN_STEEL,999999999.0000000000,8538.4189200000,0.2250000000,0.4000000000,0.3000000000,3.0000000000,0.9000000000,104,112,100,112,100,110
4954,neighbor,True,PASS_IMPLEMENTED_PROJECT_CHECKS,8611.4717200000,8538.4189200000,0.2000000000,0.4000000000,0.3000000000,3.0000000000,1.0000000000,102,111,101,112,103,113
4955,neighbor,False,MAXIMUM_MAIN_STEEL,999999999.0000000000,8538.4189200000,0.2500000000,0.4000000000,0.3000000000,3.0000000000,1.0000000000,102,110,104,110,104,111
4956,neighbor,False,MAXIMUM_MAIN_STEEL,999999999.0000000000,8538.4189200000,0.2000000000,0.4000000000,0.3000000000,3.0000000000,0.8000000000,102,110,101,112,102,110
4957,neighbor,False,MINIMUM_MAIN_STEEL,999999999.0000000000,8538.4189200000,0.2250000000,0.4000000000,0.3000000000,3.0000000000,1.0000000000,104,112,100,113,104,111
4958,neighbor,False,MINIMUM_MAIN_STEEL,999999999.0000000000,8538.4189200000,0.2000000000,0.4000000000,0.3000000000,3.0000000000,1.0000000000,103,111,104,113,100,113
4959,neighbor,False,MAXIMUM_MAIN_STEEL,999999999.0000000000,8538.4189200000,0.2000000000,0.4000000000,0.3000000000,3.0000000000,1.0000000000,103,110,103,111,103,113
4960,neighbor,False,MINIMUM_MAIN_STEEL,999999999.0000000000,8538.4189200000,0.2500000000,0.4000000000,0.3000000000,3.0000000000,0.8000000000,103,113,100,113,100,112
4961,neighbor,True,PASS_IMPLEMENTED_PROJECT_CHECKS,8877.1519200000,8538.4189200000,0.2000000000,0.4000000000,0.3000000000,3.0000000000,1.0000000000,101,110,101,112,102,110
4962,neighbor,True,PASS_IMPLEMENTED_PROJECT_CHECKS,8596.8611600000,8538.4189200000,0.2000000000,0.4000000000,0.3000000000,3.0000000000,1.0000000000,101,110,101,111,103,113
4963,neighbor,False,MINIMUM_MAIN_STEEL,999999999.0000000000,8538.4189200000,0.2500000000,0.4000000000,0.3000000000,3.0000000000,1.0000000000,100,110,100,113,102,112
4964,neighbor,False,MEMBER_FLEXURE,999999999.0000000000,8538.4189200000,0.2000000000,0.4000000000,0.3000000000,3.0000000000,1.0000000000,101,110,103,110,102,113
4965,neighbor,False,MEMBER_FLEXURE,999999999.0000000000,8538.4189200000,0.2000000000,0.4000000000,0.3000000000,3.0000000000,1.0000000000,101,110,101,113,103,113
4966,neighbor,False,STEM_STRESS_OR_INTERVAL_BOUND,999999999.0000000000,8538.4189200000,0.2000000000,0.4000000000,0.3000000000,3.0000000000,1.0000000000,102,113,101,112,103,113
4967,neighbor,False,MINIMUM_MAIN_STEEL,999999999.0000000000,8538.4189200000,0.2000000000,0.4000000000,0.3000000000,3.0000000000,0.9000000000,100,110,102,113,101,110
4968,neighbor,False,MINIMUM_MAIN_STEEL,999999999.0000000000,8538.4189200000,0.2500000000,0.4000000000,0.3000000000,3.0000000000,1.0000000000,100,110,101,112,103,113
4969,neighbor,False,MINIMUM_MAIN_STEEL,999999999.0000000000,8538.4189200000,0.2000000000,0.4000000000,0.3000000000,3.0000000000,0.9000000000,101,112,104,111,103,113
4970,neighbor,False,MEMBER_FLEXURE,999999999.0000000000,8538.4189200000,0.2000000000,0.4000000000,0.3000000000,3.0000000000,1.0000000000,101,110,101,112,101,112
4971,neighbor,False,STEM_STRESS_OR_INTERVAL_BOUND,999999999.0000000000,8538.4189200000,0.2500000000,0.4000000000,0.3000000000,3.0000000000,0.8000000000,102,113,101,111,101,111
4972,neighbor,False,MEMBER_FLEXURE,999999999.0000000000,8538.4189200000,0.2000000000,0.4000000000,0.3000000000,3.0000000000,1.0000000000,104,113,104,112,101,113
4973,neighbor,False,MEMBER_FLEXURE,999999999.0000000000,8538.4189200000,0.2000000000,0.4000000000,0.3000000000,3.0000000000,1.0000000000,101,110,101,112,101,111
4974,neighbor,True,PASS_IMPLEMENTED_PROJECT_CHECKS,8538.4189200000,8538.4189200000,0.2000000000,0.4000000000,0.3000000000,3.0000000000,1.0000000000,101,110,101,112,103,113
4975,neighbor,False,MAXIMUM_MAIN_STEEL,999999999.0000000000,8538.4189200000,0.2250000000,0.4000000000,0.3000000000,3.0000000000,1.0000000000,104,111,104,110,101,112
4976,neighbor,True,PASS_IMPLEMENTED_PROJECT_CHECKS,9385.2514200000,8538.4189200000,0.2000000000,0.4000000000,0.3000000000,3.0000000000,1.0000000000,101,110,101,112,103,110
4977,neighbor,False,MINIMUM_MAIN_STEEL,999999999.0000000000,8538.4189200000,0.2000000000,0.4000000000,0.3000000000,3.0000000000,1.0000000000,101,112,103,110,100,113
4978,neighbor,False,STEM_STRESS_OR_INTERVAL_BOUND,999999999.0000000000,8538.4189200000,0.2250000000,0.4000000000,0.3000000000,3.0000000000,1.0000000000,102,113,101,112,100,111
4979,neighbor,False,MEMBER_FLEXURE,999999999.0000000000,8538.4189200000,0.2000000000,0.4000000000,0.3000000000,3.0000000000,1.0000000000,101,110,101,112,101,111
4980,neighbor,False,MINIMUM_MAIN_STEEL,999999999.0000000000,8538.4189200000,0.2500000000,0.4000000000,0.3000000000,3.0000000000,1.0000000000,100,113,100,113,104,113
4981,neighbor,True,PASS_IMPLEMENTED_PROJECT_CHECKS,8582.2506000000,8538.4189200000,0.2000000000,0.4000000000,0.3000000000,3.0000000000,1.0000000000,101,110,102,113,103,113
4982,neighbor,False,MAXIMUM_MAIN_STEEL,999999999.0000000000,8538.4189200000,0.2000000000,0.4000000000,0.3000000000,3.0000000000,0.8000000000,101,110,102,113,104,110
4983,neighbor,False,MINIMUM_MAIN_STEEL,999999999.0000000000,8538.4189200000,0.2500000000,0.4000000000,0.3000000000,3.0000000000,0.8000000000,103,113,102,111,100,112
4984,neighbor,False,MEMBER_FLEXURE,999999999.0000000000,8538.4189200000,0.2000000000,0.4000000000,0.3000000000,3.0000000000,1.0000000000,101,110,100,110,100,110
4985,neighbor,False,MINIMUM_MAIN_STEEL,999999999.0000000000,8538.4189200000,0.2000000000,0.4000000000,0.3000000000,3.0000000000,1.0000000000,100,110,100,112,101,112
4986,neighbor,False,STEM_STRESS_OR_INTERVAL_BOUND,999999999.0000000000,8538.4189200000,0.2250000000,0.4000000000,0.3000000000,3.0000000000,1.0000000000,101,111,103,113,103,112
4987,neighbor,False,MEMBER_FLEXURE,999999999.0000000000,8538.4189200000,0.2000000000,0.4000000000,0.3000000000,3.0000000000,1.0000000000,104,113,104,112,101,113
4988,neighbor,False,MEMBER_FLEXURE,999999999.0000000000,8538.4189200000,0.2500000000,0.4000000000,0.3000000000,3.0000000000,1.0000000000,102,110,104,113,101,111
4989,neighbor,False,MINIMUM_MAIN_STEEL,999999999.0000000000,8538.4189200000,0.2000000000,0.4000000000,0.3000000000,3.0000000000,1.0000000000,101,112,101,112,103,113
4990,neighbor,False,STEM_STRESS_OR_INTERVAL_BOUND,999999999.0000000000,8538.4189200000,0.2000000000,0.4000000000,0.3000000000,3.0000000000,1.0000000000,101,111,102,113,103,112
4991,neighbor,False,MINIMUM_MAIN_STEEL,999999999.0000000000,8538.4189200000,0.2000000000,0.4000000000,0.3000000000,3.0000000000,0.9000000000,101,113,103,111,103,113
4992,neighbor,True,PASS_IMPLEMENTED_PROJECT_CHECKS,9623.5908700000,8538.4189200000,0.2250000000,0.4000000000,0.3000000000,3.0000000000,1.0000000000,104,112,101,112,103,113
4993,neighbor,False,MINIMUM_MAIN_STEEL,999999999.0000000000,8538.4189200000,0.2500000000,0.4000000000,0.3000000000,3.0000000000,1.0000000000,100,113,101,112,101,112
4994,neighbor,True,PASS_IMPLEMENTED_PROJECT_CHECKS,8932.9040400000,8538.4189200000,0.2000000000,0.4000000000,0.3000000000,3.0000000000,1.0000000000,104,113,101,112,103,113
4995,neighbor,False,MAXIMUM_MAIN_STEEL,999999999.0000000000,8538.4189200000,0.2500000000,0.4000000000,0.3000000000,3.0000000000,1.0000000000,104,110,103,113,102,111
4996,neighbor,False,MINIMUM_MAIN_STEEL,999999999.0000000000,8538.4189200000,0.2500000000,0.4000000000,0.3000000000,3.0000000000,1.0000000000,103,111,104,113,100,112
4997,neighbor,False,MINIMUM_MAIN_STEEL,999999999.0000000000,8538.4189200000,0.2000000000,0.4000000000,0.3000000000,3.0000000000,1.0000000000,101,113,102,111,101,110
4998,neighbor,False,MEMBER_FLEXURE,999999999.0000000000,8538.4189200000,0.2500000000,0.4000000000,0.3000000000,3.0000000000,1.0000000000,103,112,101,112,103,113
4999,neighbor,True,PASS_IMPLEMENTED_PROJECT_CHECKS,8679.5576700000,8538.4189200000,0.2000000000,0.4000000000,0.3000000000,3.0000000000,1.0000000000,101,110,101,112,103,112
5000,neighbor,False,MEMBER_FLEXURE,999999999.0000000000,8538.4189200000,0.2000000000,0.4000000000,0.3000000000,3.0000000000,1.0000000000,101,110,103,110,102,112
